origin_trading_day,rows,baseline_loss,candidate_loss,loss_delta_baseline_minus_candidate
2020-05-04,409,2.453324019103362,2.0896934172270702,0.3636306018762914
2020-05-05,399,2.3159271578026903,1.9268917509690462,0.3890354068336441
2020-05-06,396,2.547747625330325,2.13740693025757,0.41034069507275495
2020-05-07,401,2.250488134825675,1.8268469351582806,0.42364119966739433
2020-05-08,403,2.160689330145007,1.7468850962002733,0.4138042339447332
2020-05-11,401,2.465576493749814,2.043060931717936,0.4225155620318783
2020-05-12,400,3.343640562517836,2.9285330031552683,0.4151075593625679
2020-05-13,392,3.720638907718528,3.322743797297649,0.39789511042087966
2020-05-14,393,3.272303949906128,2.8642458215071143,0.4080581283990136
2020-05-15,399,3.5296865854815827,3.113607810611242,0.41607877487034034
2020-05-18,396,2.681084051878998,2.222027877411498,0.4590561744675
2020-05-19,402,3.4564349198045963,3.0107511756003267,0.4456837442042698
2020-05-20,395,3.2181591700026835,2.7510783753197194,0.46708079468296354
2020-05-21,401,4.038454654426249,3.615193566951306,0.4232610874749427
2020-05-22,407,4.787928321862922,4.350520890050535,0.43740743181238745
2020-05-26,404,3.0674210031551463,2.583302081567427,0.48411892158771974
2020-05-27,407,2.3933897079829767,1.9015657966278634,0.4918239113551133
2020-05-28,406,2.2018842681857627,1.7798095262180331,0.42207474196772937
2020-05-29,399,2.307008674741633,1.8753622839956237,0.43164639074600936
2020-06-01,397,2.2168124394194693,1.7473738183194663,0.4694386211000034
2020-06-02,399,2.1864815835057927,1.699455236308681,0.48702634719711163
2020-06-03,403,2.158830608598298,1.7430135907062216,0.4158170178920762
2020-06-04,414,2.202398644185784,1.799217138804469,0.4031815053813151
2020-06-05,410,2.5639436506236395,2.505495701648411,0.0584479489752284
2020-06-08,411,2.7828332360877814,2.8888371761088028,-0.10600394002102125
2020-06-09,419,2.43732189159415,2.368879300453914,0.06844259114023579
2020-06-10,419,2.5190196978101835,2.5319827742656926,-0.012963076455509622
2020-06-11,432,2.0894354853483095,1.7460715470274395,0.34336393832087003
2020-06-12,452,2.1609348704594376,1.9699866514106525,0.19094821904878514
2020-06-15,440,1.9363486224042878,1.7483040611298946,0.1880445612743932
2020-06-16,434,1.930314082611651,1.767858467187085,0.16245561542456624
2020-06-17,430,1.844649560739424,1.6626972389963979,0.1819523217430262
2020-06-18,426,1.8015134730827573,1.6274964217455306,0.1740170513372269
2020-06-19,429,1.7611249097683421,1.552751146655806,0.2083737631125361
2020-06-22,428,1.7861438525835176,1.6284883349641006,0.1576555176194171
2020-06-23,428,1.7225938309817415,1.61191465717217,0.11067917380957147
2020-06-24,420,1.847384132490038,1.7346325851493223,0.1127515473407158
2020-06-25,421,1.708845049361066,1.5938104870444116,0.11503456231665461
2020-06-26,424,1.7322708700417713,1.605629104513355,0.12664176552841647
2020-06-29,438,1.7690208375269862,1.6577408731653578,0.11127996436162861
2020-06-30,445,1.7562511883807206,1.6388954955841721,0.11735569279654845
2020-07-01,445,1.7422188628824677,1.6532201245818137,0.08899873830065388
2020-07-02,447,1.7398010920854874,1.6442158326369265,0.0955852594485609
2020-07-06,450,1.5790025656644577,1.4874851233143533,0.09151744235010434
2020-07-07,450,1.6685511193115903,1.5898357683851754,0.07871535092641474
2020-07-08,449,1.82940748307434,1.7480604400777966,0.08134704299654366
2020-07-09,454,2.1266270191771803,2.05179386281079,0.07483315636639017
2020-07-10,454,1.7716478547075458,1.6836286895396126,0.08801916516793336
2020-07-13,453,1.8837124186944139,1.795441050237087,0.0882713684573267
2020-07-14,455,1.4918543747975657,1.392384715421034,0.09946965937653168
2020-07-15,457,1.602014087907694,1.535580252801208,0.06643383510648636
2020-07-16,452,1.6172721277238071,1.5467272861911658,0.0705448415326414
2020-07-17,443,1.6088298662713036,1.5585378925336455,0.050291973737658126
2020-07-20,441,1.603622360507962,1.5441425756541363,0.05947978485382591
2020-07-21,442,1.6233947662194743,1.573736296110815,0.049658470108659224
2020-07-22,444,1.5789166152926084,1.5183250747732648,0.06059154051934347
2020-07-23,440,1.6815227353327216,1.604273323951967,0.07724941138075443
2020-07-24,433,1.7364058339221033,1.6573104132066956,0.07909542071540775
2020-07-27,431,1.8312655675173006,1.7418685233956623,0.0893970441216383
2020-07-28,431,1.8844838150950465,1.7995955503701717,0.08488826472487482
2020-07-29,428,1.6858394141708928,1.6210344112565773,0.06480500291431543
2020-07-30,412,1.6708234147344785,1.6068029613261454,0.06402045340833319
2020-07-31,417,1.7806248729464809,1.720111536082136,0.06051333686434505
2020-08-03,415,1.6709338832855662,1.6162386850435113,0.054695198242055265
2020-08-04,407,1.5245154680465767,1.4664229817149437,0.05809248633163305
2020-08-05,400,1.395489851274581,1.3472552224478733,0.04823462882670783
2020-08-06,402,1.2961316893602357,1.234115456947791,0.06201623241244493
2020-08-07,406,1.344636362967059,1.3063791228314896,0.0382572401355696
2020-08-10,403,1.3338700819312392,1.2884549298278014,0.04541515210343816
2020-08-11,404,1.3731006440019164,1.3275390825448237,0.04556156145709308
2020-08-12,405,1.472461639184236,1.4348226281432537,0.03763901104098251
2020-08-13,421,1.356230863412385,1.2916663006954618,0.06456456271692328
2020-08-14,418,1.4472345518444798,1.3962456726838646,0.050988879160615314
2020-08-17,405,1.3582167645348922,1.3291477886602925,0.029068975874599483
2020-08-18,406,1.4373236059571342,1.4009706726668494,0.03635293329028486
2020-08-19,407,1.579790175874671,1.5460038962186062,0.03378627965606494
2020-08-20,399,1.3174659992226765,1.2765681684305377,0.04089783079213874
2020-08-21,404,1.41202118296035,1.3736196030060843,0.03840157995426588
2020-08-24,403,1.509782156346383,1.494727026192173,0.015055130154209832
2020-08-25,397,1.358147541982237,1.3398651637431622,0.01828237823907493
2020-08-26,393,1.579196410023993,1.561481151106283,0.017715258917710325
2020-08-27,399,1.5069097302692842,1.4942701002597905,0.012639630009493693
2020-08-28,383,1.464786811905857,1.4479333116001714,0.016853500305685786
2020-08-31,393,1.4961120623982163,1.4773297113512542,0.018782351046962083
2020-09-01,397,1.5678597575224023,1.5394842460595417,0.028375511462860516
2020-09-02,401,1.7598348849058787,1.7422609728916802,0.01757391201419825
2020-09-03,412,1.446298876839519,1.4399165557249842,0.006382321114534838
2020-09-04,410,1.5496337447540802,1.5829761577823476,-0.033342413028267404
2020-09-08,416,1.3305355193494606,1.34384053031845,-0.013305010968989435
2020-09-09,422,1.6605701800892698,1.6999269342583139,-0.03935675416904412
2020-09-10,425,1.3716698327869945,1.4104181397454159,-0.03874830695842136
2020-09-11,424,1.2823423089430064,1.3037487705599988,-0.02140646161699214
2020-09-14,451,1.1973626603833496,1.2320510156237883,-0.03468835524043881
2020-09-15,438,1.3026760519555363,1.3347884886236963,-0.03211243666815975
2020-09-16,433,1.3682888350495974,1.406537984066657,-0.038249149017059475
2020-09-17,429,1.515505614655825,1.5292183005738311,-0.013712685918006024
2020-09-18,430,1.337738792123517,1.352440657687613,-0.014701865564095567
2020-09-21,427,1.5201019503721311,1.5299090579147603,-0.009807107542629158
2020-09-22,426,1.3175549731184173,1.3400560546294973,-0.02250108151107994
2020-09-23,427,2.0364571509298854,2.034805347202519,0.0016518037273665653
2020-09-24,416,2.3649524034757334,2.3456513014870017,0.019301101988731768
2020-09-25,418,2.041176528186112,2.04524575877974,-0.004069230593628139
2020-09-28,418,1.7650305601678,1.7858871782563535,-0.02085661808855328
2020-09-29,438,1.7512078892513003,1.7726158365008595,-0.02140794724955927
2020-09-30,443,1.5412704861766233,1.5733612684364744,-0.032090782259851104
2020-10-01,444,1.6229861040770872,1.6553783237167046,-0.032392219639617505
2020-10-02,445,1.578502710006483,1.6098249350170604,-0.031322225010577597
2020-10-05,450,1.2448079559933998,1.2903249105460348,-0.045516954552634964
2020-10-06,450,1.3013028165919236,1.3339911909309516,-0.032688374339028096
2020-10-07,449,1.1803225646397533,1.2197171726299643,-0.03939460799021105
2020-10-08,459,1.2433376586822427,1.2736720972726194,-0.03033443859037687
2020-10-09,460,1.2577792247845025,1.292943340515286,-0.03516411573078351
2020-10-12,459,1.4818955766552564,1.5015639227769637,-0.019668346121707554
2020-10-13,456,1.5769517639883255,1.5879904859491019,-0.01103872196077618
2020-10-14,460,2.1575036532715632,2.1392768422054202,0.01822681106614302
2020-10-15,456,2.006960623059369,1.9892482481353952,0.01771237492397324
2020-10-16,447,2.067246401354433,2.0530766189865597,0.01416978236787309
2020-10-19,446,1.6109476861240624,1.6206826267394832,-0.009734940615421019
2020-10-20,446,1.4493793718598402,1.468104938690587,-0.01872556683074675
2020-10-21,447,1.4079984688217877,1.4277447439878945,-0.019746275166106816
2020-10-22,440,1.3791590610341762,1.4051036019935985,-0.025944540959422186
2020-10-23,434,1.5456440402032259,1.5636658263617187,-0.01802178615849272
2020-10-26,426,2.743546510839625,2.711503605127838,0.03204290571178693
2020-10-27,422,3.4547816359962353,3.4055922283201605,0.04918940767607485
2020-10-28,422,4.314023821001288,4.217634759771316,0.09638906122997222
2020-10-29,413,3.1932464114084254,3.1420534174808408,0.051192993927584564
2020-10-30,412,4.143063237442626,4.047662473946792,0.09540076349583408
2020-11-02,411,4.215474908092188,4.104689826356152,0.11078508173603611
2020-11-03,405,3.259302274377141,3.1759594836133136,0.0833427907638269
2020-11-04,399,3.1240164640181574,3.046070431819572,0.07794603219858506
2020-11-05,399,2.6608755038689504,2.614694694683863,0.04618080918508778
2020-11-06,403,2.613741899249709,2.561908342803891,0.051833556445818184
2020-11-09,407,1.7208895468464522,1.7314849568706139,-0.01059541002416147
2020-11-10,409,1.9732499928941902,1.9578204825898442,0.015429510304345825
2020-11-11,405,1.9306509628628512,1.9102300910937007,0.020420871769150646
2020-11-12,410,2.1869164769389866,2.1412433955510246,0.045673081387962014
2020-11-13,407,1.676032365837554,1.7019555104381654,-0.025923144600611733
2020-11-16,398,1.4906284126040346,1.532802927199364,-0.0421745145953294
2020-11-17,402,1.4573246308877177,1.5046529405312168,-0.04732830964349917
2020-11-18,392,1.6654469507293297,1.696176814874885,-0.030729864145555487
2020-11-19,398,1.8562189379499092,1.849346493406097,0.0068724445438121135
2020-11-20,401,1.8494629449360165,1.8493307545831004,0.0001321903529159694
2020-11-23,401,1.5894134277063519,1.6157144544118924,-0.02630102670554065
2020-11-24,399,1.300750262877641,1.3475997142058471,-0.046849451328205935
2020-11-25,394,1.3648342967203229,1.3892650077996438,-0.02443071107932103
2020-11-27,402,1.3210639588993385,1.355514798850261,-0.0344508399509225
2020-11-30,395,1.3095590402507364,1.3404619566903113,-0.030902916439574712
2020-12-01,399,1.302243893871499,1.3366925970520536,-0.03444870318055464
2020-12-02,402,1.3069959955127162,1.3436653386676187,-0.03666934315490232
2020-12-03,413,1.2855788993319226,1.3261982397554761,-0.04061934042355345
2020-12-04,410,1.3124500747197783,1.3542911831998161,-0.04184110848003813
2020-12-07,408,1.276382003649653,1.3201165523813319,-0.04373454873167881
2020-12-08,408,1.3932416559316636,1.4049565288310482,-0.011714872899384568
2020-12-09,414,1.3286730760805998,1.3236907639158306,0.004982312164769352
2020-12-10,416,1.2868721803873344,1.2741443901330354,0.012727790254299015
2020-12-11,421,1.2594522682325278,1.2398926135441972,0.019559654688330493
2020-12-14,443,1.136597568450673,1.1076993423893198,0.028898226061353102
2020-12-15,432,1.109568564042522,1.0791338479467516,0.030434716095770333
2020-12-16,423,1.1049688277017622,1.0725940243978889,0.03237480330387318
2020-12-17,425,1.143490990578942,1.1225926825825803,0.02089830799636186
2020-12-18,429,1.1294167021315216,1.1011670469035197,0.028249655228001797
2020-12-21,430,1.4798407762925314,1.4552074734079328,0.024633302884598616
2020-12-22,423,1.7891115130353261,1.7622353810320328,0.026876132003293134
2020-12-23,420,1.6192299562908774,1.576530703143327,0.042699253147550464
2020-12-24,427,1.6934099496820998,1.6516216470392657,0.04178830264283403
2020-12-28,427,2.0040170480592834,1.9482242245821308,0.05579282347715232
2020-12-29,425,1.977426519623163,1.922030428574734,0.05539609104842901
2020-12-30,438,2.0417548840654973,1.9869724230278516,0.0547824610376455
2020-12-31,447,1.8148722531757076,1.756659452301338,0.058212800874369634
2021-01-04,447,1.999054715481405,1.9350625208477599,0.06399219463364493
2021-01-05,449,1.7487937657715797,1.6855004981953456,0.06329326757623413
2021-01-06,443,1.462776626638185,1.4266866446028483,0.0360899820353365
2021-01-07,454,1.3999394274735022,1.3622272213906834,0.03771220608281865
2021-01-08,458,1.4820717054453252,1.4480163362011793,0.03405536924414593
2021-01-11,457,1.6029737311611985,1.5744761369826312,0.02849759417856714
2021-01-12,457,2.124971965818328,2.1264741528464572,-0.0015021870281295142
2021-01-13,453,1.562036541746128,1.5476394648431753,0.014397076902952739
2021-01-14,445,1.8411664454821977,1.8554186709444764,-0.014252225462278788
2021-01-15,446,1.5096700300832848,1.5068687708381436,0.002801259245141387
2021-01-19,449,1.3502957892468772,1.3329645637500829,0.017331225496794302
2021-01-20,449,1.3361783869282833,1.3083837645126053,0.02779462241567776
2021-01-21,446,1.2471377733587847,1.2103909462872224,0.03674682707156208
2021-01-22,443,1.3037036827510033,1.2615188048934083,0.042184877857595005
2021-01-25,438,1.4477461129703881,1.405613891603155,0.04213222136723308
2021-01-26,433,1.5933091526837497,1.5580072486621688,0.03530190402158091
2021-01-27,430,2.1939750676345584,2.1470008115941743,0.04697425604038406
2021-01-28,416,1.9055437327902949,1.8714083859042152,0.03413534688607995
2021-01-29,421,2.4823578183423027,2.4490634353284477,0.03329438301385534
2021-02-01,414,2.1964103804952466,2.1754496070086935,0.020960773486553078
2021-02-02,410,1.8227533349967535,1.8004541049762641,0.022299230020489506
2021-02-03,402,1.5764570938363973,1.5679109299750909,0.008546163861306655
2021-02-04,401,1.5443282931411622,1.5283108792159634,0.016017413925198672
2021-02-05,402,1.644495001699324,1.6327787760863264,0.011716225612997528
2021-02-08,402,1.5970221733928198,1.5893338481155526,0.007688325277267185
2021-02-09,405,1.916245110645141,1.905708603841408,0.01053650680373288
2021-02-10,392,1.7672853858252564,1.7678015019020477,-0.0005161160767912546
2021-02-11,395,1.7856014024248925,1.7939331312259903,-0.008331728801097893
2021-02-12,400,1.6832159190340232,1.6965507770660941,-0.01333485803207086
2021-02-16,405,1.5834956972923182,1.607336821796993,-0.023841124504674953
2021-02-17,405,1.8884420403829791,1.8972947965980773,-0.008852756215098132
2021-02-18,401,2.1208810707797916,2.116413988619196,0.0044670821605952895
2021-02-19,403,1.9454125335381731,1.9558499686671647,-0.01043743512899152
2021-02-22,404,1.9315753224761427,1.926316066324284,0.005259256151858657
2021-02-23,391,1.3890879157366098,1.4202512539860128,-0.031163338249402997
2021-02-24,393,1.4580702243773427,1.4750746489176843,-0.01700442454034167
2021-02-25,396,1.4088521130625031,1.4470078721460624,-0.03815575908355921
2021-02-26,389,1.77019583357505,1.7945047670161756,-0.024308933441125443
2021-03-01,384,1.5542420889329411,1.5822602855743721,-0.02801819664143113
2021-03-02,377,1.374029355682754,1.4126939751057643,-0.03866461942301026
2021-03-03,381,1.4812355096086849,1.5176992270534309,-0.03646371744474591
2021-03-04,389,1.682649108752361,1.7143101468611461,-0.031661038108785476
2021-03-05,395,1.3888593671649052,1.422941294024265,-0.03408192685935966
2021-03-08,396,1.474381730009486,1.5080141833400167,-0.03363245333053071
2021-03-09,413,1.2342138325932122,1.2887736321818581,-0.05455979958864576
2021-03-10,411,1.2237566404322988,1.2788756742188097,-0.055119033786510806
2021-03-11,420,1.2745095264047637,1.3320050534262322,-0.057495527021468554
2021-03-12,442,1.385007404142629,1.447349025768907,-0.06234162162627811
2021-03-15,450,1.4314474321480417,1.4834174757010288,-0.051970043552987205
2021-03-16,441,1.2518174213157562,1.3228186480516921,-0.07100122673593558
2021-03-17,432,1.2687887730679022,1.3330980150426694,-0.06430924197476728
2021-03-18,433,1.307564400041469,1.374838554716088,-0.06727415467461917
2021-03-19,432,1.436696978572156,1.4985724321828178,-0.06187545361066208
2021-03-22,429,1.3096065901275213,1.375090953205849,-0.06548436307832771
2021-03-23,429,1.4276764414606284,1.47870768031635,-0.05103123885572123
2021-03-24,421,1.5540137273832175,1.5917660990005524,-0.03775237161733497
2021-03-25,422,1.4781045449790753,1.5172827356253324,-0.03917819064625736
2021-03-26,423,1.1642656752444147,1.204567601969952,-0.04030192672553731
2021-03-29,423,1.3144560838273995,1.3318620034930893,-0.01740591966568976
2021-03-30,437,1.213303048511628,1.2384566934220609,-0.02515364491043285
2021-03-31,444,1.2986291036329443,1.3294278083790512,-0.030798704746106763
2021-04-01,447,1.2254022696288864,1.2495870313825292,-0.024184761753642786
2021-04-05,453,1.0850642532290342,1.1000887598264468,-0.015024506597412763
2021-04-06,451,1.154452244258491,1.1643532815917943,-0.00990103733330321
2021-04-07,451,1.1890504852759332,1.193917546039784,-0.004867060763850807
2021-04-08,458,1.1807599702838223,1.1874814300924539,-0.0067214598086315505
2021-04-09,458,1.1563612428070886,1.1620204835786103,-0.0056592407715216515
2021-04-12,459,1.1040438680309532,1.1023166085510678,0.0017272594798854067
2021-04-13,458,1.1168222686371585,1.1197569153144162,-0.0029346466772577975
2021-04-14,462,1.1217057924348017,1.125547503821647,-0.003841711386845291
2021-04-15,458,1.1525044360843413,1.1591462027937656,-0.006641766709424101
2021-04-16,447,1.097470916912404,1.0976033973045722,-0.00013248039216820525
2021-04-19,446,1.144140700316316,1.139455886871296,0.004684813445019928
2021-04-20,452,1.339714886729352,1.3404948312086844,-0.0007799444793324213
2021-04-21,452,1.4005953345965925,1.4012084844533874,-0.0006131498567949727
2021-04-22,446,1.5768031962677957,1.569748735856399,0.007054460411396868
2021-04-23,439,1.5770455214201633,1.5760124911516016,0.001033030268561529
2021-04-26,434,1.7558351758429087,1.779613938321692,-0.023778762478783057
2021-04-27,432,1.5399619451313225,1.561739897454388,-0.021777952323065557
2021-04-28,428,1.6866441361780808,1.7273195510708614,-0.040675414892780516
2021-04-29,417,1.6063152345642697,1.6391675275616395,-0.03285229299736975
2021-04-30,418,1.4508854395735777,1.4645289229166152,-0.013643483343037317
2021-05-03,418,1.3741594094261194,1.38537570975184,-0.01121630032572055
2021-05-04,410,1.2275570241562375,1.2278185793712069,-0.00026155521496946596
2021-05-05,404,1.1167083875947152,1.1226197857859934,-0.005911398191278163
2021-05-06,404,1.1070075267699226,1.114049673025949,-0.007042146256026377
2021-05-07,408,1.1427371014478576,1.1567257129954405,-0.01398861154758285
2021-05-10,407,1.1308817525846604,1.1529664003657987,-0.022084647781138212
2021-05-11,405,1.0346314482233603,1.059309235038061,-0.024677786814700738
2021-05-12,407,1.2700896377868174,1.294231121849549,-0.024141484062731942
2021-05-13,406,1.2704908368709393,1.2793937672329407,-0.00890293036200145
2021-05-14,398,1.0730600555754763,1.1018907294118834,-0.02883067383640694
2021-05-17,393,1.140969710844116,1.1661453629944807,-0.02517565215036459
2021-05-18,395,1.184001400534557,1.2035651379018164,-0.019563737367259245
2021-05-19,387,1.1698895672335219,1.184499493868057,-0.014609926634535208
2021-05-20,396,1.1313650598921459,1.1444679801466937,-0.013102920254547862
2021-05-21,396,1.215200273427296,1.2198471879296942,-0.004646914502398266
2021-05-24,397,1.18992148218082,1.2021619349618518,-0.012240452781031771
2021-05-25,395,1.1757383070677434,1.1910509784361607,-0.015312671368417314
2021-05-26,388,1.1784708159964055,1.2002257319691276,-0.021754915972722104
2021-05-27,405,1.1541134102050952,1.1807401983855226,-0.02662678818042735
2021-05-28,400,1.1787027307237858,1.205362589302563,-0.02665985857877713
2021-06-01,398,1.158448485922623,1.1874958548679362,-0.029047368945313286
2021-06-02,401,1.1449311705584473,1.1692543839398333,-0.024323213381385954
2021-06-03,412,1.4692544378385717,1.4701975016333486,-0.0009430637947771693
2021-06-04,410,1.7554255774412661,1.7208574512146062,0.03456812622666007
2021-06-07,413,1.343473170572431,1.3471892753042976,-0.0037161047318663783
2021-06-08,418,1.3726371316295205,1.3707977940062808,0.0018393376232394786
2021-06-09,423,1.30461059005332,1.3071355584616138,-0.002524968408294086
2021-06-10,427,1.150180221720194,1.1599849038319054,-0.009804682111711475
2021-06-11,426,1.0827241213847034,1.0956048951840593,-0.01288077379935587
2021-06-14,448,1.0889601004903873,1.0947727902404305,-0.005812689750043227
2021-06-15,438,1.2232484232487306,1.2226502907488928,0.0005981324998378166
2021-06-16,432,1.0727980964860626,1.0796043798438884,-0.006806283357825511
2021-06-17,428,0.9892106741642542,1.0162700725090543,-0.027059398344799996
2021-06-18,424,1.2360838734372417,1.2645437256829741,-0.028459852245732428
2021-06-21,423,1.0217925765340379,1.0603334015549317,-0.03854082502089391
2021-06-22,422,1.0170122992572248,1.0556820027293874,-0.03866970347216254
2021-06-23,417,1.0264558439372045,1.0613524124756295,-0.03489656853842508
2021-06-24,420,0.9503280535193221,0.9975139233390203,-0.047185869819698245
2021-06-25,424,0.9304241689219679,0.9714715432518486,-0.04104737432988073
2021-06-28,425,0.8758668122630324,0.9241472323733012,-0.048280420110268805
2021-06-29,436,0.924248567986224,0.9638184665744108,-0.03956989858818697
2021-06-30,442,1.0660860675643575,1.0960269374814624,-0.02994086991710466
2021-07-01,449,1.2932022194263313,1.295935603247741,-0.0027333838214098653
2021-07-02,454,1.5832862289059197,1.5416671497282193,0.04161907917770056
2021-07-06,453,1.0610559694744488,1.0738030943112233,-0.012747124836774386
2021-07-07,453,0.8928890800459722,0.9200484146628272,-0.02715933461685483
2021-07-08,456,0.9272636495327932,0.9581981416183314,-0.03093449208553817
2021-07-09,458,1.0662456727064316,1.0873554750837333,-0.021109802377301843
2021-07-12,455,0.9802455515443962,1.00105934491307,-0.020813793368673752
2021-07-13,454,1.0101155079892408,1.0374836026759784,-0.02736809468673763
2021-07-14,460,0.9427755966067879,0.9859674422248835,-0.043191845618095685
2021-07-15,453,1.0742816444809926,1.1160124480647613,-0.04173080358376864
2021-07-16,441,1.1644501828010618,1.2049810493930797,-0.04053086659201794
2021-07-19,441,1.4291305944862267,1.4695010097712173,-0.04037041528499064
2021-07-20,446,1.304602985365991,1.3407685385826587,-0.03616555321666748
2021-07-21,446,1.3156526125973786,1.339951678907159,-0.02429906630978071
2021-07-22,444,1.2622177949988758,1.2927316034694256,-0.030513808470549762
2021-07-23,440,1.2179126782196883,1.250355957162314,-0.03244327894262561
2021-07-26,433,1.2618784005450348,1.2825488422269449,-0.02067044168191024
2021-07-27,433,1.3530105972893842,1.3681203026035815,-0.015109705314197502
2021-07-28,429,1.3647682303666062,1.3881910956609063,-0.023422865294300054
2021-07-29,417,1.2371495754420927,1.259039156361824,-0.021889580919731415
2021-07-30,421,1.2112856247243506,1.2422233150189563,-0.030937690294605594
2021-08-02,420,1.1736764550555565,1.2179317439926678,-0.04425528893711132
2021-08-03,410,1.0149612671334722,1.0279845173973214,-0.013023250263849102
2021-08-04,405,1.0736913555651226,1.0903182573896664,-0.01662690182454362
2021-08-05,400,1.141753165291324,1.1859703340336591,-0.04421716874233511
2021-08-06,401,1.093552924725595,1.1351413472359129,-0.04158842251031786
2021-08-09,407,0.8825323011211064,0.9026887135567183,-0.020156412435611917
2021-08-10,406,0.8694651323434527,0.8875380673185419,-0.018072934975089227
2021-08-11,407,0.8797867953147174,0.9013812846835285,-0.02159448936881125
2021-08-12,424,0.9181806735981256,0.9476179604062143,-0.029437286808088745
2021-08-13,428,0.8796704057102626,0.8900202199089498,-0.010349814198687224
2021-08-16,420,0.9496460874285265,0.9557042848709743,-0.00605819744244778
2021-08-17,407,1.0142671062572026,1.0050041081986676,0.00926299805853489
2021-08-18,410,1.0553916443995377,1.0435968402408844,0.011794804158653206
2021-08-19,405,1.2573292816403718,1.2144167103958512,0.042912571244520775
2021-08-20,405,1.137384143886165,1.1103706522356935,0.02701349165047152
2021-08-23,403,1.0142914966941232,1.0110822354133973,0.003209261280726068
2021-08-24,400,0.9760696789742696,0.9897650040717904,-0.01369532509752066
2021-08-25,388,1.0092486670433394,1.0328266625913909,-0.023577995548051626
2021-08-26,390,0.9742429736014983,0.997002879695613,-0.022759906094114577
2021-08-27,392,1.016418626807312,1.0495819300647384,-0.033163303257426335
2021-08-30,376,1.1798292962311423,1.2122243816587117,-0.03239508542756917
2021-08-31,391,1.1018224298800965,1.1220313218293525,-0.02020889194925615
2021-09-01,390,1.1396792445677681,1.1619328687914976,-0.02225362422372945
2021-09-02,404,1.3464317151117975,1.3747405446202452,-0.028308829508447868
2021-09-03,407,1.5541388014019017,1.5852493938921968,-0.031110592490295345
2021-09-07,410,1.418273952818337,1.4490916051521001,-0.030817652333763164
2021-09-08,414,1.3448589396877761,1.3680554049220748,-0.02319646523429852
2021-09-09,424,1.132118421707995,1.1457572523257973,-0.013638830617802395
2021-09-10,424,1.1738102244938207,1.173042773645763,0.0007674508480577498
2021-09-13,425,1.22233012335591,1.218911744473223,0.0034183788826872164
2021-09-14,450,1.4601851195365334,1.4442530212137288,0.015932098322804608
2021-09-15,437,1.3975419042031196,1.3845561078681903,0.012985796334929228
2021-09-16,430,1.5863876560886891,1.582586592854554,0.0038010632341353716
2021-09-17,430,1.469284540547335,1.455967512139911,0.013317028407424075
2021-09-20,426,1.6506525292840926,1.593857178449307,0.056795350834785506
2021-09-21,425,1.6697891649687124,1.608503838903096,0.06128532606561651
2021-09-22,424,1.4626450635330253,1.4382347245192129,0.024410339013812454
2021-09-23,418,1.325972739919316,1.3216115184556245,0.0043612214636912965
2021-09-24,419,1.470208285644734,1.4601760793287764,0.01003220631595774
2021-09-27,421,1.3463443602766203,1.3688133015535864,-0.02246894127696587
2021-09-28,422,1.167431910474906,1.1716493929440814,-0.004217482469175217
2021-09-29,440,1.145299900626372,1.1442297288500405,0.001070171776331606
2021-09-30,444,1.324487556550865,1.2690240182302248,0.05546353832064007
2021-10-01,445,1.20206400538387,1.1634667548869018,0.03859725049696826
2021-10-04,451,1.388622324692735,1.341243692858628,0.04737863183410683
2021-10-05,454,1.2628678860585996,1.219835999336285,0.043031886722314366
2021-10-06,454,1.3143145186583682,1.2611837556666181,0.05313076299175034
2021-10-07,460,1.202444976135758,1.1660624591712099,0.036382516964548084
2021-10-08,461,1.3561820569846772,1.3072755761313637,0.04890648085331347
2021-10-11,460,1.5824240583069211,1.510077304296376,0.07234675401054504
2021-10-12,459,1.5639469849236476,1.5021227688605914,0.06182421606305633
2021-10-13,461,1.288851366868525,1.2538597606878408,0.03499160618068435
2021-10-14,461,1.2905144883725224,1.2652571157535795,0.02525737261894296
2021-10-15,449,1.3760575485343005,1.3596623190631412,0.016395229471159473
2021-10-18,446,1.2730813831803431,1.245543493388403,0.02753788979193988
2021-10-19,445,1.358170956226721,1.3379232028457435,0.020247753380977517
2021-10-20,446,1.3914285352537055,1.3710147936964743,0.02041374155723128
2021-10-21,442,1.5077603537910305,1.4805225038878207,0.02723784990320979
2021-10-22,439,1.615291568513442,1.5861096467729054,0.029181921740536222
2021-10-25,438,1.515113369543411,1.4915465282420095,0.0235668413014012
2021-10-26,430,1.577815256213902,1.5598957630937529,0.017919493120149312
2021-10-27,412,1.436974874224225,1.409711637142523,0.02726323708170218
2021-10-28,421,1.3555162662314453,1.340240353466922,0.015275912764523265
2021-10-29,418,1.403288716144465,1.3797182455425006,0.023570470601964596
2021-11-01,415,1.2569429368216676,1.2508300888559782,0.006112847965689561
2021-11-02,410,1.2269153195104763,1.225322720199927,0.0015925993105492307
2021-11-03,404,1.1981092434751421,1.2072517630157051,-0.00914251954056315
2021-11-04,398,1.1088171024703695,1.1257437970228839,-0.016926694552514377
2021-11-05,399,1.353413123353219,1.4045832070315105,-0.051170083678291484
2021-11-08,394,1.2500206890379093,1.3001668588489381,-0.05014616981102889
2021-11-09,399,1.1759986922358834,1.2171079018560524,-0.041109209620169146
2021-11-10,411,1.1419873253784651,1.1661862488932193,-0.02419892351475416
2021-11-11,407,1.4635902435088142,1.5305473203971975,-0.06695707688838334
2021-11-12,413,1.491404153335074,1.5535738074792644,-0.06216965414419063
2021-11-15,399,2.023964977244336,2.143496137824511,-0.1195311605801752
2021-11-16,400,2.43275992864543,2.6096614812168,-0.17690155257137052
2021-11-17,388,1.6471257878110606,1.7354025726752778,-0.08827678486421733
2021-11-18,400,1.7348448366668878,1.8414138467612424,-0.10656901009435452
2021-11-19,399,1.3548996686161643,1.4250621242134798,-0.07016245559731547
2021-11-22,402,1.115162819532493,1.1518103632691694,-0.0366475437366766
2021-11-23,403,1.034863237846026,1.0694744228031279,-0.0346111849571017
2021-11-24,395,1.1429057086213361,1.191213542872344,-0.04830783425100794
2021-11-26,397,1.2733556615707808,1.2736831177576897,-0.0003274561869089614
2021-11-29,403,1.2200636797468525,1.2509757832628503,-0.030912103515997588
2021-11-30,402,1.3793646250404077,1.3668382964167385,0.01252632862366922
2021-12-01,401,1.7060599638555163,1.6348935571803078,0.07116640667520864
2021-12-02,411,1.444354439867471,1.429953126250519,0.014401313616952065
2021-12-03,408,1.1916647905513869,1.1723598188980637,0.01930497165332316
2021-12-06,408,1.2975873523696073,1.3417522329488232,-0.04416488057921601
2021-12-07,408,1.1595617943403818,1.188621618018993,-0.029059823678611183
2021-12-08,407,1.1444138427840551,1.1645169872803818,-0.020103144496326653
2021-12-09,422,1.0376335712303204,1.0249651308693213,0.0126684403609992
2021-12-10,422,1.0624020777813568,1.039192393475134,0.023209684306222847
2021-12-13,426,1.0783246398595827,1.03821507816757,0.040109561692012685
2021-12-14,446,1.2136378021711338,1.1545044321984843,0.05913336997264953
2021-12-15,436,0.994790744003694,0.9593253233324012,0.03546542067129273
2021-12-16,432,1.0113678838267899,0.9687264424449021,0.04264144138188776
2021-12-17,434,1.1295074241837713,1.0713309689407893,0.05817645524298187
2021-12-20,435,1.8291175267691553,1.6792802480838265,0.149837278685329
2021-12-21,437,1.2750266057723183,1.2689113300716268,0.006115275700691338
2021-12-22,434,1.395483446654849,1.3961758156813588,-0.0006923690265100645
2021-12-23,428,1.6646697682919838,1.6983745185231638,-0.033704750231179886
2021-12-27,431,1.75980325908196,1.870618260825687,-0.110815001743727
2021-12-28,431,1.6501004074235053,1.6857370148481197,-0.03563660742461437
2021-12-29,431,1.7277372919140161,1.7683016028357648,-0.04056431092174874
2021-12-30,441,2.090221843233496,2.170243119312475,-0.08002127607897896
2021-12-31,449,2.390197505133643,2.477408051563947,-0.08721054643030408
2022-01-03,450,2.1937000653496255,2.353841337263905,-0.16014127191427974
2022-01-04,451,2.11421949003507,2.3337950273363606,-0.21957553730129065
2022-01-05,446,1.8613815931712214,2.0414145013654563,-0.18003290819423493
2022-01-06,454,2.251569028504192,2.532655226561403,-0.2810861980572117
2022-01-07,461,1.8501640831199797,2.0537071898532067,-0.20354310673322704
2022-01-10,460,2.168763591253804,2.4527035532967814,-0.28393996204297733
2022-01-11,458,2.58906210666986,2.965212697301003,-0.37615059063114253
2022-01-12,458,2.885197075151614,3.3047019857113042,-0.4195049105596903
2022-01-13,454,2.161246573214968,2.406428289187464,-0.24518171597249583
2022-01-14,450,1.6021289038615874,1.7278894659941948,-0.12576056213260767
2022-01-18,452,1.2173329405587587,1.2443447323584853,-0.027011791799726747
2022-01-19,452,1.167354392486796,1.1663538325309628,0.0010005599558333524
2022-01-20,453,1.3298710855306568,1.3389787521057424,-0.009107666575085422
2022-01-21,448,1.4354312887737264,1.4146121122470725,0.020819176526653795
2022-01-24,443,1.4570537572973863,1.4516073266199394,0.005446430677446527
2022-01-25,442,1.5971739653651376,1.5640526911065322,0.03312127425860525
2022-01-26,437,1.973588775127409,1.8907124723408884,0.08287630278652057
2022-01-27,425,1.8528241990526637,1.7678868978755025,0.08493730117716115
2022-01-28,427,1.457742039319087,1.4477686899378193,0.009973349381267795
2022-01-31,426,1.54780183004519,1.6373455739308658,-0.08954374388567585
2022-02-01,420,1.495218047299954,1.5555756675393657,-0.06035762023941213
2022-02-02,418,1.5949263762507708,1.6772073500840423,-0.08228097383327156
2022-02-03,407,1.5601977649111094,1.650036543788305,-0.08983877887719571
2022-02-04,404,1.4911424085048204,1.5930815522862658,-0.10193914378144561
2022-02-07,405,1.5120946624859115,1.647374789495146,-0.1352801270092345
2022-02-08,406,2.050366737788597,2.332903968854821,-0.2825372310662243
2022-02-09,401,2.146503194782698,2.4331429274502647,-0.2866397326675669
2022-02-10,400,1.4257381585933258,1.5081105508335078,-0.08237239224018207
2022-02-11,394,1.3819452177609697,1.4155613282117046,-0.033616110450734815
2022-02-14,395,1.691557601887235,1.7806101812181667,-0.0890525793309316
2022-02-15,398,1.6413750995774683,1.7228883464040048,-0.08151324682653655
2022-02-16,392,1.9256981234334876,2.0707165233051223,-0.14501839987163484
2022-02-17,400,2.1839068997710225,2.3035279259715296,-0.11962102620050691
2022-02-18,404,2.751915357455434,3.0338193881222515,-0.28190403066681713
2022-02-22,403,2.4214379951760163,2.652390201581203,-0.23095220640518702
2022-02-23,387,1.8595478102876015,1.868372697866458,-0.008824887578856671
2022-02-24,385,1.9349179557946692,2.0308958921607316,-0.09597793636606274
2022-02-25,397,2.2252645554788484,2.5452368633456777,-0.3199723078668295
2022-02-28,388,2.178185128917113,2.541724509488935,-0.3635393805718214
2022-03-01,387,1.556556221649017,1.6732643036189885,-0.11670808196997144
2022-03-02,386,1.325314047695449,1.3746372862865337,-0.049323238591084735
2022-03-03,391,1.197202111674375,1.1709858059680223,0.02621630570635263
2022-03-04,397,1.4450319612030476,1.3739651476337338,0.07106681356931385
2022-03-07,398,2.0759434421683927,1.927580442631147,0.14836299953724544
2022-03-08,403,2.296438877179222,2.119932554145678,0.17650632303354383
2022-03-09,417,1.2925170837632611,1.1863332475456798,0.10618383621758126
2022-03-10,424,1.5350727383461202,1.4218265986814491,0.11324613966467115
2022-03-11,425,1.942772207647629,1.7945117379546716,0.14826046969295734
2022-03-14,448,2.320739931902351,2.172010553983116,0.1487293779192345
2022-03-15,456,2.245360831879896,2.0866476484084275,0.15871318347146826
2022-03-16,442,1.55634098472878,1.4353605756262764,0.1209804091025035
2022-03-17,438,1.2802358154887163,1.2267152434460447,0.05352057204267177
2022-03-18,437,1.4204169420785309,1.3972367954942468,0.023180146584284172
2022-03-21,437,1.3282540572972223,1.2806026893630036,0.04765136793421887
2022-03-22,432,1.4303756540811519,1.457879388265974,-0.027503734184822128
2022-03-23,434,1.5547999650940443,1.5573040833872527,-0.002504118293208362
2022-03-24,431,1.5983080993347691,1.6698620331076761,-0.07155393377290709
2022-03-25,426,1.574409267301023,1.6615009558848761,-0.08709168858385312
2022-03-28,426,1.5752625323360703,1.7312939576810922,-0.1560314253450222
2022-03-29,424,1.949091676449721,2.286057171135046,-0.3369654946853247
2022-03-30,438,1.535406042225063,1.6728320571350215,-0.13742601490995848
2022-03-31,447,1.54114975799292,1.6697658514480211,-0.12861609345510108
2022-04-01,450,1.5468353577703104,1.6923225804697828,-0.1454872226994723
2022-04-04,451,1.3791832928377956,1.4271402483146967,-0.047956955476901056
2022-04-05,454,1.4081317817744419,1.3977965109586918,0.010335270815749914
2022-04-06,449,1.375718895626033,1.4043877589286078,-0.028668863302575016
2022-04-07,458,1.6094544412202363,1.7856045744187372,-0.17615013319850087
2022-04-08,462,1.5786584339484573,1.712311058640957,-0.13365262469249953
2022-04-11,460,1.7569044392041002,1.9823709845121023,-0.22546654530800203
2022-04-12,462,1.7302467033288977,1.9258169273749646,-0.19557022404606675
2022-04-13,462,1.6825972240378835,1.8540564194510611,-0.17145919541317775
2022-04-14,452,2.136802712932663,2.454243607307016,-0.317440894374353
2022-04-18,451,2.0285771227245886,2.2909674512621216,-0.26239032853753275
2022-04-19,454,2.296639787324382,2.6660767094635927,-0.36943692213921114
2022-04-20,454,1.9633029685806036,2.1973000248607204,-0.23399705628011663
2022-04-21,453,2.3277995708727066,2.669514967895222,-0.3417153970225156
2022-04-22,447,2.066968588140137,2.3439437467742894,-0.2769751586341518
2022-04-25,441,2.8648624728809504,3.4456420958227656,-0.5807796229418155
2022-04-26,441,2.2993317181846544,2.6821473050916342,-0.38281558690698
2022-04-27,437,2.6096373225474867,3.1154030793749707,-0.5057657568274845
2022-04-28,427,2.883261091238299,3.4993741253906854,-0.6161130341523863
2022-04-29,423,1.746596719061936,1.9523245779495515,-0.20572785888761547
2022-05-02,421,1.9542964165935441,2.2605737630270317,-0.3062773464334875
2022-05-03,414,1.671722562480925,1.847429738728107,-0.17570717624718177
2022-05-04,408,2.9020039317835153,3.59557752322995,-0.6935735914464345
2022-05-05,401,2.0630151014160103,2.4250045483786393,-0.361989446962629
2022-05-06,406,1.8890778573102691,2.158967829103977,-0.2698899717937081
2022-05-09,408,1.5068931386825724,1.4985593473543006,0.008333791328271905
2022-05-10,403,1.569806298518606,1.631384961177217,-0.06157866265861095
2022-05-11,406,1.5001573012524079,1.414460528061133,0.0856967731912749
2022-05-12,413,1.5896748825657159,1.4565473039376067,0.13312757862810898
2022-05-13,413,1.5493024675033773,1.413446373436832,0.1358560940665453
2022-05-16,399,1.4878808902821112,1.372715809622599,0.11516508065951216
2022-05-17,401,1.2772481056037455,1.2531711712376152,0.02407693436613025
2022-05-18,393,1.9637832946549723,1.8033595064280998,0.1604237882268725
2022-05-19,403,1.625680324592533,1.4678032195366615,0.15787710505587152
2022-05-20,402,1.715370805067712,1.5511583012098684,0.1642125038578434
2022-05-23,402,1.610891622297757,1.4544590799775379,0.156432542320219
2022-05-24,404,1.7515301092282496,1.614721696549674,0.1368084126785758
2022-05-25,389,1.460215516115828,1.404775425606714,0.05544009050911379
2022-05-26,398,1.7689687651192465,2.003747828151191,-0.23477906303194415
2022-05-27,410,3.3834381079510143,4.31521109646823,-0.9317729885172163
2022-05-31,402,3.3004291915804,4.141284604242571,-0.840855412662171
2022-06-01,402,2.6522842307154253,3.1975535279508787,-0.5452692972354536
2022-06-02,411,4.333804499791055,5.533995606734434,-1.2001911069433788
2022-06-03,411,3.8227607411547972,4.807305380045466,-0.9845446388906678
2022-06-06,411,3.426775482275259,4.252681289754506,-0.8259058074792467
2022-06-07,415,3.8152804775883795,4.705014203991724,-0.8897337264033441
2022-06-08,415,3.248736450878131,3.9055218482848946,-0.6567853974067642
2022-06-09,428,2.007190879890533,2.2136180638308733,-0.2064271839403404
2022-06-10,428,1.5589833081576516,1.624506571487511,-0.0655232633298596
2022-06-13,431,1.3585869223288771,1.2986468410145864,0.059940081314290836
2022-06-14,438,1.5300299500280812,1.5024192563506367,0.027610693677444655
2022-06-15,428,1.5678308958877776,1.6335403701456739,-0.06570947425789596
2022-06-16,431,1.862501854243951,1.7563382758999047,0.10616357834404636
2022-06-17,430,1.7253324742320444,1.6380883799362613,0.08724409429578303
2022-06-21,430,1.6197076209312042,1.599083769688885,0.020623851242319025
2022-06-22,425,1.4224797162369898,1.3020236882629181,0.12045602797407166
2022-06-23,424,1.1170332790006632,0.9757695604677197,0.1412637185329436
2022-06-24,427,1.3019290803666441,1.3648336957649003,-0.06290461539825627
2022-06-27,428,1.330700337862259,1.3880960797270807,-0.05739574186482175
2022-06-28,427,1.280282349214162,1.2763343401002432,0.003948009113918891
2022-06-29,439,1.2998808660430365,1.2975846381338936,0.002296227909142925
2022-06-30,453,1.2243189227395892,1.1246398827765185,0.09967903996307072
2022-07-01,455,1.3285217031955292,1.2991227260771057,0.029398977118423493
2022-07-05,456,1.3396419222893643,1.2047104635132715,0.134931458776093
2022-07-06,457,1.6557392755378342,1.5357365457849217,0.12000272975291233
2022-07-07,458,1.426895031030963,1.3129409133033818,0.11395411772758111
2022-07-08,463,1.3535234149094988,1.2387577136401282,0.11476570126937058
2022-07-11,464,1.5409874348120003,1.4096468904274488,0.13134054438455142
2022-07-12,462,1.42398752446931,1.2922198516851748,0.13176767278413531
2022-07-13,462,1.9779756137895341,1.8605660041436198,0.11740960964591439
2022-07-14,459,2.700768043481588,2.5997447503485938,0.10102329313299425
2022-07-15,446,2.5803830058244825,2.4753183765697675,0.10506462925471519
2022-07-18,447,2.615433669790687,2.5435332955780647,0.07190037421262238
2022-07-19,451,1.8209525336102295,1.727859147668764,0.09309338594146557
2022-07-20,451,1.8475641855582212,1.75456764700714,0.09299653855108088
2022-07-21,451,1.70822569604771,1.6132174735064395,0.0950082225412706
2022-07-22,446,1.850621521069399,1.7513115430299733,0.09930997803942573
2022-07-25,441,1.8579092237191572,1.7768230429790832,0.08108618074007426
2022-07-26,438,1.9275534715604048,1.8591484441331771,0.06840502742722768
2022-07-27,435,1.9227876814111293,1.8361555880682527,0.08663209334287669
2022-07-28,428,1.6186584419473156,1.4894232636775095,0.12923517826980596
2022-07-29,427,1.6685596078203995,1.529477248868649,0.13908235895175067
2022-08-01,426,1.7443369593482596,1.6177997328489382,0.12653722649932142
2022-08-02,416,1.8496254685541456,1.727671101426869,0.12195436712727645
2022-08-03,409,1.5038406957923633,1.3906952116583342,0.11314548413402925
2022-08-04,401,1.6025013696078556,1.4864345648401147,0.11606680476774084
2022-08-05,403,1.3415761251135652,1.264868884502852,0.07670724061071335
2022-08-08,404,1.2712441025016628,1.2844905064078858,-0.013246403906222979
2022-08-09,407,1.1866449842972657,1.1389357598565684,0.04770922444069738
2022-08-10,407,1.3416890260452037,1.4000825053909995,-0.05839347934579605
2022-08-11,418,1.1389681464973491,1.1061535335036647,0.03281461299368418
2022-08-12,429,1.9125000214087406,2.2209321316669097,-0.30843211025816913
2022-08-15,427,2.1731367138663193,2.562159119076908,-0.38902240521058856
2022-08-16,422,2.412321684654033,2.901732444179457,-0.48941075952542384
2022-08-17,414,2.3304186266376257,2.773516824888621,-0.44309819825099517
2022-08-18,414,2.379198843608183,2.8266336849652456,-0.44743484135706285
2022-08-19,413,2.2426551735172033,2.6074955073731005,-0.3648403338558974
2022-08-22,409,1.8003370298689276,2.0042567039971204,-0.2039196741281927
2022-08-23,407,1.3725014651869503,1.4176826865838101,-0.04518122139685996
2022-08-24,393,1.3530787777581283,1.3871909251493177,-0.03411214739118917
2022-08-25,394,1.3120210248069941,1.329567118982755,-0.017546094175760803
2022-08-26,399,1.151424450864863,1.0580860240449812,0.09333842681988175
2022-08-29,397,1.2498597279367067,1.2462501358189202,0.003609592117786729
2022-08-30,389,1.2254839741434753,1.1882836376326915,0.037200336510783825
2022-08-31,394,1.30294211586684,1.2796942150714423,0.023247900795397625
2022-09-01,406,1.3141070237855965,1.324122884994886,-0.010015861209289722
2022-09-02,408,1.1851350766352753,1.1375166541026278,0.04761842253264774
2022-09-06,413,1.305265651803676,1.319996496706092,-0.0147308449024159
2022-09-07,414,1.8448602404370567,2.075215740495797,-0.23035550005874067
2022-09-08,429,2.413346505547431,2.8324026508313827,-0.4190561452839518
2022-09-09,429,3.341910365456719,4.0839640485381175,-0.7420536830813984
2022-09-12,428,4.143252046564858,5.0472298138780225,-0.9039777673131637
2022-09-13,433,2.965342138387871,3.5622665835024643,-0.5969244451145933
2022-09-14,455,2.4114788412366988,2.809741607334196,-0.3982627660974971
2022-09-15,443,2.6785729558972933,3.191496433532575,-0.5129234776352821
2022-09-16,436,2.675129757905377,3.1588730956238615,-0.4837433377184844
2022-09-19,436,2.1394659018690714,2.4727591524323755,-0.33329325056330406
2022-09-20,436,1.2538416737342135,1.301064355970001,-0.04722268223578753
2022-09-21,438,1.3129141136621707,1.3285009658849352,-0.015586852222764276
2022-09-22,427,1.5678744983875184,1.5858401109171438,-0.01796561252962543
2022-09-23,427,1.7054871182523341,1.7203043607002353,-0.01481724244790147
2022-09-26,428,1.6987310325658016,1.707191243449798,-0.008460210883996332
2022-09-27,428,1.6192968523217948,1.6487865664581165,-0.029489714136321853
2022-09-28,427,1.7322574650676532,1.881439249657425,-0.14918178458977202
2022-09-29,445,1.4685767175203168,1.4320728136475958,0.03650390387272098
2022-09-30,451,1.424794941954665,1.4437622853619125,-0.01896734340724749
2022-10-03,453,1.2953656609612816,1.3262985490602304,-0.030932888098948823
2022-10-04,454,1.3687379769321315,1.495149587008763,-0.12641161007663151
2022-10-05,456,1.5491665775972487,1.7256936885763072,-0.17652711097905843
2022-10-06,463,1.5556668376165936,1.7339737685010388,-0.1783069308844452
2022-10-07,466,1.4016939964118973,1.355306297842632,0.04638769856926527
2022-10-10,466,1.5524956916442676,1.453686763297924,0.09880892834634347
2022-10-11,466,2.0253893192940255,1.8801183380872546,0.14527098120677084
2022-10-12,466,2.2547829875321233,2.100037621515815,0.15474536601630834
2022-10-13,469,1.8213346754830602,1.7317578637965336,0.08957681168652643
2022-10-14,464,3.249286189528587,3.049315278155735,0.19997091137285294
2022-10-17,455,2.3625501837869063,2.2182033609785448,0.14434682280836134
2022-10-18,455,2.0951081025906158,1.980291231790373,0.11481687080024257
2022-10-19,455,1.8656827699327554,1.7794200198907262,0.08626275004202907
2022-10-20,455,2.2393573768061303,2.1628092953976403,0.07654808140849022
2022-10-21,448,2.16749319780891,2.153492289144984,0.014000908663926016
2022-10-24,445,2.1089223760592133,2.1003520616188562,0.008570314440356965
2022-10-25,443,2.025580716223886,2.073188358439549,-0.04760764221566288
2022-10-26,427,1.8723587242937163,1.9892169654419165,-0.1168582411482005
2022-10-27,418,2.3069003568545283,2.229155013782333,0.07774534307219551
2022-10-28,426,2.0998274651216744,2.031305626438126,0.06852183868354851
2022-10-31,421,2.0312546979335417,2.0052659480238564,0.025988749909685586
2022-11-01,416,2.1075783234612158,2.22150618649402,-0.11392786303280424
2022-11-02,406,2.2845959009821453,2.4342037944461548,-0.1496078934640098
2022-11-03,398,2.182083425096434,2.330125651010474,-0.14804222591403998
2022-11-04,402,1.7961368921714582,1.9195439828974559,-0.12340709072599772
2022-11-07,399,1.6141330433427312,1.7035309169678163,-0.08939787362508517
2022-11-08,395,1.6444288087382586,1.752258063261663,-0.10782925452340453
2022-11-09,407,2.19882525575247,2.3898695433771997,-0.19104428762472958
2022-11-10,413,1.1948911820917463,1.2097958273169664,-0.01490464522522009
2022-11-11,412,1.3991375634826146,1.3743560930163692,0.024781470466245247
2022-11-14,417,1.2673516685466595,1.2615314834211382,0.005820185125521108
2022-11-15,401,1.3648321918178514,1.3907311371269466,-0.025898945309095502
2022-11-16,395,1.3720135439033287,1.4229755334261756,-0.0509619895228465
2022-11-17,406,1.4293214906864045,1.4951040061175989,-0.06578251543119475
2022-11-18,408,1.2063721327305406,1.210666367044876,-0.004294234314335689
2022-11-21,408,1.227499150662798,1.2160643432354667,0.011434807427331377
2022-11-22,411,1.326263627139549,1.285451831962346,0.040811795177203104
2022-11-23,401,1.344182915804385,1.3107877317480958,0.033395184056289356
2022-11-25,404,1.382509433625146,1.3393591075468232,0.04315032607832299
2022-11-28,404,1.2284007924199412,1.2246274207076049,0.0037733717123363615
2022-11-29,407,1.3617495608649453,1.3739334559500476,-0.012183895085102491
2022-11-30,411,1.3689946236253454,1.3185371482553727,0.050457475369972776
2022-12-01,415,1.6797214975058503,1.5898810731585495,0.089840424347301
2022-12-02,412,1.8573519578613675,1.7521804078159304,0.10517155004543689
2022-12-05,409,1.6537437180823822,1.5667194233262307,0.08702429475615173
2022-12-06,412,1.4146551975555008,1.349017792037974,0.065637405517527
2022-12-07,411,1.2285978021529471,1.1861290627013221,0.04246873945162495
2022-12-08,427,1.4309433985735125,1.3562034173091637,0.07473998126434879
2022-12-09,428,1.3166464360675474,1.24683021917963,0.06981621688791727
2022-12-12,426,1.533599281203138,1.4435724299743842,0.09002685122875381
2022-12-13,432,1.8679917384368798,1.7401848288563189,0.12780690958056112
2022-12-14,431,1.3825142384970428,1.2965096970975007,0.08600454139954178
2022-12-15,429,1.1332026783103797,1.0774321519874575,0.05577052632292242
2022-12-16,435,1.1182500251556509,1.079829439234419,0.03842058592123186
2022-12-19,437,1.2286183530412624,1.264466957988194,-0.03584860494693144
2022-12-20,431,1.264518424737602,1.27397908523753,-0.009460660499928053
2022-12-21,433,1.325735239330359,1.3554843543390607,-0.02974911500870176
2022-12-22,426,1.4368122154867462,1.5061405774475847,-0.06932836196083866
2022-12-23,428,1.5364090267785229,1.625380331166504,-0.0889713043879812
2022-12-27,430,1.7807638644682005,1.9361022286968361,-0.15533836422863567
2022-12-28,425,2.316931770476171,2.58660251237573,-0.2696707418995584
2022-12-29,441,1.8860729375473164,2.0570606559147686,-0.17098771836745214
2022-12-30,454,1.942028029676729,2.1229616789439096,-0.1809336492671805
2023-01-03,455,1.7622603155617313,1.878484341404252,-0.11622402584252067
2023-01-04,450,1.416189371598419,1.4342499352767992,-0.018060563678380014
2023-01-05,455,1.7576419520174913,1.9054391952655463,-0.14779724324805507
2023-01-06,458,1.7502741030188151,1.8694130864473604,-0.11913898342854509
2023-01-09,461,1.4388503998322244,1.5233122598434718,-0.08446186001124731
2023-01-10,460,1.3883343069901735,1.4536515084978403,-0.06531720150766701
2023-01-11,459,1.3840870854279508,1.4267902196893778,-0.04270313426142686
2023-01-12,464,1.362368931874655,1.3953040980810996,-0.03293516620644449
2023-01-13,461,1.239830531302614,1.234815876036756,0.00501465526585806
2023-01-17,455,1.2444052573552948,1.2937427377046906,-0.049337480349395474
2023-01-18,454,1.6930039063067872,1.8705980065344499,-0.17759410022766267
2023-01-19,458,2.62822066467302,2.9517295661849525,-0.3235089015119326
2023-01-20,458,1.800713528402944,1.9425803181060932,-0.141866789703149
2023-01-23,452,1.4111356558348933,1.457660809504777,-0.04652515366988379
2023-01-24,453,1.4806638082914434,1.5730042403951425,-0.09234043210369912
2023-01-25,448,1.465067303137149,1.5179533637515146,-0.052886060614365446
2023-01-26,436,1.383236672517717,1.4022579143677052,-0.019021241849988185
2023-01-27,431,1.1737313606488171,1.1834124154630425,-0.009681054814225458
2023-01-30,433,1.2849262665751024,1.3534570882497512,-0.06853082167464873
2023-01-31,429,1.2416014718461441,1.2682964573965796,-0.026694985550435535
2023-02-01,424,1.231271067921262,1.2511107850899332,-0.019839717168671295
2023-02-02,414,1.3728307376738698,1.3338660966888483,0.0389646409850214
2023-02-03,409,1.2550595741408361,1.2327105557220097,0.022349018418826316
2023-02-06,411,1.3509751222349309,1.2998485313910693,0.05112659084386149
2023-02-07,410,1.516022942308391,1.4436763606800227,0.07234658162836838
2023-02-08,402,1.3309168553805795,1.285172686668508,0.04574416871207161
2023-02-09,409,1.3450152653230918,1.3005691652720008,0.044446100051091016
2023-02-10,400,1.3705703095515471,1.318520907173078,0.05204940237846932
2023-02-13,390,1.5856427261411312,1.5141744608706889,0.07146826527044237
2023-02-14,397,1.6137003061736503,1.5394008594439013,0.07429944672974921
2023-02-15,392,1.5889123379954309,1.5203156709138537,0.06859666708157716
2023-02-16,399,1.240036648895309,1.2247298737546632,0.01530677514064566
2023-02-17,404,1.2654911214072033,1.247470908328843,0.018020213078360332
2023-02-21,401,1.2838145434565074,1.273467507116554,0.010347036339953396
2023-02-22,399,1.2277851008953544,1.2271631457772356,0.0006219551181185596
2023-02-23,389,1.4077461738560515,1.3523309146994533,0.05541525915659804
2023-02-24,392,1.651478320032815,1.5700176725575887,0.08146064747522604
2023-02-27,405,1.9570572361008491,1.855252555355462,0.10180468074538712
2023-02-28,394,1.7744375953470701,1.7025790166964976,0.07185857865057249
2023-03-01,395,2.1933197505724396,2.082948683789799,0.11037106678264035
2023-03-02,391,2.0369636330461844,1.9314577682388312,0.10550586480735293
2023-03-03,393,2.7183762324499443,2.5323789941164905,0.18599723833345383
2023-03-06,396,2.2495323008539536,2.101967389209327,0.1475649116446265
2023-03-07,399,1.6045613379714396,1.5500863219588434,0.054475016012596494
2023-03-08,402,2.0181211759897075,1.8915997766884227,0.12652139930128486
2023-03-09,422,1.7705786400839958,1.698535431934512,0.07204320814948363
2023-03-10,425,1.4838511566453778,1.4929677778664263,-0.009116621221048539
2023-03-13,427,1.0879066028030904,1.1355948422089768,-0.04768823940588635
2023-03-14,453,1.016155604274136,1.0242370007982142,-0.00808139652407837
2023-03-15,455,1.1377434051671784,1.2074814816593642,-0.0697380764921857
2023-03-16,448,0.979177784667521,1.0293447903636452,-0.050167005696124305
2023-03-17,445,1.492463716042098,1.6162433090225827,-0.12377959298048495
2023-03-20,446,1.2611831703530672,1.3428869260069045,-0.08170375565383749
2023-03-21,446,1.0518322481467237,1.0973891916665388,-0.0455569435198151
2023-03-22,441,1.3962541446489405,1.4771822485187132,-0.0809281038697728
2023-03-23,433,1.5127993261370396,1.592685522015399,-0.07988619587835948
2023-03-24,432,1.281576724467657,1.3501398136192095,-0.06856308915155226
2023-03-27,432,1.2578081684606417,1.3357066380447735,-0.07789846958413177
2023-03-28,433,1.1741738002935003,1.2445784797248296,-0.0704046794313293
2023-03-29,425,1.116430633020559,1.169791029609986,-0.05336039658942721
2023-03-30,445,1.066154828543901,1.0983042974013628,-0.03214946885746174
2023-03-31,452,1.0208653411207704,1.0325558414130616,-0.01169050029229119
2023-04-03,453,0.9742941579392703,0.9882252845481456,-0.01393112660887531
2023-04-04,457,1.0483562785804592,1.0783388012626534,-0.029982522682193993
2023-04-05,457,1.0934204898202002,1.1232698575262057,-0.02984936770600538
2023-04-06,467,1.0937618402909688,1.131709617138479,-0.037947776847510245
2023-04-10,468,1.1042357330411599,1.1301189397286733,-0.025883206687513437
2023-04-11,463,1.2411426614751462,1.2153161344102217,0.025826527064924474
2023-04-12,463,1.286362041717327,1.2494319527463122,0.03693008897101445
2023-04-13,466,1.320531068291536,1.2998399856733154,0.02069108261822066
2023-04-14,456,1.2680221284926414,1.277490783107806,-0.0094686546151647
2023-04-17,456,1.2388261084220433,1.2390365927352915,-0.00021048431324826767
2023-04-18,454,1.486230109021842,1.445867171820406,0.040362937201435974
2023-04-19,452,1.5943341662121144,1.5427734631967347,0.05156070301537971
2023-04-20,451,1.6649676963294084,1.603364186951724,0.06160350937768456
2023-04-21,446,1.4256659817532833,1.4026058455078811,0.023060136245402218
2023-04-24,444,1.5265285681128369,1.5018809656123577,0.02464760250047884
2023-04-25,442,1.5164500349777514,1.5465609531845097,-0.030110918206758357
2023-04-26,439,1.6017085989641777,1.6582203978912302,-0.05651179892705249
2023-04-27,429,1.5393437686364713,1.546216402224381,-0.006872633587909445
2023-04-28,427,1.6151541500231814,1.5931467236229773,0.022007426400204283
2023-05-01,425,1.568258941429508,1.5615207827310116,0.006738158698496416
2023-05-02,421,1.579137390609608,1.5788659565617025,0.00027143404790580305
2023-05-03,416,1.486520374879755,1.5303067772847379,-0.04378640240498284
2023-05-04,411,1.6424947173642992,1.7313906122511558,-0.08889589488685641
2023-05-05,411,1.428217670503762,1.4547150516899061,-0.0264973811861442
2023-05-08,409,1.3694806391762788,1.4016677724763462,-0.03218713330006749
2023-05-09,410,1.3814267872703243,1.394570623437747,-0.013143836167422582
2023-05-10,411,1.4505216668629324,1.432442477222829,0.018079189640103435
2023-05-11,416,1.6851203522585405,1.6739257680451987,0.011194584213342117
2023-05-12,419,1.9968166264275942,2.0043844009846947,-0.007567774557100234
2023-05-15,412,1.9585833078063841,1.9500440247497173,0.008539283056666683
2023-05-16,399,1.7185855190628359,1.7295425260322121,-0.010957006969376308
2023-05-17,390,1.6458175732213123,1.6510329676397322,-0.005215394418419937
2023-05-18,400,1.301410400035064,1.332084109421642,-0.030673709386577964
2023-05-19,404,1.3341345375804183,1.360696319585454,-0.02656178200503552
2023-05-22,404,1.3543977356519667,1.3807857951068638,-0.026388059454897268
2023-05-23,405,1.4653951849782347,1.528234054097547,-0.0628388691193124
2023-05-24,392,1.8253832162798989,1.917465486355438,-0.09208227007553915
2023-05-25,399,1.562815147331339,1.660456353799497,-0.09764120646815821
2023-05-26,410,1.454807177258702,1.5411448252650346,-0.08633764800633294
2023-05-30,413,1.6849868827927343,1.7953809412373944,-0.11039405844466033
2023-05-31,408,1.9026780411377484,2.031850449232936,-0.12917240809518782
2023-06-01,410,1.917529655802996,2.0601766758491733,-0.1426470200461774
2023-06-02,409,1.3530303789415834,1.4239160031678992,-0.07088562422631557
2023-06-05,408,1.305623248175949,1.3768460607225204,-0.07122281254657119
2023-06-06,410,1.17135067936601,1.2296395620401153,-0.058288882674105154
2023-06-07,411,1.2237418872975585,1.2659839920578368,-0.04224210476027841
2023-06-08,424,1.1332009026221623,1.1546809923575978,-0.021480089735435397
2023-06-09,426,1.0512284660398228,1.0832430343112245,-0.03201456827140173
2023-06-12,426,1.1042280882412374,1.1547101343507467,-0.05048204610950932
2023-06-13,433,1.0639452265234295,1.0937421987071743,-0.029796972183744743
2023-06-14,436,1.0403315349602165,1.0857759930323962,-0.045444458072179894
2023-06-15,441,1.0048635739235623,1.0401166915298479,-0.03525311760628551
2023-06-16,441,0.9915930684921109,1.0307247615644823,-0.039131693072371354
2023-06-20,441,0.9774104172760131,1.0266077198809382,-0.049197302604925164
2023-06-21,435,0.929623944591997,0.966985218540657,-0.03736127394866
2023-06-22,430,1.0216739332017182,1.0717688018050353,-0.050094868603317216
2023-06-23,430,1.2814879308854257,1.3659734685117004,-0.0844855376262749
2023-06-26,430,1.415815224248389,1.5165556859863105,-0.10074046173792159
2023-06-27,428,1.2035457206620765,1.278853926280984,-0.07530820561890748
2023-06-28,423,1.3534517072618046,1.4528130493417337,-0.09936134207992926
2023-06-29,440,1.12616027013386,1.1998697789659911,-0.07370950883213095
2023-06-30,449,1.0952032747449842,1.155676961072343,-0.060473686327358785
2023-07-03,454,1.1530328382009747,1.2252613028984578,-0.07222846469748319
2023-07-05,455,1.3428048855041739,1.4394626204890477,-0.09665773498487384
2023-07-06,456,1.419388282255283,1.531479166676354,-0.11209088442107124
2023-07-07,465,1.3205571729707888,1.42726718994313,-0.106710016972341
2023-07-10,466,1.2554916392308748,1.3431133074623984,-0.0876216682315234
2023-07-11,465,1.125441031044229,1.1879430018235577,-0.06250197077932869
2023-07-12,464,1.1516780387122707,1.208840628672703,-0.057162589960432275
2023-07-13,466,1.1720037887174284,1.1818314671991126,-0.009827678481684397
2023-07-14,460,1.2694432024990336,1.3207934188474129,-0.05135021634837944
2023-07-17,452,1.2630178766106106,1.3139970995737216,-0.050979222963110804
2023-07-18,451,1.1803580334882864,1.2079849336638095,-0.0276269001755234
2023-07-19,452,1.2870080330651188,1.2848569405995787,0.002151092465540014
2023-07-20,455,1.3987682584633434,1.382884404878959,0.01588385358438427
2023-07-21,447,1.5746487540247058,1.5408060992159631,0.033842654808742885
2023-07-24,443,1.5739540192459314,1.5593988561825645,0.014555163063366681
2023-07-25,441,1.670366879927497,1.623826596136906,0.04654028379059113
2023-07-26,436,1.660426320450336,1.6057421821691673,0.05468413828116879
2023-07-27,427,1.5230014542705652,1.5040845091142379,0.018916945156327344
2023-07-28,430,1.630693367923271,1.5954576993170695,0.03523566860620124
2023-07-31,428,1.6385672694410578,1.5970158251643027,0.04155144427675531
2023-08-01,422,1.7419093440587938,1.6690521008927588,0.07285724316603508
2023-08-02,414,1.5981123439270681,1.5323440844445286,0.06576825948253921
2023-08-03,404,1.5778310316492927,1.4988065728867817,0.07902445876251123
2023-08-04,405,1.4020070559426254,1.3492855375070933,0.05272151843553208
2023-08-07,408,1.5926033820962011,1.5169877095726094,0.07561567252359142
2023-08-08,407,1.5132215962086855,1.4506115693539854,0.06261002685470031
2023-08-09,412,1.2308772631411025,1.201490619450854,0.029386643690248578
2023-08-10,419,1.3152347876392245,1.2560458900325755,0.05918889760664896
2023-08-11,419,1.2301523949756756,1.185180636384092,0.04497175859158353
2023-08-14,426,1.0946857750148427,1.0658881836397118,0.028797591375130993
2023-08-15,430,0.911989547198032,0.9419207885391169,-0.029931241341084755
2023-08-16,425,0.9549707980544526,1.0041775515190556,-0.04920675346460295
2023-08-17,412,1.1242271592060833,1.1954678714875324,-0.07124071228144933
2023-08-18,412,1.2028467135141094,1.2848809175228895,-0.08203420400877982
2023-08-21,407,1.1114525633839836,1.1588698404841609,-0.04741727710017721
2023-08-22,406,1.1016027922857445,1.1454218635498374,-0.043819071264092804
2023-08-23,392,1.0539813374177789,1.074293701123414,-0.020312363705634967
2023-08-24,394,1.1178200729906511,1.1650757097337903,-0.047255636743139186
2023-08-25,401,1.1122913899995066,1.1486383927293664,-0.03634700272985966
2023-08-28,397,1.1192356653823323,1.130287128426542,-0.01105146304420979
2023-08-29,397,1.240016773890009,1.2156113788946936,0.024405394995315507
2023-08-30,383,1.1923347947886185,1.1827582225763322,0.00957657221228624
2023-08-31,405,1.20625601720447,1.1739471059669082,0.03230891123756194
2023-09-01,408,1.264946244295685,1.2227438150554972,0.04220242924018777
2023-09-05,415,1.1422256950789327,1.1265655901496776,0.01566010492925514
2023-09-06,418,1.2001551743408723,1.1787494309234579,0.021405743417414413
2023-09-07,431,1.3861890949127296,1.3202990925220326,0.06589000239069716
2023-09-08,430,1.3673757327583735,1.2970049836095117,0.070370749148862
2023-09-11,427,1.384658827286378,1.3159532749632314,0.06870555232314654
2023-09-12,432,1.567645973089913,1.4560821331064135,0.11156383998349942
2023-09-13,434,1.469384300906791,1.3675510071447192,0.10183329376207194
2023-09-14,440,1.5471296848251035,1.4339755952286153,0.11315408959648793
2023-09-15,439,1.3889215383864453,1.2964092949691144,0.09251224341733118
2023-09-18,440,1.665193542560304,1.5351111731492197,0.13008236941108411
2023-09-19,439,1.9003487066957256,1.7323802957318366,0.1679684109638887
2023-09-20,440,1.6725151067839557,1.5466062413949697,0.12590886538898613
2023-09-21,430,1.4289992134884815,1.3511807130035731,0.07781850048490827
2023-09-22,426,1.280197563270124,1.2490350773957108,0.031162485874413084
2023-09-25,429,1.22473279335453,1.2109882075035248,0.01374458585100505
2023-09-26,430,1.056654422493277,1.0950035159674116,-0.03834909347413454
2023-09-27,427,1.110274009791988,1.1503078236592104,-0.04003381386722228
2023-09-28,444,1.2525263127259738,1.2369386773023554,0.01558763542361858
2023-09-29,449,1.2342817497750103,1.2179616970129301,0.01632005276208003
2023-10-02,449,1.2431381564873942,1.2730242646389145,-0.029886108151520277
2023-10-03,451,1.3529773507557155,1.4256656917111927,-0.07268834095547728
2023-10-04,453,1.2375228968036962,1.248526785557329,-0.011003888753632899
2023-10-05,461,1.194386575528357,1.1820794651523605,0.012307110375996454
2023-10-06,466,1.3403826626095021,1.2813243524681999,0.05905831014130229
2023-10-09,465,1.4435193661218926,1.36126849296104,0.08225087316085279
2023-10-10,464,1.4939778407149882,1.4169639682590478,0.07701387245594046
2023-10-11,468,1.9797014180848231,1.8315304686647091,0.148170949420114
2023-10-12,470,1.7901746712091453,1.6894796988259584,0.10069497238318702
2023-10-13,471,1.8624193324024982,1.73198696422837,0.13043236817412832
2023-10-16,466,1.970264201475576,1.831929713182346,0.13833448829323017
2023-10-17,453,1.8435765026557889,1.7229942013066497,0.12058230134913911
2023-10-18,453,1.5389515174351844,1.4812529144686757,0.05769860296650899
2023-10-19,454,1.3810711467532468,1.3887077202500537,-0.007636573496806821
2023-10-20,453,1.7712802327555328,1.8369213949917418,-0.06564116223620894
2023-10-23,449,1.7947617857111524,1.8608212399540311,-0.0660594542428788
2023-10-24,447,1.65714891630011,1.7126481273197702,-0.05549921101966017
2023-10-25,443,1.957168921407358,2.0324315698557323,-0.07526264844837456
2023-10-26,432,1.840512546539803,1.9172205242914175,-0.07670797775161464
2023-10-27,425,2.2604087221769213,2.376447904693033,-0.11603918251611157
2023-10-30,426,1.9651530574862455,2.062940907170286,-0.09778784968404072
2023-10-31,422,2.5015530199098652,2.625735658649182,-0.12418263873931634
2023-11-01,415,2.451197188052442,2.5687608745666823,-0.11756368651424047
2023-11-02,400,1.773006357945282,1.845316953157579,-0.07231059521229705
2023-11-03,399,1.358854533603742,1.4114285989008817,-0.05257406529713981
2023-11-06,396,1.5227714382289756,1.5886694248735695,-0.0658979866445937
2023-11-07,395,1.3514898709578347,1.4228516358988488,-0.07136176494101415
2023-11-08,391,1.4003598421946186,1.473402788368456,-0.07304294617383726
2023-11-09,399,1.673736753482554,1.7729418391018892,-0.09920508561933515
2023-11-10,404,1.3376835014363275,1.4212554789969807,-0.08357197756065299
2023-11-13,409,1.4116976046696794,1.4929169818659722,-0.08121937719629303
2023-11-14,414,1.07655833775239,1.124565138778459,-0.048006801026069044
2023-11-15,387,1.0759142090788714,1.1254572666820768,-0.049543057603205515
2023-11-16,403,1.3712791307604077,1.4546893187387813,-0.08341018797837327
2023-11-17,407,1.3431779015797147,1.4213364307301377,-0.07815852915042308
2023-11-20,407,1.2361671318880503,1.2925393207050573,-0.05637218881700704
2023-11-21,408,1.3316044069938948,1.387260307206542,-0.055655900212647415
2023-11-22,399,1.3853929071028315,1.443702923822778,-0.05831001671994674
2023-11-24,402,1.392710270423536,1.4534068514989917,-0.060696581075455676
2023-11-27,404,1.466245165627902,1.546184650716089,-0.07993948508818677
2023-11-28,399,1.5608135937934355,1.6446979315367225,-0.08388433774328703
2023-11-29,407,1.8547957108498954,1.9831323323955605,-0.1283366215456655
2023-11-30,415,2.340501504247083,2.4861204716174012,-0.14561896737031824
2023-12-01,411,1.6621344562255183,1.759116636005514,-0.09698217977999594
2023-12-04,407,1.5462337680175757,1.6572424387131397,-0.11100867069556374
2023-12-05,412,1.9443480827726867,2.1042172320413335,-0.15986914926864682
2023-12-06,410,1.5594992567192383,1.6584121725552974,-0.09891291583605942
2023-12-07,427,1.6516965155471826,1.7636677839977895,-0.11197126845060683
2023-12-08,430,1.5623892602007754,1.6796451508350798,-0.11725589063430443
2023-12-11,429,1.5498270033489383,1.6631331019558835,-0.11330609860694534
2023-12-12,429,1.631111301443956,1.7405709630529338,-0.1094596616089779
2023-12-13,413,1.2156513086072291,1.275305906549984,-0.059654597942755086
2023-12-14,426,0.8661161924796357,0.8805954776013384,-0.014479285121702677
2023-12-15,432,0.9500853374155217,0.9607240659910425,-0.010638728575520982
2023-12-18,436,1.0275728670514637,1.0047854187401188,0.022787448311344657
2023-12-19,431,1.1055714064474922,1.0607869502918466,0.04478445615564565
2023-12-20,436,1.0311263854476316,1.034564767047111,-0.0034383815994793493
2023-12-21,434,1.0005466424587917,1.0008543781945831,-0.00030773573579150016
2023-12-22,428,1.0281725173191956,1.010329389328294,0.01784312799090153
2023-12-26,429,1.0753672114283879,1.0557561284714247,0.019611082956963084
2023-12-27,431,1.1277206450853523,1.1025712740529157,0.025149371032436654
2023-12-28,446,1.1681535306767108,1.1390093846822809,0.02914414599442964
2023-12-29,457,1.2073705040547578,1.1737063060109116,0.03366419804384612
2024-01-02,458,1.3156820791375416,1.274970177236582,0.04071190190095967
2024-01-03,453,1.3041695763823025,1.3120810743828515,-0.00791149800054919
2024-01-04,456,1.3995190129964665,1.4327992121677469,-0.03328019917128033
2024-01-05,456,1.495792861325675,1.539655605104202,-0.04386274377852704
2024-01-08,456,1.345042885465584,1.359036995220051,-0.013994109754466787
2024-01-09,461,1.3824488301281825,1.3912323724097744,-0.008783542281591861
2024-01-10,461,1.3169247830571098,1.3426061608316224,-0.025681377774512525
2024-01-11,465,1.171273859034249,1.199955942178683,-0.02868208314443384
2024-01-12,469,1.2100404272813363,1.2571977525352842,-0.047157325253948223
2024-01-16,463,1.2763516064117435,1.332745257460162,-0.05639365104841844
2024-01-17,455,1.1841362480058713,1.2261919682336369,-0.04205572022776538
2024-01-18,458,1.302891323078679,1.3646627209444582,-0.06177139786577934
2024-01-19,458,1.272230042396124,1.3153657754667887,-0.043135733070664956
2024-01-22,456,1.3061669482004827,1.317339480585898,-0.01117253238541519
2024-01-23,456,1.2658253555114678,1.2981163672708362,-0.03229101175936829
2024-01-24,453,1.3985979307252219,1.4602040297462624,-0.06160609902104047
2024-01-25,442,1.4726125626103097,1.5127954900962912,-0.04018292748598166
2024-01-26,437,1.5484862567942481,1.5912539774512968,-0.04276772065704856
2024-01-29,436,1.417357277231743,1.4523754863917708,-0.03501820916002774
2024-01-30,439,1.4941328209301048,1.483992206195978,0.010140614734126759
2024-01-31,438,1.6902184944037575,1.7408211167037342,-0.05060262229997668
2024-02-01,423,1.62092455857732,1.6690152092200008,-0.04809065064268074
2024-02-02,415,1.4601497759107593,1.4969391460793446,-0.0367893701685853
2024-02-05,410,1.4060108993374902,1.359017917537614,0.046992981799876446
2024-02-06,408,1.2779660179845242,1.242268056915481,0.03569796106904349
2024-02-07,400,1.366145578357373,1.3102564447002514,0.05588913365712205
2024-02-08,405,1.3126186807282927,1.2692671037861836,0.04335157694210885
2024-02-09,405,1.2855617190743776,1.2539184773809469,0.03164324169343076
2024-02-12,405,1.3230588500980693,1.2887386521206623,0.03432019797740684
2024-02-13,399,1.5425021283984153,1.4708808084611482,0.07162131993726714
2024-02-14,386,1.4077003797710739,1.3491171438771166,0.058583235893957024
2024-02-15,396,1.3812435122281765,1.3412454464406762,0.0399980657875002
2024-02-16,405,1.5773396718564128,1.5265028355231194,0.05083683633329343
2024-02-20,405,1.601862150304889,1.5491189130971958,0.05274323720769312
2024-02-21,404,1.7711688446507836,1.6922486651688042,0.07892017948197923
2024-02-22,392,1.5160175360519355,1.4643768836211675,0.05164065243076793
2024-02-23,392,1.348910184496906,1.3060224478435734,0.04288773665333275
2024-02-26,396,1.2973458245685843,1.2607507742452444,0.03659505032333993
2024-02-27,390,1.2347255371517971,1.196445586516901,0.03827995063489606
2024-02-28,396,1.279204060143321,1.24443946248978,0.03476459765354099
2024-02-29,385,1.1114780349562596,1.0926590100015818,0.01881902495467785
2024-03-01,391,1.1848357520610706,1.184494448974624,0.0003413030864466225
2024-03-04,390,1.2136314725464281,1.2131656881407449,0.00046578440568332467
2024-03-05,397,1.1948570557886216,1.1887764325342294,0.006080623254392297
2024-03-06,396,1.2064427260625201,1.19258476053766,0.01385796552486002
2024-03-07,418,1.2117658904685285,1.193872173038615,0.0178937174299135
2024-03-08,422,1.1531185333481604,1.1423364818335406,0.010782051514619674
2024-03-11,423,1.209768399756094,1.1964361726294572,0.013332227126636724
2024-03-12,431,1.1516084546480783,1.1452122026392664,0.0063962520088119736
2024-03-13,410,1.0457901661396276,1.0210632100460302,0.024726956093597516
2024-03-14,436,1.1495758271508671,1.1130767298469322,0.03649909730393494
2024-03-15,436,1.0719961666368851,1.032279622938111,0.03971654369877416
2024-03-18,439,0.9981421755865563,0.9730258230412865,0.02511635254526978
2024-03-19,437,1.0899966311046703,1.0605466810970663,0.029449950007604055
2024-03-20,437,1.0700252375227675,1.0659540337880877,0.004071203734679814
2024-03-21,437,1.074203471940903,1.0669768041221,0.007226667818803147
2024-03-22,436,0.9868742849538427,0.9765320450625206,0.010342239891322146
2024-03-25,429,0.9631164540195676,0.9499487746581196,0.013167679361448045
2024-03-26,428,1.0891365218672109,1.089413408284042,-0.0002768864168311783
2024-03-27,450,1.2579505952395151,1.2756494281044524,-0.01769883286493734
2024-03-28,452,1.6016522665891835,1.6608246077376034,-0.059172341148420037
2024-04-01,453,1.6147847772262087,1.6841433796070122,-0.06935860238080357
2024-04-02,454,1.5260679534535861,1.5717328123385075,-0.045664858884921354
2024-04-03,457,1.6234941805309064,1.6825417297040737,-0.05904754917316717
2024-04-04,458,1.4599936761272856,1.4902175197703658,-0.03022384364308005
2024-04-05,456,1.6719710928974942,1.7371528019293387,-0.06518170903184442
2024-04-08,459,1.5327073888825404,1.586267430319864,-0.05356004143732347
2024-04-09,462,1.3969298641762447,1.4285402587810285,-0.03161039460478384
2024-04-10,462,1.2119343518601218,1.2161845577513941,-0.004250205891272324
2024-04-11,464,1.3562362974344488,1.3763932788617623,-0.02015698142731374
2024-04-12,470,1.1938172392879292,1.172924274844373,0.020892964443556542
2024-04-15,466,1.2587572947826293,1.2284870854452472,0.030270209337382108
2024-04-16,457,1.3438138180491925,1.326795645873832,0.017018172175360505
2024-04-17,455,1.3211460575440304,1.3110317106509102,0.010114346893120197
2024-04-18,458,1.4624970253288014,1.4331504723265787,0.029346553002222876
2024-04-19,455,1.602632340848773,1.5655785615344773,0.03705377931429583
2024-04-22,452,1.6669200251367633,1.6306628586361656,0.03625716650059776
2024-04-23,452,1.4887117769085234,1.4592394470692707,0.029472329839252746
2024-04-24,452,1.4367023494607132,1.4141158470594115,0.022586502401301792
2024-04-25,440,1.4163039736875425,1.3802163084826795,0.03608766520486262
2024-04-26,430,1.4233248453346412,1.386308736820512,0.03701610851412929
2024-04-29,432,1.2877545019373837,1.259627969256708,0.028126532680675494
2024-04-30,429,1.5342982188038197,1.486554979600939,0.04774323920288059
2024-05-01,422,1.7482276962396128,1.6799918408694818,0.06823585537013106
2024-05-02,408,1.409739826791045,1.3625296410655086,0.04721018572553658
2024-05-03,407,1.2627830266287132,1.211735887958215,0.05104713867049822
2024-05-06,407,1.1695490213242783,1.1335962985130126,0.0359527228112657
2024-05-07,407,1.1086228316095537,1.072169666148642,0.036453165460911825
2024-05-08,406,1.129343856145851,1.0927397048579939,0.03660415128785713
2024-05-09,408,1.154537439173307,1.1522287011296486,0.0023087380436583645
2024-05-10,411,1.2454627040632145,1.2308468180575232,0.014615886005691407
2024-05-13,415,1.3614816265357546,1.364890674638736,-0.003409048102981323
2024-05-14,423,1.4895380281231911,1.5197420860212894,-0.030204057898097967
2024-05-15,427,1.5300573951273213,1.5740474219482556,-0.04399002682093426
2024-05-16,425,1.2372781690112578,1.265244135654271,-0.027965966643013363
2024-05-17,417,1.39061147064724,1.418551098004396,-0.02793962735715584
2024-05-20,414,1.4004524386061767,1.4372040598151168,-0.03675162120894019
2024-05-21,415,1.2890524134292198,1.3034136680351267,-0.014361254605907104
2024-05-22,414,1.2572510303802364,1.2777665615625198,-0.02051553118228346
2024-05-23,407,1.1500399742979297,1.1620521062788332,-0.012012131980903399
2024-05-24,404,1.1045133737174533,1.1299718731239772,-0.02545849940652379
2024-05-28,403,1.0906905241535099,1.11283953686205,-0.022149012708540132
2024-05-29,401,1.1477582217539941,1.1414049725662183,0.006353249187775799
2024-05-30,404,1.1791042334567414,1.178358816362267,0.0007454170944742807
2024-05-31,393,1.373717471861185,1.3870208936892734,-0.013303421828088286
2024-06-03,400,1.3106650305911713,1.3123746402665362,-0.0017096096753644852
2024-06-04,399,1.3473730774106114,1.345183796305211,0.002189281105400467
2024-06-05,401,1.0905447927169936,1.0951682736298916,-0.0046234809128978755
2024-06-06,400,1.0599198789508901,1.055937052818486,0.003982826132403992
2024-06-07,415,0.9915015519582717,0.9762678701487052,0.015233681809566543
2024-06-10,425,0.9809939607095934,0.980151014389011,0.0008429463205823866
2024-06-11,425,0.958735223419325,0.9634200145534744,-0.004684791134149421
2024-06-12,428,0.9554913328441125,0.9693957083798503,-0.013904375535737975
2024-06-13,407,1.0530652146860322,1.0617225049067587,-0.008657290220726605
2024-06-14,428,1.05257341380881,1.0456472778459274,0.006926135962882654
2024-06-17,435,1.060561691501518,1.063045555811333,-0.002483864309815136
2024-06-18,442,1.073299658536299,1.07803104265547,-0.004731384119170933
2024-06-20,435,1.0481738606250528,1.0666555152286,-0.01848165460354709
2024-06-21,433,1.033923628172909,1.040014445469894,-0.006090817296985057
2024-06-24,432,1.197458970235785,1.2120041947982714,-0.014545224562486372
2024-06-25,426,1.0455719718015508,1.029195534548512,0.016376437253039024
2024-06-26,424,1.0602069661224869,1.0319843791391947,0.028222586983292268
2024-06-27,424,1.1281045011958433,1.0945219172645535,0.03358258393128987
2024-06-28,439,1.1317840766029512,1.1024084268359382,0.029375649767012905
2024-07-01,448,1.7301821038650635,1.6834873262794094,0.046694777585654365
2024-07-02,449,1.6663335847664775,1.6393038615882134,0.027029723178264176
2024-07-03,450,1.5912419369372843,1.577117213138799,0.014124723798485297
2024-07-05,454,1.542128487803203,1.5173962325903279,0.0247322552128751
2024-07-08,456,1.6014623147448883,1.5805827739392608,0.020879540805627577
2024-07-09,459,1.5550667294439442,1.5420459031858604,0.013020826258083725
2024-07-10,464,1.4823655937647167,1.503935995359842,-0.02157040159512523
2024-07-11,467,1.546068784018598,1.5731891171144643,-0.027120333095866273
2024-07-12,465,1.698862913070534,1.7246343783606077,-0.025771465290073934
2024-07-15,472,1.6648588068166823,1.6868923714450121,-0.02203356462832982
2024-07-16,471,1.8473145531073834,1.9030656382140272,-0.05575108510664379
2024-07-17,463,1.4417465433443346,1.4413025830191353,0.0004439603251993265
2024-07-18,455,1.736521880787998,1.7597068714840678,-0.02318499069606988
2024-07-19,457,2.150597211248395,2.216453352549979,-0.06585614130158372
2024-07-22,456,2.5417953984155166,2.680712553121718,-0.13891715470620208
2024-07-23,454,2.2679072773027067,2.3800246182552827,-0.1121173409525755
2024-07-24,450,2.0056826683856444,2.099151460782571,-0.09346879239692717
2024-07-25,450,1.6293788546855286,1.661551706708398,-0.03217285202286933
2024-07-26,446,1.6114928508480766,1.6769150724576936,-0.0654222216096168
2024-07-29,435,1.662226938199426,1.7310694506129842,-0.06884251241355814
2024-07-30,434,1.5619309297076294,1.5960933974292577,-0.03416246772162824
2024-07-31,436,1.5907352460218995,1.630587047837045,-0.039851801815145534
2024-08-01,426,1.1815728688493756,1.167914024976819,0.013658843872556491
2024-08-02,414,1.392972123900015,1.3301197042094175,0.06285241969059743
2024-08-05,411,2.0706643940111533,1.9239246524612736,0.14673974154987995
2024-08-06,409,1.6136945680484893,1.5126565381404358,0.10103802990805355
2024-08-07,407,2.018467015345532,1.885910113749931,0.13255690159560124
2024-08-08,405,1.2663371638454262,1.200659424561793,0.0656777392836334
2024-08-09,408,1.485632334224843,1.4030529007787107,0.08257943344613246
2024-08-12,415,1.5488486508406643,1.4513311183545543,0.09751753248610964
2024-08-13,412,1.269436083607648,1.2001854748215917,0.06925060878605611
2024-08-14,418,1.1595592191751225,1.1098267450772659,0.04973247409785657
2024-08-15,434,1.1044967341922274,1.0846606536590242,0.01983608053320325
2024-08-16,427,1.1769434498040114,1.1447174063324117,0.03222604347159968
2024-08-19,417,1.180901772935363,1.2132030664046005,-0.032301293469237394
2024-08-20,413,1.2040036488025687,1.221541783150909,-0.017538134348340045
2024-08-21,413,1.230012807321941,1.277689735901855,-0.04767692857991406
2024-08-22,402,1.309124617464339,1.3777627005628954,-0.06863808309855629
2024-08-23,399,1.4007220701347651,1.48036787362024,-0.07964580348547474
2024-08-26,398,1.4184168750868202,1.475965208416878,-0.05754833333005793
2024-08-27,399,1.2701941313676597,1.2891981456772368,-0.019004014309577048
2024-08-28,395,1.194095271540814,1.18269282365316,0.01140244788765394
2024-08-29,375,1.1949256893998992,1.158893290676698,0.03603239872320116
2024-08-30,382,1.2544937397946203,1.2254581220553507,0.029035617739269715
2024-09-03,392,1.2393708060846196,1.1870532863585899,0.052317519726029764
2024-09-04,399,1.2425497272503014,1.191965315949926,0.05058441130037559
2024-09-05,403,1.505498956282502,1.4473039962607595,0.058194960021742397
2024-09-06,412,1.7532800955809171,1.6898407631059573,0.06343933247495973
2024-09-09,417,1.6314009482498404,1.5698238355300136,0.061577112719826625
2024-09-10,422,1.701521590067176,1.6377174244281412,0.06380416563903503
2024-09-11,425,1.4178560670588347,1.363742387702377,0.05411367935645763
2024-09-12,426,1.501372409981874,1.4551480769722334,0.04622433300964037
2024-09-13,443,1.3088490642916415,1.2664771510298412,0.042371913261800245
2024-09-16,439,1.1781180118609085,1.1438383214558565,0.03427969040505195
2024-09-17,437,1.0527698480452468,1.0183030834503133,0.034466764594933585
2024-09-18,436,1.1275422771763135,1.0898509524788766,0.03769132469743688
2024-09-19,437,1.1567610751412658,1.1399289337655698,0.016832141375696004
2024-09-20,433,1.1607599375158708,1.1155366983338229,0.04522323918204803
2024-09-23,432,1.1897621957089612,1.1645983564067943,0.02516383930216697
2024-09-24,431,1.057618493304103,1.027136213954587,0.030482279349516174
2024-09-25,429,1.0845593849422326,1.0366004536917919,0.047958931250440685
2024-09-26,424,1.1339563907527592,1.0986829247019552,0.03527346605080401
2024-09-27,427,1.1676852232045751,1.1330231849545744,0.03466203825000059
2024-09-30,447,1.1357945160904839,1.0968881511894804,0.038906364901003396
2024-10-01,451,1.137109896991153,1.087891779469216,0.04921811752193693
2024-10-02,453,1.1680699842114433,1.106143880734927,0.06192610347651634
2024-10-03,454,1.283469352730221,1.2329103398967758,0.050559012833445195
2024-10-04,458,1.1981563192875802,1.1543298003601858,0.043826518927394136
2024-10-07,459,1.2290670661769332,1.189796623433169,0.03927044274376411
2024-10-08,459,1.143557077806427,1.1045283956950855,0.03902868211134154
2024-10-09,460,1.155023811030609,1.1341437430982217,0.02088006793238725
2024-10-10,469,1.2191733515937841,1.1943895720616184,0.024783779532165727
2024-10-11,469,1.1928714308696824,1.1878614756438555,0.005009955225826749
2024-10-14,468,1.2136326652859235,1.2081049005904207,0.005527764695502797
2024-10-15,474,1.26936789070075,1.264958373235035,0.004409517465714893
2024-10-16,474,1.4104564166332356,1.4380219216235806,-0.02756550499034492
2024-10-17,467,1.6796665412224632,1.7328250619174819,-0.053158520695018634
2024-10-18,465,1.7378533080202516,1.7995077805727153,-0.06165447255246369
2024-10-21,459,1.5966267592727563,1.6485465860152286,-0.051919826742472155
2024-10-22,458,1.433495497221166,1.4533304603460087,-0.019834963124842637
2024-10-23,458,2.1001178870643966,2.0936719341230963,0.006445952941300408
2024-10-24,454,1.987666186809629,1.9967438733621434,-0.009077686552514641
2024-10-25,443,2.1188790070686343,2.1155831349017027,0.0032958721669318915
2024-10-28,444,2.2945632468411263,2.288550751941835,0.006012494899291777
2024-10-29,438,2.24391741952097,2.2548167745823515,-0.01089935506138152
2024-10-30,429,2.190949984707925,2.2000391501937835,-0.00908916548585886
2024-10-31,427,2.104979925560463,2.085073407439031,0.019906518121432182
2024-11-01,412,2.095584484705975,2.066704526468311,0.02887995823766406
2024-11-04,408,2.2228230959342277,2.1709924661504907,0.051830629783736835
2024-11-05,408,2.063192515633041,2.032251377686817,0.03094113794622399
2024-11-06,405,1.6570228203024586,1.674548339723658,-0.01752551942119928
2024-11-07,401,1.5253724459411617,1.5173833561462646,0.007989089794897104
2024-11-08,407,1.3594028362414943,1.3513841152678847,0.00801872097360949
2024-11-11,403,1.2239733441696892,1.198327868473595,0.02564547569609411
2024-11-12,405,1.2624577798485628,1.2179227589406423,0.044535020907920504
2024-11-13,410,1.2848148341691183,1.2387290150121681,0.046085819156950335
2024-11-14,401,1.264243869341287,1.2035539374994368,0.06068993184185009
2024-11-15,405,1.3559361854670142,1.2850949876131723,0.07084119785384198
2024-11-18,413,1.207188256478242,1.1540904494933844,0.053097806984857665
2024-11-19,410,1.2827423159797544,1.2119078911442676,0.07083442483548683
2024-11-20,407,1.1843357234178313,1.1342556716509153,0.050080051766916024
2024-11-21,399,1.235105302232754,1.2054804708607714,0.02962483137198265
2024-11-22,396,1.230560308584933,1.2448772780732877,-0.014316969488354583
2024-11-25,395,1.3272116998904944,1.3790713915121093,-0.0518596916216151
2024-11-26,396,1.4042526041114263,1.4638953421257415,-0.05964273801431547
2024-11-27,401,1.4966535220587214,1.5539928746835978,-0.057339352624876674
2024-11-29,398,1.6496883361792436,1.733091206078742,-0.08340286989949829
2024-12-02,403,1.7172683385624765,1.811412766615289,-0.09414442805281283
2024-12-03,401,1.6954358588671565,1.7963193121858503,-0.10088345331869357
2024-12-04,403,2.327181959105447,2.5353701700940388,-0.20818821098859155
2024-12-05,410,2.299583185237105,2.479488780486329,-0.17990559524922406
2024-12-06,417,1.8546008653588173,1.9765106665145584,-0.1219098011557413
2024-12-09,426,1.6959429845573666,1.7927976584122787,-0.09685467385491231
2024-12-10,431,1.3979112191345564,1.4488801922031662,-0.05096897306860992
2024-12-11,430,1.3301867227836468,1.3648630589840487,-0.034676336200401815
2024-12-12,423,1.3461471333118582,1.385138208230647,-0.03899107491878889
2024-12-13,441,1.409861513854451,1.4705807025295712,-0.0607191886751203
2024-12-16,436,1.3075274539339314,1.3453075522472644,-0.037780098313333184
2024-12-17,432,1.2461386790802589,1.2628986470632224,-0.01675996798296351
2024-12-18,429,0.9395336965681071,0.8953318082848482,0.04420188828325896
2024-12-19,427,1.0143614798263996,0.9663797048032836,0.04798177502311601
2024-12-20,433,1.0563035064102386,1.0288495306147882,0.02745397579545051
2024-12-23,434,0.9714235207536219,0.9429067834779274,0.028516737275694554
2024-12-24,424,1.384353269139756,1.4020048590268772,-0.017651589887121403
2024-12-26,427,1.3407081153009497,1.3481457271739492,-0.007437611872999167
2024-12-27,432,1.223322427769897,1.2044510378934192,0.018871389876478
2024-12-30,431,1.2663164878378015,1.2265486732338633,0.03976781460393835
2024-12-31,448,1.3949664259904135,1.3492219226554156,0.04574450333499818
2025-01-02,454,1.4657034479894584,1.4233081960247915,0.042395251964666904
2025-01-03,457,1.510370362276008,1.457964140012312,0.052406222263695984
2025-01-06,457,1.4465013316148116,1.4080406860274368,0.03846064558737502
2025-01-07,459,1.6216224156551964,1.570263745963613,0.05135866969158355
2025-01-08,457,1.477156956818002,1.4240446627041259,0.05311229411387622
2025-01-10,466,1.8905600547977934,1.854062024956361,0.03649802984143232
2025-01-13,467,1.5845340870305389,1.532462014034726,0.05207207299581277
2025-01-14,468,1.3835775042816016,1.3420017497192014,0.04157575456240022
2025-01-15,471,1.437893136101982,1.399950649837916,0.03794248626406628
2025-01-16,465,1.3130926476750568,1.2892851538180534,0.023807493857003426
2025-01-17,459,1.3954590619216622,1.4086526015883496,-0.013193539666687262
2025-01-21,461,1.4678173594436372,1.5005360545465136,-0.03271869510287617
2025-01-22,462,1.4951685525945497,1.521618572572929,-0.026450019978379265
2025-01-23,463,1.570042383714815,1.6162491253318185,-0.0462067416170034
2025-01-24,454,1.602675626197599,1.6570809407627192,-0.054405314565120134
2025-01-27,447,1.7167499053811988,1.7453941133140765,-0.028644207932877752
2025-01-28,445,1.5676228636188474,1.5785396665515437,-0.010916802932696137
2025-01-29,442,1.6242772663400822,1.6442055453520454,-0.019928279011963475
2025-01-30,442,1.7073701562187094,1.7434504561565116,-0.03608029993780237
2025-01-31,422,1.7957981661943492,1.8278593682763888,-0.03206120208203946
2025-02-03,419,1.851832301131779,1.8467135349182355,0.0051187662135435096
2025-02-04,417,1.7609030381927442,1.7450536370277787,0.01584940116496551
2025-02-05,414,1.7177208172122378,1.7221830708295847,-0.004462253617346828
2025-02-06,404,1.7681659195834794,1.85744624079802,-0.08928032121454027
2025-02-07,407,1.7300283402102452,1.8130532245682207,-0.08302488435797561
2025-02-10,410,1.8026955874224255,1.9074079749518278,-0.10471238752940218
2025-02-11,407,1.5190562655659492,1.583352412984363,-0.06429614741841404
2025-02-12,408,1.6342098501080486,1.7228376122531828,-0.08862776214513433
2025-02-13,392,1.5835666832670994,1.6789431835440003,-0.09537650027690106
2025-02-14,402,2.0716137460623494,2.2370155644897216,-0.16540181842737228
2025-02-18,411,2.3238646717775326,2.5431255978359326,-0.21926092605840006
2025-02-19,406,2.075233107386022,2.250223036143833,-0.17498992875781097
2025-02-20,405,2.2466826845016707,2.4865909373423305,-0.2399082528406599
2025-02-21,398,1.8388169943169512,1.9743937675080991,-0.135576773191148
2025-02-24,387,2.3025692591009324,2.4916731051971137,-0.18910384609618155
2025-02-25,388,2.1264761332096844,2.3055713680028456,-0.17909523479316133
2025-02-26,386,2.102868357848959,2.27652259509409,-0.173654237245131
2025-02-27,385,2.3245205037538903,2.495568712731927,-0.17104820897803666
2025-02-28,373,2.074713489760486,2.2064993923100107,-0.13178590254952446
2025-03-03,382,1.5972678768691697,1.6473001460514483,-0.05003226918227868
2025-03-04,380,1.4488981183160856,1.488592445675995,-0.03969432735990945
2025-03-05,386,1.3980159715508158,1.4377583995762693,-0.03974242802545368
2025-03-06,386,1.3543746768968734,1.3678734226383953,-0.013498745741521883
2025-03-07,399,1.4369112057574256,1.483237232750734,-0.04632602699330836
2025-03-10,417,1.6684266102947782,1.632896210243843,0.03553040005093571
2025-03-11,419,1.480191868947672,1.4203583077124344,0.0598335612352375
2025-03-12,426,1.1565871087690829,1.09725050330025,0.059336605468832695
2025-03-13,430,1.2537339803933145,1.1762757221162121,0.07745825827710248
2025-03-14,455,1.0219483515717247,1.020603625353152,0.0013447262185725922
2025-03-17,442,1.1295832739154144,1.156246847841622,-0.026663573926207454
2025-03-18,442,1.1216780602043372,1.1152322356231221,0.0064458245812153
2025-03-19,442,1.0790864280291943,1.0693479791131988,0.009738448915995339
2025-03-20,443,2.2095920215994576,2.4496612878348336,-0.24006926623537597
2025-03-21,441,3.5994629414023342,4.072191574255265,-0.47272863285293076
2025-03-24,439,4.346099850233327,4.896052567147577,-0.5499527169142506
2025-03-25,441,5.024523399779131,5.626124465441508,-0.6016010656623774
2025-03-26,440,2.165864161375234,2.346164763795193,-0.18030060241995927
2025-03-27,432,3.224735741974735,3.5385123970119543,-0.31377665503721974
2025-03-28,435,2.4308364927724595,2.6221077839159617,-0.19127129114350197
2025-03-31,457,2.2867935660151577,2.4487791515787176,-0.16198558556355946
2025-04-01,460,2.324374039620479,2.5060077323470065,-0.18163369272652738
2025-04-02,460,2.940013598937228,3.236627052761782,-0.2966134538245543
2025-04-03,458,1.4643271823557433,1.5149033802717942,-0.05057619791605093
2025-04-04,460,1.3794987557291003,1.314871453239878,0.06462730248922237
2025-04-07,461,1.6729072498179938,1.5548155899723495,0.1180916598456442
2025-04-08,459,2.4360547331692675,2.2808629294552514,0.1551918037140157
2025-04-09,460,1.317237856823,1.2175213223383374,0.0997165344846627
2025-04-10,467,1.8097071370580526,1.6577272818894175,0.1519798551686349
2025-04-11,469,1.6324116330028788,1.4963277643618735,0.13608386864100538
2025-04-14,469,1.5578840622354724,1.4426749706671587,0.11520909156831372
2025-04-15,463,1.5566482746534884,1.4304185801024607,0.12622969455102792
2025-04-16,460,1.9217401360159707,1.7819916089494132,0.13974852706655738
2025-04-17,462,2.1856380613335755,2.022490788525778,0.1631472728077973
2025-04-21,460,2.724861131175442,2.5276220587381615,0.1972390724372803
2025-04-22,460,1.9958793737092742,1.8666603808118716,0.1292189928974026
2025-04-23,461,1.7987918251691297,1.6773599765303338,0.12143184863879601
2025-04-24,460,1.5595289637091425,1.4517906753865324,0.1077382883226101
2025-04-25,451,1.5316124638833208,1.4214619506431696,0.1101505132401512
2025-04-28,443,2.091920088090536,1.9385151718170426,0.15340491627349379
2025-04-29,441,2.318933661212814,2.191584790584604,0.12734887062821001
2025-04-30,443,2.41779200003406,2.303405897318591,0.11438610271546885
2025-05-01,435,2.225371653047959,2.0663875118108046,0.15898414123715468
2025-05-02,421,1.9020064579367109,1.7549502344127548,0.14705622352395598
2025-05-05,413,1.9009154122956375,1.7487933391253863,0.15212207317025098
2025-05-06,412,1.9417848803852757,1.7820650664681934,0.1597198139170823
2025-05-07,408,1.552044682196177,1.4226618174364354,0.12938286475974167
2025-05-08,403,1.4186684533992462,1.345331037515826,0.07333741588342002
2025-05-09,400,1.3877969501655676,1.3033073792460348,0.0844895709195329
2025-05-12,402,1.3534306345852747,1.2577260553464362,0.09570457923883818
2025-05-13,401,1.343256693572314,1.2471035449156291,0.09615314865668494
2025-05-14,404,1.3392075260287513,1.2375489390250949,0.10165858700365642
2025-05-15,398,1.3289494986919206,1.2389548567090223,0.08999464198289824
2025-05-16,398,1.4201238537827718,1.3400357586294993,0.08008809515327261
2025-05-19,409,1.3368488956468125,1.2400449884425884,0.09680390720422422
2025-05-20,405,1.3404202167178991,1.2492187091900262,0.09120150752787294
2025-05-21,407,1.3220129553444318,1.2344155835738926,0.08759737177053922
2025-05-22,399,1.3695527961330793,1.2946233415858341,0.07492945454724502
2025-05-23,405,1.401288190364918,1.334354276383316,0.06693391398160202
2025-05-27,402,1.3556158400401492,1.259334457461348,0.09628138257880108
2025-05-28,403,1.3604064368181372,1.2716943078386451,0.08871212897949227
2025-05-29,406,1.3334644758737733,1.2467402148627462,0.08672426101102708
2025-05-30,400,1.4027715373746539,1.3067902570103795,0.09598128036427456
2025-06-02,404,1.4756553903272838,1.3973262808433053,0.07832910948397843
2025-06-03,402,1.3959030491222084,1.294532373235543,0.10137067588666542
2025-06-04,401,1.4078142065941412,1.3117784404678539,0.09603576612628728
2025-06-05,402,1.3809438804569234,1.2882335720796358,0.09271030837728762
2025-06-06,412,1.3028869344941258,1.2014216699526301,0.10146526454149565
2025-06-09,419,1.2703843084687876,1.172936114877858,0.09744819359092967
2025-06-10,427,1.3281523461084423,1.2391514960949748,0.08900085001346753
2025-06-11,427,1.3565881197557486,1.2718559744049427,0.08473214535080577
2025-06-12,422,1.3645157364718201,1.2920926545116425,0.07242308196017745
2025-06-13,427,1.5402627036243324,1.509812014988849,0.030450688635483197
2025-06-16,433,1.3498140400930954,1.2855832033407153,0.06423083675237995
2025-06-17,436,1.7099787803938726,1.702001854154563,0.007976926239309753
2025-06-18,435,1.7274749013371606,1.7264461140513172,0.0010287872858436413
2025-06-20,433,1.5604750638906644,1.5273808878826587,0.033094176008006015
2025-06-23,434,1.4999650644807505,1.4579165290320024,0.04204853544874834
2025-06-24,435,1.4410565911459163,1.3771228444510246,0.06393374669489192
2025-06-25,429,1.6166441953589874,1.59281311917744,0.023831076181547412
2025-06-26,430,1.4156569723776722,1.3558809149048372,0.059776057472835105
2025-06-27,436,1.3361215893359957,1.2559607097610321,0.0801608795749633
2025-06-30,450,1.3132730768902798,1.2283891268980318,0.08488394999224809
2025-07-01,458,1.3074162059678147,1.2192219293456892,0.08819427662212553
2025-07-02,459,1.2377924229093429,1.152716033992464,0.08507638891687891
2025-07-03,462,1.2643423516370078,1.1778924462307245,0.08644990540628301
2025-07-07,463,1.2341094428841048,1.1679707254213607,0.06613871746274427
2025-07-08,463,1.2857098937358333,1.2430818365884284,0.0426280571474051
2025-07-09,463,1.272754268345132,1.233318697626513,0.03943557071861907
2025-07-10,470,1.3105028404581096,1.2821965207680082,0.0283063196901015
2025-07-11,469,1.3537183625875702,1.3569671643047412,-0.003248801717170982
2025-07-14,470,1.2869880567822358,1.2952385695925552,-0.008250512810319377
2025-07-15,475,1.4219843930729872,1.4294768556194477,-0.0074924625464605965
2025-07-16,473,1.4412870190404112,1.4472595253990255,-0.0059725063586142935
2025-07-17,464,1.5511581600273279,1.5453305061258187,0.005827653901509411
2025-07-18,462,1.629368287404252,1.6271991232950762,0.0021691641091760145
2025-07-21,463,1.736514497975392,1.7379871084959735,-0.0014726105205814417
2025-07-22,462,1.8472670671735778,1.8431023077091342,0.0041647594644436585
2025-07-23,462,1.9604278209090542,1.9593777636497092,0.0010500572593451767
2025-07-24,460,1.8928537596478419,1.8836357763015101,0.009217983346331584
2025-07-25,454,1.9964954148744147,1.993671752974576,0.002823661899838685
2025-07-28,447,2.0222611282074157,2.019042868671842,0.003218259535573482
2025-07-29,445,1.8413849873782953,1.8312284101432919,0.010156577235003529
2025-07-30,440,1.6848223573488028,1.6709225805089636,0.013899776839839279
2025-07-31,439,1.560779773495171,1.5527851208073964,0.007994652687774405
2025-08-01,425,1.516435853751892,1.5141487032143124,0.0022871505375797606
2025-08-04,415,1.4192599304587485,1.417234070460968,0.002025859997780405
2025-08-05,413,1.3617898825223624,1.3569352636330951,0.004854618889267366
2025-08-06,408,1.33647979782273,1.3293360223509296,0.007143775471800596
2025-08-07,406,1.2216396076755411,1.2190869659086083,0.002552641766932757
2025-08-08,408,1.4392793895059628,1.4368663560811665,0.0024130334247960974
2025-08-11,410,1.4052997482970162,1.4026681039457682,0.002631644351248233
2025-08-12,410,1.2121345596597666,1.222219466356415,-0.010084906696648533
2025-08-13,417,1.1114565514244492,1.121721318193509,-0.010264766769059734
2025-08-14,424,1.1321413781779313,1.140988999860275,-0.00884762168234372
2025-08-15,429,1.1783488895776524,1.1871283830558435,-0.00877949347819099
2025-08-18,418,1.2256037925790366,1.2385216916878816,-0.012917899108845205
2025-08-19,416,1.2282344984661906,1.243020222172583,-0.014785723706392466
2025-08-20,414,1.3536216231375156,1.3565907996992221,-0.0029691765617064743
2025-08-21,401,1.3953206468801216,1.4006264066838245,-0.005305759803702861
2025-08-22,403,1.4011509957676507,1.412586607011975,-0.011435611244324628
2025-08-25,403,1.348323809503462,1.3604794097136337,-0.012155600210171468
2025-08-26,398,1.3348974433492646,1.3565072496724293,-0.02160980632316464
2025-08-27,394,1.3257965719860154,1.335075615312001,-0.00927904332598543
2025-08-28,389,1.3136480120043004,1.316478440134222,-0.0028304281299216787
2025-08-29,383,1.5548554878902003,1.542013109371439,0.012842378518761466
2025-09-02,399,1.491289472240592,1.4798982617457825,0.011391210494809104
2025-09-03,404,1.374584327958056,1.3610291034697801,0.013555224488276053
2025-09-04,409,1.4370359338641767,1.4166224384599673,0.020413495404209513
2025-09-05,425,1.4553818279268633,1.4303221904640795,0.025059637462784144
2025-09-08,425,1.497700275549777,1.4770710411611885,0.020629234388588682
2025-09-09,430,1.3967823910490436,1.3758625094161556,0.02091988163288781
2025-09-10,437,1.2187375907619358,1.198987512321352,0.01975007844058375
2025-09-11,438,1.3897872523351393,1.377668064676652,0.012119187658487417
2025-09-12,441,1.2419615909187327,1.2261497360251157,0.015811854893617115
2025-09-15,463,1.1785665741033018,1.156206502167027,0.02236007193627487
2025-09-16,447,1.2685298679969648,1.248382581884704,0.020147286112260528
2025-09-17,441,1.4465257435229495,1.4319626525801492,0.01456309094280024
2025-09-18,441,1.3174158120927908,1.3059685455827341,0.011447266510056509
2025-09-19,434,1.3422708011359683,1.3365514455820542,0.0057193555539142215
2025-09-22,437,1.3652084710360186,1.3526399013924237,0.012568569643594967
2025-09-23,435,1.315256993161513,1.3002288607466663,0.015028132414846553
2025-09-24,436,1.372601437835673,1.357569953068841,0.015031484766832059
2025-09-25,435,1.4288947533969076,1.4068453791897506,0.022049374207157055
2025-09-26,432,1.5920597609712486,1.560036296220359,0.03202346475088951
2025-09-29,434,1.4323013591822822,1.414972141457284,0.017329217724998094
2025-09-30,455,1.2297727720290594,1.2145755050568814,0.015197266972178356
2025-10-01,459,1.2084406738303057,1.1935239768659076,0.014916696964397999
2025-10-02,461,1.394285232238213,1.3706831678547373,0.023602064383475934
2025-10-03,465,1.3214625619363516,1.3062091488358305,0.01525341310052125
2025-10-06,465,1.1771273799715682,1.170184454175551,0.00694292579601721
2025-10-07,466,1.133268858261722,1.1284520040657497,0.004816854195972241
2025-10-08,463,1.1657775030051802,1.15820058968997,0.00757691331521016
2025-10-09,466,1.175594272580875,1.1673177379668607,0.00827653461401458
2025-10-10,472,1.5008316895612674,1.4834866710556431,0.017345018505624414
2025-10-13,471,1.395356389698733,1.3785426206762668,0.016813769022466427
2025-10-14,473,1.4715630762975613,1.453950047835612,0.0176130284619493
2025-10-15,476,1.6788128847490151,1.6558870784869788,0.02292580626203623
2025-10-16,475,1.6215233126107171,1.6106352813075167,0.010888031303200396
2025-10-17,469,1.699516390483942,1.6911905231541187,0.008325867329823433
2025-10-20,464,1.886387187792768,1.8812105942481978,0.005176593544570231
2025-10-21,462,1.8422260697683344,1.8518463026666538,-0.009620232898319524
2025-10-22,461,1.950639728220301,1.950516733827879,0.00012299439242200466
2025-10-23,462,2.0647210843636903,2.069043639734203,-0.00432255537051268
2025-10-24,454,1.8722002889467138,1.8802069045923553,-0.008006615645641452
2025-10-27,445,1.9851201220626302,1.9977034623014827,-0.012583340238852407
2025-10-28,446,1.8338795992794195,1.8420682955913914,-0.00818869631197221
2025-10-29,441,1.6782232589830013,1.6791502347725888,-0.0009269757895874882
2025-10-30,433,1.5061690106586818,1.51205874657722,-0.0058897359185383445
2025-10-31,421,1.522948408121314,1.5209928844473999,0.001955523673914222
2025-11-03,410,1.6579034318899564,1.6644385302972993,-0.006535098407342891
2025-11-04,408,1.5071623135243495,1.509355981849572,-0.002193668325222606
2025-11-05,404,1.48952096561771,1.497875320725387,-0.00835435510767676
2025-11-06,398,1.5372672369225546,1.5540447308215535,-0.016777493898998914
2025-11-07,401,1.385572218283124,1.3949070884458366,-0.009334870162712672
2025-11-10,405,1.3493865166536976,1.3581059519651464,-0.008719435311448757
2025-11-11,400,1.2543927002589481,1.2632130071251466,-0.008820306866198408
2025-11-12,403,1.1935473866771997,1.1985596345922709,-0.005012247915070942
2025-11-13,400,1.1754978715602995,1.1825555470515017,-0.007057675491202108
2025-11-14,402,1.1790492992881043,1.1838951634056798,-0.0048458641175754364
2025-11-17,415,1.3701745311663542,1.374751613815447,-0.004577082649092684
2025-11-18,413,1.6384731768667338,1.6333912358844511,0.00508194098228251
2025-11-19,415,1.6124771918962115,1.6082782112196314,0.00419898067658018
2025-11-20,401,2.150094077590845,2.130823770134904,0.019270307455940668
2025-11-21,404,1.753268016367042,1.7471277523802649,0.006140263986776994
2025-11-24,407,1.6953180008042883,1.6821338150031462,0.01318418580114205
2025-11-25,406,1.8236190481614463,1.8163421395830357,0.007276908578410337
2025-11-26,408,1.7525232553203893,1.740732845466395,0.011790409853994249
2025-11-28,412,1.5585209656376473,1.5550985555068737,0.0034224101307736765
2025-12-01,410,1.4970670290160644,1.491153710669728,0.005913318346336534
2025-12-02,408,1.426631520034581,1.4169411756680836,0.009690344366497234
2025-12-03,410,1.3443216000571863,1.349722504977244,-0.005400904920057799
2025-12-04,412,1.328792069761123,1.3221422281434203,0.006649841617702899
2025-12-05,427,1.2759997882539773,1.2666478797129457,0.009351908541031453
2025-12-08,429,1.3102640424102825,1.2982209572785466,0.012043085131735892
2025-12-09,430,1.2162749921329514,1.2046790497785582,0.011595942354393226
2025-12-10,435,1.1472005334151436,1.1400179431548927,0.007182590260250833
2025-12-11,429,1.0169475812130144,1.021094913826094,-0.004147332613079531
2025-12-12,433,0.9351583210844022,0.9326250276329004,0.0025332934515018084
2025-12-15,454,0.8797964772275665,0.8796896511947535,0.00010682603281292017
2025-12-16,443,0.8794575225738497,0.878379008988524,0.0010785135853257843
2025-12-17,430,1.0184416956892892,1.02278851898962,-0.00434682330033067
2025-12-18,431,1.1086599594373783,1.1048376437730283,0.003822315664350044
2025-12-19,432,1.162738995244883,1.1636777544026553,-0.0009387591577721872
2025-12-22,434,1.0672465373508409,1.0677416511285902,-0.0004951137777492504
2025-12-23,436,1.1643292021444285,1.1644432702083158,-0.00011406806388750797
2025-12-24,430,1.3103729262356796,1.3132667883761668,-0.0028938621404873714
2025-12-26,434,1.342745217787496,1.3446041124540793,-0.0018588946665831349
2025-12-29,438,1.5165045082690993,1.5131639915818145,0.003340516687284993
2025-12-30,439,1.6848716580505578,1.6773181000978354,0.007553557952722434
2025-12-31,453,1.968827503811688,1.9735885070199821,-0.004761003208294111
2026-01-02,464,1.6419172275962834,1.6478214448553088,-0.005904217259025589
2026-01-05,461,1.5289544669866317,1.5203931425307364,0.008561324455895438
2026-01-06,463,1.6069281868588203,1.5889237686193547,0.018004418239465685
2026-01-07,462,1.6841443506224885,1.6625002281676855,0.02164412245480269
2026-01-08,458,1.525366399451755,1.513307915663596,0.012058483788158842
2026-01-09,465,1.4173231470228889,1.4050520737077854,0.012271073315103449
2026-01-12,469,1.5629818165184715,1.5497264640952664,0.013255352423204898
2026-01-13,467,1.4917993498262452,1.4924673065506913,-0.0006679567244460323
2026-01-14,466,1.5821678788880316,1.5901837799232925,-0.008015901035260956
2026-01-15,461,1.5503620453080889,1.5519796250384192,-0.0016175797303303952
2026-01-16,463,1.5653507569128364,1.5756768244494017,-0.010326067536565313
2026-01-20,466,1.9842632471505381,1.9819638179884156,0.002299429162122606
2026-01-21,465,2.1246895249386357,2.1205255703152712,0.00416395462336443
2026-01-22,465,2.48659929293933,2.4944839311866733,-0.007884638247343225
2026-01-23,462,2.6484130806379955,2.6484328777290336,-1.9797091038313942e-05
2026-01-26,456,2.6363949177620527,2.6320993641189303,0.004295553643122545
2026-01-27,451,2.5295747364508845,2.5244713127098763,0.005103423741007788
2026-01-28,449,2.9659129906445116,2.954036944436557,0.01187604620795498
2026-01-29,449,2.8433249600702,2.8438066025800337,-0.00048164250983341
2026-01-30,434,2.733108342279083,2.708178431755425,0.024929910523657988
2026-02-02,422,2.6550293243104113,2.615449143376071,0.039580180934340466
2026-02-03,418,1.877873174826685,1.8556317795431936,0.022241395283491394
2026-02-04,415,1.8137532025401861,1.810985635090015,0.002767567450170907
2026-02-05,409,1.8510126406591447,1.8370829233421895,0.013929717316955359
2026-02-06,408,1.9511119870249378,1.9350690169718805,0.016042970053057142
2026-02-09,409,1.913830418051916,1.897817136039333,0.016013282012583105
2026-02-10,407,1.8233125978046665,1.822198292176891,0.0011143056277753847
2026-02-11,410,1.5111317662423764,1.5052440106715541,0.005887755570822323
2026-02-12,394,1.7429472598271631,1.7172300471649709,0.025717212662192387
2026-02-13,400,1.6238630992708942,1.621007430810366,0.0028556684605284227
2026-02-17,414,1.575634155815263,1.5694053194415578,0.006228836373705019
2026-02-18,412,1.561811206404268,1.556737441808116,0.005073764596152025
2026-02-19,410,1.5700484278908526,1.5659311289634252,0.004117298927427399
2026-02-20,397,2.009306349910853,2.024862969190481,-0.015556619279627794
2026-02-23,393,1.8725805760277083,1.8720815286263228,0.0004990474013856179
2026-02-24,384,1.8439321931029333,1.8522714108275202,-0.008339217724587069
2026-02-25,383,1.91272019072024,1.9190451863085762,-0.006324995588336183
2026-02-26,383,2.485757219310932,2.512782718350344,-0.027025499039411587
2026-02-27,380,2.432330323959993,2.4685860740176713,-0.036255750057678546
2026-03-02,383,2.0722591586574244,2.103187479456303,-0.030928320798878448
2026-03-03,378,1.7820618094123988,1.8012845846950776,-0.0192227752826787
2026-03-04,385,2.108591683472911,2.1422071301364767,-0.033615446663565564
2026-03-05,389,1.9597401063811175,1.9946572264626914,-0.03491712008157393
2026-03-06,406,1.906841683340495,1.9423866555750962,-0.03554497223460116
2026-03-09,416,1.67312644303019,1.6803743145081254,-0.007247871477935388
2026-03-10,427,1.666195743261832,1.6678227608587324,-0.0016270175969005456
2026-03-11,432,1.4307206446104335,1.424994632146645,0.005726012463788775
2026-03-12,433,1.3451002324513726,1.3201129817742192,0.024987250677153447
2026-03-13,450,1.527871843187597,1.5168075911702554,0.011064252017341666
2026-03-16,463,1.6016255018859626,1.5973579194691758,0.004267582416786793
2026-03-17,449,1.308123997038347,1.2949816832895962,0.013142313748750875
2026-03-18,444,1.2231289754586463,1.206817312747787,0.016311662710859067
2026-03-19,438,1.2250862951651404,1.2074491152552327,0.017637179909907565
2026-03-20,438,1.3240660986408679,1.2953081576014251,0.02875794103944269
2026-03-23,437,1.2881244170785024,1.270588340095893,0.017536076982609606
2026-03-24,440,1.448741193637251,1.42940970524204,0.019331488395210938
2026-03-25,437,1.5933579532694475,1.5906798340499215,0.0026781192195257184
2026-03-26,432,1.9479660944466484,1.9837211350880775,-0.035755040641429085
2026-03-27,436,2.3523388364201545,2.4007903265065784,-0.04845149008642416
2026-03-30,436,2.859031148542745,2.9112747228926255,-0.052243574349879994
2026-03-31,454,1.980989508128557,2.010933582406494,-0.029944074277936904
2026-04-01,458,1.7794335070672842,1.7970073115733765,-0.017573804506092246
2026-04-02,464,2.15465336144597,2.1962990072783293,-0.04164564583235874
2026-04-06,464,2.143424474239859,2.1709522376295074,-0.02752776338964853
2026-04-07,466,2.096200451645488,2.1221419582477417,-0.025941506602253625
2026-04-08,462,1.6582786084601837,1.655812756799549,0.0024658516606345434
2026-04-09,467,1.6515749799722026,1.6398554153040137,0.011719564668189106
2026-04-10,472,1.8134498919307775,1.8171549488597638,-0.0037050569289864485
2026-04-13,472,1.5975509550542348,1.5893062663788617,0.008244688675373235
2026-04-14,473,1.5579831745486752,1.5480670925141726,0.009916082034502621
2026-04-15,476,1.8374388096092462,1.8426319368505522,-0.005193127241305935
2026-04-16,471,1.834278503848314,1.8345841882279164,-0.0003056843796022899
2026-04-17,469,1.9694891773536538,1.9750452031715076,-0.005556025817853699
2026-04-20,466,2.1155147482864556,2.131966699285271,-0.01645195099881512
2026-04-21,463,2.0151166746213414,2.032432597588933,-0.017315922967592018
2026-04-22,466,2.0758974243494963,2.102208906815681,-0.0263114824661845
2026-04-23,465,2.0171216109992525,2.03236965183661,-0.015248040837357545
2026-04-24,452,2.192718990347804,2.218124638118187,-0.025405647770383354
2026-04-27,447,2.3908960056950956,2.4369180995423054,-0.046022093847209476
2026-04-28,444,2.29119966931413,2.3384558703467,-0.04725620103257
2026-04-29,439,2.3566077805244263,2.4072371727533093,-0.05062939222888297
2026-04-30,439,2.188550372427073,2.223864720616526,-0.03531434818945285
2026-05-01,419,2.07099660250681,2.0963284550420607,-0.025331852535251
2026-05-04,414,1.7655860680468374,1.766739383449832,-0.0011533154029945317
2026-05-05,414,1.7323270427862558,1.7275617729416912,0.004765269844564488
2026-05-06,409,1.6216214091969692,1.5990554788668645,0.02256593033010464
2026-05-07,405,1.443349333897188,1.4265289428906471,0.01682039100654093
2026-05-08,399,1.3582936797194949,1.318611411162872,0.03968226855662306
2026-05-11,401,1.3692108059932466,1.3392054439464265,0.03000536204682008
2026-05-12,401,1.459860603650235,1.4371462143042186,0.022714389346016547
2026-05-13,405,1.7337909165896777,1.7356139689323133,-0.0018230523426355303
2026-05-14,395,2.0395525979872713,2.0364283217226284,0.0031242762646429526
2026-05-15,400,2.387196204313279,2.3970466332506164,-0.009850428937337667
2026-05-18,409,2.465063481943172,2.481123452542876,-0.016059970599703818
2026-05-19,408,2.538384057880894,2.558751246456007,-0.02036718857511302
2026-05-20,407,2.14385173400822,2.1597519044583025,-0.015900170450082397
2026-05-21,394,1.6496775203276939,1.6386975630464047,0.01097995728128948
2026-05-22,408,1.622216160936421,1.618604484232034,0.003611676704386946
2026-05-26,406,1.5601561323171156,1.559833169797288,0.00032296251982731936
2026-05-27,403,1.5285830145267258,1.531236708631616,-0.002653694104890087
2026-05-28,403,1.4387915454522033,1.4237779359408247,0.015013609511378726
2026-05-29,408,1.5682644433498707,1.5606671063429984,0.007597337006872219
2026-06-01,400,1.7933602094794379,1.8196712619789484,-0.02631105249951071
2026-06-02,396,1.7417203845224636,1.7599572537366484,-0.01823686921418486
2026-06-03,398,1.762943653285544,1.7716843108490579,-0.008740657563513745
2026-06-04,401,1.7609240958683388,1.7830534371024729,-0.022129341234133924
2026-06-05,415,1.9308487225463986,1.9615640022209917,-0.03071527967459313
2026-06-08,418,1.6856442417543702,1.6746122527741167,0.011031988980253513
2026-06-09,421,1.679628092509524,1.679476858502691,0.0001512340068329285
2026-06-10,424,2.237189179003054,2.2742758905108964,-0.0370867115078422
2026-06-11,422,1.8174677710344178,1.808778678044894,0.00868909298952373
2026-06-12,431,1.9116798881009185,1.9154331967273717,-0.0037533086264532867
2026-06-15,438,1.7732144880087106,1.781843977577096,-0.008629489568385456
2026-06-16,437,1.7411332955063286,1.750934027492058,-0.009800731985729571
2026-06-17,433,2.105756921631123,2.1305694181294212,-0.024812496498298316
2026-06-18,430,1.9979253887747774,2.0162536452680415,-0.018328256493263834
2026-06-22,432,2.3402149577265603,2.408347272639895,-0.06813231491333496
2026-06-23,433,1.6754296484685693,1.6839041774329648,-0.008474528964395643
2026-06-24,432,1.5919243333780302,1.5806180530007152,0.011306280377315014
2026-06-25,428,1.6801940962263733,1.6825972014349455,-0.0024031052085722107
2026-06-26,432,1.574879328540128,1.5665380061212502,0.008341322418877759
2026-06-29,435,1.564670764282939,1.5692677910705743,-0.004597026787635309
2026-06-30,452,1.6787299501171864,1.689743584234392,-0.011013634117205545
2026-07-01,460,1.609354528843056,1.60785696229009,0.0014975665529657026
2026-07-02,463,1.4912141332756843,1.4727503798675274,0.018463753408156626
2026-07-06,465,1.531222134125121,1.522117383666958,0.009104750458163098
2026-07-07,466,1.4156933941273964,1.3840887316870571,0.03160466244033901
2026-07-08,466,1.3544613898820301,1.306519124911473,0.047942264970556994
2026-07-09,468,1.4612624583008251,1.4361351989362223,0.025127259364603093
2026-07-10,471,1.505739228615282,1.492659436408301,0.013079792206980993
2026-07-13,471,1.419822908080533,1.4001850667721878,0.0196378413083451
2026-07-14,469,1.9577891368021163,2.0011401763112446,-0.0433510395091281
2026-07-15,473,2.0710023374106465,2.132653245471293,-0.06165090806064631
2026-07-16,471,1.5458269978866166,1.51683845341982,0.028988544466796436
2026-07-17,465,1.5440076987083977,1.5229642938799268,0.02104340482847073
2026-07-20,462,1.6693882571007181,1.649916064421723,0.01947219267899522
2026-07-21,462,1.9943459454583827,1.99660705338102,-0.002261107922637354
2026-07-22,462,2.168833003358162,2.1865952833452327,-0.01776227998707037
2026-07-23,463,2.2358079474947,2.2637410441819195,-0.02793309668721951
2026-07-24,459,2.1856807336365365,2.2067063479514184,-0.021025614314882136
2026-07-27,453,2.0433378278832013,2.03289225219793,0.010445575685271382
2026-07-28,452,1.9807848799137022,1.9767307011474122,0.004054178766289801
2026-07-29,446,2.2985449143321013,2.3363500102095163,-0.03780509587741524
2026-07-30,441,1.9137867988309802,1.904683273957819,0.009103524873161128
2026-07-31,426,1.7901142546358,1.7917818665037901,-0.0016676118679901293
2026-08-03,424,1.6506985885517649,1.6279143966154395,0.022784191936325186
2026-08-04,419,1.465250267178533,1.4069579980005174,0.058292269178015464
2026-08-05,410,1.8516122144127027,1.7932259317355412,0.05838628267716152
2026-08-06,405,1.746934852438452,1.6981006554716416,0.04883419696681035
2026-08-07,405,1.7073022404152787,1.66060475704885,0.04669748336642863
2026-08-10,405,1.5697792840539957,1.5326721848236586,0.03710709923033712
