origin_trading_day,rows,baseline_loss,candidate_loss,loss_delta_baseline_minus_candidate
2020-05-06,463,0.8298654385755956,0.7670315938536515,0.0628338447219441
2020-05-07,466,0.9197087751675513,0.873638932835521,0.04606984233203053
2020-05-08,474,0.7371679320005102,0.6530216403569219,0.08414629164358839
2020-05-11,474,0.8940569190565428,0.8635607711135633,0.030496147942979435
2020-05-12,471,0.9145781148295034,0.8741916422585273,0.04038647257097603
2020-05-13,460,0.7275553234367674,0.6255697509912693,0.10198557244549823
2020-05-14,466,0.6652285832308772,0.5452007551152046,0.12002782811567256
2020-05-15,475,1.6144882020196525,1.7543937279145927,-0.13990552589494035
2020-05-18,467,0.7051295166136515,0.6070906147792597,0.09803890183439175
2020-05-19,471,0.7628489924029401,0.6750687736803366,0.08778021872260364
2020-05-20,469,0.6811933965509159,0.5513953107111986,0.12979808583971736
2020-05-21,469,0.6171449069647208,0.46994001719013007,0.14720488977459073
2020-05-22,472,1.104240773493581,1.0916069646294735,0.012633808864107863
2020-05-26,474,0.8645893551477489,0.7944169624706358,0.07017239267711312
2020-05-27,464,0.7741222304895197,0.6945595286656703,0.07956270182384938
2020-05-28,462,0.7167625889842061,0.6047240756499146,0.11203851333429145
2020-05-29,473,0.6867848993569186,0.5445679876536267,0.1422169117032918
2020-06-01,473,0.6801156754509526,0.5495574485093809,0.13055822694157165
2020-06-02,474,0.9172314254797908,0.8601265082188284,0.05710491726096227
2020-06-03,465,0.7301710595512222,0.6148452877379711,0.11532577181325122
2020-06-04,476,1.0352920816960751,1.045794248724365,-0.010502167028289893
2020-06-05,476,0.8290951927739812,0.7533560037095007,0.0757391890644805
2020-06-08,469,0.803599431142234,0.7425494109801996,0.06105002016203437
2020-06-09,477,0.833257562299787,0.7646182887095992,0.06863927359018784
2020-06-10,463,1.8847499120802294,2.102981827276735,-0.21823191519650526
2020-06-11,456,0.7715048947692044,0.6985425625572186,0.07296233221198586
2020-06-12,472,0.6350216745825539,0.5563464835855446,0.07867519099700927
2020-06-15,476,0.6742325051246381,0.6333132716235259,0.040919233501112075
2020-06-16,479,0.5725089500941573,0.5095007166045894,0.06300823348956777
2020-06-17,477,0.49951980153560094,0.43633164033240607,0.0631881612031949
2020-06-18,473,0.6310688961450278,0.6083894184944941,0.022679477650533637
2020-06-19,478,0.5239188179772105,0.4866558822974108,0.03726293567979979
2020-06-22,478,0.477479423298073,0.43641416400950905,0.04106525928856392
2020-06-23,478,0.966932972522637,0.9810248933798675,-0.014091920857230513
2020-06-24,476,0.546969478849658,0.53935787173094,0.007611607118718055
2020-06-25,476,0.7373416765689297,0.7379605372446496,-0.0006188606757199876
2020-06-26,460,0.6357425792419916,0.6355792503434496,0.00016332889854202886
2020-06-29,470,0.559641113114305,0.5612269321919627,-0.0015858190776577197
2020-06-30,475,0.5647076536713895,0.569281756946655,-0.0045741032752653595
2020-07-01,473,0.43530544542553273,0.4340056630367617,0.0012997823887710498
2020-07-02,476,0.5386542137182505,0.541034508125183,-0.0023802944069324277
2020-07-06,477,0.6051192328076741,0.6097692186577347,-0.004649985850060651
2020-07-07,478,0.48133409263737437,0.477707764864275,0.003626327773099338
2020-07-08,470,0.6305978647471518,0.6366658573656424,-0.006067992618490578
2020-07-09,477,0.6009291218599487,0.6077209904431417,-0.006791868583192903
2020-07-10,479,0.5501251060210465,0.5303447939371553,0.01978031208389117
2020-07-13,474,0.6196682433000199,0.6317516022291468,-0.012083358929126884
2020-07-14,477,0.753869456937734,0.7856046199276832,-0.03173516298994921
2020-07-15,475,0.4259282053210805,0.4055812755738181,0.02034692974726237
2020-07-16,475,0.47733181100238525,0.46443215529362675,0.012899655708758494
2020-07-17,479,0.5447129397305072,0.5400333861384544,0.00467955359205272
2020-07-20,477,0.5164256134153139,0.5103370187166593,0.006088594698654668
2020-07-21,477,0.47906936926623,0.4739888133736769,0.005080555892553178
2020-07-22,475,0.46007754906631954,0.44792293823391743,0.012154610832402086
2020-07-23,477,0.45590998515310677,0.434722397998863,0.021187587154243858
2020-07-24,478,0.5168812653677504,0.5181180786314236,-0.0012368132636732649
2020-07-27,476,0.5175427562419265,0.5063451916431712,0.011197564598755295
2020-07-28,479,0.6239034139137744,0.637765892635229,-0.013862478721454533
2020-07-29,470,0.5350818288045587,0.5335298774449259,0.001551951359632785
2020-07-30,466,0.4531233498450511,0.4455262002368026,0.007597149608248459
2020-07-31,477,0.4899173706172376,0.48691018331655533,0.003007187300682319
2020-08-03,478,0.47932054903123555,0.4734523504430667,0.005868198588168837
2020-08-04,479,0.5371679103536828,0.5422061679825135,-0.005038257628830629
2020-08-05,471,0.5103943305832425,0.505853250706013,0.004541079877229529
2020-08-06,470,0.5492751822787901,0.5562627357576426,-0.00698755347885239
2020-08-07,476,0.5797389017400564,0.5943913014517666,-0.014652399711710165
2020-08-10,476,0.4966642100645386,0.4884695309016868,0.008194679162851732
2020-08-11,476,0.488593776411333,0.4847401258221313,0.003853650589201816
2020-08-12,454,0.4015981231952244,0.39285326164834294,0.008744861546881465
2020-08-13,471,0.346600102211163,0.33025822527392795,0.016341876937235007
2020-08-14,475,0.42529347457209193,0.417640847136376,0.007652627435715881
2020-08-17,470,0.36292871910167596,0.35780117695323627,0.00512754214843978
2020-08-18,472,0.36765084550111754,0.3539400730412187,0.013710772459898837
2020-08-19,473,0.42480076990128957,0.4132789653030204,0.011521804598269101
2020-08-20,474,0.3519069474326699,0.34016446195859473,0.011742485474075168
2020-08-21,473,0.5358964002346849,0.5699355526301433,-0.03403915239545829
2020-08-24,477,0.34637355435852735,0.33671918102274745,0.009654373335779889
2020-08-25,477,0.4538358390038344,0.4508669967220383,0.0029688422817961174
2020-08-26,470,0.45573732751994533,0.4581769209633534,-0.0024395934434080467
2020-08-27,468,0.41869416662925707,0.4200657183221928,-0.0013715516929356916
2020-08-28,462,0.4292016356620541,0.4271320499960157,0.0020695856660383795
2020-08-31,471,0.46022979782061496,0.45937996312655316,0.0008498346940617738
2020-09-01,473,0.6062721517606273,0.6412870931308052,-0.035014941370177945
2020-09-02,465,0.9430794237066417,0.916603722280378,0.026475701426263532
2020-09-03,479,0.4445123839547037,0.4384064622496344,0.006105921705069269
2020-09-04,472,0.7697116552379449,0.7570398486085316,0.012671806629413291
2020-09-08,471,0.5567058456938311,0.5624645861254866,-0.005758740431655586
2020-09-09,473,0.5414899159074561,0.5395460845406945,0.001943831366761514
2020-09-10,476,0.36604336865254766,0.38288769195332967,-0.016844323300782064
2020-09-11,452,0.5685430793646497,0.584113858670968,-0.0155707793063183
2020-09-14,472,0.4226852104746266,0.4340129955960132,-0.011327785121386616
2020-09-15,475,0.4635725585926129,0.4825949036455874,-0.019022345052974485
2020-09-16,477,0.4086797687729953,0.42155355685320467,-0.01287378808020938
2020-09-17,476,0.4618628209110843,0.47017795950553465,-0.008315138594450329
2020-09-18,478,0.8700821613642009,0.8382331920552686,0.03184896930893224
2020-09-21,479,0.4395654323982161,0.461863196756227,-0.022297764358010883
2020-09-22,478,0.7214788979514568,0.708447395874898,0.013031502076558782
2020-09-23,477,0.35021226462963906,0.3772352156708514,-0.027022951041212346
2020-09-24,476,0.48784418998304346,0.5059967658502144,-0.018152575867170916
2020-09-25,480,0.5680661668941723,0.5815445722331951,-0.01347840533902286
2020-09-28,460,0.37461993621458134,0.4018440427343999,-0.027224106519818554
2020-09-29,471,0.3822387985619715,0.4102669460118819,-0.028028147449910428
2020-09-30,474,0.4403270241349837,0.45490780982207973,-0.01458078568709603
2020-10-01,477,0.4576194258070866,0.4744429671351888,-0.01682354132810215
2020-10-02,475,0.5843954505418769,0.5960612338868808,-0.01166578334500387
2020-10-05,478,0.4186219664759074,0.42946958136688296,-0.010847614890975583
2020-10-06,479,0.5356370712075114,0.5489617020880341,-0.013324630880522692
2020-10-07,466,0.5075673256576585,0.5187016155107114,-0.011134289853052792
2020-10-08,478,0.3749871516327873,0.39479113882648464,-0.01980398719369738
2020-10-09,480,0.3853997604401235,0.4046903062792433,-0.019290545839119808
2020-10-12,480,0.4936875203890874,0.49621871237057935,-0.002531191981491941
2020-10-13,476,0.3250629244248436,0.3450724733149591,-0.020009548890115508
2020-10-14,475,0.36924149856193744,0.387746089136523,-0.018504590574585523
2020-10-15,478,0.3520132190872042,0.3681806904315375,-0.016167471344333318
2020-10-16,480,0.480442296781814,0.4797499898222044,0.0006923069596096084
2020-10-19,478,0.3623449350205219,0.37313469573881,-0.010789760718288119
2020-10-20,478,0.393342282808341,0.3973248688305874,-0.003982586022246398
2020-10-21,476,0.6312669403592426,0.636817936225452,-0.005550995866209441
2020-10-22,479,0.3276591998495639,0.33984450821429324,-0.012185308364729384
2020-10-23,479,0.7254305893488184,0.7053046847572767,0.02012590459154167
2020-10-26,477,0.5660919801487411,0.5591332596203942,0.006958720528346834
2020-10-27,480,1.0762740863067997,1.0250622026267828,0.05121188368001671
2020-10-28,471,0.573043991784488,0.5824980234724745,-0.009454031687986574
2020-10-29,469,0.4952948346232139,0.5047987391971654,-0.009503904573951552
2020-10-30,479,0.7383278464568738,0.7372611494136375,0.0010666970432362702
2020-11-02,478,0.7371642809400775,0.7369633423757604,0.00020093856431699334
2020-11-03,479,1.0011546342330708,0.979030505505393,0.02212412872767777
2020-11-04,469,0.818777866225487,0.8162562228481731,0.0025216433773139584
2020-11-05,473,0.5153977832234675,0.5387748655285981,-0.023377082305130546
2020-11-06,471,2.4899207702366497,2.3793186103761887,0.11060215986046075
2020-11-09,473,0.7008527028337026,0.7107416880888976,-0.009888985255195012
2020-11-10,480,0.5943644549185332,0.6227294557514096,-0.02836500083287643
2020-11-11,462,0.5318080247755989,0.5610701482130589,-0.02926212343746006
2020-11-12,468,0.6528751367526682,0.662376520004628,-0.00950138325195983
2020-11-13,478,0.6546223073878212,0.6612294020377613,-0.006607094649939989
2020-11-16,471,0.42489071622090596,0.48402672358651583,-0.05913600736560985
2020-11-17,473,0.49669118278420665,0.5430386236281501,-0.04634744084394346
2020-11-18,470,0.39524748926838404,0.459674741994325,-0.06442725272594094
2020-11-19,477,0.38104263861117355,0.4445572000726746,-0.06351456146150104
2020-11-20,475,0.5757818319741497,0.6021640747961983,-0.026382242822048617
2020-11-23,475,0.7385065969263859,0.7353042075279119,0.0032023893984738875
2020-11-24,476,0.3950758692072223,0.44986340925333285,-0.05478754004611053
2020-11-25,467,0.37089054341668004,0.42297571013028157,-0.052085166713601534
2020-11-27,465,0.5320893817890378,0.554612152483683,-0.022522770694645262
2020-11-30,469,0.44788306839002157,0.49174761681908785,-0.04386454842906633
2020-12-01,475,0.44287767840164993,0.48288838203703854,-0.04001070363538864
2020-12-02,463,0.4236337143513807,0.45868091384044213,-0.0350471994890614
2020-12-03,476,0.5571528620131382,0.5774125566219054,-0.020259694608767233
2020-12-04,480,0.40367320976311494,0.4365628025284501,-0.03288959276533518
2020-12-07,475,0.36816631561902385,0.40645801054243424,-0.03829169492341039
2020-12-08,473,0.4455647091030886,0.44498658522084655,0.0005781238822420788
2020-12-09,471,0.40946339825171124,0.4052626871990299,0.004200711052681375
2020-12-10,475,0.37046460521655783,0.36839084078795536,0.0020737644286024223
2020-12-11,458,0.4426360645520392,0.44209625392562557,0.0005398106264136557
2020-12-14,473,0.49521538169236756,0.5109184392791755,-0.01570305758680788
2020-12-15,478,0.37160487247635365,0.3626148053009251,0.008990067175428555
2020-12-16,474,0.40164698905966384,0.3991318635739696,0.0025151254856942136
2020-12-17,473,0.4135457550627903,0.40897474179616183,0.004571013266628442
2020-12-18,478,0.40646685807831706,0.3954420692874511,0.011024788790865884
2020-12-21,475,0.4032564399842691,0.3968802230698408,0.00637621691442825
2020-12-22,479,0.399194749113128,0.4002524371885099,-0.0010576880753818932
2020-12-23,473,0.28546622022877366,0.26739139154447367,0.018074828684300014
2020-12-24,480,0.36455731458336177,0.3561192734327125,0.008438041150649278
2020-12-28,480,0.32280246587847444,0.30344165569692727,0.019360810181547155
2020-12-29,462,0.3328171540868747,0.324730102068322,0.008087052018552676
2020-12-30,469,0.36212697714550784,0.3522459122590681,0.009881064886439762
2020-12-31,475,0.6462139740964439,0.6361594047731928,0.010054569323251118
2021-01-04,478,0.45677372896276025,0.4601180280195145,-0.0033442990567542387
2021-01-05,479,0.9478626187081824,1.019568911556684,-0.07170629284850172
2021-01-06,468,0.5684685212842104,0.5747545827442747,-0.0062860614600642895
2021-01-07,476,0.39502453823094724,0.38903662847216786,0.005987909758779357
2021-01-08,480,0.41847533902902245,0.4152850433711542,0.003190295657868305
2021-01-11,480,0.4986980063103181,0.5048593522290206,-0.0061613459187024365
2021-01-12,478,0.43096500351241224,0.4218840443913099,0.009080959121102333
2021-01-13,475,0.49120171008081476,0.49373479371042117,-0.002533083629606389
2021-01-14,478,0.46144758792413215,0.45663273884370226,0.0048148490804298975
2021-01-15,475,0.4680873359381836,0.46564619385988826,0.0024411420782953137
2021-01-19,480,0.4646446936998891,0.46749510280532985,-0.0028504091054407602
2021-01-20,473,0.43156864680673745,0.42543604997310125,0.006132596833636213
2021-01-21,479,0.3848890613932622,0.3768019809535674,0.008087080439694812
2021-01-22,480,0.43859868290873366,0.4371259438712135,0.0014727390375201127
2021-01-25,479,0.5173010222221756,0.5070611430618289,0.01023987916034666
2021-01-26,480,1.0309837701327564,0.9973173419512026,0.033666428181553874
2021-01-27,474,0.7536814030307641,0.74684749726005,0.006833905770714143
2021-01-28,467,0.6602908736553107,0.6560537246051128,0.004237149050197929
2021-01-29,479,0.5608681600178691,0.56363157296585,-0.0027634129479808664
2021-02-01,478,0.5932917025875943,0.5999996589039561,-0.006707956316361851
2021-02-02,480,0.4694967496857108,0.48109458452785137,-0.011597834842140548
2021-02-03,470,0.5619644778423896,0.576440859247022,-0.01447638140463252
2021-02-04,476,0.42441795879494176,0.4346860014896313,-0.010268042694689533
2021-02-05,475,0.5046879533706631,0.518603104055321,-0.013915150684657856
2021-02-08,474,0.37292011355642735,0.391779607137734,-0.018859493581306695
2021-02-09,477,0.38453833602390725,0.40244402963630427,-0.01790569361239701
2021-02-10,460,0.44456639028393424,0.46361632777627854,-0.01904993749234434
2021-02-11,472,0.3751222958772282,0.4020327277084814,-0.026910431831253218
2021-02-12,472,0.47309564412785865,0.49013762245892384,-0.017041978331065223
2021-02-16,474,0.3849006588226242,0.4081839516785254,-0.023283292855901232
2021-02-17,472,0.4298819632564082,0.4492798465420296,-0.019397883285621483
2021-02-18,469,0.5407100361933287,0.5449664083717878,-0.004256372178459104
2021-02-19,477,0.6383705993694244,0.6369618570539417,0.0014087423154827276
2021-02-22,475,0.40571351079406465,0.43320223161513877,-0.02748872082107409
2021-02-23,477,0.6182412271866802,0.6228270595289584,-0.004585832342278285
2021-02-24,464,0.7808800558803577,0.7455624063733204,0.03531764950703726
2021-02-25,463,0.5395549570016691,0.5424319656206484,-0.0028770086189794024
2021-02-26,477,0.7205251501138658,0.71742781555975,0.0030973345541156928
2021-03-01,477,0.4054796249862158,0.4212673599921957,-0.01578773500597994
2021-03-02,474,0.5726387732891389,0.5733433809396439,-0.0007046076505049345
2021-03-03,468,0.6679847773482175,0.6504908834700244,0.01749389387819325
2021-03-04,471,0.7580145510590925,0.7582610796665414,-0.00024652860744887596
2021-03-05,478,0.6512211547951534,0.6471691797800548,0.004051975015098595
2021-03-08,462,0.6511814438278011,0.6403186678686176,0.010862775959183531
2021-03-09,479,0.4891853428091093,0.5099597253468708,-0.02077438253776158
2021-03-10,467,0.49434328672836436,0.5049533695635499,-0.010610082835185507
2021-03-11,456,0.4131616740006182,0.4417261669064489,-0.028564492905830748
2021-03-12,472,0.4680502366756807,0.4873224249064289,-0.019272188230748232
2021-03-15,470,0.4193332119455241,0.4385108070215134,-0.019177595075989387
2021-03-16,478,0.4186839342122822,0.44192786929926164,-0.023243935086979445
2021-03-17,476,0.6186698440826902,0.6208065327965392,-0.002136688713849017
2021-03-18,477,0.40755469428412006,0.4276174486105925,-0.02006275432647242
2021-03-19,481,0.39907265141243986,0.4221543207256137,-0.023081669313173847
2021-03-22,481,0.5791409062491384,0.579956373023081,-0.0008154667739424459
2021-03-23,479,0.4360127869784285,0.46012952620488623,-0.024116739226457764
2021-03-24,478,0.47219450306353156,0.49722404185259766,-0.02502953878906612
2021-03-25,480,0.7105701538643232,0.711612848991607,-0.0010426951272838566
2021-03-26,482,0.41646125792359645,0.43499530379105134,-0.01853404586745489
2021-03-29,463,0.3827510568510807,0.40198212621339086,-0.019231069362310185
2021-03-30,471,0.3971642208840073,0.4122517310643326,-0.01508751018032526
2021-03-31,479,0.43978082177729544,0.45777787868935854,-0.017997056912063138
2021-04-01,476,0.42402477716709414,0.4418862064069437,-0.017861429239849597
2021-04-05,478,0.31802110542786904,0.33027971731326544,-0.012258611885396412
2021-04-06,481,0.3237569318052039,0.33182777671105823,-0.00807084490585435
2021-04-07,471,0.3183017550017204,0.3257901908404957,-0.007488435838775298
2021-04-08,479,0.32484352843038394,0.3379907616198044,-0.01314723318942046
2021-04-09,481,0.2940279610877033,0.30123832698993686,-0.007210365902233502
2021-04-12,482,0.3467609642255391,0.3511168906084985,-0.004355926382959439
2021-04-13,477,0.34478155011522527,0.35026541724431365,-0.005483867129088373
2021-04-14,478,0.3999843931749718,0.4124267811726173,-0.012442387997645478
2021-04-15,482,0.32204918686031575,0.326687427780662,-0.004638240920346295
2021-04-16,482,0.3122105295661727,0.3079133996669035,0.004297129899269147
2021-04-19,476,0.47219997151253373,0.46864397766661525,0.003555993845918511
2021-04-20,481,0.4455119721916003,0.46002664414120253,-0.014514671949602249
2021-04-21,478,0.3852748043356245,0.37820674180561914,0.007068062530005343
2021-04-22,479,0.40921522633959495,0.4197521991568569,-0.010536972817262
2021-04-23,482,0.3467798028588767,0.3448429653028248,0.001936837556051866
2021-04-26,481,0.3327420917250982,0.32478968642039063,0.007952405304707613
2021-04-27,481,0.37528271535178953,0.36820999491107725,0.007072720440712346
2021-04-28,474,0.4444404598132524,0.4545658490726426,-0.010125389259390107
2021-04-29,471,0.4382638715887471,0.43406502475241293,0.004198846836334209
2021-04-30,481,0.39897212051317665,0.40644957360226314,-0.0074774530890865
2021-05-03,482,0.4444798558266796,0.44861641558410315,-0.004136559757423578
2021-05-04,481,0.4305309023091785,0.43341730682888086,-0.002886404519702338
2021-05-05,472,0.4514778605437644,0.4672696794675239,-0.015791818923759495
2021-05-06,472,0.4311964213545804,0.4451795650785909,-0.013983143724010523
2021-05-07,477,0.44899831912547666,0.455300190953064,-0.006301871827587386
2021-05-10,479,0.47679852309351606,0.4710750944325345,0.0057234286609815985
2021-05-11,477,0.8072928702955585,0.78573955777484,0.021553312520718702
2021-05-12,463,0.49897830160453566,0.5129529694619231,-0.013974667857387461
2021-05-13,472,0.5151309352962944,0.5352538801592476,-0.020122944862953154
2021-05-14,481,0.32916355813458814,0.34119621483539825,-0.012032656700810097
2021-05-17,474,0.3857571416423429,0.39018229685309525,-0.004425155210752411
2021-05-18,475,0.35520350519347643,0.36554149874655434,-0.01033799355307795
2021-05-19,472,0.3848866430104476,0.4048030064278902,-0.01991636341744256
2021-05-20,476,0.2901423397974598,0.3075242364035137,-0.017381896606053895
2021-05-21,476,0.32456264478120705,0.3421813823164322,-0.01761873753522518
2021-05-24,477,0.3266913191723359,0.3344585656935002,-0.007767246521164299
2021-05-25,479,0.28677957412688526,0.3044972035390285,-0.017717629412143276
2021-05-26,462,0.3456633505493698,0.3643746173661115,-0.018711266816741637
2021-05-27,464,0.26811193684787454,0.2884784316732723,-0.020366494825397805
2021-05-28,476,0.3994004238770085,0.4091577135274765,-0.00975728965046794
2021-06-01,476,0.3192161427105417,0.3313969285585998,-0.012180785848058059
2021-06-02,467,0.3303022804087536,0.34433055238722365,-0.014028271978470092
2021-06-03,481,0.31211384051637414,0.3301396405604943,-0.01802580004412018
2021-06-04,476,0.34874868706099044,0.360243928962702,-0.011495241901711603
2021-06-07,477,0.2922957200888909,0.3087071730251688,-0.01641145293627796
2021-06-08,475,0.3312265309356109,0.33786538451027476,-0.006638853574663878
2021-06-09,472,0.3583532552518752,0.3742494135908403,-0.015896158338965117
2021-06-10,479,0.26883521077094347,0.2762474098939466,-0.007412199123003122
2021-06-11,458,0.32326651471087864,0.3256073107006303,-0.002340795989751679
2021-06-14,474,0.2808049013816445,0.28470915496528404,-0.003904253583639548
2021-06-15,479,0.34116188363741107,0.3336936820880804,0.007468201549330604
2021-06-16,479,0.5857209740737869,0.5706673427463569,0.015053631327430038
2021-06-17,479,0.5897488741968603,0.5631073247632076,0.02664154943365271
2021-06-18,479,0.5929398854042686,0.6122905441446368,-0.019350658740368336
2021-06-21,482,0.2612427184753041,0.27500559349352866,-0.013762875018224544
2021-06-22,480,0.26658230394818333,0.2755756854439737,-0.00899338149579037
2021-06-23,475,0.32025502758263075,0.33644361834674913,-0.016188590764118396
2021-06-24,478,0.3119617485696924,0.329701042166322,-0.017739293596629624
2021-06-25,481,0.4028974247412471,0.4056009708152924,-0.002703546074045293
2021-06-28,464,0.2823930094069379,0.2922372275498463,-0.009844218142908392
2021-06-29,473,0.27249755618554505,0.2841903158897709,-0.011692759704225826
2021-06-30,474,0.29903156331536707,0.31612233795664596,-0.01709077464127887
2021-07-01,476,0.2387484240366919,0.25746316135369157,-0.018714737316999713
2021-07-02,478,0.4117276066875387,0.4077744139158009,0.0039531927717378484
2021-07-06,481,0.3296697609543167,0.3454595022170886,-0.01578974126277188
2021-07-07,475,0.4003082144251943,0.3917401468379743,0.008568067587220007
2021-07-08,478,0.492177505034028,0.4989581136018893,-0.006780608567861237
2021-07-09,482,0.26250909701973374,0.2813908019892984,-0.018881704969564622
2021-07-12,482,0.3467342085145735,0.34096628070781804,0.005767927806755454
2021-07-13,475,0.30305709851607027,0.3136136458564221,-0.010556547340351849
2021-07-14,479,0.30512991007569673,0.318632970415044,-0.01350306033934725
2021-07-15,481,0.39651135770274204,0.3933336272489124,0.0031777304538296346
2021-07-16,481,0.6628052707627314,0.6070261820845684,0.05577908867816309
2021-07-19,477,0.6733106655864776,0.67329326998047,1.7395606007468706e-05
2021-07-20,481,0.4487724604235917,0.45432927888144636,-0.005556818457854712
2021-07-21,478,0.3549282374450331,0.3651465211997548,-0.010218283754721667
2021-07-22,480,0.3512105987427389,0.37613279174907144,-0.024922193006332503
2021-07-23,479,0.32518150728832135,0.33983461901015544,-0.01465311172183411
2021-07-26,481,0.34017191514292766,0.35640678945954957,-0.01623487431662193
2021-07-27,481,0.3349392834363674,0.3486237804386298,-0.013684497002262359
2021-07-28,472,0.4027250295131013,0.4173560329501702,-0.014631003437068864
2021-07-29,469,0.36133100973988436,0.37129580597436374,-0.009964796234479349
2021-07-30,481,0.2991629269280233,0.3183899792570731,-0.019227052329049848
2021-08-02,482,0.4428356007654059,0.4566150795373379,-0.013779478771931985
2021-08-03,481,0.43312507457836463,0.42897641896486977,0.004148655613494899
2021-08-04,476,0.46839134007299,0.47599654035422545,-0.007605200281235443
2021-08-05,476,0.32075892554319524,0.3406152342895551,-0.019856308746359894
2021-08-06,472,0.2987430742127729,0.31507859198836685,-0.01633551777559396
2021-08-09,481,0.39637105984413334,0.3926253526016754,0.0037457072424579665
2021-08-10,477,0.344326334158418,0.34059647041856483,0.003729863739853202
2021-08-11,460,0.2739208681495597,0.2814260999497791,-0.007505231800219408
2021-08-12,473,0.2779929053082682,0.2866075500312609,-0.008614644722992741
2021-08-13,480,0.29519871747247683,0.3014020689754149,-0.00620335150293805
2021-08-16,472,0.39686607990311124,0.4132396183718192,-0.01637353846870803
2021-08-17,476,0.41336858858793957,0.428077594094256,-0.014709005506316479
2021-08-18,471,0.39024499437694826,0.39603523592917983,-0.0057902415522315814
2021-08-19,477,0.27657347469885935,0.27169241680725287,0.004881057891606472
2021-08-20,478,0.377335030763922,0.3651197003075179,0.012215330456404074
2021-08-23,480,0.3551422508926644,0.35197102951057035,0.0031712213820939816
2021-08-24,478,0.2713957503520744,0.27166870800769755,-0.00027295765562311395
2021-08-25,477,0.3375926736393782,0.34968619826375946,-0.012093524624381236
2021-08-26,477,0.3709000001603109,0.36143657640820076,0.009463423752110125
2021-08-27,472,0.30365730351685705,0.30828259240247297,-0.004625288885615896
2021-08-30,459,0.26367804704707537,0.26830044218835997,-0.0046223951412846034
2021-08-31,479,0.2964970178283284,0.29916668437040234,-0.002669666542074005
2021-09-01,466,0.3244059740977154,0.3192032099676381,0.005202764130077291
2021-09-02,477,0.2534297760919199,0.25724625397351203,-0.0038164778815921595
2021-09-03,476,0.40338020846043604,0.41150090008966345,-0.008120691629227406
2021-09-07,477,0.36571449343965395,0.3699085913670056,-0.004194097927351645
2021-09-08,466,0.3500643142282483,0.35571989691197825,-0.005655582683729962
2021-09-09,479,0.34026275779862214,0.34830768548487284,-0.008044927686250687
2021-09-10,479,0.3864762826066676,0.38306428015437943,0.0034120024522882224
2021-09-13,456,0.38169702563154034,0.39514950875831745,-0.013452483126777062
2021-09-14,474,0.38473923563085466,0.37258747744128745,0.012151758189567204
2021-09-15,478,0.28674562536819076,0.2926300347089661,-0.005884409340775349
2021-09-16,480,0.3927530143307358,0.4016977954495502,-0.008944781118814393
2021-09-17,480,0.5332008609973312,0.5549272954260867,-0.02172643442875548
2021-09-20,479,0.2727971198269711,0.28045295964375605,-0.007655839816785013
2021-09-21,481,0.42054616043944953,0.4083257815403561,0.012220378899093495
2021-09-22,476,0.4796143933178201,0.4569291399872722,0.022685253330547838
2021-09-23,479,0.2606353890553884,0.26399750073543454,-0.0033621116800461493
2021-09-24,480,0.5066945356109916,0.49835476641423254,0.008339769196759026
2021-09-27,481,0.5970468255774124,0.6148724617092992,-0.017825636131886893
2021-09-28,461,0.32596617767974284,0.3285971142710045,-0.00263093659126168
2021-09-29,470,0.5296035214991882,0.5518065734908296,-0.022203051991641447
2021-09-30,481,0.47334899555547405,0.4586172569987787,0.014731738556695339
2021-10-01,477,0.467164788861669,0.48015877747472846,-0.012993988613059405
2021-10-04,479,0.3677377258210779,0.35566507303642736,0.012072652784650497
2021-10-05,482,0.3066422536702974,0.3080714151662457,-0.0014291614959483301
2021-10-06,471,0.35413330553461864,0.34208615608079584,0.012047149453822814
2021-10-07,481,0.3329058784527254,0.3397037056229165,-0.0067978271701910915
2021-10-08,483,0.329403923479085,0.34204471461475816,-0.012640791135673212
2021-10-11,483,0.29394513781335696,0.2975469103606209,-0.0036017725472639994
2021-10-12,480,0.31870224270236125,0.31676937203563,0.0019328706667312702
2021-10-13,474,0.5498805529188383,0.507788332195108,0.04209222072373028
2021-10-14,482,0.3120668897975524,0.3100661717776955,0.002000718019856966
2021-10-15,483,0.32856363357141105,0.331328527308848,-0.00276489373743695
2021-10-18,482,0.32207093590639424,0.31588002458094006,0.006190911325454229
2021-10-19,482,0.3622658214079051,0.35426379047018675,0.008002030937718296
2021-10-20,477,0.3809314661999519,0.3781099766725206,0.002821489527431321
2021-10-21,482,0.32035335937150605,0.3201810535633087,0.00017230580819731488
2021-10-22,482,0.3017818456777898,0.3052151565962408,-0.0034333109184509695
2021-10-25,482,0.3382240975959731,0.34159043230039976,-0.0033663347044266593
2021-10-26,482,0.5957383479651466,0.6118349538950613,-0.016096605929914787
2021-10-27,474,0.4931024195055942,0.4753432008779151,0.01775921862767908
2021-10-28,470,0.4001173117619398,0.4010836680337341,-0.0009663562717942422
2021-10-29,480,0.4501102897141826,0.44275330830915266,0.007356981405029976
2021-11-01,481,0.44871340788958863,0.4452263047576472,0.0034871031319414166
2021-11-02,483,0.4434101520824401,0.436155144302092,0.007255007780348133
2021-11-03,473,0.5155072158148384,0.5136239779459877,0.0018832378688507722
2021-11-04,479,0.5740781343178967,0.5598836532841478,0.014194481033748943
2021-11-05,481,0.40223982633239824,0.4056845984977667,-0.0034447721653685245
2021-11-08,473,0.3134574967023885,0.3178688160922264,-0.004411319389837894
2021-11-09,464,0.42385897332163436,0.4444562202344376,-0.020597246912803253
2021-11-10,483,0.3416630108250821,0.3430466829308819,-0.0013836721057998002
2021-11-11,467,0.32161661939388597,0.31594322180545353,0.00567339758843244
2021-11-12,477,0.33746527090928513,0.3398334130213735,-0.0023681421120883253
2021-11-15,476,0.3677899629202429,0.3678719698532836,-8.200693304069809e-05
2021-11-16,477,0.3543426458781283,0.3681442412290772,-0.013801595350948881
2021-11-17,468,0.3234984319888695,0.3319369659965407,-0.00843853400767115
2021-11-18,480,0.4351746494598237,0.44512864141120306,-0.009953991951379379
2021-11-19,476,0.4322146649846283,0.43690666376845133,-0.004691998783823064
2021-11-22,478,0.3997859689065136,0.3978609254570776,0.0019250434494359828
2021-11-23,476,0.30754228603558587,0.31012013626708046,-0.0025778502314945904
2021-11-24,479,0.9559694469732513,0.9880447337041436,-0.0320752867308924
2021-11-26,473,0.4564463398173699,0.4415184225881018,0.0149279172292681
2021-11-29,463,0.8881145702043961,0.9338536897978597,-0.04573911959346356
2021-11-30,477,0.5615522692357365,0.589685897415089,-0.028133628179352558
2021-12-01,465,0.8235762318171489,0.7616345543882166,0.06194167742893236
2021-12-02,480,0.46477508224042424,0.4794725595868504,-0.014697477346426211
2021-12-03,479,0.5642341187344153,0.5335384674683028,0.0306956512661125
2021-12-06,479,0.5948890823874509,0.5681518658759915,0.02673721651145931
2021-12-07,478,0.3104977286406794,0.30954167060273347,0.0009560580379459317
2021-12-08,468,0.3852329397013832,0.40257433198012327,-0.01734139227874003
2021-12-09,482,0.36599633933384956,0.3607083487162776,0.005287990617571994
2021-12-10,481,0.4863821632219447,0.5030744329137432,-0.016692269691798517
2021-12-13,464,0.40537151292251766,0.421073589678729,-0.01570207675621136
2021-12-14,478,0.4862247281223048,0.46837094703059984,0.017853781091704903
2021-12-15,478,0.5067714000411645,0.5237507695816931,-0.016979369540528613
2021-12-16,479,0.5299908440221432,0.5465665374058036,-0.016575693383660363
2021-12-17,481,0.5043740692266004,0.5330918943977151,-0.028717825171114604
2021-12-20,481,0.7187057640975667,0.6763819457278182,0.04232381836974856
2021-12-21,479,0.32423753752615436,0.31647781593982793,0.007759721586326432
2021-12-22,484,0.2782172503362522,0.2711406446819749,0.007076605654277282
2021-12-23,482,0.41525102530815733,0.3972384261567596,0.018012599151397687
2021-12-27,485,0.2474959004058806,0.24881052384503433,-0.0013146234391537665
2021-12-28,484,0.24377384261375926,0.2405536248816518,0.0032202177321074667
2021-12-29,468,0.24964528085213425,0.2492306301057466,0.000414650746387677
2021-12-30,474,0.22807995548428045,0.22668372266656137,0.0013962328177191067
2021-12-31,481,0.5621168333982234,0.5658390934539738,-0.003722260055750473
2022-01-03,482,0.5783729089274644,0.5705545694020004,0.007818339525463961
2022-01-04,483,0.6816868160627251,0.7290540070073054,-0.04736719094458025
2022-01-05,476,0.4211818707600375,0.416750792404833,0.004431078355204513
2022-01-06,478,0.5095179385384613,0.5251814227188526,-0.0156634841803913
2022-01-07,485,0.40363616944571434,0.4134971440512551,-0.009860974605540753
2022-01-10,485,0.4339126258518183,0.4236736364380697,0.010238989413748598
2022-01-11,484,0.3001898630937617,0.2965355268429956,0.0036543362507660735
2022-01-12,478,0.5049525700688536,0.530647540199905,-0.025694970131051365
2022-01-13,482,0.43958094928065006,0.4429405180430969,-0.003359568762446839
2022-01-14,482,0.6031368402963646,0.6447099474103392,-0.041573107113974585
2022-01-18,483,0.4735341795158055,0.48972782998811903,-0.016193650472313526
2022-01-19,478,0.46931256873910243,0.48958306326756496,-0.02027049452846257
2022-01-20,484,0.5861897898458062,0.6204335394364722,-0.034243749590665964
2022-01-21,485,0.4683648457531655,0.4607292263943074,0.007635619358858095
2022-01-24,484,0.6370868703137627,0.6730624004449327,-0.03597553013117006
2022-01-25,483,0.45632365628488164,0.4702460026076566,-0.013922346322774951
2022-01-26,484,0.545537020181136,0.5584628013259239,-0.012925781144787698
2022-01-27,474,0.712224645877143,0.7023935893450077,0.009831056532135136
2022-01-28,478,0.6711816042829452,0.6548422659326991,0.016339338350245952
2022-01-31,484,0.4188831696677614,0.40767766412018563,0.011205505547575828
2022-02-01,483,0.4868336588912097,0.4821211979199118,0.004712460971297874
2022-02-02,479,0.693336243981016,0.7368789690307781,-0.04354272504976204
2022-02-03,479,0.5054476556805976,0.5079210268565872,-0.002473371175989688
2022-02-04,480,0.35462360531945225,0.3529792823151601,0.0016443230042920659
2022-02-07,483,0.45662450512419217,0.44564632790338365,0.010978177220808471
2022-02-08,478,0.5866493059049355,0.5644546787240332,0.0221946271809023
2022-02-09,473,0.6243987805680139,0.6654800594680144,-0.04108127890000043
2022-02-10,477,0.6527136045112117,0.6971700809901449,-0.0444564764789331
2022-02-11,478,0.36631964497732245,0.37390059236294176,-0.007580947385619284
2022-02-14,479,0.6253471527086092,0.6042134967465687,0.021133655962040566
2022-02-15,482,0.36493602003827524,0.3597142895208479,0.005221730517427388
2022-02-16,469,0.7098459931211066,0.762702609435758,-0.05285661631465121
2022-02-17,477,0.3538707554396514,0.36333224967953304,-0.009461494239881582
2022-02-18,482,0.4474726679300998,0.4680380390178573,-0.020565371087757443
2022-02-22,485,0.6577402943198307,0.6983332107698015,-0.040592916449970914
2022-02-23,473,0.8060437804614726,0.7998408121386388,0.006202968322833898
2022-02-24,472,0.9132697887249774,0.8743890578040943,0.03888073092088319
2022-02-25,471,0.52929688002054,0.5320351038177025,-0.002738223797162448
2022-02-28,479,0.7967422167806215,0.8422492479543565,-0.04550703117373503
2022-03-01,482,0.7526116389100627,0.7152573848706956,0.03735425403936704
2022-03-02,475,0.4976537420634732,0.5171449112614245,-0.019491169197951318
2022-03-03,478,0.7274496854186076,0.7589180625598637,-0.03146837714125608
2022-03-04,481,1.2072417458487779,1.3054362491016003,-0.09819450325282243
2022-03-07,481,0.682817968304749,0.7028672817992195,-0.020049313494470644
2022-03-08,469,0.8993242644910221,0.8635884007121872,0.035735863778834774
2022-03-09,471,0.4530738341768118,0.4579679136917143,-0.004894079514902482
2022-03-10,484,0.45361703326616537,0.4833163537108443,-0.029699320444678937
2022-03-11,462,0.582917184040034,0.6121525599214134,-0.02923537588137936
2022-03-14,478,0.6364890808085651,0.6183680041610907,0.018121076647474386
2022-03-15,480,0.8358920826340682,0.816656147172355,0.019235935461713146
2022-03-16,480,0.4854483157912064,0.46223103601418025,0.023217279777026107
2022-03-17,484,0.4470663226218499,0.4377135633881773,0.009352759233672635
2022-03-18,482,0.43057077029985114,0.425996411252237,0.004574359047614153
2022-03-21,486,0.3729308962876631,0.35837825897096576,0.014552637316697389
2022-03-22,483,0.5510365047937386,0.5828356477841521,-0.031799142990413455
2022-03-23,479,0.44104468482720244,0.4252143148681477,0.01583036995905465
2022-03-24,485,0.39717303545322585,0.3828144748628157,0.014358560590410152
2022-03-25,485,0.3833089278445719,0.37572171277113214,0.0075872150734397435
2022-03-28,486,0.5654479140507487,0.5500934635787519,0.015354450471996772
2022-03-29,466,0.4299679183794925,0.4410417814706869,-0.011073863091194347
2022-03-30,476,0.5148530397861297,0.5416182826177558,-0.026765242831626058
2022-03-31,483,0.43912728431953635,0.43007100964165407,0.009056274677882267
2022-04-01,482,0.3891223827890814,0.3813170389412645,0.00780534384781687
2022-04-04,481,0.4957836731457518,0.5222893183450489,-0.026505645199297073
2022-04-05,485,0.5502771737735133,0.5722649012710214,-0.02198772749750813
2022-04-06,476,0.40066292863847264,0.38238467450232166,0.01827825413615092
2022-04-07,480,0.38861269720722824,0.37687623160647377,0.01173646560075445
2022-04-08,485,0.45027546964476073,0.4582318599426965,-0.007956390297935807
2022-04-11,484,0.3468844224337926,0.3351215278210013,0.0117628946127913
2022-04-12,480,0.4419635830741452,0.4309263842436383,0.011037198830506844
2022-04-13,487,0.44200140768844626,0.44718610220510707,-0.00518469451666082
2022-04-14,488,0.3871946617052521,0.37757976675449473,0.009614894950757336
2022-04-18,485,0.6333553013545481,0.6428826612802825,-0.009527359925734452
2022-04-19,486,0.5120784805830985,0.5089090928689816,0.0031693877141169224
2022-04-20,482,0.6178554513105939,0.6671641818620825,-0.04930873055148857
2022-04-21,487,0.9347753575201272,1.0169910464014424,-0.08221568888131535
2022-04-22,486,0.4295832323579924,0.42128972432062806,0.008293508037364339
2022-04-25,486,0.8500439174478822,0.9398834577465519,-0.08983954029866972
2022-04-26,487,0.43530389023999544,0.42987889324584483,0.005424996994150607
2022-04-27,480,0.7476310623323414,0.756538490218409,-0.008907427886067635
2022-04-28,477,1.0357115756624036,1.1394842343147953,-0.10377265865239187
2022-04-29,487,0.4861183013201768,0.48248484763366917,0.003633453686507663
2022-05-02,488,0.49055465723861924,0.47833733033811054,0.012217326900508663
2022-05-03,486,0.9515862091707988,0.9348136324817092,0.01677257668908949
2022-05-04,481,1.107316381298794,1.247834151925374,-0.14051777062657983
2022-05-05,481,0.598113446196012,0.6317161301686313,-0.03360268397261917
2022-05-06,480,1.2546024801362001,1.3892541936357539,-0.1346517134995537
2022-05-09,486,0.5009323524715142,0.5043559270149124,-0.0034235745433981125
2022-05-10,483,0.6170481914680033,0.6657746724360457,-0.048726480968042475
2022-05-11,470,0.5337028382243036,0.5291932901870324,0.004509548037271227
2022-05-12,473,0.8188619883274584,0.8122547523741037,0.006607235953354634
2022-05-13,485,0.4363013776681965,0.4494149745590341,-0.013113596890837622
2022-05-16,481,0.7165622181875011,0.6966463574625836,0.019915860724917436
2022-05-17,480,1.3386437317137718,1.4881893954052436,-0.14954566369147185
2022-05-18,474,0.4987977627665077,0.503026796559587,-0.004229033793079395
2022-05-19,486,0.47632363236350594,0.4692743601002604,0.007049272263245558
2022-05-20,482,0.5272492003894279,0.49995416626028794,0.027295034129139976
2022-05-23,481,0.6211462903894873,0.6585926378329132,-0.037446347443425856
2022-05-24,486,0.5023695199347238,0.488374852711645,0.013994667223078865
2022-05-25,477,0.7305054014895901,0.7089487891275064,0.0215566123620837
2022-05-26,473,0.7380046067739168,0.7195959914400415,0.018408615333875306
2022-05-27,471,0.4543581016541858,0.46641927979106707,-0.012061178136881253
2022-05-31,483,0.48754378088425726,0.5075997010745282,-0.020055920190271012
2022-06-01,472,0.6857713876767377,0.678649689307551,0.007121698369186702
2022-06-02,484,0.48335040838771687,0.5087109098946789,-0.025360501506962077
2022-06-03,485,0.34754419128678926,0.32254351565748873,0.02500067562930057
2022-06-06,482,0.38677617256833186,0.3575359134368672,0.02924025913146461
2022-06-07,483,0.5492073036113747,0.5692221689183659,-0.02001486530699109
2022-06-08,471,0.7368870039293534,0.7986285550780458,-0.06174155114869243
2022-06-09,486,0.896445823147267,0.9924412063700538,-0.09599538322278678
2022-06-10,485,1.3809172459611785,1.5562325327819952,-0.175315286820817
2022-06-13,463,0.5034322290869957,0.5077414537800871,-0.004309224693091345
2022-06-14,483,0.4939337566655477,0.4783944625797217,0.015539294085825987
2022-06-15,481,1.2360823881105751,1.39176826876102,-0.1556858806504448
2022-06-16,484,0.5331862935244769,0.5282994288834071,0.004886864641069832
2022-06-17,485,0.6439465312713317,0.626012712956242,0.017933818315089774
2022-06-21,486,0.44064268271948936,0.4362600785387688,0.004382604180720577
2022-06-22,483,0.6639926251620308,0.6774133621402408,-0.013420736978209944
2022-06-23,484,1.0486712692787883,1.029798032380125,0.018873236898663173
2022-06-24,486,0.37325767251204817,0.3591699361118736,0.014087736400174612
2022-06-27,488,0.6069283630135286,0.6539355676716098,-0.04700720465808108
2022-06-28,470,0.44719420796726556,0.446556800452858,0.0006374075144075757
2022-06-29,473,0.4330198574918152,0.43587923488638153,-0.0028593773945663234
2022-06-30,484,0.5195742208173458,0.504202943491034,0.015371277326311867
2022-07-01,483,0.6360916424085405,0.6536269808709123,-0.01753533846237176
2022-07-05,485,0.38307416767348124,0.3649050275770474,0.01816914009643385
2022-07-06,481,0.5634858330589481,0.5462471423413418,0.017238690717606368
2022-07-07,482,0.3295678753609944,0.3052976708275956,0.024270204533398777
2022-07-08,487,0.4277360188942021,0.4396853367257313,-0.011949317831529216
2022-07-11,487,0.44494751919979686,0.4416361628142977,0.003311356385499177
2022-07-12,487,0.3763908943785118,0.3586208241860415,0.017770070192470306
2022-07-13,482,0.4638228883991113,0.460577380980518,0.003245507418593259
2022-07-14,487,0.6209653239806959,0.6115263783846083,0.009438945596087604
2022-07-15,486,0.43316107402431914,0.4228917917897034,0.010269282234615783
2022-07-18,484,0.8821358024479697,0.9214521411699657,-0.039316338721995976
2022-07-19,486,0.4870496843599327,0.4849795938523624,0.0020700905075703505
2022-07-20,482,0.4872932423016464,0.4747647465363962,0.01252849576525016
2022-07-21,487,0.4440327557894496,0.44463797977059133,-0.0006052239811417754
2022-07-22,488,0.40408873215629765,0.3731135048277756,0.030975227328522037
2022-07-25,485,0.5090721344734418,0.5254896665221183,-0.01641753204867647
2022-07-26,487,0.7232550320765428,0.7480207961543502,-0.02476576407780736
2022-07-27,479,0.7315199119746529,0.7414432821859748,-0.009923370211321931
2022-07-28,474,0.5480135833440255,0.527903433018809,0.020110150325216517
2022-07-29,488,0.3884038734769355,0.36395557089340824,0.024448302583527225
2022-08-01,489,0.48906406405831054,0.48576482247726677,0.003299241581043767
2022-08-02,487,0.5596218585036437,0.5574210603443568,0.0022007981592867725
2022-08-03,483,0.472696731558191,0.46138758484709863,0.011309146711092377
2022-08-04,483,0.43110858900725874,0.4105615321016962,0.020547056905562567
2022-08-05,484,0.36795877264985155,0.346994347780584,0.02096442486926755
2022-08-08,483,0.5267281053745966,0.54928681835129,-0.022558712976693405
2022-08-09,485,0.7410658035978157,0.7490243281348631,-0.00795852453704726
2022-08-10,473,0.4048913501799938,0.3885868244582266,0.016304525721767153
2022-08-11,473,0.49741106135951285,0.4811450991250975,0.01626596223441532
2022-08-12,487,0.32481883331439215,0.2956560044149138,0.02916282889947829
2022-08-15,479,0.3363950069910662,0.31349101662053813,0.022903990370528145
2022-08-16,480,0.4326914725236947,0.4392278702823688,-0.006536397758674104
2022-08-17,475,0.36536310228076635,0.33846583836501487,0.026897263915751504
2022-08-18,485,0.5294387973868325,0.562600202255501,-0.033161404868668524
2022-08-19,485,0.6646812882864155,0.718975708169397,-0.05429441988298153
2022-08-22,486,0.3760036145144767,0.3604562491206377,0.015547365393839014
2022-08-23,485,0.30877754557717163,0.2824765830609203,0.02630096251625131
2022-08-24,484,0.47854945280212197,0.4709512857058756,0.00759816709624636
2022-08-25,484,1.0518382292043982,1.1769215695892024,-0.12508334038480426
2022-08-26,485,0.3390179555504089,0.3283170263894006,0.01070092916100839
2022-08-29,474,0.4301098938690642,0.44013096564063425,-0.010021071771570047
2022-08-30,472,0.3509540785521618,0.34277727253123547,0.008176806020926377
2022-08-31,475,0.42398252272632175,0.41715758712559586,0.006824935600725905
2022-09-01,484,0.3883588469602237,0.3891902160609845,-0.0008313691007607486
2022-09-02,481,0.3748358410109061,0.36682734909844594,0.008008491912460117
2022-09-06,484,0.6696052744676488,0.6758484523470523,-0.00624317787940343
2022-09-07,471,0.41958428774508233,0.40098593614780104,0.01859835159728123
2022-09-08,485,0.4734366413306179,0.4698330990591661,0.003603542271451827
2022-09-09,489,0.3720284754199319,0.35698430750077875,0.01504416791915313
2022-09-12,483,1.3309293276300735,1.4755356298821092,-0.14460630225203566
2022-09-13,466,0.4276702462254999,0.4253554939254662,0.002314752300033714
2022-09-14,477,0.5025766258995495,0.5155950305655419,-0.013018404665992321
2022-09-15,487,0.516786091863234,0.5407526222646037,-0.023966530401369746
2022-09-16,486,0.39843622233980447,0.3831555961336644,0.015280626206140086
2022-09-19,486,0.5408925641810121,0.5739177966909703,-0.03302523250995817
2022-09-20,485,0.5387250037865847,0.56829103372799,-0.029566029941405152
2022-09-21,486,0.5857706101144414,0.6284439708174514,-0.04267336070300991
2022-09-22,485,0.636358533918951,0.6748050638749648,-0.03844652995601364
2022-09-23,488,0.5384212273922231,0.5623559046847828,-0.02393467729255958
2022-09-26,488,0.4004439327201473,0.4005114517272814,-6.751900713414156e-05
2022-09-27,488,0.7305193348796888,0.7107433659643236,0.019775968915365212
2022-09-28,465,0.6841271470938649,0.737631036978538,-0.05350388988467328
2022-09-29,480,0.4983953381779077,0.519139275355016,-0.020743937177108294
2022-09-30,486,0.9266171065318424,0.8878325490267975,0.038784557505044816
2022-10-03,486,1.1403901033354777,1.0864842160691512,0.053905887266326634
2022-10-04,487,0.38241347787658897,0.3860865804344567,-0.0036731025578677495
2022-10-05,475,0.5054194910946365,0.5240871721643796,-0.0186676810697431
2022-10-06,485,0.8490986202822454,0.9402903333650846,-0.09119171308283916
2022-10-07,489,0.45877935347904275,0.4723817975690935,-0.013602444090050741
2022-10-10,488,0.45520570499910923,0.4653206306049765,-0.010114925605867239
2022-10-11,487,0.46131739715076314,0.466230240394883,-0.004912843244119775
2022-10-12,483,0.7676721140134974,0.733315957477693,0.03435615653580444
2022-10-13,486,0.7916179380766689,0.8650870026704308,-0.07346906459376183
2022-10-14,488,0.7750120854894855,0.7613749257573774,0.013637159732108045
2022-10-17,487,0.47879125745875184,0.45655342293834034,0.02223783452041149
2022-10-18,489,0.5977931547914155,0.6285313837151647,-0.030738228923749285
2022-10-19,482,0.5531653257124699,0.5746544179929494,-0.021489092280479412
2022-10-20,488,0.776025587799069,0.7414374340711914,0.03458815372787758
2022-10-21,489,0.4551454589571705,0.4383551849061674,0.016790274051003088
2022-10-24,488,0.7279968404292163,0.7119401184899197,0.016056721939296668
2022-10-25,487,0.47427946702082674,0.4687226872921042,0.0055567797287225445
2022-10-26,486,0.5029442009498265,0.49611789094065906,0.006826310009167433
2022-10-27,481,0.8281265498031262,0.7976001023345409,0.030526447468585176
2022-10-28,479,0.3946350427052374,0.3991351018998834,-0.004500059194645994
2022-10-31,487,0.4457472650785592,0.4363898000753407,0.00935746500321855
2022-11-01,489,0.8674511391943623,0.9499131279822776,-0.08246198878791522
2022-11-02,482,0.6326292376992467,0.6499340451587412,-0.017304807459494583
2022-11-03,481,0.75560812714863,0.7434057872044401,0.012202339944189863
2022-11-04,486,0.4785671516625644,0.4719981344160641,0.00656901724650038
2022-11-07,486,0.45437488450700103,0.4420989952782644,0.012275889228736578
2022-11-08,471,0.6982740908786695,0.752465295919415,-0.05419120504074556
2022-11-09,477,2.2037962915262086,2.176561051782542,0.027235239743666685
2022-11-10,489,0.7782312622233802,0.7734073874156311,0.004823874807749283
2022-11-11,474,0.5318281648503658,0.530739274369029,0.0010888904813367347
2022-11-14,482,0.49464059005636785,0.5031100991347996,-0.008469509078431818
2022-11-15,479,0.5505472648460297,0.5496337566787394,0.0009135081672902379
2022-11-16,474,0.4354762786089929,0.44184881997170833,-0.006372541362715452
2022-11-17,485,0.4109623509273584,0.4214623860122016,-0.01050003508484323
2022-11-18,483,0.40172121740473676,0.4056462422172242,-0.003925024812487466
2022-11-21,482,0.47729838046140327,0.4900137920280547,-0.012715411566651359
2022-11-22,483,0.35722511756458847,0.36463551029504965,-0.007410392730461151
2022-11-23,483,0.29392337343076497,0.30379731510947594,-0.00987394167871101
2022-11-25,488,0.5441750311995883,0.5400338384160409,0.004141192783547417
2022-11-28,479,0.3571891277082642,0.367452135773701,-0.010263008065436834
2022-11-29,466,0.8228069848124977,0.8307512560674172,-0.00794427125491942
2022-11-30,473,0.3934794647875096,0.3978830579444469,-0.004403593156937328
2022-12-01,485,0.3614830985681883,0.3671276941366407,-0.005644595568452434
2022-12-02,487,0.6404623423141639,0.6268953508146986,0.013566991499465261
2022-12-05,483,0.5045784811655064,0.501931812182648,0.002646668982858428
2022-12-06,485,0.42433006302487575,0.42901093641689886,-0.004680873392023151
2022-12-07,473,0.437404888524713,0.44432704658348643,-0.006922158058773455
2022-12-08,486,0.3949995418494045,0.3937939980850053,0.0012055437643991934
2022-12-09,488,0.4746914961807566,0.48657734721909435,-0.011885851038337747
2022-12-12,482,0.4714199830563655,0.476675255014135,-0.005255271957769506
2022-12-13,470,0.38653116894206696,0.37914432580025625,0.007386843141810717
2022-12-14,477,0.7649178752498544,0.744422680857159,0.02049519439269534
2022-12-15,482,0.4420623749295649,0.4341522358343546,0.007910139095210305
2022-12-16,484,0.40586075330014815,0.39781372147766264,0.008047031822485508
2022-12-19,486,0.3262992629938148,0.32297573411944336,0.003323528874371396
2022-12-20,484,0.47300018738871163,0.4874055121615512,-0.014405324772839562
2022-12-21,489,0.4433041497894534,0.43044287504943596,0.01286127474001743
2022-12-22,487,0.3208812073936229,0.32153262170046965,-0.0006514143068466995
2022-12-23,486,0.33547947382956084,0.33113035523182094,0.0043491185977398575
2022-12-27,488,0.4564143998879887,0.4422571830018439,0.01415721688614477
2022-12-28,469,0.536421271176008,0.5576176727693055,-0.021196401593297484
2022-12-29,475,0.2995348014622267,0.29382303492407075,0.005711766538155948
2022-12-30,488,0.41057424666369946,0.4053657094402774,0.005208537223422079
2023-01-03,486,0.5485292789192632,0.5648679969676216,-0.016338718048358562
2023-01-04,480,0.5537864255281487,0.5419992436569834,0.011787181871165295
2023-01-05,486,0.7804398209952963,0.8123828297726837,-0.031943008777387365
2023-01-06,482,0.46472075471806357,0.4646119967769535,0.00010875794111009127
2023-01-09,489,0.3959586760078677,0.402772632821922,-0.0068139568140542905
2023-01-10,488,0.49838503271427376,0.5156891036784598,-0.01730407096418605
2023-01-11,483,0.4266668834492872,0.4329069496382649,-0.0062400661889777335
2023-01-12,485,0.32809592332723636,0.3324950619930398,-0.004399138665803422
2023-01-13,488,0.36579828355771066,0.3674908682646983,-0.0016925847069876173
2023-01-17,489,0.5566330391801755,0.5344308405000661,0.02220219868010944
2023-01-18,481,0.49901451651425877,0.4898770018495983,0.009137514664660458
2023-01-19,485,0.5539601537523867,0.5789398671765285,-0.024979713424141792
2023-01-20,490,0.49389300628049493,0.5093655253563494,-0.015472519075854408
2023-01-23,486,0.3663174380555677,0.3701015369870048,-0.0037840989314370833
2023-01-24,489,0.3842530160967367,0.3882932336375027,-0.00404021754076601
2023-01-25,488,0.4536235372534552,0.46274443409123495,-0.009120896837779698
2023-01-26,489,0.42192760490490056,0.42646598476552805,-0.004538379860627545
2023-01-27,483,0.44127442289595825,0.4367693401283047,0.004505082767653534
2023-01-30,483,0.5489530653701794,0.565466524305321,-0.01651345893514163
2023-01-31,489,0.5583837030304015,0.5711784909570334,-0.012794787926631945
2023-02-01,486,0.7481377749840201,0.7512108584043901,-0.003073083420369975
2023-02-02,485,0.5289729072320004,0.5220099357718706,0.00696297146012978
2023-02-03,484,0.40976950509589005,0.4108118291565743,-0.0010423240606842344
2023-02-06,487,0.44592994698181687,0.4553007359677713,-0.009370788985954405
2023-02-07,484,0.46195871179734055,0.45902632225180445,0.0029323895455361307
2023-02-08,476,0.4959313663285977,0.4933948723485796,0.0025364939800181
2023-02-09,484,0.4659850115962775,0.4700794037203178,-0.004094392124040323
2023-02-10,484,0.4000012536175976,0.4184353577871665,-0.01843410416956895
2023-02-13,479,0.38710191685564277,0.3953171657474682,-0.008215248891825455
2023-02-14,484,0.4388719043377042,0.45208635522986357,-0.013214450892159389
2023-02-15,476,0.4605839547781121,0.45726274322882227,0.0033212115492897965
2023-02-16,480,0.38505689215267136,0.3909452560469049,-0.00588836389423351
2023-02-17,486,0.7086316020331171,0.6728686969457036,0.035762905087413525
2023-02-21,486,0.3205164119872424,0.3357898053153683,-0.015273393328125875
2023-02-22,477,0.3800715847861808,0.3969667163821886,-0.01689513159600782
2023-02-23,483,0.43816286219455425,0.4413381351085853,-0.003175272914031078
2023-02-24,475,0.29156909734911296,0.30766106562158585,-0.016091968272472904
2023-02-27,474,0.3360386290476206,0.3446232497341624,-0.008584620686541802
2023-02-28,486,0.383939537983572,0.39151054357445686,-0.00757100559088483
2023-03-01,479,0.4097253699498039,0.4246376161519546,-0.014912246202150673
2023-03-02,483,0.42860043634901523,0.4475504721976385,-0.018950035848623283
2023-03-03,485,0.32843073307933973,0.33888873869164104,-0.010458005612301357
2023-03-06,483,0.543180704385385,0.5174538079290134,0.025726896456371617
2023-03-07,484,0.323066576164651,0.3370951768238695,-0.01402860065921852
2023-03-08,467,0.68667046272825,0.6433608183099767,0.04330964441827329
2023-03-09,486,0.7171256755399127,0.6748200629281879,0.04230561261172473
2023-03-10,488,0.6687599500746532,0.650040273141763,0.018719676932889968
2023-03-13,462,0.5177719741904085,0.5309554172903481,-0.013183443099939646
2023-03-14,488,0.6893279406413653,0.6523673764263009,0.03696056421506435
2023-03-15,475,0.5183558662390318,0.531920659005841,-0.013564792766809131
2023-03-16,485,0.5921328484236841,0.5678544473224579,0.024278401101226164
2023-03-17,488,0.4644825764185881,0.4771042458895337,-0.012621669470945583
2023-03-20,486,0.582955069188166,0.5859142088966999,-0.0029591397085339147
2023-03-21,487,0.6834669049944001,0.6510475925937135,0.032419312400686705
2023-03-22,487,0.41896353730434527,0.42531967502289925,-0.006356137718553978
2023-03-23,489,0.43860030125854854,0.45005644741763917,-0.01145614615909062
2023-03-24,490,0.3538401588247606,0.3690211140165332,-0.015180955191772568
2023-03-27,488,0.3115893788162534,0.32793459286857163,-0.016345214052318216
2023-03-28,490,0.471973662948174,0.48970885101422273,-0.017735188066048735
2023-03-29,468,0.2851712827004413,0.3067476732127085,-0.021576390512267174
2023-03-30,482,0.4624819171269107,0.4823307975284146,-0.019848880401503857
2023-03-31,489,0.37915432838634683,0.38874091067996003,-0.009586582293613153
2023-04-03,486,0.47444334279468925,0.46846230392459076,0.005981038870098532
2023-04-04,482,0.46651668231109933,0.46638763235368014,0.00012904995741919718
2023-04-05,479,0.30965642653932896,0.32398484700141233,-0.014328420462083344
2023-04-06,488,0.34438819089076567,0.36198673351780375,-0.017598542627038104
2023-04-10,490,0.3094029992307095,0.32818705907289825,-0.018784059842188727
2023-04-11,489,0.3363955363068962,0.34475106939235206,-0.008355533085455849
2023-04-12,482,0.34381215088489864,0.3641994937586959,-0.02038734287379733
2023-04-13,488,0.325489736258294,0.33220874021537283,-0.006719003957078849
2023-04-14,489,0.36053199049667556,0.3742213821100433,-0.013689391613367704
2023-04-17,490,0.28601401798816967,0.3002336518495167,-0.014219633861347098
2023-04-18,490,0.3742684812250076,0.3797783555732508,-0.00550987434824314
2023-04-19,482,0.40258017934187984,0.403588159789699,-0.0010079804478191508
2023-04-20,489,0.3110845790740593,0.32111206685763555,-0.010027487783576252
2023-04-21,489,0.28915336048339413,0.29903702440783314,-0.009883663924439004
2023-04-24,485,0.6456863358036589,0.6154791206246526,0.030207215179006222
2023-04-25,489,0.4872327315812764,0.47237783525570587,0.014854896325570507
2023-04-26,485,0.6816450986848722,0.7025487795997444,-0.02090368091487227
2023-04-27,478,0.4328365233945571,0.44957286419890374,-0.01673634080434664
2023-04-28,489,0.35294562633458443,0.3607103782872251,-0.007764751952640608
2023-05-01,488,0.6059310423214632,0.5869071322511731,0.019023910070290088
2023-05-02,488,0.4792612909600535,0.47793183418923924,0.0013294567708143161
2023-05-03,481,0.5490576041587992,0.5410486529193312,0.008008951239468022
2023-05-04,484,0.607962118033942,0.6240343483494853,-0.01607223031554346
2023-05-05,487,0.3595579197820089,0.3697539063538392,-0.010195986571830304
2023-05-08,483,0.36654969417070665,0.37619266221667075,-0.00964296804596414
2023-05-09,486,0.3638618869174021,0.3746555956380721,-0.010793708720669938
2023-05-10,475,0.3944988600187908,0.40166455222272635,-0.007165692203935589
2023-05-11,476,0.3395594238110699,0.3537729050316932,-0.014213481220623268
2023-05-12,487,0.40411455510750083,0.41826084569395233,-0.014146290586451544
2023-05-15,484,0.5116695824550436,0.49620520806057505,0.015464374394468548
2023-05-16,483,0.525771937114628,0.5365335369525792,-0.010761599837951167
2023-05-17,476,0.4219858301331446,0.4354674398696356,-0.013481609736491021
2023-05-18,484,0.29384830165080583,0.30685548804783097,-0.013007186397025108
2023-05-19,485,0.3406576115925608,0.3537181909591266,-0.013060579366565812
2023-05-22,484,0.49825192615061475,0.48272030867348925,0.01553161747712554
2023-05-23,487,0.43575968671866167,0.4322822164628874,0.003477470255774299
2023-05-24,480,0.5781593861963118,0.5801603411676591,-0.002000954971347405
2023-05-25,479,0.5184558267138238,0.5281062147588217,-0.00965038804499782
2023-05-26,480,0.36271528504911826,0.3701974372325661,-0.007482152183447862
2023-05-30,471,0.4753720488960433,0.4742950548239966,0.0010769940720467134
2023-05-31,474,0.4577644528482636,0.47232221071984576,-0.014557757871582123
2023-06-01,486,0.7393156561207062,0.7486582578818571,-0.009342601761151113
2023-06-02,488,0.3382577632291674,0.3460255463204756,-0.007767783091308168
2023-06-05,485,0.4258923029823031,0.43607719653276406,-0.010184893550461004
2023-06-06,485,0.520510581060484,0.5220251505021428,-0.0015145694416587709
2023-06-07,474,0.37130632813426945,0.38503439361534053,-0.013728065481071054
2023-06-08,487,0.299503912268142,0.3140891202752151,-0.014585208007073068
2023-06-09,490,0.3972193185031859,0.40961545155689383,-0.012396133053707913
2023-06-12,483,0.3798475868587951,0.39698843149646623,-0.017140844637671158
2023-06-13,466,0.39472634362475895,0.40423864665583503,-0.009512303031076048
2023-06-14,476,0.4310776917265136,0.44682284415124146,-0.015745152424727807
2023-06-15,485,0.30718676528184896,0.3230266704849888,-0.01583990520313981
2023-06-16,487,0.40349884016297255,0.4009140232738596,0.002584816889112989
2023-06-20,487,0.3345451437189247,0.3453048141731735,-0.010759670454248835
2023-06-21,486,0.3380932563944025,0.34532448742482,-0.0072312310304175585
2023-06-22,487,0.3591472144197842,0.36132751888085685,-0.002180304461072641
2023-06-23,489,0.36974388107023476,0.38241207594941556,-0.012668194879180817
2023-06-26,490,0.4820082308196384,0.4936549226891651,-0.011646691869526708
2023-06-27,490,0.3361104471751958,0.34497416289631194,-0.008863715721116213
2023-06-28,469,0.34214834122087545,0.3609789768771691,-0.018830635656293667
2023-06-29,481,0.32535140639653776,0.34718990827497775,-0.021838501878439987
2023-06-30,485,0.3134169841990355,0.3265328140623606,-0.013115829863325141
2023-07-03,487,0.33525759358723506,0.3400978767044177,-0.004840283117182568
2023-07-05,481,0.3480622777677046,0.34241039626163505,0.00565188150606954
2023-07-06,481,0.355801671312796,0.3644594767869016,-0.008657805474105572
2023-07-07,487,0.4151352238724861,0.43081465384694867,-0.015679429974462547
2023-07-10,489,0.4089316904995053,0.4249886103960686,-0.016056919896563347
2023-07-11,488,0.352752770669342,0.36412723138421055,-0.011374460714868497
2023-07-12,485,0.3689285028044642,0.3844128601957696,-0.015484357391305392
2023-07-13,486,0.39073598070126464,0.3886964223885653,0.002039558312699367
2023-07-14,490,0.36242412806810215,0.3740206102840294,-0.011596482215927208
2023-07-17,490,0.36726561887005726,0.3823960109452984,-0.015130392075241165
2023-07-18,488,0.41025894244805067,0.4264574567455976,-0.016198514297546915
2023-07-19,482,0.5242201145732207,0.516691372933588,0.007528741639632602
2023-07-20,490,0.3129071381500085,0.32429075232954685,-0.011383614179538325
2023-07-21,488,0.28543670260140536,0.2990681549279879,-0.013631452326582525
2023-07-24,488,0.3644486449217084,0.37561261856991507,-0.011163973648206678
2023-07-25,487,0.38903097574750695,0.4006049618979976,-0.011573986150490684
2023-07-26,487,0.5972020263846266,0.5792334833724484,0.01796854301217813
2023-07-27,480,0.40848877028463276,0.4219078735191564,-0.013419103234523633
2023-07-28,482,0.31740798960534305,0.3331835166647137,-0.01577552705937066
2023-07-31,489,0.3851863659029887,0.39202981954824434,-0.006843453645255591
2023-08-01,489,0.5355076265252375,0.5262986010761422,0.009209025449095331
2023-08-02,485,0.48324864863261174,0.4747513140899539,0.008497334542657841
2023-08-03,482,0.47190593675777376,0.4709945056618634,0.0009114310959103611
2023-08-04,484,0.3781731735759488,0.39610972533152033,-0.017936551755571514
2023-08-07,486,0.4216555857878169,0.42172583711101547,-7.025132319850525e-05
2023-08-08,482,0.3845854373654607,0.3952407160377719,-0.010655278672311202
2023-08-09,478,0.3177891105723517,0.33280766460287553,-0.015018554030523818
2023-08-10,483,0.3034321035046567,0.3178409718216254,-0.014408868316968701
2023-08-11,480,0.31378609148234593,0.33121361335947663,-0.017427521877130685
2023-08-14,483,0.4490500121902313,0.4320116712238419,0.017038340966389377
2023-08-15,481,0.38185983729812245,0.38638692043853423,-0.0045270831404117425
2023-08-16,475,0.4182938478898266,0.410498277983296,0.0077955699065306375
2023-08-17,483,0.274414376672584,0.2931787396043305,-0.018764362931746516
2023-08-18,487,0.31849036583095947,0.33340278476428625,-0.014912418933326807
2023-08-21,485,0.31348527460371545,0.3243958977546812,-0.010910623150965758
2023-08-22,487,0.3659956434940361,0.38602739961393717,-0.020031756119901083
2023-08-23,485,0.40878662423775536,0.40302798058911443,0.005758643648640953
2023-08-24,483,0.29849856885817805,0.3191548398155524,-0.020656270957374358
2023-08-25,487,0.2897623276371987,0.31414399547980826,-0.024381667842609558
2023-08-28,487,0.39680124665557076,0.4167757668189641,-0.019974520163393312
2023-08-29,476,0.26279941096499876,0.28237628380613383,-0.01957687284113508
2023-08-30,462,0.34865873139258374,0.35843968239737883,-0.0097809510047951
2023-08-31,483,0.3673138811029122,0.3801065990758851,-0.012792717972972975
2023-09-01,482,0.4927498078832752,0.46328774524034444,0.029462062642930803
2023-09-05,484,0.307581341771896,0.3147803527541788,-0.007199010982282857
2023-09-06,473,0.39704530523033793,0.3986873348285653,-0.0016420295982273428
2023-09-07,487,0.31847315507715684,0.33038004676204913,-0.011906891684892304
2023-09-08,490,0.30943122614563884,0.3252225434525204,-0.01579131730688155
2023-09-11,483,0.3856671169675784,0.3876961337871697,-0.0020290168195913356
2023-09-12,487,0.3474661086081887,0.349817131366284,-0.0023510227580952844
2023-09-13,462,0.40194224072322493,0.41993637354714236,-0.01799413282391743
2023-09-14,484,0.3753814066979184,0.36799979031122054,0.007381616386697876
2023-09-15,486,0.2955464874790788,0.3071423849891106,-0.011595897510031821
2023-09-18,489,0.27544352021215046,0.28818312071687063,-0.012739600504720163
2023-09-19,487,0.31856750107403653,0.3236988122801202,-0.005131311206083655
2023-09-20,486,0.6210091602781382,0.5723826000657846,0.04862656021235362
2023-09-21,486,0.2946859123743737,0.3035701908643723,-0.00888427848999865
2023-09-22,487,0.26442247020098497,0.28523637141638153,-0.020813901215396568
2023-09-25,488,0.5126151360902832,0.48086709229637586,0.03174804379390737
2023-09-26,489,0.34504671201012516,0.3543166367478288,-0.009269924737703666
2023-09-27,468,0.40499182314456766,0.41589878712016753,-0.010906963975599817
2023-09-28,483,0.31283895090341457,0.31618994008181955,-0.0033509891784049947
2023-09-29,487,0.48679317476149425,0.4645525371811019,0.022240637580392346
2023-10-02,488,0.5154611198870591,0.486653082397672,0.028808037489387157
2023-10-03,488,0.3859075420963091,0.39402518678272364,-0.008117644686414528
2023-10-04,476,0.3502673300102837,0.3553953761757345,-0.005128046165450776
2023-10-05,482,0.4080794914238907,0.4204916402159214,-0.012412148792030654
2023-10-06,490,0.41459496202720775,0.42174813890429624,-0.00715317687708849
2023-10-09,489,0.32461904378147216,0.3442556144244935,-0.01963657064302133
2023-10-10,485,0.4000774352851541,0.4108368687570396,-0.010759433471885554
2023-10-11,485,0.5238434153356316,0.5003938272824251,0.023449588053206506
2023-10-12,488,0.422871472804463,0.41630599882572483,0.0065654739787382255
2023-10-13,488,0.4052218839312114,0.4231012566928765,-0.017879372761665176
2023-10-16,490,0.29978981013520717,0.319095459675793,-0.019305649540585782
2023-10-17,490,0.6502018743114164,0.6035328846318926,0.046668989679523855
2023-10-18,484,0.5006538635745285,0.4823996637167534,0.018254199857775006
2023-10-19,487,0.44723211010481934,0.4333628612245617,0.01386924888025763
2023-10-20,489,0.340164702296045,0.34283559837439925,-0.002670896078354268
2023-10-23,488,0.43427896689971385,0.44465363490611454,-0.010374668006400677
2023-10-24,489,0.5913678698475235,0.5591981711211774,0.03216969872634611
2023-10-25,487,0.5595412545923041,0.5546288683820999,0.004912386210204135
2023-10-26,489,0.5736432466732755,0.5526406222458741,0.021002624427401514
2023-10-27,483,0.45496798489475965,0.462845339092395,-0.007877354197635354
2023-10-30,477,0.4031771283870607,0.41861751910443945,-0.015440390717378712
2023-10-31,490,0.48244035358394305,0.49224770284969355,-0.009807349265750555
2023-11-01,485,0.8801017030922729,0.8570854026476317,0.02301630044464121
2023-11-02,486,0.6784420774581886,0.6730503787923476,0.005391698665841112
2023-11-03,485,0.38689494900999205,0.3948859270124283,-0.007990978002436304
2023-11-06,486,0.383280249217566,0.3923963478240612,-0.009116098606495246
2023-11-07,485,0.3702347266015232,0.38451881433257984,-0.014284087731056657
2023-11-08,476,0.4436847819235149,0.4429498395420082,0.0007349423815067637
2023-11-09,482,0.4474898660900332,0.4583655468060298,-0.010875680715996592
2023-11-10,484,0.3070841113176569,0.32710144790677365,-0.020017336589116797
2023-11-13,473,1.0462758916968102,1.0124984650117888,0.03377742668502146
2023-11-14,483,0.3694428981593526,0.3850559679706307,-0.015613069811278092
2023-11-15,470,0.3796860902869817,0.3894398821340126,-0.009753791847030872
2023-11-16,485,0.29891227448599583,0.3212539565132018,-0.02234168202720599
2023-11-17,482,0.2806463059347257,0.3036893082743632,-0.023043002339637495
2023-11-20,485,0.3235866181654617,0.3391848992072807,-0.015598281041819012
2023-11-21,481,0.2543156006199242,0.28147749745176115,-0.027161896831836944
2023-11-22,484,0.2156702848718515,0.2440109788421427,-0.028340693970291243
2023-11-24,487,0.27142066962262873,0.29024219949091035,-0.018821529868281603
2023-11-27,489,0.30268501821091914,0.31612495751554043,-0.013439939304621257
2023-11-28,478,0.40671971802789325,0.41946702228325194,-0.012747304255358707
2023-11-29,456,0.3507633161371943,0.3697331407393919,-0.018969824602197646
2023-11-30,486,0.5400765557906861,0.5479287709176615,-0.00785221512697526
2023-12-01,489,0.34591991536188815,0.3560678198381922,-0.010147904476304113
2023-12-04,482,0.3749267696824236,0.37388469537612373,0.0010420743062998662
2023-12-05,486,0.3603528415348243,0.36594770706960694,-0.005594865534782653
2023-12-06,472,0.3248799090197039,0.34347174055641666,-0.01859183153671279
2023-12-07,487,0.3189739115906478,0.3335405999338554,-0.014566688343207573
2023-12-08,489,0.39090764754620855,0.4053400840927567,-0.014432436546548123
2023-12-11,484,0.32987847134139886,0.3428398889099997,-0.012961417568600916
2023-12-12,486,0.7148964323579521,0.7271194474613093,-0.0122230151033572
2023-12-13,464,0.9179728977442041,0.9141388018793192,0.003834095864884875
2023-12-14,482,0.3684186772032604,0.3693565284921059,-0.0009378512888454845
2023-12-15,485,0.30732378327917204,0.3200412807837789,-0.012717497504606885
2023-12-18,488,0.32565847211763554,0.34415981885962776,-0.018501346741992233
2023-12-19,485,0.5253257955714521,0.5050367386578722,0.020289056913579986
2023-12-20,490,0.3848548222015477,0.4044150353499172,-0.019560213148369476
2023-12-21,491,0.25688141916723384,0.27458719427411965,-0.017705775106885754
2023-12-22,489,0.2507485377082504,0.2700116833407162,-0.019263145632465756
2023-12-26,485,0.2192919950919576,0.23792896386861362,-0.018636968776656014
2023-12-27,471,0.22071118906806234,0.23914017316900626,-0.01842898410094391
2023-12-28,478,0.2373789321427719,0.251442118973806,-0.01406318683103406
2023-12-29,489,0.5097734606717864,0.49781503844488423,0.01195842222690221
2024-01-02,489,0.5275796186531961,0.5145875797195992,0.012992038933596782
2024-01-03,483,0.2876802651038361,0.29960818375698395,-0.011927918653147896
2024-01-04,490,0.27235384007471025,0.2889331279731963,-0.016579287898486086
2024-01-05,488,0.4320458336608696,0.44901351147274066,-0.016967677811871043
2024-01-08,485,0.3396289536472753,0.34351902198359946,-0.003890068336324155
2024-01-09,490,0.333230171428901,0.3491281784011867,-0.015898006972285713
2024-01-10,487,0.3224726917812905,0.3303837702905469,-0.007911078509256368
2024-01-11,486,0.33701309763868526,0.34586871053007673,-0.008855612891391512
2024-01-12,489,0.39097107644634277,0.3881117967765062,0.0028592796698365406
2024-01-16,490,0.33301264337700553,0.3319552292340932,0.0010574141429122814
2024-01-17,484,0.37614740225082033,0.3865844120806637,-0.010437009829843365
2024-01-18,486,0.4383314317091561,0.45470741008928245,-0.016375978380126353
2024-01-19,490,0.35582417920670545,0.3712493222558592,-0.01542514304915373
2024-01-22,488,0.35167557748216993,0.36089571420150435,-0.009220136719334424
2024-01-23,490,0.41988849422764624,0.41506996522121326,0.004818529006432996
2024-01-24,490,0.4661484165540939,0.4808833826911371,-0.014734966137043226
2024-01-25,491,0.3143149138175744,0.32577483662348405,-0.011459922805909632
2024-01-26,490,0.32555349686490986,0.3436932617571615,-0.01813976489225162
2024-01-29,483,0.3676445632326206,0.3768358097783606,-0.009191246545739997
2024-01-30,482,0.5294018710716732,0.5076630131939229,0.021738857877750335
2024-01-31,487,0.5589333313820967,0.5695643999504274,-0.0106310685683308
2024-02-01,486,0.44347609654550124,0.4505348686083153,-0.007058772062814102
2024-02-02,488,0.4549962034258811,0.4514469159134795,0.003549287512401584
2024-02-05,488,0.4345239649877381,0.44996277690522946,-0.015438811917491359
2024-02-06,487,0.3998642711050778,0.41137096632002845,-0.011506695214950678
2024-02-07,479,0.47760644097499416,0.4821463053885214,-0.00453986441352721
2024-02-08,486,0.37664632328153824,0.3863162626574979,-0.0096699393759597
2024-02-09,489,0.36038500549100455,0.3748871899530673,-0.014502184462062756
2024-02-12,486,0.6135863251105422,0.5798561910489629,0.033730134061579285
2024-02-13,481,0.474171078209509,0.4875900886486633,-0.013419010439154336
2024-02-14,472,0.5328105998439295,0.5386124275375949,-0.005801827693665351
2024-02-15,478,0.3802272611927185,0.37896102645037294,0.0012662347423455028
2024-02-16,483,0.33047605296293864,0.32496903214128364,0.00550702082165493
2024-02-20,486,0.37450516990185817,0.37130879888970125,0.0031963710121568904
2024-02-21,479,0.5590531528328456,0.5651523342286818,-0.006099181395836332
2024-02-22,484,0.3557201239248869,0.3512173929522724,0.004502730972614559
2024-02-23,486,0.37422456010101535,0.3733167189099718,0.0009078411910435474
2024-02-26,489,0.3637204400562748,0.3605723058277271,0.003148134228547687
2024-02-27,480,0.32629087514018246,0.3214534290201314,0.00483744612005105
2024-02-28,468,0.35970649017111084,0.3566755930873713,0.0030308970837395473
2024-02-29,482,0.4540592647338385,0.45461585873113863,-0.0005565939973000872
2024-03-01,487,0.4233819360857356,0.4289665657373165,-0.00558462965158088
2024-03-04,483,0.4419841770803821,0.4408143999203553,0.0011697771600268326
2024-03-05,485,0.3711974589447011,0.3702203386711956,0.000977120273505493
2024-03-06,467,0.39116787723818275,0.3899006940426702,0.0012671831955125925
2024-03-07,484,0.3414362301944105,0.3372984111413049,0.004137819053105566
2024-03-08,490,0.37440049464092345,0.3767485673814751,-0.0023480727405516123
2024-03-11,483,0.35168689047899365,0.34984520313942463,0.001841687339569002
2024-03-12,486,0.3662240286103294,0.3608753516465569,0.0053486769637724856
2024-03-13,457,0.4039261910356722,0.4070750234213787,-0.0031488323857065893
2024-03-14,488,0.35279033840451274,0.3449954016531386,0.007794936751374137
2024-03-15,486,0.2844354916403646,0.27675670818564707,0.007678783454717495
2024-03-18,490,0.3032351816811364,0.2997960017217845,0.0034391799593518377
2024-03-19,484,0.39646039832664515,0.3977348164391188,-0.001274418112473616
2024-03-20,489,0.3981615871042589,0.3978597668242139,0.0003018202800450001
2024-03-21,488,0.326675417651347,0.3163594287602236,0.010315988891123418
2024-03-22,491,0.3081808759608,0.3017456985762843,0.006435177384515731
2024-03-25,491,0.2991423035359797,0.2897215732797547,0.009420730256225038
2024-03-26,465,0.5240630928071505,0.5368664471077008,-0.012803354300550473
2024-03-27,483,0.25953470395669215,0.24853656795844162,0.010998135998250542
2024-03-28,488,0.36552283690354187,0.36009023195951745,0.005432604944024428
2024-04-01,489,0.400213036711251,0.40048613317897297,-0.00027309646772191574
2024-04-02,488,0.3447577770825769,0.33864277687759853,0.006115000204978329
2024-04-03,484,0.42126708774100974,0.4238792177949988,-0.00261213005398908
2024-04-04,489,0.33889417817503553,0.3342759743045026,0.004618203870532902
2024-04-05,487,0.30272733089034626,0.2957483656034376,0.006978965286908633
2024-04-08,484,0.36364803634566656,0.3606441719567244,0.0030038643889421864
2024-04-09,490,0.6056172208699531,0.6135253264349219,-0.007908105564968956
2024-04-10,487,0.37162358890759145,0.3638878118171162,0.007735777090475271
2024-04-11,484,0.5435025041926007,0.5579903031770514,-0.014487798984450666
2024-04-12,489,0.3810006338859706,0.37818022449743116,0.002820409388539487
2024-04-15,491,0.3425899928574389,0.33503603186600023,0.007553960991438684
2024-04-16,491,0.3783224173390964,0.37348518791235213,0.0048372294267442755
2024-04-17,485,0.3381616307031108,0.3294420203399441,0.008719610363166692
2024-04-18,487,0.4470335547538798,0.45457346059844517,-0.007539905844565304
2024-04-19,490,0.3246648054649824,0.3182029247830503,0.006461880681932154
2024-04-22,487,0.4520931436921004,0.45722912653821757,-0.005135982846117212
2024-04-23,490,0.3878177886223629,0.3783068956359683,0.00951089298639459
2024-04-24,489,0.4399673112796848,0.4385119506146779,0.0014553606650069052
2024-04-25,490,0.42083084607807125,0.41626577665628167,0.004565069421789572
2024-04-26,485,0.35241001345736045,0.3477463652290686,0.004663648228291813
2024-04-29,482,0.5956381470725921,0.6002884041380321,-0.004650257065439968
2024-04-30,489,0.5359224004740537,0.5382700520241507,-0.002347651550096919
2024-05-01,488,0.5267433197755057,0.527178177573674,-0.0004348577981683015
2024-05-02,484,0.40611151335563644,0.40521301380102137,0.0008984995546150306
2024-05-03,487,0.3929985538969269,0.39582825355212575,-0.0028296996551988537
2024-05-06,487,0.36819956359072226,0.3668400779852398,0.0013594856054824833
2024-05-07,491,0.321067304455925,0.3146366996245843,0.006430604831340714
2024-05-08,478,0.411521353300019,0.4139623046591638,-0.0024409513591447693
2024-05-09,481,0.32837563590954105,0.31991705240562957,0.00845858350391146
2024-05-10,488,0.3093258531410435,0.2996899730071799,0.009635880133863585
2024-05-13,480,0.30795567457084794,0.30390156136827956,0.004054113202568357
2024-05-14,483,0.4310763722364268,0.43917595925850045,-0.008099587022073609
2024-05-15,475,0.3661611916382649,0.3644245265773487,0.001736665060916194
2024-05-16,484,0.2725964054816544,0.26197747891711365,0.010618926564540786
2024-05-17,488,0.3423875295140069,0.33660854300883797,0.005778986505169009
2024-05-20,487,0.30930835046703387,0.30352755671079085,0.005780793756243029
2024-05-21,490,0.40843364679748856,0.4026490963169061,0.00578455048058248
2024-05-22,480,0.521974943158366,0.529979534536237,-0.008004591377871057
2024-05-23,484,0.3744862786235922,0.371517605253429,0.002968673370163254
2024-05-24,492,0.4295047935354966,0.4277878388536675,0.0017169546818290515
2024-05-28,488,0.4112344136479753,0.411260187323434,-2.577367545862169e-05
2024-05-29,487,0.46353744894571675,0.4676725721447028,-0.004135123198986029
2024-05-30,473,0.5692791006645774,0.5857211214064485,-0.016442020741871094
2024-05-31,476,0.42483223457827324,0.42112797151115994,0.0037042630671133316
2024-06-03,485,0.35319388201071766,0.34976360310853005,0.003430278902187634
2024-06-04,488,0.41880641906856997,0.4223460785369355,-0.0035396594683655786
2024-06-05,489,0.322767600269104,0.3211222731692219,0.0016453270998820775
2024-06-06,473,0.297430286061839,0.2906359368773435,0.006794349184495531
2024-06-07,481,0.36918870744851556,0.36373458452325585,0.005454122925259694
2024-06-10,490,0.32638603842359826,0.3191586423099543,0.007227396113644024
2024-06-11,486,0.4608322586064865,0.4626184132339351,-0.0017861546274486107
2024-06-12,490,0.343086952888939,0.34103203243657276,0.0020549204523662035
2024-06-13,462,0.3771558638166889,0.3750094824589813,0.0021463813577076037
2024-06-14,483,0.39556776293726575,0.39853111942166475,-0.002963356484399069
2024-06-17,483,0.321644347790479,0.3187209627557019,0.0029233850347771696
2024-06-18,490,0.3923863124394208,0.3912712945995299,0.0011150178398908568
2024-06-20,488,0.2797134167694675,0.271400886230468,0.008312530538999453
2024-06-21,488,0.40164177980784244,0.4013554927704047,0.0002862870374376871
2024-06-24,492,0.4045439124256714,0.401721299791356,0.002822612634315352
2024-06-25,490,0.3331564288390481,0.32504713303755656,0.008109295801491516
2024-06-26,490,0.30519906108456707,0.2988117536575654,0.006387307427001668
2024-06-27,469,0.37108975466026145,0.36710319823445964,0.003986556425801759
2024-06-28,483,0.3876174527554472,0.3853593354404081,0.002258117315039071
2024-07-01,490,0.29046943171683276,0.28129705341543587,0.009172378301396828
2024-07-02,490,0.2838372678460693,0.2757705666706089,0.008066701175460399
2024-07-03,483,0.30980314343188065,0.30162642520987243,0.008176718222008213
2024-07-05,486,0.3171195113664023,0.3123128433470342,0.004806668019368105
2024-07-08,487,0.31026115572477814,0.30276589193170517,0.007495263793072961
2024-07-09,486,0.35444910796687057,0.3544360494258232,1.305854104741144e-05
2024-07-10,488,0.5903879497676052,0.6094611451954913,-0.019073195427886082
2024-07-11,490,0.3482364840666645,0.3463043016707541,0.001932182395910446
2024-07-12,484,0.43307228509067025,0.4357094846390532,-0.002637199548382905
2024-07-15,492,0.6284552204573309,0.6482140698140689,-0.019758849356738082
2024-07-16,491,0.6712681363920322,0.6947713075192486,-0.023503171127216515
2024-07-17,491,0.4434442311009586,0.4438802670886424,-0.00043603598768384127
2024-07-18,486,0.3955908525304064,0.38944905646728967,0.006141796063116695
2024-07-19,488,0.43185871755170135,0.4352287248263018,-0.0033700072746005076
2024-07-22,491,0.406974328063603,0.40296241486850215,0.004011913195100846
2024-07-23,491,0.7218759583564909,0.7486622923587043,-0.026786334002213367
2024-07-24,491,0.6399309181827012,0.6478980004508303,-0.007967082268129075
2024-07-25,488,0.6145165878683678,0.6247474650320505,-0.010230877163682624
2024-07-26,491,0.3160264137971385,0.30861841619766384,0.007407997599474639
2024-07-29,491,0.49772878404544985,0.5065256114955624,-0.00879682745011257
2024-07-30,483,0.5365955570294249,0.5443540916307151,-0.007758534601290326
2024-07-31,483,0.8571134889550811,0.885736713279694,-0.028623224324612898
2024-08-01,488,0.9435454924126276,0.981026059379629,-0.037480566967001236
2024-08-02,487,0.8376535839636515,0.866567165703885,-0.028913581740233566
2024-08-05,489,0.5147668883940784,0.5143243755601252,0.000442512833953086
2024-08-06,487,0.49376571269419256,0.5008364177124555,-0.007070705018262904
2024-08-07,491,0.7387647589177272,0.75535990689907,-0.016595147981342824
2024-08-08,484,0.32681162198574665,0.31524519916407073,0.011566422821675916
2024-08-09,480,0.3485776005625013,0.3424431988530104,0.006134401709490935
2024-08-12,490,0.4732001620357325,0.47541358300349473,-0.0022134209677622764
2024-08-13,485,0.3078960977087946,0.29797733305205915,0.009918764656735527
2024-08-14,473,0.547885448368548,0.5584596421248837,-0.010574193756335722
2024-08-15,476,0.27535409366692915,0.261766865709818,0.01358722795711112
2024-08-16,484,0.30403424322966266,0.29160437156343916,0.012429871666223516
2024-08-19,487,0.31224976112348923,0.30100577307776616,0.01124398804572304
2024-08-20,485,0.3383923060613618,0.3290589060229563,0.009333400038405467
2024-08-21,489,0.3068764168507494,0.2995354311749299,0.007340985675819478
2024-08-22,487,0.46353977939815444,0.46434237534882233,-0.0008025959506679477
2024-08-23,487,0.27690758736214854,0.2649963989584002,0.011911188403748297
2024-08-26,487,0.29206935786941274,0.27860323907966517,0.013466118789747577
2024-08-27,491,0.3119069172386539,0.30513590767042853,0.006771009568225315
2024-08-28,489,0.36643297006809317,0.35631639948385846,0.010116570584234723
2024-08-29,469,0.32062590891599085,0.31170617976426357,0.008919729151727285
2024-08-30,474,0.7343954798618606,0.7784560322387346,-0.044060552376874125
2024-09-03,483,0.345315577112528,0.3344021133723641,0.010913463740163993
2024-09-04,485,0.3859152732753371,0.38004908076217286,0.005866192513164235
2024-09-05,478,0.475380995216488,0.483679516493216,-0.008298521276727928
2024-09-06,484,0.40629288237094646,0.4078831545801733,-0.0015902722092269019
2024-09-09,486,0.3684253636057212,0.35880773680680095,0.00961762679892027
2024-09-10,488,0.4271152041834327,0.4290955275443061,-0.0019803233608733585
2024-09-11,487,0.3470404604652425,0.3411404797560714,0.005899980709171134
2024-09-12,469,0.37997501604769746,0.3785328317341287,0.0014421843135687187
2024-09-13,476,0.33979071941613037,0.3333748160726046,0.006415903343525685
2024-09-16,484,0.3521252421561442,0.3437523239867893,0.008372918169354933
2024-09-17,490,0.2862671046358907,0.2686604598955112,0.017606644740379585
2024-09-18,489,0.5372963361256525,0.5506851483067217,-0.013388812181069252
2024-09-19,487,0.39493943107980595,0.3904706158531613,0.004468815226644646
2024-09-20,489,0.31266260090350334,0.3000540344168992,0.01260856648660415
2024-09-23,491,0.3406538789355555,0.3258782589489815,0.014775619986573991
2024-09-24,491,0.35206550856735114,0.3428297542335167,0.009235754333834398
2024-09-25,488,0.5396491584743758,0.5445062975852454,-0.004857139110869603
2024-09-26,486,0.33227657408872296,0.3228916678052067,0.009384906283516256
2024-09-27,472,0.28812597174155424,0.2764205179547669,0.011705453786787277
2024-09-30,482,0.41549058741560996,0.4156950179964954,-0.0002044305808854759
2024-10-01,489,0.3251137697679805,0.31482918835126567,0.010284581416714874
2024-10-02,490,0.35050906477224153,0.3404716053267499,0.010037459445491613
2024-10-03,483,0.3825840281534196,0.375595512634874,0.006988515518545505
2024-10-04,489,0.4262659996857101,0.4200827500689791,0.006183249616731047
2024-10-07,491,0.3795745964301453,0.37469355058521453,0.004881045844930721
2024-10-08,490,0.34052702834499254,0.33099217978785994,0.009534848557132582
2024-10-09,484,0.31219762319658606,0.2975419809079401,0.01465564228864599
2024-10-10,490,0.39008451600365635,0.38361925158149907,0.0064652644221572615
2024-10-11,493,0.31645036258270987,0.3039062987176991,0.012544063865010833
2024-10-14,487,0.4407194327465168,0.44445813444238935,-0.0037387016958724912
2024-10-15,492,0.3699227044928732,0.3624760161693054,0.007446688323567778
2024-10-16,492,0.3689088957669037,0.3595436341639106,0.00936526160299307
2024-10-17,487,0.3106552376961438,0.2942618540835496,0.01639338361259417
2024-10-18,490,0.3705521960244745,0.36279452746845453,0.0077576685560200006
2024-10-21,491,0.39212391496847837,0.3827864261447027,0.009337488823775617
2024-10-22,491,0.36329935773645244,0.35603544737181836,0.007263910364634054
2024-10-23,493,0.4557718750814907,0.44523109454253296,0.010540780538957696
2024-10-24,490,0.4297991602496794,0.42179781204950834,0.008001348200171033
2024-10-25,492,0.3254831852536274,0.3180708673182131,0.007412317935414306
2024-10-28,493,0.44302304333331183,0.43731810500564905,0.005704938327662813
2024-10-29,492,0.4504953968780519,0.4498430169636282,0.000652379914423697
2024-10-30,485,0.7158416544546551,0.7278972775878637,-0.012055623133208637
2024-10-31,485,0.4368557535718989,0.4375855038338201,-0.0007297502619211817
2024-11-01,484,0.3433613870854241,0.33997785640751527,0.0033835306779087765
2024-11-04,490,0.4810232064019677,0.4855983054646987,-0.004575099062730944
2024-11-05,491,1.4896769901783409,1.5275420493759506,-0.03786505919760997
2024-11-06,489,0.5705742120598101,0.5805698115981529,-0.009995599538342928
2024-11-07,479,0.5611103083656938,0.5653319837747462,-0.004221675409052492
2024-11-08,493,0.4960334934755324,0.49745439345216125,-0.001420899976628913
2024-11-11,487,0.39980252552761836,0.40194396932612375,-0.0021414437985054187
2024-11-12,483,0.34292066942124944,0.342186007918441,0.000734661502808452
2024-11-13,483,0.4615415590070878,0.4644327617424741,-0.0028912027353862704
2024-11-14,470,0.549566030592778,0.5593293607913317,-0.00976333019855369
2024-11-15,480,0.3639880250134046,0.3609724903181151,0.003015534695289476
2024-11-18,490,0.40235198301678315,0.4005747114413695,0.001777271575413619
2024-11-19,488,0.3508607230256056,0.3446089942586401,0.006251728766965481
2024-11-20,485,0.4621591589305184,0.46865677987634236,-0.006497620945823973
2024-11-21,485,0.3920645442736232,0.3898387650659158,0.00222577920770734
2024-11-22,489,0.489244291814893,0.4966216463324404,-0.007377354517547387
2024-11-25,489,0.37967713608776377,0.38113579901184835,-0.0014586629240846024
2024-11-26,488,0.32373721061631067,0.31502558235445605,0.008711628261854605
2024-11-27,474,0.2557215615468591,0.24088572681015122,0.014835834736707859
2024-11-29,474,0.40878178942932086,0.40452685278075673,0.004254936648564219
2024-12-02,488,0.338450900015729,0.331483793810544,0.006967106205184954
2024-12-03,487,0.42990489051152864,0.428328219376954,0.0015766711345746474
2024-12-04,485,0.38169889201287427,0.3797815011541948,0.0019173908586794693
2024-12-05,477,0.3759476394380846,0.3700081321708732,0.0059395072672114016
2024-12-06,482,0.549795866864787,0.5662866130885699,-0.016490746223782937
2024-12-09,488,0.4159499545694108,0.41857846499518797,-0.0026285104257772122
2024-12-10,490,0.39819012297016604,0.3980657382377184,0.00012438473244761396
2024-12-11,493,0.3632919731036416,0.35535440281744785,0.007937570286193778
2024-12-12,471,0.3427828491291339,0.33260465023357294,0.01017819889556095
2024-12-13,479,0.3900936117487292,0.3893216345111745,0.0007719772375546568
2024-12-16,486,0.36712904351412284,0.3638330782256648,0.003295965288458067
2024-12-17,489,1.0488208965103498,1.1123783801982323,-0.06355748368788246
2024-12-18,492,0.39438509999533783,0.3875184436496232,0.006866656345714602
2024-12-19,484,0.4416311846815146,0.4460622812494983,-0.004431096567983803
2024-12-20,491,0.2708337466675996,0.25216988324895484,0.018663863418644754
2024-12-23,493,0.27053691447269496,0.25437120525859,0.016165709214104877
2024-12-24,489,0.21700481283283446,0.19045361458769366,0.026551198245140815
2024-12-26,486,0.2841725309398023,0.27029785940113366,0.013874671538668696
2024-12-27,489,0.34007554653151767,0.3351371028203213,0.004938443711196392
2024-12-30,474,0.23403234151769867,0.21025198513055604,0.023780356387142623
2024-12-31,482,0.3371104771522781,0.3246183948723341,0.012492082279943936
2025-01-02,486,0.39509703596261153,0.39822566463662523,-0.0031286286740136956
2025-01-03,490,0.45669293021584356,0.45756694909596807,-0.0008740188801245664
2025-01-06,490,0.3668848982843921,0.36103694124231567,0.0058479570420764525
2025-01-07,492,0.3587744935665119,0.3512928861470982,0.007481607419413751
2025-01-08,483,0.6822897002389404,0.6961060080740549,-0.01381630783511457
2025-01-10,492,0.4690206020766584,0.47354278357085955,-0.004522181494201106
2025-01-13,491,0.3954768122030279,0.39524759632387213,0.000229215879155761
2025-01-14,488,0.4697052328593616,0.470633799776796,-0.000928566917434372
2025-01-15,491,0.42424649260512043,0.4255811482596892,-0.0013346556545687585
2025-01-16,488,0.33639816605869344,0.3264257171392038,0.009972448919489644
2025-01-17,489,0.5115681550492522,0.5227033354071178,-0.011135180357865489
2025-01-21,490,0.4755825899758266,0.47541375752975135,0.00016883244607525976
2025-01-22,492,0.34463086141385124,0.33253064593155185,0.01210021548229932
2025-01-23,490,0.3265189938774899,0.31169048341502376,0.014828510462466131
2025-01-24,492,1.036568922758636,1.0853404299373475,-0.04877150717871139
2025-01-27,493,0.5350104880627413,0.5448450728787452,-0.009834584816003812
2025-01-28,491,0.3860753115994565,0.3733497752881541,0.012725536311302361
2025-01-29,491,0.5571114978732756,0.5608225151162839,-0.00371101724300835
2025-01-30,485,0.40736402251608944,0.3963274801841574,0.011036542331932008
2025-01-31,482,0.4433161633978807,0.44311577689527476,0.0002003865026059774
2025-02-03,492,0.45097084911680657,0.44324519018424235,0.007725658932564209
2025-02-04,491,0.4414126378352592,0.44095838629930023,0.00045425153595888374
2025-02-05,493,0.5285050443814309,0.5264592082043866,0.0020458361770441754
2025-02-06,481,0.4069465424175953,0.40434837974282106,0.002598162674774241
2025-02-07,485,0.4345897879882857,0.4343473988096117,0.00024238917867395917
2025-02-10,491,0.3853163096368216,0.386135012804327,-0.0008187031675053897
2025-02-11,488,0.46575742525623437,0.46606237398166256,-0.00030494872542815356
2025-02-12,491,0.5669324116066999,0.5679632343899889,-0.0010308227832888583
2025-02-13,465,0.4689993297233401,0.4678344252133231,0.0011649045100170187
2025-02-14,479,0.4293312012533045,0.4337373339265036,-0.004406132673199112
2025-02-18,490,0.42099945405551586,0.41986465046409327,0.0011348035914225852
2025-02-19,488,0.4448373080867156,0.44270556130999794,0.0021317467767177
2025-02-20,483,0.6985100697532617,0.730701682367996,-0.03219161261473432
2025-02-21,484,0.3789044674240961,0.3832145412473483,-0.004310073823252117
2025-02-24,488,0.466856598215814,0.47490425668693076,-0.008047658471116778
2025-02-25,488,0.47234941873161096,0.48010378464388187,-0.007754365912270922
2025-02-26,489,0.5542800642844439,0.5820099350662711,-0.0277298707818272
2025-02-27,475,0.4757913746066848,0.47882277775970383,-0.003031403153019013
2025-02-28,475,0.6321894681290702,0.6701877077682251,-0.037998239639154885
2025-03-03,488,0.681696441963115,0.6894854064529979,-0.007788964489882982
2025-03-04,485,0.480926561176819,0.47806966474943063,0.002856896427388353
2025-03-05,487,0.7123540919413335,0.7510763499118867,-0.038722257970553196
2025-03-06,476,0.5450959678377753,0.5548856478177783,-0.009789679980003038
2025-03-07,473,0.8599229731693961,0.9020195508639988,-0.04209657769460263
2025-03-10,489,0.7126175958303086,0.7410924528478449,-0.028474857017536256
2025-03-11,486,0.48556245832017103,0.4970737400830998,-0.011511281762928802
2025-03-12,488,0.5717996144553624,0.5896891701542595,-0.01788955569889703
2025-03-13,463,0.6467666015116781,0.6627385089623719,-0.015971907450693854
2025-03-14,484,0.4589003010874352,0.45949433019112906,-0.0005940291036939075
2025-03-17,486,0.3584450591678771,0.35441375540681147,0.0040313037610655664
2025-03-18,491,0.4069857118548619,0.40275386159948257,0.004231850255379358
2025-03-19,487,0.31199688733044456,0.2943095345059618,0.017687352824482784
2025-03-20,489,0.3501223049129486,0.337746151098696,0.012376153814252545
2025-03-21,491,0.5813007991608174,0.5954982180725051,-0.014197418911687715
2025-03-24,491,0.3456086412637669,0.3368979928192849,0.008710648444482001
2025-03-25,494,0.44231219745883754,0.46113311253997213,-0.018820915081134575
2025-03-26,493,0.3931891779963019,0.3921389488112071,0.0010502291850947884
2025-03-27,489,0.593147289492635,0.6098808500289923,-0.0167335605363574
2025-03-28,473,0.36776499678926367,0.3556698093212767,0.012095187467986927
2025-03-31,489,0.3183689233825596,0.30364923991127485,0.014719683471284765
2025-04-01,494,0.37929825990053256,0.3711755221111646,0.008122737789368032
2025-04-02,491,2.34111191923621,2.453408938812326,-0.1122970195761166
2025-04-03,490,2.2909946418618916,2.4453936358500274,-0.15439899398813595
2025-04-04,492,0.6236329790061945,0.639162785602688,-0.01552980659649358
2025-04-07,495,0.730586063840104,0.7757633030216959,-0.04517723918159189
2025-04-08,495,3.543198020366044,3.656967855062423,-0.11376983469637914
2025-04-09,487,1.2368132767251803,1.3837546969452552,-0.1469414202200749
2025-04-10,493,0.5402533070650845,0.5264089008545316,0.013844406210552858
2025-04-11,495,0.4639493063411956,0.4396752192361523,0.024274087105043314
2025-04-14,492,0.3847319330392693,0.3547010528986402,0.030030880140629098
2025-04-15,494,0.5164390954463554,0.5235327750768883,-0.007093679630533004
2025-04-16,489,0.494778931710955,0.46966038519356085,0.02511854651739412
2025-04-17,492,0.6877556970481035,0.72556074343272,-0.03780504638461656
2025-04-21,493,0.7902685529226071,0.8023445757289611,-0.012076022806353963
2025-04-22,493,0.5274016460013279,0.5168667517811113,0.010534894220216674
2025-04-23,496,0.7273623943247075,0.7402497296970085,-0.012887335372300997
2025-04-24,494,0.436736140557999,0.4057113210006459,0.03102481955735309
2025-04-25,495,0.3241927429744868,0.27206041072565784,0.05213233224882893
2025-04-28,495,0.3950066003891142,0.35673595943929565,0.038270640949818586
2025-04-29,486,0.44713603576628397,0.42299026327385425,0.024145772492429766
2025-04-30,491,0.5072136989588807,0.4887276519182856,0.01848604704059518
2025-05-01,491,0.6076509928826853,0.601991878032703,0.005659114849982433
2025-05-02,490,0.37871400015927603,0.34193660140639626,0.03677739875287976
2025-05-05,493,0.45532370220144497,0.4365350261782715,0.018788676023173453
2025-05-06,494,0.4418379743221149,0.4088069278841322,0.033031046437982686
2025-05-07,495,0.5317038027140111,0.5176904959570389,0.01401330675697227
2025-05-08,485,0.40048647267364634,0.35772730898645905,0.04275916368718732
2025-05-09,487,1.2017668928702572,1.312267776077877,-0.1105008832076195
2025-05-12,493,0.5576962216483712,0.5439703952000228,0.013725826448348483
2025-05-13,488,0.459475346333393,0.4363148211225203,0.023160525210872668
2025-05-14,483,0.5212475276692828,0.5007937496901506,0.02045377797913221
2025-05-15,477,0.3948254691140251,0.35190923527144785,0.04291623384257725
2025-05-16,482,0.3403984296146782,0.2857671315079134,0.05463129810676476
2025-05-19,492,0.35261236274163904,0.3006378557938584,0.05197450694778063
2025-05-20,490,0.6833352257182805,0.7651458814503419,-0.08181065573206132
2025-05-21,490,0.36201485933679145,0.327067566172463,0.03494729316432843
2025-05-22,481,0.39871570774607307,0.3666777699704741,0.032037937775599004
2025-05-23,489,0.5720327588627326,0.5488531297424997,0.023179629120232997
2025-05-27,492,0.4175953803287691,0.40210934886917943,0.01548603145958963
2025-05-28,491,0.3800891219684946,0.3405787897508526,0.03951033221764204
2025-05-29,477,0.3982869819921123,0.3696295721306318,0.02865740986148059
2025-05-30,478,0.37884475439921267,0.34551800520602266,0.03332674919319007
2025-06-02,493,0.4477476517927577,0.41128016659818,0.03646748519457771
2025-06-03,488,0.3820260534674958,0.3536061509939625,0.028419902473533307
2025-06-04,492,0.3991541804924714,0.36961525644855947,0.029538924043911993
2025-06-05,482,0.41178785755076397,0.3755335601573518,0.03625429739341216
2025-06-06,487,0.40787185354310707,0.3867284297548379,0.021143423788269174
2025-06-09,486,0.4331213983274348,0.4045140641695624,0.028607334157872377
2025-06-10,493,0.3701096754328411,0.3453303043726557,0.024779371060185316
2025-06-11,494,0.3617298324549596,0.3200993874004177,0.04163044505454189
2025-06-12,471,0.5623985694082785,0.5981756369087263,-0.03577706750044784
2025-06-13,482,0.5249197357396217,0.4991436218591969,0.025776113880424747
2025-06-16,491,0.4485557080049822,0.4558595671937991,-0.007303859188816945
2025-06-17,487,0.3585079644084728,0.3182337310787795,0.040274233329693376
2025-06-18,493,0.34554689276436956,0.30499535371126585,0.04055153905310373
2025-06-20,492,0.46371020315416844,0.4376524852803185,0.02605771787384992
2025-06-23,494,0.44785945006831557,0.4156364605528469,0.03222298951546864
2025-06-24,494,0.4421356280098416,0.4317452727116736,0.010390355298167979
2025-06-25,493,0.39283998579248314,0.3517821769035874,0.04105780888889577
2025-06-26,489,0.37122639580603994,0.3315509394156583,0.03967545639038164
2025-06-27,476,0.3707115143866386,0.3270039997683638,0.04370751461827476
2025-06-30,488,0.5842299000916809,0.5721973229895435,0.012032577102137319
2025-07-01,494,0.4985504413435018,0.47881942823079743,0.01973101311270437
2025-07-02,486,0.35645847393838537,0.31151780703707355,0.04494066690131179
2025-07-03,491,0.405890616799572,0.4044977382085444,0.0013928785910275895
2025-07-07,493,0.40709026299109924,0.38960708727467136,0.017483175716427907
2025-07-08,495,0.3556259511597574,0.3264810298031675,0.029144921356589967
2025-07-09,488,0.4284009304965399,0.4093771775497034,0.019023752946836496
2025-07-10,494,0.36826752756055187,0.36721765921054256,0.0010498683500093048
2025-07-11,495,0.363852450219074,0.3575961672758249,0.006256282943249075
2025-07-14,490,0.5183522514370268,0.5440987884608484,-0.025746537023821525
2025-07-15,496,0.319935796206598,0.3099517930390593,0.009984003167538735
2025-07-16,495,0.411981171892693,0.40165789318213524,0.010323278710557713
2025-07-17,489,0.34669648660391267,0.3410701655065246,0.00562632109738809
2025-07-18,492,0.3362254265645169,0.3354393682643217,0.0007860583001953154
2025-07-21,493,0.6237447006983909,0.6154230103074562,0.008321690390934732
2025-07-22,495,0.49155131869332186,0.4845656763132475,0.006985642380074323
2025-07-23,495,0.5071306180129321,0.5137350584239171,-0.006604440410984927
2025-07-24,493,0.3945978031715413,0.38474786884629564,0.009849934325245665
2025-07-25,496,0.4025622920481988,0.40906058286384606,-0.006498290815647229
2025-07-28,495,0.4829611371046404,0.4835140037590753,-0.0005528666544348487
2025-07-29,494,0.5269394753093657,0.5393352817183332,-0.012395806408967534
2025-07-30,486,0.7154930005714899,0.7365506391530302,-0.021057638581540222
2025-07-31,487,0.6108032673562075,0.6385077493199498,-0.027704481963742374
2025-08-01,493,0.5117243347979041,0.49488359696333395,0.01684073783457017
2025-08-04,492,0.49534289124830944,0.49684786252754987,-0.001504971279240435
2025-08-05,495,0.4888412008407416,0.49701216871683074,-0.00817096787608915
2025-08-06,493,0.5027597679403368,0.4999410659216786,0.0028187020186581768
2025-08-07,487,0.43486451571126616,0.42663722834458984,0.00822728736667631
2025-08-08,489,0.31447029991467024,0.3124540411526027,0.002016258762067511
2025-08-11,493,0.5522787288848481,0.5335305434701105,0.018748185414737596
2025-08-12,489,0.576557080752208,0.5616448374439519,0.014912243308256185
2025-08-13,485,0.3961752006693399,0.4021907770719441,-0.006015576402604184
2025-08-14,473,0.38408282902307445,0.3823543377408529,0.001728491282221511
2025-08-15,483,0.2919716265612588,0.28773218553869284,0.0042394410225659405
2025-08-18,490,0.41816597639234676,0.4138894776294442,0.004276498762902582
2025-08-19,490,0.34072282271515664,0.3389308029277644,0.0017920197873922356
2025-08-20,491,0.30049275705521666,0.3008116875505915,-0.00031893049537488443
2025-08-21,489,0.6983484366493191,0.6681937353725479,0.030154701276771306
2025-08-22,491,0.3809691612480056,0.38792933877349867,-0.006960177525493069
2025-08-25,493,0.35967187288893504,0.3571679426117016,0.002503930277233404
2025-08-26,496,0.2879432705826728,0.2810115826693494,0.0069316879133233325
2025-08-27,492,0.3555791158245531,0.3539440390552797,0.0016350767692733987
2025-08-28,478,0.3480828821465321,0.34974651388358435,-0.0016636317370522752
2025-08-29,472,0.4095705593931452,0.41627797214578055,-0.006707412752635367
2025-09-02,488,0.34493798586504326,0.34373592573715955,0.0012020601278837065
2025-09-03,488,0.4112205868682801,0.4010305566387359,0.010190030229544305
2025-09-04,478,0.4386117296216928,0.4346974312160281,0.003914298405664693
2025-09-05,491,0.36251919409296185,0.36070114895215116,0.001818045140810714
2025-09-08,491,0.39283338842410315,0.3942248632738837,-0.0013914748497805434
2025-09-09,488,0.5343628745854271,0.5387303864726214,-0.00436751188719421
2025-09-10,492,0.5571323634295571,0.5399500503870504,0.01718231304250683
2025-09-11,487,0.40552177685079943,0.41847497169473497,-0.012953194843935518
2025-09-12,472,0.38889284695215504,0.38943326169399983,-0.0005404147418448543
2025-09-15,488,0.36824784371801456,0.36121397140949224,0.0070338723085223145
2025-09-16,493,0.3192136062535272,0.3106557085268964,0.008557897726630848
2025-09-17,493,0.47859158376862676,0.46671122175699015,0.011880362011636615
2025-09-18,494,0.3273958697194791,0.3252340278995646,0.0021618418199144352
2025-09-19,491,0.3731894250365477,0.3664105826146958,0.006778842421851858
2025-09-22,496,0.3666370174129468,0.3591560147146171,0.007481002698329687
2025-09-23,495,0.40027564986152636,0.4002479910665805,2.76587949458748e-05
2025-09-24,493,0.39954865466605965,0.41785668921602287,-0.01830803454996319
2025-09-25,490,0.36332237819286484,0.3466587148958062,0.01666366329705864
2025-09-26,494,0.3451521189463354,0.3298025679598116,0.015349550986523821
2025-09-29,472,0.40684049952688844,0.4005403840274291,0.006300115499459321
2025-09-30,487,0.5896414282462032,0.5899536566707746,-0.00031222842457120616
2025-10-01,493,0.36669525316472645,0.35933313045582826,0.00736212270889818
2025-10-02,487,0.3461297400104848,0.33765666539988476,0.008473074610600047
2025-10-03,494,0.41777439730773075,0.4159888217378688,0.0017855755698620052
2025-10-06,494,0.40669562551622285,0.4152796795928285,-0.008584054076605641
2025-10-07,496,0.4330529713137727,0.42359148131250457,0.009461490001268127
2025-10-08,492,0.409706381415715,0.4196439299439826,-0.009937548528267556
2025-10-09,487,0.8614653958612958,0.9205361891083816,-0.05907079324708596
2025-10-10,496,0.5115728593041681,0.49651122022584415,0.015061639078323997
2025-10-13,493,0.4505087869407519,0.4358787136502921,0.01463007329045982
2025-10-14,491,0.4254039204347332,0.416555305475735,0.008848614958998212
2025-10-15,495,0.5820495420965259,0.5879368295134535,-0.005887287416927596
2025-10-16,491,0.33679970033635015,0.3252895918265212,0.01151010850982902
2025-10-17,494,0.3990053424858111,0.38481095579882213,0.014194386686988997
2025-10-20,495,0.4235103543034576,0.4159119680265302,0.007598386276927366
2025-10-21,493,0.44304956942445506,0.44766728927526106,-0.004617719850806003
2025-10-22,495,0.5084208207955622,0.4957187761787767,0.012702044616785507
2025-10-23,493,0.42546135252553374,0.4131602694816335,0.012301083043900294
2025-10-24,495,0.3729201660676351,0.3640465798160725,0.00887358625156255
2025-10-27,495,0.5191597109833249,0.5250157484164207,-0.005856037433095683
2025-10-28,494,0.7549757537195604,0.7762159052252209,-0.021240151505660526
2025-10-29,494,0.6328860579796148,0.6419472163826215,-0.009061158403006775
2025-10-30,485,0.41833853949976463,0.41304376809369586,0.0052947714060687205
2025-10-31,489,0.44459455745355103,0.4440010524623378,0.0005935049912132369
2025-11-03,493,0.5897078919436027,0.6058652300252494,-0.01615733808164651
2025-11-04,492,0.5396671613697002,0.5311393965346103,0.008527764835089751
2025-11-05,496,0.5723788962317228,0.5866240062510856,-0.014245110019362763
2025-11-06,485,0.47711655528202246,0.46565928609965973,0.011457269182362732
2025-11-07,486,0.4102536516956897,0.40302475688240474,0.007228894813285023
2025-11-10,496,0.43449401221062156,0.4317639525341709,0.002730059676450725
2025-11-11,489,0.3595966442598497,0.3548179630417576,0.0047786812180921154
2025-11-12,486,0.5533535609675648,0.58037742385749,-0.027023862889925237
2025-11-13,473,0.3422064459914484,0.3399977251258196,0.0022087208656287587
2025-11-14,478,0.552709535923045,0.5748062689547803,-0.022096733031735295
2025-11-17,491,0.33019789101183505,0.3278399972398799,0.0023578937719551307
2025-11-18,488,0.4084638506305137,0.4084214754280295,4.237520248426172e-05
2025-11-19,490,0.5370385622001855,0.5675077326189936,-0.030469170418807874
2025-11-20,488,0.7021469376795865,0.6764387511067999,0.025708186572786732
2025-11-21,490,0.4914196911970948,0.48774041304494475,0.0036792781521500137
2025-11-24,491,0.5482030569111954,0.5310637062908647,0.0171393506203306
2025-11-25,492,0.351047857955311,0.339863715020968,0.011184142934343002
2025-11-26,483,0.2700264611121585,0.2573867596520179,0.01263970146014058
2025-11-28,475,0.40931827981534774,0.4145137637135246,-0.005195483898176862
2025-12-01,491,0.370826152862325,0.36695745040700584,0.0038687024553190896
2025-12-02,489,0.4830292808890752,0.47137281480840176,0.011656466080673479
2025-12-03,490,0.37181181757934373,0.3707089897724654,0.001102827806878357
2025-12-04,476,0.3929737600893572,0.38722619741414266,0.005747562675214556
2025-12-05,491,0.44807394372714865,0.4531717946215638,-0.005097850894415219
2025-12-08,493,0.3673434263253784,0.3633023327901701,0.004041093535208284
2025-12-09,490,0.58566788478036,0.565834289381321,0.019833595399039186
2025-12-10,494,0.46462894481218997,0.4539528517397619,0.010676093072428079
2025-12-11,487,0.4857327700493265,0.5099450580415489,-0.02421228799222237
2025-12-12,473,0.3694025560405225,0.3639351649852499,0.005467391055272552
2025-12-15,489,0.3866135864669549,0.39067565231813556,-0.004062065851180716
2025-12-16,491,0.45518481268416694,0.466882776242018,-0.011697963557851115
2025-12-17,492,0.36014225274741923,0.353559453539203,0.00658279920821627
2025-12-18,491,0.3905331233907547,0.38230137316310664,0.008231750227648061
2025-12-19,493,0.3580226967761414,0.34442279985955476,0.013599896916586631
2025-12-22,494,0.27268809389028464,0.2669227174564536,0.005765376433831153
2025-12-23,495,0.22613772104941116,0.2080833120118992,0.01805440903751195
2025-12-24,488,0.21887838909401403,0.203023374142129,0.015855014951884985
2025-12-26,491,0.24781180012707682,0.23789844468658317,0.009913355440493644
2025-12-29,494,0.23145498507056247,0.2182523927146926,0.013202592355869885
2025-12-30,478,0.30098535368596085,0.30300979127821087,-0.0020244375922500754
2025-12-31,478,0.5414686853636206,0.5346752518758076,0.006793433487813015
2026-01-02,493,0.5814489331955984,0.5742254254184389,0.007223507777159547
2026-01-05,492,0.5898185314644461,0.5823539997617084,0.007464531702737732
2026-01-06,495,0.5645710167237468,0.5902667488191311,-0.025695732095384408
2026-01-07,496,0.6206038346060536,0.6210302901150981,-0.00042645550904451174
2026-01-08,489,0.4827835604244142,0.4742193639002984,0.008564196524115764
2026-01-09,492,0.377062577949894,0.37651081747030607,0.0005517604795879466
2026-01-12,495,0.45387616733831204,0.4539463214780244,-7.015413971239356e-05
2026-01-13,494,0.4574632567552268,0.4528508681356106,0.004612388619616251
2026-01-14,492,0.4225215558598644,0.4160551581753625,0.006466397684501864
2026-01-15,489,0.427834362061749,0.435364377572322,-0.007530015510573032
2026-01-16,491,0.6673074224883995,0.7067615853653114,-0.03945416287691197
2026-01-20,494,0.6143730979784878,0.5973650636174576,0.01700803436103038
2026-01-21,494,0.40767176668437133,0.4007777915405067,0.006893975143864654
2026-01-22,492,0.39536092699948466,0.39862723186566507,-0.0032663048661804054
2026-01-23,496,0.3359987654936436,0.33140614883367664,0.004592616659967023
2026-01-26,496,0.5343601518154139,0.5402723090813395,-0.005912157265925624
2026-01-27,493,0.48895819285323605,0.49988784053096347,-0.010929647677727415
2026-01-28,493,0.6085771171743799,0.6093996039235594,-0.000822486749179479
2026-01-29,487,0.4924096557146948,0.5048454494575415,-0.012435793742846667
2026-01-30,491,0.4992163363644097,0.4929750403353919,0.006241296029017788
2026-02-02,494,0.9682398698355776,0.9742967770201298,-0.006056907184552314
2026-02-03,493,0.9146364759168265,0.9186465748172281,-0.004010098900401592
2026-02-04,494,0.7264231580003954,0.7537170528901281,-0.027293894889732842
2026-02-05,489,0.8313241513767358,0.8107994580795187,0.020524693297217043
2026-02-06,490,0.5223786675510109,0.5222496594554317,0.00012900809557928465
2026-02-09,491,0.5591260735021921,0.5574105686092414,0.001715504892950648
2026-02-10,491,0.7101826976914991,0.7187464510331825,-0.008563753341683359
2026-02-11,493,0.9116303817091902,0.9453072151957386,-0.03367683348654844
2026-02-12,472,0.5615452900840359,0.5491421679207908,0.012403122163245068
2026-02-13,479,0.48793140620227426,0.4915379081667179,-0.0036065019644436194
2026-02-17,491,0.5146870270179528,0.5058043066465682,0.008882720371384583
2026-02-18,491,0.4465666349167941,0.44957282212288735,-0.0030061872060932566
2026-02-19,489,0.4028827448918203,0.39671431066261564,0.006168434229204654
2026-02-20,489,0.713711990720541,0.743601630619294,-0.02988963989875279
2026-02-23,492,0.45948661089672593,0.4507664495646888,0.008720161332037176
2026-02-24,490,0.5558275502761361,0.5578219605866699,-0.0019944103105337934
2026-02-25,495,0.5531502300687436,0.5498788748211598,0.0032713552475839153
2026-02-26,478,0.626672598214286,0.6238421339484785,0.0028304642658075695
2026-02-27,479,0.5090521940112595,0.5134566960020591,-0.004404501990799627
2026-03-02,493,0.5534738324486015,0.5890086332799893,-0.03553480083138783
2026-03-03,489,0.42716702157688513,0.4194696810735241,0.007697340503360972
2026-03-04,489,0.6154657139519081,0.6452830342682297,-0.029817320316321703
2026-03-05,476,0.6288033205893379,0.6660110881820805,-0.037207767592742774
2026-03-06,485,0.45300679615141587,0.453761516441966,-0.0007547202905501592
2026-03-09,483,0.49697905002277293,0.5154190095761956,-0.0184399595534227
2026-03-10,489,0.4532164662850132,0.45696898421920296,-0.003752517934189729
2026-03-11,495,0.736050370685829,0.7879429687645904,-0.051892598078761454
2026-03-12,475,0.3972391020431455,0.39275881349029745,0.0044802885528479955
2026-03-13,482,0.3925951225996786,0.37774990988400664,0.014845212715671914
2026-03-16,488,0.3790415921600685,0.36497338126144735,0.014068210898621163
2026-03-17,496,0.5625238560099382,0.5950949335566755,-0.032571077546737395
2026-03-18,493,0.39556722865309035,0.3919057012219784,0.0036615274311119425
2026-03-19,493,0.5973031265194351,0.6318206459028838,-0.034517519383448665
2026-03-20,495,0.49042005835212454,0.47555971167937844,0.014860346672746168
2026-03-23,494,0.5206724479049831,0.5305231906161355,-0.009850742711152436
2026-03-24,494,0.38477309695398737,0.37198709184638434,0.012786005107603079
2026-03-25,496,0.5599759995099295,0.5988012856688449,-0.038825286158915485
2026-03-26,492,0.6036348479772052,0.6448177188146104,-0.04118287083740515
2026-03-27,495,0.5183744103645732,0.5378785120885925,-0.01950410172401923
2026-03-30,474,0.7891527227888258,0.7705514890535718,0.018601233735253787
2026-03-31,491,0.47421128634351595,0.46834049673569156,0.005870789607824451
2026-04-01,487,0.40726243562083525,0.39626309051906294,0.01099934510177236
2026-04-02,493,0.3590575307766921,0.34173052637979945,0.017327004396892665
2026-04-06,494,0.40211071922621144,0.40279345444321396,-0.0006827352170024788
2026-04-07,497,1.0101454711850422,0.9982479475601724,0.011897523624869788
2026-04-08,491,0.4910694279803218,0.49768149966351877,-0.006612071683196978
2026-04-09,491,0.47745688021872623,0.491773592384306,-0.01431671216557982
2026-04-10,496,0.5846193214118545,0.5776477087425806,0.006971612669273831
2026-04-13,495,0.42339051268866096,0.40901209020036766,0.01437842248829333
2026-04-14,492,0.5019117088301663,0.5019780716407986,-6.636281063215064e-05
2026-04-15,495,0.4687077400977823,0.46053736844945875,0.008170371648323552
2026-04-16,493,0.6132488626697782,0.5957020657682576,0.017546796901520542
2026-04-17,493,0.37022348926437915,0.35335055604357046,0.01687293322080867
2026-04-20,496,0.5400842473988116,0.5519123464907779,-0.01182809909196643
2026-04-21,493,0.4819275734524979,0.48008608836338923,0.0018414850891087246
2026-04-22,496,0.7659004413372161,0.7929293853425847,-0.02702894400536854
2026-04-23,496,0.5357550575525507,0.5367420232725266,-0.0009869657199759391
2026-04-24,496,0.40069944201271884,0.3980537877813001,0.0026456542314188133
2026-04-27,496,0.5263562985572063,0.5375109377071176,-0.011154639149911258
2026-04-28,495,0.6608935606442429,0.677464716186032,-0.016571155541789076
2026-04-29,490,0.7379787694656277,0.7287990613801718,0.009179708085455839
2026-04-30,491,0.4673028949376634,0.4656090679914194,0.0016938269462440658
2026-05-01,490,0.5073284406431479,0.517932154828164,-0.01060371418501624
2026-05-04,493,0.5381409402963411,0.5299284610651873,0.008212479231153829
2026-05-05,496,0.8808037601947877,0.8810505269070891,-0.000246766712301427
2026-05-06,495,0.6423075031371591,0.6670893836231665,-0.02478188048600739
2026-05-07,483,0.6237369549624531,0.6295679018148943,-0.005830946852441197
2026-05-08,491,0.6213825581597583,0.6431783308754793,-0.021795772715721057
2026-05-11,493,0.435176758891665,0.43409683476499006,0.001079924126674953
2026-05-12,490,0.5372781176258086,0.5533323192915284,-0.016054201665719754
2026-05-13,490,0.4438439263002021,0.433424617571021,0.010419308729181032
2026-05-14,471,0.5779768144604027,0.6100935046017828,-0.03211669014138
2026-05-15,485,0.5686227668669612,0.5701549326346631,-0.0015321657677019014
2026-05-18,493,0.4533087093825673,0.46131163803987396,-0.008002928657306663
2026-05-19,491,0.603746413811464,0.5891555686319179,0.014590845179546091
2026-05-20,491,0.45212048392660437,0.4439791079771343,0.008141375949470045
2026-05-21,477,0.4659150819122823,0.446268559631022,0.019646522281260313
2026-05-22,493,0.5135516224059263,0.5114809038675864,0.0020707185383399846
2026-05-26,493,0.48323667218900873,0.48027878780054667,0.002957884388462131
2026-05-27,494,0.5528460386919356,0.5448746694149436,0.007971369276991975
2026-05-28,480,0.6050627623252341,0.6068140128385857,-0.0017512505133516361
2026-05-29,476,0.7632486923838093,0.7781996116044197,-0.014950919220610532
2026-06-01,494,0.6664921383524578,0.6799265920791493,-0.013434453726691461
2026-06-02,492,0.5460152544593713,0.5647821405440331,-0.018766886084661715
2026-06-03,490,0.5833165051497703,0.5683498728766379,0.014966632273132349
2026-06-04,478,0.79041052994942,0.8548316938106822,-0.0644211638612623
2026-06-05,491,0.49926354040280474,0.500474022098393,-0.0012104816955882548
2026-06-08,491,0.6002761673975876,0.5977091084868247,0.0025670589107628598
2026-06-09,490,0.6877029563026514,0.7389118315842095,-0.05120887528155797
2026-06-10,494,0.7811078682411229,0.7737798252541795,0.0073280429869434565
2026-06-11,485,0.42216307741360654,0.4063889642248515,0.01577411318875507
2026-06-12,468,0.5999304367972376,0.5902455310582262,0.009684905739011367
2026-06-15,490,0.43720508639243816,0.44404578815254386,-0.006840701760105741
2026-06-16,494,0.677185604514453,0.7278907707047078,-0.05070516619025475
2026-06-17,493,0.5775607519981464,0.5800863393626835,-0.002525587364537176
2026-06-18,492,0.5431124352481795,0.5533401216481255,-0.010227686399945977
2026-06-22,494,0.6447457937770261,0.6800351416831625,-0.035289347906136324
2026-06-23,494,0.5966565114445013,0.5865024016949735,0.010154109749527745
2026-06-24,493,0.617903030010373,0.6204023287787211,-0.002499298768348189
2026-06-25,492,0.73799257659407,0.7565731585065562,-0.01858058191248609
2026-06-26,494,0.5262470321816705,0.5264354972618777,-0.00018846508020714373
2026-06-29,475,0.5314716163086795,0.5312223177506209,0.000249298558058606
2026-06-30,489,0.7059868185057366,0.7280831599756852,-0.022096341469948513
2026-07-01,490,0.7758092381085826,0.7948580951299369,-0.019048857021354292
2026-07-02,490,0.4990905044826665,0.4957143222843872,0.0033761821982792486
2026-07-06,494,0.53136324677878,0.54272577243283,-0.011362525654050054
2026-07-07,495,0.6275708562659056,0.6552471086815418,-0.027676252415636152
2026-07-08,493,0.4764429938803167,0.46310361905403,0.013339374826286686
2026-07-09,489,0.36846215329943305,0.35271952696792297,0.01574262633151006
2026-07-10,496,0.5187896760276771,0.5278794391967744,-0.009089763169097218
2026-07-13,497,0.5344177204826793,0.546594290891967,-0.012176570409287654
2026-07-14,492,0.5448178344935829,0.5581011351025381,-0.013283300608955235
2026-07-15,497,0.7923981114852089,0.81593551927715,-0.02353740779194116
2026-07-16,493,0.48563429295977345,0.4896963974934102,-0.004062104533636707
2026-07-17,492,0.39101827494317704,0.3840937744604722,0.006924500482704817
2026-07-20,495,0.5692077171360069,0.5740323051439998,-0.004824588007992875
2026-07-21,495,0.4985864247487247,0.49856098418627426,2.5440562450430367e-05
2026-07-22,495,0.5757510602078528,0.5823418709348156,-0.006590810726962629
2026-07-23,492,0.6148488022411762,0.6252171575380118,-0.010368355296835547
2026-07-24,496,0.6133556644264049,0.610986181997291,0.002369482429113795
2026-07-27,495,0.80012574694511,0.8260041972346136,-0.025878450289503717
2026-07-28,496,0.7442094200852254,0.7929178903112932,-0.04870847022606784
2026-07-29,495,0.9519507890633183,0.995902729493072,-0.04395194042975368
2026-07-30,487,0.5385586322703942,0.532099825801435,0.006458806468959219
2026-07-31,489,0.5911363935634744,0.5755826821426556,0.015553711420818895
2026-08-03,495,0.7362161929174981,0.7315086811960775,0.004707511721420549
2026-08-04,495,0.5091080974339237,0.5079825463115064,0.0011255511224172955
2026-08-05,496,0.5413729536835901,0.5469090617770775,-0.005536108093487487
2026-08-06,488,0.5311135396017581,0.5196733164310807,0.011440223170677452
2026-08-07,490,0.5556119449646996,0.5502351560496698,0.005376788915029807
2026-08-10,494,0.4053484235437282,0.39044011354053887,0.01490831000318933
2026-08-11,490,0.47101284405978067,0.4668696278345827,0.004143216225197931
2026-08-12,490,0.5038964953157667,0.4907862691180383,0.013110226197728385
2026-08-13,472,0.4057876518473088,0.39400671685785776,0.011780934989451059
2026-08-14,487,0.5152319749630848,0.537299448454801,-0.022067473491716227
2026-08-17,490,0.5129811832027683,0.5399663195894602,-0.026985136386691828
2026-08-18,486,0.8581074197149458,0.867627612391441,-0.009520192676495209
2026-08-19,491,0.5075162329928403,0.5186643902665024,-0.011148157273661953
2026-08-20,488,0.4493519893842655,0.42432782482065884,0.02502416456360674
2026-08-21,490,0.4266833726931536,0.42190216163459515,0.00478121105855844
