origin_trading_day,rows,baseline_loss,candidate_loss,loss_delta_baseline_minus_candidate
2020-05-06,451,1.3728232877128177,1.3108938726506554,0.06192941506216246
2020-05-07,461,0.9655612500264401,1.075887913240197,-0.11032666321375677
2020-05-08,465,2.3651570017575922,1.9406690573885992,0.42448794436899295
2020-05-11,451,1.4299502675389522,1.355382705356322,0.07456756218263014
2020-05-12,443,0.8263124391407165,0.9726707626573465,-0.14635832351663003
2020-05-13,447,2.656661965649468,2.021229114327097,0.6354328513223713
2020-05-14,454,1.5852004017825585,1.3681785642521986,0.21702183753035995
2020-05-15,459,2.328018840957636,1.8231956452298488,0.5048231957277872
2020-05-18,453,0.7771903559486101,0.9518286397933127,-0.17463828384470262
2020-05-19,455,0.8144356165658437,0.9433414142831642,-0.12890579771732052
2020-05-20,456,1.3444840946947927,1.225811945875416,0.1186721488193769
2020-05-21,460,2.1595588669100034,1.7266087205315612,0.4329501463784426
2020-05-22,454,1.7206934632842403,1.476149099598161,0.24454436368607926
2020-05-26,444,1.0186135209506488,1.1326529809000605,-0.1140394599494115
2020-05-27,443,0.9286432072158014,1.0422041726106324,-0.11356096539483088
2020-05-28,452,0.9030446124006092,0.9843853279612319,-0.08134071556062263
2020-05-29,464,1.8781766281715933,1.500926089094999,0.3772505390765945
2020-06-01,456,1.8146163859412456,1.4791391720295577,0.33547721391168783
2020-06-02,459,2.5910254271087245,2.0167811754391294,0.574244251669595
2020-06-03,461,2.23350549889039,1.8097291353230993,0.42377636356729115
2020-06-04,465,1.1640574199615938,1.100125683591314,0.06393173637027987
2020-06-05,466,1.0552288458878518,1.0778633943254334,-0.022634548437581604
2020-06-08,453,4.00938530854556,3.1525701030241042,0.8568152055214546
2020-06-09,439,2.3446599459114412,1.9609982385788403,0.3836617073326012
2020-06-10,433,1.2558894798955371,1.2592416124000572,-0.003352132504520206
2020-06-11,446,1.756860721085054,1.443455751195393,0.313404969889661
2020-06-12,469,0.8346779392829452,0.9830547116580506,-0.14837677237510521
2020-06-15,474,0.5980207864375566,0.840682481983168,-0.24266169554561134
2020-06-16,471,0.936040704813805,1.001418330675898,-0.06537762586209302
2020-06-17,470,0.7048299163982499,0.8647312232575293,-0.15990130685927947
2020-06-18,471,0.6528960104174553,0.8382656139186634,-0.18536960350120804
2020-06-19,476,1.0894499777819175,1.0811762606645718,0.008273717117345756
2020-06-22,474,0.8680498383811763,0.9584560575006869,-0.09040621911951059
2020-06-23,472,1.5436954095143787,1.3797781985808115,0.16391721093356712
2020-06-24,454,0.6230093451819493,0.7833572150942539,-0.16034786991230454
2020-06-25,448,0.6326211947556157,0.796064638541066,-0.16344344378545034
2020-06-26,447,1.050867911007973,1.0799288158912452,-0.029060904883272013
2020-06-29,460,0.7917669220617075,0.9266958737349551,-0.13492895167324762
2020-06-30,466,0.7577128550490957,0.8982638910616041,-0.14055103601250848
2020-07-01,468,0.7360652908963544,0.8673003724831733,-0.13123508158681882
2020-07-02,473,0.7942492429140936,0.9001414838520722,-0.10589224093797846
2020-07-06,467,1.251701960654806,1.1664774982869865,0.08522446236781935
2020-07-07,467,0.6241976689006401,0.7566128043067537,-0.13241513540611358
2020-07-08,468,0.6905433595370668,0.7903743274432673,-0.09983096790620051
2020-07-09,472,1.1651825686447617,1.1110840988160464,0.0540984698287153
2020-07-10,472,1.3152492501071735,1.2091240154602185,0.1061252346469551
2020-07-13,468,1.2207615442228479,1.164454731497249,0.05630681272559887
2020-07-14,469,0.8786832017931115,0.9031590961623737,-0.024475894369262004
2020-07-15,471,0.7988673822134308,0.8190821909169526,-0.020214808703521783
2020-07-16,473,0.6394782550065429,0.7276076715984665,-0.08812941659192362
2020-07-17,475,0.6926413292470045,0.7704551946340245,-0.07781386538701994
2020-07-20,471,0.8980994246174303,0.9125099285633307,-0.014410503945900337
2020-07-21,471,0.7287420307438053,0.790146163514477,-0.061404132770671666
2020-07-22,472,0.6920415945087772,0.7566089484423341,-0.06456735393355678
2020-07-23,473,0.6616830288209481,0.7201155759969282,-0.05843254717598018
2020-07-24,475,0.7649671892458825,0.8231252016871076,-0.05815801244122503
2020-07-27,467,0.8136272088842417,0.8469193715173957,-0.033292162633154106
2020-07-28,457,0.8920614119551319,0.9229390415061487,-0.03087762955101687
2020-07-29,455,0.8698630732395481,0.8928577610211859,-0.022994687781637692
2020-07-30,463,0.7572786758050599,0.8053507309304111,-0.04807205512535123
2020-07-31,476,0.9270768100955922,0.9126080372816127,0.014468772813979453
2020-08-03,470,0.9356523923209248,0.926152897523327,0.00949949479759772
2020-08-04,462,0.9889530734019707,0.9685956648614827,0.02035740854048799
2020-08-05,459,1.1544700774986993,1.090734156755174,0.06373592074352503
2020-08-06,464,1.2521159020833281,1.143231234144823,0.1088846679385053
2020-08-07,470,0.8332609728466088,0.8312112099324052,0.002049762914203732
2020-08-10,448,0.6162467560920196,0.6797358508033879,-0.06348909471136834
2020-08-11,443,0.5990359882156744,0.6666388606405093,-0.06760287242483488
2020-08-12,442,0.6198464263849427,0.6660245712747889,-0.04617814488984612
2020-08-13,458,0.594055317487622,0.6412900962475383,-0.04723477875991631
2020-08-14,459,0.6592013925837928,0.6911463752024544,-0.03194498261866138
2020-08-17,457,0.7170440689274796,0.7357696331240674,-0.018725564196587725
2020-08-18,461,0.6545452847788922,0.689240582741826,-0.03469529796293385
2020-08-19,462,0.6297017921291804,0.6645011808343367,-0.03479938870515633
2020-08-20,466,0.6048799330199779,0.6534373797650156,-0.048557446745037695
2020-08-21,469,0.685036821865313,0.7297747220380773,-0.0447379001727642
2020-08-24,466,0.6340742861617908,0.6942077337432698,-0.06013344758147904
2020-08-25,457,0.7321485249310794,0.7523155247703763,-0.02016699983929699
2020-08-26,442,0.6296645850790341,0.6579602679240607,-0.02829568284502657
2020-08-27,443,0.6305741322496197,0.6623166242893123,-0.03174249203969264
2020-08-28,448,0.7220161089278401,0.7676271108014004,-0.045611001873560424
2020-08-31,451,0.6695971045230524,0.6785742614960987,-0.008977156973046215
2020-09-01,459,0.9998813844432235,0.9504831991144135,0.04939818532880998
2020-09-02,458,1.9592361286230382,1.8302276984765316,0.1290084301465065
2020-09-03,464,0.7431216338343393,0.7408027442767783,0.0023188895575610947
2020-09-04,458,0.9920304515134293,0.9381329498531323,0.05389750166029683
2020-09-08,462,0.6679677915623143,0.7010387454222268,-0.033070953859912496
2020-09-09,443,0.6737632965909556,0.7084336061328489,-0.03467030954189344
2020-09-10,442,0.8790651639025178,0.8827860251209289,-0.0037208612184111813
2020-09-11,441,0.9378173520266422,0.9183832114811379,0.0194341405455043
2020-09-14,466,0.634515555214647,0.6687688321098825,-0.03425327689523538
2020-09-15,470,0.8064500078495664,0.8075523570068949,-0.0011023491573283594
2020-09-16,472,1.3753833967308395,1.2784227505189387,0.09696064621190087
2020-09-17,473,1.219791711285923,1.135978728569238,0.08381298271668493
2020-09-18,475,1.5029851561660532,1.3554645299479615,0.14752062621809167
2020-09-21,474,0.764833007716758,0.7774031138748957,-0.012570106158137778
2020-09-22,471,0.5947398211526055,0.6465937639405264,-0.05185394278792089
2020-09-23,473,1.059423096440134,1.0311197285924558,0.02830336784767824
2020-09-24,456,0.9000365165015896,0.886815428254015,0.013221088247574479
2020-09-25,451,0.700400010666885,0.7517365315250584,-0.0513365208581734
2020-09-28,445,0.7118202419494712,0.737164850995598,-0.025344609046126836
2020-09-29,462,0.7181322290905534,0.7656890718918131,-0.04755684280125953
2020-09-30,466,0.8847852218584892,0.8962726753294827,-0.011487453470993588
2020-10-01,470,0.7534384136291032,0.7829647308662966,-0.029526317237193272
2020-10-02,472,0.9102987182754186,0.9134542435364874,-0.0031555252610687935
2020-10-05,463,0.7673387508201596,0.8016300920909336,-0.03429134127077403
2020-10-06,463,1.0725401569571684,1.0596803374087944,0.012859819548373952
2020-10-07,464,0.822677094570812,0.8673967455497013,-0.04471965097888922
2020-10-08,478,0.7911811710404181,0.7966960855133046,-0.005514914472886501
2020-10-09,476,0.6431200417702495,0.6766747736698195,-0.033554731899570006
2020-10-12,471,0.6698735802328024,0.7032144060746468,-0.03334082584184443
2020-10-13,469,0.5995184331122839,0.6533485081481014,-0.053830075035817444
2020-10-14,473,0.6883100312613805,0.7194664311935662,-0.03115639993218577
2020-10-15,476,0.6420631863966049,0.6711152049729259,-0.02905201857632102
2020-10-16,476,0.7203937445347218,0.7310524531182837,-0.01065870858356185
2020-10-19,472,0.8947445382660159,0.8868097789164419,0.007934759349574074
2020-10-20,473,0.7535002853450327,0.7791812617416043,-0.025680976396571648
2020-10-21,474,0.7059915272019271,0.7284792161550736,-0.02248768895314643
2020-10-22,475,1.1142648706046747,1.0560471148480033,0.058217755756671485
2020-10-23,476,2.309674541160789,2.0805829277586256,0.22909161340216294
2020-10-26,468,1.2262612934017831,1.1871337928824792,0.039127500519303936
2020-10-27,460,1.0846706024038495,1.0684594036651354,0.016211198738714246
2020-10-28,459,1.2986735786923689,1.229358850419619,0.06931472827275034
2020-10-29,466,1.4700270122480399,1.4201647553871344,0.04986225686090543
2020-10-30,476,1.755048769403924,1.697140228034049,0.05790854136987515
2020-11-02,466,1.8647533566934915,1.7752009298492457,0.08955242684424591
2020-11-03,461,1.511827379242726,1.4704840422924104,0.04134333695031568
2020-11-04,453,2.985027528505343,2.7264072893967244,0.25862023910861887
2020-11-05,457,2.5785720820154823,2.3287924921939545,0.2497795898215283
2020-11-06,464,2.27603279904134,2.0690675343009834,0.20696526474035648
2020-11-09,455,0.8681890954656556,0.9062609828319914,-0.038071887366335794
2020-11-10,450,0.6915300889865418,0.8227879465797635,-0.13125785759322178
2020-11-11,448,0.9837875669787687,0.9854319467040894,-0.0016443797253206036
2020-11-12,457,1.3919224861251474,1.243340693758219,0.14858179236692853
2020-11-13,462,0.798418014639574,0.8769658785366962,-0.07854786389712214
2020-11-16,454,0.7952340394803185,0.9085175476529073,-0.11328350817258888
2020-11-17,460,0.7186252833207945,0.8405144027392729,-0.1218891194184785
2020-11-18,462,0.8250984562188316,0.8875061787742349,-0.06240772255540336
2020-11-19,467,1.2411683106946014,1.1601293364422625,0.08103897425233891
2020-11-20,466,1.1783297019195569,1.1200574998302262,0.058272202089330635
2020-11-23,458,0.6926003071959229,0.8101368008856291,-0.11753649368970627
2020-11-24,448,0.9523189386331218,0.9682403647619992,-0.015921426128877418
2020-11-25,441,0.7250576350319103,0.8213520793650169,-0.09629444433310667
2020-11-27,449,0.6458904080824809,0.7722526813404517,-0.12636227325797075
2020-11-30,447,0.8818757413486518,0.8984154615158617,-0.016539720167209886
2020-12-01,454,1.0384341583198564,0.9877437829838361,0.05069037533602024
2020-12-02,459,0.7720735825300218,0.8285957321947913,-0.05652214966476949
2020-12-03,471,0.6954095143940154,0.7807774380490453,-0.08536792365502988
2020-12-04,468,0.5756446794157792,0.7019675904925939,-0.12632291107681468
2020-12-07,459,0.6415947311937537,0.7355816425065633,-0.09398691131280963
2020-12-08,459,0.6444973450899316,0.6827081102504821,-0.03821076516055046
2020-12-09,444,0.7060503505489164,0.7325441602032944,-0.026493809654377958
2020-12-10,446,0.6020908822205374,0.6502158947544103,-0.04812501253387285
2020-12-11,449,0.639799859886079,0.6819069647577176,-0.04210710487163859
2020-12-14,465,0.7699391036452702,0.8031912410759996,-0.033252137430729446
2020-12-15,465,0.7063365529335623,0.7286854395043284,-0.02234888657076612
2020-12-16,465,0.6608190443457134,0.6768327936713651,-0.01601374932565176
2020-12-17,466,0.7888771814600125,0.7711133223525537,0.017763859107458813
2020-12-18,472,0.6066819907157239,0.6362534886797622,-0.029571497964038268
2020-12-21,467,0.4639113379567125,0.5183456338920774,-0.05443429593536487
2020-12-22,472,0.5970894615299388,0.6126866522283646,-0.015597190698425713
2020-12-23,473,0.5098174895187388,0.5382010656748251,-0.028383576156086138
2020-12-24,462,0.49623933283751126,0.5249260302437068,-0.02868669740619553
2020-12-28,451,0.47555312778298847,0.5173917422804281,-0.04183861449743963
2020-12-29,446,0.5806456389020626,0.5931978546891982,-0.01255221578713573
2020-12-30,462,0.6516325249091657,0.6433093322709548,0.00832319263821086
2020-12-31,472,1.2226013168137213,1.169632489294607,0.05296882751911432
2021-01-04,465,1.683101625685953,1.6225070466175144,0.06059457906843873
2021-01-05,463,1.2736842894950264,1.2757868581458558,-0.002102568650829572
2021-01-06,464,0.7926139325364949,0.8122140421135338,-0.019600109577038907
2021-01-07,476,0.7536508835563869,0.7490780454134809,0.004572838142906025
2021-01-08,478,0.7427787156120594,0.743557744879111,-0.0007790292670514429
2021-01-11,473,0.9213637479976243,0.8927808324929509,0.028582915504673498
2021-01-12,471,0.798491116735005,0.8019832302504063,-0.003492113515401319
2021-01-13,468,0.7139497986970125,0.7362550287168127,-0.02230523001980023
2021-01-14,473,0.754431227586313,0.7642944551851096,-0.009863227598796518
2021-01-15,468,0.7768327411844769,0.7860668984621277,-0.009234157277650793
2021-01-19,472,0.7404128194631634,0.7440607608011145,-0.0036479413379511363
2021-01-20,472,0.8128254044318532,0.8041673046636868,0.008658099768166444
2021-01-21,478,0.9286039315478228,0.9064926001869585,0.022111331360864277
2021-01-22,479,1.630932295518695,1.5009308195887343,0.13000147592996056
2021-01-25,473,0.891177526630007,0.8829674465635613,0.008210080066445693
2021-01-26,461,1.1553643453793225,1.1051513218140845,0.05021302356523802
2021-01-27,460,0.9766417112404572,0.9647619177863443,0.011879793454112858
2021-01-28,464,0.7942548603342894,0.8297697291258996,-0.03551486879161028
2021-01-29,477,1.1653452680979788,1.0924528930854558,0.07289237501252305
2021-02-01,468,1.2399574269694442,1.1552864211928275,0.08467100577661675
2021-02-02,466,0.996004772608267,0.9751445122938665,0.020860260314400476
2021-02-03,461,1.1712273004318352,1.1186953705809242,0.05253192985091078
2021-02-04,465,0.7672278011019529,0.810113005665679,-0.04288520456372606
2021-02-05,466,0.7228292451205047,0.7533965127566878,-0.03056726763618315
2021-02-08,451,0.7064977153465246,0.7597204938359187,-0.053222778489394024
2021-02-09,449,0.7903645293501514,0.8192137337044643,-0.02884920435431282
2021-02-10,444,0.8383991733115195,0.8458484645264666,-0.0074492912149470986
2021-02-11,458,0.7677109509695497,0.774521125732694,-0.00681017476314437
2021-02-12,458,0.7669538390025146,0.7848878217511204,-0.01793398274860579
2021-02-16,455,0.6602702743139491,0.7028958633852338,-0.0426255890712848
2021-02-17,458,0.9274019081109673,0.911835812153957,0.015566095957010197
2021-02-18,461,1.1577617850809059,1.0998114775696175,0.057950307511288254
2021-02-19,469,1.2318083883638977,1.1640028977327574,0.06780549063114051
2021-02-22,456,0.7980105354893956,0.8061744561724452,-0.008163920683049566
2021-02-23,444,0.8097145984646419,0.8501439379215088,-0.04042933945686683
2021-02-24,444,0.6954007651280308,0.737094900675727,-0.04169413554769631
2021-02-25,457,0.7381344726927586,0.7639802845609718,-0.025845811868213175
2021-02-26,468,0.8753948804198133,0.8686871951851419,0.006707685234671269
2021-03-01,459,1.3779617181617692,1.237347020839365,0.140614697322404
2021-03-02,453,1.0634990958407047,0.9971017558820826,0.06639733995862213
2021-03-03,457,1.253412665442293,1.1535713460422343,0.09984131940005855
2021-03-04,451,1.0450823539896545,1.0574274516198119,-0.012345097630157193
2021-03-05,459,0.8218124799933432,0.8386109140998865,-0.01679843410654338
2021-03-08,448,1.1195173162432883,1.052954188181832,0.06656312806145649
2021-03-09,442,0.8763936461808426,0.8884504843657323,-0.012056838184889583
2021-03-10,435,0.9199803790955005,0.9033489307260172,0.01663144836948321
2021-03-11,438,0.6600358258545254,0.7269130991082761,-0.06687727325375063
2021-03-12,460,0.6672202398347479,0.7184958199505197,-0.051275580115771824
2021-03-15,464,0.8211958970750113,0.8165108184616343,0.004685078613377048
2021-03-16,471,0.7002651730924365,0.7537218961983935,-0.05345672310595692
2021-03-17,472,0.7708859953012911,0.7981220249328956,-0.02723602963160451
2021-03-18,475,0.9126616663130528,0.9077354585198095,0.004926207793243244
2021-03-19,477,0.8712892570371464,0.8517132542829461,0.01957600275420016
2021-03-22,474,0.7239154500478143,0.7483623118660676,-0.02444686181825323
2021-03-23,473,1.1849597969626038,1.163957815160053,0.021001981802550838
2021-03-24,476,0.9391399526464584,0.9734959753110772,-0.03435602266461883
2021-03-25,461,0.6348335714118938,0.691666328257368,-0.056832756845474064
2021-03-26,452,0.5069536764136566,0.5882254101824662,-0.08127173376880958
2021-03-29,449,0.7721927720890365,0.7623206760350437,0.009872096053992705
2021-03-30,462,0.879099278109994,0.8580097937069853,0.02108948440300869
2021-03-31,469,0.748722437709535,0.7768856548864591,-0.028163217176924094
2021-04-01,471,0.49888797291310394,0.5742698841576026,-0.07538191124449865
2021-04-05,466,0.48091556520212664,0.5522456874629007,-0.07133012226077402
2021-04-06,467,0.49485426019309936,0.5547174340344448,-0.059863173841345416
2021-04-07,467,0.5690524199404865,0.6025388696714598,-0.033486449730973256
2021-04-08,478,0.5233654548703974,0.5599311408707611,-0.03656568600036366
2021-04-09,476,0.49797023748646113,0.5289550421999399,-0.03098480471347879
2021-04-12,473,0.5523606672182635,0.5893108085234533,-0.0369501413051898
2021-04-13,473,0.5776912235838013,0.6262817534598565,-0.04859052987605518
2021-04-14,478,0.5595836363719416,0.6009015510940368,-0.04131791472209519
2021-04-15,476,0.7035071249018289,0.6911469627828222,0.01236016211900679
2021-04-16,475,0.5502402010950564,0.5739420921417019,-0.023701891046645523
2021-04-19,471,0.5914857247111664,0.6066253362906526,-0.015139611579486118
2021-04-20,474,0.74861145917994,0.7490243342068654,-0.0004128750269254745
2021-04-21,475,0.6205538956562004,0.628529395938947,-0.007975500282746534
2021-04-22,478,0.7496948531073144,0.7321488101450742,0.01754604296224027
2021-04-23,480,0.6677439112128045,0.6707643970942807,-0.0030204858814762677
2021-04-26,472,0.7082275914613151,0.7127872945270041,-0.004559703065688926
2021-04-27,462,0.6836346211973171,0.6807611186199861,0.0028735025773310124
2021-04-28,462,0.7398582368419372,0.7471120251844445,-0.007253788342507404
2021-04-29,470,0.8269599424752888,0.8080730283526614,0.01888691412262754
2021-04-30,480,0.9090013889727914,0.892437629326855,0.016563759645936284
2021-05-03,471,0.8937314684808654,0.8673473758906227,0.026384092590242825
2021-05-04,461,0.8511727669625211,0.8376868645945695,0.013485902367951462
2021-05-05,457,0.761720891087671,0.7702230190313238,-0.008502127943652887
2021-05-06,464,0.6218700545448308,0.6190727507461029,0.0027973037987279008
2021-05-07,469,1.3780054939241546,1.2927228753193198,0.08528261860483506
2021-05-10,455,0.7958836228286448,0.7813473849538166,0.014536237874828217
2021-05-11,448,0.5220370263472442,0.5498749051913525,-0.027837878844108297
2021-05-12,452,0.9063789505379354,0.8988160244232436,0.0075629261146918205
2021-05-13,463,0.6167669742035701,0.622327120769873,-0.005560146566303002
2021-05-14,466,0.6511057319756874,0.674743645834819,-0.023637913859131714
2021-05-17,457,0.739127205330385,0.7233410333899934,0.015786171940391596
2021-05-18,459,0.599635984822329,0.6179260784532901,-0.018290093630961003
2021-05-19,460,0.6406648674548385,0.6642442991222681,-0.02357943166742961
2021-05-20,465,0.48597167208216646,0.5281004693541771,-0.04212879727201065
2021-05-21,468,0.5479180180769122,0.5673924519973189,-0.01947443392040676
2021-05-24,454,0.5612903806267548,0.5887513177988041,-0.02746093717204918
2021-05-25,441,0.5383161173187763,0.5688121191040243,-0.030496001785248045
2021-05-26,438,0.6218994240562082,0.6457094188234299,-0.023809994767221673
2021-05-27,452,0.5912406797393022,0.6157465946511572,-0.02450591491185501
2021-05-28,455,0.6659491808719389,0.663011291541473,0.0029378893304658014
2021-06-01,460,0.58177164881715,0.6052477415469926,-0.023476092729842604
2021-06-02,460,0.5619047399101093,0.5974473159213528,-0.03554257601124347
2021-06-03,470,0.5790706373147353,0.6045877213602575,-0.025517084045522213
2021-06-04,464,0.5974748240776449,0.6209373509966822,-0.02346252691903737
2021-06-07,460,0.6163752922287209,0.6402154273895079,-0.023840135160786965
2021-06-08,462,0.5582779025368224,0.5870920418128703,-0.02881413927604787
2021-06-09,445,0.6045259670103019,0.6108741912275267,-0.006348224217224793
2021-06-10,447,0.48092105732360463,0.4888044430917,-0.007883385768095469
2021-06-11,447,0.5631871944997556,0.5609712662317882,0.0022159282679675113
2021-06-14,468,0.737025357051622,0.7181293432721658,0.018896013779456076
2021-06-15,473,1.2179218805436076,1.1927191875528542,0.025202692990753325
2021-06-16,473,0.6408916618794525,0.6280655610351292,0.012826100844323295
2021-06-17,476,0.49587149332209185,0.49504754351544245,0.0008239498066494384
2021-06-18,477,0.6600217658131169,0.6597612834122237,0.00026048240089313903
2021-06-21,473,0.5566547830313596,0.5586241392154941,-0.0019693561841345013
2021-06-22,469,0.5917345570973085,0.5882928477266555,0.003441709370652911
2021-06-23,470,0.620125275696341,0.622378164287751,-0.0022528885914099494
2021-06-24,459,0.5735680565737019,0.5783830487913425,-0.004814992217640567
2021-06-25,454,0.5353281681765789,0.5340213911956277,0.0013067769809511501
2021-06-28,447,0.459109675811739,0.46751828089195835,-0.008408605080219362
2021-06-29,459,0.47628929191169433,0.49776549798517894,-0.02147620607348466
2021-06-30,464,0.5706142534150217,0.5776385965202846,-0.007024343105262975
2021-07-01,471,0.6916063378718275,0.6747981751570648,0.016808162714762667
2021-07-02,470,0.7764594637218626,0.7282387964008905,0.04822066732097209
2021-07-06,470,0.4385733845905304,0.4571863289303955,-0.018612944339865097
2021-07-07,471,0.4770270176381544,0.4866656021209603,-0.009638584482805851
2021-07-08,478,0.4949307735659476,0.5088915387721755,-0.013960765206227922
2021-07-09,475,0.5509332609159349,0.5403087507860609,0.0106245101298739
2021-07-12,472,0.6946999450579939,0.65147329224396,0.043226652814033914
2021-07-13,471,0.8076738445777406,0.7469850165142586,0.060688828063482
2021-07-14,477,1.0898104258572716,0.9880053334827138,0.10180509237455766
2021-07-15,475,0.5929075353541313,0.5775226568474174,0.015384878506713984
2021-07-16,475,0.6646441035861145,0.656674506437216,0.007969597148898454
2021-07-19,472,0.9713583150411572,0.9681622969301769,0.003196018110980401
2021-07-20,475,0.6324042547309149,0.6564238456305161,-0.024019590899601248
2021-07-21,473,0.5436839537698079,0.5761594756885996,-0.03247552191879161
2021-07-22,476,0.5532499612896459,0.5892142215722735,-0.03596426028262758
2021-07-23,477,0.5262779965472243,0.5476570632393741,-0.021379066692149767
2021-07-26,470,0.5985021752802953,0.6220320898931111,-0.02352991461281582
2021-07-27,458,0.6652294148137194,0.6802854942933544,-0.015056079479634995
2021-07-28,458,0.6662159207017182,0.6697114243018757,-0.003495503600157339
2021-07-29,468,0.6992396135155567,0.7053934718419311,-0.00615385832637428
2021-07-30,480,0.6994132058804449,0.7029897565477486,-0.003576550667303685
2021-08-02,475,0.6718839542280435,0.6920773273301997,-0.0201933731021562
2021-08-03,469,0.6110838677090474,0.6262809854274674,-0.01519711771842
2021-08-04,460,0.6839203832702929,0.6873611731411832,-0.003440789870890298
2021-08-05,465,0.7243698390385461,0.7247876439760628,-0.0004178049375165208
2021-08-06,466,0.6923844211032728,0.6574962651005641,0.03488815600270872
2021-08-09,454,0.6947337745555943,0.6519838250179124,0.042749949537681936
2021-08-10,446,0.5455371506769848,0.5160953228302432,0.029441827846741618
2021-08-11,449,0.5955325393469368,0.5772822290001295,0.018250310346807398
2021-08-12,461,0.7289340382000885,0.7146665769330619,0.014267461267026748
2021-08-13,464,0.7418522944679921,0.7352829149312474,0.006569379536744679
2021-08-16,455,0.8410045910429673,0.8502935377477624,-0.009288946704795116
2021-08-17,460,0.5880972959700707,0.5827029975372384,0.005394298432832236
2021-08-18,462,0.5158800271251333,0.49559789447559355,0.020282132649539656
2021-08-19,471,0.8190024998343649,0.7430757428453456,0.07592675698901932
2021-08-20,472,0.8559904579327154,0.7881804679317125,0.06780999000100299
2021-08-23,471,0.5709178173914891,0.5479567872881247,0.022961030103364363
2021-08-24,468,0.5518420725421805,0.5101680707926332,0.04167400174954735
2021-08-25,462,0.5236104801683225,0.4966779850460773,0.026932495122245208
2021-08-26,444,0.4962028503498602,0.46206156095031137,0.03414128939954889
2021-08-27,446,0.563488380440325,0.554053822932787,0.009434557507537878
2021-08-30,440,0.5479975351353018,0.5251560969295981,0.022841438205703623
2021-08-31,458,0.5160956294209832,0.4916248474010905,0.0244707820198927
2021-09-01,455,0.5426794512022711,0.5325057522316795,0.010173698970591713
2021-09-02,466,0.6262963112440453,0.6149634143759923,0.01133289686805287
2021-09-03,455,0.6404783466573901,0.6435147151129839,-0.0030363684555938767
2021-09-07,458,0.6127976546764612,0.6057676501329495,0.007030004543511697
2021-09-08,460,0.6744226133004971,0.6763665427866864,-0.0019439294861892677
2021-09-09,450,0.6406420308319749,0.6370628851251227,0.0035791457068522128
2021-09-10,445,0.6135425681320257,0.5732562387113712,0.04028632942065453
2021-09-13,444,0.555970884335752,0.5366610200677222,0.01930986426802977
2021-09-14,468,0.5698937360377583,0.5576727831035565,0.01222095293420181
2021-09-15,474,0.8955178138767953,0.9362236808843156,-0.040705867007520304
2021-09-16,475,0.9079948079650116,0.9474220905967489,-0.0394272826317372
2021-09-17,476,0.5585812478317754,0.5466699635505236,0.011911284281251737
2021-09-20,472,0.8393158367948358,0.7818949302628736,0.05742090653196225
2021-09-21,472,0.9659042522576835,0.9132972564081956,0.05260699584948779
2021-09-22,471,0.948871455281141,0.8945244405595855,0.05434701472155558
2021-09-23,476,0.925092657083389,0.9583416892887984,-0.0332490322054095
2021-09-24,458,0.8855294424750492,0.9069530238236727,-0.021423581348623624
2021-09-27,448,1.01916998521912,1.0802930369970485,-0.061123051777928476
2021-09-28,447,0.5816450085465772,0.5654912887443645,0.016153719802212668
2021-09-29,462,0.7303594811242738,0.7380713147176714,-0.007711833593397541
2021-09-30,471,0.6874269817731405,0.6470338369730891,0.04039314480005145
2021-10-01,472,0.5653552908638135,0.5510843014587363,0.014270989405077313
2021-10-04,466,0.6703588359155948,0.6565547171464559,0.013804118769138795
2021-10-05,468,0.5738020570187057,0.5521825247779555,0.021619532240750104
2021-10-06,469,0.6178638203195312,0.6018762730806374,0.015987547238893854
2021-10-07,481,0.6393275566052382,0.6377437214448562,0.0015838351603820093
2021-10-08,480,0.6005548434304853,0.5853467613977565,0.01520808203272868
2021-10-11,471,0.7302711950541972,0.7108599428187232,0.01941125223547404
2021-10-12,470,0.8044360057976596,0.7932567462721987,0.01117925952546103
2021-10-13,473,0.7728346533067756,0.7529512291397159,0.019883424167059672
2021-10-14,481,0.5736820303893863,0.55456177389059,0.019120256498796336
2021-10-15,481,0.609509635937041,0.585144107503422,0.024365528433619076
2021-10-18,475,0.6686900281171801,0.6606212433567832,0.008068784760397022
2021-10-19,475,0.6552269970357609,0.6378195504823183,0.01740744655344267
2021-10-20,475,0.6165849933366243,0.596439772275142,0.020145221061482296
2021-10-21,480,0.5936138716034525,0.5691236758482957,0.024490195755156752
2021-10-22,480,0.756071545521175,0.7738596110405983,-0.017788065519423347
2021-10-25,472,0.765918798242931,0.7761496702516854,-0.01023087200875448
2021-10-26,460,0.825195796943831,0.8308037415718107,-0.0056079446279796155
2021-10-27,458,0.8181753050387539,0.7917400796455035,0.026435225393250373
2021-10-28,465,0.7414771400468904,0.7260742178687646,0.015402922178125854
2021-10-29,478,0.8561780705034618,0.8371888676794221,0.018989202824039705
2021-11-01,471,0.8505224706012885,0.8393652370445018,0.011157233556786713
2021-11-02,469,0.9543570343438726,0.9204821633711049,0.033874870972767694
2021-11-03,467,0.8332688034654258,0.8020046091648081,0.03126419430061759
2021-11-04,467,0.7392517546283409,0.70315344365766,0.03609831097068092
2021-11-05,452,0.6488405133043434,0.6300131389142282,0.018827374390115365
2021-11-08,454,0.6320273323192892,0.6138570106217227,0.018170321697566476
2021-11-09,448,0.5999414776420692,0.580056892505891,0.019884585136178173
2021-11-10,461,0.6175486178838794,0.5803314008325703,0.03721721705130911
2021-11-11,454,0.6483392391815629,0.6248712976756665,0.023467941505896414
2021-11-12,464,0.5897752183492565,0.5798165904094792,0.009958627939777278
2021-11-15,455,0.6860278044048228,0.6807272769659979,0.005300527438824815
2021-11-16,459,0.7880515302409147,0.7870279768193547,0.001023553421560128
2021-11-17,458,0.6966856226745622,0.6814331316683178,0.015252491006244536
2021-11-18,468,0.6836171660022111,0.673239012523067,0.010378153479144054
2021-11-19,464,0.7118970504229278,0.6877178503276928,0.024179200095234867
2021-11-22,467,0.886498443290782,0.9048500800349111,-0.01835163674412906
2021-11-23,462,0.9086582288093858,0.9156978574834008,-0.007039628674015043
2021-11-24,449,1.5035142285204144,1.6145699492961691,-0.1110557207757547
2021-11-26,447,1.1690713126937808,1.2302758491079822,-0.06120453641420138
2021-11-29,439,0.790164911708377,0.8002891752000422,-0.010124263491665217
2021-11-30,456,0.7445815203308321,0.7297486941936221,0.0148328261372101
2021-12-01,458,1.2137544563775433,1.1719742145806773,0.04178024179686587
2021-12-02,472,0.8441681152042322,0.8118764971704219,0.0322916180338103
2021-12-03,470,1.0838779598866657,1.001323188703424,0.0825547711832418
2021-12-06,459,0.594439445311447,0.5745831350970533,0.019856310214393647
2021-12-07,461,0.6020963667576621,0.5961896371434954,0.005906729614166638
2021-12-08,462,0.8085014980928653,0.8114399734495068,-0.002938475356641525
2021-12-09,457,0.7165872278010744,0.7224785220502713,-0.0058912942491969045
2021-12-10,453,0.720339083896621,0.7140596920542865,0.006279391842334552
2021-12-13,450,0.7145656281834938,0.7190688027078463,-0.0045031745243525375
2021-12-14,465,0.6182342493834883,0.6250233966311415,-0.006789147247653308
2021-12-15,468,0.9972804099074811,1.0583859111066698,-0.061105501199188776
2021-12-16,471,0.7918881180168227,0.77183090661976,0.020057211397062864
2021-12-17,471,0.6847772492995714,0.6176331267046281,0.0671441225949433
2021-12-20,474,1.1726925195288642,1.0513681504950263,0.12132436903383784
2021-12-21,475,0.8097497835566672,0.7542459388539685,0.05550384470269851
2021-12-22,481,0.624009639979453,0.596111704347911,0.027897935631541967
2021-12-23,481,0.5853585982963354,0.5732695791912484,0.01208901910508686
2021-12-27,467,0.42495870630460153,0.4177159769388947,0.007242729365706877
2021-12-28,456,0.4149873533185203,0.40572223230527177,0.009265121013248534
2021-12-29,453,0.5840380629825566,0.5760913726924317,0.0079466902901248
2021-12-30,467,0.9586073437229544,0.9292123420420931,0.02939500168086131
2021-12-31,476,1.2761397981916827,1.2988322473406686,-0.022692449148985883
2022-01-03,471,1.0541083342329436,1.0651723034126994,-0.01106396917975588
2022-01-04,467,1.1113402681670836,1.1597797558569778,-0.04843948768989383
2022-01-05,469,0.7982970151732687,0.8126429239801467,-0.014345908806878029
2022-01-06,478,0.6844109409567336,0.6758839449535171,0.008526996003216427
2022-01-07,484,0.5973559161375662,0.5773579764552093,0.01999793968235694
2022-01-10,477,0.6246612241963351,0.5985844628113909,0.026076761384944244
2022-01-11,474,0.8117028757647266,0.8189185799800958,-0.007215704215369199
2022-01-12,472,1.1308324597264126,1.1908555007708657,-0.060023041044453024
2022-01-13,477,1.1251301692989828,1.1833210976597912,-0.05819092836080847
2022-01-14,473,1.4081244101990857,1.4763453179410888,-0.06822090774200316
2022-01-18,475,1.394384775893891,1.4343440281433981,-0.03995925224950705
2022-01-19,477,0.8455702075097774,0.8595680022282144,-0.013997794718436991
2022-01-20,483,0.9536625858777938,0.9659025159723653,-0.012239930094571473
2022-01-21,482,0.8294241017567408,0.8510499072459072,-0.021625805489166542
2022-01-24,481,1.2325945955174336,1.2869505286571918,-0.05435593313975851
2022-01-25,471,0.7991192497926115,0.7981178436554867,0.0010014061371249354
2022-01-26,466,1.2154304782040717,1.1478141011645677,0.06761637703950413
2022-01-27,466,1.593463074728625,1.4596097013847273,0.1338533733438975
2022-01-28,475,1.1427144525004114,1.0431821974723219,0.09953225502808942
2022-01-31,476,0.8434152898237528,0.8447584402957166,-0.0013431504719636999
2022-02-01,471,0.8775600551022636,0.9011203769044941,-0.023560321802230465
2022-02-02,468,0.9492605649038073,0.9998997953616716,-0.05063923045786422
2022-02-03,472,0.872945337168098,0.8332223333593436,0.0397230038087544
2022-02-04,471,0.9633970533771844,0.866310928507425,0.0970861248697594
2022-02-07,463,0.7322927348809478,0.7017805781202892,0.03051215676065859
2022-02-08,456,0.847489570874708,0.8759199567514827,-0.028430385876774763
2022-02-09,456,1.3531888328571162,1.4673797895423832,-0.11419095668526696
2022-02-10,462,0.642168541062628,0.6654177911384934,-0.02324925007586541
2022-02-11,467,0.8056834253828313,0.7645352310808009,0.041148194302030275
2022-02-14,458,0.7376207773899749,0.7356206148050255,0.0020001625849493687
2022-02-15,456,0.9905159796610759,1.0208590408876113,-0.030343061226535416
2022-02-16,456,1.2601849556401759,1.305535506904883,-0.04535055126470745
2022-02-17,472,1.2107692692322332,1.2594730931714186,-0.04870382393918545
2022-02-18,468,0.9806696225722178,1.0170695244803654,-0.036399901908147486
2022-02-22,458,0.9693906139350031,0.8980764197213552,0.07131419421364786
2022-02-23,444,1.47631898742662,1.3367505945807265,0.13956839284589345
2022-02-24,450,1.0731934648814285,1.0444002404124257,0.028793224469002614
2022-02-25,460,0.9083389284703351,0.8883259056854449,0.02001302278489027
2022-02-28,464,0.9368577244185606,0.921325739696584,0.015531984721976564
2022-03-01,463,1.1493364488477553,1.1434608032658453,0.005875645581910076
2022-03-02,462,2.3018787875844606,2.355111318602869,-0.053232531018408594
2022-03-03,468,1.9028261530361974,1.9887115749772304,-0.08588542194103323
2022-03-04,459,0.8159755638757918,0.8611678752018035,-0.04519231132601164
2022-03-07,449,1.0669747270858128,0.9750591565916943,0.09191557049411861
2022-03-08,452,0.767668989683126,0.7309313550266441,0.03673763465648195
2022-03-09,445,1.0976141841522098,1.124740153218198,-0.02712596906598832
2022-03-10,452,0.7801145944125263,0.7772150269737675,0.0028995674387587017
2022-03-11,448,1.3476451159041825,1.2046022735148216,0.1430428423893608
2022-03-14,466,1.930451301044435,1.6781624488257063,0.2522888522187288
2022-03-15,472,1.6876203021357392,1.4618604439243301,0.22575985821140934
2022-03-16,474,0.8369290322895647,0.7589487975102314,0.07798023477933327
2022-03-17,480,0.6509181860985899,0.6044906074798125,0.04642757861877723
2022-03-18,479,0.7628257749943961,0.7886941863129909,-0.02586841131859492
2022-03-21,476,0.6256850594073983,0.6097382716882846,0.01594678771911365
2022-03-22,475,0.7226979186404687,0.7252960614404236,-0.0025981427999549065
2022-03-23,477,0.7433542658832187,0.7099735763328424,0.03338068955037627
2022-03-24,484,0.8386276777538298,0.7915253836156539,0.0471022941381758
2022-03-25,465,0.6835670395054955,0.6643116036856439,0.019255435819851483
2022-03-28,456,0.6404878901703501,0.660095543687085,-0.019607653516734908
2022-03-29,453,0.9661382745638468,1.0028540041686511,-0.03671572960480433
2022-03-30,469,0.6589996557446842,0.6857986613083307,-0.026799005563646484
2022-03-31,474,0.6496942064834308,0.675682246366599,-0.02598803988316829
2022-04-01,476,0.8783570653125077,0.8981704194609001,-0.01981335414839256
2022-04-04,470,1.142750416290348,1.1503086642697016,-0.007558247979353763
2022-04-05,469,0.9524806808989229,0.9485626698831102,0.003918011015812682
2022-04-06,469,0.6720355865244093,0.6839042913701583,-0.011868704845748942
2022-04-07,477,0.7823542892501743,0.8108864932917663,-0.028532204041592134
2022-04-08,477,0.6500583631669348,0.6503130799586316,-0.0002547167916968769
2022-04-11,476,0.6864137661171417,0.6766027341920668,0.009811031925074853
2022-04-12,479,0.65525638272624,0.6472333260894041,0.008023056636835935
2022-04-13,484,0.6263550848189736,0.6097596987094855,0.016595386109488096
2022-04-14,483,0.9147395482309895,0.8789246409801452,0.035814907250844165
2022-04-18,477,0.9119045724632749,0.8995801627202062,0.01232440974306867
2022-04-19,479,1.4631851062088082,1.493801327966488,-0.030616221757679963
2022-04-20,479,1.4508974189533097,1.5261507758560058,-0.07525335690269627
2022-04-21,483,1.7271030959353577,1.852571654844102,-0.1254685589087444
2022-04-22,483,0.9279794690951556,0.9676147878103709,-0.039635318715215306
2022-04-25,477,0.8781723421822325,0.8848881024568986,-0.006715760274666033
2022-04-26,468,0.9133015713901099,0.9593483628745105,-0.04604679148440075
2022-04-27,468,0.9535414439472852,1.0066928003445588,-0.05315135639727344
2022-04-28,476,1.02329298784748,1.1158890567416127,-0.09259606889413262
2022-04-29,485,1.4791452879705422,1.3343151997805902,0.14483008818995222
2022-05-02,479,1.0142739724656347,0.9936830208615741,0.02059095160406064
2022-05-03,472,1.2368506534209631,1.2443826342482,-0.007531980827236874
2022-05-04,466,3.03609854957438,3.153208931118844,-0.11711038154446403
2022-05-05,471,1.730031827291848,1.8027343104071105,-0.07270248311526255
2022-05-06,473,1.788085470792692,1.8619846130807298,-0.07389914228803765
2022-05-09,463,0.7551715123196568,0.7824900198833953,-0.027318507563738423
2022-05-10,450,0.7998456869588092,0.7380815949496575,0.06176409200915155
2022-05-11,452,0.9917997792942252,0.8715308264332143,0.12026895286101087
2022-05-12,463,1.408997615511345,1.1936135418921845,0.21538407361916037
2022-05-13,470,1.1064511036836597,1.19051442386321,-0.08406332017955032
2022-05-16,459,1.0408740510123902,1.1167003154568198,-0.07582626444442957
2022-05-17,464,1.5440911316679566,1.653071462688216,-0.10898033102025927
2022-05-18,466,0.8194135407324715,0.7858097060585584,0.03360383467391318
2022-05-19,473,0.9808152393184566,0.9638148120948223,0.01700042722363422
2022-05-20,473,0.8692001479375785,0.8241638787174524,0.04503626922012607
2022-05-23,468,0.9122982315005913,0.8333553201830983,0.07894291131749308
2022-05-24,460,2.2284335638242805,1.8239858771892692,0.40444768663501107
2022-05-25,445,1.3137910547120142,1.109638364306853,0.20415269040516115
2022-05-26,451,0.6096531955536036,0.6143237607018381,-0.00467056514823442
2022-05-27,450,0.6598285394605421,0.6742022829184466,-0.01437374345790463
2022-05-31,463,0.7083583973103704,0.7237758853873086,-0.015417488076938275
2022-06-01,465,0.6494556740882288,0.6342906650462065,0.015165009042022398
2022-06-02,475,0.563564841592356,0.5784354707633456,-0.014870629170989491
2022-06-03,474,0.5821355773059798,0.5964998103778467,-0.014364233071867025
2022-06-06,460,1.0029530838084624,1.08651752090008,-0.08356443709161747
2022-06-07,464,2.3072347797827653,2.4792716185664943,-0.17203683878372888
2022-06-08,466,3.490811308946375,3.6833451854401615,-0.1925338764937864
2022-06-09,458,2.7886113709401323,2.9596897036602168,-0.17107833272008421
2022-06-10,455,1.3038868248081912,1.403388017590992,-0.09950119278280097
2022-06-13,451,1.231728187546145,1.3180800356027087,-0.08635184805656375
2022-06-14,472,1.0906274762570858,1.1350774550847988,-0.0444499788277131
2022-06-15,474,0.8927785591859843,0.9315918292807405,-0.03881327009475627
2022-06-16,479,0.9654315521591514,0.9019055171547147,0.06352603500443671
2022-06-17,478,1.266391717529728,1.2013993079944343,0.06499240953529363
2022-06-21,477,1.5907544017756505,1.4341383193644561,0.1566160824111945
2022-06-22,477,1.26385120801501,1.1429724464114839,0.12087876160352623
2022-06-23,482,0.7850979133057763,0.7343207514425728,0.05077716186320346
2022-06-24,468,1.004537857755895,1.0355563202798643,-0.031018462523969365
2022-06-27,455,1.131178107622481,1.1666741277564951,-0.0354960201340144
2022-06-28,451,0.8483423798660807,0.8449666379915453,0.0033757418745354807
2022-06-29,464,0.7997010083796224,0.7630078205356846,0.036693187843937845
2022-06-30,476,0.7926561526720045,0.7447365535302889,0.04791959914171561
2022-07-01,473,0.855375364281334,0.7939498902505085,0.0614254740308255
2022-07-05,472,0.6093487051247024,0.5885123023137453,0.020836402810957083
2022-07-06,474,0.5411748692298632,0.5508533564292866,-0.009678487199423361
2022-07-07,480,0.7677190879582682,0.8145313993140746,-0.04681231135580644
2022-07-08,485,0.8185087679092865,0.8666074450937431,-0.048098677184456574
2022-07-11,480,0.8611732020223567,0.9158771168426274,-0.05470391482027063
2022-07-12,480,0.5979864639527043,0.602837496457644,-0.004851032504939683
2022-07-13,479,0.6349595034741712,0.6258008458890902,0.009158657585080863
2022-07-14,481,1.5784887747324408,1.3445273656469359,0.23396140908550483
2022-07-15,480,1.373390769249898,1.1706639079889727,0.2027268612609251
2022-07-18,476,1.6928927641070737,1.5078987158350579,0.1849940482720159
2022-07-19,479,0.717512566108324,0.6912269524823098,0.02628561362601427
2022-07-20,481,0.7011136567652387,0.6982648233140759,0.00284883345116275
2022-07-21,484,0.970379436327005,0.9758366042932087,-0.005457167966203802
2022-07-22,484,0.76765335020091,0.7491881251012785,0.01846522509963143
2022-07-25,475,1.134708397892535,1.0957979655740182,0.03891043231851685
2022-07-26,464,1.8789156617947194,1.7094264918415696,0.16948916995314986
2022-07-27,464,1.1053764349613757,1.0519898531217882,0.05338658183958763
2022-07-28,473,0.7293825149500519,0.707993020385609,0.021389494564442876
2022-07-29,486,0.8724163781668298,0.8248324434617561,0.04758393470507375
2022-08-01,481,0.995244399413015,0.9424224366955689,0.05282196271744613
2022-08-02,475,0.860695777310901,0.8067070079472695,0.05398876936363154
2022-08-03,472,0.68982192457314,0.6702460023896579,0.019575922183482048
2022-08-04,472,0.8523799793935838,0.8273379927022362,0.02504198669134751
2022-08-05,474,0.8054992779155653,0.7592223973020524,0.04627688061351288
2022-08-08,463,0.8344299910152472,0.7822038953268173,0.05222609568842992
2022-08-09,453,1.4121372456087729,1.2456944417730578,0.16644280383571525
2022-08-10,455,0.6943013859151256,0.6662242087447386,0.02807717717038692
2022-08-11,461,0.7045355309972761,0.68243301386485,0.02210251713242605
2022-08-12,468,0.6131730534191396,0.6231691251454705,-0.009996071726330847
2022-08-15,456,0.6433774715686341,0.6431266942683893,0.0002507773002447325
2022-08-16,462,0.9486511319946521,0.9510224987110532,-0.0023713667164010433
2022-08-17,467,1.1962852109241384,1.2372935191873848,-0.041008308263246473
2022-08-18,478,1.3319770629262182,1.4082035736784826,-0.07622651075226443
2022-08-19,478,0.8157749463453465,0.8469606915489724,-0.03118574520362578
2022-08-22,477,0.7624040833935424,0.6778390205044368,0.08456506288910558
2022-08-23,475,0.6701243685021225,0.6956543715823025,-0.025530003080179976
2022-08-24,475,0.8548953889152793,0.9069392146167885,-0.05204382570150929
2022-08-25,465,1.6444355733515783,1.7643062951477546,-0.11987072179617633
2022-08-26,453,0.8318249640130041,0.8806998892767505,-0.04887492526374635
2022-08-29,443,0.8281799829174888,0.842488829502112,-0.014308846584623293
2022-08-30,453,0.6876457114698473,0.7098501001830141,-0.02220438871316682
2022-08-31,462,0.6757208053361384,0.6889497288298392,-0.013228923493700834
2022-09-01,471,0.5794468826497806,0.5668739609572656,0.012572921692514972
2022-09-02,458,0.9665876404140874,0.9134220740684675,0.0531655663456199
2022-09-06,462,1.4777927547111995,1.3355815086214828,0.14221124608971683
2022-09-07,467,1.0972635822190495,0.9739415539631253,0.12332202825592421
2022-09-08,479,0.7294252897495596,0.7674016299977434,-0.037976340248183874
2022-09-09,460,1.1045031997854915,1.1808863772966038,-0.07638317751111241
2022-09-12,448,1.6315678088084227,1.7766616608847434,-0.14509385207632075
2022-09-13,452,0.893309185881198,0.939369175306448,-0.046059989425250004
2022-09-14,472,0.7688937981252649,0.7852390571957188,-0.01634525907045386
2022-09-15,481,0.8475377878995142,0.8846125656910552,-0.03707477779154089
2022-09-16,479,0.8977643814219561,0.9528961210519922,-0.055131739630035974
2022-09-19,479,1.632476803631557,1.7458803321105947,-0.11340352847903791
2022-09-20,478,1.7273208432245188,1.8150785732926316,-0.08775773006811262
2022-09-21,481,1.6770321160222894,1.7593776004219734,-0.08234548439968425
2022-09-22,483,1.1984946093991429,1.2978120055724658,-0.09931739617332296
2022-09-23,486,0.711873165115135,0.6928808937957918,0.018992271319343203
2022-09-26,463,0.7775753508909831,0.7805491900911367,-0.002973839200153592
2022-09-27,455,0.8050746964896045,0.831601452807443,-0.026526756317838407
2022-09-28,453,0.7353608189419293,0.7341261868239277,0.0012346321180016053
2022-09-29,474,1.7481429894666007,1.5557742118819546,0.192368777584646
2022-09-30,481,2.0799466424418074,1.8777949140769175,0.20215172836489012
2022-10-03,470,1.015436853440886,0.9437336263894197,0.0717032270514662
2022-10-04,469,1.490488216699091,1.6241181349112706,-0.13362991821217968
2022-10-05,471,1.5329265090958786,1.6584557758564005,-0.12552926676052187
2022-10-06,484,1.4571367120307006,1.526140887817734,-0.06900417578703362
2022-10-07,486,0.9020672360486245,0.9411806170376186,-0.0391133809889941
2022-10-10,480,0.72336315393551,0.6997124540913986,0.023650699844111337
2022-10-11,478,0.8013424707947053,0.8165899123000453,-0.015247441505339973
2022-10-12,479,0.8520956209843531,0.8186382025526472,0.033457418431705924
2022-10-13,483,0.6970231845454735,0.6650406260790939,0.03198255846637967
2022-10-14,486,0.9880464162614553,0.9100292529896558,0.07801716327179953
2022-10-17,480,0.8817374643698945,0.892296857674435,-0.01055939330454045
2022-10-18,481,0.9503562390824446,0.931754431194613,0.01860180788783156
2022-10-19,481,0.9212702207908808,0.8523380660458967,0.06893215474498417
2022-10-20,487,1.8125558465662706,1.6288201851281738,0.1837356614380967
2022-10-21,486,1.1196870827630832,1.040248156891729,0.07943892587135422
2022-10-24,483,1.04433806116792,0.9957190136262016,0.048619047541718474
2022-10-25,476,1.1942512357568817,1.162138763950258,0.03211247180662375
2022-10-26,468,1.0052243416589224,0.9768708302011285,0.02835351145779396
2022-10-27,469,0.9135263167228266,0.8756398095889949,0.03788650713383162
2022-10-28,477,1.1549038354459589,1.2278245715151577,-0.07292073606919905
2022-10-31,480,1.3374936857222266,1.4040999336372053,-0.06660624791497886
2022-11-01,474,1.2493342598573118,1.2744268824282667,-0.025092622570954782
2022-11-02,471,1.1995131916716117,1.1153473961508895,0.08416579552072216
2022-11-03,475,1.3005097886201678,1.1837664896437923,0.11674329897637563
2022-11-04,465,0.8336865718907291,0.8418372554392544,-0.008150683548525255
2022-11-07,456,1.7162587238864262,1.6224676279691113,0.09379109591731508
2022-11-08,459,2.1035520970822814,1.9712306330468687,0.1323214640354127
2022-11-09,462,2.2746291051306886,2.097310560048171,0.1773185450825175
2022-11-10,467,0.9187986472672021,0.9003561748725153,0.018442472394686747
2022-11-11,457,0.8189408222331608,0.8004394282931684,0.018501393939992384
2022-11-14,457,0.682783577552761,0.7098539346565649,-0.027070357103803924
2022-11-15,460,0.8771874935107212,0.8396814821151074,0.03750601139561389
2022-11-16,464,0.7307214362066731,0.7455612058272758,-0.014839769620602739
2022-11-17,472,0.7814503910804642,0.8205972055937897,-0.03914681451332551
2022-11-18,470,0.6172809754020508,0.6865145356762308,-0.06923356027417997
2022-11-21,470,0.6713432647149629,0.7137993290408273,-0.042456064325864455
2022-11-22,476,0.5808275551945,0.6289785074303336,-0.0481509522358335
2022-11-23,472,0.5968136979953101,0.6357384930435926,-0.03892479504828249
2022-11-25,455,0.6090642512933414,0.6555544616895222,-0.046490210396180925
2022-11-28,440,0.984529113094461,0.9696952267410412,0.014833886353419853
2022-11-29,446,0.9645851561840384,0.952362153236371,0.012223002947667412
2022-11-30,467,0.8499091922294076,0.8362360625784832,0.013673129650924366
2022-12-01,477,1.1902337138004921,1.0833186498790661,0.10691506392142613
2022-12-02,477,1.2325971177319044,1.1280121987982832,0.10458491893362128
2022-12-05,463,0.7116306844898473,0.7288920874610197,-0.017261402971172374
2022-12-06,466,0.6094468273599914,0.6547502371312196,-0.04530340977122807
2022-12-07,469,0.6899865220053932,0.7164920600854985,-0.026505538080105213
2022-12-08,478,0.7147381388419773,0.7352011455362777,-0.020463006694300366
2022-12-09,462,0.708207077352258,0.733101772400904,-0.02489469504864603
2022-12-12,451,0.9509220691112703,0.9119794099585764,0.0389426591526938
2022-12-13,451,1.3457980257815771,1.236014025499534,0.10978400028204298
2022-12-14,465,1.4729821075216416,1.3181603823633685,0.15482172515827308
2022-12-15,474,0.7808937323996458,0.7661856593982139,0.0147080730014318
2022-12-16,476,0.5721668807517232,0.6156713065865448,-0.04350442583482159
2022-12-19,481,0.5268151830771827,0.5833232057532121,-0.05650802267602945
2022-12-20,482,0.5360338531067875,0.5973568380246657,-0.06132298491787816
2022-12-21,484,0.6390989296814217,0.6390854374880717,1.3492193350003757e-05
2022-12-22,483,0.5523189290426522,0.5813268132405628,-0.02900788419791066
2022-12-23,465,0.47093502372993773,0.5301395332242462,-0.05920450949430852
2022-12-27,454,0.5281007587044393,0.5655186572931942,-0.03741789858875483
2022-12-28,454,0.6655459948241588,0.6782058434923052,-0.0126598486681465
2022-12-29,471,0.7116029807689396,0.7227035379952057,-0.011100557226266223
2022-12-30,476,0.8364585267602794,0.8247765489327413,0.011681977827538274
2023-01-03,474,1.067342466514507,1.0465578379411111,0.020784628573395993
2023-01-04,470,0.8145360420581813,0.8035858753293859,0.010950166728795323
2023-01-05,479,1.1763793684404773,1.133348665620787,0.04303070281969052
2023-01-06,481,0.9686302165127434,0.9293216184886512,0.03930859802409202
2023-01-09,482,0.9776806971103015,0.9529810162142808,0.02469968089602062
2023-01-10,478,0.8400398177514129,0.832050002974144,0.00798981477726885
2023-01-11,478,0.6749999588363832,0.6787311753226002,-0.003731216486216991
2023-01-12,484,0.7010254312183064,0.7297441166133009,-0.028718685394994493
2023-01-13,480,0.9887052612297311,0.9769451199245821,0.011760141305149104
2023-01-17,477,0.6590235435013867,0.6951346631977529,-0.03611111969636616
2023-01-18,477,0.8071334208384812,0.7993241862352265,0.007809234603254563
2023-01-19,481,1.0032809121271902,0.9801882084691732,0.02309270365801695
2023-01-20,485,0.6914116955268154,0.7170001903066788,-0.0255884947798635
2023-01-23,483,0.6878196346424854,0.7150098126087481,-0.027190177966262656
2023-01-24,486,0.7780536738936327,0.7733269743412574,0.004726699552375284
2023-01-25,480,0.6474767565766459,0.6581315938647048,-0.010654837288058836
2023-01-26,475,0.6676986649765997,0.6813654879596679,-0.013666822983068268
2023-01-27,475,0.8361975201563732,0.83323672372967,0.0029607964267031146
2023-01-30,478,1.7547522693349427,1.6462385772775052,0.10851369205743751
2023-01-31,480,1.0184531425873342,0.9828337659772938,0.03561937661004029
2023-02-01,475,0.7207971954347937,0.73389598031254,-0.013098784877746152
2023-02-02,476,0.7582833062295212,0.7528937877519258,0.005389518477595472
2023-02-03,475,0.7161319974235932,0.7238707237100777,-0.00773872628648446
2023-02-06,467,0.8316630220489855,0.8154746928802877,0.016188329168697627
2023-02-07,464,0.879518382133675,0.8311363303974801,0.04838205173619473
2023-02-08,464,0.6466778049297308,0.6615662197109201,-0.014888414781189267
2023-02-09,467,0.600735940476091,0.6376948719301884,-0.03695893145409724
2023-02-10,467,0.8965181966140962,0.8573520267491705,0.039166169864925576
2023-02-13,459,0.7228560180897892,0.7283227341110498,-0.005466716021260557
2023-02-14,460,0.7125896519185867,0.6966814871580147,0.015908164760572035
2023-02-15,462,1.2317978199586925,1.104075130815511,0.12772268914318166
2023-02-16,472,0.9428703268926683,0.8855843527310842,0.05728597416158416
2023-02-17,469,0.8085617769273429,0.7888181222927948,0.01974365463454811
2023-02-21,466,0.7291362195873939,0.7170431667482907,0.012093052839103204
2023-02-22,455,0.6619481724356548,0.6612779131400018,0.0006702592956528806
2023-02-23,452,0.6285983682380292,0.6420251672879217,-0.013426799049892626
2023-02-24,455,0.6613681789588628,0.6761510145713282,-0.014782835612465416
2023-02-27,459,0.622274096067879,0.6407651056450044,-0.018491009577125395
2023-02-28,468,0.7403231329558987,0.7527009756338279,-0.012377842677929251
2023-03-01,467,0.6928503883691066,0.7303635295702391,-0.037513141201132395
2023-03-02,471,0.5812294715377745,0.5968256049724757,-0.015596133434701174
2023-03-03,472,0.7262722437158647,0.7135620936186198,0.012710150097244967
2023-03-06,454,1.1366521437399952,1.0735470882795286,0.06310505546046667
2023-03-07,457,1.3517393185022089,1.2403332118691257,0.11140610663308323
2023-03-08,461,1.8142639934295697,1.6711622215097468,0.14310177191982312
2023-03-09,456,0.9985470390997283,0.9528174528559106,0.045729586243817726
2023-03-10,458,1.1571497170065101,1.1126205928155584,0.04452912419095182
2023-03-13,445,0.8176043478180735,0.8060382050470737,0.011566142770999816
2023-03-14,468,0.9629338124662405,0.9178943836048552,0.04503942886138536
2023-03-15,468,0.6236087814645048,0.6442585525328184,-0.020649771068313585
2023-03-16,479,0.6039142171500178,0.6210122431734151,-0.01709802602339738
2023-03-17,481,0.6224993351564624,0.6435200185316837,-0.021020683375221207
2023-03-20,480,0.7675144559055858,0.7703032298837845,-0.0027887739781987738
2023-03-21,483,0.824147409348517,0.7901309705044538,0.03401643884406323
2023-03-22,486,0.5630579872765176,0.5979507335743742,-0.03489274629785663
2023-03-23,487,0.6984478100453847,0.7285933509895689,-0.030145540944183997
2023-03-24,488,0.7650884652792299,0.7837128999415024,-0.018624434662272368
2023-03-27,466,0.7251894643489781,0.7420154933891102,-0.01682602904013206
2023-03-28,460,1.079637500961726,1.061569375997696,0.01806812496402986
2023-03-29,459,0.7071293675211967,0.7292033754186308,-0.022074007897434116
2023-03-30,477,0.6268915467955793,0.6427093352642207,-0.01581778846864133
2023-03-31,477,0.9290999592102082,0.8918404506065123,0.03725950860369593
2023-04-03,467,0.8959100335423521,0.8758790306499421,0.020031002892410017
2023-04-04,469,0.5453475882506289,0.5778073316647893,-0.03245974341416026
2023-04-05,477,0.576558190637254,0.5891130601962214,-0.012554869558967393
2023-04-06,487,0.5713091692553974,0.5922962914316721,-0.020987122176274676
2023-04-10,481,0.5310377426745908,0.5690913541035753,-0.03805361142898451
2023-04-11,479,0.5616700746595483,0.5877571160439652,-0.026087041384416695
2023-04-12,479,0.5582904550869967,0.5860833822539375,-0.02779292716694074
2023-04-13,487,0.5633117428623738,0.5835028900394217,-0.020191147177047866
2023-04-14,489,0.6450783993643333,0.6510878718776251,-0.006009472513291684
2023-04-17,482,0.6489084081613062,0.6489487474179918,-4.0339256685529854e-05
2023-04-18,481,0.6819142403782625,0.6765514974308217,0.005362742947441021
2023-04-19,480,0.6353297450165643,0.6261450388247817,0.009184706191782459
2023-04-20,483,0.8020194032370512,0.7594502969795167,0.042569106257534635
2023-04-21,483,0.9414132948276519,0.8860549170833009,0.05535837774435114
2023-04-24,479,0.87117685575608,0.846484004252434,0.024692851503645877
2023-04-25,472,0.8996994856868121,0.9081338508132345,-0.00843436512642238
2023-04-26,472,0.9979435041627069,1.0187104483438691,-0.02076694418116219
2023-04-27,475,0.7563080001105572,0.7435664232921612,0.012741576818396173
2023-04-28,485,1.0478698034347909,0.9941498373545183,0.05371996608027249
2023-05-01,477,1.2637371204207968,1.1821682927314818,0.08156882768931505
2023-05-02,473,0.80074393776565,0.7935206893381463,0.007223248427503573
2023-05-03,472,0.8257433618380239,0.8119656675303356,0.01377769430768834
2023-05-04,474,0.8515302561797257,0.8325390617350107,0.018991194444714952
2023-05-05,476,0.7419212955000414,0.7268521540148026,0.015069141485238734
2023-05-08,464,0.744977005276677,0.7241587868078613,0.020818218468815732
2023-05-09,457,0.7295431935429583,0.7080434461770344,0.021499747365923794
2023-05-10,458,0.6464732854090263,0.6526847181860257,-0.0062114327769993444
2023-05-11,467,0.6941914402223799,0.6913151412786378,0.002876298943742114
2023-05-12,474,0.8059100249235068,0.784013040324198,0.021896984599308906
2023-05-15,463,0.7843505788753771,0.7829935778393653,0.001357001036011721
2023-05-16,463,0.7754563982118876,0.7720267745990979,0.003429623612789828
2023-05-17,465,0.590333741491468,0.6066328192411901,-0.01629907774972205
2023-05-18,473,0.6879828884650383,0.6918690081576955,-0.0038861196926571833
2023-05-19,476,0.7848705338110098,0.7872735675743993,-0.002403033763389405
2023-05-22,471,0.9579687083652297,0.9369341816995231,0.021034526665706543
2023-05-23,466,0.984491008304785,0.9796891893072011,0.004801818997583914
2023-05-24,459,1.152026367339221,1.1315548066384218,0.020471560700799345
2023-05-25,450,0.7576728937848585,0.740444009763257,0.01722888402160147
2023-05-26,445,0.6804838919339075,0.6751230353943235,0.005360856539584037
2023-05-30,451,0.8234201706510272,0.8479731095001319,-0.02455293884910478
2023-05-31,468,0.9141580767307176,0.9335300013380753,-0.019371924607357656
2023-06-01,479,0.9328932646283764,0.9230745095094354,0.009818755118941131
2023-06-02,478,0.744383470152042,0.739113665330941,0.0052698048211010495
2023-06-05,464,0.8159553394225034,0.8003030210530434,0.015652318369459968
2023-06-06,466,0.5760970366585765,0.5906448413863061,-0.014547804727729648
2023-06-07,471,0.6829133872477086,0.6758242871274714,0.007089100120237081
2023-06-08,480,0.6862674739464185,0.6930538319688615,-0.006786358022443067
2023-06-09,459,0.8071176723094512,0.79941614019659,0.007701532112861226
2023-06-12,445,0.7916805157556087,0.7958365142930378,-0.004155998537429116
2023-06-13,447,0.641859491869446,0.6631772133142508,-0.02131772144480476
2023-06-14,468,0.5602597357572469,0.5662745936203053,-0.006014857863058572
2023-06-15,479,0.649029753869274,0.628588032799753,0.02044172106952114
2023-06-16,480,0.6978229607898634,0.6803476089438936,0.017475351845969885
2023-06-20,480,0.672373041683739,0.6523700433235082,0.020002998360230725
2023-06-21,482,0.5319056025766484,0.5349170988281244,-0.003011496251476004
2023-06-22,486,0.6136321525799134,0.6239754613982098,-0.010343308818296355
2023-06-23,489,0.7718616778718738,0.7618567771106535,0.010004900761220327
2023-06-26,469,0.7700882218103722,0.7678266898422548,0.0022615319681174167
2023-06-27,460,0.6101908556888848,0.6330123733918048,-0.02282151770292001
2023-06-28,455,0.6494844312586556,0.6655840017610888,-0.016099570502433116
2023-06-29,473,0.5395272664506899,0.5549276074681788,-0.015400341017488932
2023-06-30,473,0.6009040020569888,0.5966142653428176,0.004289736714171107
2023-07-03,469,0.5904494184576823,0.5857144275741504,0.0047349908835319
2023-07-05,469,0.5547863432522443,0.559852741912987,-0.005066398660742695
2023-07-06,477,0.88718773297093,0.8600195664785685,0.027168166492361524
2023-07-07,484,0.861489604679481,0.8535434650953322,0.007946139584148795
2023-07-10,482,0.8521291338893584,0.8432705981283612,0.008858535760997118
2023-07-11,479,0.6569391754292307,0.6540287343065159,0.00291044112271489
2023-07-12,481,0.6715329385415635,0.656493257689434,0.01503968085212946
2023-07-13,486,0.6156899864345012,0.6237182551390597,-0.008028268704558437
2023-07-14,488,0.7138546013923485,0.7061777568843166,0.007676844508031693
2023-07-17,480,0.8398572320607879,0.8285317083159793,0.011325523744808517
2023-07-18,480,0.7946995426331509,0.8087538040233307,-0.014054261390179781
2023-07-19,480,0.6969887005681806,0.6932157158023204,0.0037729847658602195
2023-07-20,486,0.571486643048351,0.588521813846994,-0.01703517079864315
2023-07-21,483,0.6007270622772658,0.6237518893042293,-0.023024827026963537
2023-07-24,482,0.8010975215893964,0.8070481534339761,-0.005950631844579671
2023-07-25,474,0.8339102473690951,0.8434163160794149,-0.009506068710319811
2023-07-26,469,0.7755908057376336,0.7841656339237716,-0.008574828186137971
2023-07-27,471,0.676679123800097,0.6695744846918608,0.007104639108236291
2023-07-28,480,0.7641103696156003,0.7349487951436716,0.02916157447192868
2023-07-31,483,0.9661096322867321,0.9262915655021065,0.03981806678462566
2023-08-01,476,0.999921596669864,0.9660224369019492,0.03389915976791468
2023-08-02,471,0.8192397742715626,0.8107083930167238,0.008531381254838672
2023-08-03,472,0.7927035320874769,0.7805423351454354,0.012161196942041538
2023-08-04,472,0.694091832264821,0.6831776075611284,0.010914224703692509
2023-08-07,466,0.7867653171995328,0.7525979280987012,0.034167389100831676
2023-08-08,463,0.7109650536572609,0.6774180935135538,0.03354696014370733
2023-08-09,461,0.5427284568598417,0.545141210119433,-0.0024127532595912605
2023-08-10,466,0.6270844655384529,0.6113052842721143,0.015779181266338645
2023-08-11,464,0.7697270988801984,0.7412529908918277,0.02847410798837066
2023-08-14,459,1.002730937367953,0.9390451639906858,0.0636857733772671
2023-08-15,459,0.7166415260654774,0.6909403986173916,0.025701127448085677
2023-08-16,465,0.6153776479274619,0.6037610715872077,0.011616576340254155
2023-08-17,475,0.5773782956109853,0.5689709557276154,0.008407339883369913
2023-08-18,479,0.620048186475851,0.6066582831492587,0.013389903326592359
2023-08-21,477,0.5165610964517922,0.5163372957506905,0.00022380070110159108
2023-08-22,475,0.4895880121641577,0.5026274415643773,-0.013039429400219618
2023-08-23,475,0.49617333328093766,0.49647065604018265,-0.0002973227592449798
2023-08-24,477,0.7731306312909131,0.7764859935197368,-0.0033553622288238147
2023-08-25,470,0.7423214132543419,0.7368683685538255,0.005453044700516283
2023-08-28,445,0.6748176118322213,0.6636634364259879,0.01115417540623338
2023-08-29,441,0.6553445032011939,0.647143776840443,0.008200726360750867
2023-08-30,447,0.7593928939844203,0.7513204171838116,0.008072476800608677
2023-08-31,469,0.6686751400185982,0.6660363621268365,0.0026387778917616868
2023-09-01,459,0.7891021754013228,0.754745209986978,0.034356965414344694
2023-09-05,464,0.652471635411574,0.6374605084177873,0.015011126993786756
2023-09-06,470,0.6413607763408147,0.63446948915117,0.006891287189644682
2023-09-07,480,0.6274071770766444,0.6266664751869909,0.0007407018896533524
2023-09-08,480,0.613797189702453,0.6080719221239506,0.0057252675785025
2023-09-11,452,0.6287770673131244,0.6433289010803909,-0.014551833767266377
2023-09-12,453,0.584497810907549,0.5750903685065317,0.009407442401017343
2023-09-13,452,0.5058135917809257,0.5043928654738572,0.001420726307068409
2023-09-14,479,0.6163681257175221,0.5792056581419508,0.03716246757557124
2023-09-15,482,0.6002031014370969,0.5670871105052725,0.0331159909318244
2023-09-18,482,0.9072488082571741,0.8379804493312903,0.06926835892588375
2023-09-19,479,0.8989699493095779,0.8383199047464741,0.060650044563103675
2023-09-20,479,0.7497896304184678,0.7164000895019397,0.03338954091652809
2023-09-21,481,0.6609014670902323,0.6439530533093913,0.01694841378084101
2023-09-22,484,0.6640174529086672,0.6674078309371562,-0.0033903780284888566
2023-09-25,465,0.6757428453739166,0.6824459854457676,-0.00670314007185095
2023-09-26,460,0.6036025828054306,0.6023541942309674,0.001248388574463044
2023-09-27,458,0.6989471202974293,0.6994198249809483,-0.0004727046835189809
2023-09-28,478,0.8865629097045065,0.850392229903703,0.0361706798008035
2023-09-29,483,0.750174445254955,0.7108441047508286,0.03933034050412634
2023-10-02,472,0.6831616758644065,0.6600652001086502,0.023096475755756237
2023-10-03,466,0.7456660131468819,0.7580134042724715,-0.01234739112558975
2023-10-04,468,0.7321233089547017,0.7558152938397441,-0.0236919848850424
2023-10-05,481,0.8258360878737683,0.8363802589167608,-0.010544171042992401
2023-10-06,484,0.7717962422965511,0.783337850800569,-0.011541608504017854
2023-10-09,479,0.669130955003092,0.658038350965088,0.011092604038004026
2023-10-10,478,0.8078616218667893,0.7661497639437443,0.041711857923045124
2023-10-11,481,0.6127247008497754,0.6026992623293369,0.010025438520438456
2023-10-12,486,0.658176195607951,0.6780294100166093,-0.01985321440865815
2023-10-13,488,0.6061503793421016,0.6048997458407558,0.0012506335013459271
2023-10-16,484,0.9742090918606366,0.9223901855127459,0.051818906347890686
2023-10-17,481,1.4062831465082521,1.3147417111710153,0.09154143533723667
2023-10-18,480,1.0361132256409722,0.9874467177271513,0.048666507913820906
2023-10-19,484,0.652967111325244,0.6408681176937367,0.012098993631507217
2023-10-20,486,0.714057659178423,0.7042440162286706,0.009813642949752453
2023-10-23,484,0.8954392456615369,0.8796288599358695,0.01581038572566734
2023-10-24,485,1.1051131653793307,1.050016149754464,0.05509701562486678
2023-10-25,479,0.80566995236395,0.8005233994805317,0.005146552883418247
2023-10-26,469,0.7186506394594313,0.7226073352676945,-0.003956695808263117
2023-10-27,470,0.9918946325395381,1.0079745378010077,-0.016079905261469324
2023-10-30,472,1.3026979291020884,1.320087558684496,-0.017389629582407754
2023-10-31,481,1.6403100479044341,1.6390641652924087,0.0012458826120254345
2023-11-01,476,1.263072412736048,1.2630214600060492,5.095272999893129e-05
2023-11-02,477,0.8289847959020843,0.8229481294447519,0.006036666457332495
2023-11-03,476,0.794325219443858,0.7757030153173157,0.018622204126542447
2023-11-06,467,0.812105706745671,0.7951139868424881,0.016991719903182868
2023-11-07,463,0.7000963192177818,0.6937726150464465,0.006323704171335306
2023-11-08,462,0.6448862578901312,0.6458118059916246,-0.0009255481014933065
2023-11-09,459,1.2747623929304164,1.241717137895383,0.033045255035033194
2023-11-10,460,1.0711367827230116,1.0390951297827018,0.03204165294030989
2023-11-13,446,1.0992977995355762,1.088342406962915,0.010955392572661123
2023-11-14,458,0.5521334620723212,0.5688400549767396,-0.016706592904418383
2023-11-15,457,0.5214791324263358,0.5412436866284788,-0.019764554202142945
2023-11-16,472,0.5051332272311133,0.5263712563824805,-0.02123802915136706
2023-11-17,468,0.4951646880323037,0.5256347567751158,-0.03047006874281213
2023-11-20,470,0.4838703910170201,0.5157520060827875,-0.03188161506576742
2023-11-21,472,0.43895777609254244,0.46409093392003853,-0.025133157827496127
2023-11-22,480,0.4685203488452122,0.4879120333937275,-0.019391684548515326
2023-11-24,474,0.6324205670622074,0.6422328869337157,-0.009812319871508405
2023-11-27,443,0.665468659966298,0.6834166752048797,-0.017948015238581628
2023-11-28,440,0.9869739727731587,0.9807956080627708,0.006178364710387834
2023-11-29,451,0.8875121619298156,0.8877899934484206,-0.00027783151860499107
2023-11-30,477,0.7045014310094472,0.6878651936373719,0.016636237372075324
2023-12-01,477,0.6928781166779172,0.6722141245775007,0.020663992100416532
2023-12-04,460,0.6157553434268466,0.6132551114040362,0.002500232022810333
2023-12-05,465,0.6451773049436466,0.6379228196540904,0.007254485289556192
2023-12-06,468,0.7126975710054692,0.722113967407983,-0.009416396402513733
2023-12-07,480,0.6742168600627638,0.7042095138423157,-0.029992653779551872
2023-12-08,479,0.961466083431278,1.0078579031462007,-0.04639181971492274
2023-12-11,454,1.4048743066246474,1.3876530251609103,0.017221281463737196
2023-12-12,452,1.2989791431011988,1.2774111026196164,0.021568040481582337
2023-12-13,451,0.8256072877685323,0.8260588245523934,-0.0004515367838611916
2023-12-14,474,0.5500467962609328,0.5574752975958324,-0.007428501334899656
2023-12-15,476,0.5608700191408672,0.557276186790198,0.003593832350669202
2023-12-18,481,0.5112511682130767,0.5284994245346967,-0.01724825632161999
2023-12-19,484,0.50320255556628,0.5175116863879216,-0.014309130821641635
2023-12-20,488,0.6635332120845918,0.680853923155288,-0.01732071107069628
2023-12-21,483,0.48412191819401784,0.5056241860800348,-0.021502267886016977
2023-12-22,463,0.4289191641017431,0.4577541666674379,-0.02883500256569488
2023-12-26,452,0.41375646327735893,0.4346373843032637,-0.020880921025904768
2023-12-27,456,0.6682890727518923,0.6498451854766675,0.018443887275224793
2023-12-28,474,1.01873947895974,0.9335711580892729,0.08516832087046687
2023-12-29,479,0.8942080631644416,0.8418729034966147,0.05233515966782682
2024-01-02,480,0.6450890713904717,0.6306491792043493,0.0144398921861225
2024-01-03,479,0.6330165241358002,0.6306001015028789,0.0024164226329214207
2024-01-04,481,0.6075423852293395,0.6093746657158599,-0.0018322804865204794
2024-01-05,481,0.7046003363750992,0.7055866155120096,-0.0009862791369104071
2024-01-08,480,0.6693689011369645,0.6558349612063544,0.013533939930609933
2024-01-09,481,0.6409432609914095,0.630303680746942,0.010639580244467569
2024-01-10,480,0.6947064475965575,0.6657527011402762,0.028953746456281352
2024-01-11,483,0.725523174150009,0.6838648061103557,0.04165836803965339
2024-01-12,481,0.6855434321167232,0.6676831253777278,0.01786030673899544
2024-01-16,478,0.66933294251953,0.6758078079733333,-0.006474865453803108
2024-01-17,478,0.9025245696381474,0.9101142097113313,-0.00758964007318382
2024-01-18,482,0.7399199337279434,0.7558941070848472,-0.015974173356903806
2024-01-19,486,0.6459828588303869,0.6516394466981668,-0.005656587867779908
2024-01-22,486,0.6984704774360418,0.695693577901787,0.0027768995342549057
2024-01-23,489,0.6558018819271975,0.6617016052401938,-0.00589972331299631
2024-01-24,489,0.693652691409491,0.7033496851890009,-0.00969699377950969
2024-01-25,482,0.6178232927856,0.6211577624289005,-0.0033344696433005552
2024-01-26,473,0.6338906050843354,0.6293097834962028,0.0045808215881326395
2024-01-29,470,0.7708948921755535,0.7679083871629069,0.0029865050126466827
2024-01-30,473,0.7829187798887399,0.7830054292099398,-8.664932119993559e-05
2024-01-31,479,0.8418099141395498,0.8336723065378182,0.008137607601731444
2024-02-01,480,0.7728041618524394,0.761602097414267,0.011202064438172317
2024-02-02,481,0.719830477279839,0.7155894586805072,0.004241018599331844
2024-02-05,472,0.8953941042596886,0.8975220111275587,-0.0021279068678701145
2024-02-06,470,0.8565006621736517,0.8397569076534847,0.016743754520167065
2024-02-07,472,0.7415998728681797,0.7280643824052283,0.013535490462951478
2024-02-08,479,0.6425969069038867,0.6329914770448243,0.009605429859062509
2024-02-09,474,0.643915236172591,0.6485794920403974,-0.004664255867806434
2024-02-12,457,0.71031855629691,0.6809926313163334,0.029325924980576578
2024-02-13,449,0.8576856156223966,0.8147338726055211,0.04295174301687553
2024-02-14,451,0.6998807217432383,0.6756325782325278,0.024248143510710644
2024-02-15,465,0.6909102087883722,0.6704754537821073,0.020434755006264852
2024-02-16,466,0.6260424251420508,0.5930630408459113,0.03297938429613945
2024-02-20,467,0.7580833261339254,0.7203081409976294,0.0377751851362959
2024-02-21,467,0.8655673556698076,0.8073516021761313,0.05821575349367641
2024-02-22,477,0.6954698822392279,0.6473560102852031,0.048113871954024875
2024-02-23,473,0.6731497803977159,0.6440949571936202,0.029054823204095803
2024-02-26,455,0.7012736969516843,0.6709563353429924,0.030317361608691872
2024-02-27,448,0.7674497959193115,0.7293864954969196,0.038063300422391914
2024-02-28,455,0.8914214325311728,0.8306911903949685,0.06073024213620435
2024-02-29,470,0.7699887436463744,0.7362619790585081,0.03372676458786612
2024-03-01,473,0.712178379910835,0.6836151511430519,0.028563228767783132
2024-03-04,453,0.6484558424587404,0.6186241391237315,0.029831703335008952
2024-03-05,454,0.6415914109407974,0.5939003681125121,0.047691042828285464
2024-03-06,459,0.659368565610211,0.6219150281579798,0.03745353745223111
2024-03-07,475,0.576948622082589,0.5482326681644399,0.02871595391814916
2024-03-08,477,0.6493034208398879,0.6205518155593716,0.02875160528051636
2024-03-11,444,0.7364319540653056,0.7234217436772864,0.013010210388019113
2024-03-12,449,0.7714969586668361,0.7665804167658675,0.004916541900968641
2024-03-13,449,0.6358226700434896,0.6244367524985713,0.011385917544918302
2024-03-14,482,0.555524562207205,0.5283062557101608,0.02721830649704423
2024-03-15,478,0.6537132038093159,0.6069836572136905,0.046729546595625414
2024-03-18,481,0.8018562890796528,0.7643523169805225,0.03750397209913022
2024-03-19,479,0.6451395234925775,0.5952863117159389,0.04985321177663858
2024-03-20,486,0.5779567642469727,0.5456239877069679,0.03233277654000482
2024-03-21,488,0.6112816619439414,0.60798904891636,0.003292613027581375
2024-03-22,465,0.558319704518139,0.5197364284282988,0.03858327608984018
2024-03-25,457,0.6406189985512571,0.6152003060644097,0.025418692486847503
2024-03-26,454,0.615308910536823,0.5743536753549658,0.040955235181857175
2024-03-27,478,0.6489271294869922,0.6449450376403796,0.003982091846612568
2024-03-28,483,0.7609941463205373,0.766873950785986,-0.005879804465448673
2024-04-01,479,0.7614018009298558,0.7715719175411226,-0.010170116611266902
2024-04-02,479,0.5706226480086373,0.5543550895819015,0.01626755842673582
2024-04-03,478,0.5114348646708778,0.48227720358028814,0.02915766109058971
2024-04-04,478,0.6005392516098945,0.5659243886802703,0.03461486292962425
2024-04-05,479,0.60204103296098,0.5993328057437484,0.0027082272172316664
2024-04-08,479,0.6792037742222432,0.696929779509066,-0.01772600528682283
2024-04-09,479,1.055531393087732,1.1330573318649728,-0.07752593877724101
2024-04-10,478,0.8813209508599789,0.904613502580481,-0.023292551720502114
2024-04-11,482,1.043565201785928,1.0766478408879994,-0.03308263910207152
2024-04-12,489,0.7600989320033898,0.7588458221759393,0.0012531098274506413
2024-04-15,485,0.688585787181233,0.6784085551119133,0.010177232069319576
2024-04-16,481,0.9341247934256854,0.9272205109382222,0.006904282487463238
2024-04-17,480,0.7408210777660061,0.7210717082189173,0.019749369547088762
2024-04-18,482,0.7805247926109568,0.7513808134744416,0.029143979136515136
2024-04-19,485,0.8268937149278744,0.7825271644475265,0.04436655048034794
2024-04-22,484,0.8015006698728414,0.769812092437566,0.031688577435275415
2024-04-23,487,0.8398825774046019,0.8264538843049212,0.013428693099680844
2024-04-24,482,0.7700140068666904,0.7312786781402232,0.03873532872646716
2024-04-25,475,0.7029307698658059,0.6961102169555373,0.006820552910268466
2024-04-26,474,0.8942795693320683,0.906410796683793,-0.012131227351724736
2024-04-29,477,0.9622379220862193,0.9735205814741191,-0.01128265938789992
2024-04-30,479,0.9771093054187985,0.9456917969573025,0.03141750846149586
2024-05-01,477,1.0150308308936877,0.9360229480418585,0.07900788285182933
2024-05-02,476,0.7393822059689164,0.7098906553336872,0.029491550635229083
2024-05-03,482,0.6245313126537857,0.5939141540749239,0.0306171585788618
2024-05-06,472,0.6662709827511654,0.6417320962392143,0.024538886511951
2024-05-07,466,0.6660342102523714,0.6396903757096497,0.026343834542721753
2024-05-08,463,0.5902889118280586,0.5606407758358346,0.02964813599222408
2024-05-09,465,0.5388866654073953,0.5130156585497821,0.02587100685761306
2024-05-10,467,0.6817532579417752,0.6231133441754653,0.05863991376630988
2024-05-13,454,0.6202348609426759,0.5833271305132264,0.0369077304294496
2024-05-14,458,0.560081879632691,0.5302607756027221,0.02982110402996894
2024-05-15,463,0.5738443072893555,0.5499380874455644,0.023906219843791095
2024-05-16,475,0.5574715684177776,0.5245114108561841,0.03296015756159346
2024-05-17,481,0.666690856715767,0.65190272962873,0.014788127087036862
2024-05-20,473,0.8546474013581418,0.8729384386035922,-0.018291037245450396
2024-05-21,470,0.7742126279357666,0.7855733089048358,-0.011360680969069224
2024-05-22,472,0.8332747199670436,0.8687490293451634,-0.03547430937811979
2024-05-23,480,0.7438641338136864,0.761685178960603,-0.017821045146916504
2024-05-24,483,0.7629845819534131,0.7861098978631799,-0.023125315909766818
2024-05-28,464,0.7648642798773556,0.7531393736939409,0.011724906183414695
2024-05-29,452,0.8765823539850354,0.8752304589603471,0.0013518950246882806
2024-05-30,450,0.7804340610639608,0.7745214797085966,0.005912581355364218
2024-05-31,465,0.6876012711022035,0.6639426314696386,0.0236586396325648
2024-06-03,478,0.5974249749819941,0.5650596387578142,0.032365336224179996
2024-06-04,466,0.5579122086864882,0.5387948705890045,0.01911733809748359
2024-06-05,459,0.5673680108613718,0.5489915481027676,0.01837646275860418
2024-06-06,461,0.6217766657077337,0.6011560706854688,0.020620595022264883
2024-06-07,474,0.7659850142193965,0.7362482388161442,0.029736775403252244
2024-06-10,482,0.7030728557467705,0.6817485864152263,0.021324269331544188
2024-06-11,454,0.6778354960596364,0.6523734182205584,0.02546207783907811
2024-06-12,451,0.6691246932501712,0.6397256543168524,0.029399038933318702
2024-06-13,444,0.6340219511808003,0.6009575229183983,0.03306442826240193
2024-06-14,472,0.6288469904943148,0.6045963400212903,0.024250650473024667
2024-06-17,477,0.5390434619085523,0.5121721814498212,0.0268712804587311
2024-06-18,482,0.6996493284616881,0.6698045991146524,0.029844729347035807
2024-06-20,484,0.5451859696107628,0.5185316482201828,0.02665432139058008
2024-06-21,486,0.5754715128239306,0.5574024179434153,0.018069094880515234
2024-06-24,488,0.6556814171797919,0.6461518578826402,0.009529559297151748
2024-06-25,465,0.639509957333736,0.6282971934097854,0.011212763923950573
2024-06-26,458,0.6447891814064963,0.634180280409221,0.010608900997275371
2024-06-27,458,0.6294482874280779,0.6126834690715371,0.01676481835654085
2024-06-28,479,0.5773234481591298,0.5496965292824786,0.02762691887665119
2024-07-01,479,0.5416075032213857,0.5030164637239611,0.0385910394974246
2024-07-02,475,0.5115004444590726,0.46844928892044524,0.0430511555386273
2024-07-03,472,0.5431054637463143,0.5155934245883761,0.02751203915793812
2024-07-05,475,0.6093579871631293,0.574881387679426,0.034476599483703324
2024-07-08,477,0.7697319327648864,0.7639877654072845,0.005744167357601811
2024-07-09,480,1.0119406308336794,1.0290222386053995,-0.01708160777172032
2024-07-10,478,0.9314888167810605,0.921198112847957,0.010290703933103421
2024-07-11,482,0.9952777391720306,0.9761591601820586,0.019118578989971928
2024-07-12,483,0.9971757654130706,1.003517674044453,-0.006341908631382248
2024-07-15,490,0.8738042101456727,0.8737515936280797,5.261651759294322e-05
2024-07-16,484,0.9897943682053093,1.0032505925621924,-0.01345622435688303
2024-07-17,481,0.6601887345448652,0.6518672676142184,0.008321466930646764
2024-07-18,481,0.6848288946932585,0.6812836387909633,0.0035452559022950253
2024-07-19,486,0.7150129061091854,0.7097697538312497,0.00524315227793567
2024-07-22,489,1.1527448917115297,1.1811336963423158,-0.02838880463078607
2024-07-23,486,1.1374029371953185,1.1508732070174374,-0.013470269822118946
2024-07-24,486,0.9521236011438272,0.946530486154968,0.0055931149888591705
2024-07-25,486,0.9502676074390607,0.9472208197749592,0.00304678766410143
2024-07-26,481,0.7060327636297966,0.6903904469800946,0.015642316649701952
2024-07-29,473,0.9246928836913213,0.9340902782213323,-0.009397394530011023
2024-07-30,470,1.4640610331164594,1.5249350765653027,-0.06087404344884326
2024-07-31,474,2.261107445773571,2.3708939657744343,-0.10978652000086316
2024-08-01,480,1.281667801261974,1.337464264840431,-0.055796463578456995
2024-08-02,479,0.953288971931705,0.9974130797623403,-0.04412410783063519
2024-08-05,483,1.0192958922556974,0.9548616195398988,0.06443427271579868
2024-08-06,478,0.8093499581837966,0.7629611043583577,0.04638885382543896
2024-08-07,471,0.8560858637101909,0.7731055592826565,0.0829803044275345
2024-08-08,470,0.6243942934114152,0.5804456527108018,0.04394864070061327
2024-08-09,471,0.605725262942308,0.5639167668262121,0.04180849611609587
2024-08-12,464,1.0322317026540084,0.9131274205265921,0.1191042821274163
2024-08-13,450,0.7052557392676291,0.6453068651567851,0.059948874110844014
2024-08-14,449,0.851733981390807,0.7598567086444254,0.09187727274638141
2024-08-15,463,0.49132769075107224,0.477195813744603,0.014131877006469206
2024-08-16,472,0.540638438467538,0.521198440251328,0.01943999821620999
2024-08-19,477,0.5205727710805944,0.5079175962992925,0.012655174781302016
2024-08-20,477,0.6545333611624399,0.6166852927083143,0.03784806845412549
2024-08-21,479,0.5801347885308822,0.5544659301809117,0.0256688583499704
2024-08-22,477,0.5873648014525468,0.5501082907586983,0.03725651069384856
2024-08-23,481,0.5726336915899929,0.5588176909606131,0.013816000629379698
2024-08-26,483,0.6017695742267662,0.5921313111536269,0.009638263073139253
2024-08-27,465,0.6053422523870161,0.5879065146704249,0.017435737716591255
2024-08-28,448,0.7319559429304218,0.7171094769251807,0.014846466005241088
2024-08-29,442,0.7796027180078453,0.7788780771514405,0.0007246408564048366
2024-08-30,458,1.0607775835273263,1.0721923773726905,-0.011414793845364063
2024-09-03,462,0.8410354121885613,0.8474686334272609,-0.006433221238699479
2024-09-04,463,0.6384772286846783,0.6247025991734287,0.013774629511249522
2024-09-05,464,0.6428511728608095,0.6363694149550405,0.006481757905768916
2024-09-06,474,0.8426357372052087,0.7706603530152684,0.07197538418994041
2024-09-09,477,0.76969703473342,0.7169895933430538,0.052707441390366164
2024-09-10,460,0.8729234257747144,0.7863367113390048,0.08658671443570956
2024-09-11,448,0.8521397869856735,0.8013793952674169,0.0507603917182566
2024-09-12,445,0.7889966928776263,0.7297987507843354,0.059197942093290955
2024-09-13,466,0.6145734372871036,0.5815602247682312,0.03301321251887225
2024-09-16,479,0.8086932033789302,0.7833328515053047,0.02536035187362546
2024-09-17,482,0.6451936094696902,0.6128523049283789,0.03234130454131118
2024-09-18,481,0.6663620768797319,0.6156890760413284,0.050673000838403565
2024-09-19,483,0.6033164909240493,0.585840108732562,0.017476382191487304
2024-09-20,487,0.5954064945422785,0.5738231870104894,0.021583307531789126
2024-09-23,486,0.7481967301133743,0.7206411118153903,0.027555618297984082
2024-09-24,481,0.6128448154101388,0.5752531252436788,0.03759169016646009
2024-09-25,462,0.6123517361550636,0.581898798791249,0.03045293736381452
2024-09-26,456,0.648498539565198,0.6289140675039525,0.019584472061245407
2024-09-27,459,0.6235282998477424,0.6050596352132107,0.0184686646345317
2024-09-30,477,0.764736628859482,0.7630454508060274,0.0016911780534546643
2024-10-01,478,0.703929314000869,0.6824682025316767,0.021461111469192305
2024-10-02,477,0.6852357489011426,0.6880160282483319,-0.0027802793471892458
2024-10-03,477,0.6142770420814478,0.5869837613331191,0.027293280748328652
2024-10-04,484,0.6254444880059367,0.6014746192538847,0.02396986875205181
2024-10-07,479,0.606154633090704,0.5698975993676816,0.036257033723022435
2024-10-08,478,0.6163885782768068,0.5769642559610838,0.03942432231572312
2024-10-09,481,0.5839943931900661,0.5449813047170263,0.0390130884730397
2024-10-10,484,0.7172945888955682,0.7050878876826725,0.01220670121289577
2024-10-11,486,0.7259377711873616,0.7072801471645537,0.018657624022807923
2024-10-14,485,0.6877165784563997,0.6738980520888214,0.013818526367578323
2024-10-15,485,0.6031518300255257,0.5793871437446855,0.023764686280840257
2024-10-16,483,0.5951029763957665,0.5942850852493428,0.0008178911464237525
2024-10-17,482,0.6391881981847661,0.6444445486030157,-0.005256350418249643
2024-10-18,486,0.7201797876118313,0.7374639599704473,-0.017284172358616085
2024-10-21,489,0.7470975041704803,0.7680649714405419,-0.02096746727006157
2024-10-22,488,0.7146923627019399,0.7338673791137204,-0.019175016411780352
2024-10-23,489,0.6977424211277972,0.6940328845161997,0.003709536611597339
2024-10-24,489,0.7174822054029931,0.7241715946213237,-0.006689389218330597
2024-10-25,491,0.7129011127279143,0.7066800889780012,0.006221023749913006
2024-10-28,484,1.0365795957428214,1.06674001411507,-0.030160418372248612
2024-10-29,476,1.0112642045884437,1.029398799539429,-0.01813459495098521
2024-10-30,468,0.8797453355578244,0.8881494250956807,-0.008404089537856405
2024-10-31,473,0.7411445872686976,0.711064205332827,0.03008038193587052
2024-11-01,479,1.638927773612135,1.6176155942222261,0.021312179389908915
2024-11-04,484,1.7257164986716456,1.7034970863896794,0.02221941228196606
2024-11-05,473,1.6049163313070591,1.5891891660010293,0.01572716530602978
2024-11-06,475,1.0405548755305312,1.0076549954598168,0.03289988007071429
2024-11-07,473,0.973208407087049,0.9448855332747346,0.02832287381231447
2024-11-08,477,0.7723226637089636,0.7686258861339226,0.0036967775750410504
2024-11-11,467,0.8014343440696987,0.8200746203047666,-0.018640276235067883
2024-11-12,450,0.8746807232924911,0.9127373978459191,-0.038056674553427976
2024-11-13,447,0.8550317857928967,0.8801236260196201,-0.025091840226723474
2024-11-14,454,0.866513358677344,0.8517953996353248,0.014717959042019158
2024-11-15,472,0.7109707280926078,0.665776892504384,0.04519383558822368
2024-11-18,477,0.766092000704068,0.7146293351649708,0.051462665539097174
2024-11-19,472,0.8603632075705069,0.8042025046897759,0.056160702880731064
2024-11-20,473,1.05786481937222,0.9927989040788658,0.06506591529335401
2024-11-21,477,0.7150791713097041,0.6816592419985354,0.033419929311168536
2024-11-22,480,0.617254754033004,0.6027478917538497,0.014506862279154343
2024-11-25,465,0.5095488941193481,0.4950528485276063,0.014496045591741882
2024-11-26,450,0.5819934084637235,0.5616340894885239,0.020359318975199523
2024-11-27,450,0.6379892241177202,0.6319745031160927,0.006014721001627575
2024-11-29,463,0.8253126489406752,0.8066443366520756,0.018668312288599602
2024-12-02,474,0.7367538543464005,0.7338383537035288,0.0029155006428716974
2024-12-03,463,0.7633933510536556,0.7400577807019962,0.02333557035165946
2024-12-04,458,0.7528768520239077,0.7673869845300708,-0.014510132506163021
2024-12-05,461,0.7915532176821323,0.8006646047923525,-0.009111387110220194
2024-12-06,474,0.7427128633067844,0.747362988236812,-0.004650124930027613
2024-12-09,485,0.7259588892111788,0.7304439612284138,-0.004485072017235058
2024-12-10,468,0.7026885274221278,0.6842033772158744,0.018485150206253433
2024-12-11,457,0.7829141511030435,0.7764855190970221,0.00642863200602146
2024-12-12,450,0.7570566141731515,0.7630544240231245,-0.005997809849972978
2024-12-13,468,1.324251817611827,1.4238869336656756,-0.09963511605384857
2024-12-16,481,1.3847960310223404,1.4689205065301054,-0.08412447550776479
2024-12-17,479,0.8605702841336691,0.8741961232178728,-0.013625839084203685
2024-12-18,481,0.6173924846408345,0.5839206042969548,0.03347188034387965
2024-12-19,482,0.6992576235880464,0.6521889796188951,0.0470686439691513
2024-12-20,487,0.45254528894430346,0.42031147609374747,0.03223381285055606
2024-12-23,482,0.372193201149603,0.34992953076039707,0.022263670389205913
2024-12-24,478,0.5943453015414984,0.5985334548268494,-0.004188153285350857
2024-12-26,463,0.6439774296539494,0.6333753540674777,0.010602075586471634
2024-12-27,459,0.5786685578219668,0.5726219795643025,0.0060465782576642636
2024-12-30,456,0.5792009749579664,0.5232573482532556,0.05594362670471078
2024-12-31,472,0.8137027214756686,0.7561008519473851,0.057601869528283535
2025-01-02,480,0.6841433031435286,0.654743550779207,0.02939975236432155
2025-01-03,486,0.6211837871370801,0.6087157521544272,0.012468034982652955
2025-01-06,479,0.8779750882864077,0.8821785913043472,-0.004203503017939493
2025-01-07,481,0.7573476132125327,0.7462492287352754,0.011098384477257207
2025-01-08,480,0.7297329868105854,0.7160318858147031,0.013701100995882313
2025-01-10,485,0.9810512219821305,0.9497982817964543,0.03125294018567625
2025-01-13,484,1.0031968303256442,0.9723281261758109,0.03086870414983332
2025-01-14,481,0.9042995165328452,0.8464874202115643,0.057812096321280884
2025-01-15,482,0.9126794953153785,0.8843725305265558,0.02830696478882269
2025-01-16,481,0.8725056249226705,0.8261152275245466,0.04639039739812386
2025-01-17,485,0.8807199214774704,0.8438233740858296,0.03689654739164066
2025-01-21,486,0.6405703542577904,0.622403248474226,0.018167105783564456
2025-01-22,488,1.1978592786324365,1.207018468717707,-0.00915919008527056
2025-01-23,489,1.0773902015878611,1.0661344022548893,0.011255799332971652
2025-01-24,490,0.9970548658438352,0.9932741288661022,0.0037807369777328142
2025-01-27,489,0.9061277220166362,0.8670347630982501,0.03909295891838599
2025-01-28,481,0.728708894592874,0.709375952946306,0.019332941646568073
2025-01-29,472,0.7859607349521865,0.7860303918359032,-6.965688371656919e-05
2025-01-30,473,0.8175466343789738,0.8348818985208043,-0.01733526414183053
2025-01-31,479,0.7704962433300283,0.769761738201435,0.0007345051285933431
2025-02-03,490,0.9175127683426392,0.8885085698236407,0.02900419851899837
2025-02-04,479,0.8451922297501371,0.8295093957504163,0.015682833999720744
2025-02-05,473,0.8494402113619803,0.8349478570505292,0.014492354311451109
2025-02-06,471,0.7925257849271012,0.7824502524411286,0.010075532485972616
2025-02-07,478,0.7624620410100581,0.760986208871324,0.0014758321387341085
2025-02-10,484,0.8685255545394758,0.8593860759093237,0.009139478630152105
2025-02-11,458,0.954608790059761,0.9306891102178555,0.023919679841905416
2025-02-12,449,1.0057588310495853,0.9555862862419408,0.05017254480764469
2025-02-13,448,0.8445042136459154,0.809406676125197,0.03509753752071832
2025-02-14,471,0.8290402895382835,0.8006565398574559,0.02838374968082751
2025-02-18,475,1.1794273440812315,1.1948174619461749,-0.015390117864943325
2025-02-19,469,1.2605194083270237,1.2655438297262425,-0.00502442139921863
2025-02-20,469,1.2187795421388192,1.214248980306688,0.004530561832131046
2025-02-21,474,0.6623040941624508,0.6411114900474415,0.02119260411500941
2025-02-24,479,0.80017906690255,0.7963136979389894,0.003865368963560525
2025-02-25,466,0.7485599736852658,0.737434495254658,0.011125478430607787
2025-02-26,453,1.103424478815387,1.1045658988117695,-0.001141419996382329
2025-02-27,452,0.9069641414845102,0.9172410451101799,-0.010276903625669758
2025-02-28,462,0.931023178844043,0.9560753375763261,-0.025052158732283277
2025-03-03,474,1.094644952375047,1.1356187440900265,-0.04097379171497969
2025-03-04,462,1.022456613755562,1.0159273557767674,0.00652925797879451
2025-03-05,450,1.6712198518186552,1.6996169172908542,-0.02839706547219896
2025-03-06,452,1.0569184279309474,1.095802703395886,-0.038884275464938736
2025-03-07,462,1.2510258720034237,1.354497030353344,-0.1034711583499201
2025-03-10,477,1.2204201905255136,1.3043072970302911,-0.0838871065047774
2025-03-11,451,0.724795829632498,0.6963324627238029,0.02846336690869509
2025-03-12,449,0.7918977641397968,0.7475508911348644,0.04434687300493247
2025-03-13,447,0.8789779372036882,0.8197752171541749,0.05920272004951321
2025-03-14,475,0.636434295985308,0.6002702656508221,0.03616403033448584
2025-03-17,478,0.5338297405177295,0.540275819490252,-0.006446078972522512
2025-03-18,481,0.6352341593237104,0.607907704149458,0.027326455174252397
2025-03-19,481,0.6448884390576726,0.5899563463104484,0.05493209274722415
2025-03-20,485,0.7247307510615365,0.6796691209814593,0.045061630080077214
2025-03-21,489,0.5983584233694365,0.5829800772899868,0.015378346079449661
2025-03-24,490,0.8209945444423732,0.8043708636263621,0.01662368081601107
2025-03-25,488,1.255587898911447,1.247466433107816,0.008121465803630965
2025-03-26,466,0.9213583116275663,0.911688958217827,0.00966935340973936
2025-03-27,460,0.650955832506103,0.6527649336740934,-0.0018091011679904287
2025-03-28,464,0.6732923545056564,0.6354414915010712,0.037850863004585275
2025-03-31,482,1.7747741174525815,1.8337493532949114,-0.05897523584232971
2025-04-01,483,3.999193821664718,4.173526915394419,-0.1743330937297004
2025-04-02,481,4.633328106755981,4.840445320310125,-0.20711721355414497
2025-04-03,485,3.083080415169933,3.2991963163379627,-0.21611590116803003
2025-04-04,490,2.488065985705973,2.1427075404815867,0.3453584452243863
2025-04-07,485,1.1969228144901958,1.0936734322592008,0.1032493822309951
2025-04-08,483,2.1940396380162355,1.9440960643606076,0.249943573655628
2025-04-09,483,0.9934870811514699,0.9996999917602787,-0.006212910608808884
2025-04-10,488,0.8106384964099509,0.7708486014645586,0.039789894945392375
2025-04-11,489,0.590907168879156,0.643980960412158,-0.05307379153300199
2025-04-14,483,0.7073144022344168,0.7631764312561737,-0.05586202902175696
2025-04-15,483,1.1235826086710936,1.1778082630463838,-0.05422565437529025
2025-04-16,482,0.7525644108380307,0.7570180196463354,-0.00445360880830474
2025-04-17,486,0.7444683847085978,0.7042948235425741,0.04017356116602377
2025-04-21,490,2.207374168141768,1.775737253017964,0.4316369151238036
2025-04-22,491,1.4957750984045546,1.2543466623983184,0.2414284360062361
2025-04-23,493,0.9912310344802896,0.8838328756521417,0.10739815882814788
2025-04-24,492,0.602666273020071,0.6419213330521305,-0.03925506003205944
2025-04-25,484,0.6442858842043714,0.6819390670812726,-0.03765318287690126
2025-04-28,480,0.7349987879017927,0.75844848565394,-0.023449697752147194
2025-04-29,476,0.89596955107215,0.8446617250800631,0.05130782599208705
2025-04-30,480,0.8466648492598281,0.8086613383254289,0.03800351093439916
2025-05-01,482,0.6710655835256929,0.6925892281438704,-0.021523644618177525
2025-05-02,485,0.6975846444536282,0.7439141991660845,-0.04632955471245624
2025-05-05,490,0.7395033836908267,0.7330740944161908,0.006429289274635945
2025-05-06,482,0.8511914186954865,0.8015468055939763,0.04964461310151021
2025-05-07,475,1.795810727242267,1.5472805727499868,0.24853015449228022
2025-05-08,473,1.7068148298834551,1.5228494245416737,0.1839654053417815
2025-05-09,476,1.6389428157164254,1.4988791755797666,0.1400636401366585
2025-05-12,472,0.7274546565271447,0.7125255101357727,0.014929146391371871
2025-05-13,456,0.6547387763144873,0.6708758737074284,-0.0161370973929411
2025-05-14,450,0.8021248049920213,0.8235481922948462,-0.0214233873028249
2025-05-15,459,0.572762084133044,0.580181189265704,-0.0074191051326599755
2025-05-16,472,0.935908654247155,0.9200840911408709,0.015824563106284155
2025-05-19,480,0.9377412796989314,0.9430757083100375,-0.005334428611106126
2025-05-20,469,0.9814702176679848,0.9815645616856273,-9.434401764241601e-05
2025-05-21,468,0.6547761281356961,0.6655654022918865,-0.010789274156190588
2025-05-22,470,0.5724836245259476,0.6103193213844211,-0.03783569685847362
2025-05-23,480,0.6326160212978249,0.6560932185301234,-0.023477197232298335
2025-05-27,468,0.6413562044059729,0.6662067952993491,-0.02485059089337625
2025-05-28,454,0.6102041869662019,0.6531755334527343,-0.042971346486532294
2025-05-29,456,0.6541242820271576,0.6739774917176555,-0.0198532096904981
2025-05-30,467,0.6911877192946713,0.6936514817050744,-0.0024637624104032357
2025-06-02,481,0.6922093763691668,0.7121772157692247,-0.01996783940005786
2025-06-03,470,0.595494958560182,0.6185197341722594,-0.023024775612077365
2025-06-04,469,0.6061707785428747,0.6349936982623743,-0.028822919719499518
2025-06-05,463,0.8845730035745747,0.8512370881556963,0.03333591541887834
2025-06-06,474,0.6998453912962687,0.712524627159871,-0.01267923586360239
2025-06-09,481,0.56954736158588,0.6010001517969862,-0.031452790211106134
2025-06-10,466,0.8458341823206877,0.8303583190700639,0.0154758632506239
2025-06-11,455,0.6421675103217663,0.6615277334170299,-0.019360223095263543
2025-06-12,452,0.7926566707506043,0.798826666739327,-0.006169995988722761
2025-06-13,468,0.7344996367538583,0.726557172215261,0.007942464538597408
2025-06-16,479,0.6405673258531709,0.6507380374971323,-0.010170711643961454
2025-06-17,480,0.6823903092199252,0.6885615944373455,-0.00617128521742039
2025-06-18,487,0.7724551854521625,0.758539908014034,0.013915277438128487
2025-06-20,488,0.7276739628012138,0.7180848309324173,0.009589131868796449
2025-06-23,489,0.7816628796150722,0.7530013205196103,0.0286615590954618
2025-06-24,484,0.6000114050622093,0.6207962819020272,-0.020784876839817824
2025-06-25,466,0.6499015823540906,0.6566553676901613,-0.006753785336070696
2025-06-26,461,0.8253198137094748,0.8129710014660942,0.01234881224338055
2025-06-27,466,0.9277444180559254,0.901820838436855,0.025923579619070287
2025-06-30,476,0.9167923900184983,0.8851666708553179,0.03162571916318031
2025-07-01,479,0.6113142010196497,0.638575590996164,-0.02726138997651429
2025-07-02,478,0.509266035715099,0.5388560954832244,-0.02959005976812553
2025-07-03,487,0.5834909082503055,0.6097380049857062,-0.026247096735400682
2025-07-07,484,0.7780895340134357,0.7449952819569029,0.033094252056532734
2025-07-08,485,0.6222251144749089,0.6234395652169875,-0.0012144507420786001
2025-07-09,485,0.5963377990366857,0.6029384945178797,-0.006600695481193992
2025-07-10,487,0.8314508813427804,0.8202300164935158,0.011220864849264593
2025-07-11,489,0.6922247963661913,0.6681229064454668,0.024101889920724488
2025-07-14,489,0.6157175482183389,0.6037419479310904,0.011975600287248585
2025-07-15,488,0.6531720505374082,0.6545331374592172,-0.0013610869218089862
2025-07-16,484,0.6210817347397039,0.6169358428936185,0.00414589184608543
2025-07-17,482,0.7145473519414747,0.7146548043209713,-0.00010745237949669881
2025-07-18,488,0.8469150587068467,0.8353268630527881,0.011588195654058511
2025-07-21,491,0.9892589594564885,0.9817585619895387,0.00750039746694969
2025-07-22,491,0.8924093286959607,0.8794608112829209,0.012948517413039911
2025-07-23,492,0.7683538734517291,0.7605412443625637,0.007812629089165399
2025-07-24,492,0.7076807045836045,0.6939220148485573,0.01375868973504724
2025-07-25,493,0.9327947665375246,0.9199635902867712,0.012831176250753376
2025-07-28,483,1.18010610686995,1.1640981653998541,0.016007941470095897
2025-07-29,475,1.3259601280972981,1.3082623777599625,0.017697750337335644
2025-07-30,474,1.0600728783125697,1.0435585017970543,0.01651437651551522
2025-07-31,480,0.8670606696685298,0.8506774936501516,0.016383176018378288
2025-08-01,488,0.8653976931751354,0.8619669031263604,0.003430790048774998
2025-08-04,488,0.8686758361285082,0.8616304752868558,0.0070453608416525485
2025-08-05,483,0.8932583134099682,0.8725457516050967,0.020712561804871483
2025-08-06,477,0.8406806315982798,0.8259196784281818,0.014760953170097867
2025-08-07,477,0.7885823396008218,0.7703764402543869,0.01820589934643504
2025-08-08,479,0.9456216176748502,0.9105239935542065,0.035097624120643794
2025-08-11,475,0.927539696325505,0.8902281853535178,0.03731151097198721
2025-08-12,455,0.7156430494611898,0.6934160466427945,0.022227002818395375
2025-08-13,449,0.6565349526367499,0.6612256352605353,-0.004690682623785585
2025-08-14,454,0.5987566749303678,0.5844636917942105,0.014292983136157223
2025-08-15,471,0.5457483440902098,0.5429765966832427,0.0027717474069670583
2025-08-18,479,0.624124240448726,0.6056465768297821,0.018477663618943967
2025-08-19,478,0.6131247265377673,0.6002149473037725,0.012909779233994865
2025-08-20,479,0.6834187757389698,0.671062947077323,0.012355828661646855
2025-08-21,481,0.809446444070279,0.7855921225124396,0.02385432155783946
2025-08-22,488,0.6525250057599867,0.6502708483160492,0.002254157443937607
2025-08-25,489,0.6765068151539354,0.6617115265312301,0.014795288622705275
2025-08-26,474,0.559661368474615,0.5460923844032268,0.013568984071388207
2025-08-27,450,0.6661457514752682,0.6543566657120887,0.011789085763179497
2025-08-28,446,0.7093667917773607,0.6875647047587151,0.021802087018645687
2025-08-29,456,0.6301507771019089,0.6179861474534091,0.012164629648499755
2025-09-02,462,0.7310681655081253,0.7094142501360012,0.021653915372124053
2025-09-03,465,0.7574174213102035,0.7218030738071298,0.03561434750307372
2025-09-04,468,0.6978301079116311,0.6708756595635955,0.026954448348035596
2025-09-05,478,0.8534657077968308,0.8149601139797495,0.03850559381708141
2025-09-08,479,0.8002761130637513,0.7660467450526877,0.03422936801106362
2025-09-09,475,0.7730944495818075,0.7456041169240374,0.02749033265777015
2025-09-10,459,0.6551940611428915,0.6444081204818656,0.010785940661025813
2025-09-11,455,0.7189658118499649,0.7184015632498746,0.0005642486000902935
2025-09-12,461,0.5898036817418849,0.5884096540549278,0.0013940276869570602
2025-09-15,482,0.643193350321049,0.6324041508767453,0.010789199444303644
2025-09-16,488,0.6847325074435661,0.6663495389200953,0.018382968523470763
2025-09-17,486,0.7794326604450751,0.7565662924806423,0.02286636796443274
2025-09-18,489,0.6150885508561055,0.6052227442451722,0.009865806610933359
2025-09-19,490,0.6677051618573953,0.657411043613332,0.010294118244063335
2025-09-22,492,0.7789103283148281,0.7583940402571725,0.020516288057655645
2025-09-23,486,0.6355031996563171,0.6212234470494546,0.014279752606862452
2025-09-24,485,0.56435828713074,0.5566520020301305,0.007706285100609457
2025-09-25,464,0.7076514808556685,0.7025303752295483,0.005121105626120294
2025-09-26,461,0.9400610375467818,0.8984970295082578,0.041564008038523996
2025-09-29,460,0.9047454519198923,0.8697594421727393,0.034986009747152935
2025-09-30,475,0.79194123936965,0.7600892848558249,0.031851954513825075
2025-10-01,482,0.6893136441865251,0.6791301294381022,0.01018351474842272
2025-10-02,483,0.6671668900679585,0.6674134263712457,-0.0002465363032871953
2025-10-03,492,0.7633410208255831,0.7493379831880828,0.014003037637500224
2025-10-06,490,0.7436606006875318,0.7276071758613495,0.016053424826182276
2025-10-07,483,1.0416045162680874,1.0204727219212524,0.02113179434683514
2025-10-08,483,0.8455743189856689,0.8281437836469963,0.01743053533867274
2025-10-09,484,0.659615327025612,0.6361881906528634,0.02342713637274876
2025-10-10,488,0.8958998779481043,0.8695755423848973,0.026324335563207152
2025-10-13,487,0.7487389498022353,0.7511706663922841,-0.002431716590048829
2025-10-14,485,0.7064176706783056,0.7100171574743989,-0.003599486796093269
2025-10-15,488,0.6440543451342892,0.632084520241166,0.01196982489312325
2025-10-16,488,0.8168326618301726,0.7990091740682033,0.017823487761969237
2025-10-17,490,0.6728205631750335,0.662103954851858,0.010716608323175475
2025-10-20,491,0.7313151770177958,0.7288883908060728,0.0024267862117229927
2025-10-21,489,0.7870329119328526,0.7604994742894419,0.02653343764341079
2025-10-22,491,0.9088006058772055,0.8576610485622747,0.05113955731493083
2025-10-23,491,0.8485533903239418,0.8315413971400151,0.017011993183926818
2025-10-24,492,1.1177155099008578,1.127186865145601,-0.00947135524474321
2025-10-27,491,1.2806581377860664,1.286581443445799,-0.005923305659732269
2025-10-28,481,1.07940110687224,1.0909752734679452,-0.011574166595705091
2025-10-29,476,0.9305594278910593,0.9356460414631562,-0.00508661357209681
2025-10-30,475,0.8296725322669336,0.811148519478331,0.018524012788602655
2025-10-31,482,0.8522315916055956,0.8324735323209254,0.019758059284670098
2025-11-03,489,0.9956165745353334,0.956281251311898,0.03933532322343531
2025-11-04,481,0.9022339248046604,0.8754224567105575,0.0268114680941028
2025-11-05,475,0.8363772286754345,0.8127233920458463,0.023653836629588275
2025-11-06,475,0.8461095091247812,0.8354740659746537,0.010635443150127462
2025-11-07,479,0.6652159598706041,0.6624905733905939,0.002725386480010239
2025-11-10,479,0.8318526280113352,0.7920634790466589,0.03978914896467626
2025-11-11,456,0.7422967302433899,0.7140510227898487,0.028245707453541404
2025-11-12,445,1.1214292397122498,1.0802435167319506,0.04118572298029913
2025-11-13,450,0.8103094561322952,0.7939273294570185,0.016382126675276654
2025-11-14,465,0.7803290710622086,0.7667168930381795,0.013612178024029255
2025-11-17,477,0.7733358142933261,0.7506242356367777,0.022711578656548343
2025-11-18,474,0.7497627705997658,0.7391162321917794,0.0106465384079864
2025-11-19,476,0.7533326379346141,0.7426461104069354,0.010686527527678758
2025-11-20,477,1.370870687365838,1.3058304866637096,0.06504020070212854
2025-11-21,481,0.9730233093365842,0.8896748633813706,0.08334844595521367
2025-11-24,474,0.859301017716938,0.8076950366368782,0.05160598108005976
2025-11-25,458,0.6237049455593163,0.6043286078018235,0.019376337757492753
2025-11-26,457,0.6636273355448226,0.6615165301680517,0.0021108053767709086
2025-11-28,463,0.8093948045105556,0.801323625526098,0.008071178984457522
2025-12-01,478,0.8070125343120039,0.7838342115637374,0.023178322748266512
2025-12-02,463,0.8560545946171968,0.8314976717040634,0.024556922913133414
2025-12-03,465,0.7872932594719348,0.7691014095069096,0.01819184996502522
2025-12-04,468,0.807074167240445,0.79171498761438,0.015359179626065037
2025-12-05,482,0.8151108703278727,0.793570725024228,0.02154014530364471
2025-12-08,485,0.9078056106585152,0.8846449846134317,0.02316062604508362
2025-12-09,479,0.9013007923017584,0.8860619249343575,0.015238867367400792
2025-12-10,462,0.8805482976649364,0.8591190225522223,0.021429275112714127
2025-12-11,457,0.8146333895572141,0.7806296417445688,0.03400374781264533
2025-12-12,461,0.7147751013687071,0.6939952711183619,0.020779830250345216
2025-12-15,480,0.6268199348735279,0.6232965523145979,0.0035233825589300466
2025-12-16,482,0.6011134846892499,0.5786374349267266,0.02247604976252323
2025-12-17,484,0.8010301997745942,0.7520915709828513,0.048938628791742864
2025-12-18,486,0.651433029765776,0.6298247859556778,0.021608243810098175
2025-12-19,490,0.47375639657613255,0.48160977013444767,-0.007853373558315137
2025-12-22,485,0.41192869827974704,0.4137092975333384,-0.001780599253591287
2025-12-23,482,0.3974517242589197,0.4008444688250062,-0.00339274456608648
2025-12-24,481,0.4442512953849659,0.44031092467062677,0.0039403707143391
2025-12-26,471,0.547410389814025,0.5373782030843847,0.0100321867296403
2025-12-29,458,0.5927537350354002,0.5817857124365521,0.010968022598848153
2025-12-30,457,0.7945281860609746,0.770998673831833,0.023529512229141628
2025-12-31,471,1.2937567286749847,1.240468315159268,0.05328841351571706
2026-01-02,488,0.9588777533480097,0.9260721472297576,0.03280560611825206
2026-01-05,491,0.7724681570817034,0.7531094317243995,0.019358725357303957
2026-01-06,488,0.7677044555741054,0.7453310308193704,0.022373424754735007
2026-01-07,485,0.9091591961012546,0.8958339662043825,0.013325229896872062
2026-01-08,484,0.9223590662686881,0.8835344373889071,0.03882462887978108
2026-01-09,489,0.8580968373262358,0.8438112922007441,0.014285545125491617
2026-01-12,489,0.8271976457228332,0.814814176455483,0.012383469267350197
2026-01-13,483,0.7614993126473649,0.7460206011047901,0.01547871154257487
2026-01-14,480,0.8615145968238124,0.8212213449471711,0.04029325187664115
2026-01-15,482,0.8205718702370552,0.7876751188341049,0.03289675140295037
2026-01-16,487,0.7907240696119159,0.7639443905404367,0.026779679071479205
2026-01-20,488,0.7444268835713991,0.7246327214633795,0.01979416210801945
2026-01-21,490,0.6518204501792119,0.6497967622380898,0.0020236879411220893
2026-01-22,492,0.7871597430351782,0.7723615977640783,0.01479814527109985
2026-01-23,493,0.912990433717213,0.8683475901734328,0.044642843543780265
2026-01-26,490,1.0956164699149733,1.0427370950532469,0.05287937486172636
2026-01-27,481,0.9501974342622015,0.9231620522877706,0.027035381974430915
2026-01-28,479,0.9958426329445883,0.9737634050136753,0.02207922793091295
2026-01-29,480,1.3042102779287021,1.270870139696612,0.03334013823208997
2026-01-30,486,1.631509015651151,1.5912285832429804,0.040280432408170364
2026-02-02,489,1.7387679169921058,1.7049649289294544,0.03380298806265124
2026-02-03,484,1.3072716792858232,1.2758036669341721,0.03146801235165105
2026-02-04,481,1.1358342969666353,1.0892145877193382,0.046619709247297206
2026-02-05,478,1.33099142580781,1.2467703326858965,0.08422109312191324
2026-02-06,480,1.1630144529936866,1.1424119454948487,0.020602507498837925
2026-02-09,483,1.45495414046181,1.4368267042518401,0.018127436209970142
2026-02-10,464,1.3149108689565943,1.3016330881620166,0.013277780794577658
2026-02-11,452,0.9892993362739402,0.9907381054483438,-0.0014387691744036121
2026-02-12,449,0.9336841535493047,0.8856761886699147,0.04800796487939
2026-02-13,467,0.8004347338444034,0.7907060609654666,0.009728672878936764
2026-02-17,477,0.8119913702008976,0.7817026690712429,0.030288701129654753
2026-02-18,475,0.9931427212824079,0.9594240742106345,0.033718647071773356
2026-02-19,476,0.83003781093683,0.8176430221471869,0.012394788789643195
2026-02-20,477,0.8019455456691704,0.7909837882685123,0.010961757400658094
2026-02-23,483,0.9927448715960052,0.9435072597731878,0.049237611822817516
2026-02-24,469,0.9399254353495204,0.9047487013028193,0.03517673404670119
2026-02-25,458,1.0369212742336174,0.9976438253683299,0.039277448865287556
2026-02-26,456,1.0810067617858952,1.0285176552069952,0.05248910657890013
2026-02-27,467,0.9167842247356617,0.890939784231902,0.025844440503759586
2026-03-02,477,1.17533671840627,1.1410686778081274,0.03426804059814257
2026-03-03,460,1.150300091827109,1.121336196270334,0.028963895556774987
2026-03-04,456,0.9659360719414256,0.9643929002203788,0.0015431717210466877
2026-03-05,450,0.8861668226660928,0.8834345549595498,0.0027322677065431053
2026-03-06,463,0.9952263221031714,0.9627260698589433,0.032500252244228096
2026-03-09,473,1.2629190465324056,1.2336495484938341,0.029269498038571453
2026-03-10,465,1.0566903775801988,1.0381443589063488,0.018546018673849873
2026-03-11,458,0.7264284684720235,0.7381864594984306,-0.01175799102640717
2026-03-12,451,0.7368146920129158,0.7075100062762556,0.029304685736660212
2026-03-13,472,0.7075466986901527,0.7001706716367687,0.007376027053384044
2026-03-16,483,0.8148754370772848,0.8141611490080141,0.0007142880692707475
2026-03-17,488,1.0773712693884685,1.0992089824546487,-0.02183771306618008
2026-03-18,487,0.6935485656300967,0.7035179872284844,-0.009969421598387661
2026-03-19,488,0.8200092092428282,0.809438011428717,0.010571197814111257
2026-03-20,489,1.0281815574956783,0.9694256432795552,0.05875591421612336
2026-03-23,490,0.7958341181596628,0.7661915224472938,0.029642595712368918
2026-03-24,488,0.9613253184024431,0.919551728904739,0.041773589497704045
2026-03-25,489,1.294631214779989,1.207329607477108,0.08730160730288114
2026-03-26,467,0.5640795709970622,0.5832979559120076,-0.01921838491494549
2026-03-27,466,1.039026645410706,0.9934387197100892,0.045587925700616594
2026-03-30,458,1.2706072858080542,1.1661305952769072,0.10447669053114705
2026-03-31,477,0.7506092854366954,0.7281244302381011,0.022484855198594257
2026-04-01,480,0.6764598885220512,0.6750872165584378,0.0013726719636133874
2026-04-02,490,1.1101475582639073,1.0248937774934153,0.08525378077049199
2026-04-06,488,1.3036058720731094,1.207410939537009,0.09619493253610038
2026-04-07,485,1.3835192659345446,1.2744683952824793,0.10905087065206527
2026-04-08,484,0.7479425855000847,0.7279043916191854,0.020038193880899294
2026-04-09,488,0.8380157487822,0.7957635639258316,0.042252184856368405
2026-04-10,489,1.1666274608792242,1.0984595071380021,0.0681679537412219
2026-04-13,488,0.8525327732357595,0.8109639117568205,0.04156886147893896
2026-04-14,486,0.878147128346156,0.8318687922494715,0.046278336096684566
2026-04-15,487,0.8805542414499242,0.8458736499688216,0.03468059148110261
2026-04-16,488,0.8223699000185827,0.8131076479983903,0.009262252020192284
2026-04-17,488,0.925072993688054,0.9061231053955002,0.018949888292553743
2026-04-20,491,1.1186799604451145,1.070126630724171,0.04855332972094357
2026-04-21,491,1.073846094065009,1.041370199666681,0.03247589439832802
2026-04-22,494,0.9313652051351208,0.9134173262177466,0.017947878917374142
2026-04-23,494,0.8402380462826029,0.8427615635013898,-0.002523517218786921
2026-04-24,493,1.046765103214247,1.0192357026059822,0.027529400608264958
2026-04-27,487,1.016916327539929,1.010774626669476,0.006141700870453133
2026-04-28,482,1.0303199422774458,0.9927183115668595,0.037601630710586406
2026-04-29,477,0.9570257090444736,0.9167844159326731,0.040241293111800525
2026-04-30,480,0.9647663243075321,0.9373362941255206,0.027430030182011386
2026-05-01,485,1.1862979618015408,1.1157503156127566,0.07054764618878419
2026-05-04,490,1.2385989800485342,1.1720961648474217,0.06650281520111266
2026-05-05,480,1.3577666471619907,1.300259845283638,0.057506801878352595
2026-05-06,475,1.1749229687379081,1.129089790544406,0.04583317819350236
2026-05-07,473,1.045560058114365,0.9934452617016447,0.0521147964127201
2026-05-08,480,1.0723536939077587,1.0233946641752787,0.04895902973248002
2026-05-11,479,0.8062619201712451,0.8016803138819282,0.004581606289316914
2026-05-12,457,0.8905165993642531,0.8833382071475812,0.007178392216671959
2026-05-13,452,1.0428702502717606,0.9912771190890646,0.051593131182696046
2026-05-14,455,1.1256849256941095,1.0541217408507555,0.07156318484335389
2026-05-15,475,0.8237066838672809,0.8145033099838431,0.00920337388343773
2026-05-18,481,0.8435201389992214,0.8109084587852926,0.03261168021392885
2026-05-19,465,1.169085317236607,1.0858484815410965,0.08323683569551046
2026-05-20,467,1.0487089790321882,0.9749741329733286,0.07373484605885966
2026-05-21,469,0.9909757036342717,0.934331758723196,0.056643944911075626
2026-05-22,486,1.085369628544187,1.028632527426626,0.05673710111756101
2026-05-26,473,1.2752355079907118,1.2165546402471816,0.0586808677435304
2026-05-27,456,1.571659726252335,1.5179989657793893,0.05366076047294575
2026-05-28,456,1.260007456289453,1.196640389921155,0.06336706636829775
2026-05-29,468,1.0949470487537305,1.0302124854698675,0.06473456328386284
2026-06-01,482,1.0799092716694834,1.0344720315190965,0.04543724015038691
2026-06-02,466,1.1949004927021767,1.1338086877368057,0.06109180496537105
2026-06-03,465,0.9367878627429597,0.8991602502447733,0.03762761249818642
2026-06-04,466,1.064798519257809,1.0016118670234297,0.06318665223437933
2026-06-05,478,0.8640305557945345,0.8383145376784624,0.025716018116072027
2026-06-08,481,0.9372301509222724,0.9089444324443392,0.028285718477933177
2026-06-09,475,0.8458258827664955,0.8132709830440361,0.03255489972245937
2026-06-10,453,1.5263392391839883,1.3657148965337116,0.16062434265027656
2026-06-11,449,0.8810532433000119,0.860294383347111,0.02075885995290095
2026-06-12,458,1.0740775309933632,1.050908895282398,0.023168635710965373
2026-06-15,483,0.9346757397298521,0.9206714292521415,0.014004310477710582
2026-06-16,485,1.2025661782359207,1.138094553407221,0.06447162482869945
2026-06-17,485,0.7677378169650237,0.7738596440054879,-0.0061218270404641405
2026-06-18,486,0.9780919555292373,0.9525300463311593,0.025561909198078058
2026-06-22,487,1.1663365606699794,1.130347371273142,0.03598918939683741
2026-06-23,485,1.2363614682108834,1.18879916390057,0.04756230431031353
2026-06-24,485,1.03355499017275,0.9886959827429553,0.04485900742979475
2026-06-25,467,1.0099870375425497,0.9617754915046085,0.048211546037941276
2026-06-26,464,1.0073331870478421,0.9816405005257023,0.025692686522139706
2026-06-29,460,1.3153275767530268,1.2359736651429416,0.07935391161008519
2026-06-30,475,1.336148031023745,1.2595736971326696,0.07657433389107549
2026-07-01,480,1.076783255440625,1.0380106976884365,0.03877255775218855
2026-07-02,485,0.9048751762917316,0.8976658980489571,0.007209278242774609
2026-07-06,488,0.7654356150818183,0.7720173504417653,-0.006581735359947001
2026-07-07,483,0.7720471148923509,0.7551833200388485,0.016863794853502315
2026-07-08,484,0.6796256220731721,0.6884857949371856,-0.008860172864013617
2026-07-09,488,0.6955695919309494,0.7035288589264131,-0.007959266995463796
2026-07-10,491,0.8212106386485414,0.8177861216142122,0.0034245170343292224
2026-07-13,492,0.9109590032514716,0.8982283779509291,0.012730625300542418
2026-07-14,488,1.010844746248282,0.9611172460541962,0.049727500194085617
2026-07-15,488,0.8566776210885096,0.8270166038347709,0.029661017253738733
2026-07-16,486,0.9707685996402314,0.9463017073593537,0.02446689228087774
2026-07-17,488,0.9275652133320286,0.8697513887534849,0.05781382457854369
2026-07-20,491,1.1100151681882198,1.0503297526948794,0.059685415493340666
2026-07-21,488,1.0091297514511957,0.973528472133115,0.035601279318080624
2026-07-22,489,1.2072933069462937,1.143086687847392,0.06420661909890175
2026-07-23,489,2.0556822670342214,1.9213914904332838,0.13429077660093772
2026-07-24,493,1.7911653471025468,1.6745459138031036,0.11661943329944328
2026-07-27,492,1.0196868256074814,1.01031388406122,0.009372941546261487
2026-07-28,484,1.232226366010927,1.187443383750326,0.0447829822606009
2026-07-29,477,1.4989495574318465,1.3968962890104433,0.10205326842140318
2026-07-30,477,1.4095965618311586,1.284928806710588,0.12466775512057071
2026-07-31,485,1.3050608458911896,1.187912802240593,0.1171480436505967
2026-08-03,492,0.9722482559749381,0.9414800685514986,0.030768187423439588
2026-08-04,485,0.8650984482078632,0.8511030495071606,0.01399539870070269
2026-08-05,480,0.9301950709970143,0.9092546341540199,0.020940436842994483
2026-08-06,478,0.8149190185952077,0.8067447323743098,0.008174286220897886
2026-08-07,480,0.7976756978830614,0.7851857075481162,0.012489990334945163
2026-08-10,480,0.8288638257183832,0.788583591252718,0.04028023446566532
2026-08-11,458,0.806163018603404,0.767997587785118,0.038165430818286106
2026-08-12,455,0.7020139652993055,0.693330939371065,0.008683025928240584
2026-08-13,455,0.7657652964018882,0.7589343386988526,0.006830957703035361
2026-08-14,469,1.139447532539647,1.089114879103464,0.05033265343618297
2026-08-17,473,1.3144247560793931,1.2337227510067659,0.08070200507262724
2026-08-18,471,1.1477507152731803,1.1193398374924832,0.028410877780697168
2026-08-19,475,0.7439008202799845,0.7452413644764077,-0.001340544196423163
