origin_trading_day,rows,baseline_loss,candidate_loss,loss_delta_baseline_minus_candidate
2020-05-06,451,1.3200580659782182,1.3108938726506554,0.009164193327562886
2020-05-07,461,1.026780781250977,1.075887913240197,-0.04910713198921996
2020-05-08,465,1.8942372721944416,1.9406690573885992,-0.046431785194157714
2020-05-11,451,1.305755449358539,1.355382705356322,-0.049627255997783115
2020-05-12,443,0.9237788768148213,0.9726707626573465,-0.048891885842525275
2020-05-13,447,2.1124679889779165,2.021229114327097,0.09123887465081928
2020-05-14,454,1.3842077515929625,1.3681785642521986,0.016029187340764035
2020-05-15,459,1.8971622107375734,1.8231956452298488,0.07396656550772476
2020-05-18,453,0.9053480218875531,0.9518286397933127,-0.046480617905759525
2020-05-19,455,0.9029566307973784,0.9433414142831642,-0.0403847834857858
2020-05-20,456,1.216226359537377,1.225811945875416,-0.009585586338039045
2020-05-21,460,1.7814504073802577,1.7266087205315612,0.05484168684869678
2020-05-22,454,1.5024973691512211,1.476149099598161,0.026348269553060154
2020-05-26,444,1.11929657570465,1.1326529809000605,-0.013356405195410525
2020-05-27,443,1.0111229369024433,1.0422041726106324,-0.031081235708189093
2020-05-28,452,0.9597687061980993,0.9843853279612319,-0.024616621763132545
2020-05-29,464,1.5350873054360032,1.500926089094999,0.034161216341004275
2020-06-01,456,1.5061875451326783,1.4791391720295577,0.02704837310312058
2020-06-02,459,2.122641427636172,2.0167811754391294,0.10586025219704277
2020-06-03,461,1.8855963389296513,1.8097291353230993,0.07586720360655196
2020-06-04,465,1.0993619899051434,1.100125683591314,-0.0007636936861706805
2020-06-05,466,1.0222732263681866,1.0778633943254334,-0.05559016795724668
2020-06-08,453,3.2037694888506323,3.1525701030241042,0.0511993858265276
2020-06-09,439,1.9319252929102095,1.9609982385788403,-0.029072945668630615
2020-06-10,433,1.219928348279282,1.2592416124000572,-0.03931326412077535
2020-06-11,446,1.4707983412267187,1.443455751195393,0.027342590031325813
2020-06-12,469,0.9581214747912492,0.9830547116580506,-0.02493323686680128
2020-06-15,474,0.8028585408912406,0.840682481983168,-0.037823941091927354
2020-06-16,471,0.9532279819119669,1.001418330675898,-0.04819034876393111
2020-06-17,470,0.8202704483630837,0.8647312232575293,-0.04446077489444566
2020-06-18,471,0.7980961355993713,0.8382656139186634,-0.04016947831929209
2020-06-19,476,1.042491878196975,1.0811762606645718,-0.03868438246759678
2020-06-22,474,0.9225311724409566,0.9584560575006869,-0.0359248850597303
2020-06-23,472,1.3546578966137215,1.3797781985808115,-0.025120301967089993
2020-06-24,454,0.747156419771046,0.7833572150942539,-0.03620079532320784
2020-06-25,448,0.7632839525076257,0.796064638541066,-0.032780686033440344
2020-06-26,447,1.0722572041030827,1.0799288158912452,-0.007671611788162572
2020-06-29,460,0.9054481878669172,0.9266958737349551,-0.021247685868037988
2020-06-30,466,0.8746293759902984,0.8982638910616041,-0.023634515071305786
2020-07-01,468,0.8376145554103056,0.8673003724831733,-0.029685817072867625
2020-07-02,473,0.8745137890681154,0.9001414838520722,-0.02562769478395672
2020-07-06,467,1.141269493337649,1.1664774982869865,-0.025208004949337542
2020-07-07,467,0.7221394935841093,0.7566128043067537,-0.03447331072264428
2020-07-08,468,0.7616856195770565,0.7903743274432673,-0.028688707866210732
2020-07-09,472,1.1013323087217084,1.1110840988160464,-0.009751790094337891
2020-07-10,472,1.2294753876163054,1.2091240154602185,0.02035137215608715
2020-07-13,468,1.1742518170869845,1.164454731497249,0.00979708558973547
2020-07-14,469,0.8873086233543619,0.9031590961623737,-0.015850472808011804
2020-07-15,471,0.7834234776701048,0.8190821909169526,-0.035658713246847794
2020-07-16,473,0.6923007702714542,0.7276076715984665,-0.035306901327012315
2020-07-17,475,0.7350385329634822,0.7704551946340245,-0.035416661670542325
2020-07-20,471,0.8920146450886804,0.9125099285633307,-0.0204952834746502
2020-07-21,471,0.7579742969206008,0.790146163514477,-0.03217186659387623
2020-07-22,472,0.7253877389485387,0.7566089484423341,-0.03122120949379526
2020-07-23,473,0.6912962031096652,0.7201155759969282,-0.02881937288726304
2020-07-24,475,0.7998732608708272,0.8231252016871076,-0.02325194081628038
2020-07-27,467,0.8290520922174723,0.8469193715173957,-0.017867279299923523
2020-07-28,457,0.8984570407995137,0.9229390415061487,-0.024482000706635004
2020-07-29,455,0.8710954737153284,0.8928577610211859,-0.021762287305857345
2020-07-30,463,0.7798942061996619,0.8053507309304111,-0.02545652473074915
2020-07-31,476,0.9102203697574396,0.9126080372816127,-0.0023876675241730383
2020-08-03,470,0.9193465403146658,0.926152897523327,-0.006806357208661281
2020-08-04,462,0.9660905631957143,0.9685956648614827,-0.002505101665768405
2020-08-05,459,1.091380393117684,1.090734156755174,0.0006462363625098343
2020-08-06,464,1.156351514080422,1.143231234144823,0.01312027993559891
2020-08-07,470,0.8148570294679568,0.8312112099324052,-0.016354180464448313
2020-08-10,448,0.6463497123630083,0.6797358508033879,-0.03338613844037971
2020-08-11,443,0.6298912967330831,0.6666388606405093,-0.03674756390742619
2020-08-12,442,0.6379896573136837,0.6660245712747889,-0.028034913961105166
2020-08-13,458,0.6104361848523552,0.6412900962475383,-0.030853911395183172
2020-08-14,459,0.6638687710113425,0.6911463752024544,-0.027277604191111856
2020-08-17,457,0.7185587545089512,0.7357696331240674,-0.017210878615116186
2020-08-18,461,0.6688719846801032,0.689240582741826,-0.02036859806172265
2020-08-19,462,0.6366638710553062,0.6645011808343367,-0.027837309779030532
2020-08-20,466,0.6222407622518434,0.6534373797650156,-0.031196617513172063
2020-08-21,469,0.7026906849312692,0.7297747220380773,-0.02708403710680805
2020-08-24,466,0.6674798278826689,0.6942077337432698,-0.026727905860600865
2020-08-25,457,0.729305630428255,0.7523155247703763,-0.02300989434212139
2020-08-26,442,0.6327842801348075,0.6579602679240607,-0.02517598778925329
2020-08-27,443,0.6346941443089128,0.6623166242893123,-0.02762247998039947
2020-08-28,448,0.7458458400063886,0.7676271108014004,-0.021781270795012
2020-08-31,451,0.6594957649143631,0.6785742614960987,-0.01907849658173557
2020-09-01,459,0.9636386548465313,0.9504831991144135,0.0131554557321178
2020-09-02,458,1.9386836412698,1.8302276984765316,0.10845594279326826
2020-09-03,464,0.7264413161775749,0.7408027442767783,-0.014361428099203285
2020-09-04,458,0.9504056920406245,0.9381329498531323,0.01227274218749206
2020-09-08,462,0.6752915230246562,0.7010387454222268,-0.02574722239757059
2020-09-09,443,0.6862051902742867,0.7084336061328489,-0.0222284158585622
2020-09-10,442,0.8639507870998672,0.8827860251209289,-0.018835238021061712
2020-09-11,441,0.9106819014852201,0.9183832114811379,-0.007701309995917836
2020-09-14,466,0.6478793251924061,0.6687688321098825,-0.02088950691747634
2020-09-15,470,0.8021360633769176,0.8075523570068949,-0.005416293629977257
2020-09-16,472,1.3296754521676517,1.2784227505189387,0.051252701648712935
2020-09-17,473,1.1574753107285491,1.135978728569238,0.021496582159311158
2020-09-18,475,1.4169216973615777,1.3554645299479615,0.061457167413616044
2020-09-21,474,0.7688882259060861,0.7774031138748957,-0.008514887968809705
2020-09-22,471,0.6258126845722053,0.6465937639405264,-0.02078107936832103
2020-09-23,473,1.0065130745844042,1.0311197285924558,-0.02460665400805158
2020-09-24,456,0.8610835841849204,0.886815428254015,-0.02573184406909462
2020-09-25,451,0.720638832369434,0.7517365315250584,-0.03109769915562434
2020-09-28,445,0.7198316103493823,0.737164850995598,-0.017333240646215744
2020-09-29,462,0.7417574797091733,0.7656890718918131,-0.023931592182639804
2020-09-30,466,0.8708653523895032,0.8962726753294827,-0.025407322939979486
2020-10-01,470,0.759869775269352,0.7829647308662966,-0.02309495559694472
2020-10-02,472,0.887240912697826,0.9134542435364874,-0.02621333083866136
2020-10-05,463,0.7695422931302897,0.8016300920909336,-0.032087798960644016
2020-10-06,463,1.033536908988162,1.0596803374087944,-0.026143428420632428
2020-10-07,464,0.8355327375029091,0.8673967455497013,-0.031864008046792146
2020-10-08,478,0.7759659968329417,0.7966960855133046,-0.02073008868036302
2020-10-09,476,0.6536705003018677,0.6766747736698195,-0.023004273367951873
2020-10-12,471,0.6856470759318161,0.7032144060746468,-0.01756733014283077
2020-10-13,469,0.626424473687093,0.6533485081481014,-0.026924034461008432
2020-10-14,473,0.7034371508445119,0.7194664311935662,-0.016029280349054348
2020-10-15,476,0.6545611601145955,0.6711152049729259,-0.016554044858330317
2020-10-16,476,0.7194572455145174,0.7310524531182837,-0.011595207603766313
2020-10-19,472,0.8720371068265539,0.8868097789164419,-0.014772672089887928
2020-10-20,473,0.757369673680169,0.7791812617416043,-0.021811588061435308
2020-10-21,474,0.7172114376738143,0.7284792161550736,-0.011267778481259276
2020-10-22,475,1.0881535138347491,1.0560471148480033,0.03210639898674571
2020-10-23,476,2.2628120890594388,2.0805829277586256,0.18222916130081296
2020-10-26,468,1.2297179670546035,1.1871337928824792,0.04258417417212424
2020-10-27,460,1.0902676723077263,1.0684594036651354,0.021808268642591132
2020-10-28,459,1.2219290803375655,1.229358850419619,-0.007429770082053217
2020-10-29,466,1.4143134966126563,1.4201647553871344,-0.005851258774478063
2020-10-30,476,1.697195910789128,1.697140228034049,5.568275507907997e-05
2020-11-02,466,1.7807621394824191,1.7752009298492457,0.005561209633173443
2020-11-03,461,1.4643719800759527,1.4704840422924104,-0.006112062216457589
2020-11-04,453,2.746728734814531,2.7264072893967244,0.02032144541780695
2020-11-05,457,2.346341430194619,2.3287924921939545,0.017548938000664895
2020-11-06,464,2.0763372349257696,2.0690675343009834,0.00726970062478596
2020-11-09,455,0.8900851463515198,0.9062609828319914,-0.01617583648047156
2020-11-10,450,0.8112551100684037,0.8227879465797635,-0.011532836511359806
2020-11-11,448,0.9718138664931881,0.9854319467040894,-0.013618080210901337
2020-11-12,457,1.2288510496456584,1.243340693758219,-0.01448964411256029
2020-11-13,462,0.8796395577247605,0.8769658785366962,0.0026736791880644143
2020-11-16,454,0.9163020619582062,0.9085175476529073,0.007784514305298863
2020-11-17,460,0.8402623880462617,0.8405144027392729,-0.0002520146930112676
2020-11-18,462,0.8817310515558268,0.8875061787742349,-0.0057751272184082434
2020-11-19,467,1.148361527415693,1.1601293364422625,-0.011767809026569343
2020-11-20,466,1.1089664009078584,1.1200574998302262,-0.011091098922367941
2020-11-23,458,0.8013442798622205,0.8101368008856291,-0.008792521023408688
2020-11-24,448,0.9641440365079637,0.9682403647619992,-0.004096328254035522
2020-11-25,441,0.8119098054774335,0.8213520793650169,-0.00944227388758349
2020-11-27,449,0.7573932709113004,0.7722526813404517,-0.014859410429151237
2020-11-30,447,0.8858899215642227,0.8984154615158617,-0.012525539951638853
2020-12-01,454,0.9759743085707585,0.9877437829838361,-0.011769474413077644
2020-12-02,459,0.8152703329544799,0.8285957321947913,-0.013325399240311309
2020-12-03,471,0.7634726175857416,0.7807774380490453,-0.01730482046330373
2020-12-04,468,0.684184312110469,0.7019675904925939,-0.017783278382124987
2020-12-07,459,0.7208450114012461,0.7355816425065633,-0.014736631105317121
2020-12-08,459,0.66153436049946,0.6827081102504821,-0.02117374975102197
2020-12-09,444,0.7158694740938134,0.7325441602032944,-0.016674686109480943
2020-12-10,446,0.6172199676341511,0.6502158947544103,-0.03299592712025921
2020-12-11,449,0.6527677855243157,0.6819069647577176,-0.02913917923340189
2020-12-14,465,0.7832907993194426,0.8031912410759996,-0.019900441756557065
2020-12-15,465,0.7048224289909324,0.7286854395043284,-0.023863010513395986
2020-12-16,465,0.6537383384710472,0.6768327936713651,-0.023094455200317863
2020-12-17,466,0.75753779397097,0.7711133223525537,-0.013575528381583706
2020-12-18,472,0.6129906450378785,0.6362534886797622,-0.023262843641883718
2020-12-21,467,0.4757395878947628,0.5183456338920774,-0.04260604599731462
2020-12-22,472,0.5824475774741983,0.6126866522283646,-0.03023907475416629
2020-12-23,473,0.5006012432669493,0.5382010656748251,-0.03759982240787565
2020-12-24,462,0.4895851564465048,0.5249260302437068,-0.03534087379720199
2020-12-28,451,0.4822341791303147,0.5173917422804281,-0.035157563150113404
2020-12-29,446,0.5669609757465303,0.5931978546891982,-0.02623687894266802
2020-12-30,462,0.6246097124088617,0.6433093322709548,-0.01869961986209316
2020-12-31,472,1.2041410045258802,1.169632489294607,0.0345085152312732
2021-01-04,465,1.6756531464605033,1.6225070466175144,0.05314609984298912
2021-01-05,463,1.303886525620305,1.2757868581458558,0.028099667474449003
2021-01-06,464,0.7986939218153593,0.8122140421135338,-0.013520120298174468
2021-01-07,476,0.7372205766593719,0.7490780454134809,-0.011857468754108973
2021-01-08,478,0.7332676395889169,0.743557744879111,-0.010290105290193963
2021-01-11,473,0.8925156884267699,0.8927808324929509,-0.00026514406618101
2021-01-12,471,0.7910664222789852,0.8019832302504063,-0.010916807971421204
2021-01-13,468,0.7184038841013267,0.7362550287168127,-0.01785114461548593
2021-01-14,473,0.7450470047844505,0.7642944551851096,-0.019247450400659005
2021-01-15,468,0.7619942311494924,0.7860668984621277,-0.024072667312635295
2021-01-19,472,0.7245169060918142,0.7440607608011145,-0.019543854709300285
2021-01-20,472,0.7949722924637416,0.8041673046636868,-0.009195012199945148
2021-01-21,478,0.9045006669141511,0.9064926001869585,-0.0019919332728074407
2021-01-22,479,1.5638360349867477,1.5009308195887343,0.06290521539801333
2021-01-25,473,0.8861071110651242,0.8829674465635613,0.003139664501562828
2021-01-26,461,1.132347884602427,1.1051513218140845,0.02719656278834263
2021-01-27,460,0.9523258834851648,0.9647619177863443,-0.01243603430117951
2021-01-28,464,0.8074123578893654,0.8297697291258996,-0.022357371236534286
2021-01-29,477,1.081660205116458,1.0924528930854558,-0.010792687968997692
2021-02-01,468,1.1530333953820915,1.1552864211928275,-0.002253025810735843
2021-02-02,466,0.9624670655141273,0.9751445122938665,-0.012677446779739213
2021-02-03,461,1.1068237545874668,1.1186953705809242,-0.011871615993457495
2021-02-04,465,0.7849052553823174,0.810113005665679,-0.0252077502833616
2021-02-05,466,0.7306619878066324,0.7533965127566878,-0.02273452495005547
2021-02-08,451,0.7338609902504272,0.7597204938359187,-0.025859503585491387
2021-02-09,449,0.7979785477014022,0.8192137337044643,-0.02123518600306199
2021-02-10,444,0.833311377536108,0.8458484645264666,-0.012537086990358663
2021-02-11,458,0.7667806428973415,0.774521125732694,-0.007740482835352586
2021-02-12,458,0.7769390930607483,0.7848878217511204,-0.007948728690372041
2021-02-16,455,0.6833044769328623,0.7028958633852338,-0.01959138645237158
2021-02-17,458,0.9046799228731496,0.911835812153957,-0.007155889280807548
2021-02-18,461,1.1016427925122965,1.0998114775696175,0.0018313149426789296
2021-02-19,469,1.1665290116147498,1.1640028977327574,0.0025261138819923164
2021-02-22,456,0.7984456549673664,0.8061744561724452,-0.007728801205078828
2021-02-23,444,0.8528372834776795,0.8501439379215088,0.002693345556170735
2021-02-24,444,0.7265714882380556,0.737094900675727,-0.010523412437671511
2021-02-25,457,0.7446020614389202,0.7639802845609718,-0.019378223122051636
2021-02-26,468,0.8535280519531001,0.8686871951851419,-0.015159143232041929
2021-03-01,459,1.258771029800524,1.237347020839365,0.02142400896115878
2021-03-02,453,0.9942308637427413,0.9971017558820826,-0.002870892139341256
2021-03-03,457,1.1501357819235831,1.1535713460422343,-0.003435564118651211
2021-03-04,451,1.0345190709139942,1.0574274516198119,-0.022908380705817497
2021-03-05,459,0.8161357993413496,0.8386109140998865,-0.02247511475853697
2021-03-08,448,1.0356416533582686,1.052954188181832,-0.01731253482356337
2021-03-09,442,0.8685040695840994,0.8884504843657323,-0.01994641478163275
2021-03-10,435,0.8804973970680442,0.9033489307260172,-0.02285153365797311
2021-03-11,438,0.7039042335325276,0.7269130991082761,-0.023008865575748372
2021-03-12,460,0.6923956194404551,0.7184958199505197,-0.02610020051006451
2021-03-15,464,0.8041982346504782,0.8165108184616343,-0.012312583811156016
2021-03-16,471,0.7371901063562996,0.7537218961983935,-0.01653178984209381
2021-03-17,472,0.7864682247040021,0.7981220249328956,-0.01165380022889346
2021-03-18,475,0.9016519301807158,0.9077354585198095,-0.006083528339093843
2021-03-19,477,0.8374840742764528,0.8517132542829461,-0.014229180006493338
2021-03-22,474,0.7267403315868042,0.7483623118660676,-0.021621980279263358
2021-03-23,473,1.1459661402579446,1.163957815160053,-0.017991674902108255
2021-03-24,476,0.9432325695035766,0.9734959753110772,-0.030263405807500796
2021-03-25,461,0.6541660982498476,0.691666328257368,-0.03750023000752041
2021-03-26,452,0.5636700128543,0.5882254101824662,-0.02455539732816627
2021-03-29,449,0.7382341680431652,0.7623206760350437,-0.024086507991878683
2021-03-30,462,0.8279410575537447,0.8580097937069853,-0.030068736153240582
2021-03-31,469,0.7489129036095806,0.7768856548864591,-0.02797275127687843
2021-04-01,471,0.5401409202813029,0.5742698841576026,-0.03412896387629972
2021-04-05,466,0.5218523914121223,0.5522456874629007,-0.03039329605077848
2021-04-06,467,0.5215873205549811,0.5547174340344448,-0.033130113479463645
2021-04-07,467,0.5708447629539815,0.6025388696714598,-0.0316941067174783
2021-04-08,478,0.5262127433791276,0.5599311408707611,-0.03371839749163349
2021-04-09,476,0.49462298917588393,0.5289550421999399,-0.034332053024055974
2021-04-12,473,0.5600796883405541,0.5893108085234533,-0.029231120182899247
2021-04-13,473,0.5950973998814588,0.6262817534598565,-0.031184353578397637
2021-04-14,478,0.5691479747623613,0.6009015510940368,-0.03175357633167532
2021-04-15,476,0.6791273478486071,0.6911469627828222,-0.012019614934215158
2021-04-16,475,0.5461267691755224,0.5739420921417019,-0.027815322966179532
2021-04-19,471,0.5869854701440136,0.6066253362906526,-0.019639866146639012
2021-04-20,474,0.7315123652647609,0.7490243342068654,-0.017511968942104546
2021-04-21,475,0.6083952497350293,0.628529395938947,-0.020134146203917652
2021-04-22,478,0.7220023673405416,0.7321488101450742,-0.010146442804532616
2021-04-23,480,0.6641139270508186,0.6707643970942807,-0.006650470043462111
2021-04-26,472,0.6999931400668861,0.7127872945270041,-0.012794154460117993
2021-04-27,462,0.6727340006362861,0.6807611186199861,-0.008027117983700042
2021-04-28,462,0.7403158474156052,0.7471120251844445,-0.006796177768839363
2021-04-29,470,0.8129661829076307,0.8080730283526614,0.004893154554969374
2021-04-30,480,0.9020504935331316,0.892437629326855,0.009612864206276524
2021-05-03,471,0.87117234987362,0.8673473758906227,0.003824973982997468
2021-05-04,461,0.8344514314946516,0.8376868645945695,-0.003235433099917851
2021-05-05,457,0.7598024619008228,0.7702230190313238,-0.010420557130501032
2021-05-06,464,0.6037358552077023,0.6190727507461029,-0.015336895538400522
2021-05-07,469,1.3810678845020212,1.2927228753193198,0.08834500918270141
2021-05-10,455,0.7975531279288659,0.7813473849538166,0.016205742975049366
2021-05-11,448,0.520828406210214,0.5498749051913525,-0.029046498981138587
2021-05-12,452,0.8803101802511157,0.8988160244232436,-0.01850584417212788
2021-05-13,463,0.5993716625388228,0.622327120769873,-0.022955458231050264
2021-05-14,466,0.6660873715440876,0.674743645834819,-0.008656274290731479
2021-05-17,457,0.711999765669959,0.7233410333899934,-0.011341267720034362
2021-05-18,459,0.5910846376497232,0.6179260784532901,-0.026841440803566922
2021-05-19,460,0.634066584826102,0.6642442991222681,-0.03017771429616607
2021-05-20,465,0.4967129602147476,0.5281004693541771,-0.031387509139429566
2021-05-21,468,0.5408724823037114,0.5673924519973189,-0.026519969693607575
2021-05-24,454,0.5641201390579763,0.5887513177988041,-0.024631178740827746
2021-05-25,441,0.5393722926927624,0.5688121191040243,-0.029439826411261798
2021-05-26,438,0.62501173425428,0.6457094188234299,-0.020697684569149954
2021-05-27,452,0.5945242279922364,0.6157465946511572,-0.021222366658920775
2021-05-28,455,0.6478456031695065,0.663011291541473,-0.015165688371966586
2021-06-01,460,0.5791756856655608,0.6052477415469926,-0.026072055881431768
2021-06-02,460,0.5708915071747116,0.5974473159213528,-0.0265558087466411
2021-06-03,470,0.5792677694661729,0.6045877213602575,-0.025319951894084574
2021-06-04,464,0.6091187291040387,0.6209373509966822,-0.011818621892643443
2021-06-07,460,0.624901293098503,0.6402154273895079,-0.015314134291004963
2021-06-08,462,0.5636614972676144,0.5870920418128703,-0.023430544545256
2021-06-09,445,0.5892724437698462,0.6108741912275267,-0.02160174745768059
2021-06-10,447,0.4622442492196763,0.4888044430917,-0.026560193872023775
2021-06-11,447,0.5565462668322696,0.5609712662317882,-0.0044249993995185335
2021-06-14,468,0.7455718076462545,0.7181293432721658,0.027442464374088666
2021-06-15,473,1.3170118210773987,1.1927191875528542,0.12429263352454442
2021-06-16,473,0.6411823566391194,0.6280655610351292,0.013116795603990164
2021-06-17,476,0.47362720005069214,0.49504754351544245,-0.021420343464750257
2021-06-18,477,0.6392675227078026,0.6597612834122237,-0.020493760704421177
2021-06-21,473,0.5365108415306589,0.5586241392154941,-0.02211329768483531
2021-06-22,469,0.5632530670754421,0.5882928477266555,-0.02503978065121346
2021-06-23,470,0.6006802038219953,0.622378164287751,-0.02169796046575574
2021-06-24,459,0.5596556435822567,0.5783830487913425,-0.018727405209085737
2021-06-25,454,0.5180317129049486,0.5340213911956277,-0.015989678290679103
2021-06-28,447,0.4374805967656205,0.46751828089195835,-0.030037684126337855
2021-06-29,459,0.4658610900790298,0.49776549798517894,-0.03190440790614917
2021-06-30,464,0.5603500290385152,0.5776385965202846,-0.017288567481769483
2021-07-01,471,0.6678132286445873,0.6747981751570648,-0.006984946512477528
2021-07-02,470,0.7412580140219825,0.7282387964008905,0.013019217621091938
2021-07-06,470,0.4223171190629291,0.4571863289303955,-0.034869209867466416
2021-07-07,471,0.4571800313238894,0.4866656021209603,-0.029485570797070832
2021-07-08,478,0.4789291939850303,0.5088915387721755,-0.029962344787145184
2021-07-09,475,0.5245463015710539,0.5403087507860609,-0.015762449215007013
2021-07-12,472,0.6493261587677391,0.65147329224396,-0.002147133476220913
2021-07-13,471,0.7527900637310738,0.7469850165142586,0.005805047216815161
2021-07-14,477,1.0357777258684848,0.9880053334827138,0.047772392385770863
2021-07-15,475,0.5663827604589132,0.5775226568474174,-0.011139896388504237
2021-07-16,475,0.6387470605114526,0.656674506437216,-0.017927445925763445
2021-07-19,472,0.9628638060919806,0.9681622969301769,-0.005298490838196269
2021-07-20,475,0.6334997156528677,0.6564238456305161,-0.02292412997764846
2021-07-21,473,0.5476866458698115,0.5761594756885996,-0.028472829818788004
2021-07-22,476,0.5629428092675943,0.5892142215722735,-0.02627141230467921
2021-07-23,477,0.5257973118880774,0.5476570632393741,-0.021859751351296624
2021-07-26,470,0.6024997370077054,0.6220320898931111,-0.019532352885405654
2021-07-27,458,0.6647830495372848,0.6802854942933544,-0.015502444756069527
2021-07-28,458,0.6529219536210363,0.6697114243018757,-0.016789470680839347
2021-07-29,468,0.688948807653511,0.7053934718419311,-0.01644466418842016
2021-07-30,480,0.6952929408204688,0.7029897565477486,-0.00769681572727981
2021-08-02,475,0.6772061281096693,0.6920773273301997,-0.014871199220530424
2021-08-03,469,0.6110931334823335,0.6262809854274674,-0.015187851945133828
2021-08-04,460,0.6693057588693855,0.6873611731411832,-0.018055414271797736
2021-08-05,465,0.7141889301746732,0.7247876439760628,-0.010598713801389437
2021-08-06,466,0.6840394878273959,0.6574962651005641,0.02654322272683176
2021-08-09,454,0.6724486834771513,0.6519838250179124,0.020464858459238892
2021-08-10,446,0.5330540311922891,0.5160953228302432,0.016958708362046
2021-08-11,449,0.5750967774226251,0.5772822290001295,-0.002185451577504337
2021-08-12,461,0.6945745385223181,0.7146665769330619,-0.02009203841074362
2021-08-13,464,0.7101099225798815,0.7352829149312474,-0.025172992351366007
2021-08-16,455,0.8190929248846188,0.8502935377477624,-0.03120061286314346
2021-08-17,460,0.5753239503469525,0.5827029975372384,-0.007379047190285906
2021-08-18,462,0.5108336051397173,0.49559789447559355,0.01523571066412385
2021-08-19,471,0.7799491337967501,0.7430757428453456,0.03687339095140448
2021-08-20,472,0.8266354902629802,0.7881804679317125,0.038455022331267755
2021-08-23,471,0.5533400533106041,0.5479567872881247,0.005383266022479373
2021-08-24,468,0.5279347996008804,0.5101680707926332,0.017766728808247284
2021-08-25,462,0.5037072185279684,0.4966779850460773,0.007029233481891128
2021-08-26,444,0.47610846272266444,0.46206156095031137,0.014046901772353102
2021-08-27,446,0.5605232146595149,0.554053822932787,0.006469391726727808
2021-08-30,440,0.5366774562011939,0.5251560969295981,0.011521359271595762
2021-08-31,458,0.4912033967752782,0.4916248474010905,-0.0004214506258123753
2021-09-01,455,0.5320870994310679,0.5325057522316795,-0.0004186528006115619
2021-09-02,466,0.605535073476848,0.6149634143759923,-0.009428340899144436
2021-09-03,455,0.642862633504481,0.6435147151129839,-0.000652081608502983
2021-09-07,458,0.6033201200216658,0.6057676501329495,-0.002447530111283686
2021-09-08,460,0.6775342836233773,0.6763665427866864,0.0011677408366908269
2021-09-09,450,0.6301148023886316,0.6370628851251227,-0.006948082736491052
2021-09-10,445,0.5797880094242308,0.5732562387113712,0.006531770712859601
2021-09-13,444,0.536924693904128,0.5366610200677222,0.00026367383640577826
2021-09-14,468,0.5569942790636371,0.5576727831035565,-0.0006785040399194319
2021-09-15,474,0.9258471398780288,0.9362236808843156,-0.010376541006286892
2021-09-16,475,0.9435952332093356,0.9474220905967489,-0.0038268573874131336
2021-09-17,476,0.5382252335204503,0.5466699635505236,-0.008444730030073339
2021-09-20,472,0.8185467808029143,0.7818949302628736,0.0366518505400407
2021-09-21,472,0.9638229941862333,0.9132972564081956,0.05052573777803769
2021-09-22,471,0.9318048858342901,0.8945244405595855,0.03728044527470478
2021-09-23,476,0.9534610553286077,0.9583416892887984,-0.004880633960190737
2021-09-24,458,0.9010266343583878,0.9069530238236727,-0.005926389465284969
2021-09-27,448,1.0533803433400133,1.0802930369970485,-0.02691269365703527
2021-09-28,447,0.5642146868304865,0.5654912887443645,-0.0012766019138780154
2021-09-29,462,0.7273257466508563,0.7380713147176714,-0.010745568066815217
2021-09-30,471,0.6636883489935635,0.6470338369730891,0.016654512020474414
2021-10-01,472,0.5609463710618913,0.5510843014587363,0.009862069603154965
2021-10-04,466,0.6825298229758162,0.6565547171464559,0.025975105829360273
2021-10-05,468,0.5708164839431303,0.5521825247779555,0.018633959165174723
2021-10-06,469,0.6046802487969958,0.6018762730806374,0.0028039757163582863
2021-10-07,481,0.6300008898112153,0.6377437214448562,-0.0077428316336408684
2021-10-08,480,0.5871617252128757,0.5853467613977565,0.001814963815119011
2021-10-11,471,0.7351099121218024,0.7108599428187232,0.024249969303079294
2021-10-12,470,0.8159089794026454,0.7932567462721987,0.022652233130446772
2021-10-13,473,0.7749204071773772,0.7529512291397159,0.021969178037661314
2021-10-14,481,0.5698834362514006,0.55456177389059,0.015321662360810631
2021-10-15,481,0.6017802596565852,0.585144107503422,0.01663615215316318
2021-10-18,475,0.6792519549315763,0.6606212433567832,0.018630711574793114
2021-10-19,475,0.6551335263991852,0.6378195504823183,0.017313975916866876
2021-10-20,475,0.606851750192362,0.596439772275142,0.010411977917220096
2021-10-21,480,0.5798838582949856,0.5691236758482957,0.010760182446689857
2021-10-22,480,0.7586566421213136,0.7738596110405983,-0.015202968919284703
2021-10-25,472,0.7660970228282706,0.7761496702516854,-0.010052647423414822
2021-10-26,460,0.8253000341023946,0.8308037415718107,-0.005503707469416109
2021-10-27,458,0.8108794356723003,0.7917400796455035,0.019139356026796728
2021-10-28,465,0.7351026150998058,0.7260742178687646,0.009028397231041234
2021-10-29,478,0.8667799695793831,0.8371888676794221,0.02959110189996101
2021-11-01,471,0.853931667747401,0.8393652370445018,0.014566430702899225
2021-11-02,469,0.9508443904417977,0.9204821633711049,0.03036222707069273
2021-11-03,467,0.8291344261403277,0.8020046091648081,0.027129816975519666
2021-11-04,467,0.7255911908065235,0.70315344365766,0.022437747148863478
2021-11-05,452,0.6238868274597426,0.6300131389142282,-0.006126311454485488
2021-11-08,454,0.6167205157802395,0.6138570106217227,0.002863505158516705
2021-11-09,448,0.592391487206642,0.580056892505891,0.012334594700751097
2021-11-10,461,0.6043025189030685,0.5803314008325703,0.02397111807049826
2021-11-11,454,0.642722316558697,0.6248712976756665,0.01785101888303048
2021-11-12,464,0.5888868483033611,0.5798165904094792,0.009070257893881882
2021-11-15,455,0.6781966158703099,0.6807272769659979,-0.0025306610956879923
2021-11-16,459,0.7673930007873236,0.7870279768193547,-0.019634976032030852
2021-11-17,458,0.6710099798826727,0.6814331316683178,-0.010423151785644992
2021-11-18,468,0.6736632120745287,0.673239012523067,0.00042419955146171857
2021-11-19,464,0.7158129505657647,0.6877178503276928,0.02809510023807174
2021-11-22,467,0.8747288066496125,0.9048500800349111,-0.030121273385298613
2021-11-23,462,0.8816291050592557,0.9156978574834008,-0.034068752424145046
2021-11-24,449,1.5269071827951755,1.6145699492961691,-0.08766276650099367
2021-11-26,447,1.1429619884026572,1.2302758491079822,-0.08731386070532522
2021-11-29,439,0.778881284034116,0.8002891752000422,-0.021407891165926122
2021-11-30,456,0.7311222131323303,0.7297486941936221,0.0013735189387081839
2021-12-01,458,1.197024648121676,1.1719742145806773,0.025050433540998722
2021-12-02,472,0.8532461015973793,0.8118764971704219,0.041369604426957474
2021-12-03,470,1.0367399154092376,1.001323188703424,0.03541672670581385
2021-12-06,459,0.6181873250869416,0.5745831350970533,0.043604189989888326
2021-12-07,461,0.6194470907069562,0.5961896371434954,0.02325745356346089
2021-12-08,462,0.7802514433399553,0.8114399734495068,-0.03118853010955155
2021-12-09,457,0.7052059372409516,0.7224785220502713,-0.01727258480931978
2021-12-10,453,0.7133593709973339,0.7140596920542865,-0.0007003210569525921
2021-12-13,450,0.723102376830468,0.7190688027078463,0.004033574122621689
2021-12-14,465,0.6425756206764083,0.6250233966311415,0.017552224045266726
2021-12-15,468,0.9815151344266081,1.0583859111066698,-0.07687077668006186
2021-12-16,471,0.7709572599044309,0.77183090661976,-0.0008736467153290668
2021-12-17,471,0.6628825509177594,0.6176331267046281,0.04524942421313124
2021-12-20,474,1.0913010530706173,1.0513681504950263,0.03993290257559079
2021-12-21,475,0.8091007255477037,0.7542459388539685,0.05485478669373525
2021-12-22,481,0.6553846866103278,0.596111704347911,0.05927298226241665
2021-12-23,481,0.6302271399181127,0.5732695791912484,0.05695756072686423
2021-12-27,467,0.4663914296162278,0.4177159769388947,0.04867545267733314
2021-12-28,456,0.4541346285570132,0.40572223230527177,0.048412396251741416
2021-12-29,453,0.5833589282022514,0.5760913726924317,0.007267555509819822
2021-12-30,467,0.9306477829522949,0.9292123420420931,0.0014354409102017456
2021-12-31,476,1.2303460019847576,1.2988322473406686,-0.068486245355911
2022-01-03,471,1.0165149609472504,1.0651723034126994,-0.04865734246544914
2022-01-04,467,1.0700103010853597,1.1597797558569778,-0.089769454771618
2022-01-05,469,0.8002574760685287,0.8126429239801467,-0.012385447911618037
2022-01-06,478,0.6837675383324269,0.6758839449535171,0.007883593378909742
2022-01-07,484,0.5962068439070513,0.5773579764552093,0.018848867451842093
2022-01-10,477,0.6036582920534407,0.5985844628113909,0.005073829242049682
2022-01-11,474,0.7782735635492687,0.8189185799800958,-0.04064501643082703
2022-01-12,472,1.0759236351669261,1.1908555007708657,-0.11493186560393955
2022-01-13,477,1.0886472270018341,1.1833210976597912,-0.09467387065795707
2022-01-14,473,1.3556206285632686,1.4763453179410888,-0.12072468937782024
2022-01-18,475,1.3170319520272418,1.4343440281433981,-0.1173120761161565
2022-01-19,477,0.8187009219912973,0.8595680022282144,-0.0408670802369171
2022-01-20,483,0.9151979118934945,0.9659025159723653,-0.0507046040788708
2022-01-21,482,0.825970392216185,0.8510499072459072,-0.02507951502972235
2022-01-24,481,1.1950644119201528,1.2869505286571918,-0.09188611673703927
2022-01-25,471,0.8056178860214217,0.7981178436554867,0.0075000423659350845
2022-01-26,466,1.179032941255165,1.1478141011645677,0.03121884009059747
2022-01-27,466,1.5125608061182825,1.4596097013847273,0.052951104733555264
2022-01-28,475,1.0802059334643241,1.0431821974723219,0.037023735992002205
2022-01-31,476,0.8301478035052946,0.8447584402957166,-0.014610636790421957
2022-02-01,471,0.8716968878768647,0.9011203769044941,-0.029423489027629417
2022-02-02,468,0.9515435737531822,0.9998997953616716,-0.04835622160848931
2022-02-03,472,0.8671760945359099,0.8332223333593436,0.03395376117656635
2022-02-04,471,0.9346933185022566,0.866310928507425,0.06838238999483166
2022-02-07,463,0.747955741763615,0.7017805781202892,0.046175163643325745
2022-02-08,456,0.8437246206768042,0.8759199567514827,-0.032195336074678636
2022-02-09,456,1.2821157642410965,1.4673797895423832,-0.18526402530128644
2022-02-10,462,0.6850676828255141,0.6654177911384934,0.01964989168702058
2022-02-11,467,0.8060945191352198,0.7645352310808009,0.04155928805441888
2022-02-14,458,0.7520448665568308,0.7356206148050255,0.016424251751805247
2022-02-15,456,0.9427979600458073,1.0208590408876113,-0.07806108084180396
2022-02-16,456,1.16225062032049,1.305535506904883,-0.14328488658439306
2022-02-17,472,1.127393111280762,1.2594730931714186,-0.1320799818906566
2022-02-18,468,1.0023875680299748,1.0170695244803654,-0.014681956450390615
2022-02-22,458,0.9423349159910264,0.8980764197213552,0.04425849626967107
2022-02-23,444,1.3762055049444377,1.3367505945807265,0.03945491036371132
2022-02-24,450,1.0733843038750237,1.0444002404124257,0.028984063462598016
2022-02-25,460,0.9159490548165082,0.8883259056854449,0.027623149131063392
2022-02-28,464,0.9118827431554645,0.921325739696584,-0.009442996541119448
2022-03-01,463,1.1236628085506102,1.1434608032658453,-0.01979799471523509
2022-03-02,462,2.005085171553461,2.355111318602869,-0.35002614704940854
2022-03-03,468,1.6985699146028528,1.9887115749772304,-0.29014166037437766
2022-03-04,459,0.8427868979855214,0.8611678752018035,-0.01838097721628205
2022-03-07,449,0.9958296464304217,0.9750591565916943,0.020770489838727466
2022-03-08,452,0.7850615954617179,0.7309313550266441,0.05413024043507383
2022-03-09,445,1.0237879132694554,1.124740153218198,-0.10095223994874256
2022-03-10,452,0.8072134910750238,0.7772150269737675,0.02999846410125629
2022-03-11,448,1.235804632175253,1.2046022735148216,0.031202358660431452
2022-03-14,466,1.6815491040599133,1.6781624488257063,0.0033866552342069955
2022-03-15,472,1.4768910790995735,1.4618604439243301,0.015030635175243607
2022-03-16,474,0.8539152583470287,0.7589487975102314,0.09496646083679743
2022-03-17,480,0.7053868219719986,0.6044906074798125,0.10089621449218601
2022-03-18,479,0.8071477334027087,0.7886941863129909,0.018453547089717703
2022-03-21,476,0.6919402842422686,0.6097382716882846,0.08220201255398392
2022-03-22,475,0.7821264302916257,0.7252960614404236,0.056830368851202004
2022-03-23,477,0.8039880541738913,0.7099735763328424,0.0940144778410488
2022-03-24,484,0.8669829743211923,0.7915253836156539,0.07545759070553829
2022-03-25,465,0.7314563218383625,0.6643116036856439,0.06714471815271857
2022-03-28,456,0.6950612754069904,0.660095543687085,0.03496573171990544
2022-03-29,453,0.9376762817866025,1.0028540041686511,-0.06517772238204872
2022-03-30,469,0.7062752388311485,0.6857986613083307,0.02047657752281781
2022-03-31,474,0.6933735958806,0.675682246366599,0.017691349514000972
2022-04-01,476,0.8435229959142772,0.8981704194609001,-0.05464742354662306
2022-04-04,470,1.0617051464202742,1.1503086642697016,-0.08860351784942759
2022-04-05,469,0.9281868160646574,0.9485626698831102,-0.020375853818452805
2022-04-06,469,0.6693041007955615,0.6839042913701583,-0.014600190574596897
2022-04-07,477,0.7606838555817846,0.8108864932917663,-0.05020263770998166
2022-04-08,477,0.6614631749597689,0.6503130799586316,0.011150095001137289
2022-04-11,476,0.6871542256296111,0.6766027341920668,0.010551491437544384
2022-04-12,479,0.660239527666541,0.6472333260894041,0.01300620157713695
2022-04-13,484,0.6284282392400649,0.6097596987094855,0.018668540530579234
2022-04-14,483,0.9123243209329944,0.8789246409801452,0.03339967995284922
2022-04-18,477,0.9019837892598894,0.8995801627202062,0.002403626539683113
2022-04-19,479,1.3590728744172313,1.493801327966488,-0.1347284535492566
2022-04-20,479,1.4136385382698442,1.5261507758560058,-0.11251223758616177
2022-04-21,483,1.6919374706482049,1.852571654844102,-0.16063418419589728
2022-04-22,483,0.9016171714465424,0.9676147878103709,-0.06599761636382846
2022-04-25,477,0.8597760521077533,0.8848881024568986,-0.02511205034914532
2022-04-26,468,0.9223038815340188,0.9593483628745105,-0.03704448134049193
2022-04-27,468,0.9792422774657233,1.0066928003445588,-0.02745052287883531
2022-04-28,476,1.0443784833161491,1.1158890567416127,-0.07151057342546353
2022-04-29,485,1.3959297511481241,1.3343151997805902,0.06161455136753406
2022-05-02,479,0.9757183805930415,0.9936830208615741,-0.01796464026853271
2022-05-03,472,1.1521227796364597,1.2443826342482,-0.0922598546117402
2022-05-04,466,2.657465454480219,3.153208931118844,-0.4957434766386252
2022-05-05,471,1.5555542253148653,1.8027343104071105,-0.24718008509224534
2022-05-06,473,1.5808446652027293,1.8619846130807298,-0.2811399478780005
2022-05-09,463,0.799819351372276,0.7824900198833953,0.017329331488880818
2022-05-10,450,0.8227363863439008,0.7380815949496575,0.08465479139424317
2022-05-11,452,0.9473319510003243,0.8715308264332143,0.07580112456710993
2022-05-12,463,1.2691415245260085,1.1936135418921845,0.07552798263382385
2022-05-13,470,1.0953361183854737,1.19051442386321,-0.09517830547773612
2022-05-16,459,1.089952469463472,1.1167003154568198,-0.02674784599334778
2022-05-17,464,1.4718760625951828,1.653071462688216,-0.18119540009303312
2022-05-18,466,0.868429593165092,0.7858097060585584,0.0826198871065336
2022-05-19,473,0.9772288629899902,0.9638148120948223,0.013414050895167902
2022-05-20,473,0.9117615796345064,0.8241638787174524,0.08759770091705395
2022-05-23,468,0.9347385999242267,0.8333553201830983,0.10138327974112843
2022-05-24,460,1.8571273613642059,1.8239858771892692,0.03314148417493636
2022-05-25,445,1.180366201799469,1.109638364306853,0.07072783749261591
2022-05-26,451,0.7162718089752966,0.6143237607018381,0.10194804827345849
2022-05-27,450,0.7503299609867498,0.6742022829184466,0.07612767806830306
2022-05-31,463,0.7784034267235208,0.7237758853873086,0.05462754133621213
2022-06-01,465,0.7381903632283748,0.6342906650462065,0.10389969818216836
2022-06-02,475,0.6679739532662542,0.5784354707633456,0.08953848250290872
2022-06-03,474,0.6690993386681496,0.5964998103778467,0.07259952829030301
2022-06-06,460,1.0120705492259017,1.08651752090008,-0.07444697167417816
2022-06-07,464,2.0791595009718478,2.4792716185664943,-0.40011211759464643
2022-06-08,466,3.087062858942849,3.6833451854401615,-0.5962823264973118
2022-06-09,458,2.464800752423014,2.9596897036602168,-0.49488895123720306
2022-06-10,455,1.2806674713776844,1.403388017590992,-0.12272054621330791
2022-06-13,451,1.1905074694778222,1.3180800356027087,-0.12757256612488643
2022-06-14,472,1.0888459710329919,1.1350774550847988,-0.04623148405180704
2022-06-15,474,0.9162062263572223,0.9315918292807405,-0.015385602923518253
2022-06-16,479,0.9534036778539474,0.9019055171547147,0.05149816069923274
2022-06-17,478,1.2252785690895533,1.2013993079944343,0.023879261095119005
2022-06-21,477,1.4434853826211982,1.4341383193644561,0.009347063256741965
2022-06-22,477,1.1965946254926296,1.1429724464114839,0.05362217908114568
2022-06-23,482,0.8034960909237286,0.7343207514425728,0.0691753394811558
2022-06-24,468,0.9353290495833919,1.0355563202798643,-0.10022727069647237
2022-06-27,455,1.0353736522957264,1.1666741277564951,-0.13130047546076895
2022-06-28,451,0.8502988700937147,0.8449666379915453,0.005332232102169438
2022-06-29,464,0.7939172171636052,0.7630078205356846,0.030909396627920572
2022-06-30,476,0.795998908954251,0.7447365535302889,0.051262355423962194
2022-07-01,473,0.8487559326158692,0.7939498902505085,0.05480604236536078
2022-07-05,472,0.6715760728139981,0.5885123023137453,0.08306377050025275
2022-07-06,474,0.6168670079825143,0.5508533564292866,0.06601365155322765
2022-07-07,480,0.7852437065374908,0.8145313993140746,-0.02928769277658392
2022-07-08,485,0.8250332297559222,0.8666074450937431,-0.04157421533782093
2022-07-11,480,0.8790305691032193,0.9158771168426274,-0.03684654773940808
2022-07-12,480,0.6651663133565793,0.602837496457644,0.06232881689893535
2022-07-13,479,0.6649659251454157,0.6258008458890902,0.039165079256325425
2022-07-14,481,1.4243745661034433,1.3445273656469359,0.07984720045650742
2022-07-15,480,1.2137561711201792,1.1706639079889727,0.04309226313120667
2022-07-18,476,1.6026959704670767,1.5078987158350579,0.09479725463201873
2022-07-19,479,0.7225452678693306,0.6912269524823098,0.031318315387020734
2022-07-20,481,0.7040028166908681,0.6982648233140759,0.005737993376792075
2022-07-21,484,0.9018567759064892,0.9758366042932087,-0.07397982838671951
2022-07-22,484,0.7795832990581252,0.7491881251012785,0.030395173956846676
2022-07-25,475,1.1465935369753604,1.0957979655740182,0.050795571401342346
2022-07-26,464,1.798797169236113,1.7094264918415696,0.08937067739454342
2022-07-27,464,1.1051831729936692,1.0519898531217882,0.053193319871881126
2022-07-28,473,0.7353508125007634,0.707993020385609,0.02735779211515435
2022-07-29,486,0.8447919041859409,0.8248324434617561,0.019959460724184735
2022-08-01,481,0.9502197265838991,0.9424224366955689,0.007797289888330143
2022-08-02,475,0.8320268241713927,0.8067070079472695,0.025319816224123295
2022-08-03,472,0.6940976884675438,0.6702460023896579,0.023851686077885893
2022-08-04,472,0.8233544464048436,0.8273379927022362,-0.003983546297392711
2022-08-05,474,0.8103459401588854,0.7592223973020524,0.05112354285683292
2022-08-08,463,0.8321171079516828,0.7822038953268173,0.04991321262486559
2022-08-09,453,1.3233514654078158,1.2456944417730578,0.07765702363475822
2022-08-10,455,0.7213621256845741,0.6662242087447386,0.05513791693983553
2022-08-11,461,0.7359421807294729,0.68243301386485,0.053509166864622836
2022-08-12,468,0.6228275469572744,0.6231691251454705,-0.0003415781881961815
2022-08-15,456,0.6414003816652977,0.6431266942683893,-0.0017263126030916925
2022-08-16,462,0.867651435772923,0.9510224987110532,-0.08337106293813012
2022-08-17,467,1.1156460730700035,1.2372935191873848,-0.12164744611738161
2022-08-18,478,1.271294340076906,1.4082035736784826,-0.13690923360157667
2022-08-19,478,0.8248671358165677,0.8469606915489724,-0.022093555732404693
2022-08-22,477,0.7383048597220551,0.6778390205044368,0.06046583921761824
2022-08-23,475,0.692300723775545,0.6956543715823025,-0.0033536478067575028
2022-08-24,475,0.8585095013273142,0.9069392146167885,-0.0484297132894743
2022-08-25,465,1.606755029363855,1.7643062951477546,-0.15755126578389986
2022-08-26,453,0.8297620569023292,0.8806998892767505,-0.05093783237442123
2022-08-29,443,0.8048170496707574,0.842488829502112,-0.03767177983135469
2022-08-30,453,0.6880191278577067,0.7098501001830141,-0.021830972325307427
2022-08-31,462,0.6723815806550242,0.6889497288298392,-0.016568148174814987
2022-09-01,471,0.6010062293623043,0.5668739609572656,0.03413226840503869
2022-09-02,458,0.9677949595054052,0.9134220740684675,0.05437288543693768
2022-09-06,462,1.4108103808481083,1.3355815086214828,0.07522887222662532
2022-09-07,467,1.026613537051726,0.9739415539631253,0.05267198308860081
2022-09-08,479,0.7342080103916356,0.7674016299977434,-0.03319361960610772
2022-09-09,460,1.0820581883999665,1.1808863772966038,-0.09882818889663748
2022-09-12,448,1.605487638780492,1.7766616608847434,-0.17117402210425128
2022-09-13,452,0.8810435153507029,0.939369175306448,-0.05832565995574513
2022-09-14,472,0.7546589228398796,0.7852390571957188,-0.030580134355839367
2022-09-15,481,0.817984806239733,0.8846125656910552,-0.0666277594513221
2022-09-16,479,0.8773075615128832,0.9528961210519922,-0.07558855953910887
2022-09-19,479,1.5076793790106344,1.7458803321105947,-0.23820095309996037
2022-09-20,478,1.5940308416672193,1.8150785732926316,-0.2210477316254123
2022-09-21,481,1.5421286650865875,1.7593776004219734,-0.21724893533538592
2022-09-22,483,1.1699484955926727,1.2978120055724658,-0.12786350997979318
2022-09-23,486,0.7230577345361973,0.6928808937957918,0.030176840740405563
2022-09-26,463,0.7806670240003862,0.7805491900911367,0.00011783390924963898
2022-09-27,455,0.8092195979889388,0.831601452807443,-0.022381854818504087
2022-09-28,453,0.7367915056110894,0.7341261868239277,0.002665318787161613
2022-09-29,474,1.6200132112074355,1.5557742118819546,0.06423899932548069
2022-09-30,481,1.9427874738811226,1.8777949140769175,0.0649925598042052
2022-10-03,470,0.9708735834728808,0.9437336263894197,0.02713995708346104
2022-10-04,469,1.3971150792375084,1.6241181349112706,-0.2270030556737622
2022-10-05,471,1.4184792478227217,1.6584557758564005,-0.2399765280336787
2022-10-06,484,1.3388093789405722,1.526140887817734,-0.187331508877162
2022-10-07,486,0.8990100055239718,0.9411806170376186,-0.04217061151364671
2022-10-10,480,0.7485489548188615,0.6997124540913986,0.0488365007274629
2022-10-11,478,0.8038448279834587,0.8165899123000453,-0.012745084316586741
2022-10-12,479,0.8710174076339682,0.8186382025526472,0.052379205081321024
2022-10-13,483,0.7214135801632608,0.6650406260790939,0.056372954084166975
2022-10-14,486,0.9616459628522851,0.9100292529896558,0.051616709862629354
2022-10-17,480,0.8837158799834762,0.892296857674435,-0.008580977690958837
2022-10-18,481,0.9411549202058963,0.931754431194613,0.009400489011283354
2022-10-19,481,0.9191729238992149,0.8523380660458967,0.06683485785331832
2022-10-20,487,1.65885741840379,1.6288201851281738,0.030037233275616245
2022-10-21,486,1.0919797318771693,1.040248156891729,0.051731574985440336
2022-10-24,483,1.0359593619476628,0.9957190136262016,0.04024034832146106
2022-10-25,476,1.196584756027385,1.162138763950258,0.034445992077126994
2022-10-26,468,1.0148063219710284,0.9768708302011285,0.03793549176989982
2022-10-27,469,0.9298672876976571,0.8756398095889949,0.05422747810866227
2022-10-28,477,1.1032038585136268,1.2278245715151577,-0.12462071300153114
2022-10-31,480,1.2683733502978476,1.4040999336372053,-0.13572658333935764
2022-11-01,474,1.1972975218789068,1.2744268824282667,-0.07712936054935987
2022-11-02,471,1.1381940091208933,1.1153473961508895,0.022846612970003736
2022-11-03,475,1.2160451155318075,1.1837664896437923,0.03227862588801521
2022-11-04,465,0.8515274479543198,0.8418372554392544,0.00969019251506545
2022-11-07,456,1.5683937855504815,1.6224676279691113,-0.054073842418629885
2022-11-08,459,1.9008616257133664,1.9712306330468687,-0.07036900733350229
2022-11-09,462,2.027974334734223,2.097310560048171,-0.06933622531394816
2022-11-10,467,0.9362445428205939,0.9003561748725153,0.035888367948078634
2022-11-11,457,0.8379830381322951,0.8004394282931684,0.037543609839126704
2022-11-14,457,0.7539814748728499,0.7098539346565649,0.04412754021628498
2022-11-15,460,0.8745786610227724,0.8396814821151074,0.03489717890766505
2022-11-16,464,0.7841818645670952,0.7455612058272758,0.03862065873981931
2022-11-17,472,0.8476768196698395,0.8205972055937897,0.027079614076049828
2022-11-18,470,0.7179943770801017,0.6865145356762308,0.031479841403871
2022-11-21,470,0.7403208931598464,0.7137993290408273,0.026521564119019025
2022-11-22,476,0.6780395874816656,0.6289785074303336,0.04906108005133213
2022-11-23,472,0.6709995802515752,0.6357384930435926,0.03526108720798274
2022-11-25,455,0.6812074335544414,0.6555544616895222,0.025652971864919095
2022-11-28,440,0.9542205049396488,0.9696952267410412,-0.015474721801392389
2022-11-29,446,0.9499769109050837,0.952362153236371,-0.0023852423312872395
2022-11-30,467,0.8790193017300418,0.8362360625784832,0.042783239151558676
2022-12-01,477,1.0988851450691113,1.0833186498790661,0.015566495190045194
2022-12-02,477,1.1373669037392338,1.1280121987982832,0.00935470494095058
2022-12-05,463,0.7399885438898849,0.7288920874610197,0.01109645642886514
2022-12-06,466,0.6705504133096459,0.6547502371312196,0.015800176178426346
2022-12-07,469,0.716812964618066,0.7164920600854985,0.00032090453256756714
2022-12-08,478,0.7344194143786337,0.7352011455362777,-0.0007817311576439992
2022-12-09,462,0.7017065546943125,0.733101772400904,-0.03139521770659148
2022-12-12,451,0.9432599998011366,0.9119794099585764,0.0312805898425601
2022-12-13,451,1.3244619402809539,1.236014025499534,0.0884479147814198
2022-12-14,465,1.4236309692604636,1.3181603823633685,0.10547058689709508
2022-12-15,474,0.7662226252243578,0.7661856593982139,3.6965826143873515e-05
2022-12-16,476,0.5717121289319286,0.6156713065865448,-0.04395917765461622
2022-12-19,481,0.5280226479600778,0.5833232057532121,-0.05530055779313426
2022-12-20,482,0.5498803930632167,0.5973568380246657,-0.047476444961448885
2022-12-21,484,0.5967427305783842,0.6390854374880717,-0.04234270690968743
2022-12-22,483,0.5316526700631705,0.5813268132405628,-0.04967414317739234
2022-12-23,465,0.4716842091703226,0.5301395332242462,-0.05845532405392361
2022-12-27,454,0.509541077153699,0.5655186572931942,-0.05597758013949512
2022-12-28,454,0.6336297058487189,0.6782058434923052,-0.04457613764358628
2022-12-29,471,0.6969719766563881,0.7227035379952057,-0.02573156133881755
2022-12-30,476,0.821539834944509,0.8247765489327413,-0.0032367139882322027
2023-01-03,474,1.0604805432718714,1.0465578379411111,0.013922705330760272
2023-01-04,470,0.7810588033302976,0.8035858753293859,-0.02252707199908835
2023-01-05,479,1.1348711757905936,1.133348665620787,0.0015225101698067083
2023-01-06,481,0.9150904240898897,0.9293216184886512,-0.014231194398761646
2023-01-09,482,0.9355328445533967,0.9529810162142808,-0.017448171660884144
2023-01-10,478,0.8158433653415784,0.832050002974144,-0.01620663763256551
2023-01-11,478,0.6510980399363878,0.6787311753226002,-0.027633135386212312
2023-01-12,484,0.7280393754186479,0.7297441166133009,-0.0017047411946530422
2023-01-13,480,1.0185765988425248,0.9769451199245821,0.041631478917942895
2023-01-17,477,0.6786948654253585,0.6951346631977529,-0.01643979777239437
2023-01-18,477,0.7820078008769462,0.7993241862352265,-0.01731638535828033
2023-01-19,481,0.9732624225579097,0.9801882084691732,-0.0069257859112635415
2023-01-20,485,0.6874412901773284,0.7170001903066788,-0.029558900129350432
2023-01-23,483,0.6858664925375572,0.7150098126087481,-0.029143320071191012
2023-01-24,486,0.745930121039786,0.7733269743412574,-0.027396853301471485
2023-01-25,480,0.625525093022106,0.6581315938647048,-0.03260650084259877
2023-01-26,475,0.6519636303644184,0.6813654879596679,-0.02940185759524951
2023-01-27,475,0.8113613233831839,0.83323672372967,-0.021875400346486044
2023-01-30,478,1.6744397180178778,1.6462385772775052,0.028201140740372523
2023-01-31,480,0.9771223545466078,0.9828337659772938,-0.005711411430686078
2023-02-01,475,0.7332414278695905,0.73389598031254,-0.0006545524429495643
2023-02-02,476,0.7490086806041677,0.7528937877519258,-0.0038851071477580957
2023-02-03,475,0.7244600319361677,0.7238707237100777,0.000589308226089925
2023-02-06,467,0.8165237498108787,0.8154746928802877,0.001049056930590957
2023-02-07,464,0.8389619506660349,0.8311363303974801,0.00782562026855464
2023-02-08,464,0.6441313542201431,0.6615662197109201,-0.017434865490776955
2023-02-09,467,0.615951450467623,0.6376948719301884,-0.021743421462565332
2023-02-10,467,0.847705923781191,0.8573520267491705,-0.009646102967979584
2023-02-13,459,0.732764714241507,0.7283227341110498,0.004441980130457199
2023-02-14,460,0.7107151780044787,0.6966814871580147,0.014033690846464037
2023-02-15,462,1.1429523548897846,1.104075130815511,0.03887722407427377
2023-02-16,472,0.9124088749971591,0.8855843527310842,0.026824522266074888
2023-02-17,469,0.8130092695127739,0.7888181222927948,0.02419114721997911
2023-02-21,466,0.7321316649514077,0.7170431667482907,0.015088498203116966
2023-02-22,455,0.6745186601384481,0.6612779131400018,0.013240746998446087
2023-02-23,452,0.6581371208802623,0.6420251672879217,0.016111953592340474
2023-02-24,455,0.6952467623984939,0.6761510145713282,0.01909574782716564
2023-02-27,459,0.6501971449992605,0.6407651056450044,0.009432039354256133
2023-02-28,468,0.7449440405221002,0.7527009756338279,-0.0077569351117277325
2023-03-01,467,0.7182670016993582,0.7303635295702391,-0.012096527870880856
2023-03-02,471,0.5895937843593063,0.5968256049724757,-0.007231820613169341
2023-03-03,472,0.7358543652415119,0.7135620936186198,0.022292271622892084
2023-03-06,454,1.1640547546677054,1.0735470882795286,0.09050766638817671
2023-03-07,457,1.3426945967021318,1.2403332118691257,0.10236138483300618
2023-03-08,461,1.818481849766141,1.6711622215097468,0.14731962825639447
2023-03-09,456,0.9792143301117713,0.9528174528559106,0.026396877255860762
2023-03-10,458,1.1480680779826633,1.1126205928155584,0.035447485167104845
2023-03-13,445,0.7956112014912398,0.8060382050470737,-0.01042700355583401
2023-03-14,468,0.9430706424152112,0.9178943836048552,0.025176258810356004
2023-03-15,468,0.6247045763284961,0.6442585525328184,-0.019553976204322334
2023-03-16,479,0.6059655646301318,0.6210122431734151,-0.015046678543283355
2023-03-17,481,0.6227055623506189,0.6435200185316837,-0.020814456181064808
2023-03-20,480,0.775309275312607,0.7703032298837845,0.0050060454288225345
2023-03-21,483,0.7944111907051776,0.7901309705044538,0.004280220200723897
2023-03-22,486,0.589289593136253,0.5979507335743742,-0.008661140438121169
2023-03-23,487,0.7175727285559964,0.7285933509895689,-0.011020622433572467
2023-03-24,488,0.7569994567387516,0.7837128999415024,-0.0267134432027507
2023-03-27,466,0.7246265060022228,0.7420154933891102,-0.017388987386887485
2023-03-28,460,1.0563249373914239,1.061569375997696,-0.0052444386062721424
2023-03-29,459,0.7234576135917095,0.7292033754186308,-0.00574576182692127
2023-03-30,477,0.6403349701189287,0.6427093352642207,-0.002374365145291983
2023-03-31,477,0.9114101310354812,0.8918404506065123,0.019569680428968967
2023-04-03,467,0.8994947558892202,0.8758790306499421,0.023615725239278205
2023-04-04,469,0.5763127541461864,0.5778073316647893,-0.0014945775186027393
2023-04-05,477,0.583119942027842,0.5891130601962214,-0.005993118168379436
2023-04-06,487,0.5843707907348532,0.5922962914316721,-0.007925500696818856
2023-04-10,481,0.5558678029463927,0.5690913541035753,-0.013223551157182593
2023-04-11,479,0.5695959550214224,0.5877571160439652,-0.01816116102254275
2023-04-12,479,0.5607619892565462,0.5860833822539375,-0.025321392997391348
2023-04-13,487,0.5553953282661555,0.5835028900394217,-0.028107561773266336
2023-04-14,489,0.624773994634298,0.6510878718776251,-0.02631387724332708
2023-04-17,482,0.6296513774271358,0.6489487474179918,-0.01929736999085592
2023-04-18,481,0.660699656242257,0.6765514974308217,-0.015851841188564555
2023-04-19,480,0.6059759578102965,0.6261450388247817,-0.020169081014485214
2023-04-20,483,0.7898569384374332,0.7594502969795167,0.030406641457916536
2023-04-21,483,0.9540216740652628,0.8860549170833009,0.06796675698196207
2023-04-24,479,0.8832950119295448,0.846484004252434,0.03681100767711084
2023-04-25,472,0.905400157712329,0.9081338508132345,-0.002733693100905467
2023-04-26,472,1.025312479193033,1.0187104483438691,0.0066020308491639155
2023-04-27,475,0.7457523557103722,0.7435664232921612,0.0021859324182110992
2023-04-28,485,1.0415053990887273,0.9941498373545183,0.047355561734208906
2023-05-01,477,1.2642925537385004,1.1821682927314818,0.0821242610070188
2023-05-02,473,0.7959885396416081,0.7935206893381463,0.002467850303461612
2023-05-03,472,0.8113189175304714,0.8119656675303356,-0.0006467499998642215
2023-05-04,474,0.8301880008637799,0.8325390617350107,-0.0023510608712307727
2023-05-05,476,0.7292538965506518,0.7268521540148026,0.0024017425358490475
2023-05-08,464,0.7341480185324798,0.7241587868078613,0.009989231724618575
2023-05-09,457,0.7109724435847323,0.7080434461770344,0.0029289974076978855
2023-05-10,458,0.6508598129687853,0.6526847181860257,-0.0018249052172403686
2023-05-11,467,0.7066112230807631,0.6913151412786378,0.015296081802125334
2023-05-12,474,0.7957857087053269,0.784013040324198,0.011772668381128965
2023-05-15,463,0.7807505199920065,0.7829935778393653,-0.0022430578473587788
2023-05-16,463,0.7607256263736636,0.7720267745990979,-0.011301148225434184
2023-05-17,465,0.6050335613877962,0.6066328192411901,-0.0015992578533938918
2023-05-18,473,0.7225409760076119,0.6918690081576955,0.030671967849916434
2023-05-19,476,0.8319425313925213,0.7872735675743993,0.04466896381812198
2023-05-22,471,0.9812272774505719,0.9369341816995231,0.044293095751048665
2023-05-23,466,0.991400247980219,0.9796891893072011,0.011711058673017815
2023-05-24,459,1.1292599571388766,1.1315548066384218,-0.0022948494995450337
2023-05-25,450,0.7335910696146755,0.740444009763257,-0.0068529401485816046
2023-05-26,445,0.6655353332463573,0.6751230353943235,-0.009587702147966247
2023-05-30,451,0.8469267381126397,0.8479731095001319,-0.0010463713874923268
2023-05-31,468,0.9451369973895617,0.9335300013380753,0.011606996051486419
2023-06-01,479,0.9305170260019682,0.9230745095094354,0.00744251649253281
2023-06-02,478,0.734567245506979,0.739113665330941,-0.004546419823961912
2023-06-05,464,0.7881488500556417,0.8003030210530434,-0.012154170997401615
2023-06-06,466,0.5710359614452664,0.5906448413863061,-0.019608879941039808
2023-06-07,471,0.6570670541186387,0.6758242871274714,-0.01875723300883273
2023-06-08,480,0.6718788996287676,0.6930538319688615,-0.021174932340093985
2023-06-09,459,0.7704705875929678,0.79941614019659,-0.028945552603622204
2023-06-12,445,0.7689137219620904,0.7958365142930378,-0.026922792330947395
2023-06-13,447,0.6427161101368877,0.6631772133142508,-0.020461103177363108
2023-06-14,468,0.5489819340093177,0.5662745936203053,-0.01729265961098764
2023-06-15,479,0.6251618170430391,0.628588032799753,-0.0034262157567137804
2023-06-16,480,0.6919492390679741,0.6803476089438936,0.011601630124080676
2023-06-20,480,0.6627062589097742,0.6523700433235082,0.010336215586266009
2023-06-21,482,0.5350294637650949,0.5349170988281244,0.00011236493697041901
2023-06-22,486,0.6132703788401772,0.6239754613982098,-0.010705082558032665
2023-06-23,489,0.7491811293935808,0.7618567771106535,-0.012675647717072662
2023-06-26,469,0.7559917020782486,0.7678266898422548,-0.011834987764006035
2023-06-27,460,0.6115055879569665,0.6330123733918048,-0.021506785434838183
2023-06-28,455,0.6375337352541853,0.6655840017610888,-0.028050266506903475
2023-06-29,473,0.520657721712019,0.5549276074681788,-0.03426988575615999
2023-06-30,473,0.5957968819810457,0.5966142653428176,-0.0008173833617717725
2023-07-03,469,0.5740441862737542,0.5857144275741504,-0.01167024130039614
2023-07-05,469,0.5253412442704823,0.559852741912987,-0.034511497642504614
2023-07-06,477,0.8527234538321229,0.8600195664785685,-0.0072961126464455486
2023-07-07,484,0.844068963520728,0.8535434650953322,-0.009474501574604234
2023-07-10,482,0.8298649055111181,0.8432705981283612,-0.013405692617243097
2023-07-11,479,0.6303752192023221,0.6540287343065159,-0.023653515104193737
2023-07-12,481,0.6396232722689201,0.656493257689434,-0.016869985420513926
2023-07-13,486,0.5993435751045189,0.6237182551390597,-0.024374680034540824
2023-07-14,488,0.6813388614711492,0.7061777568843166,-0.024838895413167576
2023-07-17,480,0.8221964983973998,0.8285317083159793,-0.006335209918579454
2023-07-18,480,0.7981882922415201,0.8087538040233307,-0.010565511781810644
2023-07-19,480,0.6765101493304224,0.6932157158023204,-0.016705566471898012
2023-07-20,486,0.556558129951131,0.588521813846994,-0.031963683895862995
2023-07-21,483,0.5964494203974731,0.6237518893042293,-0.027302468906756288
2023-07-24,482,0.8219343671519203,0.8070481534339761,0.014886213717944248
2023-07-25,474,0.8654633420283321,0.8434163160794149,0.022047025948917172
2023-07-26,469,0.7927641051526332,0.7841656339237716,0.008598471228861638
2023-07-27,471,0.656813949094475,0.6695744846918608,-0.012760535597385648
2023-07-28,480,0.7446454700310535,0.7349487951436716,0.00969667488738183
2023-07-31,483,0.9646945287385795,0.9262915655021065,0.038402963236473006
2023-08-01,476,1.0099124191921114,0.9660224369019492,0.043889982290162145
2023-08-02,471,0.8203051454929623,0.8107083930167238,0.009596752476238469
2023-08-03,472,0.7897896850011966,0.7805423351454354,0.009247349855761337
2023-08-04,472,0.6880545684442114,0.6831776075611284,0.0048769608830829874
2023-08-07,466,0.776666339898928,0.7525979280987012,0.024068411800226917
2023-08-08,463,0.6964244422177905,0.6774180935135538,0.019006348704236817
2023-08-09,461,0.5485479538291085,0.545141210119433,0.0034067437096755105
2023-08-10,466,0.625927909685219,0.6113052842721143,0.014622625413104733
2023-08-11,464,0.7757365516261769,0.7412529908918277,0.03448356073434917
2023-08-14,459,0.9991985013894737,0.9390451639906858,0.06015333739878791
2023-08-15,459,0.7150003644743708,0.6909403986173916,0.024059965856979088
2023-08-16,465,0.6081192358233279,0.6037610715872077,0.004358164236120295
2023-08-17,475,0.5615180318478428,0.5689709557276154,-0.007452923879772702
2023-08-18,479,0.5989611434913061,0.6066582831492587,-0.007697139657952619
2023-08-21,477,0.5147106409317053,0.5163372957506905,-0.0016266548189853409
2023-08-22,475,0.48096970319285914,0.5026274415643773,-0.02165773837151825
2023-08-23,475,0.4728662466786958,0.49647065604018265,-0.02360440936148676
2023-08-24,477,0.7690851147296227,0.7764859935197368,-0.007400878790114153
2023-08-25,470,0.7257937975550967,0.7368683685538255,-0.01107457099872894
2023-08-28,445,0.6428462153210437,0.6636634364259879,-0.020817221104944144
2023-08-29,441,0.639027699499961,0.647143776840443,-0.008116077340482045
2023-08-30,447,0.7783960109928858,0.7513204171838116,0.02707559380907433
2023-08-31,469,0.6769401144579258,0.6660363621268365,0.010903752331089204
2023-09-01,459,0.7981413395388565,0.754745209986978,0.043396129551878326
2023-09-05,464,0.6429674603298865,0.6374605084177873,0.0055069519120991535
2023-09-06,470,0.6334215125632416,0.63446948915117,-0.001047976587928318
2023-09-07,480,0.6128441072776855,0.6266664751869909,-0.01382236790930558
2023-09-08,480,0.5938312665454814,0.6080719221239506,-0.014240655578469059
2023-09-11,452,0.6296637940976013,0.6433289010803909,-0.01366510698278949
2023-09-12,453,0.5558302656868043,0.5750903685065317,-0.019260102819727377
2023-09-13,452,0.4758354852550851,0.5043928654738572,-0.028557380218772126
2023-09-14,479,0.582718105552314,0.5792056581419508,0.003512447410363142
2023-09-15,482,0.5670584964961066,0.5670871105052725,-2.8614009165925276e-05
2023-09-18,482,0.9122992046831774,0.8379804493312903,0.07431875535188696
2023-09-19,479,0.9104176743653225,0.8383199047464741,0.07209776961884828
2023-09-20,479,0.749526131831568,0.7164000895019397,0.03312604232962824
2023-09-21,481,0.6563675458437797,0.6439530533093913,0.012414492534388328
2023-09-22,484,0.6764213361506043,0.6674078309371562,0.009013505213448089
2023-09-25,465,0.6850928430768651,0.6824459854457676,0.002646857631097659
2023-09-26,460,0.5847688147774468,0.6023541942309674,-0.017585379453520667
2023-09-27,458,0.6993712043242102,0.6994198249809483,-4.8620656738159676e-05
2023-09-28,478,0.9038235188202138,0.850392229903703,0.05343128891651089
2023-09-29,483,0.7251698247309144,0.7108441047508286,0.01432571998008575
2023-10-02,472,0.6624302442364846,0.6600652001086502,0.002365044127834273
2023-10-03,466,0.7476293668175299,0.7580134042724715,-0.010384037454941635
2023-10-04,468,0.739900089605615,0.7558152938397441,-0.015915204234129
2023-10-05,481,0.8161325975954711,0.8363802589167608,-0.020247661321289655
2023-10-06,484,0.7544124901733806,0.783337850800569,-0.028925360627188302
2023-10-09,479,0.6507318521352121,0.658038350965088,-0.0073064988298758736
2023-10-10,478,0.7906985427298192,0.7661497639437443,0.02454877878607502
2023-10-11,481,0.5988152931255674,0.6026992623293369,-0.0038839692037695535
2023-10-12,486,0.6568627706733446,0.6780294100166093,-0.021166639343264685
2023-10-13,488,0.5946306408596542,0.6048997458407558,-0.010269104981101422
2023-10-16,484,0.9748148981366554,0.9223901855127459,0.05242471262390949
2023-10-17,481,1.430620047397479,1.3147417111710153,0.11587833622646362
2023-10-18,480,1.0458712487848294,0.9874467177271513,0.05842453105767793
2023-10-19,484,0.6478076404214425,0.6408681176937367,0.006939522727705711
2023-10-20,486,0.7175770633918994,0.7042440162286706,0.013333047163228822
2023-10-23,484,0.9015161637770354,0.8796288599358695,0.02188730384116587
2023-10-24,485,1.1153266694390316,1.050016149754464,0.06531051968456776
2023-10-25,479,0.8134183312407479,0.8005233994805317,0.01289493176021611
2023-10-26,469,0.7171692511259157,0.7226073352676945,-0.005438084141778682
2023-10-27,470,0.9878340021822574,1.0079745378010077,-0.020140535618750132
2023-10-30,472,1.2981686361666611,1.320087558684496,-0.02191892251783493
2023-10-31,481,1.6209687515735072,1.6390641652924087,-0.018095413718901405
2023-11-01,476,1.2576957130763875,1.2630214600060492,-0.005325746929661676
2023-11-02,477,0.8373186666683632,0.8229481294447519,0.014370537223611285
2023-11-03,476,0.8012458649773232,0.7757030153173157,0.02554284966000762
2023-11-06,467,0.8286246820684744,0.7951139868424881,0.03351069522598622
2023-11-07,463,0.7101128470541814,0.6937726150464465,0.01634023200773489
2023-11-08,462,0.6615533850193711,0.6458118059916246,0.01574157902774655
2023-11-09,459,1.209470431298527,1.241717137895383,-0.03224670659685608
2023-11-10,460,1.0153115826758836,1.0390951297827018,-0.02378354710681821
2023-11-13,446,1.0598658257802462,1.088342406962915,-0.028476581182668895
2023-11-14,458,0.5950618035027423,0.5688400549767396,0.026221748526002623
2023-11-15,457,0.5613727228260795,0.5412436866284788,0.02012903619760079
2023-11-16,472,0.5391307149325077,0.5263712563824805,0.012759458550027278
2023-11-17,468,0.5338825818162433,0.5256347567751158,0.008247825041127477
2023-11-20,470,0.5237277012664571,0.5157520060827875,0.007975695183669505
2023-11-21,472,0.474720436585053,0.46409093392003853,0.01062950266501445
2023-11-22,480,0.4931592501546454,0.4879120333937275,0.005247216760917867
2023-11-24,474,0.6527265889610334,0.6422328869337157,0.01049370202731773
2023-11-27,443,0.6752490587519115,0.6834166752048797,-0.00816761645296821
2023-11-28,440,0.9700723460943966,0.9807956080627708,-0.010723261968374259
2023-11-29,451,0.879855583292838,0.8877899934484206,-0.00793441015558265
2023-11-30,477,0.6755425931840118,0.6878651936373719,-0.01232260045336009
2023-12-01,477,0.6814339915086031,0.6722141245775007,0.009219866931102343
2023-12-04,460,0.5993427182834207,0.6132551114040362,-0.0139123931206155
2023-12-05,465,0.6160297212201798,0.6379228196540904,-0.021893098433910445
2023-12-06,468,0.6982920152898526,0.722113967407983,-0.02382195211813034
2023-12-07,480,0.6864661757753642,0.7042095138423157,-0.01774333806695153
2023-12-08,479,1.0058841470632467,1.0078579031462007,-0.001973756082954292
2023-12-11,454,1.4140989663123393,1.3876530251609103,0.026445941151429085
2023-12-12,452,1.3105996022616089,1.2774111026196164,0.03318849964199236
2023-12-13,451,0.8382369462010617,0.8260588245523934,0.012178121648668286
2023-12-14,474,0.5171337271408927,0.5574752975958324,-0.04034157045493978
2023-12-15,476,0.5336819700608375,0.557276186790198,-0.023594216729360417
2023-12-18,481,0.48869133717285557,0.5284994245346967,-0.03980808736184109
2023-12-19,484,0.4786933001054371,0.5175116863879216,-0.038818386282484504
2023-12-20,488,0.6578543202825984,0.680853923155288,-0.022999602872689588
2023-12-21,483,0.46770969864381534,0.5056241860800348,-0.03791448743621944
2023-12-22,463,0.4134555388526957,0.4577541666674379,-0.04429862781474219
2023-12-26,452,0.39519101233076337,0.4346373843032637,-0.03944637197250035
2023-12-27,456,0.6478325066708327,0.6498451854766675,-0.002012678805834735
2023-12-28,474,0.9987719399777246,0.9335711580892729,0.06520078188845176
2023-12-29,479,0.8929893278512562,0.8418729034966147,0.05111642435464142
2024-01-02,480,0.6264002400610911,0.6306491792043493,-0.004248939143258209
2024-01-03,479,0.6084629374158181,0.6306001015028789,-0.02213716408706061
2024-01-04,481,0.5915952166719893,0.6093746657158599,-0.017779449043870493
2024-01-05,481,0.6988643141046902,0.7055866155120096,-0.006722301407319467
2024-01-08,480,0.6491029391864112,0.6558349612063544,-0.006732022019943353
2024-01-09,481,0.6088020347049344,0.630303680746942,-0.02150164604200764
2024-01-10,480,0.6574220716493943,0.6657527011402762,-0.008330629490882004
2024-01-11,483,0.6882464970653642,0.6838648061103557,0.004381690955008654
2024-01-12,481,0.6620223772728329,0.6676831253777278,-0.005660748104894832
2024-01-16,478,0.6376508345406695,0.6758078079733333,-0.03815697343266373
2024-01-17,478,0.9001056178923552,0.9101142097113313,-0.01000859181897597
2024-01-18,482,0.7228398169470942,0.7558941070848472,-0.03305429013775311
2024-01-19,486,0.6319975993507806,0.6516394466981668,-0.019641847347386217
2024-01-22,486,0.6752916052535071,0.695693577901787,-0.020401972648279885
2024-01-23,489,0.634848937075422,0.6617016052401938,-0.026852668164771793
2024-01-24,489,0.680077967494588,0.7033496851890009,-0.023271717694412747
2024-01-25,482,0.5926840511052894,0.6211577624289005,-0.028473711323610987
2024-01-26,473,0.6237337228723421,0.6293097834962028,-0.00557606062386075
2024-01-29,470,0.7755671049749104,0.7679083871629069,0.007658717812003643
2024-01-30,473,0.7923942045612208,0.7830054292099398,0.00938877535128101
2024-01-31,479,0.8379146823658232,0.8336723065378182,0.004242375828004952
2024-02-01,480,0.758058970993835,0.761602097414267,-0.003543126420432023
2024-02-02,481,0.706138923090603,0.7155894586805072,-0.009450535589904236
2024-02-05,472,0.8978396834684398,0.8975220111275587,0.0003176723408809641
2024-02-06,470,0.8473849723973906,0.8397569076534847,0.007628064743905948
2024-02-07,472,0.7331833707115505,0.7280643824052283,0.005118988306322225
2024-02-08,479,0.651309008475581,0.6329914770448243,0.01831753143075679
2024-02-09,474,0.6516909633130629,0.6485794920403974,0.003111471272665451
2024-02-12,457,0.7133839666888582,0.6809926313163334,0.03239133537252482
2024-02-13,449,0.8615480255465908,0.8147338726055211,0.04681415294106982
2024-02-14,451,0.6931417662308518,0.6756325782325278,0.017509187998324058
2024-02-15,465,0.6707808531419429,0.6704754537821073,0.0003053993598355495
2024-02-16,466,0.6355677136271131,0.5930630408459113,0.04250467278120169
2024-02-20,467,0.7669617194710859,0.7203081409976294,0.04665357847345656
2024-02-21,467,0.8457187606223328,0.8073516021761313,0.038367158446201456
2024-02-22,477,0.6777902394854614,0.6473560102852031,0.030434229200258265
2024-02-23,473,0.673791446530808,0.6440949571936202,0.029696489337187805
2024-02-26,455,0.7153459735198151,0.6709563353429924,0.04438963817682276
2024-02-27,448,0.7729580479295743,0.7293864954969196,0.043571552432654856
2024-02-28,455,0.8640689432703481,0.8306911903949685,0.03337775287537964
2024-02-29,470,0.7507881321980274,0.7362619790585081,0.014526153139519321
2024-03-01,473,0.7055847382426572,0.6836151511430519,0.0219695870996053
2024-03-04,453,0.6514169696514059,0.6186241391237315,0.03279283052767459
2024-03-05,454,0.6310038086937367,0.5939003681125121,0.03710344058122471
2024-03-06,459,0.6413067302395431,0.6219150281579798,0.019391702081563277
2024-03-07,475,0.5661326376808412,0.5482326681644399,0.01789996951640119
2024-03-08,477,0.644587638267568,0.6205518155593716,0.024035822708196538
2024-03-11,444,0.720474026336697,0.7234217436772864,-0.0029477173405894628
2024-03-12,449,0.7570928260312961,0.7665804167658675,-0.0094875907345714
2024-03-13,449,0.6289769892849709,0.6244367524985713,0.004540236786399582
2024-03-14,482,0.5450143776264679,0.5283062557101608,0.016708121916307044
2024-03-15,478,0.6427398907208661,0.6069836572136905,0.03575623350717561
2024-03-18,481,0.8246173838969951,0.7643523169805225,0.06026506691647247
2024-03-19,479,0.619597383528259,0.5952863117159389,0.02431107181231992
2024-03-20,486,0.5569454158984571,0.5456239877069679,0.011321428191489308
2024-03-21,488,0.6111003938318292,0.60798904891636,0.0031113449154692887
2024-03-22,465,0.5421041410856507,0.5197364284282988,0.02236771265735199
2024-03-25,457,0.6457514393858267,0.6152003060644097,0.030551133321417047
2024-03-26,454,0.6042226053918368,0.5743536753549658,0.029868930036870973
2024-03-27,478,0.6487945693899784,0.6449450376403796,0.003849531749598731
2024-03-28,483,0.760785767062787,0.766873950785986,-0.006088183723199039
2024-04-01,479,0.7578906399543622,0.7715719175411226,-0.013681277586760344
2024-04-02,479,0.5552706483403935,0.5543550895819015,0.0009155587584919664
2024-04-03,478,0.4751022482404394,0.48227720358028814,-0.0071749553398487214
2024-04-04,478,0.5749545356479767,0.5659243886802703,0.009030146967706359
2024-04-05,479,0.5885319911399816,0.5993328057437484,-0.010800814603766843
2024-04-08,479,0.6906109920877412,0.696929779509066,-0.006318787421324851
2024-04-09,479,1.0975165595570426,1.1330573318649728,-0.03554077230793032
2024-04-10,478,0.8841901749647272,0.904613502580481,-0.02042332761575383
2024-04-11,482,1.0313036589217484,1.0766478408879994,-0.045344181966251194
2024-04-12,489,0.7432580996006521,0.7588458221759393,-0.015587722575287078
2024-04-15,485,0.6697401502546333,0.6784085551119133,-0.008668404857280035
2024-04-16,481,0.9184856900178145,0.9272205109382222,-0.008734820920407605
2024-04-17,480,0.7312582965343758,0.7210717082189173,0.01018658831545834
2024-04-18,482,0.7737864934037354,0.7513808134744416,0.02240567992929367
2024-04-19,485,0.8160671585859619,0.7825271644475265,0.03353999413843539
2024-04-22,484,0.7903798842188089,0.769812092437566,0.02056779178124289
2024-04-23,487,0.8380119909251524,0.8264538843049212,0.011558106620231335
2024-04-24,482,0.7519352047161705,0.7312786781402232,0.02065652657594723
2024-04-25,475,0.6959091551190094,0.6961102169555373,-0.00020106183652795595
2024-04-26,474,0.9052067420178784,0.906410796683793,-0.0012040546659145617
2024-04-29,477,0.9817188324484111,0.9735205814741191,0.008198250974291861
2024-04-30,479,0.9888503018681933,0.9456917969573025,0.04315850491089084
2024-05-01,477,0.9960134494136054,0.9360229480418585,0.05999050137174694
2024-05-02,476,0.7512800029245253,0.7098906553336872,0.041389347590838024
2024-05-03,482,0.6298043390273276,0.5939141540749239,0.03589018495240365
2024-05-06,472,0.6791089773378,0.6417320962392143,0.037376881098585515
2024-05-07,466,0.6784298512456097,0.6396903757096497,0.03873947553596002
2024-05-08,463,0.6015104240117966,0.5606407758358346,0.040869648175962
2024-05-09,465,0.5494520657339105,0.5130156585497821,0.036436407184128286
2024-05-10,467,0.6627847484972463,0.6231133441754653,0.03967140432178111
2024-05-13,454,0.6210762450077182,0.5833271305132264,0.037749114494491844
2024-05-14,458,0.5645885534700159,0.5302607756027221,0.034327777867293775
2024-05-15,463,0.5713525722979463,0.5499380874455644,0.021414484852381937
2024-05-16,475,0.5495088592697571,0.5245114108561841,0.024997448413572966
2024-05-17,481,0.6680840740889777,0.65190272962873,0.01618134446024767
2024-05-20,473,0.8627547486045944,0.8729384386035922,-0.010183689998997733
2024-05-21,470,0.7998175049383985,0.7855733089048358,0.014244196033562747
2024-05-22,472,0.8655512913100214,0.8687490293451634,-0.0031977380351419014
2024-05-23,480,0.7649685355427388,0.761685178960603,0.0032833565821357687
2024-05-24,483,0.7801516041967307,0.7861098978631799,-0.005958293666449195
2024-05-28,464,0.7688654816280986,0.7531393736939409,0.0157261079341578
2024-05-29,452,0.8938226570590178,0.8752304589603471,0.018592198098670628
2024-05-30,450,0.7740570799876465,0.7745214797085966,-0.00046439972095023435
2024-05-31,465,0.6777081048374941,0.6639426314696386,0.013765473367855491
2024-06-03,478,0.5737658130757338,0.5650596387578142,0.008706174317919759
2024-06-04,466,0.5476414736440047,0.5387948705890045,0.008846603055000134
2024-06-05,459,0.5528808496450216,0.5489915481027676,0.003889301542253972
2024-06-06,461,0.6079150691766443,0.6011560706854688,0.006758998491175451
2024-06-07,474,0.7489300761674746,0.7362482388161442,0.012681837351330402
2024-06-10,482,0.6875883513905795,0.6817485864152263,0.005839764975353098
2024-06-11,454,0.6553664635942845,0.6523734182205584,0.0029930453737261995
2024-06-12,451,0.6470108960374946,0.6397256543168524,0.0072852417206421445
2024-06-13,444,0.6134444612369587,0.6009575229183983,0.012486938318560362
2024-06-14,472,0.6292744071171896,0.6045963400212903,0.024678067095899328
2024-06-17,477,0.5261615004767374,0.5121721814498212,0.013989319026916159
2024-06-18,482,0.6799454786926037,0.6698045991146524,0.010140879577951387
2024-06-20,484,0.5310413380603459,0.5185316482201828,0.01250968984016319
2024-06-21,486,0.5565250224272046,0.5574024179434153,-0.0008773955162106788
2024-06-24,488,0.6412557457343832,0.6461518578826402,-0.004896112148257039
2024-06-25,465,0.6261666998946471,0.6282971934097854,-0.0021304935151382587
2024-06-26,458,0.6352818892403681,0.634180280409221,0.0011016088311471114
2024-06-27,458,0.6204066956528902,0.6126834690715371,0.007723226581353094
2024-06-28,479,0.5504560270550741,0.5496965292824786,0.0007594977725956332
2024-07-01,479,0.5137735390998477,0.5030164637239611,0.010757075375886547
2024-07-02,475,0.47172453609033416,0.46844928892044524,0.003275247169888915
2024-07-03,472,0.5168246323120586,0.5155934245883761,0.0012312077236824555
2024-07-05,475,0.5896806230738888,0.574881387679426,0.01479923539446281
2024-07-08,477,0.8041748778124002,0.7639877654072845,0.04018711240511561
2024-07-09,480,1.0915568863038665,1.0290222386053995,0.06253464769846688
2024-07-10,478,0.9625734835899463,0.921198112847957,0.041375370741989305
2024-07-11,482,1.0218161553479839,0.9761591601820586,0.04565699516592518
2024-07-12,483,1.0135503075163852,1.003517674044453,0.010032633471932284
2024-07-15,490,0.8729376110136646,0.8737515936280797,-0.000813982614415158
2024-07-16,484,0.9670495239023017,1.0032505925621924,-0.03620106865989056
2024-07-17,481,0.6484897702775375,0.6518672676142184,-0.003377497336680889
2024-07-18,481,0.6888434185937541,0.6812836387909633,0.0075597798027907505
2024-07-19,486,0.6993516946284725,0.7097697538312497,-0.010418059202777292
2024-07-22,489,1.1248140146812302,1.1811336963423158,-0.05631968166108564
2024-07-23,486,1.1360367163583822,1.1508732070174374,-0.014836490659055237
2024-07-24,486,0.9688736706179598,0.946530486154968,0.022343184462991716
2024-07-25,486,0.9730532189527804,0.9472208197749592,0.02583239917782116
2024-07-26,481,0.7166638076356181,0.6903904469800946,0.026273360655523582
2024-07-29,473,0.9258811594817044,0.9340902782213323,-0.008209118739627912
2024-07-30,470,1.4477976410748936,1.5249350765653027,-0.07713743549040891
2024-07-31,474,2.1518601370372963,2.3708939657744343,-0.21903382873713761
2024-08-01,480,1.2384171507496498,1.337464264840431,-0.0990471140907811
2024-08-02,479,0.9555724978686293,0.9974130797623403,-0.041840581893710885
2024-08-05,483,1.0098709190275914,0.9548616195398988,0.05500929948769264
2024-08-06,478,0.8229995766052178,0.7629611043583577,0.060038472246860076
2024-08-07,471,0.8393478887078963,0.7731055592826565,0.0662423294252398
2024-08-08,470,0.6606663833326837,0.5804456527108018,0.08022073062188184
2024-08-09,471,0.6450037855249929,0.5639167668262121,0.08108701869878084
2024-08-12,464,0.9651242099112235,0.9131274205265921,0.05199678938463134
2024-08-13,450,0.7250804594276278,0.6453068651567851,0.07977359427084264
2024-08-14,449,0.8269503350695616,0.7598567086444254,0.06709362642513618
2024-08-15,463,0.5605484959192631,0.477195813744603,0.08335268217466008
2024-08-16,472,0.6053506851864493,0.521198440251328,0.08415224493512115
2024-08-19,477,0.5677456550722011,0.5079175962992925,0.059828058772908636
2024-08-20,477,0.6915389459248138,0.6166852927083143,0.07485365321649942
2024-08-21,479,0.6088419707795807,0.5544659301809117,0.05437604059866895
2024-08-22,477,0.6082377740840277,0.5501082907586983,0.05812948332532933
2024-08-23,481,0.5781269654361816,0.5588176909606131,0.019309274475568516
2024-08-26,483,0.6255366111404712,0.5921313111536269,0.03340529998684425
2024-08-27,465,0.6243707971135768,0.5879065146704249,0.03646428244315191
2024-08-28,448,0.7174137789450413,0.7171094769251807,0.00030430201986066856
2024-08-29,442,0.7655523696961625,0.7788780771514405,-0.013325707455278037
2024-08-30,458,1.0220998319761836,1.0721923773726905,-0.05009254539650679
2024-09-03,462,0.8265378608092648,0.8474686334272609,-0.020930772617995974
2024-09-04,463,0.6257977617591248,0.6247025991734287,0.0010951625856959748
2024-09-05,464,0.6504825208674263,0.6363694149550405,0.014113105912385645
2024-09-06,474,0.7969264507347055,0.7706603530152684,0.026266097719437245
2024-09-09,477,0.7370816195256662,0.7169895933430538,0.020092026182612376
2024-09-10,460,0.8147886323031573,0.7863367113390048,0.028451920964152524
2024-09-11,448,0.837755644362747,0.8013793952674169,0.03637624909533007
2024-09-12,445,0.7682772543475678,0.7297987507843354,0.03847850356323246
2024-09-13,466,0.5982483101273475,0.5815602247682312,0.016688085359116193
2024-09-16,479,0.8235653312449402,0.7833328515053047,0.0402324797396354
2024-09-17,482,0.6314354205125172,0.6128523049283789,0.018583115584138252
2024-09-18,481,0.6351195654793702,0.6156890760413284,0.019430489438041782
2024-09-19,483,0.5965110282022287,0.585840108732562,0.010670919469666735
2024-09-20,487,0.587845462387017,0.5738231870104894,0.01402227537652753
2024-09-23,486,0.7374622894770559,0.7206411118153903,0.016821177661665774
2024-09-24,481,0.5906628629873504,0.5752531252436788,0.015409737743671612
2024-09-25,462,0.602176843019071,0.581898798791249,0.02027804422782215
2024-09-26,456,0.6299579614223133,0.6289140675039525,0.001043893918360733
2024-09-27,459,0.5996326955297462,0.6050596352132107,-0.005426939683464441
2024-09-30,477,0.7550267451440653,0.7630454508060274,-0.008018705661962023
2024-10-01,478,0.6837849776236936,0.6824682025316767,0.0013167750920169544
2024-10-02,477,0.6864436960172499,0.6880160282483319,-0.0015723322310818846
2024-10-03,477,0.5947498241945045,0.5869837613331191,0.007766062861385438
2024-10-04,484,0.6052379590679493,0.6014746192538847,0.003763339814064522
2024-10-07,479,0.5799601724095407,0.5698975993676816,0.010062573041859074
2024-10-08,478,0.5932233931931036,0.5769642559610838,0.016259137232019813
2024-10-09,481,0.5574169369917049,0.5449813047170263,0.012435632274678534
2024-10-10,484,0.7232790241370692,0.7050878876826725,0.018191136454396753
2024-10-11,486,0.7215709132774542,0.7072801471645537,0.014290766112900394
2024-10-14,485,0.6737070721667924,0.6738980520888214,-0.00019097992202898065
2024-10-15,485,0.5902350807510973,0.5793871437446855,0.010847937006411769
2024-10-16,483,0.5916273798507119,0.5942850852493428,-0.0026577053986309197
2024-10-17,482,0.6447442075086467,0.6444445486030157,0.00029965890563095836
2024-10-18,486,0.7327421760653883,0.7374639599704473,-0.004721783905059042
2024-10-21,489,0.7733395699868515,0.7680649714405419,0.005274598546309633
2024-10-22,488,0.7357450722794934,0.7338673791137204,0.0018776931657731133
2024-10-23,489,0.6993826559069856,0.6940328845161997,0.005349771390785835
2024-10-24,489,0.7214745392864054,0.7241715946213237,-0.0026970553349183572
2024-10-25,491,0.7141538909624189,0.7066800889780012,0.007473801984417733
2024-10-28,484,1.0613555216698376,1.06674001411507,-0.0053844924452324475
2024-10-29,476,1.0277326870820147,1.029398799539429,-0.0016661124574141597
2024-10-30,468,0.8810039001613332,0.8881494250956807,-0.00714552493434754
2024-10-31,473,0.748041237033878,0.711064205332827,0.03697703170105098
2024-11-01,479,1.6680596662983187,1.6176155942222261,0.05044407207609268
2024-11-04,484,1.770427383978387,1.7034970863896794,0.06693029758870767
2024-11-05,473,1.6321058914411148,1.5891891660010293,0.04291672544008531
2024-11-06,475,1.0461747554236012,1.0076549954598168,0.038519759963784345
2024-11-07,473,0.9657455101900392,0.9448855332747346,0.020859976915304623
2024-11-08,477,0.7842846387033143,0.7686258861339226,0.01565875256939187
2024-11-11,467,0.8020938261937115,0.8200746203047666,-0.017980794111055166
2024-11-12,450,0.8859249296035079,0.9127373978459191,-0.026812468242411333
2024-11-13,447,0.869156285736915,0.8801236260196201,-0.010967340282705225
2024-11-14,454,0.859639188493804,0.8517953996353248,0.007843788858479271
2024-11-15,472,0.7254993521256554,0.665776892504384,0.059722459621271456
2024-11-18,477,0.7727216773884903,0.7146293351649708,0.058092342223519465
2024-11-19,472,0.8609695704064996,0.8042025046897759,0.056767065716723776
2024-11-20,473,1.0418639802905547,0.9927989040788658,0.049065076211688874
2024-11-21,477,0.7386158382715545,0.6816592419985354,0.05695659627301907
2024-11-22,480,0.6602548018624638,0.6027478917538497,0.05750691010861404
2024-11-25,465,0.5542994695356169,0.4950528485276063,0.059246621008010626
2024-11-26,450,0.6141658363380108,0.5616340894885239,0.05253174684948691
2024-11-27,450,0.6685800796229104,0.6319745031160927,0.036605576506817665
2024-11-29,463,0.8135788381636112,0.8066443366520756,0.00693450151153558
2024-12-02,474,0.7474966727160979,0.7338383537035288,0.013658319012569064
2024-12-03,463,0.7590930093040639,0.7400577807019962,0.019035228602067727
2024-12-04,458,0.7609841247726589,0.7673869845300708,-0.006402859757411976
2024-12-05,461,0.782090569926293,0.8006646047923525,-0.01857403486605932
2024-12-06,474,0.7278532519322916,0.747362988236812,-0.019509736304520353
2024-12-09,485,0.7185964617811386,0.7304439612284138,-0.0118474994472752
2024-12-10,468,0.6823676200860441,0.6842033772158744,-0.001835757129830317
2024-12-11,457,0.7684014715322642,0.7764855190970221,-0.008084047564757842
2024-12-12,450,0.7550621147621035,0.7630544240231245,-0.007992309261020986
2024-12-13,468,1.3861285550923998,1.4238869336656756,-0.03775837857327581
2024-12-16,481,1.4259651258035895,1.4689205065301054,-0.04295538072651587
2024-12-17,479,0.855922202511391,0.8741961232178728,-0.01827392070648175
2024-12-18,481,0.6082908633192967,0.5839206042969548,0.024370259022341828
2024-12-19,482,0.692704135679132,0.6521889796188951,0.04051515606023694
2024-12-20,487,0.44615504072191675,0.42031147609374747,0.025843564628169335
2024-12-23,482,0.3673379616084652,0.34992953076039707,0.0174084308480681
2024-12-24,478,0.5827370287956645,0.5985334548268494,-0.015796426031184873
2024-12-26,463,0.6161746736625535,0.6333753540674777,-0.01720068040492426
2024-12-27,459,0.5718532693865758,0.5726219795643025,-0.0007687101777267074
2024-12-30,456,0.5403046783083658,0.5232573482532556,0.017047330055110145
2024-12-31,472,0.7783218186435507,0.7561008519473851,0.022220966696165575
2025-01-02,480,0.6676112847908389,0.654743550779207,0.012867734011631809
2025-01-03,486,0.6014653281783636,0.6087157521544272,-0.007250423976063531
2025-01-06,479,0.8491136589348292,0.8821785913043472,-0.033064932369517984
2025-01-07,481,0.7314248911724971,0.7462492287352754,-0.01482433756277846
2025-01-08,480,0.7097546903211875,0.7160318858147031,-0.006277195493515559
2025-01-10,485,1.0005976766676898,0.9497982817964543,0.050799394871235644
2025-01-13,484,1.0161692200530976,0.9723281261758109,0.04384109387728672
2025-01-14,481,0.8863753450841638,0.8464874202115643,0.03988792487259955
2025-01-15,482,0.9191028353713011,0.8843725305265558,0.03473030484474531
2025-01-16,481,0.8451295458607423,0.8261152275245466,0.01901431833619572
2025-01-17,485,0.8598778432771101,0.8438233740858296,0.016054469191280528
2025-01-21,486,0.6237565084948496,0.622403248474226,0.0013532600206236256
2025-01-22,488,1.1840890515421552,1.207018468717707,-0.022929417175551973
2025-01-23,489,1.0349797434812256,1.0661344022548893,-0.031154658773663718
2025-01-24,490,0.9609713673687519,0.9932741288661022,-0.03230276149735043
2025-01-27,489,0.8738473326351347,0.8670347630982501,0.00681256953688458
2025-01-28,481,0.7266687644249957,0.709375952946306,0.017292811478689753
2025-01-29,472,0.7967601787676367,0.7860303918359032,0.010729786931733582
2025-01-30,473,0.836703950680777,0.8348818985208043,0.0018220521599726055
2025-01-31,479,0.7907796896222015,0.769761738201435,0.021017951420766585
2025-02-03,490,0.9182977156327381,0.8885085698236407,0.029789145809097292
2025-02-04,479,0.8553613121773816,0.8295093957504163,0.02585191642696534
2025-02-05,473,0.8574040233276635,0.8349478570505292,0.02245616627713436
2025-02-06,471,0.792712544650595,0.7824502524411286,0.010262292209466468
2025-02-07,478,0.7677286621665654,0.760986208871324,0.0067424532952414075
2025-02-10,484,0.8769258653241956,0.8593860759093237,0.017539789414871818
2025-02-11,458,0.9546953558911774,0.9306891102178555,0.024006245673321814
2025-02-12,449,1.0086592521827582,0.9555862862419408,0.05307296594081758
2025-02-13,448,0.8547176523704608,0.809406676125197,0.045310976245263715
2025-02-14,471,0.8373731302897196,0.8006565398574559,0.03671659043226371
2025-02-18,475,1.1388460036444932,1.1948174619461749,-0.055971458301681674
2025-02-19,469,1.17868646623462,1.2655438297262425,-0.08685736349162249
2025-02-20,469,1.13090240540014,1.214248980306688,-0.08334657490654813
2025-02-21,474,0.6728475707060158,0.6411114900474415,0.03173608065857429
2025-02-24,479,0.7933806878937038,0.7963136979389894,-0.002933010045285833
2025-02-25,466,0.7629159358445904,0.737434495254658,0.02548144058993233
2025-02-26,453,1.0605234570468347,1.1045658988117695,-0.04404244176493466
2025-02-27,452,0.8956713699092059,0.9172410451101799,-0.021569675200974067
2025-02-28,462,0.927952574602039,0.9560753375763261,-0.028122762974287202
2025-03-03,474,1.1019627519588695,1.1356187440900265,-0.03365599213115693
2025-03-04,462,1.020397919703199,1.0159273557767674,0.00447056392643154
2025-03-05,450,1.5827526439796789,1.6996169172908542,-0.11686427331117526
2025-03-06,452,1.0361553864980517,1.095802703395886,-0.059647316897834424
2025-03-07,462,1.2436530483899961,1.354497030353344,-0.11084398196334773
2025-03-10,477,1.2175759146901417,1.3043072970302911,-0.08673138234014947
2025-03-11,451,0.7260257783974304,0.6963324627238029,0.02969331567362751
2025-03-12,449,0.8050039700367332,0.7475508911348644,0.05745307890186869
2025-03-13,447,0.8782925985064427,0.8197752171541749,0.05851738135226769
2025-03-14,475,0.6625967625976825,0.6002702656508221,0.06232649694686044
2025-03-17,478,0.5812142453801236,0.540275819490252,0.04093842588987143
2025-03-18,481,0.6427573990053366,0.607907704149458,0.03484969485587853
2025-03-19,481,0.640674180779969,0.5899563463104484,0.05071783446952056
2025-03-20,485,0.722824643733806,0.6796691209814593,0.043155522752346666
2025-03-21,489,0.6255219640369643,0.5829800772899868,0.0425418867469775
2025-03-24,490,0.7668822802068453,0.8043708636263621,-0.03748858341951675
2025-03-25,488,1.1142670652312614,1.247466433107816,-0.13319936787655468
2025-03-26,466,0.8647144321233707,0.911688958217827,-0.04697452609445622
2025-03-27,460,0.6627644742804945,0.6527649336740934,0.009999540606401052
2025-03-28,464,0.6833261649741535,0.6354414915010712,0.04788467347308247
2025-03-31,482,1.6393356638893393,1.8337493532949114,-0.194413689405572
2025-04-01,483,3.8004863109408795,4.173526915394419,-0.373040604453539
2025-04-02,481,4.454380226878833,4.840445320310125,-0.386065093431293
2025-04-03,485,2.894833857029032,3.2991963163379627,-0.4043624593089312
2025-04-04,490,2.09551102444053,2.1427075404815867,-0.04719651604105654
2025-04-07,485,1.1473290449882159,1.0936734322592008,0.05365561272901514
2025-04-08,483,1.9414735048496858,1.9440960643606076,-0.0026225595109216743
2025-04-09,483,1.0313155262482994,0.9996999917602787,0.03161553448802066
2025-04-10,488,0.9486659848874125,0.7708486014645586,0.17781738342285397
2025-04-11,489,0.8024290451046728,0.643980960412158,0.15844808469251487
2025-04-14,483,0.8878577697112003,0.7631764312561737,0.12468133845502666
2025-04-15,483,1.1424192245448688,1.1778082630463838,-0.035389038501514994
2025-04-16,482,0.9252495717938187,0.7570180196463354,0.16823155214748328
2025-04-17,486,0.8836517508132172,0.7042948235425741,0.17935692727064326
2025-04-21,490,1.7898896959120107,1.775737253017964,0.014152442894046808
2025-04-22,491,1.3398511967087787,1.2543466623983184,0.0855045343104603
2025-04-23,493,1.0338408147662328,0.8838328756521417,0.15000793911409105
2025-04-24,492,0.8476793665927175,0.6419213330521305,0.20575803354058697
2025-04-25,484,0.8750584382308219,0.6819390670812726,0.19311937114954916
2025-04-28,480,0.9268309324665558,0.75844848565394,0.16838244681261585
2025-04-29,476,1.0077675257750254,0.8446617250800631,0.16310580069496233
2025-04-30,480,0.9777496119475727,0.8086613383254289,0.16908827362214376
2025-05-01,482,0.8842428717872854,0.6925892281438704,0.19165364364341506
2025-05-02,485,0.8568297837271971,0.7439141991660845,0.11291558456111256
2025-05-05,490,0.8343601071693089,0.7330740944161908,0.10128601275311813
2025-05-06,482,0.9028317504503451,0.8015468055939763,0.10128494485636874
2025-05-07,475,1.5809245725362175,1.5472805727499868,0.03364399978623071
2025-05-08,473,1.576888766890662,1.5228494245416737,0.054039342348988315
2025-05-09,476,1.5675024318128339,1.4988791755797666,0.0686232562330672
2025-05-12,472,0.7288626497031875,0.7125255101357727,0.01633713956741474
2025-05-13,456,0.7031574734087944,0.6708758737074284,0.032281599701366036
2025-05-14,450,0.8532963768594775,0.8235481922948462,0.029748184564631283
2025-05-15,459,0.6007378600278556,0.580181189265704,0.02055667076215155
2025-05-16,472,0.9172598744889046,0.9200840911408709,-0.0028242166519662
2025-05-19,480,0.9377375127671573,0.9430757083100375,-0.00533819554288015
2025-05-20,469,0.9751671106185187,0.9815645616856273,-0.006397451067108565
2025-05-21,468,0.6646570060571974,0.6655654022918865,-0.0009083962346892021
2025-05-22,470,0.6001694137660122,0.6103193213844211,-0.010149907618408931
2025-05-23,480,0.6538785934652191,0.6560932185301234,-0.0022146250649041437
2025-05-27,468,0.6482663306487031,0.6662067952993491,-0.017940464650646082
2025-05-28,454,0.6419219579820796,0.6531755334527343,-0.011253575470654658
2025-05-29,456,0.6606023249795618,0.6739774917176555,-0.01337516673809377
2025-05-30,467,0.692285688621327,0.6936514817050744,-0.0013657930837474477
2025-06-02,481,0.7005463573741351,0.7121772157692247,-0.011630858395089552
2025-06-03,470,0.6018385003167961,0.6185197341722594,-0.016681233855463294
2025-06-04,469,0.6209697160741733,0.6349936982623743,-0.014023982188200971
2025-06-05,463,0.8601117138177201,0.8512370881556963,0.008874625662023806
2025-06-06,474,0.7144683431244915,0.712524627159871,0.0019437159646205112
2025-06-09,481,0.5800772220193557,0.6010001517969862,-0.02092292977763039
2025-06-10,466,0.8504772974441251,0.8303583190700639,0.020118978374061316
2025-06-11,455,0.6222042263427902,0.6615277334170299,-0.03932350707423961
2025-06-12,452,0.7801478657007704,0.798826666739327,-0.018678801038556524
2025-06-13,468,0.7066481796633031,0.726557172215261,-0.019908992551957803
2025-06-16,479,0.6269948746034527,0.6507380374971323,-0.023743162893679542
2025-06-17,480,0.680615787270301,0.6885615944373455,-0.007945807167044579
2025-06-18,487,0.7744536240013122,0.758539908014034,0.015913715987278133
2025-06-20,488,0.7275417135396972,0.7180848309324173,0.009456882607279931
2025-06-23,489,0.7710576838716285,0.7530013205196103,0.018056363352018264
2025-06-24,484,0.5915233043652252,0.6207962819020272,-0.029272977536802018
2025-06-25,466,0.645758718879827,0.6566553676901613,-0.010896648810334251
2025-06-26,461,0.8189357478295358,0.8129710014660942,0.005964746363441664
2025-06-27,466,0.9263189427015128,0.901820838436855,0.024498104264657698
2025-06-30,476,0.9097367150932839,0.8851666708553179,0.02457004423796602
2025-07-01,479,0.598594549383585,0.638575590996164,-0.03998104161257902
2025-07-02,478,0.48320191593842804,0.5388560954832244,-0.05565417954479642
2025-07-03,487,0.5622635145209766,0.6097380049857062,-0.04747449046472953
2025-07-07,484,0.7467197754953829,0.7449952819569029,0.0017244935384800714
2025-07-08,485,0.6099353572595964,0.6234395652169875,-0.013504207957391176
2025-07-09,485,0.5842336834815864,0.6029384945178797,-0.018704811036293352
2025-07-10,487,0.8244714241608727,0.8202300164935158,0.004241407667356855
2025-07-11,489,0.6738640680655296,0.6681229064454668,0.005741161620062806
2025-07-14,489,0.6007760850937333,0.6037419479310904,-0.002965862837357098
2025-07-15,488,0.6561034756957347,0.6545331374592172,0.001570338236517535
2025-07-16,484,0.6071892764408412,0.6169358428936185,-0.009746566452777189
2025-07-17,482,0.7160837402680188,0.7146548043209713,0.0014289359470474644
2025-07-18,488,0.8462804970241901,0.8353268630527881,0.010953633971401847
2025-07-21,491,0.999192548559039,0.9817585619895387,0.0174339865695004
2025-07-22,491,0.8922117733253981,0.8794608112829209,0.012750962042477311
2025-07-23,492,0.7656383213985519,0.7605412443625637,0.005097077035988249
2025-07-24,492,0.6950053288347166,0.6939220148485573,0.0010833139861591958
2025-07-25,493,0.9273342268610333,0.9199635902867712,0.007370636574262086
2025-07-28,483,1.179459861130238,1.1640981653998541,0.015361695730384055
2025-07-29,475,1.3351791618295743,1.3082623777599625,0.02691678406961185
2025-07-30,474,1.069735398600231,1.0435585017970543,0.02617689680317652
2025-07-31,480,0.8827380677316928,0.8506774936501516,0.03206057408154133
2025-08-01,488,0.8866498295178258,0.8619669031263604,0.024682926391465413
2025-08-04,488,0.8951976257969605,0.8616304752868558,0.03356715051010486
2025-08-05,483,0.9061379804247649,0.8725457516050967,0.03359222881966814
2025-08-06,477,0.8573576718626399,0.8259196784281818,0.03143799343445807
2025-08-07,477,0.8072049768380523,0.7703764402543869,0.036828536583665514
2025-08-08,479,0.9394851083578565,0.9105239935542065,0.02896111480365009
2025-08-11,475,0.9201759699926553,0.8902281853535178,0.02994778463913749
2025-08-12,455,0.7209771823662079,0.6934160466427945,0.02756113572341335
2025-08-13,449,0.6990197533442982,0.6612256352605353,0.037794118083762776
2025-08-14,454,0.628781854553543,0.5844636917942105,0.04431816275933255
2025-08-15,471,0.5831443892787873,0.5429765966832427,0.04016779259554451
2025-08-18,479,0.640043148332945,0.6056465768297821,0.034396571503162915
2025-08-19,478,0.6408101151217998,0.6002149473037725,0.04059516781802743
2025-08-20,479,0.7085879380258074,0.671062947077323,0.03752499094848458
2025-08-21,481,0.8280279369679246,0.7855921225124396,0.04243581445548507
2025-08-22,488,0.6804174209406104,0.6502708483160492,0.0301465726245613
2025-08-25,489,0.6933772901454949,0.6617115265312301,0.03166576361426478
2025-08-26,474,0.573931551625627,0.5460923844032268,0.027839167222400346
2025-08-27,450,0.676917802294665,0.6543566657120887,0.022561136582576323
2025-08-28,446,0.7047758370305661,0.6875647047587151,0.01721113227185107
2025-08-29,456,0.629450261474368,0.6179861474534091,0.011464114020958904
2025-09-02,462,0.7331779427023615,0.7094142501360012,0.023763692566360177
2025-09-03,465,0.7267122365662588,0.7218030738071298,0.004909162759129018
2025-09-04,468,0.6759371560947096,0.6708756595635955,0.005061496531114116
2025-09-05,478,0.8222270929153747,0.8149601139797495,0.007266978935625122
2025-09-08,479,0.7850132467714053,0.7660467450526877,0.018966501718717537
2025-09-09,475,0.7529271448801951,0.7456041169240374,0.007323027956157645
2025-09-10,459,0.6386523832358575,0.6444081204818656,-0.005755737246008125
2025-09-11,455,0.7282339083078235,0.7184015632498746,0.00983234505794886
2025-09-12,461,0.5883960365253778,0.5884096540549278,-1.3617529549990137e-05
2025-09-15,482,0.6361475895139025,0.6324041508767453,0.003743438637157168
2025-09-16,488,0.6685133023825638,0.6663495389200953,0.002163763462468448
2025-09-17,486,0.7552443671498614,0.7565662924806423,-0.0013219253307809001
2025-09-18,489,0.6092689645721225,0.6052227442451722,0.004046220326950323
2025-09-19,490,0.6695015667530961,0.657411043613332,0.012090523139764152
2025-09-22,492,0.7669307752380815,0.7583940402571725,0.00853673498090905
2025-09-23,486,0.623055527846009,0.6212234470494546,0.0018320807965544097
2025-09-24,485,0.551325203761217,0.5566520020301305,-0.0053267982689135995
2025-09-25,464,0.7152239701451888,0.7025303752295483,0.012693594915640486
2025-09-26,461,0.9212388747851415,0.8984970295082578,0.022741845276883742
2025-09-29,460,0.8852229304188444,0.8697594421727393,0.015463488246105082
2025-09-30,475,0.7688322324580333,0.7600892848558249,0.00874294760220842
2025-10-01,482,0.6872075811309986,0.6791301294381022,0.008077451692896214
2025-10-02,483,0.6672916645391608,0.6674134263712457,-0.00012176183208482067
2025-10-03,492,0.7611214066234345,0.7493379831880828,0.011783423435351735
2025-10-06,490,0.7370383002639271,0.7276071758613495,0.009431124402577606
2025-10-07,483,1.0576034592405563,1.0204727219212524,0.03713073731930385
2025-10-08,483,0.8447614678097858,0.8281437836469963,0.01661768416278954
2025-10-09,484,0.6248430666054442,0.6361881906528634,-0.011345124047419079
2025-10-10,488,0.8836200135867777,0.8695755423848973,0.01404447120188041
2025-10-13,487,0.7607556103444731,0.7511706663922841,0.009584943952189045
2025-10-14,485,0.7170092722579526,0.7100171574743989,0.006992114783553733
2025-10-15,488,0.6359899980499585,0.632084520241166,0.0039054778087925916
2025-10-16,488,0.808656094339589,0.7990091740682033,0.009646920271385558
2025-10-17,490,0.6697344659640856,0.662103954851858,0.007630511112227721
2025-10-20,491,0.7404640322695148,0.7288883908060728,0.011575641463442069
2025-10-21,489,0.7662887246321837,0.7604994742894419,0.005789250342741738
2025-10-22,491,0.8656870889437729,0.8576610485622747,0.008026040381498158
2025-10-23,491,0.8376555686462823,0.8315413971400151,0.006114171506267241
2025-10-24,492,1.1450690293104182,1.127186865145601,0.017882164164817364
2025-10-27,491,1.3027311980713736,1.286581443445799,0.016149754625574702
2025-10-28,481,1.1110719795523156,1.0909752734679452,0.020096706084370343
2025-10-29,476,0.9442113935200581,0.9356460414631562,0.008565352056902058
2025-10-30,475,0.8183348759517918,0.811148519478331,0.007186356473460805
2025-10-31,482,0.8517196107925045,0.8324735323209254,0.01924607847157898
2025-11-03,489,0.9806050301890621,0.956281251311898,0.024323778877164044
2025-11-04,481,0.9009902493464129,0.8754224567105575,0.025567792635855333
2025-11-05,475,0.8404182750404562,0.8127233920458463,0.027694882994609833
2025-11-06,475,0.8696286644862073,0.8354740659746537,0.034154598511553606
2025-11-07,479,0.6935727290048487,0.6624905733905939,0.03108215561425489
2025-11-10,479,0.7989641317243092,0.7920634790466589,0.006900652677650381
2025-11-11,456,0.7301380865735252,0.7140510227898487,0.016087063783676643
2025-11-12,445,1.0824483365285724,1.0802435167319506,0.0022048197966217774
2025-11-13,450,0.8157567178998814,0.7939273294570185,0.021829388442862953
2025-11-14,465,0.787623755175027,0.7667168930381795,0.020906862136847594
2025-11-17,477,0.7540333032859101,0.7506242356367777,0.003409067649132431
2025-11-18,474,0.764627177033237,0.7391162321917794,0.025510944841457526
2025-11-19,476,0.7708209178496161,0.7426461104069354,0.028174807442680805
2025-11-20,477,1.3248575130581348,1.3058304866637096,0.019027026394425123
2025-11-21,481,0.9066909153341213,0.8896748633813706,0.01701605195275061
2025-11-24,474,0.8289255227212616,0.8076950366368782,0.021230486084383455
2025-11-25,458,0.6415847497024693,0.6043286078018235,0.03725614190064573
2025-11-26,457,0.6932202572530173,0.6615165301680517,0.031703727084965605
2025-11-28,463,0.8276877004025518,0.801323625526098,0.026364074876453782
2025-12-01,478,0.7976106281385569,0.7838342115637374,0.013776416574819487
2025-12-02,463,0.84314468881639,0.8314976717040634,0.011647017112326635
2025-12-03,465,0.7764554046208743,0.7691014095069096,0.007353995113964629
2025-12-04,468,0.8011300377495998,0.79171498761438,0.00941505013521988
2025-12-05,482,0.8044662103031276,0.793570725024228,0.01089548527889963
2025-12-08,485,0.8980588857899866,0.8846449846134317,0.013413901176554964
2025-12-09,479,0.8860552683525562,0.8860619249343575,-6.656581801345017e-06
2025-12-10,462,0.8580845134949382,0.8591190225522223,-0.0010345090572840758
2025-12-11,457,0.7734861188456489,0.7806296417445688,-0.007143522898919977
2025-12-12,461,0.6890143666224526,0.6939952711183619,-0.004980904495909263
2025-12-15,480,0.6241202025605497,0.6232965523145979,0.0008236502459517587
2025-12-16,482,0.5787403932371521,0.5786374349267266,0.0001029583104254407
2025-12-17,484,0.7557503307045089,0.7520915709828513,0.0036587597216576214
2025-12-18,486,0.629668191454332,0.6298247859556778,-0.00015659450134589137
2025-12-19,490,0.47989755588445226,0.48160977013444767,-0.001712214249995431
2025-12-22,485,0.39928529982266486,0.4137092975333384,-0.014423997710673505
2025-12-23,482,0.38147117184937274,0.4008444688250062,-0.0193732969756334
2025-12-24,481,0.4209975464013794,0.44031092467062677,-0.01931337826924743
2025-12-26,471,0.5307441183881478,0.5373782030843847,-0.006634084696236853
2025-12-29,458,0.5829033219028212,0.5817857124365521,0.001117609466269151
2025-12-30,457,0.7884529044622944,0.770998673831833,0.017454230630461424
2025-12-31,471,1.3046201549575747,1.240468315159268,0.06415183979830698
2026-01-02,488,0.961078873170444,0.9260721472297576,0.035006725940686455
2026-01-05,491,0.7623737383402341,0.7531094317243995,0.009264306615834673
2026-01-06,488,0.7503824451592572,0.7453310308193704,0.005051414339886739
2026-01-07,485,0.9043186961225945,0.8958339662043825,0.008484729918211975
2026-01-08,484,0.8935233634878273,0.8835344373889071,0.009988926098920159
2026-01-09,489,0.8578031974928408,0.8438112922007441,0.013991905292096703
2026-01-12,489,0.8269328454604243,0.814814176455483,0.012118669004941381
2026-01-13,483,0.752929599574243,0.7460206011047901,0.006908998469452959
2026-01-14,480,0.8428680792635534,0.8212213449471711,0.0216467343163823
2026-01-15,482,0.7915723272663319,0.7876751188341049,0.003897208432226998
2026-01-16,487,0.7703570226843984,0.7639443905404367,0.006412632143961766
2026-01-20,488,0.7323011404603277,0.7246327214633795,0.007668418996948175
2026-01-21,490,0.6482119280586511,0.6497967622380898,-0.001584834179438725
2026-01-22,492,0.7698518173797165,0.7723615977640783,-0.0025097803843618025
2026-01-23,493,0.8750137176247954,0.8683475901734328,0.0066661274513626426
2026-01-26,490,1.045524872463291,1.0427370950532469,0.0027877774100441605
2026-01-27,481,0.9269844760433371,0.9231620522877706,0.003822423755566611
2026-01-28,479,0.9837219041918114,0.9737634050136753,0.009958499178136043
2026-01-29,480,1.2599300596095124,1.270870139696612,-0.010940080087099558
2026-01-30,486,1.566453369789638,1.5912285832429804,-0.024775213453342656
2026-02-02,489,1.675117470046079,1.7049649289294544,-0.029847458883375585
2026-02-03,484,1.2822041846410976,1.2758036669341721,0.006400517706925521
2026-02-04,481,1.1019292752395418,1.0892145877193382,0.01271468752020364
2026-02-05,478,1.2388695314192077,1.2467703326858965,-0.007900801266689
2026-02-06,480,1.1401425574853605,1.1424119454948487,-0.0022693880094883617
2026-02-09,483,1.4024596316002795,1.4368267042518401,-0.03436707265156038
2026-02-10,464,1.2876215560311985,1.3016330881620166,-0.014011532130817924
2026-02-11,452,1.0044430892474328,0.9907381054483438,0.013704983799089005
2026-02-12,449,0.9162676094858679,0.8856761886699147,0.030591420815953282
2026-02-13,467,0.8416304212080262,0.7907060609654666,0.050924360242559565
2026-02-17,477,0.8307881368154368,0.7817026690712429,0.049085467744194027
2026-02-18,475,0.9662017597587644,0.9594240742106345,0.006777685548129854
2026-02-19,476,0.8506825222069354,0.8176430221471869,0.03303950005974851
2026-02-20,477,0.8225876566218632,0.7909837882685123,0.03160386835335083
2026-02-23,483,0.9598728759431381,0.9435072597731878,0.016365616169950328
2026-02-24,469,0.9304597390340734,0.9047487013028193,0.02571103773125412
2026-02-25,458,1.0202932239844795,0.9976438253683299,0.02264939861614971
2026-02-26,456,1.0428815011559927,1.0285176552069952,0.014363845948997643
2026-02-27,467,0.9193616022401705,0.890939784231902,0.028421818008268405
2026-03-02,477,1.1337941411628374,1.1410686778081274,-0.007274536645290076
2026-03-03,460,1.1142943004503048,1.121336196270334,-0.007041895820029292
2026-03-04,456,0.9777784454562106,0.9643929002203788,0.013385545235831759
2026-03-05,450,0.8931082080302898,0.8834345549595498,0.009673653070740128
2026-03-06,463,0.9530516568909877,0.9627260698589433,-0.009674412967955598
2026-03-09,473,1.2008075880048212,1.2336495484938341,-0.03284196048901276
2026-03-10,465,1.0366675483644783,1.0381443589063488,-0.0014768105418705058
2026-03-11,458,0.7562180514436616,0.7381864594984306,0.018031591945230966
2026-03-12,451,0.7376903561176894,0.7075100062762556,0.030180349841433748
2026-03-13,472,0.716719979165355,0.7001706716367687,0.016549307528586386
2026-03-16,483,0.8278034691014969,0.8141611490080141,0.013642320093482851
2026-03-17,488,1.1139879412863334,1.0992089824546487,0.014778958831684822
2026-03-18,487,0.7181251299767758,0.7035179872284844,0.014607142748291385
2026-03-19,488,0.816376934714209,0.809438011428717,0.006938923285492072
2026-03-20,489,0.9721166677648521,0.9694256432795552,0.0026910244852970866
2026-03-23,490,0.7711122673588948,0.7661915224472938,0.004920744911601016
2026-03-24,488,0.9187084968998415,0.919551728904739,-0.0008432320048976317
2026-03-25,489,1.175855830841361,1.207329607477108,-0.03147377663574717
2026-03-26,467,0.6021398835775468,0.5832979559120076,0.01884192766553915
2026-03-27,466,1.02068110559432,0.9934387197100892,0.027242385884230686
2026-03-30,458,1.1766233156382382,1.1661305952769072,0.010492720361330971
2026-03-31,477,0.7410929426907865,0.7281244302381011,0.012968512452685377
2026-04-01,480,0.6902333827070788,0.6750872165584378,0.015146166148641005
2026-04-02,490,1.0344555458698212,1.0248937774934153,0.009561768376406014
2026-04-06,488,1.2174635157829161,1.207410939537009,0.010052576245907203
2026-04-07,485,1.2711498188412387,1.2744683952824793,-0.0033185764412405963
2026-04-08,484,0.7378248029533344,0.7279043916191854,0.00992041133414901
2026-04-09,488,0.8168308987717607,0.7957635639258316,0.02106733484592917
2026-04-10,489,1.1286661922632244,1.0984595071380021,0.03020668512522233
2026-04-13,488,0.830671973509009,0.8109639117568205,0.01970806175218856
2026-04-14,486,0.851252668474104,0.8318687922494715,0.01938387622463245
2026-04-15,487,0.8689575102545797,0.8458736499688216,0.023083860285758137
2026-04-16,488,0.830656136981074,0.8131076479983903,0.01754848898268363
2026-04-17,488,0.9116497983321713,0.9061231053955002,0.0055266929366712195
2026-04-20,491,1.0754571683910192,1.070126630724171,0.005330537666848352
2026-04-21,491,1.0509364700572872,1.041370199666681,0.009566270390606042
2026-04-22,494,0.925126087579019,0.9134173262177466,0.011708761361272508
2026-04-23,494,0.8445895195159164,0.8427615635013898,0.0018279560145265904
2026-04-24,493,1.0047245020671316,1.0192357026059822,-0.014511200538850546
2026-04-27,487,1.0239990517927622,1.010774626669476,0.013224425123286048
2026-04-28,482,1.0028751655178607,0.9927183115668595,0.010156853951001419
2026-04-29,477,0.9383011967432986,0.9167844159326731,0.021516780810625524
2026-04-30,480,0.9491464034399926,0.9373362941255206,0.01181010931447191
2026-05-01,485,1.129449106403948,1.1157503156127566,0.01369879079119149
2026-05-04,490,1.1923114468317275,1.1720961648474217,0.02021528198430585
2026-05-05,480,1.3122294006679018,1.300259845283638,0.01196955538426371
2026-05-06,475,1.143293519358392,1.129089790544406,0.014203728813986264
2026-05-07,473,1.0015442652340076,0.9934452617016447,0.008099003532363052
2026-05-08,480,1.0283920455904982,1.0233946641752787,0.004997381415219421
2026-05-11,479,0.826880027430317,0.8016803138819282,0.025199713548388847
2026-05-12,457,0.9025357797531984,0.8833382071475812,0.019197572605617302
2026-05-13,452,0.9918232349476612,0.9912771190890646,0.0005461158585966411
2026-05-14,455,1.0400643578511202,1.0541217408507555,-0.014057382999635345
2026-05-15,475,0.8387582219824502,0.8145033099838431,0.024254911998607045
2026-05-18,481,0.8466817019214673,0.8109084587852926,0.03577324313617478
2026-05-19,465,1.1175668256515836,1.0858484815410965,0.031718344110487004
2026-05-20,467,0.9973273642350414,0.9749741329733286,0.022353231261712844
2026-05-21,469,0.9652524228549739,0.934331758723196,0.030920664131777985
2026-05-22,486,1.054545764110036,1.028632527426626,0.025913236683409994
2026-05-26,473,1.2269317484032018,1.2165546402471816,0.010377108156020257
2026-05-27,456,1.503293202303246,1.5179989657793893,-0.014705763476143502
2026-05-28,456,1.192748548271286,1.196640389921155,-0.003891841649869032
2026-05-29,468,1.0535014938152867,1.0302124854698675,0.023289008345419016
2026-06-01,482,1.0543356264249206,1.0344720315190965,0.01986359490582432
2026-06-02,466,1.1155600064110536,1.1338086877368057,-0.01824868132575226
2026-06-03,465,0.909060677518424,0.8991602502447733,0.009900427273650671
2026-06-04,466,0.9839564970920621,1.0016118670234297,-0.0176553699313678
2026-06-05,478,0.8423805522819333,0.8383145376784624,0.004066014603470877
2026-06-08,481,0.9186249943768915,0.9089444324443392,0.009680561932552383
2026-06-09,475,0.8275305855775605,0.8132709830440361,0.014259602533524464
2026-06-10,453,1.3820854028093783,1.3657148965337116,0.01637050627566672
2026-06-11,449,0.8975241065052771,0.860294383347111,0.03722972315816606
2026-06-12,458,1.0564603644109951,1.050908895282398,0.005551469128597089
2026-06-15,483,0.9229276101131133,0.9206714292521415,0.0022561808609717444
2026-06-16,485,1.1225652962553254,1.138094553407221,-0.01552925715189575
2026-06-17,485,0.8018796693260197,0.7738596440054879,0.028020025320531904
2026-06-18,486,0.9598303888307603,0.9525300463311593,0.007300342499601066
2026-06-22,487,1.1375866898585485,1.130347371273142,0.007239318585406465
2026-06-23,485,1.1921647226859884,1.18879916390057,0.003365558785418673
2026-06-24,485,0.9976253373010942,0.9886959827429553,0.008929354558138813
2026-06-25,467,0.983327551447989,0.9617754915046085,0.021552059943380435
2026-06-26,464,1.0123895076474383,0.9816405005257023,0.030749007121735908
2026-06-29,460,1.1895604006008542,1.2359736651429416,-0.04641326454208748
2026-06-30,475,1.2176415465293078,1.2595736971326696,-0.04193215060336176
2026-07-01,480,1.0186298019587843,1.0380106976884365,-0.019380895729652216
2026-07-02,485,0.9181051151017565,0.8976658980489571,0.020439217052799427
2026-07-06,488,0.8058518602949205,0.7720173504417653,0.03383450985315514
2026-07-07,483,0.7774212834013495,0.7551833200388485,0.022237963362500997
2026-07-08,484,0.7261079017876506,0.6884857949371856,0.03762210685046488
2026-07-09,488,0.7386687988580312,0.7035288589264131,0.03513993993161801
2026-07-10,491,0.8259600165001734,0.8177861216142122,0.008173894885961168
2026-07-13,492,0.8973023653254995,0.8982283779509291,-0.0009260126254296183
2026-07-14,488,0.9417484406461714,0.9611172460541962,-0.0193688054080249
2026-07-15,488,0.834512648767787,0.8270166038347709,0.007496044933016125
2026-07-16,486,0.9482465313141145,0.9463017073593537,0.0019448239547607794
2026-07-17,488,0.8873276530426053,0.8697513887534849,0.01757626428912043
2026-07-20,491,1.0614670404356668,1.0503297526948794,0.011137287740787342
2026-07-21,488,0.9914732764821242,0.973528472133115,0.017944804349009254
2026-07-22,489,1.1363461804591704,1.143086687847392,-0.006740507388221637
2026-07-23,489,1.8702302834326376,1.9213914904332838,-0.05116120700064618
2026-07-24,493,1.61331275872086,1.6745459138031036,-0.061233155082243515
2026-07-27,492,1.021297647961599,1.01031388406122,0.010983763900378854
2026-07-28,484,1.1766536204897675,1.187443383750326,-0.010789763260558402
2026-07-29,477,1.3859560749133735,1.3968962890104433,-0.010940214097069932
2026-07-30,477,1.3012926763217458,1.284928806710588,0.016363869611157853
2026-07-31,485,1.224579640000751,1.187912802240593,0.03666683776015796
2026-08-03,492,0.986715678304338,0.9414800685514986,0.04523560975283939
2026-08-04,485,0.9008770805820546,0.8511030495071606,0.049774031074894004
2026-08-05,480,0.9493113780834785,0.9092546341540199,0.04005674392945861
2026-08-06,478,0.8522951250306485,0.8067447323743098,0.04555039265633862
2026-08-07,480,0.8273607690363554,0.7851857075481162,0.04217506148823919
2026-08-10,480,0.8321756598249848,0.788583591252718,0.04359206857226679
2026-08-11,458,0.8097834748751573,0.767997587785118,0.04178588709003934
2026-08-12,455,0.7320382917997108,0.693330939371065,0.03870735242864584
2026-08-13,455,0.7814953656768616,0.7589343386988526,0.022561026978008897
2026-08-14,469,1.1056845284736454,1.089114879103464,0.01656964937018147
2026-08-17,473,1.2350020690233938,1.2337227510067659,0.0012793180166279622
2026-08-18,471,1.1585185799306246,1.1193398374924832,0.03917874243814134
2026-08-19,475,0.7839810601419146,0.7452413644764077,0.038739695665506876
