origin_trading_day,rows,baseline_loss,candidate_loss,loss_delta_baseline_minus_candidate
2020-05-05,445,1.6425907492603364,1.4409770289153674,0.20161372034496916
2020-05-06,442,1.6950658295407022,1.5097703091747972,0.185295520365905
2020-05-07,438,1.6328141371895484,1.4282043082866862,0.20460982890286197
2020-05-08,437,1.8958410595938067,1.7780596976546756,0.11778136193913089
2020-05-11,438,1.5104797725330366,1.2255926150982908,0.28488715743474563
2020-05-12,431,1.585827273719716,1.314593169348895,0.271234104370821
2020-05-13,431,2.3821513475951073,2.256756290804541,0.12539505679056598
2020-05-14,440,2.047151100990936,1.8598991145304131,0.18725198646052266
2020-05-15,443,2.0193985670193495,1.8296197411656758,0.18977882585367395
2020-05-18,440,1.7629874130072396,1.508497237595321,0.25449017541191876
2020-05-19,446,2.3781623594544667,2.212307335406252,0.16585502404821442
2020-05-20,438,1.8538117906346123,1.6063308426644511,0.247480947970161
2020-05-21,430,1.8294727232651053,1.611710771578334,0.2177619516867712
2020-05-22,433,1.9123461736296337,1.6989008626186293,0.21344531101100456
2020-05-26,434,1.6767024809417597,1.4175340830316925,0.25916839791006724
2020-05-27,434,1.695101881907386,1.4396724604011157,0.25542942150627057
2020-05-28,435,1.9380046098225345,1.6827662677177568,0.2552383421047776
2020-05-29,449,2.80746918743083,2.7012564418717075,0.10621274555912287
2020-06-01,452,3.0625587977020627,3.0174895610779973,0.04506923662406552
2020-06-02,448,2.147464676265451,1.9223901548179023,0.22507452144754844
2020-06-03,451,1.4851603809681533,1.1214341897292688,0.36372619123888444
2020-06-04,449,1.9476232881238413,1.8525423921376456,0.09508089598619579
2020-06-05,428,2.157325722733189,2.140939417262206,0.016386305470982878
2020-06-08,423,2.307808106344461,2.3182596186779474,-0.010451512333486465
2020-06-09,429,1.638677045142067,1.4387047936494661,0.19997225149260073
2020-06-10,430,1.5146955754918658,1.2573781058288513,0.25731746966301455
2020-06-11,444,1.585630374558577,1.394845605032263,0.1907847695263137
2020-06-12,461,1.4187445953004905,1.2342160315661217,0.18452856373436893
2020-06-15,467,1.3131263289291026,1.1778385556138415,0.1352877733152612
2020-06-16,469,1.3199409762745702,1.1814899470644054,0.138451029210165
2020-06-17,468,1.494617045626978,1.4485113932068754,0.04610565242010297
2020-06-18,467,1.388526616514047,1.3325682853977376,0.05595833111630936
2020-06-19,470,1.5299187385009865,1.4908152613360288,0.03910347716495766
2020-06-22,452,1.2559778068126497,1.1843203125923931,0.07165749422025688
2020-06-23,444,1.0804057653753076,1.0251556721787294,0.05525009319657815
2020-06-24,441,1.1291458885375005,1.0868537157940559,0.042292172743444656
2020-06-25,438,1.121737835677058,1.0897246955907838,0.03201314008627419
2020-06-26,438,1.5764845979925803,1.5724705382866364,0.004014059705943934
2020-06-29,455,1.2292174417093866,1.2173182272242302,0.011899214485156361
2020-06-30,463,1.2059106149314167,1.1937180719231564,0.012192543008260285
2020-07-01,458,1.3056114965220191,1.309349517867185,-0.0037380213451658384
2020-07-02,462,1.1483289457222492,1.1375087095482883,0.010820236173960784
2020-07-06,465,1.0951859805403088,1.0725072366951012,0.022678743845207787
2020-07-07,462,1.0241720168535526,1.0168097524222037,0.0073622644313488155
2020-07-08,461,1.2971770077069866,1.2952354362135643,0.0019415714934221523
2020-07-09,466,1.6722825776064532,1.6842224639684584,-0.011939886362005254
2020-07-10,464,1.4003347305000577,1.3933112601724937,0.007023470327563803
2020-07-13,464,1.3203481595212703,1.3083310024258397,0.012017157095430761
2020-07-14,467,1.09755575696587,1.0621142513996626,0.03544150556620736
2020-07-15,467,1.083048970165877,1.053518716817095,0.029530253348781944
2020-07-16,467,1.0597910181237584,1.027058573988904,0.03273244413485442
2020-07-17,469,1.0200504669932664,0.9874980708197235,0.032552396173542955
2020-07-20,468,1.070569440625725,1.0425499642790343,0.028019476346690466
2020-07-21,467,1.01130219573473,0.9838909962507498,0.027411199483980127
2020-07-22,469,1.0192434598095153,1.0001769267189815,0.01906653309053375
2020-07-23,464,1.087883841733196,1.0671230243420677,0.02076081739112827
2020-07-24,453,1.1619453164464417,1.150802600692796,0.0111427157536459
2020-07-27,452,1.1170762520967947,1.0936160705308342,0.02346018156596077
2020-07-28,454,1.2236031401924141,1.2040808375801795,0.01952230261223455
2020-07-29,454,1.128430526870967,1.103618596899565,0.0248119299714017
2020-07-30,455,1.1684121571796309,1.1499963250152108,0.01841583216442003
2020-07-31,459,1.2448355541251788,1.244957345658772,-0.00012179153359323508
2020-08-03,458,1.5063970144993146,1.5301833400350948,-0.023786325535780445
2020-08-04,456,1.4955065010275255,1.5151133883227752,-0.019606887295249675
2020-08-05,453,1.2396550779156914,1.2534172298935422,-0.0137621519778508
2020-08-06,436,1.0727511581575755,1.067841573378733,0.004909584778842626
2020-08-07,437,0.9469216863104848,0.929917382665834,0.017004303644650803
2020-08-10,436,0.9143007643393369,0.8880032633199817,0.02629750101935518
2020-08-11,430,1.023434662338383,1.0188058823817576,0.004628779956625421
2020-08-12,426,0.9339393980756315,0.913687465637232,0.020251932438399615
2020-08-13,445,0.9577345751158205,0.931096613592023,0.026637961523797528
2020-08-14,448,1.0370916426375016,1.0220982302821027,0.014993412355399097
2020-08-17,446,0.8644863607050616,0.8393440284911123,0.025142332213949264
2020-08-18,453,0.8310873789369914,0.8031610897161543,0.02792628922083705
2020-08-19,458,0.9271892213027317,0.9008858933576623,0.026303327945069347
2020-08-20,455,0.9359311484662005,0.9280476574912389,0.007883490974961726
2020-08-21,449,1.1234363452186238,1.142622337745374,-0.019185992526750142
2020-08-24,438,0.9145714679817639,0.9045891828314692,0.00998228515029472
2020-08-25,432,0.9609058525267715,0.9504230455295506,0.010482806997220866
2020-08-26,428,1.0674027314420096,1.0832294155904485,-0.015826684148438915
2020-08-27,423,0.8040490033904722,0.7708756420814946,0.03317336130897764
2020-08-28,434,0.959292947487443,0.9251025572632247,0.03419039022421839
2020-08-31,444,1.3531179241865399,1.3276265311532576,0.025491393033282357
2020-09-01,444,1.1605358986003964,1.1299112967510678,0.030624601849328706
2020-09-02,444,1.7990268186045266,1.781153208595236,0.017873610009290594
2020-09-03,455,1.118092904263703,1.09553706722412,0.022555837039582836
2020-09-04,428,0.9635639013247114,0.954960305714407,0.008603595610304294
2020-09-08,428,1.0924496712505665,1.1001565273203868,-0.007706856069820487
2020-09-09,432,0.9748124860697788,0.987515230251627,-0.012702744181848283
2020-09-10,436,1.016393806855934,1.0491146667700817,-0.032720859914147755
2020-09-11,436,0.888973647290583,0.9180268553052385,-0.029053208014655465
2020-09-14,461,1.1942192668319618,1.2088978871898688,-0.014678620357906983
2020-09-15,467,1.126523945797888,1.1433596082010538,-0.01683566240316591
2020-09-16,469,1.7766854941745178,1.7623265498772005,0.014358944297317447
2020-09-17,468,1.6157612700597306,1.6095425890834612,0.006218680976269397
2020-09-18,468,1.1837901677376026,1.1953620300169736,-0.011571862279371112
2020-09-21,470,0.8611893414836516,0.9119970611574257,-0.05080771967377414
2020-09-22,451,0.7654909019920972,0.8157848218067238,-0.05029391981462662
2020-09-23,444,1.093463579580533,1.1311765938573954,-0.037713014276862446
2020-09-24,441,1.2621743404928292,1.2820158851006858,-0.019841544607856646
2020-09-25,442,0.9713391287250491,1.0225350989968056,-0.05119597027175642
2020-09-28,437,0.9541155451268892,1.0091520595450292,-0.05503651441814013
2020-09-29,455,0.96063348398463,1.01666622168657,-0.05603273770194008
2020-09-30,463,1.1272390323289216,1.1677647670125644,-0.04052573468364243
2020-10-01,455,1.4625999048111529,1.474701749169726,-0.012101844358573415
2020-10-02,456,1.340375329113542,1.3697962766944383,-0.029420947580896063
2020-10-05,461,1.066238857465796,1.1149320445412274,-0.04869318707543134
2020-10-06,463,1.145273226780823,1.1952039750933479,-0.04993074831252467
2020-10-07,460,0.8624328330683794,0.9101540801125964,-0.047721247044216965
2020-10-08,469,0.865834271430932,0.9071723618842,-0.04133809045326806
2020-10-09,469,0.844683482020344,0.8778137289073851,-0.033130246887040984
2020-10-12,469,1.0437106455178533,1.051588596857806,-0.007877951339952775
2020-10-13,467,0.8708885421075426,0.9072566748378078,-0.03636813273026517
2020-10-14,469,0.8988580217300624,0.923991559235881,-0.02513353750581862
2020-10-15,470,0.9920039948775184,1.0194786218455774,-0.027474626968058816
2020-10-16,471,0.9502548872637125,0.9837125588531743,-0.03345767158946169
2020-10-19,470,0.9224888327348657,0.9471260879177721,-0.02463725518290628
2020-10-20,469,1.1230905071673347,1.1242782995329528,-0.0011877923656182015
2020-10-21,471,1.7409281126421239,1.7163246263074734,0.02460348633465056
2020-10-22,466,1.6976950616840647,1.661572910476061,0.03612215120800375
2020-10-23,456,1.92847985804113,1.88326996050443,0.04520989753670001
2020-10-26,456,1.1546710054896703,1.1628186471411144,-0.008147641651444168
2020-10-27,457,1.2459858351761968,1.259514722088429,-0.013528886912232243
2020-10-28,456,1.9249028366434386,1.9164362943619033,0.008466542281535296
2020-10-29,454,2.160956564399311,2.148046535358187,0.012910029041123884
2020-10-30,458,2.3891504881428975,2.3779171783886572,0.011233309754240039
2020-11-02,450,3.3001741752212013,3.209908580275363,0.09026559494583858
2020-11-03,445,2.6849177015982475,2.5868135830449233,0.09810411855332482
2020-11-04,446,2.5324513488219833,2.442408680821074,0.09004266800090954
2020-11-05,439,1.5496356178994322,1.5411523906457216,0.008483227253710507
2020-11-06,434,2.3279459820289277,2.2310640407971767,0.09688194123175119
2020-11-09,441,1.26523593428027,1.3386911670375257,-0.0734552327572559
2020-11-10,439,1.0680762445481284,1.1711752123995454,-0.10309896785141694
2020-11-11,432,1.0028395719988599,1.108419555001395,-0.10557998300253534
2020-11-12,440,1.3075487161679478,1.3657928656492455,-0.05824414948129793
2020-11-13,449,1.0233665262341312,1.1355081138979066,-0.11214158766377563
2020-11-16,446,1.118290125943447,1.2170012574635884,-0.0987111315201414
2020-11-17,450,1.252261650224086,1.3288217553171213,-0.07656010509303525
2020-11-18,453,1.2016184911433,1.2796300076856226,-0.07801151654232251
2020-11-19,450,1.0669743221379433,1.1719108738675033,-0.10493655172955998
2020-11-20,438,1.002281879844701,1.1260443362771098,-0.12376245643240884
2020-11-23,432,0.943860047889479,1.0662777990317314,-0.12241775114225252
2020-11-24,432,0.938945060197703,1.0516979339058337,-0.11275287370813075
2020-11-25,419,0.9334172280729858,1.0324430230843797,-0.09902579501139391
2020-11-27,428,1.0594754966381261,1.1402151935792406,-0.08073969694111448
2020-11-30,443,1.112844134521641,1.1864118173775164,-0.07356768285587544
2020-12-01,449,1.0436002129317594,1.1144946481466478,-0.07089443521488839
2020-12-02,447,0.9162927912514356,1.0096460778370149,-0.09335328658557937
2020-12-03,455,0.9025843705617521,0.9823588641085834,-0.07977449354683142
2020-12-04,454,0.8912355580833748,0.9593768169630826,-0.0681412588797077
2020-12-07,432,0.8843046394381667,0.9558859670329064,-0.07158132759473965
2020-12-08,430,0.8170117710715432,0.8217202274589662,-0.004708456387423126
2020-12-09,435,0.8768296649364004,0.8795150702537883,-0.0026854053173879983
2020-12-10,438,0.9341662301827766,0.9371143392146533,-0.0029481090318767183
2020-12-11,436,1.0078220122417527,1.011881627924091,-0.004059615682338286
2020-12-14,456,0.9060448838413924,0.8974826626896975,0.008562221151694908
2020-12-15,458,1.0169207176028423,1.004263251345047,0.012657466257795374
2020-12-16,459,0.8674362060998052,0.8456362221938598,0.02179998390594539
2020-12-17,458,0.8075843164926302,0.7785833452322841,0.029000971260346037
2020-12-18,465,0.7688828303969837,0.7458876183938377,0.022995212003146127
2020-12-21,467,0.7153669013983771,0.6931023872616567,0.022264514136720388
2020-12-22,454,0.7670578985535589,0.7512466064158053,0.01581129213775358
2020-12-23,444,0.7844516879039889,0.7574459544399399,0.02700573346404887
2020-12-24,446,0.8027057229586773,0.7624424225392477,0.04026330041942958
2020-12-28,444,0.8451255197798034,0.8153185712712259,0.029806948508577524
2020-12-29,443,1.3488160623896361,1.3748911060107978,-0.026075043621161666
2020-12-30,449,1.4852303993554503,1.5253835426637514,-0.04015314330830104
2020-12-31,456,1.421723863360318,1.4398925552910296,-0.01816869193071146
2021-01-04,461,1.6255535650698976,1.6848445302582518,-0.05929096518835433
2021-01-05,463,1.6260861118834724,1.6879628444798145,-0.061876732596342014
2021-01-06,462,1.017590397164145,1.0028726456585422,0.01471775150560266
2021-01-07,469,1.0488669914930122,1.0346153919604304,0.014251599532581708
2021-01-08,471,1.0455318012726145,1.0242032648273156,0.021328536445298994
2021-01-11,466,1.02595092310711,1.0044969884170518,0.02145393469005826
2021-01-12,466,1.024268080388882,1.0042736377872936,0.01999444260158831
2021-01-13,461,0.9773930110153778,0.9595293560144923,0.017863655000885482
2021-01-14,465,1.0090638758693584,0.9938630756716225,0.01520080019773585
2021-01-15,467,1.0112017419130643,0.999257524863458,0.011944217049606286
2021-01-19,471,1.1805516109035252,1.1643530587023037,0.016198552201221624
2021-01-20,471,1.8186391698456363,1.8057105315384288,0.012928638307207717
2021-01-21,472,1.1695575437294707,1.1470334402127604,0.02252410351671033
2021-01-22,460,1.4450175022004819,1.4260335190413806,0.018983983159101235
2021-01-25,459,1.1164867045927154,1.0987010380295443,0.017785666563170967
2021-01-26,458,0.9727054169871162,0.9603260754239791,0.01237934156313725
2021-01-27,458,1.3285974166369985,1.3212404381065213,0.007356978530477325
2021-01-28,454,1.1533622450816983,1.1657843239457935,-0.012422078864095045
2021-01-29,463,1.689245876175985,1.697807657347253,-0.008561781171268055
2021-02-01,459,1.67925822817793,1.692251684036231,-0.012993455858300983
2021-02-02,455,1.2868597860934765,1.3135179621283315,-0.02665817603485505
2021-02-03,452,1.218826399113848,1.2454365686949658,-0.026610169581117657
2021-02-04,442,1.105735569525686,1.127849941588441,-0.022114372062755083
2021-02-05,438,1.0974501854852612,1.1190266704580316,-0.021576484972770486
2021-02-08,435,1.00753835108208,1.030760431141578,-0.0232220800594979
2021-02-09,435,1.0205493482809895,1.0472863041779685,-0.026736955896978994
2021-02-10,430,0.920359810312066,0.9650966327509747,-0.04473682243890855
2021-02-11,439,0.9950942610013359,1.034921978584783,-0.0398277175834471
2021-02-12,444,1.243289007831993,1.263715431176648,-0.02042642334465522
2021-02-16,447,1.1624959342224102,1.1838857938683711,-0.021389859645960897
2021-02-17,450,1.3738660067208297,1.3906012025637828,-0.016735195842953108
2021-02-18,442,1.4061927043137898,1.4042447263417008,0.0019479779720888704
2021-02-19,436,1.223913732681686,1.2366972064835255,-0.012783473801839269
2021-02-22,436,0.894344284100315,0.9547818469487562,-0.06043756284844112
2021-02-23,438,0.864385607424684,0.9271492600239534,-0.06276365259926948
2021-02-24,435,1.1016152852528902,1.1147504927928165,-0.013135207539926405
2021-02-25,439,1.0840205077670584,1.1051142671407075,-0.021093759373648973
2021-02-26,447,1.2897297753188286,1.3101667560241268,-0.020436980705298417
2021-03-01,448,1.6298135803333818,1.5983483942712335,0.03146518606214818
2021-03-02,433,1.0423589315235624,1.070320823240758,-0.027961891717195583
2021-03-03,438,1.1473347294120786,1.1716939994734612,-0.02435927006138242
2021-03-04,437,1.4584330029056822,1.466766546451067,-0.008333543545384799
2021-03-05,422,1.1380034454793102,1.1691068092057875,-0.031103363726477106
2021-03-08,416,1.4205974100347554,1.4343931972278539,-0.013795787193098406
2021-03-09,424,1.0067134324194953,1.0555573903543354,-0.048843957934840004
2021-03-10,423,0.9550273769899783,0.9998303434385661,-0.04480296644858785
2021-03-11,432,0.9500709041850377,1.003157298715792,-0.053086394530754255
2021-03-12,453,0.9078294008703626,0.9637073710047033,-0.055877970134340704
2021-03-15,460,0.9476160852244434,0.9938766386365508,-0.04626055341210739
2021-03-16,469,1.0203359498345324,1.0497389940540809,-0.029403044219548403
2021-03-17,468,1.1796356467687499,1.1882568497799053,-0.008621203011155645
2021-03-18,468,0.8270799653706522,0.8901043038038087,-0.06302433843315645
2021-03-19,471,1.05135431774473,1.1085692006301144,-0.05721488288538446
2021-03-22,472,1.0389662932028136,1.0945705411047613,-0.05560424790194762
2021-03-23,454,1.0606306172530926,1.1211531406858586,-0.060522523432765964
2021-03-24,446,0.9687672864096151,1.024782403200019,-0.05601511679040391
2021-03-25,447,0.9894287181355683,1.0351212853401712,-0.045692567204602824
2021-03-26,443,0.8289298763536075,0.881185625177578,-0.052255748823970584
2021-03-29,439,0.971201132973438,1.0062768900523045,-0.03507575707886656
2021-03-30,457,0.8537921177180879,0.9020717429683865,-0.04827962525029853
2021-03-31,457,0.850334797830638,0.896765424816156,-0.04643062698551796
2021-04-01,457,0.7823680231286665,0.8246090625358061,-0.04224103940713964
2021-04-05,462,0.7087246498993921,0.7374817288095847,-0.028757078910192673
2021-04-06,466,0.720250915225355,0.7383394179625271,-0.018088502737172156
2021-04-07,462,0.7006669102498502,0.7156841155426646,-0.015017205292814514
2021-04-08,469,0.783193959098669,0.8037522367360665,-0.020558277637397523
2021-04-09,472,0.7837775553705627,0.8002991567544361,-0.0165216013838733
2021-04-12,473,0.7409797014691147,0.7512719937627295,-0.010292292293614586
2021-04-13,467,0.8280702917920558,0.8359988201438106,-0.00792852835175475
2021-04-14,471,0.8438690832626169,0.8562247832091678,-0.012355699946550822
2021-04-15,471,0.8041843883112697,0.8052115350718125,-0.001027146760542895
2021-04-16,468,0.7399106063072313,0.7395725996749959,0.00033800663223543226
2021-04-19,468,0.7439780246892365,0.7460526043189836,-0.0020745796297471026
2021-04-20,473,0.9953427702611253,1.0037730615965181,-0.008430291335392786
2021-04-21,473,0.9088916559951713,0.9056101499166238,0.0032815060785473943
2021-04-22,469,0.9797387465703827,0.979329997561431,0.0004087490089516337
2021-04-23,461,0.833193497250131,0.8270071182825842,0.006186378967546854
2021-04-26,460,0.954646388485586,0.9612492442732566,-0.006602855787670748
2021-04-27,461,1.0741096109537651,1.0858765770271304,-0.01176696607336534
2021-04-28,461,1.093381400780794,1.1105579695766474,-0.017176568795853366
2021-04-29,459,1.0982556320028631,1.1148009820437148,-0.01654535004085174
2021-04-30,460,1.2012812318143744,1.2164852258340992,-0.015203994019724784
2021-05-03,456,1.1216839048833962,1.1419848030580795,-0.020300898174683276
2021-05-04,453,0.8781543980027529,0.8843945462223539,-0.0062401482196011715
2021-05-05,449,1.0707834832486791,1.0743519341221701,-0.00356845087349112
2021-05-06,440,0.8815398881721289,0.8866931176431251,-0.005153229470996163
2021-05-07,440,0.7723913221709993,0.7812508782913288,-0.00885955612032955
2021-05-10,444,0.7768284246929349,0.7868745967296832,-0.01004617203674835
2021-05-11,439,0.734493987764626,0.7443708189941417,-0.009876831229515602
2021-05-12,437,0.7493253490167928,0.7826674357241312,-0.03334208670733843
2021-05-13,446,0.8357359307214718,0.8661739027298344,-0.030437972008362516
2021-05-14,450,0.7503046417964907,0.7785705112254566,-0.028265869428965893
2021-05-17,445,0.8240479054038253,0.8579686163653352,-0.03392071096151003
2021-05-18,448,0.815075310666988,0.8483649078757808,-0.03328959720879276
2021-05-19,452,0.7756908852948564,0.8145226521518847,-0.038831766857028285
2021-05-20,442,0.7473862868820713,0.7777723029883072,-0.030386016106235984
2021-05-21,430,0.7271694016888933,0.7597226248965391,-0.03255322320764569
2021-05-24,430,0.770037847258908,0.7955952402311415,-0.025557392972233445
2021-05-25,429,0.8307510546140289,0.8534694801823625,-0.022718425568333686
2021-05-26,417,0.8013876617549194,0.8309921885242505,-0.029604526769331056
2021-05-27,436,0.7719704048434833,0.8064784943067463,-0.034508089463262843
2021-05-28,448,0.8425073396458729,0.8701212545397176,-0.02761391489384467
2021-06-01,449,0.7816731011134059,0.8196429353748118,-0.03796983426140584
2021-06-02,448,0.7689073351490479,0.8023912564370709,-0.03348392128802301
2021-06-03,453,0.8809541105989178,0.9157920731288836,-0.03483796252996574
2021-06-04,451,0.7820268125248099,0.8140228544109724,-0.03199604188616251
2021-06-07,433,0.7934614418425946,0.8228981210752374,-0.029436679232642843
2021-06-08,430,0.754522616608278,0.7775583591045335,-0.023035742496255358
2021-06-09,434,0.7136248138202032,0.7380730543614039,-0.024448240541200712
2021-06-10,441,0.9332588326268084,0.9255956976945408,0.007663134932267781
2021-06-11,441,1.373383332408284,1.3469086527966208,0.026474679611663287
2021-06-14,462,0.8194800447241564,0.8139764036535941,0.005503641070562211
2021-06-15,470,0.8889425913297833,0.8805533481401524,0.00838924318963081
2021-06-16,471,0.8017216806834042,0.7965941069422181,0.005127573741186209
2021-06-17,467,0.6923186418456281,0.7060225773381968,-0.013703935492568781
2021-06-18,466,1.0250411681025562,1.0538356836108287,-0.028794515508272302
2021-06-21,468,0.7365107718727949,0.7748185737929187,-0.03830780192012383
2021-06-22,450,0.735906700612386,0.7705034489995773,-0.03459674838719116
2021-06-23,443,0.6850760316577073,0.7221005896431958,-0.0370245579854886
2021-06-24,442,0.5982303162823155,0.6362408804682816,-0.03801056418596607
2021-06-25,440,0.5925155121912914,0.6295052299985431,-0.036989717807251715
2021-06-28,437,0.6062513183204712,0.6386196469843591,-0.03236832866388796
2021-06-29,454,0.6869454003057444,0.7151332897493937,-0.028187889443649312
2021-06-30,456,0.8093823920984776,0.8137379181349561,-0.004355526036478468
2021-07-01,460,0.6568432789776468,0.684395484247966,-0.02755220527031919
2021-07-02,466,0.6088686785935178,0.6347062661803936,-0.025837587586875807
2021-07-06,470,0.5579398251181168,0.5891423919962442,-0.03120256687812726
2021-07-07,464,0.5858401069807416,0.6142140011995593,-0.028373894218817662
2021-07-08,468,0.6581975389140381,0.6822754385065087,-0.02407789959247079
2021-07-09,471,0.9253017940652141,0.9167485982912538,0.008553195773960211
2021-07-12,470,1.40054140624589,1.3195197048890386,0.08102170135685137
2021-07-13,465,0.8214703796150132,0.8218736880956685,-0.00040330848065519816
2021-07-14,471,0.6274987855081648,0.6584225432710477,-0.03092375776288291
2021-07-15,470,0.7166957648980754,0.735652562023514,-0.018956797125438792
2021-07-16,469,0.7934373891382304,0.8363123449852623,-0.04287495584703193
2021-07-19,467,1.2146862640152807,1.2373763389975738,-0.02269007498229301
2021-07-20,471,0.7256258970795347,0.7610436389028901,-0.035417741823355414
2021-07-21,471,0.6858383116814479,0.7308319869342982,-0.04499367525285022
2021-07-22,465,0.8122835836827067,0.8549746448327976,-0.042691061150090956
2021-07-23,454,0.74038708048014,0.7797105401600716,-0.03932345967993163
2021-07-26,456,0.7937075282696663,0.8296487584018055,-0.035941230132139304
2021-07-27,457,0.9606673020856511,0.9917262168863011,-0.03105891480065004
2021-07-28,457,0.9996432816085387,1.0138281117528463,-0.014184830144307657
2021-07-29,461,0.8902276484892255,0.917502067941543,-0.02727441945231746
2021-07-30,468,0.8182063533302578,0.8523494479398682,-0.034143094609610396
2021-08-02,459,0.8308382775325435,0.8608434774603931,-0.03000519992784977
2021-08-03,458,0.8444405624071484,0.8671163971977643,-0.022675834790615922
2021-08-04,454,1.0963941536806727,1.1043797870292205,-0.007985633348547818
2021-08-05,438,0.8869816061093192,0.8691953292286001,0.017786276880719085
2021-08-06,435,0.7322619241519255,0.730653382720715,0.001608541431210412
2021-08-09,443,0.7330933110221963,0.7319717702453812,0.0011215407768152507
2021-08-10,434,0.7718182198395145,0.7866951311846938,-0.01487691134517935
2021-08-11,433,0.8931108609697059,0.9390095118829376,-0.045898650913231656
2021-08-12,444,1.0455019609182314,1.1054271147275536,-0.059925153809321986
2021-08-13,448,0.8561216200611247,0.8953736370510176,-0.03925201698989293
2021-08-16,446,0.6349933769645899,0.6497326113770807,-0.014739234412490696
2021-08-17,454,0.711479500968202,0.7062497676103464,0.005229733357855576
2021-08-18,456,0.8205945331475166,0.8018531998539495,0.018741333293567093
2021-08-19,462,0.8664828826072047,0.8462137521313753,0.02026913047582938
2021-08-20,462,1.0319880697772503,0.9909924484739437,0.040995621303306536
2021-08-23,456,0.7169473452141937,0.707645717222002,0.009301627992191716
2021-08-24,435,0.6077213825623566,0.6065645033809005,0.0011568791814561634
2021-08-25,436,0.6731975338677535,0.6759917752959013,-0.0027942414281477914
2021-08-26,425,0.7397612592042979,0.7240557236595635,0.015705535544734313
2021-08-27,425,0.7125013924741552,0.723572452883555,-0.011071060409399761
2021-08-30,429,0.690182099981903,0.7002835761229619,-0.010101476141058866
2021-08-31,447,0.7096188151274148,0.7239727522289388,-0.014353937101523872
2021-09-01,434,0.7017609750118237,0.7161580554448925,-0.014397080433068836
2021-09-02,447,0.932598419662704,0.9581087457174893,-0.02551032605478521
2021-09-03,449,0.8628924318430751,0.8760586268035274,-0.013166194960452486
2021-09-07,429,0.8324121435548513,0.8509857347880921,-0.0185735912332408
2021-09-08,426,0.8376289866202599,0.8407871380734051,-0.003158151453145224
2021-09-09,438,0.7421458302893441,0.7508198724580676,-0.008674042168723544
2021-09-10,439,0.7737896523413332,0.7822160450544152,-0.008426392713081966
2021-09-13,440,0.9518688578164344,0.9874313736751075,-0.03556251585867303
2021-09-14,463,0.876277713044679,0.9030787651412236,-0.026801052096544483
2021-09-15,470,0.8702382731025481,0.8957124642705132,-0.02547419116796511
2021-09-16,468,0.7169007595349725,0.7224927636712314,-0.005592004136258806
2021-09-17,467,0.7444904045439651,0.7436193968384949,0.000871007705470245
2021-09-20,467,1.1967249828785644,1.138271297524578,0.058453685353986526
2021-09-21,469,1.2395967147556037,1.1926283447403456,0.046968370015257985
2021-09-22,449,1.032695769470166,1.0176062896956948,0.015089479774470942
2021-09-23,443,1.225051545037511,1.2520049816872352,-0.026953436649724216
2021-09-24,444,1.1253875084147573,1.1406735844843632,-0.015286076069605855
2021-09-27,440,1.2342541243970517,1.267156461834984,-0.03290233743793192
2021-09-28,437,0.7511868235572007,0.7583931410118001,-0.007206317454599478
2021-09-29,457,0.749077496959733,0.7556946234502993,-0.006617126490566166
2021-09-30,458,0.8606100824420398,0.8323734847759512,0.02823659766608875
2021-10-01,458,0.7677790568501883,0.756791962609596,0.0109870942405922
2021-10-04,464,0.7786640989476175,0.7694173826774262,0.009246716270191132
2021-10-05,468,0.741375993032478,0.745099924443008,-0.0037239314105299835
2021-10-06,466,0.7525786757499244,0.7478090632309362,0.0047696125189882095
2021-10-07,469,0.7191201546221188,0.7075260004445557,0.011594154177563152
2021-10-08,470,0.7711917057070594,0.7499471367553332,0.021244568951726137
2021-10-11,470,0.9576624336281823,0.9219163101720143,0.03574612345616807
2021-10-12,469,1.0741330189430904,1.0300645873596477,0.04406843158344279
2021-10-13,471,1.1311983905460536,1.0783327064624808,0.05286568408357273
2021-10-14,474,0.8411216187813383,0.8216080891395013,0.019513529641836908
2021-10-15,474,0.8686490418081715,0.8465963385513778,0.022052703256793583
2021-10-18,473,0.8792297560482794,0.8549523439582839,0.024277412089995388
2021-10-19,473,0.796338358973461,0.7828160093175768,0.013522349655884168
2021-10-20,473,0.9044765048303255,0.9180552997853366,-0.013578794955011098
2021-10-21,470,0.8843862518267147,0.8864509144273979,-0.0020646626006831864
2021-10-22,458,0.9851055484696475,0.9940198233261605,-0.008914274856512945
2021-10-25,456,0.9260613572227774,0.9247286054613059,0.001332751761471606
2021-10-26,455,1.0347346838625524,1.027692895919801,0.007041787942751328
2021-10-27,456,1.1652582476816242,1.1256305325179126,0.039627715163711594
2021-10-28,455,1.1182038300112591,1.0949350880855613,0.023268741925697826
2021-10-29,464,1.3102051627040283,1.27377717148708,0.03642799121694853
2021-11-01,465,1.0370979761382484,1.0177180070028489,0.019379969135399532
2021-11-02,458,1.0221580598647801,1.0073874796756073,0.014770580189172834
2021-11-03,439,0.8438684333448112,0.8515793968859454,-0.007710963541134181
2021-11-04,448,0.7789276949825057,0.7868393177845129,-0.007911622802007131
2021-11-05,436,0.8066556781336848,0.820982557011013,-0.014326878877328135
2021-11-08,432,0.7511725539548997,0.7646949447090537,-0.013522390754154102
2021-11-09,435,0.7500247194519405,0.7593871540285386,-0.009362434576598194
2021-11-10,448,0.7750933848899834,0.77710201859803,-0.0020086337080464966
2021-11-11,433,0.8063668788985374,0.8195517966286266,-0.013184917730089271
2021-11-12,446,0.9239873033866455,0.9496160364259728,-0.025628733039327417
2021-11-15,445,0.8757090646017356,0.8985119536345892,-0.02280288903285372
2021-11-16,447,0.8313093417106433,0.8623488887492483,-0.03103954703860503
2021-11-17,446,0.7814741845617632,0.7957303025383852,-0.01425611797662193
2021-11-18,457,1.1201925542269062,1.1629955941354657,-0.04280303990855948
2021-11-19,450,0.8847793113960579,0.9085209713931232,-0.0237416599970652
2021-11-22,437,1.4519669022066122,1.5308479248234759,-0.07888102261686372
2021-11-23,436,1.986784379893216,2.1069864479121487,-0.12020206801893239
2021-11-24,425,1.2386500017602113,1.2993452041114202,-0.06069520235120863
2021-11-26,426,0.9215697594677955,0.9557518266420202,-0.03418206717422467
2021-11-29,432,0.9290350149901528,0.9645536209391105,-0.035518605948957636
2021-11-30,448,1.2419995989439705,1.1866938560107163,0.05530574293325413
2021-12-01,450,1.672892927143609,1.5496315171160995,0.12326141002750941
2021-12-02,452,0.9120777445255956,0.8876199511669894,0.02445779335860612
2021-12-03,453,1.108158833227449,1.0586221483978897,0.0495366848295593
2021-12-06,453,0.8183889848660282,0.8096199314506175,0.008769053415410788
2021-12-07,436,0.9093774548177505,0.9446417127112885,-0.0352642578935379
2021-12-08,434,0.9567350619045142,0.9799547939497141,-0.023219732045199917
2021-12-09,443,1.0373895346316635,1.0556509908906557,-0.018261456258992115
2021-12-10,440,1.029279735351482,1.078279415473895,-0.04899968012241306
2021-12-13,440,1.0349227647983994,1.1005984452092359,-0.06567568041083655
2021-12-14,457,0.7465091452761016,0.7412763699029683,0.005232775373133261
2021-12-15,458,0.8274726022807037,0.824881705737251,0.00259089654345276
2021-12-16,464,0.9290989354036698,0.8958326182625495,0.033266317141120404
2021-12-17,467,1.0458769763811206,0.9863996034870534,0.05947737289406753
2021-12-20,471,1.4370526559405694,1.34216151312184,0.09489114281872925
2021-12-21,474,0.9091284412927194,0.8638414498948364,0.04528699139788317
2021-12-22,463,0.672456612580772,0.6431181809468568,0.02933843163391514
2021-12-23,453,0.635553223721203,0.615752597618703,0.01980062610250004
2021-12-27,452,0.6337055333760377,0.6373703235160243,-0.0036647901399865204
2021-12-28,449,0.8900396905968616,0.8811983071110865,0.008841383485775076
2021-12-29,448,1.2286031421753256,1.2970040877385132,-0.06840094556318753
2021-12-30,456,1.3947911997201796,1.4391121096352464,-0.044320909915066764
2021-12-31,460,1.7926968543932629,1.85739402903621,-0.06469717464294719
2022-01-03,464,1.4141691032636738,1.4876118955398574,-0.07344279227618354
2022-01-04,467,1.0725000362035855,1.1166949820807166,-0.04419494587713103
2022-01-05,468,0.8625308990930545,0.8498123383243112,0.012718560768743222
2022-01-06,470,0.8965421641109025,0.9172464604810875,-0.020704296370184967
2022-01-07,474,0.906780066299885,0.925399966774016,-0.018619900474131083
2022-01-10,471,1.0049188569349465,1.0609095939958113,-0.055990737060864645
2022-01-11,469,1.3296053758750086,1.4664762168057233,-0.13687084093071464
2022-01-12,463,1.681188166311542,1.8794702538592052,-0.19828208754766308
2022-01-13,469,1.9551504103938602,2.1657241641596614,-0.21057375376580106
2022-01-14,472,1.6359775025402667,1.8038430169338888,-0.16786551439362193
2022-01-18,474,1.4844338393905545,1.6326121984173219,-0.14817835902676738
2022-01-19,474,1.4152710703749856,1.5512071411385466,-0.13593607076356104
2022-01-20,480,1.3719584409892704,1.4903376514360298,-0.11837921044675939
2022-01-21,470,0.9649056418515197,0.9768226630897431,-0.011917021238223366
2022-01-24,463,0.9035214152556785,0.8895316620450152,0.013989753210663454
2022-01-25,463,1.215500712399324,1.1835077010925785,0.03199301130674542
2022-01-26,463,1.564351579022991,1.5151870888820578,0.04916449014093307
2022-01-27,458,1.2957283586594306,1.2498540281996247,0.04587433045980587
2022-01-28,463,1.0130640806030566,0.9873300285309592,0.025734052072097585
2022-01-31,465,1.0527558508087267,1.0695945748651177,-0.016838724056391002
2022-02-01,464,1.059529856184808,1.08056596477556,-0.021036108590752032
2022-02-02,459,1.0015460914345835,0.9911093334983709,0.01043675793621272
2022-02-03,452,1.1007689799247844,1.0905223713955818,0.010246608529202532
2022-02-04,449,0.9320347660199089,0.9533619438842357,-0.021327177864326766
2022-02-07,446,0.9199517698798146,0.9517829052635678,-0.03183113538375309
2022-02-08,441,0.9334912572602218,0.9494871392369412,-0.015995881976719414
2022-02-09,445,1.1241744046698712,1.200832473228551,-0.07665806855867983
2022-02-10,441,1.149120228541511,1.2360051413746853,-0.08688491283317425
2022-02-11,441,0.9738743762042947,1.0145638995591675,-0.04068952335487277
2022-02-14,445,0.9513897895630098,1.0028519384424406,-0.05146214887943085
2022-02-15,451,1.7002907586579756,1.9222758405183211,-0.22198508186034524
2022-02-16,442,1.4664088667190376,1.594064698239257,-0.12765583152021964
2022-02-17,445,0.9326951449991367,0.9224771207561994,0.010218024242937452
2022-02-18,439,1.1567019117403956,1.1502056526122901,0.00649625912810561
2022-02-22,436,1.5029556177375873,1.5185141082904186,-0.01555849055283137
2022-02-23,433,1.6820140677389992,1.6061955794667362,0.075818488272263
2022-02-24,435,1.3869664729309321,1.3462221949958615,0.0407442779350708
2022-02-25,441,1.7191698634555894,1.812371719478114,-0.09320185602252454
2022-02-28,451,2.2692200762054897,2.5180020320480727,-0.24878195584258347
2022-03-01,453,1.6270932450441167,1.8012789580477184,-0.17418571300360164
2022-03-02,440,1.2639453365246163,1.3911036802405312,-0.12715834371591472
2022-03-03,436,1.2538277732140555,1.35975370180086,-0.10592592858680482
2022-03-04,442,1.2804439829742558,1.3923763185871962,-0.11193233561294051
2022-03-07,423,1.1948063145349503,1.2249871963305512,-0.030180881795600786
2022-03-08,420,1.1278912652497624,1.0839940555471905,0.04389720970257186
2022-03-09,432,0.9661033836994319,0.9152026778872648,0.050900705812167
2022-03-10,440,1.194020450812601,1.120276146209722,0.07374430460287917
2022-03-11,440,1.8624030625146364,1.7603257505645316,0.10207731195010475
2022-03-14,460,1.8831385721280756,1.7825960368879967,0.10054253524007896
2022-03-15,468,1.585513889506088,1.489976789174042,0.09553710033204632
2022-03-16,471,0.9585205637501727,0.9085567982851782,0.04996376546499465
2022-03-17,470,0.9007132636564891,0.8627441241014556,0.03796913955503345
2022-03-18,471,1.0093634672103675,0.9825735583619581,0.026789908848409448
2022-03-21,474,0.8187137881786422,0.7709249701864983,0.04778881799214387
2022-03-22,474,0.9074613038350506,0.8484771894914228,0.058984114343627776
2022-03-23,457,1.0386917496905603,0.970567011275354,0.06812473841520615
2022-03-24,454,0.877293687091359,0.8564664672117073,0.020827219879651793
2022-03-25,452,1.0068353871205662,1.0074283777825463,-0.0005929906619801219
2022-03-28,449,0.8728793287766913,0.8653332832978439,0.007546045478847427
2022-03-29,444,1.1985294173278507,1.3155643283480953,-0.11703491102024467
2022-03-30,463,1.2584513015237575,1.3787084879390785,-0.12025718641532089
2022-03-31,463,1.1134826244571532,1.1617396698330738,-0.04825704537592067
2022-04-01,460,1.1172827286899962,1.1810501170638663,-0.06376738837387007
2022-04-04,463,1.2921302235426912,1.4390895411338094,-0.1469593175911184
2022-04-05,466,1.0950536215929987,1.1655157186737963,-0.07046209708079762
2022-04-06,461,0.8440301086558673,0.812720614979606,0.031309493676261214
2022-04-07,470,1.0102291477972056,1.0427055191106192,-0.03247637131341349
2022-04-08,476,1.0055054814888336,1.036561938744999,-0.03105645725616545
2022-04-11,473,0.926277681628905,0.8676088405130802,0.05866884111582485
2022-04-12,474,1.086253978248139,1.0319700613853635,0.05428391686277563
2022-04-13,476,1.02636025309993,1.0571789442625161,-0.03081869116258613
2022-04-14,476,1.1434305052471254,1.2232683710709413,-0.07983786582381597
2022-04-18,474,1.1198209599363933,1.1620283523616695,-0.042207392425276005
2022-04-19,475,1.9690040341633401,2.2741371654102664,-0.30513313124692654
2022-04-20,476,2.1291017845804445,2.4412536563240024,-0.31215187174355774
2022-04-21,474,1.3596964141968444,1.4535399462509937,-0.09384353205414946
2022-04-22,464,1.3814755820827174,1.5004767803334589,-0.11900119825074132
2022-04-25,465,1.4336299434593358,1.557385408714256,-0.12375546525492027
2022-04-26,467,1.148354067079436,1.169440327536598,-0.021086260457162005
2022-04-27,466,1.3807462612825079,1.356417424225049,0.024328837057458967
2022-04-28,467,1.4278007938625705,1.562097851264615,-0.13429705740204448
2022-04-29,471,1.3329838733616846,1.3859632514295726,-0.052979378067888244
2022-05-02,464,1.9069202045926004,2.188437148734007,-0.2815169441414062
2022-05-03,462,1.927507707787967,2.213857418099394,-0.2863497103114272
2022-05-04,459,3.050081059111448,3.647530399012075,-0.5974493399006271
2022-05-05,448,1.8454278644983866,2.159986401677023,-0.31455853717863624
2022-05-06,440,1.0510424124493605,1.10646131663735,-0.05541890418798952
2022-05-09,445,0.9282386314699874,0.8842453086459859,0.04399332282400152
2022-05-10,440,1.1409913433461958,1.055676543620782,0.0853147997254137
2022-05-11,437,1.1115516970260595,1.0929868338255364,0.018564863200523137
2022-05-12,441,1.143671906315083,1.1431632952360085,0.0005086110790744365
2022-05-13,454,1.271550292284346,1.3706981021736775,-0.09914780988933143
2022-05-16,451,1.1223629286701493,1.1407671912111148,-0.018404262540965624
2022-05-17,451,1.5252435226367766,1.7325548511368243,-0.20731132850004752
2022-05-18,457,1.036018002204379,0.9818259123161579,0.054192089888221065
2022-05-19,460,1.2960966013768853,1.1994148600107333,0.09668174136615203
2022-05-20,447,1.9312710423905264,1.7979157825390972,0.13335525985142904
2022-05-23,436,1.237429925634913,1.1353821983377272,0.10204772729718577
2022-05-24,438,1.3478579560713515,1.2596402719882387,0.08821768408311269
2022-05-25,424,1.5494357950102347,1.4619905546344742,0.0874452403757607
2022-05-26,431,0.9055190051515162,0.8560250235532139,0.04949398159830238
2022-05-27,443,0.9385883469874956,0.94899218603572,-0.010403839048224334
2022-05-31,454,0.8918820480145486,0.8400220832613492,0.051859964753199435
2022-06-01,454,0.8449017143778688,0.7910523897393491,0.053849324638519665
2022-06-02,453,1.3405716753084327,1.4982913100650859,-0.15771963475665296
2022-06-03,455,1.6832455495930003,1.9458697406051786,-0.26262419101217854
2022-06-06,455,3.1308004230454483,3.7702561421549334,-0.6394557191094855
2022-06-07,436,3.770093635971002,4.467562791559036,-0.6974691555880334
2022-06-08,436,2.8060157244136295,3.33084114367899,-0.5248254192653607
2022-06-09,446,3.349721280399951,3.9666570700838846,-0.6169357896839339
2022-06-10,444,2.3201721499028425,2.676880479609234,-0.3567083297063915
2022-06-13,444,1.1284600428515,1.1535539421549568,-0.025093899303456933
2022-06-14,467,1.1735777452328378,1.2055234025738213,-0.031945657340983376
2022-06-15,467,1.412433144708272,1.4805524976573745,-0.06811935294910242
2022-06-16,470,2.235121105459047,2.1687431680535187,0.06637793740552862
2022-06-17,472,1.8215701889766849,1.7344776025227309,0.0870925864539542
2022-06-21,475,0.9876439203045974,0.9169207878449657,0.07072313245963166
2022-06-22,459,0.8917459556517604,0.8166176597245343,0.07512829592722622
2022-06-23,449,0.8691564632908018,0.8494572158594861,0.01969924743131566
2022-06-24,449,1.1314314121373459,1.2318039519507358,-0.10037253981338964
2022-06-27,446,1.038889273364335,1.0895179049125474,-0.05062863154821245
2022-06-28,443,1.0807512924684444,1.1055129790411504,-0.024761686572706224
2022-06-29,454,0.9081414159434721,0.8388334077523265,0.0693080081911456
2022-06-30,463,0.9481905269908598,0.8800097345135074,0.06818079247735243
2022-07-01,466,0.8579804489694685,0.8224334317779871,0.03554701719148144
2022-07-05,470,0.7728313282512528,0.7363179229276128,0.03651340532363996
2022-07-06,472,0.8672864446332186,0.8578581678011148,0.009428276832103767
2022-07-07,473,1.1960467648637239,1.3118284954599269,-0.1157817305962031
2022-07-08,478,0.8652874577872967,0.8581754114866855,0.007112046300611205
2022-07-11,477,0.9340332188398256,0.9114533424343398,0.022579876405485737
2022-07-12,474,1.1257803872823136,1.0493106323525685,0.07646975492974498
2022-07-13,473,1.5601104094048857,1.5047169502525013,0.05539345915238431
2022-07-14,473,2.0437493520895256,2.002982885684924,0.040766466404601326
2022-07-15,473,1.2360205161271147,1.1787909932274905,0.0572295228996242
2022-07-18,475,1.333485413120403,1.2779679639688455,0.05551744915155732
2022-07-19,476,0.9240839725941031,0.8909553029048228,0.03312866968928038
2022-07-20,477,1.011967379710223,0.9699788231675596,0.04198855654266368
2022-07-21,474,1.1882638009416095,1.148297099465268,0.039966701476341605
2022-07-22,461,1.5485615115639166,1.495522511332218,0.05303900023169901
2022-07-25,460,1.4222197900695472,1.3787944873197253,0.043425302749821926
2022-07-26,463,1.575926517103447,1.5454507391195667,0.030475777983880434
2022-07-27,462,1.3764902830949663,1.3371631588669444,0.039327124228021905
2022-07-28,465,1.1595284065207867,1.1243433788332629,0.03518502768752388
2022-07-29,474,1.079096504377679,1.0444918776301693,0.03460462674750965
2022-08-01,470,1.0471698313812443,1.0047255503418662,0.04244428103937832
2022-08-02,464,0.9454519503224221,0.9000038170026957,0.04544813331972639
2022-08-03,462,1.0350546852419025,0.9694034661048482,0.06565121913705431
2022-08-04,452,1.1736939660413406,1.1003485460842544,0.07334541995708643
2022-08-05,442,1.2918805542241483,1.2068698148424803,0.08501073938166791
2022-08-08,445,1.180809438241838,1.1026769380126877,0.07813250022915039
2022-08-09,441,1.3938687607916254,1.3228192648546373,0.071049495936988
2022-08-10,436,0.8366431464434186,0.78106529251251,0.05557785393090865
2022-08-11,438,0.830132011170247,0.7697217164899324,0.060410294680314856
2022-08-12,450,0.9369774831195197,0.9898902095515881,-0.05291272643206849
2022-08-15,448,1.3823163902740134,1.5607239680194984,-0.1784075777454849
2022-08-16,455,1.5575028752287765,1.7622272893673205,-0.20472441413854392
2022-08-17,460,1.2306863318459875,1.324904391445863,-0.09421805959987539
2022-08-18,469,0.9255843763561358,0.9542852472608797,-0.028700870904743995
2022-08-19,468,1.3451572370017617,1.462500776317056,-0.11734353931529418
2022-08-22,468,1.0438471980787514,1.0860601099921798,-0.0422129119134286
2022-08-23,456,1.0672361562774635,1.1291203317524143,-0.06188417547495075
2022-08-24,443,1.355749646662443,1.4893922639656672,-0.13364261730322421
2022-08-25,434,1.812911661114863,2.062494711672828,-0.24958305055796498
2022-08-26,434,1.1396165560790121,1.2284390995760897,-0.08882254349707763
2022-08-29,430,1.1112701983957407,1.1829626547897523,-0.07169245639401166
2022-08-30,440,0.8138413527682046,0.7802494997958285,0.033591852972376095
2022-08-31,439,0.9554616813807746,0.9113996147257032,0.04406206665507132
2022-09-01,449,1.0799058825069794,1.023829228778941,0.05607665372803844
2022-09-02,454,1.539877365277518,1.4968593328307487,0.043018032446769085
2022-09-06,456,0.818139379172693,0.7648671404543201,0.053272238718372875
2022-09-07,438,0.9323510223126893,0.9259517209983781,0.006399301314311148
2022-09-08,444,1.1378112630396737,1.2020624890306535,-0.06425122599097988
2022-09-09,446,1.6444809459358318,1.8520672965228555,-0.20758635058702382
2022-09-12,443,1.6716173406642125,1.8871155612076145,-0.21549822054340206
2022-09-13,446,1.1561778504339524,1.2573811977984697,-0.10120334736451732
2022-09-14,465,1.4835782184964044,1.6679458310245974,-0.18436761252819314
2022-09-15,474,1.6904349442013427,1.9396574945530058,-0.249222550351663
2022-09-16,472,1.817633997700307,2.0807273026484627,-0.2630933049481557
2022-09-19,474,2.5751336498491733,2.9887083798407343,-0.41357472999156053
2022-09-20,476,2.1157901969102215,2.4226743209589596,-0.30688412404873816
2022-09-21,479,1.1448992858349043,1.221558037810496,-0.07665875197559181
2022-09-22,458,1.276897529964006,1.3719733718607285,-0.09507584189672268
2022-09-23,453,1.2122765483184077,1.2962216933747837,-0.08394514505637587
2022-09-26,451,1.0981409341782593,1.0688216167404192,0.029319317437840085
2022-09-27,449,1.8398636899392937,1.7300633559223109,0.10980033401698298
2022-09-28,448,1.2219030589168063,1.1769101173620755,0.044992941554730485
2022-09-29,458,1.4200037274642374,1.3537559836035646,0.06624774386067286
2022-09-30,463,1.195942112920422,1.1487730619572303,0.047169050963191614
2022-10-03,466,1.0578359181049752,1.1130650284065546,-0.05522911030157928
2022-10-04,468,1.797520885820269,2.0774235705838064,-0.2799026847635376
2022-10-05,468,1.844446717654514,2.1111665816910437,-0.2667198640365296
2022-10-06,476,1.141462328038893,1.249335534292444,-0.10787320625355097
2022-10-07,477,1.1052428456939491,1.191043954475623,-0.08580110878167375
2022-10-10,476,0.8741676371562168,0.8427995836438401,0.031368053512376745
2022-10-11,475,1.0886936641797365,1.0175525375330503,0.07114112664668627
2022-10-12,477,1.0763241860000548,1.027731291494605,0.048592894505449444
2022-10-13,476,0.9472932052182561,0.9673354259700924,-0.02004222075183614
2022-10-14,478,1.459578677701238,1.3797837423526764,0.07979493534856141
2022-10-17,479,1.1898025210888479,1.131828717981942,0.05797380310690594
2022-10-18,480,1.219729039907468,1.1547945919290146,0.06493444797845381
2022-10-19,478,1.484366875232186,1.3895706834037356,0.09479619182845052
2022-10-20,482,1.9120545063259644,1.796263121466187,0.11579138485977745
2022-10-21,475,1.9625314809625023,1.860380437366904,0.10215104359559836
2022-10-24,465,1.5310715915468867,1.465974157283037,0.06509743426384983
2022-10-25,464,1.3157052255609716,1.289676798448475,0.026028427112496755
2022-10-26,466,1.2181560179569735,1.2639901961128628,-0.045834178155889325
2022-10-27,462,1.3489548436047012,1.4247444227151862,-0.07578957911048499
2022-10-28,462,1.4224580682632313,1.537821074390591,-0.1153630061273599
2022-10-31,469,1.3317429992810945,1.4003240145800206,-0.06858101529892642
2022-11-01,468,1.2867477318612064,1.3373754168294076,-0.050627684968201095
2022-11-02,450,1.1913562091931758,1.213877638253229,-0.022521429060053406
2022-11-03,445,2.399428948921309,2.3029073380490055,0.09652161087230306
2022-11-04,453,2.3190085264867557,2.380391844895944,-0.061383318409188044
2022-11-07,441,1.7271050296112513,1.7718141031142987,-0.04470907350304734
2022-11-08,437,1.861879110160045,1.9059580114132701,-0.04407890125322516
2022-11-09,445,1.8939671919108574,1.9456787541473692,-0.05171156223651156
2022-11-10,442,0.9066499997155226,0.9021617865618127,0.0044882131537098986
2022-11-11,438,1.028534978364791,1.0184933411188806,0.010041637245910668
2022-11-14,447,0.9913699113820348,0.9885068787731227,0.0028630326089121323
2022-11-15,447,1.0420410969056284,1.0398076566278713,0.0022334402777571495
2022-11-16,451,0.9356951311447239,0.9412310458418677,-0.005535914697143814
2022-11-17,460,0.9833422981006438,1.0035582689233966,-0.0202159708227528
2022-11-18,463,0.7611052571672731,0.7596536882758117,0.0014515688914613367
2022-11-21,459,0.7602978295678104,0.7620166051152399,-0.0017187755474293847
2022-11-22,443,0.863185485628805,0.8720080282382301,-0.008822542609424945
2022-11-23,433,0.8220664258241547,0.8281987523880269,-0.006132326563872237
2022-11-25,435,0.8476114668711204,0.852906795769994,-0.0052953288988735955
2022-11-28,434,0.8747152734186108,0.8786976728150411,-0.003982399396430344
2022-11-29,438,0.9594203892143965,0.9463336037222971,0.013086785492099367
2022-11-30,457,1.26856114904548,1.2350291654216243,0.033531983623855906
2022-12-01,457,1.1635142302810026,1.1330898519325805,0.030424378348422272
2022-12-02,458,1.2203207724159004,1.1809593700965195,0.03936140231938073
2022-12-05,459,0.8460678912266809,0.8352395744073446,0.010828316819336195
2022-12-06,458,0.9837592697031585,0.9926658659255245,-0.008906596222365983
2022-12-07,443,0.9307732065619814,0.9317660699648151,-0.0009928634028337653
2022-12-08,447,0.942443171229681,0.9179349258057955,0.024508245423885466
2022-12-09,443,0.9552919162723366,0.9242674367886712,0.031024479483665334
2022-12-12,439,1.4122715091018747,1.3581266826380456,0.054144826463829336
2022-12-13,443,1.536669853578491,1.4866381103768718,0.05003174320161922
2022-12-14,457,1.1188889858069184,1.0866214675365657,0.032267518270352805
2022-12-15,469,0.8930076997014554,0.8685098857012329,0.0244978140002226
2022-12-16,474,0.7795748274465922,0.7669958311268502,0.012578996319742155
2022-12-19,476,0.8276255266370083,0.8293776616140126,-0.0017521349770042865
2022-12-20,478,0.7820057460667527,0.7624832958473561,0.019522450219396668
2022-12-21,463,0.7126123608348072,0.6955042287175088,0.01710813211729839
2022-12-22,449,0.6735027357220185,0.6657546072461424,0.007748128475875998
2022-12-23,450,0.7795936831133403,0.7665976456948702,0.012996037418470063
2022-12-27,450,0.9364989009260967,0.9472418418913714,-0.010742940965274696
2022-12-28,442,1.026350997605027,1.0428146489361456,-0.016463651331118614
2022-12-29,459,1.0994238973634949,1.1208857329918904,-0.021461835628395362
2022-12-30,466,1.203412600537404,1.2387119626663747,-0.03529936212897049
2023-01-03,467,1.3499182251535455,1.3924446669737613,-0.04252644182021578
2023-01-04,469,1.1973499277799844,1.231349292192364,-0.03399936441237963
2023-01-05,472,1.6942122492255614,1.7769907050138962,-0.08277845578833494
2023-01-06,471,1.2185676053002334,1.2525959307715768,-0.034028325471343476
2023-01-09,477,1.0690479348100679,1.1016881160399628,-0.03264018122989473
2023-01-10,477,0.9489019275845574,0.9570990322887241,-0.008197104704166625
2023-01-11,470,1.0511799866264595,1.0245021728204844,0.02667781380597506
2023-01-12,472,0.8999640411546036,0.8896594716820709,0.010304569472532728
2023-01-13,476,0.9446206053307086,0.9463279714586784,-0.0017073661279697963
2023-01-17,473,0.8022787294243079,0.8075555102113972,-0.005276780787089192
2023-01-18,472,0.9008952500554466,0.9285289424043994,-0.027633692348952885
2023-01-19,478,1.3030086921685013,1.3573088904302746,-0.05430019826177342
2023-01-20,482,1.0430445489027655,1.0746217914202087,-0.03157724251744338
2023-01-23,475,0.8309932210721431,0.8345173158298786,-0.003524094757735457
2023-01-24,472,0.913942614844986,0.9399933215694057,-0.02605070672441966
2023-01-25,472,1.1775479787629417,1.2220905744822401,-0.044542595719298354
2023-01-26,470,1.560277077948378,1.6134456334448064,-0.05316855549642831
2023-01-27,466,1.1503938163873875,1.17870764026164,-0.028313823874252454
2023-01-30,467,1.108816147112707,1.1294436041465994,-0.0206274570338925
2023-01-31,471,0.982548512034385,1.0047425914223176,-0.022194079387932695
2023-02-01,466,0.9268993617440348,0.9282610916528746,-0.0013617299088397965
2023-02-02,456,1.2413099362980193,1.2262098155623726,0.015100120735646635
2023-02-03,455,1.028946438703455,1.0261332167201003,0.0028132219833546957
2023-02-06,456,0.841758563236822,0.856392035428792,-0.014633472191970026
2023-02-07,448,0.8511406894755952,0.8649586777085609,-0.013817988232965659
2023-02-08,447,0.8666460048729239,0.8892856554086113,-0.022639650535687374
2023-02-09,447,0.8060164219630493,0.8303716263141209,-0.02435520435107167
2023-02-10,443,0.8237157804175985,0.8375814949098027,-0.01386571449220424
2023-02-13,445,1.1017976402171106,1.0750998981277355,0.026697742089375143
2023-02-14,452,1.1129806543516456,1.0881248640135448,0.024855790338100807
2023-02-15,445,1.171961437789643,1.1432020933194706,0.028759344470172463
2023-02-16,452,1.1718736096297064,1.147964347954525,0.023909261675181464
2023-02-17,447,1.1028463935152222,1.082661312663376,0.020185080851846195
2023-02-21,435,0.8893115621066892,0.898577436155782,-0.00926587404909287
2023-02-22,435,0.9596103151013011,0.9604192193283524,-0.0008089042270513103
2023-02-23,437,0.819249187392924,0.8301712743602503,-0.01092208696732635
2023-02-24,437,0.8908753404256536,0.9240390016925639,-0.033163661266910185
2023-02-27,447,0.7708204910227722,0.8053553225756165,-0.034534831552844376
2023-02-28,456,0.7947144828981201,0.8145515919631456,-0.019837109065025494
2023-03-01,454,0.7746768220483398,0.7996588287093475,-0.024982006661007857
2023-03-02,442,1.0159735385818682,0.9872538660490646,0.02871967253280362
2023-03-03,445,1.9427805704093646,1.8135748151964959,0.12920575521286876
2023-03-06,448,2.1649109289924566,2.017202464180527,0.14770846481192978
2023-03-07,427,1.4889860586826238,1.419210567530962,0.0697754911516616
2023-03-08,431,2.051618385719629,1.922046988540497,0.12957139717913244
2023-03-09,439,1.3371822568851472,1.2968799688645702,0.040302288020576664
2023-03-10,438,1.3832057352212606,1.3494382814429726,0.033767453778288055
2023-03-13,438,0.878917598300702,0.9100781338317023,-0.031160535531000334
2023-03-14,462,0.7650187638349382,0.8036609469616632,-0.03864218312672501
2023-03-15,461,0.8192169561530027,0.8432223983839836,-0.024005442230980917
2023-03-16,473,0.9355831640927754,0.934496051138642,0.0010871129541334382
2023-03-17,477,0.7249346169108173,0.7585728098716298,-0.03363819296081246
2023-03-20,479,0.6853786780544456,0.7159179368681448,-0.03053925881369901
2023-03-21,481,0.758764046576826,0.7757573824364498,-0.016993335859623773
2023-03-22,484,0.8972881233177771,0.9368536588682929,-0.03956553555051574
2023-03-23,465,1.0708811853406481,1.1020430301922817,-0.03116184485163362
2023-03-24,458,1.2443246437888866,1.2757794819204764,-0.03145483813159006
2023-03-27,457,1.1033747988990483,1.1258970455022108,-0.022522246603162484
2023-03-28,455,0.9240079127526788,0.9602325355797205,-0.03622462282704172
2023-03-29,447,0.8850251138817357,0.9075955849046039,-0.02257047102286823
2023-03-30,458,0.9112710165856314,0.9223949536945057,-0.011123937108874424
2023-03-31,464,0.8714363504473561,0.8754810192341437,-0.004044668786787513
2023-04-03,465,0.7918614997104453,0.8066601149542162,-0.014798615243770921
2023-04-04,468,0.7215195956285642,0.745756227478962,-0.02423663185039776
2023-04-05,468,0.7085064470511673,0.7445318614485767,-0.03602541439740951
2023-04-06,477,0.7583089109120953,0.7862161565148176,-0.027907245602722223
2023-04-10,478,0.7262058767664151,0.7604353450974112,-0.03422946833099599
2023-04-11,478,0.7268328529264868,0.7556966548615827,-0.028863801935095842
2023-04-12,479,0.7683871088649042,0.7996793463030875,-0.03129223743818329
2023-04-13,479,0.822563634812304,0.8361188512739428,-0.013555216461638715
2023-04-14,480,0.804260860478983,0.8216066929364818,-0.01734583245749873
2023-04-17,480,0.7868733833477638,0.7990302433547173,-0.012156860006953485
2023-04-18,475,1.1002888997720408,1.0735947426336723,0.026694157138368656
2023-04-19,474,1.1949883229707177,1.156183215339033,0.03880510763168473
2023-04-20,477,0.9505331834185781,0.9527512468648138,-0.002218063446235894
2023-04-21,466,0.8763152720183123,0.8926412628496779,-0.016325990831365694
2023-04-24,466,0.8839553664602414,0.8980227238361415,-0.014067357375900128
2023-04-25,469,0.9995286173049389,1.0118297284430966,-0.012301111138157765
2023-04-26,468,1.124380222368204,1.1374866727751602,-0.013106450406956186
2023-04-27,464,1.1972516899556596,1.1803052821939612,0.016946407761698125
2023-04-28,470,1.0846451860509634,1.0808308023668267,0.003814383684136615
2023-05-01,468,1.1174072583666828,1.1125411497824227,0.004866108584260068
2023-05-02,463,1.0444512468488696,1.0576543939985186,-0.01320314714964906
2023-05-03,461,1.0703566781757858,1.08883352503323,-0.0184768468574439
2023-05-04,455,0.9689198287889245,0.9985672398799177,-0.02964741109099319
2023-05-05,447,0.9373494889588437,0.9521722573311121,-0.014822768372268355
2023-05-08,447,0.8455265973845932,0.8665991277312741,-0.0210725303466809
2023-05-09,448,0.9950806337235886,0.9890390118965368,0.006041621827051704
2023-05-10,445,0.908403668655982,0.9248881202351484,-0.016484451579166382
2023-05-11,446,1.0314362067927347,1.0507819177351134,-0.01934571094237878
2023-05-12,454,1.0046471691637442,1.0241457365085733,-0.019498567344829226
2023-05-15,452,0.880182681754,0.9062872985446345,-0.026104616790634392
2023-05-16,452,0.9433593881851049,0.9672830305996638,-0.02392364241455891
2023-05-17,456,0.8911297856484724,0.8900781201272877,0.0010516655211847779
2023-05-18,460,1.1040707350654,1.0801963101020875,0.023874424963312508
2023-05-19,455,1.2030280538568345,1.1906323545262232,0.012395699330611227
2023-05-22,450,1.2970751715393662,1.271867779550005,0.02520739198936109
2023-05-23,437,1.150195645124418,1.1450833407797796,0.005112304344638345
2023-05-24,424,1.2093353981993527,1.2204468375692001,-0.011111439369847511
2023-05-25,430,1.0966810157855535,1.1277321293784588,-0.031051113592905376
2023-05-26,439,0.8496951364187261,0.8837026038684499,-0.03400746744972377
2023-05-30,444,1.0084868420825535,1.0353875114306887,-0.02690066934813522
2023-05-31,458,1.4796259101363347,1.5009556196574598,-0.02132970952112511
2023-06-01,458,1.2324456943327733,1.2580234027136528,-0.02557770838087942
2023-06-02,459,0.7640255710303828,0.7939021944291891,-0.029876623398806302
2023-06-05,461,0.9072698600475518,0.9358396842199652,-0.028569824172413348
2023-06-06,459,0.9240068425599574,0.9564082624191492,-0.03240141985919174
2023-06-07,440,0.9488546554991316,0.9758703441069536,-0.02701568860782197
2023-06-08,442,0.9948156437206954,1.025885516411215,-0.03106987269051967
2023-06-09,440,1.0303502983819803,1.0661381979782163,-0.035787899596235954
2023-06-12,437,0.7858734065636798,0.8241723932832641,-0.03829898671958441
2023-06-13,441,0.7433943349961859,0.7717795511936903,-0.028385216197504542
2023-06-14,461,0.7378071548128782,0.7635732455371725,-0.02576609072429445
2023-06-15,472,0.9642567447933635,0.9554849671389153,0.008771777654448294
2023-06-16,476,0.8332204848843718,0.8358204016008858,-0.0025999167165139084
2023-06-20,479,0.7179564876206204,0.7438745832613798,-0.025918095640759347
2023-06-21,482,0.742814743486113,0.7720562613205861,-0.029241517834473037
2023-06-22,465,0.8114581458185562,0.8391023066125225,-0.02764416079396631
2023-06-23,459,1.0680582437964594,1.0913664730882608,-0.023308229291801607
2023-06-26,455,1.0033019746910476,1.034839374255928,-0.031537399564880504
2023-06-27,452,0.6925350151033135,0.7329000908011438,-0.04036507569783038
2023-06-28,443,0.6438907231068755,0.6847519272259832,-0.04086120411910777
2023-06-29,455,0.6522686889038587,0.6855045569530073,-0.033235868049148534
2023-06-30,461,0.6426803552761942,0.6786309785424846,-0.03595062326629042
2023-07-03,465,0.6706335817140111,0.7104886481416438,-0.03985506642763265
2023-07-05,466,0.8235207326968499,0.8634892473605761,-0.03996851466372619
2023-07-06,470,1.2350129134805412,1.2560998207221479,-0.02108690724160656
2023-07-07,475,0.9800892507239102,1.0092634158149645,-0.029174165091054298
2023-07-10,478,0.8655561275756399,0.8988542015035702,-0.03329807392793039
2023-07-11,479,0.8422503846274413,0.8790497905626392,-0.036799405935197774
2023-07-12,479,0.816654458444874,0.854655258942473,-0.038000800497598984
2023-07-13,476,0.8114781197544944,0.8382835364766984,-0.02680541672220401
2023-07-14,480,0.8609068259172342,0.8878715524989385,-0.026964726581704332
2023-07-17,478,0.9647053971256964,0.9882740132475305,-0.023568616121834095
2023-07-18,476,0.8882252884560599,0.9058334315497294,-0.017608143093669596
2023-07-19,475,0.871012030519999,0.8889726942490711,-0.017960663729072134
2023-07-20,480,0.9130793843382139,0.9140314349078419,-0.0009520505696279177
2023-07-21,470,0.984558557323869,0.9875869871869719,-0.003028429863102796
2023-07-24,464,0.9751221828435849,0.9807752359982812,-0.005653053154696256
2023-07-25,465,0.9855764961481159,0.9905822029585666,-0.005005706810450689
2023-07-26,467,1.040344878889498,1.0389242003439458,0.0014206785455521365
2023-07-27,465,0.9734420604145739,0.9808977226913305,-0.00745566227675657
2023-07-28,467,1.1484422746846528,1.1203104416956688,0.02813183298898398
2023-07-31,469,1.1577364372287098,1.133628569515528,0.024107867713181817
2023-08-01,466,1.204179562154843,1.174027851291365,0.03015171086347794
2023-08-02,459,1.0625993444768467,1.0497619292562708,0.012837415220575934
2023-08-03,452,0.9956341980513073,0.9955112355733104,0.00012296247799689348
2023-08-04,453,0.8923832024086981,0.9089851793782666,-0.016601976969568537
2023-08-07,449,0.881397541758634,0.8895354053465031,-0.008137863587869009
2023-08-08,446,0.9147158860072748,0.9111955918810969,0.0035202941261778618
2023-08-09,445,0.9268050899486902,0.9166954667025152,0.010109623246174992
2023-08-10,442,1.0562816260777905,1.0276449552209146,0.028636670856875816
2023-08-11,442,1.0112079546526245,0.9891284772908516,0.022079477361772838
2023-08-14,449,1.044917729044052,1.0123705643272345,0.03254716471681727
2023-08-15,451,0.8684487178704551,0.866095051019295,0.002353666851160221
2023-08-16,457,0.6952177435862065,0.7288161550054137,-0.03359841141920725
2023-08-17,467,0.6301190331763534,0.6689324810022758,-0.038813447825922456
2023-08-18,467,0.6319340753717049,0.6733471336017981,-0.041413058230093204
2023-08-21,467,0.6254076603556524,0.6716811262651714,-0.04627346590951903
2023-08-22,469,0.790907624316731,0.8382799236154804,-0.04737229929874929
2023-08-23,458,0.6721766278042546,0.7229043278290558,-0.050727700024801155
2023-08-24,435,0.9175549539594251,0.9574044525980775,-0.03984949863865236
2023-08-25,435,0.963690544646753,1.0001617217651981,-0.03647117711844518
2023-08-28,430,0.8545680088732607,0.8814614148071527,-0.026893405933892067
2023-08-29,427,0.8810976177177421,0.8895762418692454,-0.008478624151503364
2023-08-30,424,0.9595969478157673,0.9502598162430151,0.009337131572752105
2023-08-31,449,0.8989833005271318,0.8939110653505101,0.00507223517662169
2023-09-01,456,0.9253972366708166,0.9093405952585097,0.01605664141230698
2023-09-05,457,0.8200073601604452,0.8318111631380176,-0.011803802977572343
2023-09-06,460,0.8535135963742038,0.8654871765261547,-0.011973580151951001
2023-09-07,449,0.796357917578213,0.8285491718325315,-0.03219125425431845
2023-09-08,446,0.7684412302172324,0.7945236044509684,-0.026082374233735942
2023-09-11,442,0.7664161683574859,0.7859315075391657,-0.01951533918167979
2023-09-12,448,0.6716817942893555,0.7008820535859134,-0.02920025929655784
2023-09-13,448,0.6722700392994029,0.700460991467522,-0.0281909521681191
2023-09-14,472,1.2405055533713447,1.1701175475843009,0.07038800578704384
2023-09-15,474,1.0952064351800759,1.0514634722013638,0.043742962978712
2023-09-18,475,0.9977467609861617,0.966548411371469,0.031198349614692658
2023-09-19,474,1.2759849174112363,1.1956433336573349,0.08034158375390142
2023-09-20,476,1.1869589420874407,1.1245933052476906,0.062365636839750015
2023-09-21,458,0.8406464894902674,0.8482715853434454,-0.007625095853177852
2023-09-22,455,0.7676692933529948,0.7831382695605705,-0.01546897620757576
2023-09-25,455,1.056725968528417,1.0304175193803116,0.02630844914810531
2023-09-26,455,0.8946472368885025,0.8867194326135156,0.007927804274986912
2023-09-27,454,0.8585822992385715,0.8522520762403857,0.006330222998185915
2023-09-28,462,0.981786857975491,0.9525403333255162,0.029246524649974855
2023-09-29,461,0.8703434476353787,0.8765439477894036,-0.006200500154024911
2023-10-02,464,0.8303473072953829,0.847783620634229,-0.017436313338845977
2023-10-03,465,0.9877813226413238,1.007601503482726,-0.019820180841401913
2023-10-04,462,1.0637586549845337,1.0737413034439787,-0.009982648459444781
2023-10-05,471,1.0006468083361697,1.0085881435964836,-0.007941335260314018
2023-10-06,477,0.8694288645795678,0.8794363332939796,-0.010007468714411839
2023-10-09,475,0.7321762851422088,0.7704789271395034,-0.03830264199729461
2023-10-10,476,0.7590526015992907,0.784419978710589,-0.0253673771112982
2023-10-11,481,1.0177436403051636,0.9933738659759371,0.024369774329226622
2023-10-12,480,1.0623615153633243,1.0359333590169106,0.02642815634641398
2023-10-13,479,1.0489135803715437,1.0194354058372,0.029478174534343784
2023-10-16,480,1.4782350404311335,1.3801062578848589,0.0981287825462744
2023-10-17,478,1.4331334414553303,1.3350897765153913,0.098043664939939
2023-10-18,477,1.314290358935673,1.24151635599799,0.07277400293768288
2023-10-19,480,1.1675638429785447,1.1264991060409995,0.04106473693754521
2023-10-20,482,1.1767236093970277,1.1379553620850351,0.0387682473119928
2023-10-23,476,1.083389348703358,1.0696923888541858,0.013696959849171996
2023-10-24,465,1.0211718219237533,1.0149831317690594,0.006188690154693919
2023-10-25,466,1.1155626586491585,1.1162104731130411,-0.0006478144638827408
2023-10-26,464,1.4052976620637831,1.3912250099517696,0.014072652112013674
2023-10-27,461,2.2818839112700835,2.197526787338853,0.08435712393123018
2023-10-30,463,1.746480203986515,1.714443125772459,0.032037078214056
2023-10-31,472,1.5171739231271861,1.50104706071726,0.016126862409926352
2023-11-01,467,1.392881965699278,1.3857760688007168,0.007105896898561208
2023-11-02,458,1.0236691430581646,1.028563550717825,-0.00489440765966035
2023-11-03,454,1.0307424013665094,1.030854476852986,-0.00011207548647638856
2023-11-06,453,0.9446919573067271,0.9511423687050358,-0.006450411398308758
2023-11-07,440,1.0664823604345874,1.0767017462899382,-0.010219385855350819
2023-11-08,438,1.1199974236776546,1.1264550170552463,-0.006457593377591622
2023-11-09,432,1.3157478472149038,1.3166709707611857,-0.00092312354628184
2023-11-10,435,1.1056936740252945,1.1211092651627401,-0.01541559113744543
2023-11-13,433,1.310915619435436,1.3078999777400886,0.003015641695347467
2023-11-14,445,0.698695597279948,0.74319608115273,-0.044500483872782014
2023-11-15,443,0.6653649134447001,0.7106478554798618,-0.04528294203516173
2023-11-16,457,0.6414994091950564,0.6912777042079418,-0.04977829501288529
2023-11-17,459,0.6169053488393389,0.663993533398462,-0.0470881845591231
2023-11-20,466,0.6140582466476374,0.6572403579928483,-0.043182111345211
2023-11-21,459,0.7146197163962664,0.7510018570698652,-0.03638214067359877
2023-11-22,434,0.7728424915878529,0.8093511888908871,-0.036508697303034215
2023-11-24,436,1.0036386369258539,1.0327147986914442,-0.029076161765590493
2023-11-27,438,1.1217494308163942,1.1381794953838185,-0.01643006456742416
2023-11-28,431,0.9968762598300839,1.0169283631429307,-0.02005210331284661
2023-11-29,439,0.9283497382818545,0.9513037385928782,-0.022954000311023754
2023-11-30,455,0.9474002543319774,0.9705287617164488,-0.02312850738447126
2023-12-01,456,0.7719013547485702,0.7898209387556318,-0.017919584007061576
2023-12-04,456,0.7399777193516652,0.7721814834487939,-0.03220376409712857
2023-12-05,458,0.9041847931299388,0.9324866573564279,-0.02830186422648914
2023-12-06,458,1.2411334297500434,1.2697091062345192,-0.028575676484475995
2023-12-07,450,1.7023096099945012,1.7080407430643127,-0.005731133069811688
2023-12-08,445,1.4100155422028207,1.4284366375904167,-0.018421095387595784
2023-12-11,441,1.1733233326527883,1.198876186793679,-0.025552854140890945
2023-12-12,444,1.423215830641285,1.4345105384939567,-0.011294707852671672
2023-12-13,442,0.9415241699983875,0.9454981212818763,-0.003973951283488824
2023-12-14,467,0.7044115719914962,0.7275706808078739,-0.02315910881637772
2023-12-15,475,0.6499594613053795,0.6819817064252007,-0.03202224511982125
2023-12-18,479,0.6653889348471391,0.7003782114287346,-0.03498927658159534
2023-12-19,476,0.6174566421504295,0.6485749488603751,-0.031118306709945635
2023-12-20,462,0.7515025281882661,0.7935487032272831,-0.04204617503901695
2023-12-21,450,0.5570997141328359,0.6029183813291964,-0.04581866719636054
2023-12-22,448,0.687830544695128,0.710379468393924,-0.022548923698795877
2023-12-26,448,0.9589064672819309,0.9447877049728497,0.0141187623090811
2023-12-27,446,1.020873144283189,0.9978568362388154,0.02301630804437393
2023-12-28,465,1.0189597165833961,1.0005657310644553,0.0183939855189408
2023-12-29,475,0.802599011551092,0.8184396627830054,-0.01584065123191329
2024-01-02,471,0.7263980921197065,0.749546230883169,-0.02314813876346245
2024-01-03,472,0.8136018879466798,0.8454796512942437,-0.031877763347564
2024-01-04,476,0.8312675322146948,0.8612854856238515,-0.030017953409156604
2024-01-05,472,0.8753617078231453,0.899012270137078,-0.02365056231393278
2024-01-08,473,0.9517190136299643,0.9536485838413326,-0.0019295702113683322
2024-01-09,478,0.9291024511631735,0.9317532544007819,-0.0026508032376085055
2024-01-10,472,0.907574623019594,0.914604708334919,-0.007030085315325041
2024-01-11,471,0.8465909899455497,0.8674228860590034,-0.02083189611345373
2024-01-12,475,0.9075758609523568,0.9298641211664466,-0.02228826021408983
2024-01-16,474,0.88401651041992,0.9117210720541045,-0.02770456163418455
2024-01-17,474,1.0213786498664106,1.0370548863735956,-0.015676236507184884
2024-01-18,480,0.9972754248858355,1.0244753935172166,-0.027199968631381116
2024-01-19,485,0.8399106890247083,0.8647624893062115,-0.02485180028150304
2024-01-22,485,0.7820815867986741,0.8099025448636225,-0.027820958064948453
2024-01-23,480,0.8223682080817384,0.8428278026992205,-0.020459594617482115
2024-01-24,472,0.7807243514777176,0.8067094285694791,-0.025985077091761535
2024-01-25,469,0.9025837999478274,0.9170303305227578,-0.014446530574930483
2024-01-26,464,0.9715225999928343,0.9834361855252509,-0.011913585532416629
2024-01-29,462,1.0670392038810592,1.0604789924140514,0.0065602114670076156
2024-01-30,467,0.9997078864089224,1.011270422116563,-0.011562535707640533
2024-01-31,472,1.1188575160983567,1.135598376187138,-0.0167408600887813
2024-02-01,464,1.1454831915901365,1.1517072089009024,-0.006224017310765853
2024-02-02,464,1.0314256011233771,1.0404465695362204,-0.009020968412843142
2024-02-05,465,1.0581221316605194,1.0734544061988487,-0.015332274538329438
2024-02-06,463,0.8708768877541031,0.8785925993914434,-0.00771571163734025
2024-02-07,457,0.9479670799874269,0.9502606236706087,-0.002293543683181825
2024-02-08,450,0.9349485441898702,0.9492556253168543,-0.014307081126984105
2024-02-09,442,0.9304586067826223,0.9082309867702083,0.022227620012413924
2024-02-12,436,0.8494453418538425,0.8426205733168515,0.006824768536991036
2024-02-13,436,0.9504631564111131,0.9262279575517295,0.02423519885938374
2024-02-14,434,0.8987095767485381,0.870321988736923,0.028387588011615107
2024-02-15,446,0.7552154212073561,0.7477225443068883,0.007492876900467689
2024-02-16,454,0.7958049098703969,0.7864711411567805,0.009333768713616334
2024-02-20,460,0.9364589941737561,0.9085343170396674,0.02792467713408869
2024-02-21,454,1.0527100559301863,1.0190776898974745,0.03363236603271162
2024-02-22,443,0.9198198604662342,0.8994523453594319,0.020367515106802396
2024-02-23,441,1.0231933073728288,0.9937301238757057,0.02946318349712291
2024-02-26,442,1.1171036473811216,1.088599823873751,0.028503823507370407
2024-02-27,436,0.9947660897157921,0.9803411441814145,0.014424945534377533
2024-02-28,441,1.0170439983065278,0.9944606937224649,0.02258330458406297
2024-02-29,440,0.9994295281309116,0.9787351042338646,0.020694423897047013
2024-03-01,442,0.8156983314063373,0.8057126153275654,0.009985716078771918
2024-03-04,445,0.8157898123829143,0.8072599009520673,0.008529911430846976
2024-03-05,445,0.8268303159384979,0.8080908883277926,0.018739427610705198
2024-03-06,446,0.8263340436053807,0.8214803528885467,0.004853690716833892
2024-03-07,436,0.8699070475629939,0.892041929715168,-0.02213488215217436
2024-03-08,440,0.8577191010733808,0.8721140080718683,-0.014394906998487588
2024-03-11,436,0.8638167997439261,0.8797786513533689,-0.015961851609442745
2024-03-12,443,0.8243392970042506,0.8380085954526197,-0.013669298448369168
2024-03-13,441,0.7043140830012644,0.7028323138803841,0.0014817691208802014
2024-03-14,473,0.9109983565317782,0.8855212709085388,0.02547708562323945
2024-03-15,473,0.7931119099702754,0.7744040011274631,0.018707908842812208
2024-03-18,478,0.7513836938213374,0.7347931267933673,0.016590567027970196
2024-03-19,479,0.7303090757355754,0.720072322362702,0.010236753372873357
2024-03-20,460,0.6918914766262365,0.6727121941251408,0.01917928250109574
2024-03-21,454,0.6369753980109231,0.6233190526677584,0.013656345343164658
2024-03-22,454,0.6481770984151166,0.6339259058137275,0.014251192601389216
2024-03-25,452,0.6751354439416314,0.6678011697965234,0.00733427414510812
2024-03-26,449,0.7556078035566781,0.7358276136298153,0.019780189926862875
2024-03-27,468,0.9441000602828238,0.9594520357386405,-0.015351975455816614
2024-03-28,474,0.9317640731716982,0.9487728650476586,-0.017008791875960404
2024-04-01,473,0.7283174911918471,0.7351182944515853,-0.006800803259738119
2024-04-02,468,0.6744966019018348,0.6637984192516239,0.010698182650210898
2024-04-03,470,0.768818571717934,0.7786573495424929,-0.009838777824558852
2024-04-04,473,0.7371687695656157,0.7289547344734041,0.008214035092211738
2024-04-05,468,1.0022184573703243,1.023005015624729,-0.020786558254404782
2024-04-08,470,1.2902286375947603,1.3326555943591865,-0.04242695676442633
2024-04-09,477,1.5712649543874986,1.6291988439839484,-0.05793388959645013
2024-04-10,478,1.1707901970877799,1.2008389510679958,-0.030048753980215868
2024-04-11,476,1.302612481449648,1.345219394508604,-0.04260691305895604
2024-04-12,479,1.090122102018987,1.1232477576717925,-0.03312565565280556
2024-04-15,480,0.9060512056992821,0.9070847798848685,-0.0010335741855862983
2024-04-16,476,1.0176913243441066,0.9989143435794682,0.018776980764638546
2024-04-17,475,0.9682064408622891,0.9431970806861489,0.02500936017614032
2024-04-18,479,0.9460525997010937,0.9206260926894233,0.0254265070116703
2024-04-19,482,1.1110504451925627,1.0915663599821388,0.019484085210423822
2024-04-22,477,1.109523192526634,1.0937174319989986,0.01580576052763555
2024-04-23,472,1.0520110246152663,1.0587920505539004,-0.006781025938633976
2024-04-24,471,1.055439625300565,1.0625471379815405,-0.007107512680975719
2024-04-25,470,1.0750676856469463,1.0667778257271139,0.008289859919832408
2024-04-26,464,1.0644938123084657,1.0505657763527194,0.013928035955746288
2024-04-29,466,1.054014379954385,1.0445036957089735,0.009510684245411767
2024-04-30,471,1.151762472152649,1.1285639727284862,0.02319849942416275
2024-05-01,472,1.0287425121142764,1.0024935486029134,0.026248963511362924
2024-05-02,461,0.996292784060195,0.9664187268081703,0.029874057252024716
2024-05-03,457,0.9297957379770133,0.9061542281086254,0.023641509868387797
2024-05-06,457,0.7794538840846993,0.769206769391737,0.010247114692962257
2024-05-07,450,0.7641411390554855,0.7461615423781667,0.017979596677318722
2024-05-08,442,0.9434028832240711,0.9130363742699975,0.030366508954073605
2024-05-09,439,0.7564858186921554,0.7392215032792445,0.017264315412910805
2024-05-10,442,0.7406969751498271,0.7269589897268117,0.013737985423015445
2024-05-13,442,0.7913488943791953,0.7750373919842072,0.0163115023949881
2024-05-14,449,0.7209434284948637,0.7091561523669101,0.011787276127953683
2024-05-15,456,0.8067179970717853,0.8098324017073343,-0.003114404635548951
2024-05-16,461,0.9512657949608585,0.9727993976784113,-0.021533602717552842
2024-05-17,461,0.9998575080815926,1.0108722881587406,-0.011014780077148066
2024-05-20,465,1.0938331477736223,1.1207351669332972,-0.02690201915967514
2024-05-21,466,1.282705199936406,1.319034410384901,-0.03632921044849506
2024-05-22,463,1.1430823483554113,1.1738617220726415,-0.030779373717230284
2024-05-23,456,0.8583107599864682,0.8610064147769025,-0.002695654790434343
2024-05-24,448,0.9258973367574759,0.9541681653711022,-0.02827082861362643
2024-05-28,441,0.9766932523122465,0.9969912619717658,-0.02029800965951927
2024-05-29,441,0.9200492877208424,0.9103223249842575,0.00972696273658492
2024-05-30,443,0.8302252970518732,0.8357694317702501,-0.005544134718376851
2024-05-31,443,0.8392746174631067,0.8476211083168435,-0.008346490853736638
2024-06-03,448,0.7420576799156644,0.7409819627629176,0.0010757171527468145
2024-06-04,454,0.7978111096356283,0.7965931832237383,0.001217926411890044
2024-06-05,452,0.79019873769664,0.7880122886701922,0.0021864490264477503
2024-06-06,453,0.8917830725217715,0.8877971376286089,0.003985934893162647
2024-06-07,442,0.9096873829456684,0.9134847983567781,-0.0037974154111097753
2024-06-10,443,0.8677097178468186,0.8655322715937205,0.002177446253098145
2024-06-11,437,0.9024302715090865,0.896185745451707,0.006244526057379431
2024-06-12,440,0.7390731278330872,0.7431963287939174,-0.004123200960830345
2024-06-13,438,0.6960285541079512,0.6909892504454227,0.005039303662528427
2024-06-14,464,0.8102354978825717,0.7871819870841129,0.023053510798458667
2024-06-17,473,0.7072401838642721,0.6978036731254542,0.009436510738817995
2024-06-18,480,0.7507245206079975,0.7567538831611169,-0.006029362553119339
2024-06-20,480,0.674514907446784,0.6799284427899919,-0.00541353534320799
2024-06-21,461,0.7503990987328605,0.7583406594656672,-0.007941560732806698
2024-06-24,456,0.9449948008850719,0.9705903482945156,-0.025595547409443788
2024-06-25,454,0.805833915939989,0.8185207631691116,-0.012686847229122588
2024-06-26,454,0.7332174409610522,0.729498971276788,0.0037184696842643365
2024-06-27,447,0.7158290373277836,0.7192604896868467,-0.0034314523590630278
2024-06-28,464,0.6863599796136719,0.6809779580345887,0.0053820215790831676
2024-07-01,468,0.6679748409255044,0.6577324594114075,0.010242381514096875
2024-07-02,464,0.6705554332776491,0.6550755604057035,0.015479872871945683
2024-07-03,462,0.8497003662230286,0.8279419746241475,0.021758391598881176
2024-07-05,469,1.0779953516556038,1.0487707624157403,0.02922458923986348
2024-07-08,467,1.1233878468533423,1.0954978175795065,0.027890029273835763
2024-07-09,472,1.7444220386664564,1.7056858201811886,0.03873621848526752
2024-07-10,477,1.6290320141169827,1.6123683143800827,0.016663699736900062
2024-07-11,480,1.0642047746035044,1.0552499052127526,0.008954869390751772
2024-07-12,476,0.9803204146715502,0.9887273035658058,-0.00840688889425552
2024-07-15,480,0.8778338986916533,0.8701913491775836,0.00764254951406969
2024-07-16,479,0.9323042245497075,0.95329174148386,-0.020987516934152465
2024-07-17,479,1.0340459151167969,1.059685662633135,-0.025639747516338126
2024-07-18,479,1.1344775302227594,1.157585290764951,-0.023107760542191724
2024-07-19,481,1.1838115219854106,1.181347791780089,0.002463730205321908
2024-07-22,484,1.1898088079945652,1.2028943182418985,-0.013085510247333348
2024-07-23,484,1.4527597704947801,1.47785902465972,-0.025099254164939893
2024-07-24,476,1.312377313653536,1.2822392830691018,0.030138030584434143
2024-07-25,468,1.2226982926930223,1.2055690552846703,0.01712923740835206
2024-07-26,468,1.5974880596617933,1.6571802993550666,-0.05969223969327347
2024-07-29,464,1.9406515839103757,2.0516551910056515,-0.11100360709527599
2024-07-30,462,1.7056043672088086,1.7846699710165141,-0.07906560380770555
2024-07-31,466,2.1701160306273732,2.3190707572230256,-0.1489547265956523
2024-08-01,474,1.1500061225256195,1.189738054513578,-0.03973193198795836
2024-08-02,470,0.9800627371941265,0.9756686136797587,0.004394123514367832
2024-08-05,463,1.104114704079605,1.0605520175534104,0.043562686526194494
2024-08-06,464,1.0103364457598365,0.9684416920040435,0.04189475375579297
2024-08-07,462,1.1759799239653108,1.1095451777546181,0.06643474621069281
2024-08-08,444,0.9983817223218854,0.9506363401424344,0.047745382179451075
2024-08-09,436,0.9482440862471553,0.8986431745126754,0.04960091173447983
2024-08-12,440,1.20900944090625,1.1318955396684935,0.07711390123775641
2024-08-13,437,0.8104632574874465,0.7697401698413789,0.04072308764606759
2024-08-14,437,0.9396681982603683,0.8933143429165982,0.046353855343770144
2024-08-15,453,0.6532340383600231,0.6358598246965238,0.017374213663499248
2024-08-16,464,0.774741043437938,0.7403952539058529,0.03434578953208513
2024-08-19,467,0.6964484386079233,0.6819053022263408,0.014543136381582453
2024-08-20,467,0.7517905220682305,0.728034504207679,0.02375601786055153
2024-08-21,473,0.7181102254423442,0.7153504769061185,0.002759748536225644
2024-08-22,473,0.7748721418516205,0.759494729693064,0.01537741215855636
2024-08-23,455,0.7364700715460386,0.7307042310449747,0.005765840501063858
2024-08-26,442,0.9104490768210178,0.9478628524424356,-0.037413775621417865
2024-08-27,438,0.963167634212959,1.0027319638318533,-0.0395643296188942
2024-08-28,432,0.925881275486513,0.9575873286418902,-0.03170605315537721
2024-08-29,421,1.2044963616169568,1.2881516229533054,-0.08365526133634861
2024-08-30,436,1.1942739123565818,1.2723153636547597,-0.07804145129817774
2024-09-03,448,0.8823660931974034,0.8812170794759754,0.001149013721428052
2024-09-04,453,0.8665995650670296,0.8496225168254624,0.016977048241567157
2024-09-05,455,0.8226561594460341,0.7949138234806347,0.027742335965399472
2024-09-06,446,1.1306365636097262,1.0984318454602955,0.032204718149430746
2024-09-09,438,1.0701907598502356,1.0391769808977505,0.03101377895248506
2024-09-10,436,1.1278650220987883,1.0888476293376195,0.039017392761168626
2024-09-11,438,0.9946872277009292,0.9542663240113823,0.04042090368954708
2024-09-12,440,1.1740588063711126,1.1327738523492263,0.04128495402188642
2024-09-13,458,0.913468942175373,0.8813153846835561,0.032153557491816934
2024-09-16,471,0.826192366751473,0.8001726888430526,0.02601967790842036
2024-09-17,478,0.79308315176424,0.7698930350495128,0.023190116714727246
2024-09-18,479,0.8053040726872783,0.7894152182568854,0.015888854430392826
2024-09-19,478,0.8634714458593169,0.8416905629173935,0.021780882941923395
2024-09-20,477,0.8320405621487881,0.7977944648877858,0.03424609726100221
2024-09-23,460,0.7262619833293795,0.6943787458793423,0.03188323745003712
2024-09-24,451,0.6711796952384741,0.6440890401232735,0.02709065511520066
2024-09-25,449,0.7072325143385876,0.677467047381143,0.029765466957444524
2024-09-26,451,0.8665800919057666,0.8599292668179314,0.006650825087835145
2024-09-27,448,0.8554261247523716,0.8426561281336831,0.012769996618688505
2024-09-30,464,1.0023149945471632,0.9996675329814931,0.002647461565670118
2024-10-01,472,0.8757251248044687,0.8674791739677369,0.008245950836731901
2024-10-02,472,0.8253621015473075,0.8017673404820039,0.023594761065303522
2024-10-03,465,0.7824072341847567,0.7601034203691593,0.022303813815597286
2024-10-04,472,0.7435176276149718,0.7211509716158555,0.022366655999116282
2024-10-07,476,0.9007158120774741,0.8704715952999321,0.0302442167775419
2024-10-08,472,0.8106630942198849,0.7755384228798314,0.0351246713400536
2024-10-09,474,0.885157131910348,0.8528722842821044,0.03228484762824355
2024-10-10,482,0.9805902053609893,0.9471691429645652,0.033421062396424145
2024-10-11,479,0.895441127910225,0.8688722706253895,0.02656885728483553
2024-10-14,476,0.8049761274387154,0.8003502106252274,0.00462591681348799
2024-10-15,480,0.7695912121711398,0.7583291538182433,0.01126205835289649
2024-10-16,479,0.828028631300929,0.8342493345279037,-0.006220703226974811
2024-10-17,480,0.9225361857666833,0.9279370269249967,-0.005400841158313449
2024-10-18,483,1.0595629266662163,1.0751164563555098,-0.01555352968929336
2024-10-21,485,0.8760942032743892,0.8683225992225451,0.00777160405184409
2024-10-22,487,0.9312959499525965,0.9263170330520359,0.004978916900560516
2024-10-23,488,1.052217865926801,1.0520531266222297,0.00016473930457146674
2024-10-24,480,1.1776891624071828,1.202682700838995,-0.024993538431812384
2024-10-25,475,1.1106256771207366,1.1314930430270564,-0.02086736590632008
2024-10-28,467,1.1711720424504712,1.2068100719168187,-0.03563802946634748
2024-10-29,464,1.0752050277398912,1.0893595296192085,-0.014154501879317235
2024-10-30,463,1.6196184400396774,1.5982976748006141,0.02132076523906337
2024-10-31,467,1.762176810347195,1.7204995789328676,0.041677231414327456
2024-11-01,461,1.979741125666724,1.9134222211024339,0.06631890456429025
2024-11-04,470,2.377537173293518,2.3022086576131042,0.07532851568041396
2024-11-05,467,1.9212226860487482,1.8857017276826349,0.03552095836611327
2024-11-06,459,1.1743112177849826,1.1877722822583694,-0.013461064473386889
2024-11-07,453,1.0700133481394627,1.1025025351733446,-0.03248918703388185
2024-11-08,444,1.1648724959042356,1.230225622694763,-0.06535312679052745
2024-11-11,431,1.0221735340006648,1.0672790715992686,-0.045105537598603695
2024-11-12,434,1.0139439645747939,1.039451076330013,-0.025507111755219494
2024-11-13,439,0.996071502589127,1.0140442443259579,-0.017972741736830836
2024-11-14,441,0.9591413288066977,0.9285868056985204,0.030554523108177314
2024-11-15,456,1.094927283995493,1.0447568820715956,0.0501704019238977
2024-11-18,465,1.1339454331526615,1.0769980629062428,0.05694737024641862
2024-11-19,464,1.1056912132582097,1.0489668093603548,0.056724403897855075
2024-11-20,464,1.0157503361538005,0.9631278119013957,0.052622524252404775
2024-11-21,453,0.7882693013368673,0.7595861844555408,0.02868311688132652
2024-11-22,442,0.7250964623918698,0.7087966238439021,0.01629983854796779
2024-11-25,441,0.6998604014113969,0.7030816445967634,-0.003221243185366476
2024-11-26,439,0.8493006570012053,0.8521985460958702,-0.0028978890946648756
2024-11-27,436,0.9088242710177873,0.921338441334917,-0.012514170317129751
2024-11-29,439,1.0833093057644583,1.0976022497709936,-0.014292944006535174
2024-12-02,447,0.9705041384159186,1.0015114752134946,-0.031007336797575936
2024-12-03,447,0.976972531029659,1.022020608932657,-0.04504807790299789
2024-12-04,450,0.9419436082886407,0.9893765511044693,-0.047432942815828674
2024-12-05,458,0.9700259776843598,1.000696731548169,-0.030670753863809117
2024-12-06,452,1.004031299734802,1.0470793797840752,-0.04304808004927305
2024-12-09,449,1.0918254823799463,1.128564904045289,-0.036739421665342525
2024-12-10,447,1.0336408710898435,1.062598608378727,-0.028957737288883494
2024-12-11,446,1.6282211302211267,1.7324976826452638,-0.10427655242413741
2024-12-12,445,1.6411501410633786,1.7522677961557527,-0.11111765509237401
2024-12-13,458,1.1466648257232026,1.2061178136331383,-0.059452987909935716
2024-12-16,470,1.030096325790574,1.064338687112737,-0.03424236132216307
2024-12-17,477,0.7704873477902034,0.7676336808085902,0.0028536669816133626
2024-12-18,477,0.7652906206136871,0.7357123616984068,0.02957825891528028
2024-12-19,471,0.6102633693322095,0.5782233146813176,0.03204005465089188
2024-12-20,476,0.5779816778496183,0.5589178429690169,0.01906383488060133
2024-12-23,459,0.5769027410503784,0.556685916085262,0.020216824965116405
2024-12-24,448,0.7743409229802671,0.7828112781581894,-0.00847035517792232
2024-12-26,445,0.7209199227418657,0.7065202672247285,0.014399655517137181
2024-12-27,449,0.801960567186518,0.7846452432999069,0.01731532388661099
2024-12-30,450,0.8105598548902356,0.788662454052635,0.02189740083760061
2024-12-31,468,0.8148310379118842,0.7912715219804577,0.023559515931426325
2025-01-02,469,0.9525912746975687,0.9509875242832138,0.0016037504143548485
2025-01-03,475,0.9640925399317928,0.9707775660195122,-0.006685026087719272
2025-01-06,476,0.9023728136177422,0.9051972056401897,-0.002824392022447435
2025-01-07,474,0.9340795336740426,0.9150305262894289,0.01904900738461365
2025-01-08,473,1.004317518431337,0.9743405820205059,0.02997693641083123
2025-01-10,478,1.4008466090506022,1.35730049144503,0.04354611760557216
2025-01-13,475,1.5415108435924767,1.4918987837701472,0.04961205982232965
2025-01-14,474,1.260832016621572,1.2218948862199392,0.03893713040163289
2025-01-15,478,1.1095678867751109,1.0734724694666153,0.036095417308495525
2025-01-16,477,0.9763920919852097,0.9503527368289967,0.026039355156213004
2025-01-17,481,1.177784116634075,1.1964238591134377,-0.018639742479362693
2025-01-21,485,1.0999063412536938,1.1430640670324388,-0.04315772577874506
2025-01-22,486,1.1092044059671402,1.1612983266348975,-0.0520939206677572
2025-01-23,485,1.1146628777996583,1.145981023218054,-0.03131814541839553
2025-01-24,480,1.051580135487765,1.0870373952050725,-0.03545725971730738
2025-01-27,470,1.1199087497280684,1.1320726227967477,-0.012163873068678903
2025-01-28,469,1.032583242269256,1.035420803959053,-0.0028375616897970152
2025-01-29,469,1.0552487305058895,1.046856056983683,0.008392673522206765
2025-01-30,471,1.1231197435053308,1.1409169288895287,-0.01779718538419773
2025-01-31,467,1.1041280743894992,1.1157338547097562,-0.011605780320256843
2025-02-03,470,1.1193471230818286,1.1186530057919952,0.0006941172898332295
2025-02-04,469,1.0574966024939023,1.0542790496066232,0.0032175528872791436
2025-02-05,466,1.1312403187096187,1.1622738858941162,-0.03103356718449749
2025-02-06,464,1.0943111163970556,1.1136551287329104,-0.019344012335854623
2025-02-07,448,1.1702353841878523,1.1766407689570078,-0.006405384769155685
2025-02-10,442,1.1676860348232656,1.164944344583179,0.002741690240086522
2025-02-11,441,1.2054218091122293,1.195814458980212,0.009607350132017314
2025-02-12,441,1.1761420918687335,1.1497036338847715,0.026438457983961976
2025-02-13,433,1.2270480009303029,1.2611754891064095,-0.034127488176107
2025-02-14,452,1.326418268524845,1.386631493999206,-0.060213225474361066
2025-02-18,461,1.5617001526785386,1.6506073610485865,-0.08890720837004787
2025-02-19,459,1.2383359406208039,1.3078519260175459,-0.06951598539674188
2025-02-20,460,1.3080085607333092,1.4218633377577294,-0.11385477702442046
2025-02-21,452,1.0189518887039795,1.0575735173617815,-0.03862162865780198
2025-02-24,443,1.1770981299257492,1.2475372946122814,-0.07043916468653222
2025-02-25,443,1.1700295118142825,1.238393691858534,-0.06836418004425163
2025-02-26,440,1.0795968903505047,1.13980419576893,-0.06020730541842536
2025-02-27,438,1.2046279244733449,1.2805812695119994,-0.0759533450386544
2025-02-28,439,1.5039438422549436,1.5789068872089942,-0.07496304495405032
2025-03-03,437,1.8267546579273857,1.9116086410729518,-0.0848539831455663
2025-03-04,438,1.3592314622693151,1.4317873994081585,-0.07255593713884334
2025-03-05,439,1.4744214344637259,1.5655497516803205,-0.09112831721659444
2025-03-06,440,1.5058476250350212,1.603921348075296,-0.0980737230402749
2025-03-07,427,1.2580245976830853,1.3321948221565907,-0.07417022447350549
2025-03-10,438,1.1866236637342809,1.1830358975080435,0.003587766226237375
2025-03-11,435,0.8726820720971605,0.8514102844122257,0.02127178768493499
2025-03-12,440,0.9167796044563613,0.8671458670897859,0.04963373736657541
2025-03-13,439,1.0807962018302637,1.0190658943009157,0.061730307529348265
2025-03-14,465,0.7072146585138961,0.6806493246156002,0.02656533389829585
2025-03-17,472,0.7874487460063562,0.7591496066957254,0.028299139310630758
2025-03-18,477,1.009292078335346,0.979275282210798,0.030016796124548162
2025-03-19,479,0.6920109704579847,0.6809887543839981,0.01102221607398645
2025-03-20,484,0.7492931105836697,0.7504167406837645,-0.001123630100094717
2025-03-21,483,0.8432451627091461,0.8793266696621035,-0.03608150695295739
2025-03-24,463,1.181572694542305,1.2926994755087562,-0.1111267809664512
2025-03-25,459,1.1907497492316474,1.2762137536307303,-0.08546400439908276
2025-03-26,457,0.7710115206379321,0.7667679911565954,0.0042435294813367086
2025-03-27,453,2.115791331948616,2.311271396348255,-0.19548006439963916
2025-03-28,453,3.355683031040363,3.701135671414024,-0.3454526403736609
2025-03-31,472,3.844945160496995,4.197129139757786,-0.3521839792607914
2025-04-01,478,4.712572499606402,5.1246183235510925,-0.4120458239446902
2025-04-02,479,2.0940304359480506,2.2604340730934247,-0.1664036371453738
2025-04-03,475,1.7028049373794392,1.8350505361174967,-0.13224559873805775
2025-04-04,478,1.508596838419358,1.4377937736161432,0.07080306480321472
2025-04-07,481,1.7357170835711,1.6292238074605072,0.10649327611059281
2025-04-08,478,2.242712702629899,2.108494660587158,0.13421804204274096
2025-04-09,477,1.232644571501691,1.3636875912870694,-0.13104301978537855
2025-04-10,479,0.9978807190020673,0.9172603407581529,0.08062037824391449
2025-04-11,478,1.0646768525822743,1.111723552932994,-0.047046700350719645
2025-04-14,476,0.9420577827624554,0.9214686745362927,0.020589108226162837
2025-04-15,477,0.9204156139561416,0.8581213615122084,0.06229425244393313
2025-04-16,479,1.489140285615916,1.3854141756890412,0.10372610992687474
2025-04-17,484,1.4067342163284804,1.3264929283543094,0.08024128797417107
2025-04-21,487,1.9558302551379496,1.8314501543752033,0.12438010076274635
2025-04-22,489,1.4560599950234772,1.3606164892244745,0.09544350579900271
2025-04-23,482,1.1618913120144154,1.073088925090646,0.08880238692376945
2025-04-24,477,1.0050457677959237,0.9562448329023846,0.048800934893538914
2025-04-25,474,1.113007504250383,1.0222984748821036,0.09070902936827954
2025-04-28,469,1.0993562117265654,1.0294559132997096,0.06990029842685581
2025-04-29,467,1.0215946801993891,0.9879796787089161,0.03361500149047311
2025-04-30,475,1.0711006776873142,1.0279186872297572,0.04318199045755695
2025-05-01,479,1.079386352163098,1.0038601380856857,0.07552621407741232
2025-05-02,473,0.9766418548844941,0.926975230281157,0.049666624603337074
2025-05-05,470,1.5957775518679422,1.518741078248564,0.07703647361937857
2025-05-06,470,2.104227423737528,2.035636713990575,0.06859070974695271
2025-05-07,464,1.9214715786291894,1.8736892749063154,0.0477823037228741
2025-05-08,452,1.445416878732581,1.396836135856718,0.048580742875863
2025-05-09,444,1.5149709710950618,1.471349506137195,0.04362146495786664
2025-05-12,439,0.9290906129447047,0.8119558810985464,0.11713473184615834
2025-05-13,438,0.9325751278123315,0.8330902395262453,0.09948488828608627
2025-05-14,440,1.03326143613885,1.002363059575563,0.03089837656328679
2025-05-15,447,0.9635592934486749,0.9278029789784934,0.03575631447018138
2025-05-16,451,1.195337860444951,1.1918114094016554,0.003526451043295843
2025-05-19,458,0.9327498152400215,0.8893570376167383,0.04339277762328323
2025-05-20,458,1.003938138973117,0.9694670605899584,0.03447107838315859
2025-05-21,459,0.8755094881126853,0.8167538853404177,0.05875560277226765
2025-05-22,446,0.9150340193519347,0.8624951023744469,0.0525389169774878
2025-05-23,443,0.9095294862733562,0.8542864916872914,0.05524299458606476
2025-05-27,447,0.8878055265568351,0.8324217175469422,0.05538380900989285
2025-05-28,443,0.8908962755236663,0.8361282858098873,0.05476798971377906
2025-05-29,444,0.9147178468576974,0.8668118253965901,0.04790602146110737
2025-05-30,449,0.9581661615093462,0.9120793946625128,0.04608676684683353
2025-06-02,458,1.009465287299652,0.966282360204309,0.04318292709534272
2025-06-03,451,0.9913231015950297,0.9529794698164282,0.03834363177860154
2025-06-04,456,0.9403903499366263,0.8920295516214704,0.0483607983151559
2025-06-05,458,0.9417881328669656,0.892026235923065,0.04976189694390068
2025-06-06,447,1.008282219488595,0.9677762083185582,0.04050601117003675
2025-06-09,442,0.9411896303944199,0.8877686175455233,0.05342101284889661
2025-06-10,447,1.0737469021034376,1.0403965328900684,0.033350369213369216
2025-06-11,441,1.0104979363362243,0.9652081647792894,0.045289771556935005
2025-06-12,440,0.9954915875528361,0.9506725633146973,0.04481902423813886
2025-06-13,461,0.9679720532746124,0.9285312022233246,0.03944085105128782
2025-06-16,473,0.8758296465003252,0.8259166266969699,0.049913019803355343
2025-06-17,476,0.9680918174667791,0.9248770952891413,0.04321472217763779
2025-06-18,482,0.9704032662853711,0.9297346256404605,0.040668640644910554
2025-06-20,478,1.0187025956034845,0.9884263967158101,0.030276198887674428
2025-06-23,462,0.95781296579635,0.9156885034684675,0.042124462327882535
2025-06-24,456,0.9262509162138589,0.8832936531095865,0.04295726310427249
2025-06-25,456,1.180307754862158,1.1527697743657044,0.02753798049645394
2025-06-26,449,1.1304047735293619,1.1010979998611143,0.02930677366824768
2025-06-27,451,0.9247908783612562,0.8722494269731449,0.052541451388111345
2025-06-30,468,0.9953651093581695,0.9517785851089224,0.043586524249247055
2025-07-01,475,0.9140368947414849,0.863044789345989,0.05099210539549588
2025-07-02,469,0.8272587848769007,0.7712938492423568,0.05596493563454391
2025-07-03,477,0.867868574505464,0.8186227825638204,0.049245791941643566
2025-07-07,481,0.8249141528203987,0.7890958696908019,0.035818283129596826
2025-07-08,478,0.8961536895956266,0.8792323360488643,0.01692135354676222
2025-07-09,479,0.8692832551856428,0.8505423581825465,0.01874089700309621
2025-07-10,486,0.8600790594322871,0.845463904015374,0.01461515541691316
2025-07-11,481,0.8426814503115639,0.841005049993443,0.0016764003181210065
2025-07-14,478,0.795177709364284,0.7984854646320033,-0.0033077552677193175
2025-07-15,481,0.9926212643764074,0.9930688325395173,-0.0004475681631098671
2025-07-16,480,1.0385282517686072,1.036457937251068,0.0020703145175390634
2025-07-17,480,0.9908053360878889,0.9911564872069254,-0.0003511511190364541
2025-07-18,484,1.0957954075860905,1.0945536069184274,0.0012418006676632736
2025-07-21,488,1.0899722347912846,1.0898991702672602,7.306452402425837e-05
2025-07-22,490,1.0598708234739904,1.0581260907961267,0.0017447326778637913
2025-07-23,489,1.1626711951402307,1.1625522576549485,0.00011893748528235968
2025-07-24,480,1.299005876948675,1.2952751495168715,0.0037307274318034473
2025-07-25,474,1.5451688378708746,1.5452100603358674,-4.122246499278834e-05
2025-07-28,471,1.46492947926302,1.4595918570230213,0.00533762223999884
2025-07-29,468,1.4111179975409256,1.4055554995986321,0.005562497942293449
2025-07-30,469,1.3644013190690851,1.3636881639808864,0.0007131550881984975
2025-07-31,476,1.1637446517540735,1.159017938329249,0.004726713424824456
2025-08-01,476,1.2027306797046111,1.1922468090436267,0.010483870660984301
2025-08-04,472,1.1417396104277908,1.1345640220101043,0.007175588417686441
2025-08-05,473,1.0834601752519495,1.0726426178971162,0.010817557354833331
2025-08-06,467,1.2214759708424394,1.2042365660043177,0.017239404838121676
2025-08-07,459,1.058076797772439,1.0444799777363616,0.013596820036077617
2025-08-08,445,0.9184746901064825,0.914688711678685,0.003785978427797498
2025-08-11,439,0.9531901490994327,0.9487542366111451,0.004435912488287485
2025-08-12,436,0.9020740489449248,0.8983457680858316,0.003728280859093232
2025-08-13,437,0.8038276478829746,0.8067698106372191,-0.002942162754244422
2025-08-14,443,0.7047643905968002,0.7095277202825093,-0.0047633296857091155
2025-08-15,459,0.764643640824873,0.7634768338935262,0.0011668069313468838
2025-08-18,467,0.7517536063473989,0.753598281543772,-0.0018446751963731918
2025-08-19,470,0.8234327942273268,0.8274353796592149,-0.004002585431887988
2025-08-20,476,0.9326334864536711,0.9277541224164437,0.004879364037227356
2025-08-21,477,1.0725305806402496,1.0590386607183955,0.013491919921854159
2025-08-22,466,0.8534986025157963,0.8616197339208538,-0.008121131405057385
2025-08-25,447,0.8515385059420608,0.8619631059277104,-0.01042459998564963
2025-08-26,442,0.8020919916486668,0.8081748328088718,-0.006082841160204949
2025-08-27,434,0.7946711902953308,0.7989052148018984,-0.004234024506567486
2025-08-28,420,0.8285454655781563,0.8302966137392295,-0.0017511481610731588
2025-08-29,433,0.8744632560514672,0.869676942927281,0.004786313124186181
2025-09-02,452,0.8850132487284598,0.8780192584204753,0.00699399030798438
2025-09-03,452,1.0018998761197706,1.000099519588461,0.0018003565313096438
2025-09-04,456,0.9607106894343672,0.9600132327939975,0.0006974566403696871
2025-09-05,465,0.9808633919598699,0.9754678213543592,0.005395570605510835
2025-09-08,446,1.0498337204263952,1.0424322354755022,0.0074014849508931635
2025-09-09,443,0.9367566143197715,0.9318045767541236,0.004952037565647944
2025-09-10,448,0.755116253558673,0.7511866605045989,0.003929593054074135
2025-09-11,449,0.8996203939640702,0.8899689151247845,0.009651478839285766
2025-09-12,456,0.8954665310848322,0.8845737717155712,0.01089275936926098
2025-09-15,475,0.8648242685935612,0.8589193241949995,0.005904944398561638
2025-09-16,483,0.8564946673960014,0.8518935403426746,0.0046011270533268915
2025-09-17,485,0.8689383988704482,0.8656250284629372,0.0033133704075110045
2025-09-18,485,0.9075656148987172,0.9061183808839967,0.001447234014720556
2025-09-19,481,0.8582658359257511,0.8512001163644172,0.007065719561334002
2025-09-22,484,0.8402067669814348,0.834914675355514,0.0052920916259208564
2025-09-23,460,0.7748623019395181,0.7681786160281834,0.006683685911334799
2025-09-24,452,0.9674164551942532,0.9632615692852271,0.004154885909026172
2025-09-25,452,1.1038500064960366,1.090720153132534,0.013129853363502614
2025-09-26,449,1.0680558925240957,1.0569872608595543,0.01106863166454123
2025-09-29,449,1.0774706875403746,1.0670791374031947,0.010391550137179894
2025-09-30,471,0.9169285318936651,0.9137608576918785,0.0031676742017865264
2025-10-01,480,0.9162235011276956,0.9092658830019599,0.006957618125735617
2025-10-02,479,0.9223561731415636,0.9198484379416171,0.002507735199946442
2025-10-03,479,1.3300953240327476,1.3133575774613284,0.016737746571419056
2025-10-06,481,1.0340064387907355,1.0256340282407865,0.008372410549948988
2025-10-07,480,0.8290820195875291,0.8257035326733255,0.003378486914203551
2025-10-08,475,0.9045787052099729,0.8990257183532271,0.005552986856745734
2025-10-09,478,1.0164382990267484,1.0045916598698483,0.011846639156900065
2025-10-10,482,0.9394556156033377,0.9331844591106268,0.00627115649271096
2025-10-13,480,0.8761538888740782,0.8709380307759201,0.005215858098157917
2025-10-14,482,0.8838759010905272,0.8789738403631567,0.004902060727370391
2025-10-15,484,0.8754495663246821,0.8733936019733247,0.002055964351357374
2025-10-16,484,0.9697499618955806,0.9608743280089386,0.008875633886641997
2025-10-17,486,0.9757090412387212,0.9619578059056909,0.013751235333030196
2025-10-20,487,0.9659253409074104,0.9518398367145929,0.01408550419281753
2025-10-21,487,1.0516077983408385,1.039046854116505,0.01256094422433343
2025-10-22,488,1.538452133947819,1.5104886746827184,0.0279634592651005
2025-10-23,487,1.4390920073631008,1.4337432429326151,0.005348764430485792
2025-10-24,479,1.3786250331136751,1.3761838592187055,0.002441173894969464
2025-10-27,473,1.5236974942919839,1.5241684987147104,-0.00047100442272636836
2025-10-28,471,1.4259177522041364,1.4411353067008321,-0.015217554496695635
2025-10-29,469,1.1878075515372795,1.1889342806778607,-0.0011267291405810326
2025-10-30,471,1.1520049096728835,1.1573570704151195,-0.005352160742235867
2025-10-31,471,1.1585604320271587,1.1575423845305208,0.0010180474966380482
2025-11-03,468,1.1462767070445228,1.1405819720192252,0.005694735025297636
2025-11-04,471,1.156773344121929,1.1438372330217572,0.012936111100171776
2025-11-05,468,1.0120943520185837,1.004178539458738,0.007915812559845792
2025-11-06,458,0.9527646813224905,0.9534776501653935,-0.0007129688429031067
2025-11-07,446,0.8233776648057181,0.8303227904215156,-0.006945125615797494
2025-11-10,438,1.1150854476833922,1.1176782586059435,-0.0025928109225511137
2025-11-11,433,1.1594582487807796,1.1544001014684648,0.005058147312314895
2025-11-12,432,1.2412665678177288,1.233937384593773,0.007329183223955865
2025-11-13,436,1.1952992541612724,1.194102931135246,0.0011963230260262955
2025-11-14,451,0.9109007933579486,0.9163312766467541,-0.005430483288805463
2025-11-17,463,0.887622033040723,0.8833808328761897,0.00424120016453318
2025-11-18,463,1.1475525241681346,1.1319285080989863,0.015624016069148108
2025-11-19,467,1.2142052392300486,1.199381893480609,0.014823345749439464
2025-11-20,460,1.6279063730559815,1.587682165937021,0.04022420711896035
2025-11-21,447,0.993628555981605,0.9761605856406494,0.017467970340955565
2025-11-24,448,0.9344320668548631,0.9242487038114627,0.010183363043400399
2025-11-25,446,1.0200735070838642,1.0113299633122428,0.008743543771621504
2025-11-26,444,1.0067021857377885,0.9980757898252637,0.008626395912524877
2025-11-28,437,1.1202970854333265,1.1148734616285074,0.005423623804819243
2025-12-01,453,1.1076572292883269,1.1006998635254266,0.006957365762900263
2025-12-02,455,1.0958446666076684,1.0887010864472078,0.007143580160460631
2025-12-03,456,1.1179483567431574,1.1110122410195373,0.0069361157236201895
2025-12-04,460,1.109909985213468,1.1019485907776194,0.007961394435848562
2025-12-05,471,0.9539606548118524,0.9498216537088414,0.00413900110301089
2025-12-08,453,1.0437167396719584,1.0398663359866314,0.0038504036853271913
2025-12-09,449,0.9762354289295732,0.9735345226148676,0.0027009063147055102
2025-12-10,450,1.084508348453361,1.0991372391610486,-0.014628890707687487
2025-12-11,448,0.976261029071502,0.9886643839655035,-0.01240335489400131
2025-12-12,452,0.7969433054319363,0.7955479109096272,0.001395394522309163
2025-12-15,472,0.7759171074784236,0.7716151196794031,0.00430198779902041
2025-12-16,477,0.757510810703335,0.7582012336832649,-0.0006904229799298289
2025-12-17,481,0.8059550575236379,0.8041536025937805,0.0018014549298574986
2025-12-18,477,0.6722741781555971,0.6723049019457945,-3.072379019741766e-05
2025-12-19,477,0.5658256435928983,0.5664586109624743,-0.000632967369575967
2025-12-22,478,0.565361178778727,0.564523794608145,0.0008373841705821305
2025-12-23,462,0.6044881925931892,0.6019671193501138,0.0025210732430754105
2025-12-24,445,0.7006452498317496,0.6930865556021963,0.0075586942295532335
2025-12-26,450,0.79700445102524,0.7892100762161179,0.007794374809122054
2025-12-29,451,1.0286114255573935,1.0254387428612985,0.003172682696094904
2025-12-30,452,1.03676176310221,1.0321363522915794,0.00462541081063048
2025-12-31,470,1.2253667866065692,1.2203899797796538,0.00497680682691554
2026-01-02,481,1.2121660334658975,1.2137170523507725,-0.0015510188848751457
2026-01-05,480,0.9960703336268811,0.9973753095603635,-0.001304975933482221
2026-01-06,483,0.9992594179698439,0.991382948566883,0.007876469402960856
2026-01-07,482,1.3238905451873624,1.3021867742651074,0.021703770922254978
2026-01-08,478,1.203396121660913,1.1892777470280975,0.014118374632815405
2026-01-09,478,1.116832595283057,1.102373115859587,0.014459479423469998
2026-01-12,477,1.1641118335712561,1.1517643696322024,0.012347463939053668
2026-01-13,476,1.0322502233448858,1.024510154539051,0.007740068805834965
2026-01-14,476,0.918870954756845,0.9132867756342717,0.0055841791225732665
2026-01-15,476,0.9499605446350146,0.9405336855873795,0.009426859047635027
2026-01-16,483,0.8857736013929038,0.8803367327725018,0.005436868620402058
2026-01-20,488,0.980688537448114,0.9783717932396949,0.0023167442084190675
2026-01-21,487,1.019618653296416,1.0189856874091578,0.0006329658872580102
2026-01-22,486,1.1445096580412781,1.1476766378367664,-0.003166979795488361
2026-01-23,481,1.1468303696984488,1.1521860490596756,-0.005355679361226594
2026-01-26,476,1.2743744365414054,1.283546490552547,-0.0091720540111415
2026-01-27,474,1.6870021152961159,1.688851899576847,-0.001849784280731017
2026-01-28,474,2.075603480911176,2.061066474986978,0.014537005924197766
2026-01-29,475,2.0612131355399295,2.058369542907964,0.002843592631965284
2026-01-30,477,2.0509749914016657,2.0168566894070756,0.03411830199459004
2026-02-02,476,1.8623007127820537,1.837835611424281,0.0244651013577727
2026-02-03,473,1.5369932124016048,1.5151491942460513,0.021844018155553365
2026-02-04,471,1.5720851041652766,1.5549387095803766,0.017146394584900294
2026-02-05,470,1.6367560757615298,1.623147729777342,0.013608345984187833
2026-02-06,453,1.5590306178731996,1.5429849500939568,0.01604566777924281
2026-02-09,442,1.4779123122376472,1.4652000271559755,0.012712285081671769
2026-02-10,441,1.1900650393169745,1.1837715675209814,0.006293471795993035
2026-02-11,440,1.0839304757368942,1.0779724340643864,0.00595804167250776
2026-02-12,435,1.1639575489566791,1.1495643566380152,0.014393192318663898
2026-02-13,451,1.0679256261668246,1.075760166647654,-0.007834540480829455
2026-02-17,464,1.0515048253884054,1.0497680140030765,0.0017368113853289794
2026-02-18,463,1.0543420400182324,1.0600349149512214,-0.0056928749329888855
2026-02-19,467,0.8879527060307338,0.8867220796437912,0.0012306263869426193
2026-02-20,456,1.0720138315710015,1.0617868342651784,0.010226997305823092
2026-02-23,446,1.1904308863766104,1.182594021474705,0.007836864901905383
2026-02-24,447,1.3064894342846491,1.3118693065455562,-0.005379872260906876
2026-02-25,446,1.2323072608550523,1.2286209260191523,0.0036863348359001393
2026-02-26,440,1.3958900159301155,1.3995999793377853,-0.0037099634076698043
2026-02-27,438,1.6750239957830146,1.7085210520544793,-0.03349705627146446
2026-03-02,444,1.3766364367634967,1.3922909074004335,-0.015654470636936764
2026-03-03,434,1.2139320400102498,1.2275543219427338,-0.01362228193248396
2026-03-04,434,1.3754074475355575,1.3944979091331762,-0.019090461597618527
2026-03-05,440,1.5964795212062657,1.6245933369056804,-0.028113815699414856
2026-03-06,439,1.3227281333944712,1.3462845152964575,-0.023556381901986334
2026-03-09,436,1.120897589337304,1.1329866334254437,-0.012089044088139515
2026-03-10,441,0.9453892852301021,0.9422961243964003,0.0030931608337016673
2026-03-11,448,1.0292755145783,1.0346865202663456,-0.00541100568804538
2026-03-12,446,0.9660521424302568,0.9630649677579065,0.0029871746723502462
2026-03-13,464,1.0568725397739802,1.0487703403078463,0.008102199466134045
2026-03-16,477,1.0158886688360758,1.0065475095169913,0.009341159319084302
2026-03-17,483,1.1622998196781429,1.1647842010174974,-0.0024843813393542083
2026-03-18,481,1.0248765453275657,1.023286568128392,0.001589977199173421
2026-03-19,484,1.0000660834366448,1.0089695588364969,-0.008903475399852015
2026-03-20,483,1.0965507568657502,1.0990701260821771,-0.00251936921642705
2026-03-23,483,1.1785664021426752,1.1916227573962488,-0.013056355253573473
2026-03-24,463,0.819223685067544,0.8155567902849913,0.003666894782552786
2026-03-25,460,0.8418884143552905,0.8331345602504034,0.008753854104887084
2026-03-26,451,0.9419124939263587,0.9259097934793111,0.01600270044704748
2026-03-27,452,1.1961477190675025,1.184773979668198,0.011373739399304547
2026-03-30,451,1.3413305850011865,1.3389062115567758,0.0024243734444108623
2026-03-31,474,1.3999445688944065,1.391326821936281,0.008617746958125241
2026-04-01,474,1.3192560757246463,1.3142580165285729,0.004998059196073035
2026-04-02,478,1.3659836491182158,1.3695911069238886,-0.003607457805672731
2026-04-06,481,1.3815700971932503,1.3812480472848576,0.0003220499083928724
2026-04-07,482,1.6019453223908637,1.5867943013060006,0.015151021084863048
2026-04-08,477,1.040246347572542,1.0226870598503597,0.017559287722182376
2026-04-09,481,1.1469172133164378,1.131188661595369,0.01572855172106873
2026-04-10,483,1.4531281611314109,1.4474002870546208,0.005727874076790334
2026-04-13,480,1.1847504030067157,1.168907566607672,0.01584283639904351
2026-04-14,481,1.1362386493771892,1.1307029886863609,0.005535660690828377
2026-04-15,482,1.108309128813424,1.0977873264081546,0.010521802405269128
2026-04-16,483,1.1885060836954036,1.1791576128197698,0.009348470875633693
2026-04-17,486,1.2865814072285837,1.2888809746744205,-0.0022995674458368737
2026-04-20,489,1.2800735391246008,1.2903745731716854,-0.010301034047084682
2026-04-21,489,1.2022017524599566,1.2110607344099378,-0.008858981949981116
2026-04-22,491,1.404049278703402,1.423687255808125,-0.019637977104723106
2026-04-23,485,1.2233068386068786,1.215936077159189,0.0073707614476897195
2026-04-24,480,1.1700712095247083,1.1674384328231617,0.0026327767015465833
2026-04-27,474,1.3199243689213929,1.3284189820303105,-0.008494613108917779
2026-04-28,471,1.392921499517533,1.397912724697502,-0.004991225179969425
2026-04-29,472,1.5593586316114936,1.5593305821960894,2.804941540388817e-05
2026-04-30,477,1.3891780329225272,1.3848976840295748,0.004280348892952169
2026-05-01,469,1.605806977225711,1.6076078389890445,-0.0018008617633335495
2026-05-04,470,1.675661613541228,1.6871490534161215,-0.011487439874893658
2026-05-05,470,1.3908447134516078,1.3888895502209757,0.001955163230632153
2026-05-06,464,1.4357788497496216,1.4413913070691422,-0.005612457319520795
2026-05-07,459,1.3685046594545816,1.3811987103424048,-0.012694050887823495
2026-05-08,447,1.2293119516064723,1.2367094192039951,-0.007397467597522784
2026-05-11,441,1.166891368676474,1.1715155773524386,-0.004624208675964565
2026-05-12,441,1.1275996046168442,1.13046496868975,-0.0028653640729061724
2026-05-13,442,1.0509459399777423,1.0537545523635132,-0.0028086123857709536
2026-05-14,443,1.0310979328823615,1.0327717528334643,-0.001673819951102754
2026-05-15,449,1.2045970763087437,1.1921901025592476,0.012406973749496161
2026-05-18,457,1.313380504119999,1.2952251897654279,0.01815531435457118
2026-05-19,457,1.611893528198567,1.5897047636710036,0.022188764527563222
2026-05-20,460,1.4268879878551524,1.407423115597289,0.01946487225786359
2026-05-21,449,1.6153031034713932,1.5958517445691243,0.019451358902268904
2026-05-22,448,1.8079037646676357,1.7897351901161895,0.018168574551446198
2026-05-26,449,1.5827495371129394,1.5695837718012315,0.013165765311708173
2026-05-27,448,1.4708000506446812,1.4658896639096313,0.0049103867350498995
2026-05-28,444,1.23416470409878,1.2276814030476746,0.006483301051105547
2026-05-29,442,1.1380495517963507,1.1441169631395018,-0.006067411343151135
2026-06-01,457,1.173321079336426,1.1979538795695879,-0.024632800233162076
2026-06-02,454,1.3343753916532402,1.36029427265995,-0.025918881006709856
2026-06-03,452,1.4631846414088763,1.5130612861248451,-0.049876644715968754
2026-06-04,456,1.2335018056771643,1.2580425908558555,-0.024540785178691273
2026-06-05,463,1.0961540559141314,1.0934589428343764,0.0026951130797549113
2026-06-08,440,1.2719512196200875,1.2638438173831095,0.008107402236978081
2026-06-09,439,1.1175708404441296,1.1044939504977243,0.013076889946405471
2026-06-10,443,1.5024756500429945,1.4911319900449491,0.011343659998045775
2026-06-11,442,1.3365190238363003,1.3352373434731102,0.0012816803631899266
2026-06-12,449,1.4316786326336413,1.4488723679923308,-0.017193735358689552
2026-06-15,475,1.086971115785694,1.0958111446873018,-0.00884002890160798
2026-06-16,479,1.1343082707882592,1.1430600182838822,-0.008751747495622745
2026-06-17,478,1.4393274676811958,1.4405369663525,-0.001209498671304054
2026-06-18,477,1.4856458875931857,1.496565701544311,-0.01091981395112508
2026-06-22,479,1.6193998353385122,1.63472977458989,-0.015329939251377895
2026-06-23,460,1.3915439554311315,1.3890493324596944,0.0024946229714371453
2026-06-24,455,1.310966199087945,1.2995128615797984,0.011453337508146763
2026-06-25,452,1.8013491078309918,1.8236604499148785,-0.02231134208388693
2026-06-26,450,1.34536724138952,1.332771219202059,0.01259602218746089
2026-06-29,450,1.4370850375373334,1.4657406376752655,-0.028655600137932242
2026-06-30,470,1.3747430710891673,1.4127978976493407,-0.0380548265601735
2026-07-01,474,0.9812500956678787,0.9746940958511088,0.00655599981676986
2026-07-02,473,0.9626397345050891,0.9491618262015981,0.013477908303491002
2026-07-06,479,1.035066449325902,1.022589678226131,0.012476771099771054
2026-07-07,482,1.0379840724109943,1.0306234481791496,0.0073606242318447306
2026-07-08,479,1.0034707309081263,0.9849356282169625,0.018535102691163912
2026-07-09,483,1.179061642434444,1.196395659740902,-0.017334017306458123
2026-07-10,487,1.1395414278408962,1.164133714043044,-0.0245922862021476
2026-07-13,483,0.9529140448492198,0.9565217241746204,-0.0036076793254006577
2026-07-14,481,0.9382374802031217,0.9219659733543545,0.016271506848767162
2026-07-15,484,0.9734265802318176,0.9522874384852534,0.021139141746564123
2026-07-16,482,1.3306754700806498,1.3326472134926277,-0.001971743411977983
2026-07-17,481,1.0471338708157347,1.022528301474797,0.024605569340937425
2026-07-20,485,1.0855462721080613,1.0605493914155444,0.024996880692516977
2026-07-21,485,1.6860804086207504,1.7195249885434767,-0.033444579922726425
2026-07-22,486,1.9945883672387141,2.0752774628576693,-0.0806890956189549
2026-07-23,486,1.616884082014822,1.6392476639234195,-0.022363581908597496
2026-07-24,481,1.3624342864905195,1.3702166775674551,-0.0077823910769355895
2026-07-27,474,1.2901623772835376,1.2808049865722357,0.0093573907113018
2026-07-28,474,1.5591378904391393,1.569696875656256,-0.01055898521711692
2026-07-29,473,1.7983671702362307,1.8149483194172664,-0.01658114918103549
2026-07-30,474,1.3794563864389016,1.3617672402978502,0.017689146141051482
2026-07-31,475,1.4382555169494726,1.42526188271508,0.01299363423439273
2026-08-03,476,1.2640671879876013,1.2421405992553065,0.021926588732294697
2026-08-04,475,1.0895973533086871,1.0650920047720487,0.024505348536638438
2026-08-05,470,1.09140402653237,1.0614872370254482,0.029916789506921834
2026-08-06,464,1.0941952164175448,1.0642207301680158,0.02997448624952908
2026-08-07,448,1.0417182839506296,1.014803794866261,0.02691448908436861
2026-08-10,445,1.0307055755900671,1.0185376484223327,0.012167927167734396
2026-08-11,441,0.9369891887693955,0.9155127895613254,0.02147639920807005
2026-08-12,437,1.2478885433640212,1.236089628813265,0.011798914550756144
2026-08-13,438,1.2735266142964996,1.2636313583683048,0.009895255928194905
2026-08-14,454,1.3408466435813986,1.3335537129540718,0.0072929306273267795
2026-08-17,457,1.511071304359356,1.5408590274292715,-0.029787723069915468
