origin_trading_day,rows,baseline_loss,candidate_loss,loss_delta_baseline_minus_candidate
2020-05-05,445,1.3974601571541303,1.4409770289153674,-0.04351687176123695
2020-05-06,442,1.4610409586629343,1.5097703091747972,-0.048729350511863084
2020-05-07,438,1.3648699333716554,1.4282043082866862,-0.06333437491503105
2020-05-08,437,1.7175367066140168,1.7780596976546756,-0.06052299104065896
2020-05-11,438,1.1827789557133885,1.2255926150982908,-0.04281365938490222
2020-05-12,431,1.2813735547874037,1.314593169348895,-0.03321961456149158
2020-05-13,431,2.3365632946972594,2.256756290804541,0.07980700389271815
2020-05-14,440,1.8830887784507926,1.8598991145304131,0.023189663920379334
2020-05-15,443,1.8668935842812229,1.8296197411656758,0.037273843115547184
2020-05-18,440,1.4951788393948875,1.508497237595321,-0.013318398200433387
2020-05-19,446,2.2847871886098434,2.212307335406252,0.07247985320359125
2020-05-20,438,1.6205331608514366,1.6063308426644511,0.014202318186985115
2020-05-21,430,1.6349507467308861,1.611710771578334,0.023239975152552095
2020-05-22,433,1.7295472653810422,1.6989008626186293,0.030646402762412834
2020-05-26,434,1.410500929952858,1.4175340830316925,-0.007033153078834637
2020-05-27,434,1.439826803011225,1.4396724604011157,0.0001543426101093653
2020-05-28,435,1.704088000244643,1.6827662677177568,0.021321732526886246
2020-05-29,449,2.843307397170261,2.7012564418717075,0.1420509552985534
2020-06-01,452,3.221540087014711,3.0174895610779973,0.20405052593671374
2020-06-02,448,1.9792918996601665,1.9223901548179023,0.05690174484226401
2020-06-03,451,1.0741846589913544,1.1214341897292688,-0.0472495307379144
2020-06-04,449,1.7938189489306822,1.8525423921376456,-0.058723443206963516
2020-06-05,428,2.088005065839605,2.140939417262206,-0.05293435142260099
2020-06-08,423,2.2633268549470773,2.3182596186779474,-0.054932763730870256
2020-06-09,429,1.3691831463082242,1.4387047936494661,-0.06952164734124185
2020-06-10,430,1.1899919123536082,1.2573781058288513,-0.06738619347524309
2020-06-11,444,1.3829727696486829,1.394845605032263,-0.011872835383580518
2020-06-12,461,1.193796363072362,1.2342160315661217,-0.04041966849375967
2020-06-15,467,1.133621941534407,1.1778385556138415,-0.04421661407943437
2020-06-16,469,1.1233831692779441,1.1814899470644054,-0.058106777786461214
2020-06-17,468,1.3931786678453408,1.4485113932068754,-0.05533272536153432
2020-06-18,467,1.2801662304406976,1.3325682853977376,-0.05240205495704011
2020-06-19,470,1.448228650840392,1.4908152613360288,-0.04258661049563667
2020-06-22,452,1.1435853927380197,1.1843203125923931,-0.04073491985437318
2020-06-23,444,0.9789370113568214,1.0251556721787294,-0.04621866082190797
2020-06-24,441,1.0593604011160798,1.0868537157940559,-0.027493314677975996
2020-06-25,438,1.064174740434116,1.0897246955907838,-0.025549955156667945
2020-06-26,438,1.5722932979443744,1.5724705382866364,-0.00017724034226199127
2020-06-29,455,1.196405403157719,1.2173182272242302,-0.02091282406651131
2020-06-30,463,1.1679942829733814,1.1937180719231564,-0.02572378894977522
2020-07-01,458,1.2796733438856496,1.309349517867185,-0.029676173981535558
2020-07-02,462,1.1062329725540063,1.1375087095482883,-0.03127573699428219
2020-07-06,465,1.039917612958776,1.0725072366951012,-0.03258962373632519
2020-07-07,462,0.9833874919249513,1.0168097524222037,-0.03342226049725238
2020-07-08,461,1.2794412419308483,1.2952354362135643,-0.015794194282716157
2020-07-09,466,1.695728339176444,1.6842224639684584,0.011505875207985414
2020-07-10,464,1.398226447278121,1.3933112601724937,0.004915187105627038
2020-07-13,464,1.2896599884940418,1.3083310024258397,-0.01867101393179755
2020-07-14,467,1.031749580511974,1.0621142513996626,-0.030364670887688554
2020-07-15,467,1.012716876676037,1.053518716817095,-0.04080184014105799
2020-07-16,467,0.9898403722945067,1.027058573988904,-0.03721820169439727
2020-07-17,469,0.9481728915538937,0.9874980708197235,-0.03932517926582985
2020-07-20,468,1.0084111050458677,1.0425499642790343,-0.03413885923316653
2020-07-21,467,0.9536757937086277,0.9838909962507498,-0.030215202542122118
2020-07-22,469,0.9646132247446655,1.0001769267189815,-0.03556370197431597
2020-07-23,464,1.0311914157300972,1.0671230243420677,-0.03593160861197052
2020-07-24,453,1.1195875564568878,1.150802600692796,-0.03121504423590804
2020-07-27,452,1.0598378083905227,1.0936160705308342,-0.03377826214031135
2020-07-28,454,1.1788007037106805,1.2040808375801795,-0.025280133869498865
2020-07-29,454,1.079739673347363,1.103618596899565,-0.023878923552202187
2020-07-30,455,1.1304223423504753,1.1499963250152108,-0.019573982664735198
2020-07-31,459,1.2447469874185961,1.244957345658772,-0.00021035824017593186
2020-08-03,458,1.5544157262586589,1.5301833400350948,0.024232386223564082
2020-08-04,456,1.5343751977118953,1.5151133883227752,0.019261809389120085
2020-08-05,453,1.2454694677893292,1.2534172298935422,-0.007947762104213068
2020-08-06,436,1.044999654927743,1.067841573378733,-0.02284191845099
2020-08-07,437,0.8975298936934837,0.929917382665834,-0.0323874889723504
2020-08-10,436,0.8505417789963318,0.8880032633199817,-0.03746148432364988
2020-08-11,430,0.9894097127627548,1.0188058823817576,-0.029396169619002606
2020-08-12,426,0.8854741344058497,0.913687465637232,-0.02821333123138231
2020-08-13,445,0.9051981766489152,0.931096613592023,-0.025898436943107752
2020-08-14,448,1.001240999353363,1.0220982302821027,-0.020857230928739416
2020-08-17,446,0.8010377608947975,0.8393440284911123,-0.03830626759631483
2020-08-18,453,0.7609121365243325,0.8031610897161543,-0.042248953191821696
2020-08-19,458,0.8613911164415272,0.9008858933576623,-0.039494776916135246
2020-08-20,455,0.9000994447576962,0.9280476574912389,-0.0279482127335426
2020-08-21,449,1.1298597716354042,1.142622337745374,-0.012762566109969785
2020-08-24,438,0.8700369412998902,0.9045891828314692,-0.03455224153157901
2020-08-25,432,0.9221329363024227,0.9504230455295506,-0.02829010922712794
2020-08-26,428,1.0701950226221661,1.0832294155904485,-0.013034392968282384
2020-08-27,423,0.7322128983622155,0.7708756420814946,-0.038662743719279184
2020-08-28,434,0.9122915007963622,0.9251025572632247,-0.012811056466862375
2020-08-31,444,1.3562805622160112,1.3276265311532576,0.028654031062753493
2020-09-01,444,1.1342108375317066,1.1299112967510678,0.00429954078063878
2020-09-02,444,1.8624534686314125,1.781153208595236,0.08130026003617646
2020-09-03,455,1.0994314491983321,1.09553706722412,0.0038943819742122024
2020-09-04,428,0.9340352099642182,0.954960305714407,-0.020925095750189027
2020-09-08,428,1.086611069603087,1.1001565273203868,-0.013545457717300001
2020-09-09,432,0.9690482920637912,0.987515230251627,-0.01846693818783587
2020-09-10,436,1.0298386878728583,1.0491146667700817,-0.019275978897223517
2020-09-11,436,0.8925102065891365,0.9180268553052385,-0.025516648716102062
2020-09-14,461,1.2126971653912564,1.2088978871898688,0.0037992782013877213
2020-09-15,467,1.147792625334099,1.1433596082010538,0.00443301713304526
2020-09-16,469,1.8213552354151838,1.7623265498772005,0.059028685537983405
2020-09-17,468,1.6475230510510896,1.6095425890834612,0.037980461967628616
2020-09-18,468,1.202986447880304,1.1953620300169736,0.0076244178633304936
2020-09-21,470,0.8799098241172919,0.9119970611574257,-0.03208723704013386
2020-09-22,451,0.7821837537068858,0.8157848218067238,-0.03360106809983806
2020-09-23,444,1.1007485701773214,1.1311765938573954,-0.030428023680073895
2020-09-24,441,1.2657434912437449,1.2820158851006858,-0.016272393856940785
2020-09-25,442,0.9986235827960132,1.0225350989968056,-0.023911516200792397
2020-09-28,437,0.979814870098071,1.0091520595450292,-0.02933718944695828
2020-09-29,455,0.9842818712186592,1.01666622168657,-0.032384350467910945
2020-09-30,463,1.1344061412032622,1.1677647670125644,-0.033358625809302156
2020-10-01,455,1.4542127167428278,1.474701749169726,-0.020489032426898344
2020-10-02,456,1.3336605319762418,1.3697962766944383,-0.03613574471819658
2020-10-05,461,1.0698896473544632,1.1149320445412274,-0.04504239718676414
2020-10-06,463,1.1562873572488472,1.1952039750933479,-0.03891661784450079
2020-10-07,460,0.8722520300536548,0.9101540801125964,-0.03790205005894156
2020-10-08,469,0.8715484706816058,0.9071723618842,-0.03562389120259419
2020-10-09,469,0.846674759249352,0.8778137289073851,-0.031138969658033075
2020-10-12,469,1.0449077813711782,1.051588596857806,-0.0066808154866278
2020-10-13,467,0.884970200569493,0.9072566748378078,-0.02228647426831474
2020-10-14,469,0.9056184684509353,0.923991559235881,-0.018373090784945673
2020-10-15,470,1.0028644405834843,1.0194786218455774,-0.016614181262092947
2020-10-16,471,0.9625543448534106,0.9837125588531743,-0.021158213999763666
2020-10-19,470,0.9256565059447396,0.9471260879177721,-0.021469581973032517
2020-10-20,469,1.1275622356338455,1.1242782995329528,0.0032839361008925798
2020-10-21,471,1.7872512184280773,1.7163246263074734,0.07092659212060409
2020-10-22,466,1.7276461794071742,1.661572910476061,0.06607326893111322
2020-10-23,456,1.9774352473087757,1.88326996050443,0.0941652868043457
2020-10-26,456,1.1639367614520644,1.1628186471411144,0.0011181143109499525
2020-10-27,457,1.2485956203342194,1.259514722088429,-0.010919101754209553
2020-10-28,456,1.9117090825210001,1.9164362943619033,-0.004727211840903168
2020-10-29,454,2.145252832632009,2.148046535358187,-0.002793702726178144
2020-10-30,458,2.3808676218262064,2.3779171783886572,0.0029504434375491493
2020-11-02,450,3.2477927945830616,3.209908580275363,0.037884214307699025
2020-11-03,445,2.605447684829309,2.5868135830449233,0.018634101784386042
2020-11-04,446,2.456469377883346,2.442408680821074,0.014060697062272007
2020-11-05,439,1.5321854468130576,1.5411523906457216,-0.008966943832664163
2020-11-06,434,2.2432830734886067,2.2310640407971767,0.012219032691430076
2020-11-09,441,1.3308928733385132,1.3386911670375257,-0.007798293699012392
2020-11-10,439,1.166879477527813,1.1711752123995454,-0.004295734871732129
2020-11-11,432,1.1114134539605665,1.108419555001395,0.002993898959171337
2020-11-12,440,1.3614232596325535,1.3657928656492455,-0.004369606016691957
2020-11-13,449,1.142041107409511,1.1355081138979066,0.00653299351160437
2020-11-16,446,1.2230798533309268,1.2170012574635884,0.006078595867338576
2020-11-17,450,1.3279442342912122,1.3288217553171213,-0.0008775210259090163
2020-11-18,453,1.2808721129038836,1.2796300076856226,0.0012421052182611406
2020-11-19,450,1.1728834958143337,1.1719108738675033,0.0009726219468305225
2020-11-20,438,1.124042466476785,1.1260443362771098,-0.0020018698003249047
2020-11-23,432,1.0645645507308994,1.0662777990317314,-0.0017132483008321184
2020-11-24,432,1.0521467726718905,1.0516979339058337,0.000448838766056812
2020-11-25,419,1.03082053909022,1.0324430230843797,-0.001622483994159706
2020-11-27,428,1.130425711363747,1.1402151935792406,-0.009789482215493467
2020-11-30,443,1.175016896605288,1.1864118173775164,-0.01139492077222854
2020-12-01,449,1.1018088113768691,1.1144946481466478,-0.012685836769778584
2020-12-02,447,0.9902806174828319,1.0096460778370149,-0.019365460354183076
2020-12-03,455,0.9617206278037399,0.9823588641085834,-0.020638236304843544
2020-12-04,454,0.9415218515107334,0.9593768169630826,-0.01785496545234914
2020-12-07,432,0.9408685063896413,0.9558859670329064,-0.015017460643265193
2020-12-08,430,0.7819687991727124,0.8217202274589662,-0.03975142828625386
2020-12-09,435,0.8430491930314674,0.8795150702537883,-0.036465877222320836
2020-12-10,438,0.9037319920952516,0.9371143392146533,-0.03338234711940162
2020-12-11,436,0.9800102264552905,1.011881627924091,-0.031871401468800416
2020-12-14,456,0.8614955416297108,0.8974826626896975,-0.03598712105998673
2020-12-15,458,0.9822899520044657,1.004263251345047,-0.021973299340581332
2020-12-16,459,0.8072615984901755,0.8456362221938598,-0.038374623703684184
2020-12-17,458,0.736300850624163,0.7785833452322841,-0.04228249460812126
2020-12-18,465,0.7033871996624951,0.7458876183938377,-0.04250041873134258
2020-12-21,467,0.6469485281697273,0.6931023872616567,-0.046153859091929504
2020-12-22,454,0.7099480543799035,0.7512466064158053,-0.041298552035901805
2020-12-23,444,0.7149889739022622,0.7574459544399399,-0.04245698053767766
2020-12-24,446,0.7282408119244651,0.7624424225392477,-0.034201610614782635
2020-12-28,444,0.7804761640714079,0.8153185712712259,-0.03484240719981804
2020-12-29,443,1.3986456135849896,1.3748911060107978,0.023754507574191838
2020-12-30,449,1.557758941098641,1.5253835426637514,0.032375398434889735
2020-12-31,456,1.4656134196802117,1.4398925552910296,0.02572086438918219
2021-01-04,461,1.7293555640807625,1.6848445302582518,0.044511033822510905
2021-01-05,463,1.7336466640188881,1.6879628444798145,0.045683819539073925
2021-01-06,462,0.9818202941808097,1.0028726456585422,-0.02105235147773244
2021-01-07,469,1.0254678255553507,1.0346153919604304,-0.00914756640507984
2021-01-08,471,1.0189477706155603,1.0242032648273156,-0.005255494211755252
2021-01-11,466,0.9890212878031991,1.0044969884170518,-0.015475700613852688
2021-01-12,466,0.985078795910548,1.0042736377872936,-0.019194841876745528
2021-01-13,461,0.9331992900488714,0.9595293560144923,-0.02633006596562076
2021-01-14,465,0.9770328890191179,0.9938630756716225,-0.01683018665250467
2021-01-15,467,0.9821527841665703,0.999257524863458,-0.017104740696887773
2021-01-19,471,1.163422452462692,1.1643530587023037,-0.0009306062396117035
2021-01-20,471,1.8673142647629366,1.8057105315384288,0.06160373322450793
2021-01-21,472,1.1523327039332907,1.1470334402127604,0.005299263720530207
2021-01-22,460,1.4614592771430868,1.4260335190413806,0.03542575810170611
2021-01-25,459,1.097064035376106,1.0987010380295443,-0.001637002653438318
2021-01-26,458,0.9412596415753727,0.9603260754239791,-0.01906643384860633
2021-01-27,458,1.312098533284339,1.3212404381065213,-0.009141904822182354
2021-01-28,454,1.1435233244393506,1.1657843239457935,-0.022260999506442954
2021-01-29,463,1.6978318694914776,1.697807657347253,2.4212144224710345e-05
2021-02-01,459,1.7093898693547394,1.692251684036231,0.017138185318508616
2021-02-02,455,1.303619000749179,1.3135179621283315,-0.009898961379152324
2021-02-03,452,1.2280736416705702,1.2454365686949658,-0.01736292702439546
2021-02-04,442,1.1059306477535336,1.127849941588441,-0.021919293834907573
2021-02-05,438,1.096013939201688,1.1190266704580316,-0.023012731256343594
2021-02-08,435,1.0056288752674847,1.030760431141578,-0.025131555874093152
2021-02-09,435,1.0307525234238004,1.0472863041779685,-0.016533780754168104
2021-02-10,430,0.9512315364064484,0.9650966327509747,-0.013865096344526356
2021-02-11,439,1.0228685179021275,1.034921978584783,-0.012053460682655443
2021-02-12,444,1.262854604326798,1.263715431176648,-0.0008608268498502034
2021-02-16,447,1.1794933296715415,1.1838857938683711,-0.004392464196829527
2021-02-17,450,1.390889429031582,1.3906012025637828,0.00028822646779937274
2021-02-18,442,1.4155915422252765,1.4042447263417008,0.011346815883575619
2021-02-19,436,1.2435358296062131,1.2366972064835255,0.0068386231226878254
2021-02-22,436,0.9338899238669262,0.9547818469487562,-0.020891923081830036
2021-02-23,438,0.9081124809976042,0.9271492600239534,-0.019036779026349163
2021-02-24,435,1.1137561850050848,1.1147504927928165,-0.0009943077877317217
2021-02-25,439,1.0948938344175527,1.1051142671407075,-0.010220432723154638
2021-02-26,447,1.3001701084696418,1.3101667560241268,-0.009996647554484978
2021-03-01,448,1.6043991253857104,1.5983483942712335,0.006050731114476936
2021-03-02,433,1.0482912728328297,1.070320823240758,-0.022029550407928117
2021-03-03,438,1.1461051184964153,1.1716939994734612,-0.025588880977045977
2021-03-04,437,1.4440512624646071,1.466766546451067,-0.022715283986459917
2021-03-05,422,1.1470151365911612,1.1691068092057875,-0.02209167261462623
2021-03-08,416,1.4127598165038233,1.4343931972278539,-0.021633380724030427
2021-03-09,424,1.0306281359803664,1.0555573903543354,-0.02492925437396894
2021-03-10,423,0.9739721061868433,0.9998303434385661,-0.025858237251722895
2021-03-11,432,0.9825722696709874,1.003157298715792,-0.020585029044804554
2021-03-12,453,0.9465832162121142,0.9637073710047033,-0.01712415479258904
2021-03-15,460,0.9790565655096802,0.9938766386365508,-0.014820073126870502
2021-03-16,469,1.0425992135390045,1.0497389940540809,-0.007139780515076192
2021-03-17,468,1.1908355328937517,1.1882568497799053,0.0025786831138463963
2021-03-18,468,0.8631089611633718,0.8901043038038087,-0.026995342640436897
2021-03-19,471,1.0720370485019082,1.1085692006301144,-0.036532152128206354
2021-03-22,472,1.0634946414822515,1.0945705411047613,-0.031075899622509784
2021-03-23,454,1.0877849270474207,1.1211531406858586,-0.03336821363843798
2021-03-24,446,0.9787540355656097,1.024782403200019,-0.04602836763440934
2021-03-25,447,0.989556329634805,1.0351212853401712,-0.04556495570536612
2021-03-26,443,0.8439471380366785,0.881185625177578,-0.03723848714089961
2021-03-29,439,0.9727638156271988,1.0062768900523045,-0.033513074425105746
2021-03-30,457,0.8615810530146928,0.9020717429683865,-0.04049068995369372
2021-03-31,457,0.8577496863245329,0.896765424816156,-0.039015738491623174
2021-04-01,457,0.7849357877355501,0.8246090625358061,-0.03967327480025604
2021-04-05,462,0.6928096449476799,0.7374817288095847,-0.04467208386190481
2021-04-06,466,0.6958694139393892,0.7383394179625271,-0.04247000402313786
2021-04-07,462,0.6719916427909713,0.7156841155426646,-0.04369247275169328
2021-04-08,469,0.768717904583373,0.8037522367360665,-0.035034332152693644
2021-04-09,472,0.766378784403699,0.8002991567544361,-0.03392037235073703
2021-04-12,473,0.7137619078397638,0.7512719937627295,-0.03751008592296564
2021-04-13,467,0.810219278229584,0.8359988201438106,-0.025779541914226628
2021-04-14,471,0.8258878350079443,0.8562247832091678,-0.030336948201223547
2021-04-15,471,0.7816010801040123,0.8052115350718125,-0.02361045496780023
2021-04-16,468,0.7035370428528316,0.7395725996749959,-0.036035556822164264
2021-04-19,468,0.7097508326267798,0.7460526043189836,-0.03630177169220378
2021-04-20,473,0.9876118723824765,1.0037730615965181,-0.016161189214041655
2021-04-21,473,0.8932231625989563,0.9056101499166238,-0.012386987317667538
2021-04-22,469,0.9672132890874743,0.979329997561431,-0.01211670847395685
2021-04-23,461,0.805920088802449,0.8270071182825842,-0.02108702948013513
2021-04-26,460,0.9515442373330926,0.9612492442732566,-0.009705006940164105
2021-04-27,461,1.0948154848536709,1.0858765770271304,0.00893890782654064
2021-04-28,461,1.117014756841622,1.1105579695766474,0.006456787264974622
2021-04-29,459,1.1248728137063915,1.1148009820437148,0.010071831662676585
2021-04-30,460,1.225208980853172,1.2164852258340992,0.008723755019073147
2021-05-03,456,1.1448419655506188,1.1419848030580795,0.0028571624925391066
2021-05-04,453,0.872279993537488,0.8843945462223539,-0.01211455268486607
2021-05-05,449,1.097024459085421,1.0743519341221701,0.02267252496325078
2021-05-06,440,0.8813877161417312,0.8866931176431251,-0.005305401501393933
2021-05-07,440,0.762652285939019,0.7812508782913288,-0.018598592352309786
2021-05-10,444,0.7681696259488311,0.7868745967296832,-0.018704970780852127
2021-05-11,439,0.7170421277034924,0.7443708189941417,-0.027328691290649323
2021-05-12,437,0.742075984921877,0.7826674357241312,-0.04059145080225423
2021-05-13,446,0.8342299321733923,0.8661739027298344,-0.03194397055644221
2021-05-14,450,0.7478274884697724,0.7785705112254566,-0.030743022755684107
2021-05-17,445,0.8310805481708163,0.8579686163653352,-0.026888068194518933
2021-05-18,448,0.8191679954004446,0.8483649078757808,-0.02919691247533615
2021-05-19,452,0.7792894118082909,0.8145226521518847,-0.03523324034359373
2021-05-20,442,0.7484734404173721,0.7777723029883072,-0.02929886257093528
2021-05-21,430,0.7282706367634191,0.7597226248965391,-0.03145198813312003
2021-05-24,430,0.770174188748474,0.7955952402311415,-0.025421051482667413
2021-05-25,429,0.8316015362559208,0.8534694801823625,-0.021867943926441716
2021-05-26,417,0.8050907113246073,0.8309921885242505,-0.02590147719964313
2021-05-27,436,0.7772281280162064,0.8064784943067463,-0.029250366290539703
2021-05-28,448,0.8493730632933751,0.8701212545397176,-0.02074819124634251
2021-06-01,449,0.7930876361030337,0.8196429353748118,-0.026555299271778146
2021-06-02,448,0.7804913207113999,0.8023912564370709,-0.021899935725671053
2021-06-03,453,0.8947001489712276,0.9157920731288836,-0.02109192415765587
2021-06-04,451,0.7916962975370903,0.8140228544109724,-0.022326556873882075
2021-06-07,433,0.8069975412205315,0.8228981210752374,-0.015900579854706005
2021-06-08,430,0.7588920557914388,0.7775583591045335,-0.018666303313094636
2021-06-09,434,0.7152568074169092,0.7380730543614039,-0.02281624694449475
2021-06-10,441,0.9372022324704264,0.9255956976945408,0.011606534775885736
2021-06-11,441,1.4482733312669935,1.3469086527966208,0.10136467847037295
2021-06-14,462,0.8262161306215924,0.8139764036535941,0.01223972696799819
2021-06-15,470,0.9024134451121142,0.8805533481401524,0.021860096971961805
2021-06-16,471,0.8042479244284994,0.7965941069422181,0.0076538174862812725
2021-06-17,467,0.6823703731979335,0.7060225773381968,-0.023652204140263363
2021-06-18,466,1.04113828652031,1.0538356836108287,-0.01269739709051852
2021-06-21,468,0.7474244708489304,0.7748185737929187,-0.02739410294398838
2021-06-22,450,0.7492199978440817,0.7705034489995773,-0.02128345115549558
2021-06-23,443,0.6924605118084514,0.7221005896431958,-0.02964007783474443
2021-06-24,442,0.5965197111491023,0.6362408804682816,-0.03972116931917925
2021-06-25,440,0.5935672059494826,0.6295052299985431,-0.0359380240490605
2021-06-28,437,0.6061135285804724,0.6386196469843591,-0.032506118403886605
2021-06-29,454,0.6886502271609302,0.7151332897493937,-0.02648306258846354
2021-06-30,456,0.8089609572411836,0.8137379181349561,-0.004776960893772453
2021-07-01,460,0.6584213459670578,0.684395484247966,-0.025974138280908245
2021-07-02,466,0.6058234785763814,0.6347062661803936,-0.028882787604012115
2021-07-06,470,0.5532396431568922,0.5891423919962442,-0.035902748839351864
2021-07-07,464,0.5827970508254374,0.6142140011995593,-0.03141695037412194
2021-07-08,468,0.6505132791880492,0.6822754385065087,-0.03176215931845966
2021-07-09,471,0.9292296399558581,0.9167485982912538,0.012481041664604295
2021-07-12,470,1.3873750310110708,1.3195197048890386,0.06785532612203216
2021-07-13,465,0.8175810235968102,0.8218736880956685,-0.004292664498858294
2021-07-14,471,0.6337310551209533,0.6584225432710477,-0.024691488150094455
2021-07-15,470,0.7205071861773469,0.735652562023514,-0.01514537584616726
2021-07-16,469,0.8161307570267489,0.8363123449852623,-0.020181587958513325
2021-07-19,467,1.223731152033759,1.2373763389975738,-0.01364518696381477
2021-07-20,471,0.726862660943951,0.7610436389028901,-0.03418097795893903
2021-07-21,471,0.7012189482020014,0.7308319869342982,-0.029613038732296846
2021-07-22,465,0.8292640196404766,0.8549746448327976,-0.025710625192321063
2021-07-23,454,0.75849277387963,0.7797105401600716,-0.021217766280441672
2021-07-26,456,0.8086321186353708,0.8296487584018055,-0.021016639766434808
2021-07-27,457,0.9735425671337946,0.9917262168863011,-0.018183649752506567
2021-07-28,457,1.0080706298557183,1.0138281117528463,-0.005757481897127885
2021-07-29,461,0.9099926013796079,0.917502067941543,-0.0075094665619351636
2021-07-30,468,0.8327966008657544,0.8523494479398682,-0.019552847074113953
2021-08-02,459,0.8474542258618479,0.8608434774603931,-0.013389251598545279
2021-08-03,458,0.8567520386888636,0.8671163971977643,-0.010364358508900768
2021-08-04,454,1.093217962908192,1.1043797870292205,-0.011161824121028407
2021-08-05,438,0.8999587413550186,0.8691953292286001,0.030763412126418456
2021-08-06,435,0.7569154167279818,0.730653382720715,0.026262034007266663
2021-08-09,443,0.7554994664031954,0.7319717702453812,0.023527696157814366
2021-08-10,434,0.7838256751914786,0.7866951311846938,-0.002869455993215221
2021-08-11,433,0.9032310495977821,0.9390095118829376,-0.0357784622851554
2021-08-12,444,1.0441694338731273,1.1054271147275536,-0.06125768085442613
2021-08-13,448,0.8679459723944861,0.8953736370510176,-0.02742766465653143
2021-08-16,446,0.6573423244578973,0.6497326113770807,0.007609713080816639
2021-08-17,454,0.7206472153204306,0.7062497676103464,0.014397447710084265
2021-08-18,456,0.8355891203368263,0.8018531998539495,0.033735920482876866
2021-08-19,462,0.8778726767466255,0.8462137521313753,0.031658924615250175
2021-08-20,462,1.0395816134388107,0.9909924484739437,0.04858916496486706
2021-08-23,456,0.7233834275841593,0.707645717222002,0.015737710362157417
2021-08-24,435,0.6255701313338932,0.6065645033809005,0.019005627952992668
2021-08-25,436,0.6924372556341031,0.6759917752959013,0.016445480338201802
2021-08-26,425,0.7580115284461673,0.7240557236595635,0.033955804786603754
2021-08-27,425,0.728196019975279,0.723572452883555,0.00462356709172398
2021-08-30,429,0.7034024544649204,0.7002835761229619,0.003118878341958504
2021-08-31,447,0.7142508396145604,0.7239727522289388,-0.009721912614378228
2021-09-01,434,0.7173370926571501,0.7161580554448925,0.0011790372122576095
2021-09-02,447,0.9573777691141838,0.9581087457174893,-0.0007309766033053121
2021-09-03,449,0.876647675717826,0.8760586268035274,0.0005890489142985751
2021-09-07,429,0.845689608012933,0.8509857347880921,-0.005296126775159136
2021-09-08,426,0.8406602307466075,0.8407871380734051,-0.00012690732679757215
2021-09-09,438,0.7478478940731754,0.7508198724580676,-0.0029719783848922232
2021-09-10,439,0.7792832824839887,0.7822160450544152,-0.0029327625704264953
2021-09-13,440,0.9754962126281036,0.9874313736751075,-0.011935161047003906
2021-09-14,463,0.8870540365423913,0.9030787651412236,-0.01602472859883224
2021-09-15,470,0.8792392874206709,0.8957124642705132,-0.01647317684984224
2021-09-16,468,0.7207807285749782,0.7224927636712314,-0.0017120350962530736
2021-09-17,467,0.7459009345589864,0.7436193968384949,0.0022815377204915485
2021-09-20,467,1.1886523774838098,1.138271297524578,0.05038107995923177
2021-09-21,469,1.2382623978420473,1.1926283447403456,0.045634053101701356
2021-09-22,449,1.0294339862620594,1.0176062896956948,0.01182769656636465
2021-09-23,443,1.2229029747232363,1.2520049816872352,-0.029102006963998953
2021-09-24,444,1.123915649248187,1.1406735844843632,-0.01675793523617617
2021-09-27,440,1.2421440810596927,1.267156461834984,-0.025012380775290954
2021-09-28,437,0.7616440666554205,0.7583931410118001,0.003250925643620443
2021-09-29,457,0.7643945630586871,0.7556946234502993,0.008699939608387924
2021-09-30,458,0.8623169981713251,0.8323734847759512,0.02994351339537409
2021-10-01,458,0.7798706518769865,0.756791962609596,0.023078689267390408
2021-10-04,464,0.7869454186319352,0.7694173826774262,0.017528035954508976
2021-10-05,468,0.7539196912184118,0.745099924443008,0.008819766775403904
2021-10-06,466,0.7623088683814152,0.7478090632309362,0.014499805150478983
2021-10-07,469,0.7297548998486809,0.7075260004445557,0.02222889940412526
2021-10-08,470,0.7808071465820626,0.7499471367553332,0.030860009826729325
2021-10-11,470,0.9533503971116872,0.9219163101720143,0.03143408693967302
2021-10-12,469,1.055032163446989,1.0300645873596477,0.024967576087341452
2021-10-13,471,1.1123209936799017,1.0783327064624808,0.03398828721742088
2021-10-14,474,0.8442136078749525,0.8216080891395013,0.02260551873545108
2021-10-15,474,0.8651698484674488,0.8465963385513778,0.018573509916070985
2021-10-18,473,0.880127365819868,0.8549523439582839,0.025175021861584004
2021-10-19,473,0.8057290669235222,0.7828160093175768,0.022913057605945357
2021-10-20,473,0.9097208871581796,0.9180552997853366,-0.00833441262715713
2021-10-21,470,0.878962648074717,0.8864509144273979,-0.007488266352680856
2021-10-22,458,0.9866638672399171,0.9940198233261605,-0.007355956086243352
2021-10-25,456,0.9279982340133281,0.9247286054613059,0.0032696285520222965
2021-10-26,455,1.0340307666585329,1.027692895919801,0.006337870738731731
2021-10-27,456,1.1628892860274247,1.1256305325179126,0.0372587535095122
2021-10-28,455,1.1177352259859155,1.0949350880855613,0.022800137900354296
2021-10-29,464,1.3298187140820739,1.27377717148708,0.05604154259499412
2021-11-01,465,1.0541966292909783,1.0177180070028489,0.03647862228812954
2021-11-02,458,1.0407528090696916,1.0073874796756073,0.03336532939408425
2021-11-03,439,0.8684834143593313,0.8515793968859454,0.01690401747338591
2021-11-04,448,0.7997216291934196,0.7868393177845129,0.012882311408906683
2021-11-05,436,0.8274029731883388,0.820982557011013,0.0064204161773258285
2021-11-08,432,0.7790532410374793,0.7646949447090537,0.014358296328425472
2021-11-09,435,0.7761878367461477,0.7593871540285386,0.016800682717608924
2021-11-10,448,0.7987963149660796,0.77710201859803,0.021694296368049724
2021-11-11,433,0.8301662041241539,0.8195517966286266,0.010614407495527216
2021-11-12,446,0.9454068829123928,0.9496160364259728,-0.004209153513579996
2021-11-15,445,0.8921484195792821,0.8985119536345892,-0.0063635340553071735
2021-11-16,447,0.8481166352676625,0.8623488887492483,-0.014232253481585813
2021-11-17,446,0.8086594142287387,0.7957303025383852,0.01292911169035341
2021-11-18,457,1.1184857262018657,1.1629955941354657,-0.04450986793360007
2021-11-19,450,0.8985404642970023,0.9085209713931232,-0.009980507096120798
2021-11-22,437,1.4368829109227363,1.5308479248234759,-0.09396501390073952
2021-11-23,436,1.9354980988752621,2.1069864479121487,-0.17148834903688645
2021-11-24,425,1.23614409969358,1.2993452041114202,-0.06320110441783999
2021-11-26,426,0.9375765035817882,0.9557518266420202,-0.018175323060231938
2021-11-29,432,0.9387657830745967,0.9645536209391105,-0.0257878378645138
2021-11-30,448,1.2257775073080437,1.1866938560107163,0.03908365129732742
2021-12-01,450,1.6144638472036958,1.5496315171160995,0.06483233008759613
2021-12-02,452,0.9403132655985638,0.8876199511669894,0.05269331443157428
2021-12-03,453,1.112803098475543,1.0586221483978897,0.05418095007765335
2021-12-06,453,0.8515326490200349,0.8096199314506175,0.041912717569417404
2021-12-07,436,0.9287538592834054,0.9446417127112885,-0.015887853427882983
2021-12-08,434,0.9753056107878858,0.9799547939497141,-0.004649183161828352
2021-12-09,443,1.0389735134845188,1.0556509908906557,-0.016677477406136895
2021-12-10,440,1.0372725241436298,1.078279415473895,-0.04100689133026543
2021-12-13,440,1.0513006623452896,1.1005984452092359,-0.0492977828639462
2021-12-14,457,0.779770106531618,0.7412763699029683,0.038493736628649654
2021-12-15,458,0.8531548114989795,0.824881705737251,0.028273105761728496
2021-12-16,464,0.9360677763421587,0.8958326182625495,0.04023515807960922
2021-12-17,467,1.0514593011946158,0.9863996034870534,0.0650596977075626
2021-12-20,471,1.4040634543682755,1.34216151312184,0.06190194124643538
2021-12-21,474,0.9454400624044809,0.8638414498948364,0.08159861250964462
2021-12-22,463,0.7384333395157775,0.6431181809468568,0.0953151585689206
2021-12-23,453,0.7025442859317695,0.615752597618703,0.08679168831306643
2021-12-27,452,0.6854851310010313,0.6373703235160243,0.04811480748500698
2021-12-28,449,0.9070246573197609,0.8811983071110865,0.02582635020867439
2021-12-29,448,1.2068708505776216,1.2970040877385132,-0.09013323716089161
2021-12-30,456,1.3749720737862048,1.4391121096352464,-0.06414003584904146
2021-12-31,460,1.7678384400293101,1.85739402903621,-0.0895555890068998
2022-01-03,464,1.395063403306008,1.4876118955398574,-0.09254849223384937
2022-01-04,467,1.0635808865323377,1.1166949820807166,-0.053114095548378704
2022-01-05,468,0.8695352109832422,0.8498123383243112,0.019722872658930968
2022-01-06,470,0.8993040465165091,0.9172464604810875,-0.017942413964578397
2022-01-07,474,0.9160863773679161,0.925399966774016,-0.009313589406100107
2022-01-10,471,1.0082063216306474,1.0609095939958113,-0.05270327236516381
2022-01-11,469,1.323232115548557,1.4664762168057233,-0.1432441012571662
2022-01-12,463,1.67013586244078,1.8794702538592052,-0.20933439141842522
2022-01-13,469,1.9433342729002803,2.1657241641596614,-0.22238989125938094
2022-01-14,472,1.644594119987402,1.8038430169338888,-0.15924889694648697
2022-01-18,474,1.4868883359821774,1.6326121984173219,-0.1457238624351445
2022-01-19,474,1.4187971136278665,1.5512071411385466,-0.1324100275106798
2022-01-20,480,1.3854877938660652,1.4903376514360298,-0.10484985756996466
2022-01-21,470,0.9696129140009497,0.9768226630897431,-0.007209749088793457
2022-01-24,463,0.9139046751896435,0.8895316620450152,0.024373013144628367
2022-01-25,463,1.2193321326544309,1.1835077010925785,0.035824431561852284
2022-01-26,463,1.5614967503688937,1.5151870888820578,0.04630966148683604
2022-01-27,458,1.3021950827871442,1.2498540281996247,0.052341054587519475
2022-01-28,463,1.0188528887743782,0.9873300285309592,0.03152286024341894
2022-01-31,465,1.0702335094767905,1.0695945748651177,0.0006389346116728758
2022-02-01,464,1.0812738291484285,1.08056596477556,0.0007078643728683649
2022-02-02,459,1.035350781683404,0.9911093334983709,0.04424144818503326
2022-02-03,452,1.1340305835114182,1.0905223713955818,0.043508212115836414
2022-02-04,449,0.9642737336009876,0.9533619438842357,0.010911789716751772
2022-02-07,446,0.9497585363610742,0.9517829052635678,-0.002024368902493577
2022-02-08,441,0.9675374025649789,0.9494871392369412,0.018050263328037757
2022-02-09,445,1.1397765404594082,1.200832473228551,-0.061055932769142826
2022-02-10,441,1.1610344131022718,1.2360051413746853,-0.07497072827241326
2022-02-11,441,1.003805861616677,1.0145638995591675,-0.01075803794249064
2022-02-14,445,0.9798698502517977,1.0028519384424406,-0.022982088190642864
2022-02-15,451,1.676504097184251,1.9222758405183211,-0.2457717433340699
2022-02-16,442,1.4793525221699988,1.594064698239257,-0.1147121760692582
2022-02-17,445,0.9733546870458599,0.9224771207561994,0.05087756628966064
2022-02-18,439,1.1851156086962629,1.1502056526122901,0.03490995608397269
2022-02-22,436,1.5236589201436794,1.5185141082904186,0.005144811853260771
2022-02-23,433,1.66837084310826,1.6061955794667362,0.06217526364152358
2022-02-24,435,1.4134665901554535,1.3462221949958615,0.06724439515959217
2022-02-25,441,1.7084708777363369,1.812371719478114,-0.10390084174177694
2022-02-28,451,2.2020440185322436,2.5180020320480727,-0.3159580135158292
2022-03-01,453,1.6077814494112865,1.8012789580477184,-0.193497508636432
2022-03-02,440,1.2759009992055008,1.3911036802405312,-0.11520268103503026
2022-03-03,436,1.2661381131013962,1.35975370180086,-0.09361558869946392
2022-03-04,442,1.2942867796173818,1.3923763185871962,-0.09808953896981451
2022-03-07,423,1.2156847479815363,1.2249871963305512,-0.009302448349014888
2022-03-08,420,1.1584381918379991,1.0839940555471905,0.07444413629080876
2022-03-09,432,1.024614922364372,0.9152026778872648,0.10941224447710703
2022-03-10,440,1.212507773528521,1.120276146209722,0.09223162731879923
2022-03-11,440,1.7996838281609904,1.7603257505645316,0.03935807759645886
2022-03-14,460,1.8234937075799418,1.7825960368879967,0.04089767069194509
2022-03-15,468,1.5526572595630477,1.489976789174042,0.06268047038900583
2022-03-16,471,1.0204494460461249,0.9085567982851782,0.1118926477609468
2022-03-17,470,0.9776380546668352,0.8627441241014556,0.11489393056537954
2022-03-18,471,1.065961532668001,0.9825735583619581,0.08338797430604265
2022-03-21,474,0.9026601881120672,0.7709249701864983,0.13173521792556883
2022-03-22,474,0.9793203064157173,0.8484771894914228,0.13084311692429448
2022-03-23,457,1.093416001388395,0.970567011275354,0.12284899011304093
2022-03-24,454,0.9371118289843885,0.8564664672117073,0.08064536177268122
2022-03-25,452,1.045102022212686,1.0074283777825463,0.03767364443013984
2022-03-28,449,0.9252224756681563,0.8653332832978439,0.059889192370312344
2022-03-29,444,1.2167370528591333,1.3155643283480953,-0.09882727548896185
2022-03-30,463,1.2709751984237343,1.3787084879390785,-0.10773328951534414
2022-03-31,463,1.1263154499158814,1.1617396698330738,-0.03542421991719236
2022-04-01,460,1.12443301871349,1.1810501170638663,-0.056617098350376024
2022-04-04,463,1.3009574867052485,1.4390895411338094,-0.13813205442856083
2022-04-05,466,1.095313667296632,1.1655157186737963,-0.07020205137716434
2022-04-06,461,0.8371989827885404,0.812720614979606,0.02447836780893441
2022-04-07,470,1.0120422017573691,1.0427055191106192,-0.030663317353250053
2022-04-08,476,1.0075193574510874,1.036561938744999,-0.02904258129391141
2022-04-11,473,0.9189140707608829,0.8676088405130802,0.05130523024780273
2022-04-12,474,1.0902946352422016,1.0319700613853635,0.05832457385683832
2022-04-13,476,1.0252697504542356,1.0571789442625161,-0.03190919380828057
2022-04-14,476,1.1529317500241283,1.2232683710709413,-0.07033662104681325
2022-04-18,474,1.116702003246966,1.1620283523616695,-0.0453263491147036
2022-04-19,475,2.04419585727368,2.2741371654102664,-0.22994130813658703
2022-04-20,476,2.193342832167659,2.4412536563240024,-0.24791082415634316
2022-04-21,474,1.365928180252668,1.4535399462509937,-0.08761176599832592
2022-04-22,464,1.382888201708202,1.5004767803334589,-0.11758857862525667
2022-04-25,465,1.4390516063187921,1.557385408714256,-0.11833380239546393
2022-04-26,467,1.1512238877580956,1.169440327536598,-0.01821643977850249
2022-04-27,466,1.3909288960546045,1.356417424225049,0.03451147182955537
2022-04-28,467,1.4407516651400023,1.562097851264615,-0.12134618612461288
2022-04-29,471,1.3380023042819398,1.3859632514295726,-0.04796094714763284
2022-05-02,464,1.9172428239087018,2.188437148734007,-0.2711943248253048
2022-05-03,462,1.9354975758525408,2.213857418099394,-0.2783598422468534
2022-05-04,459,3.019878926207605,3.647530399012075,-0.6276514728044702
2022-05-05,448,1.8460737410439128,2.159986401677023,-0.3139126606331102
2022-05-06,440,1.0888933937470757,1.10646131663735,-0.0175679228902742
2022-05-09,445,0.9769151080686109,0.8842453086459859,0.09266979942262507
2022-05-10,440,1.1757523290872125,1.055676543620782,0.12007578546643041
2022-05-11,437,1.1617023873914867,1.0929868338255364,0.06871555356595033
2022-05-12,441,1.1919121438997424,1.1431632952360085,0.04874884866373373
2022-05-13,454,1.3268678638193263,1.3706981021736775,-0.04383023835435112
2022-05-16,451,1.189075807890957,1.1407671912111148,0.048308616679842056
2022-05-17,451,1.542109178219633,1.7325548511368243,-0.1904456729171912
2022-05-18,457,1.1122670691983687,0.9818259123161579,0.13044115688221086
2022-05-19,460,1.3341954887027891,1.1994148600107333,0.13478062869205593
2022-05-20,447,1.8929913839353554,1.7979157825390972,0.09507560139625804
2022-05-23,436,1.2730421581159364,1.1353821983377272,0.1376599597782091
2022-05-24,438,1.3718349302214974,1.2596402719882387,0.11219465823325865
2022-05-25,424,1.5442580954825238,1.4619905546344742,0.08226754084804962
2022-05-26,431,0.9925627387859792,0.8560250235532139,0.13653771523276545
2022-05-27,443,1.0135444453925422,0.94899218603572,0.06455225935682218
2022-05-31,454,0.9665115301207001,0.8400220832613492,0.126489446859351
2022-06-01,454,0.9296474560973501,0.7910523897393491,0.138595066358001
2022-06-02,453,1.3692679582707636,1.4982913100650859,-0.12902335179432212
2022-06-03,455,1.6935733987130386,1.9458697406051786,-0.25229634189214006
2022-06-06,455,3.0263215206039695,3.7702561421549334,-0.7439346215509641
2022-06-07,436,3.726912295700074,4.467562791559036,-0.7406504958589616
2022-06-08,436,2.7895114922783444,3.33084114367899,-0.541329651400646
2022-06-09,446,3.285185753498527,3.9666570700838846,-0.6814713165853574
2022-06-10,444,2.3129500395705467,2.676880479609234,-0.3639304400386868
2022-06-13,444,1.176557636805502,1.1535539421549568,0.023003694650545168
2022-06-14,467,1.2256774595587143,1.2055234025738213,0.020154056984892924
2022-06-15,467,1.4340999607146547,1.4805524976573745,-0.0464525369427197
2022-06-16,470,2.1808563289313594,2.1687431680535187,0.012113160877840272
2022-06-17,472,1.8038018174693582,1.7344776025227309,0.06932421494662752
2022-06-21,475,1.0169425740988611,0.9169207878449657,0.10002178625389554
2022-06-22,459,0.9279850100956646,0.8166176597245343,0.11136735037113038
2022-06-23,449,0.9113038476359377,0.8494572158594861,0.06184663177645155
2022-06-24,449,1.1656558017417569,1.2318039519507358,-0.06614815020897867
2022-06-27,446,1.0700048456222657,1.0895179049125474,-0.01951305929028179
2022-06-28,443,1.1022474717434902,1.1055129790411504,-0.0032655072976603347
2022-06-29,454,0.945690589218243,0.8388334077523265,0.10685718146591647
2022-06-30,463,0.9874122155629979,0.8800097345135074,0.10740248104949052
2022-07-01,466,0.8819302494634307,0.8224334317779871,0.05949681768544366
2022-07-05,470,0.8102384186934197,0.7363179229276128,0.07392049576580689
2022-07-06,472,0.8948733960804827,0.8578581678011148,0.037015228279367825
2022-07-07,473,1.210386100452726,1.3118284954599269,-0.10144239500720072
2022-07-08,478,0.8992057311730928,0.8581754114866855,0.04103031968640721
2022-07-11,477,0.9544438598501624,0.9114533424343398,0.04299051741582259
2022-07-12,474,1.1411024159127456,1.0493106323525685,0.09179178356017716
2022-07-13,473,1.5765859144545225,1.5047169502525013,0.07186896420202131
2022-07-14,473,2.094327614881858,2.002982885684924,0.09134472919693414
2022-07-15,473,1.2508551970684196,1.1787909932274905,0.07206420384092936
2022-07-18,475,1.3603459346272975,1.2779679639688455,0.082377970658452
2022-07-19,476,0.9063970669320125,0.8909553029048228,0.015441764027189695
2022-07-20,477,0.997132166524503,0.9699788231675596,0.027153343356943433
2022-07-21,474,1.1863315092448865,1.148297099465268,0.03803440977961867
2022-07-22,461,1.5667539841871008,1.495522511332218,0.07123147285488304
2022-07-25,460,1.4509332376303015,1.3787944873197253,0.07213875031057618
2022-07-26,463,1.6124902027857129,1.5454507391195667,0.06703946366614631
2022-07-27,462,1.3929196276299218,1.3371631588669444,0.055756468762977525
2022-07-28,465,1.1557487535569622,1.1243433788332629,0.03140537472369938
2022-07-29,474,1.0625640325333365,1.0444918776301693,0.018072154903167322
2022-08-01,470,1.0329250225169773,1.0047255503418662,0.028199472175111182
2022-08-02,464,0.9237632054428178,0.9000038170026957,0.023759388440122115
2022-08-03,462,1.017127278078542,0.9694034661048482,0.04772381197369396
2022-08-04,452,1.1708070290259034,1.1003485460842544,0.07045848294164896
2022-08-05,442,1.3025331681626806,1.2068698148424803,0.09566335332020039
2022-08-08,445,1.1823995589714407,1.1026769380126877,0.07972262095875302
2022-08-09,441,1.4107612891137369,1.3228192648546373,0.08794202425909967
2022-08-10,436,0.8334259096194953,0.78106529251251,0.052360617106985315
2022-08-11,438,0.8274336110141844,0.7697217164899324,0.05771189452425217
2022-08-12,450,0.9277125073885466,0.9898902095515881,-0.06217770216304151
2022-08-15,448,1.384533556680956,1.5607239680194984,-0.17619041133854235
2022-08-16,455,1.5794396307110437,1.7622272893673205,-0.1827876586562768
2022-08-17,460,1.2352698253736807,1.324904391445863,-0.0896345660721821
2022-08-18,469,0.9266704876399959,0.9542852472608797,-0.027614759620883715
2022-08-19,468,1.374830998298761,1.462500776317056,-0.08766977801829494
2022-08-22,468,1.0554111531179435,1.0860601099921798,-0.03064895687423636
2022-08-23,456,1.079709338941401,1.1291203317524143,-0.049410992811013354
2022-08-24,443,1.386498206362901,1.4893922639656672,-0.10289405760276617
2022-08-25,434,1.879466493363682,2.062494711672828,-0.18302821830914617
2022-08-26,434,1.1453942412391644,1.2284390995760897,-0.08304485833692517
2022-08-29,430,1.1211325655464655,1.1829626547897523,-0.061830089243286944
2022-08-30,440,0.8126717924926101,0.7802494997958285,0.03242229269678159
2022-08-31,439,0.9648248635013964,0.9113996147257032,0.05342524877569319
2022-09-01,449,1.0906603175200422,1.023829228778941,0.06683108874110116
2022-09-02,454,1.58253111370037,1.4968593328307487,0.08567178086962128
2022-09-06,456,0.8053816197254225,0.7648671404543201,0.040514479271102445
2022-09-07,438,0.9236713975120882,0.9259517209983781,-0.0022803234862898594
2022-09-08,444,1.1292215627382935,1.2020624890306535,-0.07284092629235998
2022-09-09,446,1.6581073661867112,1.8520672965228555,-0.1939599303361443
2022-09-12,443,1.6856902749691391,1.8871155612076145,-0.2014252862384754
2022-09-13,446,1.152448329363954,1.2573811977984697,-0.10493286843451574
2022-09-14,465,1.477800848369721,1.6679458310245974,-0.1901449826548765
2022-09-15,474,1.6919488245492014,1.9396574945530058,-0.2477086700038043
2022-09-16,472,1.8081333456055624,2.0807273026484627,-0.2725939570429005
2022-09-19,474,2.529027429239951,2.9887083798407343,-0.4596809506007831
2022-09-20,476,2.0835670912385784,2.4226743209589596,-0.33910722972038154
2022-09-21,479,1.1457203135002443,1.221558037810496,-0.07583772431025171
2022-09-22,458,1.2706822059468577,1.3719733718607285,-0.10129116591387088
2022-09-23,453,1.214759543166261,1.2962216933747837,-0.08146215020852249
2022-09-26,451,1.0976687557893563,1.0688216167404192,0.028847139048937168
2022-09-27,449,1.81121840324587,1.7300633559223109,0.0811550473235593
2022-09-28,448,1.2191953155327258,1.1769101173620755,0.042285198170650004
2022-09-29,458,1.4097800628268877,1.3537559836035646,0.05602407922332328
2022-09-30,463,1.191132448325155,1.1487730619572303,0.04235938636792474
2022-10-03,466,1.0745672886265123,1.1130650284065546,-0.03849773978004217
2022-10-04,468,1.7564869435040265,2.0774235705838064,-0.3209366270797798
2022-10-05,468,1.8028394442181979,2.1111665816910437,-0.3083271374728458
2022-10-06,476,1.1765718051355676,1.249335534292444,-0.0727637291568765
2022-10-07,477,1.1399830673134725,1.191043954475623,-0.051060887162150556
2022-10-10,476,0.9181314615591851,0.8427995836438401,0.07533187791534504
2022-10-11,475,1.10385529014343,1.0175525375330503,0.08630275261037962
2022-10-12,477,1.0890816309176068,1.027731291494605,0.06135033942300179
2022-10-13,476,0.9837516586907274,0.9673354259700924,0.016416232720635103
2022-10-14,478,1.4465407196285798,1.3797837423526764,0.06675697727590334
2022-10-17,479,1.2020622432278156,1.131828717981942,0.07023352524587359
2022-10-18,480,1.2363730608778873,1.1547945919290146,0.08157846894887276
2022-10-19,478,1.4741112472854105,1.3895706834037356,0.08454056388167519
2022-10-20,482,1.8483857554987162,1.796263121466187,0.05212263403252908
2022-10-21,475,1.9017546374685963,1.860380437366904,0.04137420010169244
2022-10-24,465,1.5200834018841711,1.465974157283037,0.05410924460113421
2022-10-25,464,1.3372268783161958,1.289676798448475,0.04755007986772086
2022-10-26,466,1.2458101655065754,1.2639901961128628,-0.0181800306062872
2022-10-27,462,1.3712333029325745,1.4247444227151862,-0.05351111978261168
2022-10-28,462,1.446543453797693,1.537821074390591,-0.09127762059289811
2022-10-31,469,1.3562416876530377,1.4003240145800206,-0.044082326926983245
2022-11-01,468,1.3173304475418164,1.3373754168294076,-0.020044969287591235
2022-11-02,450,1.2261332952529118,1.213877638253229,0.012255656999682773
2022-11-03,445,2.300765097727899,2.3029073380490055,-0.0021422403211068582
2022-11-04,453,2.248889194059546,2.380391844895944,-0.13150265083639795
2022-11-07,441,1.7096416697284136,1.7718141031142987,-0.06217243338588486
2022-11-08,437,1.8290054064068035,1.9059580114132701,-0.07695260500646633
2022-11-09,445,1.8565944693015737,1.9456787541473692,-0.08908428484579545
2022-11-10,442,0.9942755990753753,0.9021617865618127,0.09211381251356264
2022-11-11,438,1.084405020317535,1.0184933411188806,0.06591167919865448
2022-11-14,447,1.0572980532568983,0.9885068787731227,0.06879117448377575
2022-11-15,447,1.1018118252844595,1.0398076566278713,0.06200416865658836
2022-11-16,451,1.007772429514286,0.9412310458418677,0.06654138367241834
2022-11-17,460,1.0489368656827187,1.0035582689233966,0.0453785967593222
2022-11-18,463,0.8361959664784062,0.7596536882758117,0.07654227820259454
2022-11-21,459,0.8343067738793042,0.7620166051152399,0.07229016876406427
2022-11-22,443,0.919857043084125,0.8720080282382301,0.04784901484589501
2022-11-23,433,0.8789874798727175,0.8281987523880269,0.050788727484690564
2022-11-25,435,0.9059949014845263,0.852906795769994,0.05308810571453245
2022-11-28,434,0.9227130537080456,0.8786976728150411,0.044015380893004406
2022-11-29,438,1.0063627725916195,0.9463336037222971,0.06002916886932235
2022-11-30,457,1.2792157127678154,1.2350291654216243,0.0441865473461911
2022-12-01,457,1.1750005894997169,1.1330898519325805,0.041910737567136425
2022-12-02,458,1.2362115036265435,1.1809593700965195,0.055252133530023784
2022-12-05,459,0.8644355498324019,0.8352395744073446,0.029195975425057148
2022-12-06,458,0.9962869574839156,0.9926658659255245,0.003621091558391011
2022-12-07,443,0.9513400345881259,0.9317660699648151,0.01957396462331063
2022-12-08,447,0.9693345580113308,0.9179349258057955,0.05139963220553523
2022-12-09,443,0.9342742205796539,0.9242674367886712,0.010006783790982706
2022-12-12,439,1.454962239323138,1.3581266826380456,0.09683555668509261
2022-12-13,443,1.5878005321596722,1.4866381103768718,0.1011624217828007
2022-12-14,457,1.117624955191298,1.0866214675365657,0.031003487654732362
2022-12-15,469,0.8619324441886304,0.8685098857012329,-0.006577441512602567
2022-12-16,474,0.7237052383071659,0.7669958311268502,-0.043290592819684254
2022-12-19,476,0.7800794876808859,0.8293776616140126,-0.04929817393312667
2022-12-20,478,0.7183840367330977,0.7624832958473561,-0.04409925911425837
2022-12-21,463,0.6364372999698762,0.6955042287175088,-0.05906692874763268
2022-12-22,449,0.5978910894904488,0.6657546072461424,-0.06786351775569373
2022-12-23,450,0.7197374585201107,0.7665976456948702,-0.04686018717475949
2022-12-27,450,0.9054358499492182,0.9472418418913714,-0.04180599194215317
2022-12-28,442,1.0159170278558893,1.0428146489361456,-0.026897621080256288
2022-12-29,459,1.1016347233726236,1.1208857329918904,-0.019251009619266634
2022-12-30,466,1.2276013092639986,1.2387119626663747,-0.011110653402375882
2023-01-03,467,1.384124489854193,1.3924446669737613,-0.008320177119568452
2023-01-04,469,1.1988912160876108,1.231349292192364,-0.03245807610475314
2023-01-05,472,1.7583639170291527,1.7769907050138962,-0.018626787984743556
2023-01-06,471,1.2246709753652714,1.2525959307715768,-0.027924955406305428
2023-01-09,477,1.0643655132750842,1.1016881160399628,-0.03732260276487851
2023-01-10,477,0.9401886822161118,0.9570990322887241,-0.01691035007261217
2023-01-11,470,1.0473783921851316,1.0245021728204844,0.022876219364647135
2023-01-12,472,0.8807398277067765,0.8896594716820709,-0.008919643975294335
2023-01-13,476,0.9331038778454209,0.9463279714586784,-0.01322409361325752
2023-01-17,473,0.7667588418367386,0.8075555102113972,-0.04079666837465854
2023-01-18,472,0.8907023933174887,0.9285289424043994,-0.03782654908691073
2023-01-19,478,1.3380745004717423,1.3573088904302746,-0.019234389958532386
2023-01-20,482,1.0401049380665166,1.0746217914202087,-0.034516853353692166
2023-01-23,475,0.8045051473157059,0.8345173158298786,-0.030012168514172783
2023-01-24,472,0.8941826601994619,0.9399933215694057,-0.04581066136994375
2023-01-25,472,1.1832140426485607,1.2220905744822401,-0.03887653183367948
2023-01-26,470,1.5952832580339644,1.6134456334448064,-0.018162375410842067
2023-01-27,466,1.155800443665925,1.17870764026164,-0.022907196595715124
2023-01-30,467,1.1021017300926905,1.1294436041465994,-0.027341874053909164
2023-01-31,471,0.9747778291183674,1.0047425914223176,-0.02996476230395023
2023-02-01,466,0.9297483809608288,0.9282610916528746,0.0014872893079542274
2023-02-02,456,1.2540231039270318,1.2262098155623726,0.02781328836465913
2023-02-03,455,1.0303323004642067,1.0261332167201003,0.004199083744106267
2023-02-06,456,0.8334062184219484,0.856392035428792,-0.02298581700684352
2023-02-07,448,0.8465262923322656,0.8649586777085609,-0.01843238537629534
2023-02-08,447,0.8747636516733769,0.8892856554086113,-0.014522003735234245
2023-02-09,447,0.8128863541134805,0.8303716263141209,-0.017485272200640365
2023-02-10,443,0.8322474924032386,0.8375814949098027,-0.005334002506564145
2023-02-13,445,1.115809200334665,1.0750998981277355,0.0407093022069294
2023-02-14,452,1.1262754587406918,1.0881248640135448,0.038150594727147026
2023-02-15,445,1.180677575223954,1.1432020933194706,0.03747548190448341
2023-02-16,452,1.1833840128136675,1.147964347954525,0.035419664859142545
2023-02-17,447,1.1239218323683131,1.082661312663376,0.04126051970493711
2023-02-21,435,0.9222315709536335,0.898577436155782,0.02365413479785155
2023-02-22,435,0.98936841109715,0.9604192193283524,0.028949191768797636
2023-02-23,437,0.8536170299479007,0.8301712743602503,0.02344575558765032
2023-02-24,437,0.9238403171494542,0.9240390016925639,-0.00019868454310964796
2023-02-27,447,0.808145981866413,0.8053553225756165,0.002790659290796616
2023-02-28,456,0.8271242454550067,0.8145515919631456,0.012572653491861187
2023-03-01,454,0.7974981686083035,0.7996588287093475,-0.002160660101044108
2023-03-02,442,1.0386925672490093,0.9872538660490646,0.05143870119994476
2023-03-03,445,1.978142554568715,1.8135748151964959,0.16456773937221922
2023-03-06,448,2.2116427658437607,2.017202464180527,0.1944403016632337
2023-03-07,427,1.5191606366437105,1.419210567530962,0.09995006911274835
2023-03-08,431,2.092983740225489,1.922046988540497,0.17093675168499237
2023-03-09,439,1.3465497595011893,1.2968799688645702,0.04966979063661897
2023-03-10,438,1.384843427570387,1.3494382814429726,0.035405146127414466
2023-03-13,438,0.895065781902696,0.9100781338317023,-0.015012351929006386
2023-03-14,462,0.7801408292379939,0.8036609469616632,-0.023520117723669243
2023-03-15,461,0.8270983610846794,0.8432223983839836,-0.016124037299304228
2023-03-16,473,0.9296317604887038,0.934496051138642,-0.0048642906499382
2023-03-17,477,0.7440374520925053,0.7585728098716298,-0.014535357779124498
2023-03-20,479,0.7105148939886705,0.7159179368681448,-0.005403042879474191
2023-03-21,481,0.7831658232604654,0.7757573824364498,0.007408440824015641
2023-03-22,484,0.9209145126469708,0.9368536588682929,-0.01593914622132208
2023-03-23,465,1.0691094235803682,1.1020430301922817,-0.03293360661191345
2023-03-24,458,1.251285548241413,1.2757794819204764,-0.02449393367906353
2023-03-27,457,1.1095759807307235,1.1258970455022108,-0.01632106477148722
2023-03-28,455,0.951348894914236,0.9602325355797205,-0.008883640665484478
2023-03-29,447,0.8966744666523482,0.9075955849046039,-0.010921118252255668
2023-03-30,458,0.9319687063744588,0.9223949536945057,0.00957375267995303
2023-03-31,464,0.8981126601195156,0.8754810192341437,0.022631640885371986
2023-04-03,465,0.8200190841441692,0.8066601149542162,0.013358969189953029
2023-04-04,468,0.7529406226549716,0.745756227478962,0.007184395176009751
2023-04-05,468,0.7429751038048822,0.7445318614485767,-0.0015567576436945085
2023-04-06,477,0.7769815120541642,0.7862161565148176,-0.009234644460653325
2023-04-10,478,0.7425918686409277,0.7604353450974112,-0.017843476456483383
2023-04-11,478,0.7331621526399908,0.7556966548615827,-0.02253450222159175
2023-04-12,479,0.7729857763525236,0.7996793463030875,-0.026693569950563892
2023-04-13,479,0.8191923497125594,0.8361188512739428,-0.016926501561383346
2023-04-14,480,0.7990077141530698,0.8216066929364818,-0.02259897878341203
2023-04-17,480,0.7743327921718404,0.7990302433547173,-0.02469745118287692
2023-04-18,475,1.1116236589775688,1.0735947426336723,0.03802891634389665
2023-04-19,474,1.222181025474451,1.156183215339033,0.06599781013541796
2023-04-20,477,0.9641799510132631,0.9527512468648138,0.011428704148449202
2023-04-21,466,0.8804649943074774,0.8926412628496779,-0.012176268542200606
2023-04-24,466,0.8954368164273849,0.8980227238361415,-0.002585907408756612
2023-04-25,469,1.016771450578207,1.0118297284430966,0.004941722135110322
2023-04-26,468,1.1439005876190178,1.1374866727751602,0.006413914843857493
2023-04-27,464,1.2247755467861887,1.1803052821939612,0.04447026459222746
2023-04-28,470,1.1013596402947508,1.0808308023668267,0.020528837927923874
2023-05-01,468,1.1316635894024962,1.1125411497824227,0.019122439620073643
2023-05-02,463,1.0639080110584898,1.0576543939985186,0.0062536170599712775
2023-05-03,461,1.0948580683431883,1.08883352503323,0.006024543309958405
2023-05-04,455,0.9980712345667394,0.9985672398799177,-0.0004960053131782945
2023-05-05,447,0.9613195306308878,0.9521722573311121,0.00914727329977571
2023-05-08,447,0.8757454806285822,0.8665991277312741,0.009146352897308044
2023-05-09,448,1.0195385076268126,0.9890390118965368,0.030499495730275904
2023-05-10,445,0.9391482036659077,0.9248881202351484,0.014260083430759303
2023-05-11,446,1.0587109367667775,1.0507819177351134,0.007929019031663868
2023-05-12,454,1.0395358455389492,1.0241457365085733,0.015390109030375661
2023-05-15,452,0.9065382654574459,0.9062872985446345,0.0002509669128114323
2023-05-16,452,0.9704211921772012,0.9672830305996638,0.0031381615775374163
2023-05-17,456,0.9273685577663463,0.8900781201272877,0.03729043763905864
2023-05-18,460,1.1250503099309557,1.0801963101020875,0.04485399982886812
2023-05-19,455,1.2237909416768322,1.1906323545262232,0.033158587150608966
2023-05-22,450,1.2998687540147666,1.271867779550005,0.028000974464761397
2023-05-23,437,1.1609058645168542,1.1450833407797796,0.01582252373707447
2023-05-24,424,1.2097886048380675,1.2204468375692001,-0.010658232731132748
2023-05-25,430,1.106444171703428,1.1277321293784588,-0.021287957675030902
2023-05-26,439,0.8710459874838837,0.8837026038684499,-0.01265661638456612
2023-05-30,444,1.0388990310299162,1.0353875114306887,0.003511519599227347
2023-05-31,458,1.5259215250211593,1.5009556196574598,0.024965905363699515
2023-06-01,458,1.2602199808090235,1.2580234027136528,0.002196578095370818
2023-06-02,459,0.7760698760264333,0.7939021944291891,-0.017832318402755856
2023-06-05,461,0.9026503491286736,0.9358396842199652,-0.03318933509129156
2023-06-06,459,0.9240171485414412,0.9564082624191492,-0.03239111387770795
2023-06-07,440,0.9480429471084344,0.9758703441069536,-0.0278273969985192
2023-06-08,442,0.9960394670951304,1.025885516411215,-0.029846049316084665
2023-06-09,440,1.0268668689587706,1.0661381979782163,-0.03927132901944566
2023-06-12,437,0.7982184356652556,0.8241723932832641,-0.025953957618008536
2023-06-13,441,0.7556811582928772,0.7717795511936903,-0.016098392900813267
2023-06-14,461,0.7498003204863413,0.7635732455371725,-0.013772925050831364
2023-06-15,472,0.982690050801661,0.9554849671389153,0.027205083662745773
2023-06-16,476,0.8486244376438246,0.8358204016008858,0.012804036042938862
2023-06-20,479,0.7371821849837098,0.7438745832613798,-0.006692398277670034
2023-06-21,482,0.7731248587793171,0.7720562613205861,0.0010685974587310249
2023-06-22,465,0.8354905765828246,0.8391023066125225,-0.003611730029698022
2023-06-23,459,1.0840035817661564,1.0913664730882608,-0.0073628913221046016
2023-06-26,455,1.021705851766397,1.034839374255928,-0.013133522489531233
2023-06-27,452,0.7022286752134052,0.7329000908011438,-0.030671415587738667
2023-06-28,443,0.6524518210935888,0.6847519272259832,-0.032300106132394354
2023-06-29,455,0.654849823458049,0.6855045569530073,-0.030654733494958303
2023-06-30,461,0.637455650458147,0.6786309785424846,-0.04117532808433758
2023-07-03,465,0.6575365342238196,0.7104886481416438,-0.052952113917824124
2023-07-05,466,0.8165490917538641,0.8634892473605761,-0.04694015560671192
2023-07-06,470,1.2586282047216963,1.2560998207221479,0.002528383999548661
2023-07-07,475,0.9890209139393589,1.0092634158149645,-0.020242501875605633
2023-07-10,478,0.8714544486692094,0.8988542015035702,-0.02739975283436083
2023-07-11,479,0.8473679261033337,0.8790497905626392,-0.03168186445930544
2023-07-12,479,0.8158662462552024,0.854655258942473,-0.03878901268727056
2023-07-13,476,0.8082464628447902,0.8382835364766984,-0.030037073631908263
2023-07-14,480,0.8578868129040231,0.8878715524989385,-0.02998473959491537
2023-07-17,478,0.968397578349059,0.9882740132475305,-0.01987643489847147
2023-07-18,476,0.8856366049097746,0.9058334315497294,-0.020196826639954736
2023-07-19,475,0.869594427068241,0.8889726942490711,-0.01937826718083012
2023-07-20,480,0.9180342031530583,0.9140314349078419,0.004002768245216571
2023-07-21,470,0.9958811107919516,0.9875869871869719,0.008294123604979836
2023-07-24,464,0.9887085480546236,0.9807752359982812,0.0079333120563425
2023-07-25,465,1.0032564906735706,0.9905822029585666,0.01267428771500414
2023-07-26,467,1.063076610451255,1.0389242003439458,0.024152410107309164
2023-07-27,465,0.9905431561665347,0.9808977226913305,0.009645433475204161
2023-07-28,467,1.1609969105545923,1.1203104416956688,0.040686468858923706
2023-07-31,469,1.175857320220441,1.133628569515528,0.04222875070491299
2023-08-01,466,1.2274509208834017,1.174027851291365,0.05342306959203642
2023-08-02,459,1.081512722192466,1.0497619292562708,0.03175079293619549
2023-08-03,452,1.0209575299928482,0.9955112355733104,0.025446294419537795
2023-08-04,453,0.9281297939039569,0.9089851793782666,0.019144614525690478
2023-08-07,449,0.9196955044967338,0.8895354053465031,0.03016009915023066
2023-08-08,446,0.9475746659714964,0.9111955918810969,0.03637907409039959
2023-08-09,445,0.959459259258371,0.9166954667025152,0.04276379255585578
2023-08-10,442,1.07340367927547,1.0276449552209146,0.04575872405455536
2023-08-11,442,1.032404346870711,0.9891284772908516,0.04327586957985936
2023-08-14,449,1.0598103475106486,1.0123705643272345,0.047439783183414116
2023-08-15,451,0.8965825366159257,0.866095051019295,0.030487485596630764
2023-08-16,457,0.7212513140172279,0.7288161550054137,-0.007564840988185866
2023-08-17,467,0.6588663085386259,0.6689324810022758,-0.010066172463649894
2023-08-18,467,0.6624961932875967,0.6733471336017981,-0.010850940314201321
2023-08-21,467,0.6547448026066367,0.6716811262651714,-0.016936323658534636
2023-08-22,469,0.8269924652684589,0.8382799236154804,-0.011287458347021497
2023-08-23,458,0.7005931982211414,0.7229043278290558,-0.022311129607914405
2023-08-24,435,0.9443789039443379,0.9574044525980775,-0.01302554865373961
2023-08-25,435,0.9954950130457979,1.0001617217651981,-0.004666708719400298
2023-08-28,430,0.875172828847787,0.8814614148071527,-0.006288585959365664
2023-08-29,427,0.9043382852997037,0.8895762418692454,0.014762043430458303
2023-08-30,424,0.9812223570857298,0.9502598162430151,0.030962540842714662
2023-08-31,449,0.9091209801995406,0.8939110653505101,0.015209914849030469
2023-09-01,456,0.938791836265631,0.9093405952585097,0.029451241007121265
2023-09-05,457,0.8286480512452943,0.8318111631380176,-0.0031631118927233546
2023-09-06,460,0.8682444851733161,0.8654871765261547,0.00275730864716135
2023-09-07,449,0.8144220757034291,0.8285491718325315,-0.014127096129102335
2023-09-08,446,0.771539942354118,0.7945236044509684,-0.02298366209685032
2023-09-11,442,0.7674769969040256,0.7859315075391657,-0.018454510635140187
2023-09-12,448,0.6772020846045272,0.7008820535859134,-0.023679968981386097
2023-09-13,448,0.6820024668082965,0.700460991467522,-0.018458524659225543
2023-09-14,472,1.265669301508988,1.1701175475843009,0.09555175392468702
2023-09-15,474,1.121087496039327,1.0514634722013638,0.06962402383796296
2023-09-18,475,1.0164855971291975,0.966548411371469,0.049937185757728535
2023-09-19,474,1.2992897051094119,1.1956433336573349,0.10364637145207711
2023-09-20,476,1.2070169559356143,1.1245933052476906,0.08242365068792361
2023-09-21,458,0.8443835362831641,0.8482715853434454,-0.003888049060281311
2023-09-22,455,0.771032364883105,0.7831382695605705,-0.012105904677465593
2023-09-25,455,1.061598701845861,1.0304175193803116,0.031181182465549455
2023-09-26,455,0.8932410480610466,0.8867194326135156,0.006521615447531043
2023-09-27,454,0.8512402771605617,0.8522520762403857,-0.0010117990798239058
2023-09-28,462,0.9718636727078732,0.9525403333255162,0.01932333938235698
2023-09-29,461,0.8665620716302074,0.8765439477894036,-0.009981876159196207
2023-10-02,464,0.8193411873912866,0.847783620634229,-0.028442433242942378
2023-10-03,465,0.9891893551130958,1.007601503482726,-0.01841214836962994
2023-10-04,462,1.0560568793151726,1.0737413034439787,-0.017684424128806116
2023-10-05,471,0.9902288679154937,1.0085881435964836,-0.01835927568099003
2023-10-06,477,0.8667455226430818,0.8794363332939796,-0.01269081065089793
2023-10-09,475,0.7396674387615005,0.7704789271395034,-0.030811488378002842
2023-10-10,476,0.7659294968314654,0.784419978710589,-0.018490481879123517
2023-10-11,481,1.0285735547320165,0.9933738659759371,0.035199688756079366
2023-10-12,480,1.0674498045871672,1.0359333590169106,0.031516445570256665
2023-10-13,479,1.0521726026306772,1.0194354058372,0.03273719679347732
2023-10-16,480,1.4710777112980373,1.3801062578848589,0.09097145341317835
2023-10-17,478,1.4193378785766446,1.3350897765153913,0.08424810206125335
2023-10-18,477,1.3074363494537362,1.24151635599799,0.06591999345574613
2023-10-19,480,1.1838014966779626,1.1264991060409995,0.05730239063696329
2023-10-20,482,1.1905234860496294,1.1379553620850351,0.0525681239645943
2023-10-23,476,1.093457826905369,1.0696923888541858,0.02376543805118315
2023-10-24,465,1.0339733705848588,1.0149831317690594,0.018990238815799254
2023-10-25,466,1.1167862377478905,1.1162104731130411,0.0005757646348492964
2023-10-26,464,1.3830806603962467,1.3912250099517696,-0.00814434955552262
2023-10-27,461,2.186040814648968,2.197526787338853,-0.011485972689884924
2023-10-30,463,1.713868330455191,1.714443125772459,-0.0005747953172681515
2023-10-31,472,1.5106117384361728,1.50104706071726,0.009564677718912968
2023-11-01,467,1.3999400717138997,1.3857760688007168,0.014164002913182929
2023-11-02,458,1.066022054553923,1.028563550717825,0.037458503836098014
2023-11-03,454,1.0650458742385285,1.030854476852986,0.03419139738554258
2023-11-06,453,0.9822692225288933,0.9511423687050358,0.031126853823857423
2023-11-07,440,1.0808402525351035,1.0767017462899382,0.004138506245165181
2023-11-08,438,1.1245202334363062,1.1264550170552463,-0.0019347836189399408
2023-11-09,432,1.2934457460278834,1.3166709707611857,-0.023225224733302255
2023-11-10,435,1.1118289705655804,1.1211092651627401,-0.00928029459715981
2023-11-13,433,1.275072813328715,1.3078999777400886,-0.03282716441137362
2023-11-14,445,0.7750747351065315,0.74319608115273,0.03187865395380141
2023-11-15,443,0.7399877152144788,0.7106478554798618,0.02933985973461704
2023-11-16,457,0.7053206748088316,0.6912777042079418,0.014042970600889989
2023-11-17,459,0.6796109014089596,0.663993533398462,0.015617368010497562
2023-11-20,466,0.6746861152845293,0.6572403579928483,0.017445757291680956
2023-11-21,459,0.7711460663552211,0.7510018570698652,0.020144209285355874
2023-11-22,434,0.8241315614141927,0.8093511888908871,0.01478037252330565
2023-11-24,436,1.0240790612615713,1.0327147986914442,-0.00863573742987294
2023-11-27,438,1.1296768484940485,1.1381794953838185,-0.008502646889770031
2023-11-28,431,1.0131480035048064,1.0169283631429307,-0.0037803596381241226
2023-11-29,439,0.9452924067886115,0.9513037385928782,-0.006011331804266828
2023-11-30,455,0.9506828894552638,0.9705287617164488,-0.019845872261184862
2023-12-01,456,0.7743468923796075,0.7898209387556318,-0.015474046376024208
2023-12-04,456,0.7397904522755224,0.7721814834487939,-0.03239103117327144
2023-12-05,458,0.9189681049886301,0.9324866573564279,-0.013518552367797662
2023-12-06,458,1.2545518059489347,1.2697091062345192,-0.01515730028558452
2023-12-07,450,1.7212286256204528,1.7080407430643127,0.013187882556140161
2023-12-08,445,1.432646061805086,1.4284366375904167,0.004209424214669361
2023-12-11,441,1.1837513479808215,1.198876186793679,-0.015124838812857613
2023-12-12,444,1.4434719543566044,1.4345105384939567,0.008961415862647546
2023-12-13,442,0.949924795051272,0.9454981212818763,0.004426673769395711
2023-12-14,467,0.6863473238266545,0.7275706808078739,-0.04122335698121936
2023-12-15,475,0.6285252769191142,0.6819817064252007,-0.05345642950608647
2023-12-18,479,0.650962582147095,0.7003782114287346,-0.04941562928163944
2023-12-19,476,0.5975204933950402,0.6485749488603751,-0.05105445546533486
2023-12-20,462,0.7565993569782351,0.7935487032272831,-0.03694934624904797
2023-12-21,450,0.550316522491535,0.6029183813291964,-0.05260185883766144
2023-12-22,448,0.6859397262576936,0.710379468393924,-0.02443974213623029
2023-12-26,448,0.9760341682514,0.9447877049728497,0.03124646327855033
2023-12-27,446,1.044507859113474,0.9978568362388154,0.04665102287465879
2023-12-28,465,1.0403711906668391,1.0005657310644553,0.03980545960238395
2023-12-29,475,0.8051492223088108,0.8184396627830054,-0.01329044047419466
2024-01-02,471,0.7305113981148714,0.749546230883169,-0.019034832768297587
2024-01-03,472,0.8318116022659904,0.8454796512942437,-0.013668049028253318
2024-01-04,476,0.8465246458432363,0.8612854856238515,-0.014760839780615273
2024-01-05,472,0.8890278068558074,0.899012270137078,-0.009984463281270563
2024-01-08,473,0.954485198178577,0.9536485838413326,0.0008366143372444995
2024-01-09,478,0.9279885443594127,0.9317532544007819,-0.0037647100413692835
2024-01-10,472,0.9038939441236136,0.914604708334919,-0.01071076421130542
2024-01-11,471,0.8451116583850589,0.8674228860590034,-0.02231122767394473
2024-01-12,475,0.9072638981139383,0.9298641211664466,-0.02260022305250837
2024-01-16,474,0.8693763356854302,0.9117210720541045,-0.042344736368674314
2024-01-17,474,1.0179696051832996,1.0370548863735956,-0.019085281190295837
2024-01-18,480,0.9958969624840682,1.0244753935172166,-0.028578431033148482
2024-01-19,485,0.8279772356016313,0.8647624893062115,-0.036785253704580086
2024-01-22,485,0.7674372187515209,0.8099025448636225,-0.04246532611210154
2024-01-23,480,0.8142490902918766,0.8428278026992205,-0.02857871240734388
2024-01-24,472,0.7784365233171036,0.8067094285694791,-0.028272905252375496
2024-01-25,469,0.9087392259310954,0.9170303305227578,-0.008291104591662534
2024-01-26,464,0.987429131287595,0.9834361855252509,0.003992945762344053
2024-01-29,462,1.0872036812346373,1.0604789924140514,0.026724688820585738
2024-01-30,467,1.0167592357617259,1.011270422116563,0.005488813645163068
2024-01-31,472,1.1361910144426277,1.135598376187138,0.0005926382554897469
2024-02-01,464,1.1652251189116336,1.1517072089009024,0.01351791001073117
2024-02-02,464,1.0536443456719358,1.0404465695362204,0.01319777613571546
2024-02-05,465,1.0853591405888905,1.0734544061988487,0.011904734390041576
2024-02-06,463,0.8952897934601673,0.8785925993914434,0.0166971940687239
2024-02-07,457,0.9717698854012572,0.9502606236706087,0.021509261730648533
2024-02-08,450,0.9537739622699891,0.9492556253168543,0.004518336953134919
2024-02-09,442,0.9547269983266656,0.9082309867702083,0.04649601155645725
2024-02-12,436,0.872903323409404,0.8426205733168515,0.030282750092552626
2024-02-13,436,0.973828997680354,0.9262279575517295,0.04760104012862459
2024-02-14,434,0.9221730111133732,0.870321988736923,0.05185102237645021
2024-02-15,446,0.7877014210934266,0.7477225443068883,0.0399788767865383
2024-02-16,454,0.8331166626700085,0.7864711411567805,0.046645521513227865
2024-02-20,460,0.9655615265017737,0.9085343170396674,0.057027209462106244
2024-02-21,454,1.0689778704187947,1.0190776898974745,0.049900180521320094
2024-02-22,443,0.9513167029824809,0.8994523453594319,0.05186435762304911
2024-02-23,441,1.0475012999769309,0.9937301238757057,0.05377117610122525
2024-02-26,442,1.1416192560387342,1.088599823873751,0.053019432164983046
2024-02-27,436,1.0205927848030267,0.9803411441814145,0.04025164062161229
2024-02-28,441,1.0394211122238666,0.9944606937224649,0.044960418501401624
2024-02-29,440,1.0227949719179328,0.9787351042338646,0.0440598676840683
2024-03-01,442,0.8419167439293114,0.8057126153275654,0.036204128601746106
2024-03-04,445,0.840343628393711,0.8072599009520673,0.03308372744164361
2024-03-05,445,0.861433355799498,0.8080908883277926,0.053342467471705304
2024-03-06,446,0.8552020597305288,0.8214803528885467,0.03372170684198204
2024-03-07,436,0.8919683261851878,0.892041929715168,-7.360352998026756e-05
2024-03-08,440,0.8832692932110257,0.8721140080718683,0.011155285139157239
2024-03-11,436,0.8859135477947635,0.8797786513533689,0.006134896441394712
2024-03-12,443,0.8432379250853147,0.8380085954526197,0.005229329632695039
2024-03-13,441,0.7236469634876511,0.7028323138803841,0.020814649607266984
2024-03-14,473,0.9398953076176481,0.8855212709085388,0.054374036709109216
2024-03-15,473,0.8130392411909806,0.7744040011274631,0.038635240063517484
2024-03-18,478,0.7723408420877356,0.7347931267933673,0.037547715294368386
2024-03-19,479,0.7440991253260828,0.720072322362702,0.024026802963380757
2024-03-20,460,0.7039928573265891,0.6727121941251408,0.03128066320144833
2024-03-21,454,0.6486234495430112,0.6233190526677584,0.025304396875252703
2024-03-22,454,0.665159981675097,0.6339259058137275,0.031234075861369604
2024-03-25,452,0.6857967563351507,0.6678011697965234,0.01799558653862731
2024-03-26,449,0.7590544015930599,0.7358276136298153,0.023226787963244653
2024-03-27,468,0.9600855184773056,0.9594520357386405,0.0006334827386652182
2024-03-28,474,0.937703144167354,0.9487728650476586,-0.011069720880304494
2024-04-01,473,0.7333318173017496,0.7351182944515853,-0.0017864771498356411
2024-04-02,468,0.6659845091657346,0.6637984192516239,0.002186089914110733
2024-04-03,470,0.7620464945750746,0.7786573495424929,-0.01661085496741836
2024-04-04,473,0.7336307344728186,0.7289547344734041,0.004675999999414531
2024-04-05,468,1.0124182738476817,1.023005015624729,-0.010586741777047425
2024-04-08,470,1.3116906479655708,1.3326555943591865,-0.02096494639361597
2024-04-09,477,1.5921474727339404,1.6291988439839484,-0.03705137125000803
2024-04-10,478,1.1829352494615673,1.2008389510679958,-0.01790370160642846
2024-04-11,476,1.314662475738004,1.345219394508604,-0.03055691877059985
2024-04-12,479,1.1007173076759211,1.1232477576717925,-0.022530449995871574
2024-04-15,480,0.9036557271815878,0.9070847798848685,-0.0034290527032806565
2024-04-16,476,1.005647984708287,0.9989143435794682,0.006733641128818888
2024-04-17,475,0.9617326565058166,0.9431970806861489,0.018535575819667676
2024-04-18,479,0.9501803482476201,0.9206260926894233,0.029554255558196667
2024-04-19,482,1.1408789900369956,1.0915663599821388,0.04931263005485667
2024-04-22,477,1.1245227632211414,1.0937174319989986,0.030805331222142913
2024-04-23,472,1.0616856853460055,1.0587920505539004,0.0028936347921049697
2024-04-24,471,1.0712986695770714,1.0625471379815405,0.00875153159553078
2024-04-25,470,1.0993741183393069,1.0667778257271139,0.03259629261219294
2024-04-26,464,1.0915394105976328,1.0505657763527194,0.04097363424491357
2024-04-29,466,1.086859590066741,1.0445036957089735,0.04235589435776775
2024-04-30,471,1.184021355198933,1.1285639727284862,0.055457382470446695
2024-05-01,472,1.0608065280729098,1.0024935486029134,0.05831297946999625
2024-05-02,461,1.0278106711977288,0.9664187268081703,0.0613919443895586
2024-05-03,457,0.9591910137472273,0.9061542281086254,0.053036785638601806
2024-05-06,457,0.818897756235245,0.769206769391737,0.04969098684350792
2024-05-07,450,0.8032235434292393,0.7461615423781667,0.05706200105107268
2024-05-08,442,0.9773788498033141,0.9130363742699975,0.06434247553331655
2024-05-09,439,0.7911285700745198,0.7392215032792445,0.051907066795275174
2024-05-10,442,0.7737731938821089,0.7269589897268117,0.04681420415529719
2024-05-13,442,0.8218784943779286,0.7750373919842072,0.046841102393721405
2024-05-14,449,0.7478164468434851,0.7091561523669101,0.038660294476575055
2024-05-15,456,0.8321813089413543,0.8098324017073343,0.02234890723402016
2024-05-16,461,0.9802992563763268,0.9727993976784113,0.007499858697915489
2024-05-17,461,1.0302678305031843,1.0108722881587406,0.019395542344443583
2024-05-20,465,1.1229570422500745,1.1207351669332972,0.002221875316777202
2024-05-21,466,1.3129306425873155,1.319034410384901,-0.006103767797585321
2024-05-22,463,1.1713056458305544,1.1738617220726415,-0.002556076242087258
2024-05-23,456,0.8883375518852626,0.8610064147769025,0.02733113710836016
2024-05-24,448,0.9492529286097662,0.9541681653711022,-0.0049152367613360965
2024-05-28,441,0.9966307246309204,0.9969912619717658,-0.0003605373408453291
2024-05-29,441,0.9333925405862473,0.9103223249842575,0.0230702156019898
2024-05-30,443,0.8362394537392684,0.8357694317702501,0.0004700219690183681
2024-05-31,443,0.8422670354137837,0.8476211083168435,-0.005354072903059644
2024-06-03,448,0.7569267277081534,0.7409819627629176,0.01594476494523588
2024-06-04,454,0.8109462541879287,0.7965931832237383,0.01435307096419039
2024-06-05,452,0.7963304901584372,0.7880122886701922,0.0083182014882448
2024-06-06,453,0.8932951968980949,0.8877971376286089,0.0054980592694860286
2024-06-07,442,0.9260075027911806,0.9134847983567781,0.012522704434402399
2024-06-10,443,0.8737629169599401,0.8655322715937205,0.008230645366219671
2024-06-11,437,0.9098047360896561,0.896185745451707,0.01361899063794902
2024-06-12,440,0.7535624393906536,0.7431963287939174,0.01036611059673615
2024-06-13,438,0.7037736323766255,0.6909892504454227,0.012784381931202788
2024-06-14,464,0.8197320094016807,0.7871819870841129,0.032550022317567796
2024-06-17,473,0.7153623614665194,0.6978036731254542,0.01755868834106532
2024-06-18,480,0.7551529204188083,0.7567538831611169,-0.001600962742308614
2024-06-20,480,0.6872923475758616,0.6799284427899919,0.007363904785869648
2024-06-21,461,0.7556154150513447,0.7583406594656672,-0.0027252444143224816
2024-06-24,456,0.946833561041364,0.9705903482945156,-0.023756787253151793
2024-06-25,454,0.8185039793044956,0.8185207631691116,-1.678386461603469e-05
2024-06-26,454,0.7408811185003931,0.729498971276788,0.01138214722360521
2024-06-27,447,0.7286518789463801,0.7192604896868467,0.009391389259533426
2024-06-28,464,0.6893957197420091,0.6809779580345887,0.00841776170742043
2024-07-01,468,0.6697875795480038,0.6577324594114075,0.012055120136596372
2024-07-02,464,0.6690398292055534,0.6550755604057035,0.013964268799849971
2024-07-03,462,0.8667244110723585,0.8279419746241475,0.03878243644821106
2024-07-05,469,1.1013336299874317,1.0487707624157403,0.05256286757169141
2024-07-08,467,1.149665884990668,1.0954978175795065,0.0541680674111615
2024-07-09,472,1.8007098347210684,1.7056858201811886,0.09502401453987973
2024-07-10,477,1.6702481507878502,1.6123683143800827,0.05787983640776748
2024-07-11,480,1.059725845002498,1.0552499052127526,0.004475939789745391
2024-07-12,476,0.9804807442911043,0.9887273035658058,-0.008246559274701495
2024-07-15,480,0.8783773857752523,0.8701913491775836,0.008186036597668657
2024-07-16,479,0.934467361056543,0.95329174148386,-0.018824380427316878
2024-07-17,479,1.0345850691843925,1.059685662633135,-0.02510059344874248
2024-07-18,479,1.136093945414228,1.157585290764951,-0.021491345350723157
2024-07-19,481,1.1881109895558908,1.181347791780089,0.006763197775801735
2024-07-22,484,1.1886667627639373,1.2028943182418985,-0.014227555477961097
2024-07-23,484,1.4493973939760594,1.47785902465972,-0.028461630683660682
2024-07-24,476,1.3175073950693341,1.2822392830691018,0.03526811200023228
2024-07-25,468,1.2315711198811816,1.2055690552846703,0.026002064596511408
2024-07-26,468,1.5813698522779336,1.6571802993550666,-0.07581044707713308
2024-07-29,464,1.9113433418400372,2.0516551910056515,-0.1403118491656147
2024-07-30,462,1.6915159394245172,1.7846699710165141,-0.09315403159199671
2024-07-31,466,2.107570645893608,2.3190707572230256,-0.21150011132941787
2024-08-01,474,1.1719346698904436,1.189738054513578,-0.017803384623134477
2024-08-02,470,1.0288169648402068,0.9756686136797587,0.053148351160448255
2024-08-05,463,1.137422123401297,1.0605520175534104,0.07687010584788634
2024-08-06,464,1.0502474897278622,0.9684416920040435,0.0818057977238188
2024-08-07,462,1.1931920209488285,1.1095451777546181,0.0836468431942103
2024-08-08,444,1.0441152890009318,0.9506363401424344,0.09347894885849754
2024-08-09,436,1.0028740669507306,0.8986431745126754,0.10423089243805517
2024-08-12,440,1.2120989338928658,1.1318955396684935,0.08020339422437224
2024-08-13,437,0.8806178740479829,0.7697401698413789,0.11087770420660385
2024-08-14,437,0.9915431989815175,0.8933143429165982,0.09822885606491939
2024-08-15,453,0.746248927437695,0.6358598246965238,0.11038910274117113
2024-08-16,464,0.8504537344753372,0.7403952539058529,0.11005848056948435
2024-08-19,467,0.7739767951229978,0.6819053022263408,0.09207149289665692
2024-08-20,467,0.8193248636332444,0.728034504207679,0.09129035942556539
2024-08-21,473,0.7772464396053264,0.7153504769061185,0.06189596269920784
2024-08-22,473,0.8254873297346936,0.759494729693064,0.06599260004162966
2024-08-23,455,0.787892809610276,0.7307042310449747,0.05718857856530125
2024-08-26,442,0.9362333627209873,0.9478628524424356,-0.011629489721448371
2024-08-27,438,0.9823913825840525,1.0027319638318533,-0.020340581247800832
2024-08-28,432,0.948973144096925,0.9575873286418902,-0.00861418454496511
2024-08-29,421,1.1991844653265709,1.2881516229533054,-0.08896715762673467
2024-08-30,436,1.2115209646606935,1.2723153636547597,-0.06079439899406627
2024-09-03,448,0.8858680565722687,0.8812170794759754,0.004650977096293385
2024-09-04,453,0.8822839047666121,0.8496225168254624,0.03266138794114964
2024-09-05,455,0.8335553504438105,0.7949138234806347,0.03864152696317583
2024-09-06,446,1.1582361354357134,1.0984318454602955,0.059804289975417715
2024-09-09,438,1.0857466097986999,1.0391769808977505,0.04656962890094929
2024-09-10,436,1.1409580980668388,1.0888476293376195,0.052110468729219185
2024-09-11,438,1.0002084008715897,0.9542663240113823,0.045942076860207466
2024-09-12,440,1.1995127942976724,1.1327738523492263,0.06673894194844612
2024-09-13,458,0.9262715069740646,0.8813153846835561,0.044956122290508466
2024-09-16,471,0.8277497375805082,0.8001726888430526,0.027577048737455548
2024-09-17,478,0.7983057348430312,0.7698930350495128,0.028412699793518483
2024-09-18,479,0.8079221724672734,0.7894152182568854,0.01850695421038794
2024-09-19,478,0.8647302540640944,0.8416905629173935,0.023039691146700913
2024-09-20,477,0.8283432715783015,0.7977944648877858,0.030548806690515597
2024-09-23,460,0.7144438232720105,0.6943787458793423,0.02006507739266809
2024-09-24,451,0.6588524428297835,0.6440890401232735,0.014763402706510085
2024-09-25,449,0.6965381323188232,0.677467047381143,0.019071084937680047
2024-09-26,451,0.8600675493996831,0.8599292668179314,0.0001382825817516744
2024-09-27,448,0.8429108851997235,0.8426561281336831,0.00025475706604050134
2024-09-30,464,0.9965181221404935,0.9996675329814931,-0.0031494108409995626
2024-10-01,472,0.867523248682621,0.8674791739677369,4.4074714884196916e-05
2024-10-02,472,0.8177022623796854,0.8017673404820039,0.015934921897681337
2024-10-03,465,0.7730023734914675,0.7601034203691593,0.012898953122308139
2024-10-04,472,0.7289244461493581,0.7211509716158555,0.007773474533502647
2024-10-07,476,0.9119531910593506,0.8704715952999321,0.04148159575941842
2024-10-08,472,0.7971305432519312,0.7755384228798314,0.0215921203720999
2024-10-09,474,0.8706283218241461,0.8528722842821044,0.017756037542041844
2024-10-10,482,0.9732330084197448,0.9471691429645652,0.026063865455179587
2024-10-11,479,0.8798494250009528,0.8688722706253895,0.010977154375563342
2024-10-14,476,0.793602367124289,0.8003502106252274,-0.006747843500938392
2024-10-15,480,0.7634170824564032,0.7583291538182433,0.005087928638159784
2024-10-16,479,0.8244984534665157,0.8342493345279037,-0.009750881061388071
2024-10-17,480,0.9388453702277871,0.9279370269249967,0.010908343302790406
2024-10-18,483,1.0730249423992673,1.0751164563555098,-0.002091513956242381
2024-10-21,485,0.8739036471905363,0.8683225992225451,0.005581047967991249
2024-10-22,487,0.932028630441538,0.9263170330520359,0.00571159738950205
2024-10-23,488,1.0535899287853274,1.0520531266222297,0.001536802163097568
2024-10-24,480,1.1917754375455616,1.202682700838995,-0.010907263293433564
2024-10-25,475,1.1291064217666167,1.1314930430270564,-0.002386621260439716
2024-10-28,467,1.1952010636945936,1.2068100719168187,-0.011609008222224963
2024-10-29,464,1.110560263670609,1.0893595296192085,0.021200734051400504
2024-10-30,463,1.6477043339846058,1.5982976748006141,0.04940665918399157
2024-10-31,467,1.7918101513698614,1.7204995789328676,0.0713105724369937
2024-11-01,461,1.9912286143956206,1.9134222211024339,0.07780639329318662
2024-11-04,470,2.3825175168692465,2.3022086576131042,0.08030885925614277
2024-11-05,467,1.92660279141446,1.8857017276826349,0.04090106373182513
2024-11-06,459,1.221907273255325,1.1877722822583694,0.034134990996955605
2024-11-07,453,1.110876957892307,1.1025025351733446,0.008374422718962493
2024-11-08,444,1.1870353720651272,1.230225622694763,-0.04319025062963586
2024-11-11,431,1.0553397334726187,1.0672790715992686,-0.011939338126649806
2024-11-12,434,1.0446904670785684,1.039451076330013,0.005239390748555197
2024-11-13,439,1.0287530004139618,1.0140442443259579,0.014708756088004043
2024-11-14,441,1.0066110125277092,0.9285868056985204,0.07802420682918877
2024-11-15,456,1.1345765125089062,1.0447568820715956,0.08981963043731075
2024-11-18,465,1.1598323635547385,1.0769980629062428,0.08283430064849556
2024-11-19,464,1.1193809137716348,1.0489668093603548,0.07041410441127996
2024-11-20,464,1.0437510459559962,0.9631278119013957,0.08062323405460041
2024-11-21,453,0.8497750521930068,0.7595861844555408,0.09018886773746587
2024-11-22,442,0.7970351706155109,0.7087966238439021,0.08823854677160892
2024-11-25,441,0.7716511682059147,0.7030816445967634,0.06856952360915138
2024-11-26,439,0.9006871662127977,0.8521985460958702,0.04848862011692752
2024-11-27,436,0.955161752692801,0.921338441334917,0.03382331135788395
2024-11-29,439,1.1036182792581546,1.0976022497709936,0.006016029487161016
2024-12-02,447,1.0004989764219836,1.0015114752134946,-0.0010124987915109986
2024-12-03,447,1.0094279745685173,1.022020608932657,-0.01259263436413948
2024-12-04,450,0.9748639157814878,0.9893765511044693,-0.014512635322981464
2024-12-05,458,0.9841201635616116,1.000696731548169,-0.01657656798655752
2024-12-06,452,1.0240074194416608,1.0470793797840752,-0.023071960342414356
2024-12-09,449,1.0970938127285035,1.128564904045289,-0.03147109131678527
2024-12-10,447,1.0504086466132587,1.062598608378727,-0.012189961765468367
2024-12-11,446,1.689324131962783,1.7324976826452638,-0.04317355068248094
2024-12-12,445,1.6918264527368159,1.7522677961557527,-0.06044134341893708
2024-12-13,458,1.1769166292624815,1.2061178136331383,-0.029201184370656615
2024-12-16,470,1.0526969117586993,1.064338687112737,-0.011641775354037624
2024-12-17,477,0.7672179234227492,0.7676336808085902,-0.0004157573858410033
2024-12-18,477,0.773622737501738,0.7357123616984068,0.03791037580333124
2024-12-19,471,0.6181186232677301,0.5782233146813176,0.039895308586412534
2024-12-20,476,0.5780421514736724,0.5589178429690169,0.01912430850465549
2024-12-23,459,0.5709593147196061,0.556685916085262,0.014273398634344117
2024-12-24,448,0.7773508779190191,0.7828112781581894,-0.005460400239170408
2024-12-26,445,0.7150255684184269,0.7065202672247285,0.008505301193698297
2024-12-27,449,0.7982417420094767,0.7846452432999069,0.013596498709569851
2024-12-30,450,0.8061425395478278,0.788662454052635,0.017480085495192754
2024-12-31,468,0.8042634078549831,0.7912715219804577,0.01299188587452531
2025-01-02,469,0.9401955833291601,0.9509875242832138,-0.010791940954053603
2025-01-03,475,0.9567827716450729,0.9707775660195122,-0.013994794374439264
2025-01-06,476,0.8962574658782732,0.9051972056401897,-0.00893973976191655
2025-01-07,474,0.9310876303328303,0.9150305262894289,0.01605710404340129
2025-01-08,473,1.004576589982204,0.9743405820205059,0.030236007961697866
2025-01-10,478,1.4342729698660905,1.35730049144503,0.07697247842106034
2025-01-13,475,1.5700665002069103,1.4918987837701472,0.07816771643676322
2025-01-14,474,1.283172933922584,1.2218948862199392,0.06127804770264471
2025-01-15,478,1.1154924401633843,1.0734724694666153,0.04201997069676893
2025-01-16,477,0.9828585223838786,0.9503527368289967,0.032505785554881955
2025-01-17,481,1.1823358792225747,1.1964238591134377,-0.014087979890863033
2025-01-21,485,1.11077590515286,1.1430640670324388,-0.032288161879578704
2025-01-22,486,1.117248739899231,1.1612983266348975,-0.044049586735666654
2025-01-23,485,1.1169112157321033,1.145981023218054,-0.029069807485950748
2025-01-24,480,1.053825320554079,1.0870373952050725,-0.03321207465099334
2025-01-27,470,1.1256419340457067,1.1320726227967477,-0.006430688751040978
2025-01-28,469,1.0457449845709295,1.035420803959053,0.010324180611876496
2025-01-29,469,1.0741570312035507,1.046856056983683,0.027300974219867883
2025-01-30,471,1.1534528096647132,1.1409169288895287,0.012535880775184544
2025-01-31,467,1.1346710754306102,1.1157338547097562,0.018937220720853933
2025-02-03,470,1.1524091652292232,1.1186530057919952,0.03375615943722802
2025-02-04,469,1.089546663957121,1.0542790496066232,0.03526761435049766
2025-02-05,466,1.1612370254596471,1.1622738858941162,-0.0010368604344689867
2025-02-06,464,1.1302979063970302,1.1136551287329104,0.016642777664119916
2025-02-07,448,1.208159286897685,1.1766407689570078,0.0315185179406772
2025-02-10,442,1.204066170152035,1.164944344583179,0.03912182556885583
2025-02-11,441,1.2471824030856846,1.195814458980212,0.05136794410547266
2025-02-12,441,1.2115400422468818,1.1497036338847715,0.06183640836211044
2025-02-13,433,1.254403662622413,1.2611754891064095,-0.006771826483996529
2025-02-14,452,1.335397033295918,1.386631493999206,-0.05123446070328786
2025-02-18,461,1.5550820689659188,1.6506073610485865,-0.09552529208266779
2025-02-19,459,1.2692138678148688,1.3078519260175459,-0.03863805820267712
2025-02-20,460,1.3164060682320833,1.4218633377577294,-0.10545726952564624
2025-02-21,452,1.0631043556813355,1.0575735173617815,0.005530838319554113
2025-02-24,443,1.2112407045608042,1.2475372946122814,-0.036296590051477194
2025-02-25,443,1.1864102625275792,1.238393691858534,-0.05198342933095464
2025-02-26,440,1.107609142127706,1.13980419576893,-0.032195053641224
2025-02-27,438,1.2304713961535871,1.2805812695119994,-0.05010987335841236
2025-02-28,439,1.5094580884911213,1.5789068872089942,-0.0694487987178727
2025-03-03,437,1.8213248547031857,1.9116086410729518,-0.09028378636976624
2025-03-04,438,1.3621854538400413,1.4317873994081585,-0.06960194556811702
2025-03-05,439,1.470515977323758,1.5655497516803205,-0.09503377435656266
2025-03-06,440,1.49790712104514,1.603921348075296,-0.10601422703015624
2025-03-07,427,1.2561959584132731,1.3321948221565907,-0.07599886374331759
2025-03-10,438,1.1900016329252685,1.1830358975080435,0.00696573541722507
2025-03-11,435,0.9101145059871665,0.8514102844122257,0.058704221574940964
2025-03-12,440,0.9508000993372319,0.8671458670897859,0.08365423224744592
2025-03-13,439,1.101183599479759,1.0190658943009157,0.0821177051788435
2025-03-14,465,0.7610706825694571,0.6806493246156002,0.08042135795385691
2025-03-17,472,0.8241987169373984,0.7591496066957254,0.06504911024167304
2025-03-18,477,1.025997849334109,0.979275282210798,0.046722567123311215
2025-03-19,479,0.746598924897228,0.6809887543839981,0.06561017051322991
2025-03-20,484,0.790627633937508,0.7504167406837645,0.04021089325374359
2025-03-21,483,0.8691565329044757,0.8793266696621035,-0.010170136757627691
2025-03-24,463,1.186168357828743,1.2926994755087562,-0.1065311176800132
2025-03-25,459,1.1880355355535703,1.2762137536307303,-0.08817821807716004
2025-03-26,457,0.8066811646719744,0.7667679911565954,0.03991317351537903
2025-03-27,453,2.018742206624639,2.311271396348255,-0.292529189723616
2025-03-28,453,3.2093968181558266,3.701135671414024,-0.4917388532581972
2025-03-31,472,3.7005253698396565,4.197129139757786,-0.4966037699181297
2025-04-01,478,4.599434052610043,5.1246183235510925,-0.5251842709410496
2025-04-02,479,2.0910269127048338,2.2604340730934247,-0.16940716038859102
2025-04-03,475,1.7077160047256754,1.8350505361174967,-0.1273345313918213
2025-04-04,478,1.515240453645878,1.4377937736161432,0.07744668002973454
2025-04-07,481,1.711329623292685,1.6292238074605072,0.08210581583217759
2025-04-08,478,2.1451346076860034,2.108494660587158,0.03663994709884516
2025-04-09,477,1.3117580042997738,1.3636875912870694,-0.051929586987295544
2025-04-10,479,1.1689018204317922,0.9172603407581529,0.25164147967363965
2025-04-11,478,1.2187472149677439,1.111723552932994,0.10702366203474996
2025-04-14,476,1.1187990118262445,0.9214686745362927,0.19733033728995206
2025-04-15,477,1.0986887392828317,0.8581213615122084,0.24056737777062337
2025-04-16,479,1.5247701078352105,1.3854141756890412,0.13935593214616931
2025-04-17,484,1.4785565013427526,1.3264929283543094,0.1520635729884432
2025-04-21,487,1.9257161479345848,1.8314501543752033,0.09426599355938138
2025-04-22,489,1.5304890010469987,1.3606164892244745,0.1698725118225242
2025-04-23,482,1.3063787756628107,1.073088925090646,0.23328985057216475
2025-04-24,477,1.19193635475667,0.9562448329023846,0.23569152185428538
2025-04-25,474,1.2714690791128078,1.0222984748821036,0.24917060423070442
2025-04-28,469,1.2651830945630245,1.0294559132997096,0.23572718126331482
2025-04-29,467,1.212788584512865,0.9879796787089161,0.2248089058039488
2025-04-30,475,1.250278955171015,1.0279186872297572,0.2223602679412577
2025-05-01,479,1.2530356289222662,1.0038601380856857,0.24917549083658044
2025-05-02,473,1.1260384875032285,0.926975230281157,0.19906325722207174
2025-05-05,470,1.5981282526583107,1.518741078248564,0.07938717440974682
2025-05-06,470,2.07030340482605,2.035636713990575,0.03466669083547486
2025-05-07,464,1.9295035198268922,1.8736892749063154,0.055814244920576815
2025-05-08,452,1.4798887626912454,1.396836135856718,0.08305262683452731
2025-05-09,444,1.5862052205231585,1.471349506137195,0.11485571438596344
2025-05-12,439,0.8763224685671763,0.8119558810985464,0.0643665874686299
2025-05-13,438,0.8732574462033539,0.8330902395262453,0.040167206677108644
2025-05-14,440,0.9994836381634663,1.002363059575563,-0.0028794214120968164
2025-05-15,447,0.921624656215318,0.9278029789784934,-0.006178322763175518
2025-05-16,451,1.1880204237314036,1.1918114094016554,-0.003790985670251841
2025-05-19,458,0.8735533964210007,0.8893570376167383,-0.015803641195737652
2025-05-20,458,0.9510287036977791,0.9694670605899584,-0.018438356892179254
2025-05-21,459,0.8137070857617348,0.8167538853404177,-0.003046799578682867
2025-05-22,446,0.848691842442061,0.8624951023744469,-0.013803259932385948
2025-05-23,443,0.8487643790083903,0.8542864916872914,-0.005522112678901113
2025-05-27,447,0.8081758199906502,0.8324217175469422,-0.02424589755629191
2025-05-28,443,0.8200740975743342,0.8361282858098873,-0.016054188235552963
2025-05-29,444,0.855812345919442,0.8668118253965901,-0.010999479477148083
2025-05-30,449,0.9156878249515661,0.9120793946625128,0.003608430289053334
2025-06-02,458,0.9634179102968604,0.966282360204309,-0.0028644499074487414
2025-06-03,451,0.9455897728724337,0.9529794698164282,-0.007389696943994442
2025-06-04,456,0.8842192496218164,0.8920295516214704,-0.007810301999654005
2025-06-05,458,0.8841355800210023,0.892026235923065,-0.00789065590206268
2025-06-06,447,0.9828894165266154,0.9677762083185582,0.01511320820805735
2025-06-09,442,0.8661211985215919,0.8877686175455233,-0.021647419023931427
2025-06-10,447,1.0309114933880503,1.0403965328900684,-0.009485039502017902
2025-06-11,441,0.9378877172655428,0.9652081647792894,-0.02732044751374652
2025-06-12,440,0.9220738628037293,0.9506725633146973,-0.028598700510967922
2025-06-13,461,0.9082697663753079,0.9285312022233246,-0.02026143584801672
2025-06-16,473,0.7992791420572379,0.8259166266969699,-0.026637484639731986
2025-06-17,476,0.927253383571851,0.9248770952891413,0.002376288282709842
2025-06-18,482,0.9394230603369099,0.9297346256404605,0.009688434696449347
2025-06-20,478,1.0199840045072994,0.9884263967158101,0.03155760779148941
2025-06-23,462,0.923701477940961,0.9156885034684675,0.008012974472493608
2025-06-24,456,0.867866658233218,0.8832936531095865,-0.015426994876368512
2025-06-25,456,1.1969898748953078,1.1527697743657044,0.04422010052960339
2025-06-26,449,1.1192787555904702,1.1010979998611143,0.018180755729355996
2025-06-27,451,0.8332129225748812,0.8722494269731449,-0.03903650439826363
2025-06-30,468,0.9368687677245732,0.9517785851089224,-0.014909817384349329
2025-07-01,475,0.8161591820804461,0.863044789345989,-0.046885607265542875
2025-07-02,469,0.7229236280459745,0.7712938492423568,-0.04837022119638228
2025-07-03,477,0.7764744369038568,0.8186227825638204,-0.04214834565996364
2025-07-07,481,0.7544068210204377,0.7890958696908019,-0.034689048670364216
2025-07-08,478,0.8673270728019418,0.8792323360488643,-0.011905263246922546
2025-07-09,479,0.837742814955506,0.8505423581825465,-0.01279954322704069
2025-07-10,486,0.8225597425695109,0.845463904015374,-0.02290416144586312
2025-07-11,481,0.8367796671281845,0.841005049993443,-0.0042253828652584445
2025-07-14,478,0.7955804312813508,0.7984854646320033,-0.0029050333506524697
2025-07-15,481,1.0018773998970232,0.9930688325395173,0.008808567357505872
2025-07-16,480,1.0523845985714306,1.036457937251068,0.01592666132036247
2025-07-17,480,1.0062920904543138,0.9911564872069254,0.015135603247388394
2025-07-18,484,1.1161710076019378,1.0945536069184274,0.021617400683510476
2025-07-21,488,1.1057637662566038,1.0898991702672602,0.015864595989343394
2025-07-22,490,1.0708763423284258,1.0581260907961267,0.012750251532299155
2025-07-23,489,1.174299289440759,1.1625522576549485,0.01174703178581065
2025-07-24,480,1.3097034990787313,1.2952751495168715,0.014428349561859783
2025-07-25,474,1.571977877968694,1.5452100603358674,0.026767817632826502
2025-07-28,471,1.4873874156447122,1.4595918570230213,0.027795558621690773
2025-07-29,468,1.4390939585778555,1.4055554995986321,0.03353845897922329
2025-07-30,469,1.4072773282392896,1.3636881639808864,0.04358916425840294
2025-07-31,476,1.210291845141033,1.159017938329249,0.05127390681178404
2025-08-01,476,1.2407166658497417,1.1922468090436267,0.0484698568061149
2025-08-04,472,1.180508041292712,1.1345640220101043,0.0459440192826076
2025-08-05,473,1.1226799100081395,1.0726426178971162,0.05003729211102329
2025-08-06,467,1.2479182125514527,1.2042365660043177,0.04368164654713503
2025-08-07,459,1.088086496342485,1.0444799777363616,0.043606518606123544
2025-08-08,445,0.9570496449252326,0.914688711678685,0.04236093324654754
2025-08-11,439,0.9996398755563213,0.9487542366111451,0.05088563894517628
2025-08-12,436,0.9380221470184587,0.8983457680858316,0.039676378932626995
2025-08-13,437,0.8566475633693829,0.8067698106372191,0.0498777527321638
2025-08-14,443,0.766716849978799,0.7095277202825093,0.0571891296962897
2025-08-15,459,0.8230887556255548,0.7634768338935262,0.05961192173202864
2025-08-18,467,0.8136555173808984,0.753598281543772,0.06005723583712638
2025-08-19,470,0.883904609919918,0.8274353796592149,0.05646923026070331
2025-08-20,476,0.9867255705280636,0.9277541224164437,0.05897144811161981
2025-08-21,477,1.1169574539400478,1.0590386607183955,0.05791879322165219
2025-08-22,466,0.9029612862192017,0.8616197339208538,0.0413415522983479
2025-08-25,447,0.8970453674308895,0.8619631059277104,0.035082261503178974
2025-08-26,442,0.8367709674623752,0.8081748328088718,0.02859613465350337
2025-08-27,434,0.8349448833436778,0.7989052148018984,0.03603966854177949
2025-08-28,420,0.862013994734411,0.8302966137392295,0.031717380995181406
2025-08-29,433,0.8950052550045187,0.869676942927281,0.02532831207723763
2025-09-02,452,0.9071458819874336,0.8780192584204753,0.02912662356695831
2025-09-03,452,1.0056399364147688,1.000099519588461,0.00554041682630783
2025-09-04,456,0.9671838603431775,0.9600132327939975,0.007170627549179966
2025-09-05,465,0.9857290312597851,0.9754678213543592,0.010261209905425984
2025-09-08,446,1.0552601161587611,1.0424322354755022,0.01282788068325905
2025-09-09,443,0.9391309923252408,0.9318045767541236,0.007326415571117135
2025-09-10,448,0.742856373992775,0.7511866605045989,-0.00833028651182386
2025-09-11,449,0.8965358119367622,0.8899689151247845,0.006566896811977778
2025-09-12,456,0.8864582326068497,0.8845737717155712,0.0018844608912785448
2025-09-15,475,0.8561156032857564,0.8589193241949995,-0.0028037209092431474
2025-09-16,483,0.8577884149842298,0.8518935403426746,0.005894874641555245
2025-09-17,485,0.8720764495628648,0.8656250284629372,0.006451421099927645
2025-09-18,485,0.9198505544720015,0.9061183808839967,0.01373217358800477
2025-09-19,481,0.8667463226384545,0.8512001163644172,0.015546206274037428
2025-09-22,484,0.8408746070996229,0.834914675355514,0.005959931744108943
2025-09-23,460,0.7739658365325292,0.7681786160281834,0.005787220504345822
2025-09-24,452,0.9791211219351029,0.9632615692852271,0.015859552649875923
2025-09-25,452,1.1156454511029557,1.090720153132534,0.024925297970421673
2025-09-26,449,1.081070357612715,1.0569872608595543,0.024083096753160723
2025-09-29,449,1.085465970542911,1.0670791374031947,0.01838683313971641
2025-09-30,471,0.9271485543753863,0.9137608576918785,0.01338769668350778
2025-10-01,480,0.9194376632621849,0.9092658830019599,0.01017178026022503
2025-10-02,479,0.9277893487344316,0.9198484379416171,0.00794091079281453
2025-10-03,479,1.3588599422810586,1.3133575774613284,0.04550236481973009
2025-10-06,481,1.0468014243897907,1.0256340282407865,0.021167396149004144
2025-10-07,480,0.8252202150974056,0.8257035326733255,-0.00048331757591995884
2025-10-08,475,0.9092423179474357,0.8990257183532271,0.010216599594208665
2025-10-09,478,1.0168534085172212,1.0045916598698483,0.01226174864737274
2025-10-10,482,0.9388606446748738,0.9331844591106268,0.0056761855642470825
2025-10-13,480,0.8838272529543846,0.8709380307759201,0.01288922217846436
2025-10-14,482,0.8858150049262198,0.8789738403631567,0.006841164563063092
2025-10-15,484,0.8838835845372366,0.8733936019733247,0.010489982563911909
2025-10-16,484,0.9769768043855095,0.9608743280089386,0.01610247637657094
2025-10-17,486,0.9814146166383667,0.9619578059056909,0.01945681073267577
2025-10-20,487,0.9694934248379729,0.9518398367145929,0.017653588123380026
2025-10-21,487,1.0530487597665,1.039046854116505,0.014001905649994992
2025-10-22,488,1.5338056273771332,1.5104886746827184,0.023316952694414597
2025-10-23,487,1.4553394808311033,1.4337432429326151,0.021596237898488108
2025-10-24,479,1.402101293813179,1.3761838592187055,0.025917434594473505
2025-10-27,473,1.5449284867676683,1.5241684987147104,0.02075998805295786
2025-10-28,471,1.4458598825969642,1.4411353067008321,0.004724575896132216
2025-10-29,469,1.2100664842578877,1.1889342806778607,0.021132203580026876
2025-10-30,471,1.1755341601591227,1.1573570704151195,0.018177089744003328
2025-10-31,471,1.1772853420200275,1.1575423845305208,0.01974295748950682
2025-11-03,468,1.17520106619093,1.1405819720192252,0.03461909417170482
2025-11-04,471,1.1854903842837528,1.1438372330217572,0.04165315126199549
2025-11-05,468,1.046606926962555,1.004178539458738,0.04242838750381709
2025-11-06,458,0.9903202334201425,0.9534776501653935,0.036842583254749026
2025-11-07,446,0.8644095067553359,0.8303227904215156,0.034086716333820294
2025-11-10,438,1.13277330208269,1.1176782586059435,0.01509504347674656
2025-11-11,433,1.1740617473163972,1.1544001014684648,0.019661645847932327
2025-11-12,432,1.243045298269269,1.233937384593773,0.009107913675496246
2025-11-13,436,1.2008071123496507,1.194102931135246,0.006704181214404623
2025-11-14,451,0.9360252672318191,0.9163312766467541,0.019693990585064974
2025-11-17,463,0.9224945227865922,0.8833808328761897,0.03911368991040234
2025-11-18,463,1.174526866822222,1.1319285080989863,0.042598358723235474
2025-11-19,467,1.2403377292975641,1.199381893480609,0.04095583581695507
2025-11-20,460,1.6111573052485675,1.587682165937021,0.023475139311546465
2025-11-21,447,1.020144254238387,0.9761605856406494,0.04398366859773754
2025-11-24,448,0.9750253872607376,0.9242487038114627,0.05077668344927493
2025-11-25,446,1.0627357125221493,1.0113299633122428,0.05140574920990669
2025-11-26,444,1.0335623805900456,0.9980757898252637,0.035486590764782
2025-11-28,437,1.145317019287925,1.1148734616285074,0.030443557659417475
2025-12-01,453,1.1191575156525784,1.1006998635254266,0.018457652127151798
2025-12-02,455,1.1052567780855949,1.0887010864472078,0.016555691638387236
2025-12-03,456,1.1227901966877023,1.1110122410195373,0.011777955668164902
2025-12-04,460,1.1186561621462086,1.1019485907776194,0.016707571368589073
2025-12-05,471,0.9614669806929655,0.9498216537088414,0.011645326984124064
2025-12-08,453,1.0482411554692947,1.0398663359866314,0.008374819482663535
2025-12-09,449,0.9729218324334816,0.9735345226148676,-0.0006126901813860838
2025-12-10,450,1.0834694825214906,1.0991372391610486,-0.015667756639558106
2025-12-11,448,0.9778136113145699,0.9886643839655035,-0.010850772650933557
2025-12-12,452,0.8027958018668795,0.7955479109096272,0.007247890957252337
2025-12-15,472,0.780059805061017,0.7716151196794031,0.00844468538161381
2025-12-16,477,0.7625181162438801,0.7582012336832649,0.00431688256061519
2025-12-17,481,0.8050515881854642,0.8041536025937805,0.0008979855916837543
2025-12-18,477,0.6774737084244316,0.6723049019457945,0.005168806478637171
2025-12-19,477,0.5637262825643042,0.5664586109624743,-0.002732328398169941
2025-12-22,478,0.552956340706672,0.564523794608145,-0.011567453901472971
2025-12-23,462,0.589975534684154,0.6019671193501138,-0.01199158466595985
2025-12-24,445,0.6852555964942992,0.6930865556021963,-0.00783095910789714
2025-12-26,450,0.78433228081688,0.7892100762161179,-0.004877795399238047
2025-12-29,451,1.0465552173570654,1.0254387428612985,0.021116474495766927
2025-12-30,452,1.053303538791079,1.0321363522915794,0.0211671864994994
2025-12-31,470,1.2636782383902896,1.2203899797796538,0.04328825861063577
2026-01-02,481,1.2473929127549317,1.2137170523507725,0.033675860404159166
2026-01-05,480,1.0112661309998905,0.9973753095603635,0.013890821439527095
2026-01-06,483,1.0056073050780754,0.991382948566883,0.014224356511192363
2026-01-07,482,1.3217374428621698,1.3021867742651074,0.019550668597062563
2026-01-08,478,1.1984889318525367,1.1892777470280975,0.009211184824439098
2026-01-09,478,1.1201703675469845,1.102373115859587,0.017797251687397455
2026-01-12,477,1.1872120860760604,1.1517643696322024,0.03544771644385818
2026-01-13,476,1.0356737275734473,1.024510154539051,0.01116357303439654
2026-01-14,476,0.9210996267878051,0.9132867756342717,0.007812851153533374
2026-01-15,476,0.9501371394355165,0.9405336855873795,0.009603453848136942
2026-01-16,483,0.8800361076890462,0.8803367327725018,-0.00030062508345559113
2026-01-20,488,0.9854028510347121,0.9783717932396949,0.007031057795017338
2026-01-21,487,1.0222588720309136,1.0189856874091578,0.0032731846217556094
2026-01-22,486,1.154643588413185,1.1476766378367664,0.006966950576418293
2026-01-23,481,1.1631678709322253,1.1521860490596756,0.010981821872549896
2026-01-26,476,1.286111710062467,1.283546490552547,0.002565219509920032
2026-01-27,474,1.6805974613270087,1.688851899576847,-0.00825443824983812
2026-01-28,474,2.0490120510646936,2.061066474986978,-0.012054423922284504
2026-01-29,475,2.0263102648941462,2.058369542907964,-0.03205927801381772
2026-01-30,477,1.9977340022062295,2.0168566894070756,-0.019122687200845985
2026-02-02,476,1.8229934445191283,1.837835611424281,-0.014842166905152809
2026-02-03,473,1.51913993240596,1.5151491942460513,0.003990738159908743
2026-02-04,471,1.5630753004268552,1.5549387095803766,0.008136590846478615
2026-02-05,470,1.6144796712047358,1.623147729777342,-0.008668058572606052
2026-02-06,453,1.540453504819281,1.5429849500939568,-0.0025314452746758725
2026-02-09,442,1.4749716491346145,1.4652000271559755,0.009771621978638902
2026-02-10,441,1.2122390919710084,1.1837715675209814,0.02846752445002737
2026-02-11,440,1.124082638973842,1.0779724340643864,0.04611020490945572
2026-02-12,435,1.1989431411916955,1.1495643566380152,0.04937878455368025
2026-02-13,451,1.120421837799516,1.075760166647654,0.04466167115186209
2026-02-17,464,1.1084245256232572,1.0497680140030765,0.05865651162018079
2026-02-18,463,1.1090827872297468,1.0600349149512214,0.04904787227852567
2026-02-19,467,0.9552672012685488,0.8867220796437912,0.06854512162475758
2026-02-20,456,1.1174193316659746,1.0617868342651784,0.05563249740079603
2026-02-23,446,1.2226729028193335,1.182594021474705,0.040078881344628545
2026-02-24,447,1.322671596125863,1.3118693065455562,0.010802289580307068
2026-02-25,446,1.2612142183474357,1.2286209260191523,0.0325932923282837
2026-02-26,440,1.4085079372705425,1.3995999793377853,0.00890795793275709
2026-02-27,438,1.6607851393571909,1.7085210520544793,-0.04773591269728837
2026-03-02,444,1.3961863226803455,1.3922909074004335,0.0038954152799121856
2026-03-03,434,1.2482528260138885,1.2275543219427338,0.020698504071154974
2026-03-04,434,1.3807434547193644,1.3944979091331762,-0.013754454413811696
2026-03-05,440,1.5869589329842926,1.6245933369056804,-0.03763440392138801
2026-03-06,439,1.3347976721380674,1.3462845152964575,-0.011486843158390336
2026-03-09,436,1.1387632049973735,1.1329866334254437,0.0057765715719300045
2026-03-10,441,0.9841227958273727,0.9422961243964003,0.04182667143097243
2026-03-11,448,1.0640602898555864,1.0346865202663456,0.029373769589240928
2026-03-12,446,0.9974924725041266,0.9630649677579065,0.034427504746220104
2026-03-13,464,1.074488011739552,1.0487703403078463,0.02571767143170589
2026-03-16,477,1.0368446595934129,1.0065475095169913,0.030297150076421496
2026-03-17,483,1.1709004200316329,1.1647842010174974,0.006116219014135549
2026-03-18,481,1.0304469769202815,1.023286568128392,0.007160408791889429
2026-03-19,484,1.0123575099792477,1.0089695588364969,0.0033879511427509636
2026-03-20,483,1.1058617593540665,1.0990701260821771,0.006791633271889228
2026-03-23,483,1.1882589757206856,1.1916227573962488,-0.0033637816755630965
2026-03-24,463,0.8250692396242946,0.8155567902849913,0.009512449339303328
2026-03-25,460,0.8569432185094722,0.8331345602504034,0.02380865825906875
2026-03-26,451,0.9500083178560363,0.9259097934793111,0.02409852437672523
2026-03-27,452,1.218482239796679,1.184773979668198,0.033708260128480806
2026-03-30,451,1.3548296287214732,1.3389062115567758,0.015923417164697345
2026-03-31,474,1.3976147487504416,1.391326821936281,0.006287926814160494
2026-04-01,474,1.3215447621501304,1.3142580165285729,0.0072867456215572925
2026-04-02,478,1.3616795798205739,1.3695911069238886,-0.007911527103314688
2026-04-06,481,1.3830455351160211,1.3812480472848576,0.0017974878311635965
2026-04-07,482,1.606806068913836,1.5867943013060006,0.020011767607835136
2026-04-08,477,1.0480099751811582,1.0226870598503597,0.025322915330798494
2026-04-09,481,1.1700906235197488,1.131188661595369,0.03890196192437994
2026-04-10,483,1.4946835297108365,1.4474002870546208,0.047283242656215654
2026-04-13,480,1.2073583032049162,1.168907566607672,0.038450736597243976
2026-04-14,481,1.1536143518640072,1.1307029886863609,0.0229113631776463
2026-04-15,482,1.1179995272583996,1.0977873264081546,0.020212200850244645
2026-04-16,483,1.198409894296404,1.1791576128197698,0.019252281476634443
2026-04-17,486,1.3022188554717564,1.2888809746744205,0.01333788079733572
2026-04-20,489,1.2982991433858335,1.2903745731716854,0.007924570214148148
2026-04-21,489,1.224093440012701,1.2110607344099378,0.013032705602763315
2026-04-22,491,1.4185245502071095,1.423687255808125,-0.005162705601015362
2026-04-23,485,1.2319551346887025,1.215936077159189,0.01601905752951368
2026-04-24,480,1.1797724723458438,1.1674384328231617,0.012334039522682062
2026-04-27,474,1.3314877524718478,1.3284189820303105,0.003068770441537368
2026-04-28,471,1.405603952933161,1.397912724697502,0.007691228235658673
2026-04-29,472,1.5973463052570411,1.5593305821960894,0.03801572306095127
2026-04-30,477,1.408186848658383,1.3848976840295748,0.02328916462880811
2026-05-01,469,1.6257006685789237,1.6076078389890445,0.01809282958987916
2026-05-04,470,1.6991887928825689,1.6871490534161215,0.012039739466447123
2026-05-05,470,1.412929373379488,1.3888895502209757,0.0240398231585123
2026-05-06,464,1.458113559561605,1.4413913070691422,0.01672225249246272
2026-05-07,459,1.395684067535412,1.3811987103424048,0.014485357193007264
2026-05-08,447,1.25321219743281,1.2367094192039951,0.016502778228815115
2026-05-11,441,1.1858591117173642,1.1715155773524386,0.014343534364925454
2026-05-12,441,1.1556771768880147,1.13046496868975,0.025212208198264443
2026-05-13,442,1.0846007664955062,1.0537545523635132,0.030846214131992938
2026-05-14,443,1.0683671727009614,1.0327717528334643,0.035595419867497105
2026-05-15,449,1.2235411932878495,1.1921901025592476,0.03135109072860199
2026-05-18,457,1.333713692868741,1.2952251897654279,0.038488503103313
2026-05-19,457,1.6308496978878977,1.5897047636710036,0.04114493421689401
2026-05-20,460,1.4411889568543086,1.407423115597289,0.033765841257019716
2026-05-21,449,1.6183216429465586,1.5958517445691243,0.022469898377434294
2026-05-22,448,1.7983272765013891,1.7897351901161895,0.008592086385199402
2026-05-26,449,1.5884055135666721,1.5695837718012315,0.01882174176544066
2026-05-27,448,1.4791058359753984,1.4658896639096313,0.013216172065767143
2026-05-28,444,1.256969480182239,1.2276814030476746,0.029288077134564484
2026-05-29,442,1.1669297664975327,1.1441169631395018,0.022812803358030778
2026-06-01,457,1.2043073607330408,1.1979538795695879,0.0063534811634527255
2026-06-02,454,1.3510589806238102,1.36029427265995,-0.009235292036139679
2026-06-03,452,1.4680272993641772,1.5130612861248451,-0.04503398676066808
2026-06-04,456,1.2418728212580745,1.2580425908558555,-0.016169769597781037
2026-06-05,463,1.1168383746812485,1.0934589428343764,0.02337943184687195
2026-06-08,440,1.2925566589506194,1.2638438173831095,0.02871284156751002
2026-06-09,439,1.1397627981613088,1.1044939504977243,0.03526884766358466
2026-06-10,443,1.5063674982213695,1.4911319900449491,0.015235508176420401
2026-06-11,442,1.344432851002703,1.3352373434731102,0.009195507529592615
2026-06-12,449,1.4361480462104679,1.4488723679923308,-0.012724321781862948
2026-06-15,475,1.1008732410191022,1.0958111446873018,0.005062096331800417
2026-06-16,479,1.151209623235685,1.1430600182838822,0.008149604951802718
2026-06-17,478,1.4582822711550834,1.4405369663525,0.017745304802583416
2026-06-18,477,1.4900743694013092,1.496565701544311,-0.006491332143001666
2026-06-22,479,1.6167526837478992,1.63472977458989,-0.017977090841990718
2026-06-23,460,1.403844667083045,1.3890493324596944,0.014795334623350578
2026-06-24,455,1.3218120687346497,1.2995128615797984,0.022299207154851175
2026-06-25,452,1.7683017248804314,1.8236604499148785,-0.05535872503444714
2026-06-26,450,1.352922743999128,1.332771219202059,0.02015152479706907
2026-06-29,450,1.4255498421119597,1.4657406376752655,-0.0401907955633058
2026-06-30,470,1.3695873322344716,1.4127978976493407,-0.04321056541486904
2026-07-01,474,1.0089580672866667,0.9746940958511088,0.03426397143555794
2026-07-02,473,0.9957230517400533,0.9491618262015981,0.046561225538455236
2026-07-06,479,1.0660150151337218,1.022589678226131,0.043425336907590636
2026-07-07,482,1.0702801162038806,1.0306234481791496,0.03965666802473082
2026-07-08,479,1.0313114865734132,0.9849356282169625,0.04637585835645068
2026-07-09,483,1.1886818780288182,1.196395659740902,-0.007713781712083802
2026-07-10,487,1.1520867185815096,1.164133714043044,-0.01204699546153434
2026-07-13,483,0.9712930813205886,0.9565217241746204,0.01477135714596808
2026-07-14,481,0.9600709148094307,0.9219659733543545,0.03810494145507632
2026-07-15,484,0.9925471146282573,0.9522874384852534,0.04025967614300379
2026-07-16,482,1.3275020317681814,1.3326472134926277,-0.005145181724446367
2026-07-17,481,1.067349722280457,1.022528301474797,0.04482142080566006
2026-07-20,485,1.10509499667293,1.0605493914155444,0.04454560525738549
2026-07-21,485,1.6765266239331922,1.7195249885434767,-0.04299836461028454
2026-07-22,486,1.9855887441629925,2.0752774628576693,-0.08968871869467672
2026-07-23,486,1.6348911208246042,1.6392476639234195,-0.0043565430988153275
2026-07-24,481,1.3782109349977154,1.3702166775674551,0.007994257430260318
2026-07-27,474,1.306403350537154,1.2808049865722357,0.025598363964918366
2026-07-28,474,1.582237343859464,1.569696875656256,0.012540468203207714
2026-07-29,473,1.8340165655903118,1.8149483194172664,0.019068246173045585
2026-07-30,474,1.4167564607619099,1.3617672402978502,0.054989220464059664
2026-07-31,475,1.4823316623015654,1.42526188271508,0.05706977958648542
2026-08-03,476,1.3038173871451026,1.2421405992553065,0.06167678788979596
2026-08-04,475,1.1328532649352623,1.0650920047720487,0.0677612601632135
2026-08-05,470,1.1213607465957962,1.0614872370254482,0.05987350957034807
2026-08-06,464,1.1276419678634526,1.0642207301680158,0.06342123769543678
2026-08-07,448,1.0768293484132612,1.014803794866261,0.06202555354700012
2026-08-10,445,1.0653097470104986,1.0185376484223327,0.046772098588165806
2026-08-11,441,0.9747661861921932,0.9155127895613254,0.059253396630867754
2026-08-12,437,1.28608551412055,1.236089628813265,0.04999588530728492
2026-08-13,438,1.3069525520928105,1.2636313583683048,0.04332119372450564
2026-08-14,454,1.3667755212571553,1.3335537129540718,0.03322180830308369
2026-08-17,457,1.5272066730015494,1.5408590274292715,-0.013652354427721976
