origin_trading_day,rows,baseline_loss,candidate_loss,loss_delta_baseline_minus_candidate
2020-05-05,445,1.2605706118216813,1.4409770289153674,-0.18040641709368618
2020-05-06,442,1.3969763820642374,1.5097703091747972,-0.11279392711055995
2020-05-07,438,1.2891386422284763,1.4282043082866862,-0.13906566605821005
2020-05-08,437,1.8565092749390248,1.7780596976546756,0.07844957728434934
2020-05-11,438,1.0133399752013472,1.2255926150982908,-0.21225263989694343
2020-05-12,431,1.1951550660714383,1.314593169348895,-0.11943810327745681
2020-05-13,431,2.8337908798472924,2.256756290804541,0.5770345890427514
2020-05-14,440,2.1829445756034223,1.8598991145304131,0.32304546107300924
2020-05-15,443,2.1469811678800648,1.8296197411656758,0.3173614267143887
2020-05-18,440,1.5839599084483147,1.508497237595321,0.07546267085299378
2020-05-19,446,2.798088324368591,2.212307335406252,0.5857809889623391
2020-05-20,438,1.798339314090783,1.6063308426644511,0.19200847142633176
2020-05-21,430,1.7143726002294282,1.611710771578334,0.10266182865109406
2020-05-22,433,1.9439328957882578,1.6989008626186293,0.24503203316962857
2020-05-26,434,1.3277779224650657,1.4175340830316925,-0.08975616056662669
2020-05-27,434,1.4297552340344457,1.4396724604011157,-0.00991722636666996
2020-05-28,435,1.9667105215184457,1.6827662677177568,0.28394425380068894
2020-05-29,449,3.5056478151655766,2.7012564418717075,0.8043913732938693
2020-06-01,452,3.8800095932471175,3.0174895610779973,0.8625200321691207
2020-06-02,448,2.342225967709834,1.9223901548179023,0.4198358128919318
2020-06-03,451,0.9454248676134759,1.1214341897292688,-0.17600932211579282
2020-06-04,449,2.016790382100804,1.8525423921376456,0.16424798996315879
2020-06-05,428,2.434342134053075,2.140939417262206,0.29340271679086893
2020-06-08,423,2.716681346751002,2.3182596186779474,0.3984217280730544
2020-06-09,429,1.39564107417751,1.4387047936494661,-0.04306371947195613
2020-06-10,430,1.1286428042546073,1.2573781058288513,-0.12873530157424426
2020-06-11,444,1.3488273234082013,1.394845605032263,-0.046018281624061796
2020-06-12,461,0.9731835686711053,1.2342160315661217,-0.2610324628950162
2020-06-15,467,0.8889914909450364,1.1778385556138415,-0.28884706466880505
2020-06-16,469,0.9828792208610193,1.1814899470644054,-0.198610726203386
2020-06-17,468,1.4418811437137768,1.4485113932068754,-0.006630249493098444
2020-06-18,467,1.2456309440547497,1.3325682853977376,-0.08693734134298817
2020-06-19,470,1.507334474044812,1.4908152613360288,0.016519212708783083
2020-06-22,452,1.0194588848742947,1.1843203125923931,-0.16486142771809828
2020-06-23,444,0.7989528005380374,1.0251556721787294,-0.22620287164069205
2020-06-24,441,0.8760542816158728,1.0868537157940559,-0.21079943417818303
2020-06-25,438,0.8891455567144512,1.0897246955907838,-0.20057913887633258
2020-06-26,438,1.5933866434938295,1.5724705382866364,0.020916105207193118
2020-06-29,455,1.0211655307573704,1.2173182272242302,-0.19615269646685993
2020-06-30,463,0.9962095114158762,1.1937180719231564,-0.1975085605072803
2020-07-01,458,1.2003559256688143,1.309349517867185,-0.10899359219837078
2020-07-02,462,0.9438527020541274,1.1375087095482883,-0.1936560074941611
2020-07-06,465,0.9300199624015365,1.0725072366951012,-0.1424872742935646
2020-07-07,462,0.8496738829816106,1.0168097524222037,-0.1671358694405931
2020-07-08,461,1.3059730088442416,1.2952354362135643,0.010737572630677237
2020-07-09,466,1.9009572177439316,1.6842224639684584,0.21673475377547305
2020-07-10,464,1.4148370142558775,1.3933112601724937,0.0215257540833837
2020-07-13,464,1.2570279774924114,1.3083310024258397,-0.05130302493342804
2020-07-14,467,1.0021125325463038,1.0621142513996626,-0.06000171885335872
2020-07-15,467,0.9542509182157548,1.053518716817095,-0.09926779860134025
2020-07-16,467,0.9161532449630442,1.027058573988904,-0.11090532902585969
2020-07-17,469,0.8772452279235865,0.9874980708197235,-0.11025284289613702
2020-07-20,468,0.965480842427989,1.0425499642790343,-0.07706912185104532
2020-07-21,467,0.9088822099517048,0.9838909962507498,-0.07500878629904513
2020-07-22,469,0.9044881745465013,1.0001769267189815,-0.09568875217248017
2020-07-23,464,0.9727463726051098,1.0671230243420677,-0.09437665173695796
2020-07-24,453,1.0615898849215182,1.150802600692796,-0.0892127157712776
2020-07-27,452,1.0114994617697584,1.0936160705308342,-0.08211660876107567
2020-07-28,454,1.1212410208274355,1.2040808375801795,-0.082839816752744
2020-07-29,454,1.0154352923057823,1.103618596899565,-0.08818330459378286
2020-07-30,455,1.0814943295141197,1.1499963250152108,-0.068501995501091
2020-07-31,459,1.2530004006658149,1.244957345658772,0.008043055007042837
2020-08-03,458,1.665638247545217,1.5301833400350948,0.13545490751012207
2020-08-04,456,1.6642314743291253,1.5151133883227752,0.14911808600634993
2020-08-05,453,1.316904833856258,1.2534172298935422,0.06348760396271574
2020-08-06,436,1.063375206877667,1.067841573378733,-0.004466366501065917
2020-08-07,437,0.8785315320668686,0.929917382665834,-0.051385850598965326
2020-08-10,436,0.7805994434039747,0.8880032633199817,-0.10740381991600705
2020-08-11,430,0.9280943525717785,1.0188058823817576,-0.09071152980997899
2020-08-12,426,0.8481695951017112,0.913687465637232,-0.06551787053552069
2020-08-13,445,0.8691010627264819,0.931096613592023,-0.06199555086554105
2020-08-14,448,0.9749515232938691,1.0220982302821027,-0.04714670698823347
2020-08-17,446,0.764069084627052,0.8393440284911123,-0.07527494386406024
2020-08-18,453,0.7256161799175378,0.8031610897161543,-0.0775449097986165
2020-08-19,458,0.812479650855306,0.9008858933576623,-0.08840624250235635
2020-08-20,455,0.8850677988138307,0.9280476574912389,-0.042979858677408236
2020-08-21,449,1.1537023154960113,1.142622337745374,0.011079977750637175
2020-08-24,438,0.8125222607188669,0.9045891828314692,-0.09206692211260227
2020-08-25,432,0.8626900193232241,0.9504230455295506,-0.08773302620632649
2020-08-26,428,1.0397818329956368,1.0832294155904485,-0.04344758259481167
2020-08-27,423,0.7130298547121462,0.7708756420814946,-0.05784578736934845
2020-08-28,434,0.9079633264408671,0.9251025572632247,-0.01713923082235759
2020-08-31,444,1.370607447424941,1.3276265311532576,0.04298091627168341
2020-09-01,444,1.1565901462830288,1.1299112967510678,0.026678849531961094
2020-09-02,444,1.9022596709699535,1.781153208595236,0.12110646237471748
2020-09-03,455,1.1171134789768458,1.09553706722412,0.021576411752725753
2020-09-04,428,0.9123042464143598,0.954960305714407,-0.04265605930004731
2020-09-08,428,1.0555967799861454,1.1001565273203868,-0.04455974733424146
2020-09-09,432,0.9525690993081528,0.987515230251627,-0.03494613094347428
2020-09-10,436,1.0232120935152205,1.0491146667700817,-0.02590257325486123
2020-09-11,436,0.8706540735325778,0.9180268553052385,-0.04737278177266071
2020-09-14,461,1.2291931648609247,1.2088978871898688,0.02029527767105595
2020-09-15,467,1.143138661750836,1.1433596082010538,-0.00022094645021773058
2020-09-16,469,1.9249795266956804,1.7623265498772005,0.16265297681847996
2020-09-17,468,1.7219456117741327,1.6095425890834612,0.11240302269067164
2020-09-18,468,1.1965481431648706,1.1953620300169736,0.001186113147896769
2020-09-21,470,0.8201548311660829,0.9119970611574257,-0.09184222999134291
2020-09-22,451,0.7071871276004671,0.8157848218067238,-0.10859769420625678
2020-09-23,444,1.0943180756411397,1.1311765938573954,-0.03685851821625567
2020-09-24,441,1.2836029596689515,1.2820158851006858,0.001587074568265575
2020-09-25,442,0.9736828915539295,1.0225350989968056,-0.04885220744287608
2020-09-28,437,0.946045256940956,1.0091520595450292,-0.0631068026040733
2020-09-29,455,0.9734172437151345,1.01666622168657,-0.04324897797143558
2020-09-30,463,1.160688464615249,1.1677647670125644,-0.0070763023973152905
2020-10-01,455,1.5483245731341821,1.474701749169726,0.07362282396445594
2020-10-02,456,1.3698406440409205,1.3697962766944383,4.436734648233261e-05
2020-10-05,461,1.0628960315901503,1.1149320445412274,-0.05203601295107688
2020-10-06,463,1.1398180033186556,1.1952039750933479,-0.055385971774692434
2020-10-07,460,0.828930913995926,0.9101540801125964,-0.0812231661166704
2020-10-08,469,0.8355682272049278,0.9071723618842,-0.07160413467927225
2020-10-09,469,0.8188931304281879,0.8778137289073851,-0.058920598479197166
2020-10-12,469,1.0582436269142779,1.051588596857806,0.006655030056471757
2020-10-13,467,0.8600200456880734,0.9072566748378078,-0.047236629149734304
2020-10-14,469,0.898360781564974,0.923991559235881,-0.025630777670906907
2020-10-15,470,1.0206421180428529,1.0194786218455774,0.0011634961972756097
2020-10-16,471,0.982083153644184,0.9837125588531743,-0.001629405208990312
2020-10-19,470,0.9257188755106787,0.9471260879177721,-0.021407212407093385
2020-10-20,469,1.137629673924933,1.1242782995329528,0.013351374391980038
2020-10-21,471,1.82118366645715,1.7163246263074734,0.10485904014967656
2020-10-22,466,1.76282469478888,1.661572910476061,0.10125178431281902
2020-10-23,456,2.0341100981610363,1.88326996050443,0.15084013765660637
2020-10-26,456,1.1858999999897217,1.1628186471411144,0.02308135284860738
2020-10-27,457,1.29284743907568,1.259514722088429,0.03333271698725067
2020-10-28,456,1.9770765292312924,1.9164362943619033,0.060640234869388895
2020-10-29,454,2.231125927916245,2.148046535358187,0.08307939255805803
2020-10-30,458,2.433084796819357,2.3779171783886572,0.05516761843070024
2020-11-02,450,3.457110448599637,3.209908580275363,0.2472018683242743
2020-11-03,445,2.840847501073677,2.5868135830449233,0.25403391802875375
2020-11-04,446,2.7200727161313845,2.442408680821074,0.2776640353103104
2020-11-05,439,1.6636983072138167,1.5411523906457216,0.12254591656809516
2020-11-06,434,2.527789216683286,2.2310640407971767,0.2967251758861089
2020-11-09,441,1.2847541067089077,1.3386911670375257,-0.05393706032861805
2020-11-10,439,1.029540995391823,1.1711752123995454,-0.1416342170077223
2020-11-11,432,0.9833476099024451,1.108419555001395,-0.12507194509895006
2020-11-12,440,1.3891795690958926,1.3657928656492455,0.02338670344664693
2020-11-13,449,0.9935490628981167,1.1355081138979066,-0.14195905099978995
2020-11-16,446,1.113395837832456,1.2170012574635884,-0.10360541963113244
2020-11-17,450,1.302840402259236,1.3288217553171213,-0.025981353057885435
2020-11-18,453,1.2353251344418152,1.2796300076856226,-0.044304873243807406
2020-11-19,450,1.0514155593742986,1.1719108738675033,-0.12049531449320473
2020-11-20,438,0.9427028373502204,1.1260443362771098,-0.18334149892688942
2020-11-23,432,0.8511912382871801,1.0662777990317314,-0.21508656074455126
2020-11-24,432,0.8286255350231654,1.0516979339058337,-0.22307239888266833
2020-11-25,419,0.8310075795824776,1.0324430230843797,-0.20143544350190215
2020-11-27,428,1.034448858339554,1.1402151935792406,-0.10576633523968669
2020-11-30,443,1.1426220705904,1.1864118173775164,-0.043789746787116404
2020-12-01,449,1.036213914520025,1.1144946481466478,-0.07828073362662284
2020-12-02,447,0.876109140879774,1.0096460778370149,-0.1335369369572409
2020-12-03,455,0.8660243365110321,0.9823588641085834,-0.11633452759755145
2020-12-04,454,0.835448746997482,0.9593768169630826,-0.12392806996560062
2020-12-07,432,0.834738292178393,0.9558859670329064,-0.12114767485451347
2020-12-08,430,0.7436370501577778,0.8217202274589662,-0.07808317730118855
2020-12-09,435,0.7947354658060118,0.8795150702537883,-0.08477960444777648
2020-12-10,438,0.8634891829897516,0.9371143392146533,-0.07362515622490162
2020-12-11,436,0.9539406866041004,1.011881627924091,-0.057940941319990606
2020-12-14,456,0.8322822788858576,0.8974826626896975,-0.06520038380383993
2020-12-15,458,0.985821456917536,1.004263251345047,-0.018441794427511003
2020-12-16,459,0.7958819801418109,0.8456362221938598,-0.04975424205204896
2020-12-17,458,0.7345979577368769,0.7785833452322841,-0.043985387495407334
2020-12-18,465,0.6910209911816747,0.7458876183938377,-0.05486662721216286
2020-12-21,467,0.6117157270079293,0.6931023872616567,-0.08138666025372752
2020-12-22,454,0.7191419384739893,0.7512466064158053,-0.03210466794181587
2020-12-23,444,0.7103830504634031,0.7574459544399399,-0.04706290397653683
2020-12-24,446,0.7355100763219976,0.7624424225392477,-0.026932346217250144
2020-12-28,444,0.7950027098113347,0.8153185712712259,-0.020315861459891272
2020-12-29,443,1.413350797718838,1.3748911060107978,0.03845969170804029
2020-12-30,449,1.548349037831583,1.5253835426637514,0.022965495167831647
2020-12-31,456,1.4566789890038596,1.4398925552910296,0.016786433712830097
2021-01-04,461,1.7004691698013474,1.6848445302582518,0.015624639543095623
2021-01-05,463,1.7170367867440375,1.6879628444798145,0.029073942264223034
2021-01-06,462,0.9737539760871468,1.0028726456585422,-0.02911866957139544
2021-01-07,469,1.0435578469086075,1.0346153919604304,0.008942454948177015
2021-01-08,471,1.031845558820292,1.0242032648273156,0.007642293992976395
2021-01-11,466,1.003406415941352,1.0044969884170518,-0.0010905724756995999
2021-01-12,466,0.9924292027040177,1.0042736377872936,-0.011844435083276003
2021-01-13,461,0.9238521464553613,0.9595293560144923,-0.03567720955913094
2021-01-14,465,0.9711711954722585,0.9938630756716225,-0.022691880199363974
2021-01-15,467,0.9628715685936982,0.999257524863458,-0.036385956269759816
2021-01-19,471,1.16712853792611,1.1643530587023037,0.00277547922380634
2021-01-20,471,1.927143380249154,1.8057105315384288,0.12143284871072513
2021-01-21,472,1.1614270459917837,1.1470334402127604,0.014393605779023252
2021-01-22,460,1.48903186324267,1.4260335190413806,0.06299834420128944
2021-01-25,459,1.0973216412326783,1.0987010380295443,-0.0013793967968661267
2021-01-26,458,0.9000380984623874,0.9603260754239791,-0.0602879769615916
2021-01-27,458,1.3463994580627727,1.3212404381065213,0.02515901995625134
2021-01-28,454,1.1521380060481627,1.1657843239457935,-0.013646317897630463
2021-01-29,463,1.8196408567926092,1.697807657347253,0.12183319944535631
2021-02-01,459,1.8226697900392683,1.692251684036231,0.13041810600303733
2021-02-02,455,1.347775709239531,1.3135179621283315,0.034257747111199506
2021-02-03,452,1.2516102283419948,1.2454365686949658,0.006173659647029064
2021-02-04,442,1.0823572459764232,1.127849941588441,-0.04549269561201784
2021-02-05,438,1.0865190399920943,1.1190266704580316,-0.0325076304659373
2021-02-08,435,0.991720431778557,1.030760431141578,-0.03903999936302083
2021-02-09,435,1.027100889906198,1.0472863041779685,-0.02018541427177052
2021-02-10,430,0.9144548005433158,0.9650966327509747,-0.05064183220765892
2021-02-11,439,1.022617727743348,1.034921978584783,-0.012304250841434996
2021-02-12,444,1.314102316034861,1.263715431176648,0.050386884858212744
2021-02-16,447,1.2199857501196396,1.1838857938683711,0.03609995625126842
2021-02-17,450,1.4667897554529936,1.3906012025637828,0.0761885528892108
2021-02-18,442,1.4997289789577488,1.4042447263417008,0.09548425261604795
2021-02-19,436,1.2800318199032459,1.2366972064835255,0.0433346134197205
2021-02-22,436,0.8844378936945331,0.9547818469487562,-0.07034395325422305
2021-02-23,438,0.8577023871017957,0.9271492600239534,-0.06944687292215775
2021-02-24,435,1.1125201417102082,1.1147504927928165,-0.00223035108260845
2021-02-25,439,1.11304259677734,1.1051142671407075,0.007928329636632779
2021-02-26,447,1.3629718193893203,1.3101667560241268,0.052805063365193465
2021-03-01,448,1.7502779303984854,1.5983483942712335,0.15192953612725194
2021-03-02,433,1.092942718624838,1.070320823240758,0.02262189538407992
2021-03-03,438,1.1945727456268949,1.1716939994734612,0.022878746153433833
2021-03-04,437,1.5041707680201644,1.466766546451067,0.037404221569097534
2021-03-05,422,1.1631169570426152,1.1691068092057875,-0.005989852163172122
2021-03-08,416,1.450676989238932,1.4343931972278539,0.016283792011078282
2021-03-09,424,0.9758941424482502,1.0555573903543354,-0.07966324790608503
2021-03-10,423,0.9318749556012444,0.9998303434385661,-0.06795538783732163
2021-03-11,432,0.9652536257886614,1.003157298715792,-0.037903672927130656
2021-03-12,453,0.9042976463603646,0.9637073710047033,-0.05940972464433861
2021-03-15,460,0.9408732573165005,0.9938766386365508,-0.053003381320050245
2021-03-16,469,1.0181579659729332,1.0497389940540809,-0.031581028081147496
2021-03-17,468,1.2145306993685512,1.1882568497799053,0.02627384958864587
2021-03-18,468,0.7972425322977817,0.8901043038038087,-0.092861771506027
2021-03-19,471,1.036500759369193,1.1085692006301144,-0.07206844126092132
2021-03-22,472,1.0375042554135803,1.0945705411047613,-0.057066285691181017
2021-03-23,454,1.0679358358895457,1.1211531406858586,-0.053217304796313036
2021-03-24,446,0.9627897493054728,1.024782403200019,-0.06199265389454614
2021-03-25,447,0.973206324476342,1.0351212853401712,-0.06191496086382911
2021-03-26,443,0.7925838632145285,0.881185625177578,-0.08860176196304964
2021-03-29,439,0.9648615011731867,1.0062768900523045,-0.04141538887911783
2021-03-30,457,0.81375030731814,0.9020717429683865,-0.08832143565024651
2021-03-31,457,0.8066995098242657,0.896765424816156,-0.0900659149918902
2021-04-01,457,0.721538612074099,0.8246090625358061,-0.1030704504617072
2021-04-05,462,0.637228933547478,0.7374817288095847,-0.10025279526210679
2021-04-06,466,0.6477305740792265,0.7383394179625271,-0.09060884388330064
2021-04-07,462,0.6337734062548593,0.7156841155426646,-0.08191070928780524
2021-04-08,469,0.7282939063521678,0.8037522367360665,-0.07545833038389874
2021-04-09,472,0.734106927943584,0.8002991567544361,-0.06619222881085209
2021-04-12,473,0.6952962858975447,0.7512719937627295,-0.05597570786518467
2021-04-13,467,0.8140253859938038,0.8359988201438106,-0.021973434150006656
2021-04-14,471,0.8042055002849987,0.8562247832091678,-0.052019282924169095
2021-04-15,471,0.7749545855981662,0.8052115350718125,-0.030256949473646374
2021-04-16,468,0.6911615400495277,0.7395725996749959,-0.048411059625468086
2021-04-19,468,0.6991772148927435,0.7460526043189836,-0.04687538942624005
2021-04-20,473,1.0027571835673699,1.0037730615965181,-0.0010158780291481908
2021-04-21,473,0.8857612772213804,0.9056101499166238,-0.01984887269524339
2021-04-22,469,0.9846491218042714,0.979329997561431,0.005319124242840334
2021-04-23,461,0.831403322894404,0.8270071182825842,0.004396204611819862
2021-04-26,460,0.9788186983824155,0.9612492442732566,0.017569454109158895
2021-04-27,461,1.1129245420731717,1.0858765770271304,0.02704796504604142
2021-04-28,461,1.1369776454531537,1.1105579695766474,0.02641967587650647
2021-04-29,459,1.1524859536750884,1.1148009820437148,0.03768497163137365
2021-04-30,460,1.2366195819372896,1.2164852258340992,0.02013435610319054
2021-05-03,456,1.1617165803973133,1.1419848030580795,0.019731777339233928
2021-05-04,453,0.8929614775150587,0.8843945462223539,0.008566931292704676
2021-05-05,449,1.106270247451675,1.0743519341221701,0.031918313329504865
2021-05-06,440,0.9007025979677036,0.8866931176431251,0.014009480324578471
2021-05-07,440,0.7769322180774236,0.7812508782913288,-0.004318660213905108
2021-05-10,444,0.7715565540972024,0.7868745967296832,-0.015318042632480905
2021-05-11,439,0.7362094250530322,0.7443708189941417,-0.008161393941109398
2021-05-12,437,0.7454526169092621,0.7826674357241312,-0.03721481881486905
2021-05-13,446,0.8234982044200156,0.8661739027298344,-0.04267569830981883
2021-05-14,450,0.721045859345784,0.7785705112254566,-0.05752465187967254
2021-05-17,445,0.8042205366258945,0.8579686163653352,-0.05374807973944074
2021-05-18,448,0.7853394503706894,0.8483649078757808,-0.06302545750509138
2021-05-19,452,0.752475111120553,0.8145226521518847,-0.062047541031331734
2021-05-20,442,0.7293203782280889,0.7777723029883072,-0.048451924760218354
2021-05-21,430,0.7068699730127141,0.7597226248965391,-0.05285265188382496
2021-05-24,430,0.7628729278761213,0.7955952402311415,-0.032722312355020065
2021-05-25,429,0.8402160093850616,0.8534694801823625,-0.013253470797300949
2021-05-26,417,0.8158267296148565,0.8309921885242505,-0.015165458909393907
2021-05-27,436,0.7687223443081522,0.8064784943067463,-0.03775614999859411
2021-05-28,448,0.8462951776278438,0.8701212545397176,-0.0238260769118738
2021-06-01,449,0.7688913389705762,0.8196429353748118,-0.05075159640423568
2021-06-02,448,0.7531842546380169,0.8023912564370709,-0.049207001799054066
2021-06-03,453,0.8525529699879707,0.9157920731288836,-0.06323910314091283
2021-06-04,451,0.7638205680931612,0.8140228544109724,-0.050202286317811144
2021-06-07,433,0.7736002402229684,0.8228981210752374,-0.04929788085226903
2021-06-08,430,0.7335886740607952,0.7775583591045335,-0.043969685043738285
2021-06-09,434,0.6985134887595545,0.7380730543614039,-0.039559565601849304
2021-06-10,441,0.9118724206840104,0.9255956976945408,-0.01372327701053025
2021-06-11,441,1.351868561992906,1.3469086527966208,0.004959909196285149
2021-06-14,462,0.8043037527571639,0.8139764036535941,-0.00967265089643034
2021-06-15,470,0.8594420426833275,0.8805533481401524,-0.02111130545682497
2021-06-16,471,0.7770756277155038,0.7965941069422181,-0.01951847922671431
2021-06-17,467,0.6957854663362968,0.7060225773381968,-0.010237111001900187
2021-06-18,466,1.0391382466990475,1.0538356836108287,-0.014697436911781155
2021-06-21,468,0.7379841179040455,0.7748185737929187,-0.036834455888873206
2021-06-22,450,0.7377964328127646,0.7705034489995773,-0.03270701618681263
2021-06-23,443,0.6881720965592036,0.7221005896431958,-0.033928493083992206
2021-06-24,442,0.6051318759427822,0.6362408804682816,-0.0311090045254994
2021-06-25,440,0.593441401124294,0.6295052299985431,-0.036063828874249186
2021-06-28,437,0.6038231105822719,0.6386196469843591,-0.03479653640208728
2021-06-29,454,0.6880881846603333,0.7151332897493937,-0.02704510508906035
2021-06-30,456,0.805295718287935,0.8137379181349561,-0.008442199847021084
2021-07-01,460,0.6613080618747339,0.684395484247966,-0.023087422373232087
2021-07-02,466,0.6229554329892323,0.6347062661803936,-0.011750833191161362
2021-07-06,470,0.5775635892252794,0.5891423919962442,-0.011578802770964826
2021-07-07,464,0.6078457774170288,0.6142140011995593,-0.0063682237825303965
2021-07-08,468,0.6869289913696223,0.6822754385065087,0.004653552863113453
2021-07-09,471,0.9423128484000043,0.9167485982912538,0.02556425010875052
2021-07-12,470,1.4102164674019673,1.3195197048890386,0.09069676251292864
2021-07-13,465,0.8303339262337752,0.8218736880956685,0.00846023813810671
2021-07-14,471,0.6254891554705857,0.6584225432710477,-0.0329333878004621
2021-07-15,470,0.696799025552121,0.735652562023514,-0.038853536471393134
2021-07-16,469,0.7675277672107401,0.8363123449852623,-0.06878457777452222
2021-07-19,467,1.2124966267340747,1.2373763389975738,-0.024879712263499113
2021-07-20,471,0.7251752265366118,0.7610436389028901,-0.0358684123662782
2021-07-21,471,0.6856305291258816,0.7308319869342982,-0.045201457808416674
2021-07-22,465,0.8251446182300032,0.8549746448327976,-0.02983002660279447
2021-07-23,454,0.7454446881862705,0.7797105401600716,-0.03426585197380109
2021-07-26,456,0.7921302745668526,0.8296487584018055,-0.03751848383495289
2021-07-27,457,0.9480031269945871,0.9917262168863011,-0.04372308989171403
2021-07-28,457,0.9783835293890353,1.0138281117528463,-0.03544458236381106
2021-07-29,461,0.8731662959102439,0.917502067941543,-0.0443357720312991
2021-07-30,468,0.8292837781222816,0.8523494479398682,-0.02306566981758674
2021-08-02,459,0.8341033481800091,0.8608434774603931,-0.026740129280384117
2021-08-03,458,0.8668159383492483,0.8671163971977643,-0.0003004588485159687
2021-08-04,454,1.1457409480173333,1.1043797870292205,0.04136116098811293
2021-08-05,438,0.9115881051104869,0.8691953292286001,0.04239277588188678
2021-08-06,435,0.7661478690679709,0.730653382720715,0.035494486347255855
2021-08-09,443,0.7622080943031441,0.7319717702453812,0.03023632405776299
2021-08-10,434,0.791234398162541,0.7866951311846938,0.004539266977847196
2021-08-11,433,0.9121089077319735,0.9390095118829376,-0.02690060415096414
2021-08-12,444,1.058201507041164,1.1054271147275536,-0.0472256076863897
2021-08-13,448,0.8734717489045866,0.8953736370510176,-0.021901888146431025
2021-08-16,446,0.6548681765215547,0.6497326113770807,0.005135565144474002
2021-08-17,454,0.7176865025057537,0.7062497676103464,0.011436734895407323
2021-08-18,456,0.8149839749129191,0.8018531998539495,0.013130775058969597
2021-08-19,462,0.8609294957297363,0.8462137521313753,0.014715743598360973
2021-08-20,462,1.010431376214473,0.9909924484739437,0.019438927740529174
2021-08-23,456,0.7248481561478012,0.707645717222002,0.017202438925799236
2021-08-24,435,0.6338772673165962,0.6065645033809005,0.027312763935695716
2021-08-25,436,0.6926631364557219,0.6759917752959013,0.01667136115982063
2021-08-26,425,0.7456104951736986,0.7240557236595635,0.021554771514135054
2021-08-27,425,0.7311760081301448,0.723572452883555,0.007603555246589884
2021-08-30,429,0.7199790436161145,0.7002835761229619,0.019695467493152593
2021-08-31,447,0.7330126091592578,0.7239727522289388,0.009039856930319069
2021-09-01,434,0.7292635254603618,0.7161580554448925,0.01310547001546932
2021-09-02,447,0.9258105322191622,0.9581087457174893,-0.03229821349832698
2021-09-03,449,0.8760074289539413,0.8760586268035274,-5.1197849586130334e-05
2021-09-07,429,0.8501025587355904,0.8509857347880921,-0.0008831760525017922
2021-09-08,426,0.853564125015084,0.8407871380734051,0.01277698694167915
2021-09-09,438,0.7712823733818482,0.7508198724580676,0.020462500923780616
2021-09-10,439,0.8032874627765073,0.7822160450544152,0.021071417722092225
2021-09-13,440,0.9565415935127832,0.9874313736751075,-0.0308897801623242
2021-09-14,463,0.8844483269406018,0.9030787651412236,-0.01863043820062179
2021-09-15,470,0.8766030189313934,0.8957124642705132,-0.019109445339119784
2021-09-16,468,0.7467981003837635,0.7224927636712314,0.024305336712532283
2021-09-17,467,0.7685448857375183,0.7436193968384949,0.02492548889902344
2021-09-20,467,1.1738950118411902,1.138271297524578,0.03562371431661228
2021-09-21,469,1.2223513939231552,1.1926283447403456,0.029723049182809193
2021-09-22,449,1.049084685406457,1.0176062896956948,0.03147839571076223
2021-09-23,443,1.208003992617697,1.2520049816872352,-0.04400098906953818
2021-09-24,444,1.1268662830100278,1.1406735844843632,-0.013807301474335358
2021-09-27,440,1.2277374198831994,1.267156461834984,-0.03941904195178429
2021-09-28,437,0.7885443566362663,0.7583931410118001,0.030151215624466182
2021-09-29,457,0.7820106523192805,0.7556946234502993,0.02631602886898136
2021-09-30,458,0.8762734670172209,0.8323734847759512,0.043899982241269765
2021-10-01,458,0.7961356480760791,0.756791962609596,0.03934368546648284
2021-10-04,464,0.7915082892622348,0.7694173826774262,0.02209090658480862
2021-10-05,468,0.7644334714728536,0.745099924443008,0.01933354702984566
2021-10-06,466,0.7628300818851377,0.7478090632309362,0.015021018654201444
2021-10-07,469,0.7289581835142739,0.7075260004445557,0.0214321830697182
2021-10-08,470,0.762270140067978,0.7499471367553332,0.012323003312644713
2021-10-11,470,0.9130846338232135,0.9219163101720143,-0.00883167634880084
2021-10-12,469,1.0150613276457174,1.0300645873596477,-0.015003259713930048
2021-10-13,471,1.0774077034113563,1.0783327064624808,-0.0009250030511245392
2021-10-14,474,0.8220691838323225,0.8216080891395013,0.00046109469282112783
2021-10-15,474,0.8561568491895648,0.8465963385513778,0.00956051063818693
2021-10-18,473,0.8713243259344362,0.8549523439582839,0.016371981976152257
2021-10-19,473,0.803631884548981,0.7828160093175768,0.020815875231404313
2021-10-20,473,0.8934207288555771,0.9180552997853366,-0.024634570929759503
2021-10-21,470,0.8853055983216379,0.8864509144273979,-0.0011453161057600055
2021-10-22,458,0.9698620908777642,0.9940198233261605,-0.02415773244839619
2021-10-25,456,0.9237932526260639,0.9247286054613059,-0.0009353528352419501
2021-10-26,455,1.016494662702261,1.027692895919801,-0.011198233217539965
2021-10-27,456,1.124398985296437,1.1256305325179126,-0.0012315472214757199
2021-10-28,455,1.0857082940418057,1.0949350880855613,-0.009226794043755506
2021-10-29,464,1.2712662500437761,1.27377717148708,-0.0025109214433036374
2021-11-01,465,1.0155871961300662,1.0177180070028489,-0.0021308108727827076
2021-11-02,458,1.0059742586655098,1.0073874796756073,-0.001413221010097468
2021-11-03,439,0.8520699146491458,0.8515793968859454,0.000490517763200477
2021-11-04,448,0.8097554476379946,0.7868393177845129,0.022916129853481824
2021-11-05,436,0.8227750407576666,0.820982557011013,0.0017924837466535939
2021-11-08,432,0.7847571436365377,0.7646949447090537,0.020062198927483867
2021-11-09,435,0.7735386183913576,0.7593871540285386,0.014151464362818871
2021-11-10,448,0.7765613429868105,0.77710201859803,-0.0005406756112195721
2021-11-11,433,0.7997340283753965,0.8195517966286266,-0.019817768253230072
2021-11-12,446,0.9162018712035987,0.9496160364259728,-0.03341416522237405
2021-11-15,445,0.87193603485351,0.8985119536345892,-0.02657591878107939
2021-11-16,447,0.8573699917061258,0.8623488887492483,-0.004978897043122512
2021-11-17,446,0.8059423704070017,0.7957303025383852,0.01021206786861656
2021-11-18,457,1.1174900893223154,1.1629955941354657,-0.04550550481315024
2021-11-19,450,0.9016301035884545,0.9085209713931232,-0.006890867804668631
2021-11-22,437,1.4214845773311242,1.5308479248234759,-0.10936334749235155
2021-11-23,436,1.9290516431772533,2.1069864479121487,-0.17793480473489523
2021-11-24,425,1.223845273113178,1.2993452041114202,-0.07549993099824233
2021-11-26,426,0.9373249427154559,0.9557518266420202,-0.01842688392656442
2021-11-29,432,0.9650602346540916,0.9645536209391105,0.0005066137149812319
2021-11-30,448,1.2410367843894132,1.1866938560107163,0.05434292837869684
2021-12-01,450,1.629048964996292,1.5496315171160995,0.07941744788019253
2021-12-02,452,0.9226959569979938,0.8876199511669894,0.035076005831004245
2021-12-03,453,1.0951038377887157,1.0586221483978897,0.03648168939082595
2021-12-06,453,0.8142597315959107,0.8096199314506175,0.004639800145293268
2021-12-07,436,0.9361928716988815,0.9446417127112885,-0.00844884101240683
2021-12-08,434,0.9738043686538744,0.9799547939497141,-0.006150425295839732
2021-12-09,443,1.0602988207100776,1.0556509908906557,0.004647829819421768
2021-12-10,440,1.0561008020744571,1.078279415473895,-0.022178613399438038
2021-12-13,440,1.0639700572976198,1.1005984452092359,-0.036628387911616024
2021-12-14,457,0.7560466408543085,0.7412763699029683,0.014770270951340113
2021-12-15,458,0.8438522666189291,0.824881705737251,0.018970560881678124
2021-12-16,464,0.9194724753175205,0.8958326182625495,0.023639857054971108
2021-12-17,467,1.040428206088357,0.9863996034870534,0.05402860260130362
2021-12-20,471,1.4131995028118023,1.34216151312184,0.07103798968996217
2021-12-21,474,0.9014859402163085,0.8638414498948364,0.0376444903214722
2021-12-22,463,0.6724633267024346,0.6431181809468568,0.029345145755577732
2021-12-23,453,0.6421899365075158,0.615752597618703,0.026437338888812736
2021-12-27,452,0.6686102102390917,0.6373703235160243,0.031239886723067514
2021-12-28,449,0.9171875599476428,0.8811983071110865,0.03598925283655632
2021-12-29,448,1.291507629325773,1.2970040877385132,-0.005496458412740218
2021-12-30,456,1.4375033451764023,1.4391121096352464,-0.0016087644588438847
2021-12-31,460,1.8360034307300543,1.85739402903621,-0.02139059830615578
2022-01-03,464,1.464136919011651,1.4876118955398574,-0.02347497652820622
2022-01-04,467,1.1073094114075197,1.1166949820807166,-0.009385570673196793
2022-01-05,468,0.8657292216444171,0.8498123383243112,0.015916883320105792
2022-01-06,470,0.9330438581962563,0.9172464604810875,0.01579739771516895
2022-01-07,474,0.9301661275704644,0.925399966774016,0.004766160796448219
2022-01-10,471,1.0489716700737632,1.0609095939958113,-0.0119379239220479
2022-01-11,469,1.399550225251549,1.4664762168057233,-0.06692599155417424
2022-01-12,463,1.7704943875808277,1.8794702538592052,-0.10897586627837758
2022-01-13,469,2.02248696791301,2.1657241641596614,-0.1432371962466514
2022-01-14,472,1.6813055831633086,1.8038430169338888,-0.12253743377058028
2022-01-18,474,1.5400150872206504,1.6326121984173219,-0.09259711119667156
2022-01-19,474,1.4701720282384312,1.5512071411385466,-0.08103511290011538
2022-01-20,480,1.4254753841393522,1.4903376514360298,-0.06486226729667771
2022-01-21,470,0.9751592007314298,0.9768226630897431,-0.0016634623583131854
2022-01-24,463,0.8999177379600759,0.8895316620450152,0.010386075915060872
2022-01-25,463,1.2143949370568174,1.1835077010925785,0.030887235964238716
2022-01-26,463,1.5640590859980856,1.5151870888820578,0.048871997116028
2022-01-27,458,1.288826305375913,1.2498540281996247,0.038972277176288324
2022-01-28,463,1.0029775685520863,0.9873300285309592,0.015647540021127084
2022-01-31,465,1.0612008708363674,1.0695945748651177,-0.008393704028750332
2022-02-01,464,1.0734102706313113,1.08056596477556,-0.007155694144248808
2022-02-02,459,0.9934501875057438,0.9911093334983709,0.002340854007372944
2022-02-03,452,1.0911998979708588,1.0905223713955818,0.0006775265752769886
2022-02-04,449,0.9453472495655747,0.9533619438842357,-0.008014694318660986
2022-02-07,446,0.9244514244095715,0.9517829052635678,-0.02733148085399624
2022-02-08,441,0.9315274003927162,0.9494871392369412,-0.01795973884422497
2022-02-09,445,1.1629431242687949,1.200832473228551,-0.037889348959756174
2022-02-10,441,1.198508140093062,1.2360051413746853,-0.037497001281623296
2022-02-11,441,0.9919365598882739,1.0145638995591675,-0.02262733967089361
2022-02-14,445,0.9785881886282803,1.0028519384424406,-0.024263749814160282
2022-02-15,451,1.8181316799320133,1.9222758405183211,-0.10414416058630777
2022-02-16,442,1.4896011687154327,1.594064698239257,-0.1044635295238244
2022-02-17,445,0.9129111593334069,0.9224771207561994,-0.009565961422792375
2022-02-18,439,1.1394996748047745,1.1502056526122901,-0.010705977807515612
2022-02-22,436,1.4918090839579956,1.5185141082904186,-0.026705024332423024
2022-02-23,433,1.6753478335350978,1.6061955794667362,0.06915225406836137
2022-02-24,435,1.3773041453067945,1.3462221949958615,0.031081950310933127
2022-02-25,441,1.7782128326975797,1.812371719478114,-0.034158886780534345
2022-02-28,451,2.443978299138041,2.5180020320480727,-0.07402373291003206
2022-03-01,453,1.7543431585793627,1.8012789580477184,-0.04693579946835565
2022-03-02,440,1.3370836965770394,1.3911036802405312,-0.054019983663491845
2022-03-03,436,1.301558052588498,1.35975370180086,-0.05819564921236215
2022-03-04,442,1.3277314099009119,1.3923763185871962,-0.06464490868628438
2022-03-07,423,1.2254414118012307,1.2249871963305512,0.00045421547067953696
2022-03-08,420,1.1263406504597948,1.0839940555471905,0.04234659491260425
2022-03-09,432,0.9522810342743558,0.9152026778872648,0.03707835638709085
2022-03-10,440,1.1944497276540567,1.120276146209722,0.07417358144433477
2022-03-11,440,1.9445974878236856,1.7603257505645316,0.18427173725915416
2022-03-14,460,1.9818002379540733,1.7825960368879967,0.1992042010660766
2022-03-15,468,1.6458086584021379,1.489976789174042,0.15583186922809594
2022-03-16,471,0.9264797168155138,0.9085567982851782,0.017922918530335723
2022-03-17,470,0.8740349845651317,0.8627441241014556,0.011290860463676076
2022-03-18,471,0.9955946610735499,0.9825735583619581,0.013021102711591721
2022-03-21,474,0.7790026233209794,0.7709249701864983,0.008077653134481047
2022-03-22,474,0.8800913475413231,0.8484771894914228,0.03161415804990028
2022-03-23,457,1.0171507867364011,0.970567011275354,0.04658377546104702
2022-03-24,454,0.8482108845623392,0.8564664672117073,-0.008255582649368069
2022-03-25,452,0.9987080136182568,1.0074283777825463,-0.008720364164289597
2022-03-28,449,0.8484643474203524,0.8653332832978439,-0.016868935877491557
2022-03-29,444,1.2477354056670737,1.3155643283480953,-0.0678289226810215
2022-03-30,463,1.3198163738280648,1.3787084879390785,-0.05889211411101341
2022-03-31,463,1.135088483155048,1.1617396698330738,-0.026651186678025882
2022-04-01,460,1.1526136005108685,1.1810501170638663,-0.028436516552997743
2022-04-04,463,1.3992110481724855,1.4390895411338094,-0.03987849296132395
2022-04-05,466,1.1540412114391243,1.1655157186737963,-0.011474507234671933
2022-04-06,461,0.8259041822323635,0.812720614979606,0.0131835672527574
2022-04-07,470,1.0449809396162715,1.0427055191106192,0.0022754205056523947
2022-04-08,476,1.0263266382632372,1.036561938744999,-0.010235300481761831
2022-04-11,473,0.9014188468434967,0.8676088405130802,0.03381000633041659
2022-04-12,474,1.0762811878493352,1.0319700613853635,0.04431112646397186
2022-04-13,476,1.068296422540657,1.0571789442625161,0.011117478278140918
2022-04-14,476,1.1910532792618114,1.2232683710709413,-0.03221509180913006
2022-04-18,474,1.1290619377375566,1.1620283523616695,-0.032966414624112976
2022-04-19,475,2.158868860596086,2.2741371654102664,-0.11526830481418028
2022-04-20,476,2.305014010164767,2.4412536563240024,-0.1362396461592353
2022-04-21,474,1.3860593687162042,1.4535399462509937,-0.0674805775347898
2022-04-22,464,1.4254865642438417,1.5004767803334589,-0.07499021608961719
2022-04-25,465,1.4794612764099488,1.557385408714256,-0.0779241323043073
2022-04-26,467,1.1471795467665558,1.169440327536598,-0.022260780770042392
2022-04-27,466,1.3975018291854,1.356417424225049,0.04108440496035095
2022-04-28,467,1.5093613491744318,1.562097851264615,-0.05273650209018323
2022-04-29,471,1.38515786275431,1.3859632514295726,-0.0008053886752627652
2022-05-02,464,2.119076356076708,2.188437148734007,-0.0693607926572987
2022-05-03,462,2.121580260973507,2.213857418099394,-0.09227715712588719
2022-05-04,459,3.4571370101685606,3.647530399012075,-0.19039338884351467
2022-05-05,448,2.0414021838875436,2.159986401677023,-0.11858421778947924
2022-05-06,440,1.0494853956453796,1.10646131663735,-0.05697592099197021
2022-05-09,445,0.8839656023944285,0.8842453086459859,-0.0002797062515574168
2022-05-10,440,1.1305476950034852,1.055676543620782,0.07487115138270314
2022-05-11,437,1.1037472349468163,1.0929868338255364,0.010760401121279928
2022-05-12,441,1.1332353615428032,1.1431632952360085,-0.009927933693205427
2022-05-13,454,1.2912439200968073,1.3706981021736775,-0.0794541820768702
2022-05-16,451,1.0949743423249116,1.1407671912111148,-0.045792848886203164
2022-05-17,451,1.6361792301307916,1.7325548511368243,-0.09637562100603257
2022-05-18,457,1.0044943097930912,0.9818259123161579,0.022668397476933427
2022-05-19,460,1.3132454557894389,1.1994148600107333,0.11383059577870576
2022-05-20,447,2.043785072337206,1.7979157825390972,0.24586928979810865
2022-05-23,436,1.250081316866954,1.1353821983377272,0.11469911852922685
2022-05-24,438,1.380942935420251,1.2596402719882387,0.12130266343201218
2022-05-25,424,1.6241798078190492,1.4619905546344742,0.16218925318457503
2022-05-26,431,0.8328078833368786,0.8560250235532139,-0.023217140216335235
2022-05-27,443,0.8833063227458056,0.94899218603572,-0.06568586328991441
2022-05-31,454,0.8275216459506444,0.8400220832613492,-0.012500437310704812
2022-06-01,454,0.7613127115696681,0.7910523897393491,-0.029739678169681052
2022-06-02,453,1.3892089534902372,1.4982913100650859,-0.10908235657484852
2022-06-03,455,1.8042556349813768,1.9458697406051786,-0.14161410562380203
2022-06-06,455,3.5364841810701853,3.7702561421549334,-0.23377196108474815
2022-06-07,436,4.221694010128622,4.467562791559036,-0.24586878143041346
2022-06-08,436,3.1045406553836057,3.33084114367899,-0.2263004882953845
2022-06-09,446,3.7303437291847357,3.9666570700838846,-0.23631334089914896
2022-06-10,444,2.4976390537362696,2.676880479609234,-0.1792414258729641
2022-06-13,444,1.0932025106408045,1.1535539421549568,-0.06035143151415225
2022-06-14,467,1.1545070068103236,1.2055234025738213,-0.0510163957634978
2022-06-15,467,1.4296382069101248,1.4805524976573745,-0.05091429074724966
2022-06-16,470,2.4166747895079093,2.1687431680535187,0.24793162145439032
2022-06-17,472,1.9246220013933675,1.7344776025227309,0.19014439887063664
2022-06-21,475,0.9546124645931975,0.9169207878449657,0.037691676748231914
2022-06-22,459,0.8326446297750799,0.8166176597245343,0.01602697005054556
2022-06-23,449,0.8429888220548322,0.8494572158594861,-0.006468393804654014
2022-06-24,449,1.1921107197335843,1.2318039519507358,-0.03969323221715124
2022-06-27,446,1.0074787001537684,1.0895179049125474,-0.08203920475877907
2022-06-28,443,1.0468963313229092,1.1055129790411504,-0.058616647718241356
2022-06-29,454,0.8398452465386639,0.8388334077523265,0.0010118387863373465
2022-06-30,463,0.8969749305299205,0.8800097345135074,0.01696519601641323
2022-07-01,466,0.7632059512153777,0.8224334317779871,-0.059227480562609305
2022-07-05,470,0.6976385515581673,0.7363179229276128,-0.0386793713694455
2022-07-06,472,0.8194238906966772,0.8578581678011148,-0.03843427710443763
2022-07-07,473,1.229492075792046,1.3118284954599269,-0.08233641966788087
2022-07-08,478,0.8176976452311856,0.8581754114866855,-0.040477766255499883
2022-07-11,477,0.8852059147536514,0.9114533424343398,-0.026247427680688447
2022-07-12,474,1.113333357157932,1.0493106323525685,0.06402272480536349
2022-07-13,473,1.6467261299986198,1.5047169502525013,0.14200917974611857
2022-07-14,473,2.230162075390232,2.002982885684924,0.22717918970530798
2022-07-15,473,1.253917568267043,1.1787909932274905,0.07512657503955233
2022-07-18,475,1.3635596156252148,1.2779679639688455,0.08559165165636927
2022-07-19,476,0.8825053682288005,0.8909553029048228,-0.008449934676022255
2022-07-20,477,0.9896415809514552,0.9699788231675596,0.01966275778389568
2022-07-21,474,1.1972453659932507,1.148297099465268,0.048948266527982724
2022-07-22,461,1.5974737323573283,1.495522511332218,0.10195122102511049
2022-07-25,460,1.4379007483185822,1.3787944873197253,0.05910626099885671
2022-07-26,463,1.6480811450206065,1.5454507391195667,0.10263040590103978
2022-07-27,462,1.4032919781671405,1.3371631588669444,0.06612881930019608
2022-07-28,465,1.141544507974209,1.1243433788332629,0.017201129140946094
2022-07-29,474,1.0411271953179047,1.0444918776301693,-0.0033646823122645713
2022-08-01,470,1.018690266341949,1.0047255503418662,0.013964716000082927
2022-08-02,464,0.9094158730372136,0.9000038170026957,0.009412056034517823
2022-08-03,462,1.003366658723196,0.9694034661048482,0.033963192618347786
2022-08-04,452,1.1519209388992415,1.1003485460842544,0.051572392814987454
2022-08-05,442,1.2876045659743927,1.2068698148424803,0.08073475113191234
2022-08-08,445,1.1638703549818972,1.1026769380126877,0.06119341696920954
2022-08-09,441,1.4202670610847061,1.3228192648546373,0.09744779623006895
2022-08-10,436,0.7983189314849894,0.78106529251251,0.017253638972479435
2022-08-11,438,0.7781720905000328,0.7697217164899324,0.008450374010100438
2022-08-12,450,0.9636799862138858,0.9898902095515881,-0.026210223337702166
2022-08-15,448,1.4908295206884106,1.5607239680194984,-0.06989444733108789
2022-08-16,455,1.682140339630837,1.7622272893673205,-0.08008694973648348
2022-08-17,460,1.2842930566102913,1.324904391445863,-0.04061133483557162
2022-08-18,469,0.9357422884010825,0.9542852472608797,-0.018542958859797096
2022-08-19,468,1.3932161366083955,1.462500776317056,-0.06928463970866057
2022-08-22,468,1.0531491922074778,1.0860601099921798,-0.0329109177847022
2022-08-23,456,1.0720328681166713,1.1291203317524143,-0.05708746363574293
2022-08-24,443,1.4016013181838498,1.4893922639656672,-0.08779094578181734
2022-08-25,434,1.9411527035675424,2.062494711672828,-0.1213420081052856
2022-08-26,434,1.1609552675372865,1.2284390995760897,-0.06748383203880311
2022-08-29,430,1.1140638755173307,1.1829626547897523,-0.06889877927242175
2022-08-30,440,0.7691092118169647,0.7802494997958285,-0.011140287978863824
2022-08-31,439,0.9301079982611933,0.9113996147257032,0.018708383535490102
2022-09-01,449,1.081699559278809,1.023829228778941,0.05787033049986789
2022-09-02,454,1.6061072393256495,1.4968593328307487,0.10924790649490076
2022-09-06,456,0.7890938471186472,0.7648671404543201,0.024226706664327004
2022-09-07,438,0.9145094274134503,0.9259517209983781,-0.011442293584927767
2022-09-08,444,1.1627053682568873,1.2020624890306535,-0.0393571207737664
2022-09-09,446,1.7411717420978856,1.8520672965228555,-0.11089555442496986
2022-09-12,443,1.7799946617450848,1.8871155612076145,-0.10712089946252984
2022-09-13,446,1.201972263120256,1.2573811977984697,-0.05540893467821353
2022-09-14,465,1.5655084066853984,1.6679458310245974,-0.10243742433919917
2022-09-15,474,1.8239813866202852,1.9396574945530058,-0.11567610793272057
2022-09-16,472,1.933997169698608,2.0807273026484627,-0.14673013294985476
2022-09-19,474,2.769539554213376,2.9887083798407343,-0.21916882562735793
2022-09-20,476,2.2348582491413724,2.4226743209589596,-0.1878160718175871
2022-09-21,479,1.1538962695226287,1.221558037810496,-0.06766176828786762
2022-09-22,458,1.2870222443543617,1.3719733718607285,-0.08495112750636687
2022-09-23,453,1.240114057267309,1.2962216933747837,-0.05610763610747473
2022-09-26,451,1.0910129978014,1.0688216167404192,0.022191381060980876
2022-09-27,449,1.8373817418817848,1.7300633559223109,0.10731838595947404
2022-09-28,448,1.2137990093291615,1.1769101173620755,0.036888891967085884
2022-09-29,458,1.4187840290457847,1.3537559836035646,0.06502804544222032
2022-09-30,463,1.1825603918989018,1.1487730619572303,0.033787329941671364
2022-10-03,466,1.0753399552922949,1.1130650284065546,-0.03772507311425944
2022-10-04,468,1.9408568570306266,2.0774235705838064,-0.1365667135531797
2022-10-05,468,1.97095958288329,2.1111665816910437,-0.14020699880775375
2022-10-06,476,1.2038901541182145,1.249335534292444,-0.045445380174229444
2022-10-07,477,1.1492924096449926,1.191043954475623,-0.04175154483063055
2022-10-10,476,0.8621392746125489,0.8427995836438401,0.01933969096870874
2022-10-11,475,1.0952439643381227,1.0175525375330503,0.07769142680507216
2022-10-12,477,1.0935983361365624,1.027731291494605,0.06586704464195739
2022-10-13,476,0.9482308066475634,0.9673354259700924,-0.01910461932252884
2022-10-14,478,1.484584827397353,1.3797837423526764,0.10480108504467638
2022-10-17,479,1.1895910557912575,1.131828717981942,0.05776233780931564
2022-10-18,480,1.2206589108955177,1.1547945919290146,0.06586431896650317
2022-10-19,478,1.5022945826566412,1.3895706834037356,0.11272389925290559
2022-10-20,482,1.963751258047916,1.796263121466187,0.1674881365817287
2022-10-21,475,2.0266273988308767,1.860380437366904,0.16624696146397283
2022-10-24,465,1.564468893725545,1.465974157283037,0.09849473644250807
2022-10-25,464,1.337143325212505,1.289676798448475,0.04746652676403027
2022-10-26,466,1.2522033580091678,1.2639901961128628,-0.011786838103695003
2022-10-27,462,1.4063342134557675,1.4247444227151862,-0.01841020925941873
2022-10-28,462,1.4952561619677593,1.537821074390591,-0.04256491242283162
2022-10-31,469,1.3834976856806998,1.4003240145800206,-0.016826328899321234
2022-11-01,468,1.3270924913777722,1.3373754168294076,-0.010282925451635677
2022-11-02,450,1.2102766428198417,1.213877638253229,-0.0036009954333873643
2022-11-03,445,2.5278723254763364,2.3029073380490055,0.22496498742733084
2022-11-04,453,2.4512291735752907,2.380391844895944,0.0708373286793471
2022-11-07,441,1.8036832570553063,1.7718141031142987,0.03186915394100791
2022-11-08,437,1.942048526282926,1.9059580114132701,0.036090514869655824
2022-11-09,445,1.9827212021348233,1.9456787541473692,0.0370424479874543
2022-11-10,442,0.8636595306964557,0.9021617865618127,-0.03850225586535691
2022-11-11,438,0.9979469206178931,1.0184933411188806,-0.020546420500987313
2022-11-14,447,0.9500219883643265,0.9885068787731227,-0.038484890408796144
2022-11-15,447,1.0042897749615185,1.0398076566278713,-0.03551788166635271
2022-11-16,451,0.8770484240641757,0.9412310458418677,-0.06418262177769198
2022-11-17,460,0.9484077347188224,1.0035582689233966,-0.055150534204574046
2022-11-18,463,0.6813304302506692,0.7596536882758117,-0.07832325802514249
2022-11-21,459,0.6823214175650115,0.7620166051152399,-0.07969518755022843
2022-11-22,443,0.807307518835452,0.8720080282382301,-0.06470050940277795
2022-11-23,433,0.7534129119147095,0.8281987523880269,-0.07478584047331731
2022-11-25,435,0.7923766680204356,0.852906795769994,-0.06053012774955842
2022-11-28,434,0.8211032901907579,0.8786976728150411,-0.05759438262428317
2022-11-29,438,0.9142578434022292,0.9463336037222971,-0.03207576032006802
2022-11-30,457,1.281345326077803,1.2350291654216243,0.046316160656178766
2022-12-01,457,1.1571927127104347,1.1330898519325805,0.02410286077785428
2022-12-02,458,1.2193999417974841,1.1809593700965195,0.038440571700964724
2022-12-05,459,0.7775754140289245,0.8352395744073446,-0.0576641603784202
2022-12-06,458,0.9505215863733899,0.9926658659255245,-0.04214427955213464
2022-12-07,443,0.8839345999639673,0.9317660699648151,-0.04783147000084793
2022-12-08,447,0.8935941328572223,0.9179349258057955,-0.02434079294857314
2022-12-09,443,0.9134220873754074,0.9242674367886712,-0.010845349413263636
2022-12-12,439,1.4387413371954354,1.3581266826380456,0.08061465455739003
2022-12-13,443,1.6054462553190085,1.4866381103768718,0.11880814494213678
2022-12-14,457,1.1187535328539175,1.0866214675365657,0.032132065317351806
2022-12-15,469,0.8593817687013919,0.8685098857012329,-0.0091281169998409
2022-12-16,474,0.7187076578372421,0.7669958311268502,-0.048288173289607966
2022-12-19,476,0.7748864758325968,0.8293776616140126,-0.05449118578141577
2022-12-20,478,0.7170053263458066,0.7624832958473561,-0.04547796950154948
2022-12-21,463,0.6342172760884894,0.6955042287175088,-0.06128695262901938
2022-12-22,449,0.595322726064798,0.6657546072461424,-0.07043188118134447
2022-12-23,450,0.7179060861113981,0.7665976456948702,-0.0486915595834721
2022-12-27,450,0.9190246318253159,0.9472418418913714,-0.028217210066055397
2022-12-28,442,1.0200642701825149,1.0428146489361456,-0.022750378753630705
2022-12-29,459,1.0890720886162593,1.1208857329918904,-0.03181364437563102
2022-12-30,466,1.2122946891070514,1.2387119626663747,-0.02641727355932321
2023-01-03,467,1.3630974946087449,1.3924446669737613,-0.029347172365016327
2023-01-04,469,1.193962706337228,1.231349292192364,-0.0373865858551361
2023-01-05,472,1.772285708867502,1.7769907050138962,-0.004704996146394531
2023-01-06,471,1.2259166946611573,1.2525959307715768,-0.02667923611041956
2023-01-09,477,1.0658545384583231,1.1016881160399628,-0.035833577581639645
2023-01-10,477,0.923781056023283,0.9570990322887241,-0.033317976265441064
2023-01-11,470,1.0388501285227707,1.0245021728204844,0.01434795570228613
2023-01-12,472,0.8635022435906858,0.8896594716820709,-0.026157228091385005
2023-01-13,476,0.9153445794151507,0.9463279714586784,-0.0309833920435277
2023-01-17,473,0.7633575865173784,0.8075555102113972,-0.04419792369401871
2023-01-18,472,0.8839319164274169,0.9285289424043994,-0.04459702597698257
2023-01-19,478,1.3168475892220386,1.3573088904302746,-0.04046130120823606
2023-01-20,482,1.0425935225850684,1.0746217914202087,-0.03202826883514023
2023-01-23,475,0.8133538574834958,0.8345173158298786,-0.021163458346382977
2023-01-24,472,0.9078370638373026,0.9399933215694057,-0.032156257732103115
2023-01-25,472,1.1951625048864594,1.2220905744822401,-0.02692806959578066
2023-01-26,470,1.6155631961019574,1.6134456334448064,0.002117562657150942
2023-01-27,466,1.1586715919450024,1.17870764026164,-0.020036048316637627
2023-01-30,467,1.1091473327275576,1.1294436041465994,-0.02029627141904183
2023-01-31,471,0.9716790519039621,1.0047425914223176,-0.03306353951835545
2023-02-01,466,0.9137500649618692,0.9282610916528746,-0.0145110266910055
2023-02-02,456,1.280570525504463,1.2262098155623726,0.054360709942090295
2023-02-03,455,1.0375594700720778,1.0261332167201003,0.011426253351977542
2023-02-06,456,0.8168417536316535,0.856392035428792,-0.03955028179713858
2023-02-07,448,0.84433602449414,0.8649586777085609,-0.02062265321442088
2023-02-08,447,0.8507464178895296,0.8892856554086113,-0.03853923751908157
2023-02-09,447,0.7907262597483001,0.8303716263141209,-0.0396453665658208
2023-02-10,443,0.8062076031752636,0.8375814949098027,-0.0313738917345391
2023-02-13,445,1.1098944378687796,1.0750998981277355,0.034794539741044135
2023-02-14,452,1.121002711507165,1.0881248640135448,0.03287784749362013
2023-02-15,445,1.1802125039154168,1.1432020933194706,0.03701041059594612
2023-02-16,452,1.1862725923818966,1.147964347954525,0.038308244427371546
2023-02-17,447,1.107145787049586,1.082661312663376,0.0244844743862099
2023-02-21,435,0.8758123293589596,0.898577436155782,-0.022765106796822348
2023-02-22,435,0.9468640725214125,0.9604192193283524,-0.013555146806939828
2023-02-23,437,0.8086146982274235,0.8301712743602503,-0.02155657613282675
2023-02-24,437,0.8806399867804124,0.9240390016925639,-0.04339901491215152
2023-02-27,447,0.7589374032807207,0.8053553225756165,-0.046417919294895825
2023-02-28,456,0.7844273328896615,0.8145515919631456,-0.03012425907348405
2023-03-01,454,0.7632490735639665,0.7996588287093475,-0.03640975514538097
2023-03-02,442,0.9925051582967461,0.9872538660490646,0.00525129224768155
2023-03-03,445,1.9314309336743714,1.8135748151964959,0.11785611847787555
2023-03-06,448,2.1339829053803907,2.017202464180527,0.11678044119986351
2023-03-07,427,1.4681229445083301,1.419210567530962,0.048912376977367875
2023-03-08,431,2.0268894404653914,1.922046988540497,0.10484245192489436
2023-03-09,439,1.3298098616526324,1.2968799688645702,0.032929892788062
2023-03-10,438,1.3727221647675603,1.3494382814429726,0.02328388332458757
2023-03-13,438,0.8877566619740993,0.9100781338317023,-0.02232147185760303
2023-03-14,462,0.7745630814817763,0.8036609469616632,-0.02909786547988692
2023-03-15,461,0.8225361903302709,0.8432223983839836,-0.020686208053712744
2023-03-16,473,0.9436932990346936,0.934496051138642,0.00919724789605167
2023-03-17,477,0.722783311638402,0.7585728098716298,-0.03578949823322775
2023-03-20,479,0.682484676549856,0.7159179368681448,-0.033433260318288666
2023-03-21,481,0.7646834593281179,0.7757573824364498,-0.0110739231083319
2023-03-22,484,0.9015512319184327,0.9368536588682929,-0.03530242694986016
2023-03-23,465,1.078839902673373,1.1020430301922817,-0.02320312751890857
2023-03-24,458,1.2489127432705875,1.2757794819204764,-0.026866738649889036
2023-03-27,457,1.0876563534856247,1.1258970455022108,-0.03824069201658597
2023-03-28,455,0.9284999029443993,0.9602325355797205,-0.0317326326353212
2023-03-29,447,0.8929980679286347,0.9075955849046039,-0.01459751697596925
2023-03-30,458,0.9111297635829827,0.9223949536945057,-0.011265190111523063
2023-03-31,464,0.8660585467924329,0.8754810192341437,-0.009422472441710746
2023-04-03,465,0.7921189934299361,0.8066601149542162,-0.014541121524280094
2023-04-04,468,0.7156108108838489,0.745756227478962,-0.030145416595112946
2023-04-05,468,0.7035533959172641,0.7445318614485767,-0.04097846553131264
2023-04-06,477,0.7495833057043049,0.7862161565148176,-0.03663285081051265
2023-04-10,478,0.723224715889766,0.7604353450974112,-0.03721062920764516
2023-04-11,478,0.7214075579852003,0.7556966548615827,-0.03428909687638231
2023-04-12,479,0.7708273208860266,0.7996793463030875,-0.028852025417060893
2023-04-13,479,0.818868209072703,0.8361188512739428,-0.017250642201239706
2023-04-14,480,0.807805049265189,0.8216066929364818,-0.013801643671292739
2023-04-17,480,0.7820120198398456,0.7990302433547173,-0.01701822351487164
2023-04-18,475,1.1105695276686274,1.0735947426336723,0.03697478503495516
2023-04-19,474,1.208754941236529,1.156183215339033,0.052571725897496056
2023-04-20,477,0.9629052306731952,0.9527512468648138,0.010153983808381319
2023-04-21,466,0.8871042474931844,0.8926412628496779,-0.005537015356493578
2023-04-24,466,0.9026435106444247,0.8980227238361415,0.004620786808283123
2023-04-25,469,1.0043445758969605,1.0118297284430966,-0.007485152546136242
2023-04-26,468,1.1285742511401569,1.1374866727751602,-0.008912421635003383
2023-04-27,464,1.2113706904009909,1.1803052821939612,0.031065408207029518
2023-04-28,470,1.0976972572701613,1.0808308023668267,0.01686645490333452
2023-05-01,468,1.1257091608131764,1.1125411497824227,0.013168011030753638
2023-05-02,463,1.0466293719278854,1.0576543939985186,-0.011025022070633052
2023-05-03,461,1.0691969011253137,1.08883352503323,-0.01963662390791625
2023-05-04,455,0.9709103860939919,0.9985672398799177,-0.02765685378592575
2023-05-05,447,0.9459932693105525,0.9521722573311121,-0.006178988020559562
2023-05-08,447,0.8453110830632583,0.8665991277312741,-0.02128804466801586
2023-05-09,448,0.9939396677020925,0.9890390118965368,0.004900655805555701
2023-05-10,445,0.9163367755429939,0.9248881202351484,-0.00855134469215449
2023-05-11,446,1.0327730224292033,1.0507819177351134,-0.018008895305910187
2023-05-12,454,1.0086095194419098,1.0241457365085733,-0.015536217066663709
2023-05-15,452,0.8864231831634841,0.9062872985446345,-0.019864115381150297
2023-05-16,452,0.9560213390050479,0.9672830305996638,-0.011261691594615843
2023-05-17,456,0.8861995593850766,0.8900781201272877,-0.003878560742211184
2023-05-18,460,1.0957346425476582,1.0801963101020875,0.015538332445570555
2023-05-19,455,1.1937605005244007,1.1906323545262232,0.0031281459981775325
2023-05-22,450,1.2847183893399092,1.271867779550005,0.012850609789903938
2023-05-23,437,1.1512684938192435,1.1450833407797796,0.006185153039463592
2023-05-24,424,1.2027647079128403,1.2204468375692001,-0.01768212965636003
2023-05-25,430,1.0988786570952473,1.1277321293784588,-0.02885347228321148
2023-05-26,439,0.8586802406196811,0.8837026038684499,-0.025022363248768827
2023-05-30,444,0.9993364607868581,1.0353875114306887,-0.03605105064383063
2023-05-31,458,1.475254575425064,1.5009556196574598,-0.025701044232395776
2023-06-01,458,1.2350405151210948,1.2580234027136528,-0.022982887592557885
2023-06-02,459,0.7766449306118823,0.7939021944291891,-0.017257263817306863
2023-06-05,461,0.9130348842543937,0.9358396842199652,-0.02280479996557133
2023-06-06,459,0.9337813815854962,0.9564082624191492,-0.02262688083365293
2023-06-07,440,0.9530476614675133,0.9758703441069536,-0.022822682639440445
2023-06-08,442,0.9885797417234672,1.025885516411215,-0.03730577468774792
2023-06-09,440,1.0429278647400564,1.0661381979782163,-0.02321033323815978
2023-06-12,437,0.8060406860346424,0.8241723932832641,-0.018131707248621724
2023-06-13,441,0.757191975557323,0.7717795511936903,-0.014587575636367527
2023-06-14,461,0.7566209650749506,0.7635732455371725,-0.006952280462222133
2023-06-15,472,0.9846823235320551,0.9554849671389153,0.02919735639313969
2023-06-16,476,0.8535649091279003,0.8358204016008858,0.017744507527014522
2023-06-20,479,0.7284095237191209,0.7438745832613798,-0.015465059542258859
2023-06-21,482,0.7587753628673461,0.7720562613205861,-0.013280898453239924
2023-06-22,465,0.8204529104066954,0.8391023066125225,-0.018649396205827132
2023-06-23,459,1.060648056268791,1.0913664730882608,-0.03071841681946981
2023-06-26,455,1.0066286704800844,1.034839374255928,-0.02821070377584369
2023-06-27,452,0.7109002947192918,0.7329000908011438,-0.02199979608185206
2023-06-28,443,0.6751062211452249,0.6847519272259832,-0.009645706080758413
2023-06-29,455,0.6845481614359822,0.6855045569530073,-0.0009563955170250791
2023-06-30,461,0.6764938808842811,0.6786309785424846,-0.0021370976582035417
2023-07-03,465,0.7037858339988364,0.7104886481416438,-0.0067028141428072665
2023-07-05,466,0.8466298337299522,0.8634892473605761,-0.016859413630623935
2023-07-06,470,1.2254365710472654,1.2560998207221479,-0.030663249674882376
2023-07-07,475,0.9759570283003229,1.0092634158149645,-0.03330638751464165
2023-07-10,478,0.8697138826229975,0.8988542015035702,-0.02914031888057267
2023-07-11,479,0.8598402750386709,0.8790497905626392,-0.019209515523968223
2023-07-12,479,0.8413085743521845,0.854655258942473,-0.013346684590288474
2023-07-13,476,0.8374647282265116,0.8382835364766984,-0.00081880825018674
2023-07-14,480,0.8802224158346426,0.8878715524989385,-0.0076491366642959645
2023-07-17,478,0.9912536141049804,0.9882740132475305,0.0029796008574498787
2023-07-18,476,0.9037343598496996,0.9058334315497294,-0.0020990717000298072
2023-07-19,475,0.8870501314932965,0.8889726942490711,-0.0019225627557746274
2023-07-20,480,0.9120299641893576,0.9140314349078419,-0.002001470718484293
2023-07-21,470,0.980487512003267,0.9875869871869719,-0.007099475183704851
2023-07-24,464,0.9703168336339497,0.9807752359982812,-0.010458402364331376
2023-07-25,465,0.9836610678062278,0.9905822029585666,-0.006921135152338819
2023-07-26,467,1.0542599119049232,1.0389242003439458,0.015335711560977438
2023-07-27,465,0.9916058974579599,0.9808977226913305,0.010708174766629362
2023-07-28,467,1.1439208988572223,1.1203104416956688,0.0236104571615535
2023-07-31,469,1.1455267978558012,1.133628569515528,0.011898228340273202
2023-08-01,466,1.1921975243204603,1.174027851291365,0.018169673029095428
2023-08-02,459,1.0552205710933278,1.0497619292562708,0.005458641837057016
2023-08-03,452,0.9985640100531481,0.9955112355733104,0.0030527744798376343
2023-08-04,453,0.9023498274526248,0.9089851793782666,-0.0066353519256417744
2023-08-07,449,0.8887945054180796,0.8895354053465031,-0.0007408999284234159
2023-08-08,446,0.9161123358700302,0.9111955918810969,0.004916743988933222
2023-08-09,445,0.932997616200898,0.9166954667025152,0.016302149498382823
2023-08-10,442,1.0566175727222316,1.0276449552209146,0.028972617501316987
2023-08-11,442,1.0178525952313038,0.9891284772908516,0.028724117940452355
2023-08-14,449,1.0374377757735829,1.0123705643272345,0.025067211446348256
2023-08-15,451,0.8762163835787259,0.866095051019295,0.010121332559431049
2023-08-16,457,0.7202476331104607,0.7288161550054137,-0.008568521894953107
2023-08-17,467,0.6629035655451738,0.6689324810022758,-0.00602891545710201
2023-08-18,467,0.6619540893680426,0.6733471336017981,-0.011393044233755444
2023-08-21,467,0.658273786952089,0.6716811262651714,-0.01340733931308236
2023-08-22,469,0.8154128401557551,0.8382799236154804,-0.022867083459725365
2023-08-23,458,0.7063012219927631,0.7229043278290558,-0.01660310583629272
2023-08-24,435,0.9304421504536186,0.9574044525980775,-0.026962302144458945
2023-08-25,435,0.9662544648785243,1.0001617217651981,-0.03390725688667391
2023-08-28,430,0.8620934245991096,0.8814614148071527,-0.019367990208043147
2023-08-29,427,0.8841052399640811,0.8895762418692454,-0.005471001905164322
2023-08-30,424,0.9617078584717038,0.9502598162430151,0.011448042228688603
2023-08-31,449,0.9076522514131679,0.8939110653505101,0.013741186062657746
2023-09-01,456,0.9281399644998708,0.9093405952585097,0.01879936924136102
2023-09-05,457,0.852715368164099,0.8318111631380176,0.020904205026081393
2023-09-06,460,0.8828331006633975,0.8654871765261547,0.017345924137242657
2023-09-07,449,0.8354851048467489,0.8285491718325315,0.006935933014217466
2023-09-08,446,0.8171215565354507,0.7945236044509684,0.022597952084482276
2023-09-11,442,0.8061004894142476,0.7859315075391657,0.020168981875081926
2023-09-12,448,0.715532970819748,0.7008820535859134,0.01465091723383462
2023-09-13,448,0.7205259317866634,0.700460991467522,0.020064940319141293
2023-09-14,472,1.2201683104908045,1.1701175475843009,0.05005076290650338
2023-09-15,474,1.0880641401867737,1.0514634722013638,0.03660066798540959
2023-09-18,475,0.9982652779402005,0.966548411371469,0.03171686656873151
2023-09-19,474,1.2475454742419894,1.1956433336573349,0.05190214058465458
2023-09-20,476,1.1714494178893133,1.1245933052476906,0.04685611264162275
2023-09-21,458,0.8597577350704863,0.8482715853434454,0.01148614972704087
2023-09-22,455,0.7989676036709439,0.7831382695605705,0.015829334110373315
2023-09-25,455,1.0583549576638425,1.0304175193803116,0.02793743828353088
2023-09-26,455,0.9134687718892077,0.8867194326135156,0.02674933927569206
2023-09-27,454,0.8698553427822397,0.8522520762403857,0.01760326654185413
2023-09-28,462,0.9780074470482294,0.9525403333255162,0.02546711372271312
2023-09-29,461,0.8889220393964745,0.8765439477894036,0.012378091607070872
2023-10-02,464,0.8424192119516496,0.847783620634229,-0.005364408682579233
2023-10-03,465,0.9791490222666674,1.007601503482726,-0.02845248121605828
2023-10-04,462,1.0540108822631722,1.0737413034439787,-0.019730421180806305
2023-10-05,471,0.9933680838100255,1.0085881435964836,-0.015220059786458202
2023-10-06,477,0.8851781093632903,0.8794363332939796,0.005741776069310565
2023-10-09,475,0.7691743427817795,0.7704789271395034,-0.0013045843577238223
2023-10-10,476,0.7840540620222207,0.784419978710589,-0.0003659166883682859
2023-10-11,481,1.0137976412024676,0.9933738659759371,0.020423775226530525
2023-10-12,480,1.0625519925781772,1.0359333590169106,0.026618633561266765
2023-10-13,479,1.056613462089535,1.0194354058372,0.037178056252335175
2023-10-16,480,1.440734293976668,1.3801062578848589,0.06062803609180918
2023-10-17,478,1.3938194837357163,1.3350897765153913,0.05872970722032506
2023-10-18,477,1.2918532929504736,1.24151635599799,0.05033693695248361
2023-10-19,480,1.1712765003099286,1.1264991060409995,0.04477739426892905
2023-10-20,482,1.1663672014086865,1.1379553620850351,0.028411839323651454
2023-10-23,476,1.0942828211820006,1.0696923888541858,0.024590432327814635
2023-10-24,465,1.0292039884183175,1.0149831317690594,0.014220856649258056
2023-10-25,466,1.1120801233863453,1.1162104731130411,-0.004130349726696034
2023-10-26,464,1.369473315468212,1.3912250099517696,-0.02175169448355756
2023-10-27,461,2.1756657132076502,2.197526787338853,-0.021861074131203043
2023-10-30,463,1.6935690764171565,1.714443125772459,-0.02087404935530275
2023-10-31,472,1.4761055517388995,1.50104706071726,-0.024941508978360397
2023-11-01,467,1.3630776459825555,1.3857760688007168,-0.0226984228181611
2023-11-02,458,1.0115291536676612,1.028563550717825,-0.01703439705016388
2023-11-03,454,1.024754808620453,1.030854476852986,-0.006099668232532835
2023-11-06,453,0.9416167668746269,0.9511423687050358,-0.00952560183040892
2023-11-07,440,1.0530484367988218,1.0767017462899382,-0.02365330949111647
2023-11-08,438,1.109945147414637,1.1264550170552463,-0.016509869640609236
2023-11-09,432,1.3093719153293497,1.3166709707611857,-0.007299055431835825
2023-11-10,435,1.1158234159920815,1.1211092651627401,-0.0052858491706587315
2023-11-13,433,1.3159125535919838,1.3078999777400886,0.008012575851895248
2023-11-14,445,0.7165507358428791,0.74319608115273,-0.02664534530985099
2023-11-15,443,0.6848101624571015,0.7106478554798618,-0.025837693022760327
2023-11-16,457,0.6621522140565627,0.6912777042079418,-0.029125490151379087
2023-11-17,459,0.63623904513494,0.663993533398462,-0.027754488263522007
2023-11-20,466,0.6341794744852126,0.6572403579928483,-0.023060883507635712
2023-11-21,459,0.7284979517487739,0.7510018570698652,-0.02250390532109126
2023-11-22,434,0.7859312502613753,0.8093511888908871,-0.023419938629511843
2023-11-24,436,1.018799529738367,1.0327147986914442,-0.013915268953077271
2023-11-27,438,1.1322419274658782,1.1381794953838185,-0.005937567917940265
2023-11-28,431,1.00721564368469,1.0169283631429307,-0.009712719458240565
2023-11-29,439,0.9469724746223392,0.9513037385928782,-0.00433126397053907
2023-11-30,455,0.9697966107603101,0.9705287617164488,-0.0007321509561385676
2023-12-01,456,0.7849423410390635,0.7898209387556318,-0.004878597716568293
2023-12-04,456,0.7459559387852169,0.7721814834487939,-0.026225544663576943
2023-12-05,458,0.8988287054752127,0.9324866573564279,-0.03365795188121525
2023-12-06,458,1.236860286342805,1.2697091062345192,-0.03284881989171412
2023-12-07,450,1.685729896924286,1.7080407430643127,-0.02231084614002694
2023-12-08,445,1.402209131376135,1.4284366375904167,-0.026227506214281694
2023-12-11,441,1.1816958498462884,1.198876186793679,-0.017180336947390684
2023-12-12,444,1.4146004743103315,1.4345105384939567,-0.019910064183625186
2023-12-13,442,0.9494051167325023,0.9454981212818763,0.003906995450625988
2023-12-14,467,0.719021736654281,0.7275706808078739,-0.00854894415359286
2023-12-15,475,0.6587587604402775,0.6819817064252007,-0.023222945984923297
2023-12-18,479,0.6721236413774095,0.7003782114287346,-0.02825457005132499
2023-12-19,476,0.6286320518904399,0.6485749488603751,-0.01994289696993523
2023-12-20,462,0.765570233110212,0.7935487032272831,-0.027978470117071094
2023-12-21,450,0.5820174412909785,0.6029183813291964,-0.020900940038217856
2023-12-22,448,0.7023700901407368,0.710379468393924,-0.008009378253187106
2023-12-26,448,0.9715352228649999,0.9447877049728497,0.026747517892150355
2023-12-27,446,1.0252145693700865,0.9978568362388154,0.02735773313127117
2023-12-28,465,1.0331839279575759,1.0005657310644553,0.03261819689312064
2023-12-29,475,0.8251375574428667,0.8184396627830054,0.0066978946598612536
2024-01-02,471,0.7506288437118758,0.749546230883169,0.0010826128287068264
2024-01-03,472,0.8242349008369304,0.8454796512942437,-0.021244750457313277
2024-01-04,476,0.8367121675602274,0.8612854856238515,-0.02457331806362411
2024-01-05,472,0.8790230632614002,0.899012270137078,-0.019989206875677634
2024-01-08,473,0.9655213946020021,0.9536485838413326,0.011872810760669587
2024-01-09,478,0.9536102825349223,0.9317532544007819,0.02185702813414022
2024-01-10,472,0.9287676563083731,0.914604708334919,0.014162947973454009
2024-01-11,471,0.8512013210578717,0.8674228860590034,-0.01622156500113179
2024-01-12,475,0.9108951677929155,0.9298641211664466,-0.018968953373531067
2024-01-16,474,0.888520373946809,0.9117210720541045,-0.02320069810729551
2024-01-17,474,1.0055255947378667,1.0370548863735956,-0.031529291635728755
2024-01-18,480,0.9946130018322046,1.0244753935172166,-0.029862391685012108
2024-01-19,485,0.8505747831033353,0.8647624893062115,-0.01418770620287611
2024-01-22,485,0.7977491893898868,0.8099025448636225,-0.012153355473735632
2024-01-23,480,0.8228410721048368,0.8428278026992205,-0.019986730594383693
2024-01-24,472,0.8077525532457526,0.8067094285694791,0.001043124676273414
2024-01-25,469,0.9114692851072446,0.9170303305227578,-0.005561045415513283
2024-01-26,464,0.9701357954563455,0.9834361855252509,-0.013300390068905429
2024-01-29,462,1.06806591179157,1.0604789924140514,0.007586919377518592
2024-01-30,467,1.014969288913399,1.011270422116563,0.0036988667968360454
2024-01-31,472,1.1090108840720794,1.135598376187138,-0.026587492115058824
2024-02-01,464,1.1445578362787656,1.1517072089009024,-0.007149372622136862
2024-02-02,464,1.0325709906394753,1.0404465695362204,-0.007875578896745138
2024-02-05,465,1.0500110995183385,1.0734544061988487,-0.023443306680510326
2024-02-06,463,0.8773797220353526,0.8785925993914434,-0.0012128773560908003
2024-02-07,457,0.9376389509910668,0.9502606236706087,-0.01262167267954192
2024-02-08,450,0.9399465302316172,0.9492556253168543,-0.009309095085237085
2024-02-09,442,0.921642342881131,0.9082309867702083,0.013411356110922654
2024-02-12,436,0.848450148006474,0.8426205733168515,0.005829574689622455
2024-02-13,436,0.9581785263530872,0.9262279575517295,0.03195056880135775
2024-02-14,434,0.8927892165365736,0.870321988736923,0.022467227799650477
2024-02-15,446,0.7707158103843401,0.7477225443068883,0.02299326607745179
2024-02-16,454,0.7983797696942682,0.7864711411567805,0.011908628537487613
2024-02-20,460,0.9198822050019684,0.9085343170396674,0.011347887962300976
2024-02-21,454,1.024475674241885,1.0190776898974745,0.0053979843444104045
2024-02-22,443,0.9202676615631376,0.8994523453594319,0.020815316203705646
2024-02-23,441,1.008454543395222,0.9937301238757057,0.014724419519516082
2024-02-26,442,1.117733406859216,1.088599823873751,0.029133582985464757
2024-02-27,436,1.0063691280956815,0.9803411441814145,0.0260279839142669
2024-02-28,441,1.0299182401891793,0.9944606937224649,0.03545754646671428
2024-02-29,440,1.006088995947137,0.9787351042338646,0.027353891713272467
2024-03-01,442,0.8441630286952218,0.8057126153275654,0.03845041336765627
2024-03-04,445,0.8431277723488838,0.8072599009520673,0.03586787139681647
2024-03-05,445,0.8384407974056444,0.8080908883277926,0.03034990907785179
2024-03-06,446,0.8493945096256745,0.8214803528885467,0.027914156737127816
2024-03-07,436,0.8946212341753399,0.892041929715168,0.002579304460171707
2024-03-08,440,0.8703449819110111,0.8721140080718683,-0.001769026160857301
2024-03-11,436,0.875342776084912,0.8797786513533689,-0.004435875268456875
2024-03-12,443,0.8399905781392139,0.8380085954526197,0.001981982686594037
2024-03-13,441,0.7240481415355966,0.7028323138803841,0.021215827655212405
2024-03-14,473,0.9050497656964339,0.8855212709085388,0.01952849478789511
2024-03-15,473,0.7968959153110307,0.7744040011274631,0.02249191418356754
2024-03-18,478,0.7683383472838657,0.7347931267933673,0.03354522049049845
2024-03-19,479,0.7505009214047706,0.720072322362702,0.030428599042068592
2024-03-20,460,0.7203598814673626,0.6727121941251408,0.04764768734222179
2024-03-21,454,0.6758841489189162,0.6233190526677584,0.05256509625115777
2024-03-22,454,0.686130323522101,0.6339259058137275,0.052204417708373495
2024-03-25,452,0.7081040918743339,0.6678011697965234,0.04030292207781064
2024-03-26,449,0.7741552463698551,0.7358276136298153,0.03832763274003983
2024-03-27,468,0.9411671183254815,0.9594520357386405,-0.018284917413158817
2024-03-28,474,0.9298921269865718,0.9487728650476586,-0.018880738061086713
2024-04-01,473,0.7472230991191697,0.7351182944515853,0.012104804667584386
2024-04-02,468,0.6974624707190674,0.6637984192516239,0.03366405146744352
2024-04-03,470,0.7872285279274902,0.7786573495424929,0.008571178384997288
2024-04-04,473,0.7509548015339944,0.7289547344734041,0.022000067060590472
2024-04-05,468,0.999410917976904,1.023005015624729,-0.02359409764782516
2024-04-08,470,1.2660294795982576,1.3326555943591865,-0.066626114760929
2024-04-09,477,1.5122608903867916,1.6291988439839484,-0.11693795359715695
2024-04-10,478,1.1559730918253137,1.2008389510679958,-0.04486585924268216
2024-04-11,476,1.2936089038510297,1.345219394508604,-0.0516104906575744
2024-04-12,479,1.1181677628089028,1.1232477576717925,-0.005079994862889977
2024-04-15,480,0.9447381579322175,0.9070847798848685,0.03765337804734911
2024-04-16,476,1.0515992955392384,0.9989143435794682,0.05268495195977029
2024-04-17,475,0.9912182787459342,0.9431970806861489,0.04802119805978528
2024-04-18,479,0.9533432705266972,0.9206260926894233,0.032717177837273834
2024-04-19,482,1.10260403738203,1.0915663599821388,0.011037677399891244
2024-04-22,477,1.1169282678794583,1.0937174319989986,0.02321083588045998
2024-04-23,472,1.046543943013158,1.0587920505539004,-0.012248107540742346
2024-04-24,471,1.0488599054862657,1.0625471379815405,-0.01368723249527474
2024-04-25,470,1.06280605144334,1.0667778257271139,-0.00397177428377386
2024-04-26,464,1.052380350299711,1.0505657763527194,0.0018145739469917445
2024-04-29,466,1.0432947400301604,1.0445036957089735,-0.001208955678812965
2024-04-30,471,1.1466293399537748,1.1285639727284862,0.01806536722528845
2024-05-01,472,1.033505735578367,1.0024935486029134,0.031012186975453535
2024-05-02,461,0.9922840696356001,0.9664187268081703,0.02586534282742973
2024-05-03,457,0.932763671042777,0.9061542281086254,0.026609442934151573
2024-05-06,457,0.803678443279518,0.769206769391737,0.03447167388778098
2024-05-07,450,0.7856905270479215,0.7461615423781667,0.03952898466975486
2024-05-08,442,0.9482533690570053,0.9130363742699975,0.03521699478700774
2024-05-09,439,0.7735317875886341,0.7392215032792445,0.03431028430938942
2024-05-10,442,0.761478249655357,0.7269589897268117,0.034519259928545265
2024-05-13,442,0.8016417292825361,0.7750373919842072,0.026604337298328867
2024-05-14,449,0.7339663143788481,0.7091561523669101,0.024810162011938003
2024-05-15,456,0.8125634213879114,0.8098324017073343,0.002731019680577059
2024-05-16,461,0.946171929386572,0.9727993976784113,-0.026627468291839266
2024-05-17,461,0.9874738937279505,1.0108722881587406,-0.023398394430790198
2024-05-20,465,1.0904361632286006,1.1207351669332972,-0.030299003704696816
2024-05-21,466,1.251684904465215,1.319034410384901,-0.06734950591968601
2024-05-22,463,1.1395012755771365,1.1738617220726415,-0.034360446495505036
2024-05-23,456,0.8901690837944927,0.8610064147769025,0.029162669017590164
2024-05-24,448,0.9648954970342739,0.9541681653711022,0.010727331663171745
2024-05-28,441,1.0115887570767212,0.9969912619717658,0.01459749510495564
2024-05-29,441,0.9444216341056784,0.9103223249842575,0.03409930912142087
2024-05-30,443,0.8622259545607333,0.8357694317702501,0.026456522790483123
2024-05-31,443,0.8468433298823075,0.8476211083168435,-0.0007777784345359635
2024-06-03,448,0.7522798758666654,0.7409819627629176,0.011297913103747953
2024-06-04,454,0.8005092013516182,0.7965931832237383,0.003916018127879989
2024-06-05,452,0.7966904260289706,0.7880122886701922,0.008678137358778195
2024-06-06,453,0.8953718270303913,0.8877971376286089,0.007574689401782477
2024-06-07,442,0.9093509749243351,0.9134847983567781,-0.004133823432443073
2024-06-10,443,0.8678876333970621,0.8655322715937205,0.0023553618033414535
2024-06-11,437,0.909011066695303,0.896185745451707,0.012825321243595917
2024-06-12,440,0.7642557986285283,0.7431963287939174,0.02105946983461078
2024-06-13,438,0.7207625259233433,0.6909892504454227,0.029773275477920604
2024-06-14,464,0.8122329365226381,0.7871819870841129,0.025050949438525098
2024-06-17,473,0.7232951128503866,0.6978036731254542,0.02549143972493242
2024-06-18,480,0.7763281038715408,0.7567538831611169,0.019574220710423956
2024-06-20,480,0.7025236036178998,0.6799284427899919,0.022595160827907898
2024-06-21,461,0.7736501755279879,0.7583406594656672,0.015309516062320713
2024-06-24,456,0.9450974643401364,0.9705903482945156,-0.025492883954379333
2024-06-25,454,0.823246267785437,0.8185207631691116,0.004725504616325466
2024-06-26,454,0.7489312549061724,0.729498971276788,0.019432283629384563
2024-06-27,447,0.739641393871279,0.7192604896868467,0.020380904184432412
2024-06-28,464,0.7072892841214453,0.6809779580345887,0.026311326086856667
2024-07-01,468,0.6908473412594809,0.6577324594114075,0.033114881848073395
2024-07-02,464,0.6994369876337235,0.6550755604057035,0.04436142722802
2024-07-03,462,0.8631801880811718,0.8279419746241475,0.03523821345702442
2024-07-05,469,1.0667949656382885,1.0487707624157403,0.0180242032225481
2024-07-08,467,1.1029880795736131,1.0954978175795065,0.007490261994106609
2024-07-09,472,1.6809899396837227,1.7056858201811886,-0.024695880497466332
2024-07-10,477,1.587613669880163,1.6123683143800827,-0.024754644499919813
2024-07-11,480,1.065115536835132,1.0552499052127526,0.009865631622379226
2024-07-12,476,1.0014339032862258,0.9887273035658058,0.012706599720420165
2024-07-15,480,0.895104418223137,0.8701913491775836,0.02491306904555341
2024-07-16,479,0.9459862269185422,0.95329174148386,-0.007305514565317696
2024-07-17,479,1.0302368764883045,1.059685662633135,-0.02944878614483046
2024-07-18,479,1.135575148274626,1.157585290764951,-0.022010142490325076
2024-07-19,481,1.187763046736107,1.181347791780089,0.006415254956018249
2024-07-22,484,1.1999637682650612,1.2028943182418985,-0.0029305499768372996
2024-07-23,484,1.4702328949643373,1.47785902465972,-0.00762612969538257
2024-07-24,476,1.2976137033149646,1.2822392830691018,0.01537442024586283
2024-07-25,468,1.210813440521453,1.2055690552846703,0.0052443852367829134
2024-07-26,468,1.5769618235712664,1.6571802993550666,-0.0802184757838004
2024-07-29,464,1.9001830185310202,2.0516551910056515,-0.15147217247463146
2024-07-30,462,1.6572453743766595,1.7846699710165141,-0.1274245966398544
2024-07-31,466,2.144547714472876,2.3190707572230256,-0.17452304275014976
2024-08-01,474,1.1266437357338255,1.189738054513578,-0.06309431877975234
2024-08-02,470,0.9565934803385768,0.9756686136797587,-0.019075133341181733
2024-08-05,463,1.066712024095556,1.0605520175534104,0.006160006542145477
2024-08-06,464,0.9927190482012079,0.9684416920040435,0.024277356197164413
2024-08-07,462,1.1685024827936272,1.1095451777546181,0.058957305039009214
2024-08-08,444,1.0042615534876276,0.9506363401424344,0.05362521334519327
2024-08-09,436,0.958749369692925,0.8986431745126754,0.06010619518024955
2024-08-12,440,1.2081701823206752,1.1318955396684935,0.07627464265218167
2024-08-13,437,0.8052680891909814,0.7697401698413789,0.035527919349602435
2024-08-14,437,0.938889612315633,0.8933143429165982,0.04557526939903482
2024-08-15,453,0.6565067247884061,0.6358598246965238,0.02064690009188221
2024-08-16,464,0.7781006039376195,0.7403952539058529,0.03770535003176664
2024-08-19,467,0.7105766715724395,0.6819053022263408,0.02867136934609871
2024-08-20,467,0.7609112091588704,0.728034504207679,0.03287670495119149
2024-08-21,473,0.7398466657129147,0.7153504769061185,0.024496188806796177
2024-08-22,473,0.7847219295914245,0.759494729693064,0.025227199898360465
2024-08-23,455,0.7475346536380884,0.7307042310449747,0.016830422593113552
2024-08-26,442,0.9402080577172465,0.9478628524424356,-0.0076547947251892345
2024-08-27,438,0.9941184054796489,1.0027319638318533,-0.00861355835220434
2024-08-28,432,0.9572544672782577,0.9575873286418902,-0.0003328613636325144
2024-08-29,421,1.2453093817742247,1.2881516229533054,-0.04284224117908075
2024-08-30,436,1.2372191759618676,1.2723153636547597,-0.035096187692892175
2024-09-03,448,0.882947206076232,0.8812170794759754,0.001730126600256652
2024-09-04,453,0.8565263040134377,0.8496225168254624,0.006903787187975215
2024-09-05,455,0.8157798567352741,0.7949138234806347,0.020866033254639524
2024-09-06,446,1.1386442977001616,1.0984318454602955,0.040212452239866005
2024-09-09,438,1.0869415128298323,1.0391769808977505,0.04776453193208178
2024-09-10,436,1.143002279469104,1.0888476293376195,0.05415465013148428
2024-09-11,438,0.9952904688135633,0.9542663240113823,0.04102414480218103
2024-09-12,440,1.1553543201396372,1.1327738523492263,0.022580467790411108
2024-09-13,458,0.9004675522231259,0.8813153846835561,0.019152167539569765
2024-09-16,471,0.8186336384284647,0.8001726888430526,0.018460949585412133
2024-09-17,478,0.7910526557708165,0.7698930350495128,0.021159620721303826
2024-09-18,479,0.8105014688114462,0.7894152182568854,0.02108625055456087
2024-09-19,478,0.8620402433491462,0.8416905629173935,0.02034968043175272
2024-09-20,477,0.8274345193520931,0.7977944648877858,0.02964005446430719
2024-09-23,460,0.724892327650199,0.6943787458793423,0.030513581770856602
2024-09-24,451,0.6791046829441841,0.6440890401232735,0.035015642820910665
2024-09-25,449,0.7082952668720903,0.677467047381143,0.03082821949094723
2024-09-26,451,0.8602613543820543,0.8599292668179314,0.000332087564122917
2024-09-27,448,0.8461110384967657,0.8426561281336831,0.003454910363082698
2024-09-30,464,0.9754908224393,0.9996675329814931,-0.0241767105421932
2024-10-01,472,0.8595480616348937,0.8674791739677369,-0.00793111233284311
2024-10-02,472,0.8096516455458821,0.8017673404820039,0.007884305063878166
2024-10-03,465,0.7755655744495222,0.7601034203691593,0.015462154080362903
2024-10-04,472,0.7425596580348813,0.7211509716158555,0.021408686419025807
2024-10-07,476,0.8900796893168462,0.8704715952999321,0.0196080940169141
2024-10-08,472,0.8013643467652002,0.7755384228798314,0.025825923885368827
2024-10-09,474,0.8780997479990653,0.8528722842821044,0.02522746371696097
2024-10-10,482,0.9633094787333597,0.9471691429645652,0.01614033576879451
2024-10-11,479,0.8882102413063201,0.8688722706253895,0.01933797068093058
2024-10-14,476,0.8181287304815075,0.8003502106252274,0.017778519856280102
2024-10-15,480,0.7719841104388585,0.7583291538182433,0.013654956620615189
2024-10-16,479,0.8333285069724513,0.8342493345279037,-0.000920827555452546
2024-10-17,480,0.9155040671134828,0.9279370269249967,-0.012432959811513936
2024-10-18,483,1.0420287233880412,1.0751164563555098,-0.03308773296746835
2024-10-21,485,0.8713639629141455,0.8683225992225451,0.0030413636916004623
2024-10-22,487,0.9157431835729529,0.9263170330520359,-0.010573849479083032
2024-10-23,488,1.0317046870200732,1.0520531266222297,-0.020348439602156522
2024-10-24,480,1.167673072789307,1.202682700838995,-0.03500962804968822
2024-10-25,475,1.1152254745234342,1.1314930430270564,-0.016267568503622234
2024-10-28,467,1.1753922111503694,1.2068100719168187,-0.03141786076644929
2024-10-29,464,1.0927228408890608,1.0893595296192085,0.003363311269852375
2024-10-30,463,1.564862307159519,1.5982976748006141,-0.033435367641095164
2024-10-31,467,1.6899574409799183,1.7204995789328676,-0.03054213795294966
2024-11-01,461,1.8867986216744874,1.9134222211024339,-0.026623599427946603
2024-11-04,470,2.255487364012001,2.3022086576131042,-0.0467212936011029
2024-11-05,467,1.8238415567336748,1.8857017276826349,-0.06186017094896006
2024-11-06,459,1.162406029721106,1.1877722822583694,-0.025366252537263444
2024-11-07,453,1.0754972685774375,1.1025025351733446,-0.027005266595906845
2024-11-08,444,1.1842505603377498,1.230225622694763,-0.045975062357013215
2024-11-11,431,1.0276072464517643,1.0672790715992686,-0.0396718251475043
2024-11-12,434,1.0250890209928283,1.039451076330013,-0.014362055337184891
2024-11-13,439,1.0080801659711423,1.0140442443259579,-0.005964078354815412
2024-11-14,441,0.9667852810326053,0.9285868056985204,0.03819847533408486
2024-11-15,456,1.092645132516419,1.0447568820715956,0.04788825044482342
2024-11-18,465,1.1329322322742357,1.0769980629062428,0.055934169367992864
2024-11-19,464,1.1009493870357732,1.0489668093603548,0.051982577675418466
2024-11-20,464,1.0223790442008096,0.9631278119013957,0.05925123229941381
2024-11-21,453,0.7952817245328389,0.7595861844555408,0.03569554007729799
2024-11-22,442,0.7352956393681903,0.7087966238439021,0.026499015524288308
2024-11-25,441,0.7028150958138029,0.7030816445967634,-0.00026654878296054874
2024-11-26,439,0.8507320440251361,0.8521985460958702,-0.001466502070733969
2024-11-27,436,0.9044733071612087,0.921338441334917,-0.01686513417370833
2024-11-29,439,1.077033698815265,1.0976022497709936,-0.020568550955728633
2024-12-02,447,0.9678516434837943,1.0015114752134946,-0.033659831729700336
2024-12-03,447,0.9849651544083012,1.022020608932657,-0.03705545452435569
2024-12-04,450,0.9569596252800465,0.9893765511044693,-0.03241692582442273
2024-12-05,458,0.9816426819074442,1.000696731548169,-0.019054049640724838
2024-12-06,452,1.0227682371807592,1.0470793797840752,-0.024311142603316026
2024-12-09,449,1.0972578196612008,1.128564904045289,-0.03130708438408809
2024-12-10,447,1.0365088654414323,1.062598608378727,-0.026089742937294803
2024-12-11,446,1.6032384625206408,1.7324976826452638,-0.12925922012462304
2024-12-12,445,1.6195744590667327,1.7522677961557527,-0.13269333708902
2024-12-13,458,1.1440326806680077,1.2061178136331383,-0.06208513296513052
2024-12-16,470,1.0263470887687127,1.064338687112737,-0.03799159834402417
2024-12-17,477,0.7755199145190573,0.7676336808085902,0.00788623371046714
2024-12-18,477,0.7697679190495218,0.7357123616984068,0.034055557351114964
2024-12-19,471,0.6190693851843041,0.5782233146813176,0.040846070502986546
2024-12-20,476,0.580275851955454,0.5589178429690169,0.021358008986437017
2024-12-23,459,0.5843068098661518,0.556685916085262,0.027620893780889944
2024-12-24,448,0.7781340228842896,0.7828112781581894,-0.004677255273899869
2024-12-26,445,0.7161985304493177,0.7065202672247285,0.009678263224589218
2024-12-27,449,0.7988658577287974,0.7846452432999069,0.014220614428890402
2024-12-30,450,0.8080158642205466,0.788662454052635,0.01935341016791161
2024-12-31,468,0.8096887832668308,0.7912715219804577,0.018417261286373027
2025-01-02,469,0.948144841588205,0.9509875242832138,-0.0028426826950088044
2025-01-03,475,0.9667001730005618,0.9707775660195122,-0.004077393018950431
2025-01-06,476,0.9120213682408959,0.9051972056401897,0.006824162600706161
2025-01-07,474,0.93304938549483,0.9150305262894289,0.018018859205400944
2025-01-08,473,0.9928657438928122,0.9743405820205059,0.018525161872306302
2025-01-10,478,1.3706425849635795,1.35730049144503,0.013342093518549617
2025-01-13,475,1.5202670593256689,1.4918987837701472,0.028368275555521724
2025-01-14,474,1.2533344006082376,1.2218948862199392,0.03143951438829848
2025-01-15,478,1.105326261169215,1.0734724694666153,0.03185379170259947
2025-01-16,477,0.9719479134593468,0.9503527368289967,0.021595176630350158
2025-01-17,481,1.2010891377968114,1.1964238591134377,0.00466527868337372
2025-01-21,485,1.1294450352835674,1.1430640670324388,-0.013619031748871312
2025-01-22,486,1.1564570543376522,1.1612983266348975,-0.0048412722972453505
2025-01-23,485,1.14035259924761,1.145981023218054,-0.005628423970443959
2025-01-24,480,1.0777648811151994,1.0870373952050725,-0.00927251408987313
2025-01-27,470,1.1226344226748477,1.1320726227967477,-0.00943820012189996
2025-01-28,469,1.0255540398914853,1.035420803959053,-0.00986676406756766
2025-01-29,469,1.0593745041911888,1.046856056983683,0.012518447207505968
2025-01-30,471,1.120636546000906,1.1409169288895287,-0.020280382888622807
2025-01-31,467,1.0989208299191877,1.1157338547097562,-0.016813024790568513
2025-02-03,470,1.121178438078008,1.1186530057919952,0.0025254322860129453
2025-02-04,469,1.0538271260486345,1.0542790496066232,-0.00045192355798875944
2025-02-05,466,1.1357861049895104,1.1622738858941162,-0.026487780904605848
2025-02-06,464,1.1089848830535523,1.1136551287329104,-0.004670245679358112
2025-02-07,448,1.1757257496981433,1.1766407689570078,-0.0009150192588647585
2025-02-10,442,1.1789835738936199,1.164944344583179,0.014039229310440885
2025-02-11,441,1.2098709022236873,1.195814458980212,0.014056443243475424
2025-02-12,441,1.17122505015327,1.1497036338847715,0.021521416268498426
2025-02-13,433,1.2511735773419628,1.2611754891064095,-0.010001911764446798
2025-02-14,452,1.3716249718598539,1.386631493999206,-0.015006522139352173
2025-02-18,461,1.611946442405215,1.6506073610485865,-0.03866091864337175
2025-02-19,459,1.272046566646822,1.3078519260175459,-0.03580535937072388
2025-02-20,460,1.368689646906412,1.4218633377577294,-0.0531736908513176
2025-02-21,452,1.0580146274078397,1.0575735173617815,0.0004411100460581805
2025-02-24,443,1.219975640140137,1.2475372946122814,-0.027561654472144297
2025-02-25,443,1.187081419319531,1.238393691858534,-0.05131227253900309
2025-02-26,440,1.123273446296662,1.13980419576893,-0.016530749472267955
2025-02-27,438,1.2409956676898397,1.2805812695119994,-0.03958560182215976
2025-02-28,439,1.509786570991186,1.5789068872089942,-0.06912031621780822
2025-03-03,437,1.8162640463035846,1.9116086410729518,-0.09534459476936721
2025-03-04,438,1.3674529522075145,1.4317873994081585,-0.06433444720064387
2025-03-05,439,1.4636754953220905,1.5655497516803205,-0.10187425635822979
2025-03-06,440,1.50474273919517,1.603921348075296,-0.09917860888012615
2025-03-07,427,1.263838074847482,1.3321948221565907,-0.0683567473091087
2025-03-10,438,1.2058336335368434,1.1830358975080435,0.02279773602879983
2025-03-11,435,0.8748613583550157,0.8514102844122257,0.02345107394279009
2025-03-12,440,0.9088140818296294,0.8671458670897859,0.04166821473984351
2025-03-13,439,1.0613440475566567,1.0190658943009157,0.042278153255741156
2025-03-14,465,0.6877165861049365,0.6806493246156002,0.007067261489336276
2025-03-17,472,0.7700267971452833,0.7591496066957254,0.01087719044955791
2025-03-18,477,0.9975809916142969,0.979275282210798,0.018305709403498977
2025-03-19,479,0.6853957215097394,0.6809887543839981,0.004406967125741246
2025-03-20,484,0.7579542138667854,0.7504167406837645,0.007537473183020891
2025-03-21,483,0.8697964929292944,0.8793266696621035,-0.009530176732809108
2025-03-24,463,1.2535120734483056,1.2926994755087562,-0.039187402060450544
2025-03-25,459,1.2464721800195224,1.2762137536307303,-0.02974157361120788
2025-03-26,457,0.7659869242324417,0.7667679911565954,-0.0007810669241536618
2025-03-27,453,2.160417496836199,2.311271396348255,-0.15085389951205597
2025-03-28,453,3.4466867362532643,3.701135671414024,-0.2544489351607595
2025-03-31,472,3.904552228010313,4.197129139757786,-0.2925769117474731
2025-04-01,478,4.815245798742258,5.1246183235510925,-0.3093725248088339
2025-04-02,479,2.0682574256131336,2.2604340730934247,-0.19217664748029104
2025-04-03,475,1.6911261565986182,1.8350505361174967,-0.14392437951887857
2025-04-04,478,1.567339933771431,1.4377937736161432,0.1295461601552879
2025-04-07,481,1.801363408307873,1.6292238074605072,0.17213960084736568
2025-04-08,478,2.372843793925464,2.108494660587158,0.26434913333830573
2025-04-09,477,1.2699178433851532,1.3636875912870694,-0.09376974790191601
2025-04-10,479,0.9235917781319577,0.9172603407581529,0.006331437373804849
2025-04-11,478,1.033365546562216,1.111723552932994,-0.07835800637077789
2025-04-14,476,0.8650386508866101,0.9214686745362927,-0.05643002364968244
2025-04-15,477,0.8398996605953701,0.8581213615122084,-0.018221700916838255
2025-04-16,479,1.561907131554368,1.3854141756890412,0.1764929558653267
2025-04-17,484,1.4631123490556368,1.3264929283543094,0.1366194207013273
2025-04-21,487,2.1570715725435674,1.8314501543752033,0.32562141816836426
2025-04-22,489,1.525520586830552,1.3606164892244745,0.16490409760607735
2025-04-23,482,1.1351157027134797,1.073088925090646,0.06202677762283385
2025-04-24,477,0.9249329501121707,0.9562448329023846,-0.03131188279021407
2025-04-25,474,1.0759993463085722,1.0222984748821036,0.05370087142646877
2025-04-28,469,1.0467204528047418,1.0294559132997096,0.01726453950503216
2025-04-29,467,0.95774797015703,0.9879796787089161,-0.030231708551886095
2025-04-30,475,1.0153771394092619,1.0279186872297572,-0.012541547820495366
2025-05-01,479,1.03998056624754,1.0038601380856857,0.03612042816185419
2025-05-02,473,0.8885679325150716,0.926975230281157,-0.03840729776608532
2025-05-05,470,1.6657087787206872,1.518741078248564,0.14696770047212354
2025-05-06,470,2.268971392811981,2.035636713990575,0.23333467882140566
2025-05-07,464,2.0521425082289584,1.8736892749063154,0.17845323332264318
2025-05-08,452,1.4922041241985304,1.396836135856718,0.09536798834181247
2025-05-09,444,1.5679490132311291,1.471349506137195,0.09659950709393418
2025-05-12,439,0.8207886912691756,0.8119558810985464,0.008832810170629094
2025-05-13,438,0.8418434343557366,0.8330902395262453,0.008753194829491303
2025-05-14,440,0.9867612474983428,1.002363059575563,-0.015601812077220369
2025-05-15,447,0.8808597367844996,0.9278029789784934,-0.046943242193993914
2025-05-16,451,1.177064062079519,1.1918114094016554,-0.014747347322136164
2025-05-19,458,0.8376112863717864,0.8893570376167383,-0.05174575124495201
2025-05-20,458,0.925895576760353,0.9694670605899584,-0.04357148382960533
2025-05-21,459,0.7616331874431328,0.8167538853404177,-0.05512069789728478
2025-05-22,446,0.8089167182300588,0.8624951023744469,-0.05357838414438817
2025-05-23,443,0.7985279785646723,0.8542864916872914,-0.05575851312261909
2025-05-27,447,0.7727293817579809,0.8324217175469422,-0.05969233578896139
2025-05-28,443,0.7855214906134148,0.8361282858098873,-0.05060679519647244
2025-05-29,444,0.8112262964493355,0.8668118253965901,-0.05558552894725461
2025-05-30,449,0.876339666656336,0.9120793946625128,-0.035739728006176606
2025-06-02,458,0.9564541948585918,0.966282360204309,-0.009828165345717291
2025-06-03,451,0.9472286327003973,0.9529794698164282,-0.005750837116030992
2025-06-04,456,0.8722848454226729,0.8920295516214704,-0.01974470619879753
2025-06-05,458,0.8720488763745595,0.892026235923065,-0.01997735954850543
2025-06-06,447,0.9507548089154793,0.9677762083185582,-0.017021399403078837
2025-06-09,442,0.8510759095750722,0.8877686175455233,-0.036692707970451106
2025-06-10,447,1.0241231314605044,1.0403965328900684,-0.016273401429564054
2025-06-11,441,0.9460907887310497,0.9652081647792894,-0.019117376048239747
2025-06-12,440,0.929010304690302,0.9506725633146973,-0.02166225862439527
2025-06-13,461,0.9020955880846214,0.9285312022233246,-0.02643561413870327
2025-06-16,473,0.7789795059073987,0.8259166266969699,-0.04693712078957115
2025-06-17,476,0.8933956407794065,0.9248770952891413,-0.03148145450973478
2025-06-18,482,0.8998732764907555,0.9297346256404605,-0.029861349149705035
2025-06-20,478,0.9688188585754228,0.9884263967158101,-0.019607538140387296
2025-06-23,462,0.8849197345439154,0.9156885034684675,-0.030768768924552208
2025-06-24,456,0.8746798792515669,0.8832936531095865,-0.008613773858019681
2025-06-25,456,1.1819101300036936,1.1527697743657044,0.02914035563798911
2025-06-26,449,1.1149139983171221,1.1010979998611143,0.013815998456007911
2025-06-27,451,0.8476177358559317,0.8722494269731449,-0.024631691117213188
2025-06-30,468,0.9546712973579783,0.9517785851089224,0.002892712249055776
2025-07-01,475,0.8261343063087481,0.863044789345989,-0.03691048303724097
2025-07-02,469,0.7330922375265434,0.7712938492423568,-0.03820161171581341
2025-07-03,477,0.791492553790834,0.8186227825638204,-0.02713022877298631
2025-07-07,481,0.7679303870029823,0.7890958696908019,-0.021165482687819516
2025-07-08,478,0.86632040667712,0.8792323360488643,-0.012911929371744409
2025-07-09,479,0.8388292629156182,0.8505423581825465,-0.011713095266928467
2025-07-10,486,0.8270207295730692,0.845463904015374,-0.018443174442304873
2025-07-11,481,0.8337295476415261,0.841005049993443,-0.0072755023519169605
2025-07-14,478,0.8028639621828364,0.7984854646320033,0.004378497550833011
2025-07-15,481,1.0110078408781324,0.9930688325395173,0.017939008338615097
2025-07-16,480,1.0479849839665614,1.036457937251068,0.011527046715493126
2025-07-17,480,1.0061550044360135,0.9911564872069254,0.01499851722908812
2025-07-18,484,1.1137017016710957,1.0945536069184274,0.019148094752668408
2025-07-21,488,1.0931790603295333,1.0898991702672602,0.0032798900622729235
2025-07-22,490,1.045452792706678,1.0581260907961267,-0.01267329808944891
2025-07-23,489,1.1620826176555343,1.1625522576549485,-0.0004696399994140186
2025-07-24,480,1.2912676808263874,1.2952751495168715,-0.004007468690483919
2025-07-25,474,1.549406864222715,1.5452100603358674,0.004196803886847395
2025-07-28,471,1.4527055868007015,1.4595918570230213,-0.006886270222319721
2025-07-29,468,1.3966582597719774,1.4055554995986321,-0.008897239826654555
2025-07-30,469,1.3636474429567806,1.3636881639808864,-4.0721024105989786e-05
2025-07-31,476,1.1683539279355641,1.159017938329249,0.00933598960631502
2025-08-01,476,1.1937819945633832,1.1922468090436267,0.0015351855197563247
2025-08-04,472,1.1398005984452395,1.1345640220101043,0.0052365764351350605
2025-08-05,473,1.0687668687960319,1.0726426178971162,-0.0038757491010844207
2025-08-06,467,1.234599476451146,1.2042365660043177,0.03036291044682834
2025-08-07,459,1.0599873365077364,1.0444799777363616,0.015507358771374831
2025-08-08,445,0.9480955988151866,0.914688711678685,0.03340688713650147
2025-08-11,439,0.9798343311257384,0.9487542366111451,0.0310800945145933
2025-08-12,436,0.928609591448971,0.8983457680858316,0.03026382336313941
2025-08-13,437,0.8132743838087646,0.8067698106372191,0.006504573171545515
2025-08-14,443,0.7176277941306758,0.7095277202825093,0.008100073848166573
2025-08-15,459,0.7726628944477536,0.7634768338935262,0.009186060554227382
2025-08-18,467,0.7644133970144962,0.753598281543772,0.01081511547072416
2025-08-19,470,0.8288084735024623,0.8274353796592149,0.0013730938432475464
2025-08-20,476,0.9256417609864636,0.9277541224164437,-0.0021123614299802637
2025-08-21,477,1.0481811058243096,1.0590386607183955,-0.01085755489408612
2025-08-22,466,0.8650804821299168,0.8616197339208538,0.0034607482090630525
2025-08-25,447,0.8752728630108698,0.8619631059277104,0.013309757083159401
2025-08-26,442,0.8251733601648273,0.8081748328088718,0.01699852735595553
2025-08-27,434,0.8115575349775538,0.7989052148018984,0.012652320175655523
2025-08-28,420,0.854262014589907,0.8302966137392295,0.02396540085067744
2025-08-29,433,0.8850750369071576,0.869676942927281,0.015398093979876525
2025-09-02,452,0.89227420037549,0.8780192584204753,0.014254941955014689
2025-09-03,452,1.0096290826642926,1.000099519588461,0.00952956307583154
2025-09-04,456,0.9773069143494301,0.9600132327939975,0.01729368155543252
2025-09-05,465,0.9861411108795278,0.9754678213543592,0.010673289525168654
2025-09-08,446,1.0472319600415205,1.0424322354755022,0.004799724566018272
2025-09-09,443,0.9369263666343174,0.9318045767541236,0.005121789880193795
2025-09-10,448,0.758454746401154,0.7511866605045989,0.0072680858965551015
2025-09-11,449,0.8932497009628454,0.8899689151247845,0.0032807858380608772
2025-09-12,456,0.8869061532097597,0.8845737717155712,0.002332381494188559
2025-09-15,475,0.8570185728652577,0.8589193241949995,-0.0019007513297419367
2025-09-16,483,0.8508701062742658,0.8518935403426746,-0.0010234340684087508
2025-09-17,485,0.8657568854268547,0.8656250284629372,0.00013185696391752365
2025-09-18,485,0.9141372016145188,0.9061183808839967,0.008018820730522111
2025-09-19,481,0.8563859902734058,0.8512001163644172,0.005185873908988627
2025-09-22,484,0.8494366453961566,0.834914675355514,0.014521970040642648
2025-09-23,460,0.7805307921226528,0.7681786160281834,0.012352176094469454
2025-09-24,452,0.9783299704906953,0.9632615692852271,0.015068401205468112
2025-09-25,452,1.104816371957605,1.090720153132534,0.014096218825070993
2025-09-26,449,1.0758952515922375,1.0569872608595543,0.018907990732683004
2025-09-29,449,1.07373058671592,1.0670791374031947,0.006651449312725256
2025-09-30,471,0.9238333007022337,0.9137608576918785,0.010072443010355153
2025-10-01,480,0.9083945696333355,0.9092658830019599,-0.0008713133686243518
2025-10-02,479,0.919978521157678,0.9198484379416171,0.0001300832160607824
2025-10-03,479,1.3096117372705067,1.3133575774613284,-0.00374584019082156
2025-10-06,481,1.0277834514237973,1.0256340282407865,0.0021494231830106844
2025-10-07,480,0.8278212110939963,0.8257035326733255,0.0021176784206708298
2025-10-08,475,0.9148032934269477,0.8990257183532271,0.015777575073720473
2025-10-09,478,1.0224008567581897,1.0045916598698483,0.017809196888341167
2025-10-10,482,0.9487920507038119,0.9331844591106268,0.015607591593185187
2025-10-13,480,0.8861240197199883,0.8709380307759201,0.015185988944068083
2025-10-14,482,0.8967131199748628,0.8789738403631567,0.017739279611706116
2025-10-15,484,0.8879035689151638,0.8733936019733247,0.014509966941839142
2025-10-16,484,0.9613075176854109,0.9608743280089386,0.00043318967647239384
2025-10-17,486,0.9633970624755535,0.9619578059056909,0.0014392565698625559
2025-10-20,487,0.9512928307976674,0.9518398367145929,-0.0005470059169255143
2025-10-21,487,1.039823727247101,1.039046854116505,0.000776873130595864
2025-10-22,488,1.5148635927195324,1.5104886746827184,0.004374918036814025
2025-10-23,487,1.43803702444927,1.4337432429326151,0.004293781516654864
2025-10-24,479,1.3805337511747091,1.3761838592187055,0.004349891956003646
2025-10-27,473,1.5327730993455058,1.5241684987147104,0.008604600630795442
2025-10-28,471,1.4621297325135307,1.4411353067008321,0.02099442581269876
2025-10-29,469,1.1998799495547932,1.1889342806778607,0.010945668876932544
2025-10-30,471,1.1760455153628806,1.1573570704151195,0.018688444947761382
2025-10-31,471,1.171163172356241,1.1575423845305208,0.013620787825720234
2025-11-03,468,1.1541100412791914,1.1405819720192252,0.013528069259966085
2025-11-04,471,1.1638950927116836,1.1438372330217572,0.020057859689926343
2025-11-05,468,1.0162063722609225,1.004178539458738,0.01202783280218455
2025-11-06,458,0.9752219869855305,0.9534776501653935,0.02174433682013701
2025-11-07,446,0.8434767583331558,0.8303227904215156,0.013153967911640339
2025-11-10,438,1.1350359170393127,1.1176782586059435,0.017357658433369404
2025-11-11,433,1.1649433618183789,1.1544001014684648,0.010543260349913899
2025-11-12,432,1.2332028164747424,1.233937384593773,-0.0007345681190306626
2025-11-13,436,1.1971411244637926,1.194102931135246,0.003038193328546411
2025-11-14,451,0.9240496806774673,0.9163312766467541,0.007718404030713212
2025-11-17,463,0.8944474918498422,0.8833808328761897,0.011066658973652352
2025-11-18,463,1.1397057217332205,1.1319285080989863,0.007777213634234017
2025-11-19,467,1.2305677737372567,1.199381893480609,0.031185880256647727
2025-11-20,460,1.6288330176013937,1.587682165937021,0.041150851664372746
2025-11-21,447,0.9996106468952995,0.9761605856406494,0.02345006125465002
2025-11-24,448,0.9320270468835334,0.9242487038114627,0.007778343072070731
2025-11-25,446,1.0141213797316944,1.0113299633122428,0.0027914164194515916
2025-11-26,444,0.9900212047345319,0.9980757898252637,-0.008054585090731715
2025-11-28,437,1.1119490280795796,1.1148734616285074,-0.0029244335489276778
2025-12-01,453,1.1039799736122689,1.1006998635254266,0.0032801100868422666
2025-12-02,455,1.1022593528206457,1.0887010864472078,0.013558266373437848
2025-12-03,456,1.1183516534931963,1.1110122410195373,0.007339412473659024
2025-12-04,460,1.1121153342535828,1.1019485907776194,0.010166743475963427
2025-12-05,471,0.9576716198895728,0.9498216537088414,0.007849966180731334
2025-12-08,453,1.0463250934622566,1.0398663359866314,0.006458757475625323
2025-12-09,449,0.9804776029112562,0.9735345226148676,0.006943080296388478
2025-12-10,450,1.1297328847927293,1.0991372391610486,0.03059564563168051
2025-12-11,448,1.0141967375698224,0.9886643839655035,0.025532353604318925
2025-12-12,452,0.802831736476416,0.7955479109096272,0.00728382556678899
2025-12-15,472,0.7780425064836872,0.7716151196794031,0.006427386804284007
2025-12-16,477,0.7695215891144572,0.7582012336832649,0.011320355431192343
2025-12-17,481,0.8078486977221364,0.8041536025937805,0.003695095128355957
2025-12-18,477,0.678930041354201,0.6723049019457945,0.006625139408406611
2025-12-19,477,0.5665378778008481,0.5664586109624743,7.926683837374445e-05
2025-12-22,478,0.5700556524679365,0.564523794608145,0.005531857859791678
2025-12-23,462,0.6149777732859681,0.6019671193501138,0.01301065393585435
2025-12-24,445,0.705877029878668,0.6930865556021963,0.012790474276471647
2025-12-26,450,0.7989601273766366,0.7892100762161179,0.00975005116051856
2025-12-29,451,1.0520458173065699,1.0254387428612985,0.02660707444527138
2025-12-30,452,1.0507544106617004,1.0321363522915794,0.018618058370120868
2025-12-31,470,1.2365608503570293,1.2203899797796538,0.01617087057737583
2026-01-02,481,1.2229465498930314,1.2137170523507725,0.009229497542258856
2026-01-05,480,1.023344614338174,0.9973753095603635,0.025969304777810415
2026-01-06,483,1.0088646136139894,0.991382948566883,0.017481665047106482
2026-01-07,482,1.3273428775106524,1.3021867742651074,0.025156103245545066
2026-01-08,478,1.218621163858937,1.1892777470280975,0.029343416830839575
2026-01-09,478,1.1158062608661716,1.102373115859587,0.013433145006584555
2026-01-12,477,1.1646199685634713,1.1517643696322024,0.012855598931268732
2026-01-13,476,1.0408249696161271,1.024510154539051,0.016314815077076283
2026-01-14,476,0.9263223531219766,0.9132867756342717,0.013035577487704914
2026-01-15,476,0.9526631835391383,0.9405336855873795,0.012129497951758798
2026-01-16,483,0.8900880240476656,0.8803367327725018,0.009751291275163786
2026-01-20,488,0.9846926371209292,0.9783717932396949,0.0063208438812343915
2026-01-21,487,1.0226689784062117,1.0189856874091578,0.00368329099705374
2026-01-22,486,1.154078815811723,1.1476766378367664,0.006402177974956306
2026-01-23,481,1.154427552618778,1.1521860490596756,0.0022415035591026033
2026-01-26,476,1.2971726322223769,1.283546490552547,0.013626141669829926
2026-01-27,474,1.703508151777565,1.688851899576847,0.014656252200718143
2026-01-28,474,2.086418500445476,2.061066474986978,0.02535202545849772
2026-01-29,475,2.096335632620302,2.058369542907964,0.037966089712338086
2026-01-30,477,2.0470046482869755,2.0168566894070756,0.030147958879899878
2026-02-02,476,1.8568629258927356,1.837835611424281,0.019027314468454445
2026-02-03,473,1.541027555800386,1.5151491942460513,0.025878361554334754
2026-02-04,471,1.588883981239614,1.5549387095803766,0.03394527165923767
2026-02-05,470,1.656990477123336,1.623147729777342,0.03384274734599379
2026-02-06,453,1.5613844471068485,1.5429849500939568,0.018399497012891872
2026-02-09,442,1.4784161195640992,1.4652000271559755,0.013216092408123633
2026-02-10,441,1.1949241312077346,1.1837715675209814,0.011152563686753323
2026-02-11,440,1.0852698483907188,1.0779724340643864,0.007297414326332486
2026-02-12,435,1.1730641424940498,1.1495643566380152,0.023499785856034495
2026-02-13,451,1.0866567035343289,1.075760166647654,0.010896536886674805
2026-02-17,464,1.0575536348520231,1.0497680140030765,0.007785620848946705
2026-02-18,463,1.0629211847244018,1.0600349149512214,0.002886269773180577
2026-02-19,467,0.8851710339277447,0.8867220796437912,-0.0015510457160466263
2026-02-20,456,1.0659379811498653,1.0617868342651784,0.004151146884686736
2026-02-23,446,1.195796263746453,1.182594021474705,0.01320224227174781
2026-02-24,447,1.334622515278424,1.3118693065455562,0.02275320873286768
2026-02-25,446,1.2480962589879612,1.2286209260191523,0.019475332968809055
2026-02-26,440,1.403293384280715,1.3995999793377853,0.003693404942929437
2026-02-27,438,1.7338633035879227,1.7085210520544793,0.0253422515334433
2026-03-02,444,1.394804624594092,1.3922909074004335,0.002513717193658658
2026-03-03,434,1.2208315113588881,1.2275543219427338,-0.006722810583845561
2026-03-04,434,1.3930257851983003,1.3944979091331762,-0.0014721239348757873
2026-03-05,440,1.6480983644972025,1.6245933369056804,0.023505027591522107
2026-03-06,439,1.3707874341694053,1.3462845152964575,0.02450291887294744
2026-03-09,436,1.1492990589558085,1.1329866334254437,0.01631242553036495
2026-03-10,441,0.9369622445622027,0.9422961243964003,-0.005333879834197694
2026-03-11,448,1.0317132998543794,1.0346865202663456,-0.002973220411966049
2026-03-12,446,0.9694399755493731,0.9630649677579065,0.006375007791466547
2026-03-13,464,1.0340607554100938,1.0487703403078463,-0.014709584897752401
2026-03-16,477,0.9883057121547035,1.0065475095169913,-0.018241797362287968
2026-03-17,483,1.1659891523542079,1.1647842010174974,0.001204951336710598
2026-03-18,481,1.0312980170931039,1.023286568128392,0.008011448964711737
2026-03-19,484,1.0236165469619087,1.0089695588364969,0.01464698812541184
2026-03-20,483,1.1197023281532563,1.0990701260821771,0.020632202071079218
2026-03-23,483,1.2176818446953863,1.1916227573962488,0.02605908729913762
2026-03-24,463,0.8199386951998787,0.8155567902849913,0.00438190491488739
2026-03-25,460,0.8271079791804711,0.8331345602504034,-0.0060265810699324735
2026-03-26,451,0.9388459420154001,0.9259097934793111,0.012936148536088841
2026-03-27,452,1.2051698978204153,1.184773979668198,0.020395918152217363
2026-03-30,451,1.3937104124162487,1.3389062115567758,0.05480420085947315
2026-03-31,474,1.458463504782994,1.391326821936281,0.06713668284671279
2026-04-01,474,1.37453045836499,1.3142580165285729,0.060272441836416814
2026-04-02,478,1.44415095083379,1.3695911069238886,0.07455984390990142
2026-04-06,481,1.4381443400141085,1.3812480472848576,0.05689629272925103
2026-04-07,482,1.6554093980821751,1.5867943013060006,0.06861509677617451
2026-04-08,477,1.0161560737294606,1.0226870598503597,-0.006530986120899243
2026-04-09,481,1.1384570808456471,1.131188661595369,0.007268419250278251
2026-04-10,483,1.4902008259410093,1.4474002870546208,0.04280053888638851
2026-04-13,480,1.1854049878115493,1.168907566607672,0.016497421203877347
2026-04-14,481,1.1437831486721466,1.1307029886863609,0.013080159985785683
2026-04-15,482,1.0976259821649115,1.0977873264081546,-0.00016134424324326186
2026-04-16,483,1.1727489626504835,1.1791576128197698,-0.0064086501692863585
2026-04-17,486,1.293632511889962,1.2888809746744205,0.004751537215541655
2026-04-20,489,1.304560125303935,1.2903745731716854,0.014185552132249469
2026-04-21,489,1.2183355607338007,1.2110607344099378,0.007274826323863008
2026-04-22,491,1.4518497436450424,1.423687255808125,0.028162487836917462
2026-04-23,485,1.2279267838108197,1.215936077159189,0.011990706651630793
2026-04-24,480,1.1875154933515302,1.1674384328231617,0.020077060528368457
2026-04-27,474,1.3561877545766312,1.3284189820303105,0.027768772546320573
2026-04-28,471,1.4470200040721795,1.397912724697502,0.049107279374677314
2026-04-29,472,1.6396755528252247,1.5593305821960894,0.08034497062913523
2026-04-30,477,1.4203405714930735,1.3848976840295748,0.0354428874634988
2026-05-01,469,1.6642030208432343,1.6076078389890445,0.0565951818541899
2026-05-04,470,1.7541278493674166,1.6871490534161215,0.06697879595129501
2026-05-05,470,1.4099215482610048,1.3888895502209757,0.021031998040029084
2026-05-06,464,1.4712180509749029,1.4413913070691422,0.029826743905760598
2026-05-07,459,1.4165719867925517,1.3811987103424048,0.035373276450146804
2026-05-08,447,1.25121903279627,1.2367094192039951,0.014509613592274935
2026-05-11,441,1.195591853541245,1.1715155773524386,0.02407627618880638
2026-05-12,441,1.1499537417826537,1.13046496868975,0.01948877309290354
2026-05-13,442,1.0706355164939845,1.0537545523635132,0.01688096413047124
2026-05-14,443,1.048000660694129,1.0327717528334643,0.01522890786066481
2026-05-15,449,1.222535568104404,1.1921901025592476,0.030345465545156422
2026-05-18,457,1.350172641665612,1.2952251897654279,0.05494745190018395
2026-05-19,457,1.660742025325033,1.5897047636710036,0.07103726165402913
2026-05-20,460,1.4543325900496493,1.407423115597289,0.04690947445236037
2026-05-21,449,1.6465184427497115,1.5958517445691243,0.05066669818058704
2026-05-22,448,1.8504228943262728,1.7897351901161895,0.06068770421008323
2026-05-26,449,1.6266893999322274,1.5695837718012315,0.057105628130996004
2026-05-27,448,1.5118576724519353,1.4658896639096313,0.04596800854230405
2026-05-28,444,1.258381397940659,1.2276814030476746,0.03069999489298466
2026-05-29,442,1.1624082977684924,1.1441169631395018,0.018291334628990602
2026-06-01,457,1.225810726617642,1.1979538795695879,0.02785684704805385
2026-06-02,454,1.416850780919899,1.36029427265995,0.056556508259948936
2026-06-03,452,1.5822941007943636,1.5130612861248451,0.06923281466951837
2026-06-04,456,1.3023463267476731,1.2580425908558555,0.044303735891817714
2026-06-05,463,1.1229838674668076,1.0934589428343764,0.029524924632431025
2026-06-08,440,1.310969609375951,1.2638438173831095,0.047125791992841774
2026-06-09,439,1.1193815940382827,1.1044939504977243,0.014887643540558547
2026-06-10,443,1.546422518131041,1.4911319900449491,0.05529052808609193
2026-06-11,442,1.3621619444026252,1.3352373434731102,0.02692460092951488
2026-06-12,449,1.4952110960392229,1.4488723679923308,0.04633872804689189
2026-06-15,475,1.089105605300943,1.0958111446873018,-0.0067055393863588685
2026-06-16,479,1.152880011157102,1.1430600182838822,0.009819992873220044
2026-06-17,478,1.5111491485621402,1.4405369663525,0.07061218220964036
2026-06-18,477,1.5639749286970843,1.496565701544311,0.06740922715277342
2026-06-22,479,1.7206722501227962,1.63472977458989,0.08594247553290617
2026-06-23,460,1.4434272063417872,1.3890493324596944,0.05437787388209306
2026-06-24,455,1.323059594748893,1.2995128615797984,0.023546733169094457
2026-06-25,452,1.9232502338237698,1.8236604499148785,0.0995897839088912
2026-06-26,450,1.344287593139182,1.332771219202059,0.011516373937123063
2026-06-29,450,1.5352284133964937,1.4657406376752655,0.06948777572122833
2026-06-30,470,1.4701601538598987,1.4127978976493407,0.057362256210558085
2026-07-01,474,0.9766930870571066,0.9746940958511088,0.001998991205997716
2026-07-02,473,0.9396017423721603,0.9491618262015981,-0.009560083829437849
2026-07-06,479,1.0255080445686955,1.022589678226131,0.0029183663425644936
2026-07-07,482,1.022142115213016,1.0306234481791496,-0.008481332966133823
2026-07-08,479,0.963586485134121,0.9849356282169625,-0.021349143082841505
2026-07-09,483,1.2344791905053252,1.196395659740902,0.0380835307644232
2026-07-10,487,1.1929725379843326,1.164133714043044,0.028838823941288682
2026-07-13,483,0.9498119731179446,0.9565217241746204,-0.0067097510566758506
2026-07-14,481,0.9122231430196789,0.9219659733543545,-0.009742830334675554
2026-07-15,484,0.9392983618659797,0.9522874384852534,-0.01298907661927382
2026-07-16,482,1.3661077442896634,1.3326472134926277,0.03346053079703557
2026-07-17,481,1.0134222309707743,1.022528301474797,-0.00910607050402278
2026-07-20,485,1.0630970679555116,1.0605493914155444,0.0025476765399673525
2026-07-21,485,1.8516031617556923,1.7195249885434767,0.1320781732122156
2026-07-22,486,2.2353605617146326,2.0752774628576693,0.16008309885696353
2026-07-23,486,1.7332609368292782,1.6392476639234195,0.09401327290585848
2026-07-24,481,1.408562130051212,1.3702166775674551,0.03834545248375692
2026-07-27,474,1.2933778743186715,1.2808049865722357,0.0125728877464356
2026-07-28,474,1.6540302051845872,1.569696875656256,0.08433332952833107
2026-07-29,473,1.912771905646231,1.8149483194172664,0.09782358622896474
2026-07-30,474,1.4004920176485967,1.3617672402978502,0.03872477735074662
2026-07-31,475,1.493815583063793,1.42526188271508,0.068553700348713
2026-08-03,476,1.2573523593869549,1.2421405992553065,0.015211760131648145
2026-08-04,475,1.0488521478393882,1.0650920047720487,-0.016239856932660397
2026-08-05,470,1.0424901759152996,1.0614872370254482,-0.018997061110148577
2026-08-06,464,1.0801131740894587,1.0642207301680158,0.01589244392144284
2026-08-07,448,1.0150940367704355,1.014803794866261,0.00029024190417466033
2026-08-10,445,1.0383024158589786,1.0185376484223327,0.01976476743664576
2026-08-11,441,0.9135617587170684,0.9155127895613254,-0.0019510308442571604
2026-08-12,437,1.2652333203724497,1.236089628813265,0.029143691559184694
2026-08-13,438,1.2877976711982255,1.2636313583683048,0.02416631282992093
2026-08-14,454,1.3536066816465773,1.3335537129540718,0.02005296869250549
2026-08-17,457,1.6313074934992058,1.5408590274292715,0.09044846606993445
