origin_trading_day,rows,baseline_loss,candidate_loss,loss_delta_baseline_minus_candidate
2020-05-06,451,1.3728232877128177,1.3200580659782182,0.05276522173459957
2020-05-07,461,0.9655612500264401,1.026780781250977,-0.0612195312245368
2020-05-08,465,2.3651570017575922,1.8942372721944416,0.4709197295631507
2020-05-11,451,1.4299502675389522,1.305755449358539,0.12419481818041325
2020-05-12,443,0.8263124391407165,0.9237788768148213,-0.09746643767410476
2020-05-13,447,2.656661965649468,2.1124679889779165,0.5441939766715519
2020-05-14,454,1.5852004017825585,1.3842077515929625,0.2009926501895959
2020-05-15,459,2.328018840957636,1.8971622107375734,0.4308566302200625
2020-05-18,453,0.7771903559486101,0.9053480218875531,-0.1281576659389431
2020-05-19,455,0.8144356165658437,0.9029566307973784,-0.08852101423153473
2020-05-20,456,1.3444840946947927,1.216226359537377,0.12825773515741595
2020-05-21,460,2.1595588669100034,1.7814504073802577,0.3781084595297458
2020-05-22,454,1.7206934632842403,1.5024973691512211,0.21819609413301908
2020-05-26,444,1.0186135209506488,1.11929657570465,-0.10068305475400098
2020-05-27,443,0.9286432072158014,1.0111229369024433,-0.08247972968664179
2020-05-28,452,0.9030446124006092,0.9597687061980993,-0.056724093797490084
2020-05-29,464,1.8781766281715933,1.5350873054360032,0.34308932273559023
2020-06-01,456,1.8146163859412456,1.5061875451326783,0.30842884080856725
2020-06-02,459,2.5910254271087245,2.122641427636172,0.46838399947255227
2020-06-03,461,2.23350549889039,1.8855963389296513,0.34790915996073923
2020-06-04,465,1.1640574199615938,1.0993619899051434,0.06469543005645055
2020-06-05,466,1.0552288458878518,1.0222732263681866,0.03295561951966509
2020-06-08,453,4.00938530854556,3.2037694888506323,0.805615819694927
2020-06-09,439,2.3446599459114412,1.9319252929102095,0.4127346530012318
2020-06-10,433,1.2558894798955371,1.219928348279282,0.03596113161625514
2020-06-11,446,1.756860721085054,1.4707983412267187,0.2860623798583352
2020-06-12,469,0.8346779392829452,0.9581214747912492,-0.12344353550830395
2020-06-15,474,0.5980207864375566,0.8028585408912406,-0.204837754453684
2020-06-16,471,0.936040704813805,0.9532279819119669,-0.0171872770981619
2020-06-17,470,0.7048299163982499,0.8202704483630837,-0.11544053196483382
2020-06-18,471,0.6528960104174553,0.7980961355993713,-0.14520012518191594
2020-06-19,476,1.0894499777819175,1.042491878196975,0.04695809958494253
2020-06-22,474,0.8680498383811763,0.9225311724409566,-0.054481334059780305
2020-06-23,472,1.5436954095143787,1.3546578966137215,0.1890375129006571
2020-06-24,454,0.6230093451819493,0.747156419771046,-0.1241470745890967
2020-06-25,448,0.6326211947556157,0.7632839525076257,-0.13066275775200997
2020-06-26,447,1.050867911007973,1.0722572041030827,-0.02138929309510944
2020-06-29,460,0.7917669220617075,0.9054481878669172,-0.11368126580520962
2020-06-30,466,0.7577128550490957,0.8746293759902984,-0.1169165209412027
2020-07-01,468,0.7360652908963544,0.8376145554103056,-0.10154926451395119
2020-07-02,473,0.7942492429140936,0.8745137890681154,-0.08026454615402175
2020-07-06,467,1.251701960654806,1.141269493337649,0.11043246731715688
2020-07-07,467,0.6241976689006401,0.7221394935841093,-0.0979418246834693
2020-07-08,468,0.6905433595370668,0.7616856195770565,-0.07114226003998977
2020-07-09,472,1.1651825686447617,1.1013323087217084,0.0638502599230532
2020-07-10,472,1.3152492501071735,1.2294753876163054,0.08577386249086795
2020-07-13,468,1.2207615442228479,1.1742518170869845,0.0465097271358634
2020-07-14,469,0.8786832017931115,0.8873086233543619,-0.008625421561250205
2020-07-15,471,0.7988673822134308,0.7834234776701048,0.015443904543326007
2020-07-16,473,0.6394782550065429,0.6923007702714542,-0.052822515264911316
2020-07-17,475,0.6926413292470045,0.7350385329634822,-0.042397203716477615
2020-07-20,471,0.8980994246174303,0.8920146450886804,0.006084779528749863
2020-07-21,471,0.7287420307438053,0.7579742969206008,-0.029232266176795432
2020-07-22,472,0.6920415945087772,0.7253877389485387,-0.03334614443976152
2020-07-23,473,0.6616830288209481,0.6912962031096652,-0.029613174288717146
2020-07-24,475,0.7649671892458825,0.7998732608708272,-0.03490607162494465
2020-07-27,467,0.8136272088842417,0.8290520922174723,-0.015424883333230575
2020-07-28,457,0.8920614119551319,0.8984570407995137,-0.006395628844381869
2020-07-29,455,0.8698630732395481,0.8710954737153284,-0.0012324004757803442
2020-07-30,463,0.7572786758050599,0.7798942061996619,-0.02261553039460208
2020-07-31,476,0.9270768100955922,0.9102203697574396,0.01685644033815249
2020-08-03,470,0.9356523923209248,0.9193465403146658,0.016305852006259003
2020-08-04,462,0.9889530734019707,0.9660905631957143,0.022862510206256393
2020-08-05,459,1.1544700774986993,1.091380393117684,0.0630896843810152
2020-08-06,464,1.2521159020833281,1.156351514080422,0.0957643880029064
2020-08-07,470,0.8332609728466088,0.8148570294679568,0.018403943378652046
2020-08-10,448,0.6162467560920196,0.6463497123630083,-0.030102956270988628
2020-08-11,443,0.5990359882156744,0.6298912967330831,-0.030855308517408697
2020-08-12,442,0.6198464263849427,0.6379896573136837,-0.018143230928740955
2020-08-13,458,0.594055317487622,0.6104361848523552,-0.01638086736473314
2020-08-14,459,0.6592013925837928,0.6638687710113425,-0.004667378427549528
2020-08-17,457,0.7170440689274796,0.7185587545089512,-0.0015146855814715354
2020-08-18,461,0.6545452847788922,0.6688719846801032,-0.014326699901211205
2020-08-19,462,0.6297017921291804,0.6366638710553062,-0.006962078926125796
2020-08-20,466,0.6048799330199779,0.6222407622518434,-0.017360829231865625
2020-08-21,469,0.685036821865313,0.7026906849312692,-0.017653863065956153
2020-08-24,466,0.6340742861617908,0.6674798278826689,-0.033405541720878174
2020-08-25,457,0.7321485249310794,0.729305630428255,0.0028428945028244005
2020-08-26,442,0.6296645850790341,0.6327842801348075,-0.003119695055773275
2020-08-27,443,0.6305741322496197,0.6346941443089128,-0.004120012059293171
2020-08-28,448,0.7220161089278401,0.7458458400063886,-0.023829731078548418
2020-08-31,451,0.6695971045230524,0.6594957649143631,0.010101339608689353
2020-09-01,459,0.9998813844432235,0.9636386548465313,0.03624272959669218
2020-09-02,458,1.9592361286230382,1.9386836412698,0.02055248735323826
2020-09-03,464,0.7431216338343393,0.7264413161775749,0.01668031765676438
2020-09-04,458,0.9920304515134293,0.9504056920406245,0.04162475947280478
2020-09-08,462,0.6679677915623143,0.6752915230246562,-0.007323731462341905
2020-09-09,443,0.6737632965909556,0.6862051902742867,-0.012441893683331246
2020-09-10,442,0.8790651639025178,0.8639507870998672,0.01511437680265053
2020-09-11,441,0.9378173520266422,0.9106819014852201,0.02713545054142214
2020-09-14,466,0.634515555214647,0.6478793251924061,-0.013363769977759034
2020-09-15,470,0.8064500078495664,0.8021360633769176,0.004313944472648898
2020-09-16,472,1.3753833967308395,1.3296754521676517,0.045707944563187934
2020-09-17,473,1.219791711285923,1.1574753107285491,0.06231640055737377
2020-09-18,475,1.5029851561660532,1.4169216973615777,0.08606345880447563
2020-09-21,474,0.764833007716758,0.7688882259060861,-0.004055218189328075
2020-09-22,471,0.5947398211526055,0.6258126845722053,-0.031072863419599854
2020-09-23,473,1.059423096440134,1.0065130745844042,0.05291002185572982
2020-09-24,456,0.9000365165015896,0.8610835841849204,0.038952932316669096
2020-09-25,451,0.700400010666885,0.720638832369434,-0.020238821702549054
2020-09-28,445,0.7118202419494712,0.7198316103493823,-0.008011368399911093
2020-09-29,462,0.7181322290905534,0.7417574797091733,-0.02362525061861973
2020-09-30,466,0.8847852218584892,0.8708653523895032,0.013919869468985902
2020-10-01,470,0.7534384136291032,0.759869775269352,-0.006431361640248554
2020-10-02,472,0.9102987182754186,0.887240912697826,0.023057805577592568
2020-10-05,463,0.7673387508201596,0.7695422931302897,-0.002203542310130011
2020-10-06,463,1.0725401569571684,1.033536908988162,0.03900324796900638
2020-10-07,464,0.822677094570812,0.8355327375029091,-0.01285564293209707
2020-10-08,478,0.7911811710404181,0.7759659968329417,0.01521517420747652
2020-10-09,476,0.6431200417702495,0.6536705003018677,-0.010550458531618134
2020-10-12,471,0.6698735802328024,0.6856470759318161,-0.01577349569901366
2020-10-13,469,0.5995184331122839,0.626424473687093,-0.026906040574809015
2020-10-14,473,0.6883100312613805,0.7034371508445119,-0.015127119583131426
2020-10-15,476,0.6420631863966049,0.6545611601145955,-0.012497973717990704
2020-10-16,476,0.7203937445347218,0.7194572455145174,0.0009364990202044637
2020-10-19,472,0.8947445382660159,0.8720371068265539,0.022707431439462
2020-10-20,473,0.7535002853450327,0.757369673680169,-0.0038693883351363398
2020-10-21,474,0.7059915272019271,0.7172114376738143,-0.011219910471887152
2020-10-22,475,1.1142648706046747,1.0881535138347491,0.026111356769925778
2020-10-23,476,2.309674541160789,2.2628120890594388,0.046862452101349976
2020-10-26,468,1.2262612934017831,1.2297179670546035,-0.003456673652820303
2020-10-27,460,1.0846706024038495,1.0902676723077263,-0.005597069903876889
2020-10-28,459,1.2986735786923689,1.2219290803375655,0.07674449835480357
2020-10-29,466,1.4700270122480399,1.4143134966126563,0.05571351563538349
2020-10-30,476,1.755048769403924,1.697195910789128,0.057852858614796075
2020-11-02,466,1.8647533566934915,1.7807621394824191,0.08399121721107247
2020-11-03,461,1.511827379242726,1.4643719800759527,0.04745539916677327
2020-11-04,453,2.985027528505343,2.746728734814531,0.23829879369081192
2020-11-05,457,2.5785720820154823,2.346341430194619,0.2322306518208634
2020-11-06,464,2.27603279904134,2.0763372349257696,0.19969556411557052
2020-11-09,455,0.8681890954656556,0.8900851463515198,-0.021896050885864236
2020-11-10,450,0.6915300889865418,0.8112551100684037,-0.11972502108186198
2020-11-11,448,0.9837875669787687,0.9718138664931881,0.011973700485580732
2020-11-12,457,1.3919224861251474,1.2288510496456584,0.16307143647948882
2020-11-13,462,0.798418014639574,0.8796395577247605,-0.08122154308518655
2020-11-16,454,0.7952340394803185,0.9163020619582062,-0.12106802247788774
2020-11-17,460,0.7186252833207945,0.8402623880462617,-0.12163710472546722
2020-11-18,462,0.8250984562188316,0.8817310515558268,-0.05663259533699511
2020-11-19,467,1.2411683106946014,1.148361527415693,0.09280678327890826
2020-11-20,466,1.1783297019195569,1.1089664009078584,0.06936330101169857
2020-11-23,458,0.6926003071959229,0.8013442798622205,-0.1087439726662976
2020-11-24,448,0.9523189386331218,0.9641440365079637,-0.011825097874841898
2020-11-25,441,0.7250576350319103,0.8119098054774335,-0.08685217044552317
2020-11-27,449,0.6458904080824809,0.7573932709113004,-0.11150286282881951
2020-11-30,447,0.8818757413486518,0.8858899215642227,-0.004014180215571029
2020-12-01,454,1.0384341583198564,0.9759743085707585,0.062459849749097886
2020-12-02,459,0.7720735825300218,0.8152703329544799,-0.043196750424458176
2020-12-03,471,0.6954095143940154,0.7634726175857416,-0.06806310319172615
2020-12-04,468,0.5756446794157792,0.684184312110469,-0.10853963269468969
2020-12-07,459,0.6415947311937537,0.7208450114012461,-0.0792502802074925
2020-12-08,459,0.6444973450899316,0.66153436049946,-0.017037015409528494
2020-12-09,444,0.7060503505489164,0.7158694740938134,-0.009819123544897014
2020-12-10,446,0.6020908822205374,0.6172199676341511,-0.015129085413613642
2020-12-11,449,0.639799859886079,0.6527677855243157,-0.0129679256382367
2020-12-14,465,0.7699391036452702,0.7832907993194426,-0.013351695674172381
2020-12-15,465,0.7063365529335623,0.7048224289909324,0.0015141239426298674
2020-12-16,465,0.6608190443457134,0.6537383384710472,0.007080705874666105
2020-12-17,466,0.7888771814600125,0.75753779397097,0.03133938748904251
2020-12-18,472,0.6066819907157239,0.6129906450378785,-0.006308654322154547
2020-12-21,467,0.4639113379567125,0.4757395878947628,-0.01182824993805025
2020-12-22,472,0.5970894615299388,0.5824475774741983,0.014641884055740578
2020-12-23,473,0.5098174895187388,0.5006012432669493,0.009216246251789509
2020-12-24,462,0.49623933283751126,0.4895851564465048,0.006654176391006453
2020-12-28,451,0.47555312778298847,0.4822341791303147,-0.006681051347326223
2020-12-29,446,0.5806456389020626,0.5669609757465303,0.013684663155532292
2020-12-30,462,0.6516325249091657,0.6246097124088617,0.02702281250030402
2020-12-31,472,1.2226013168137213,1.2041410045258802,0.018460312287841125
2021-01-04,465,1.683101625685953,1.6756531464605033,0.00744847922544961
2021-01-05,463,1.2736842894950264,1.303886525620305,-0.030202236125278576
2021-01-06,464,0.7926139325364949,0.7986939218153593,-0.0060799892788644385
2021-01-07,476,0.7536508835563869,0.7372205766593719,0.016430306897014996
2021-01-08,478,0.7427787156120594,0.7332676395889169,0.00951107602314252
2021-01-11,473,0.9213637479976243,0.8925156884267699,0.02884805957085451
2021-01-12,471,0.798491116735005,0.7910664222789852,0.007424694456019886
2021-01-13,468,0.7139497986970125,0.7184038841013267,-0.004454085404314303
2021-01-14,473,0.754431227586313,0.7450470047844505,0.009384222801862487
2021-01-15,468,0.7768327411844769,0.7619942311494924,0.014838510034984502
2021-01-19,472,0.7404128194631634,0.7245169060918142,0.01589591337134915
2021-01-20,472,0.8128254044318532,0.7949722924637416,0.017853111968111596
2021-01-21,478,0.9286039315478228,0.9045006669141511,0.02410326463367172
2021-01-22,479,1.630932295518695,1.5638360349867477,0.06709626053194721
2021-01-25,473,0.891177526630007,0.8861071110651242,0.0050704155648828644
2021-01-26,461,1.1553643453793225,1.132347884602427,0.023016460776895384
2021-01-27,460,0.9766417112404572,0.9523258834851648,0.024315827755292365
2021-01-28,464,0.7942548603342894,0.8074123578893654,-0.013157497555076003
2021-01-29,477,1.1653452680979788,1.081660205116458,0.08368506298152073
2021-02-01,468,1.2399574269694442,1.1530333953820915,0.08692403158735261
2021-02-02,466,0.996004772608267,0.9624670655141273,0.03353770709413968
2021-02-03,461,1.1712273004318352,1.1068237545874668,0.06440354584436828
2021-02-04,465,0.7672278011019529,0.7849052553823174,-0.017677454280364463
2021-02-05,466,0.7228292451205047,0.7306619878066324,-0.00783274268612768
2021-02-08,451,0.7064977153465246,0.7338609902504272,-0.027363274903902637
2021-02-09,449,0.7903645293501514,0.7979785477014022,-0.007614018351250829
2021-02-10,444,0.8383991733115195,0.833311377536108,0.005087795775411564
2021-02-11,458,0.7677109509695497,0.7667806428973415,0.0009303080722082142
2021-02-12,458,0.7669538390025146,0.7769390930607483,-0.009985254058233748
2021-02-16,455,0.6602702743139491,0.6833044769328623,-0.02303420261891323
2021-02-17,458,0.9274019081109673,0.9046799228731496,0.022721985237817745
2021-02-18,461,1.1577617850809059,1.1016427925122965,0.056118992568609326
2021-02-19,469,1.2318083883638977,1.1665290116147498,0.06527937674914819
2021-02-22,456,0.7980105354893956,0.7984456549673664,-0.00043511947797073854
2021-02-23,444,0.8097145984646419,0.8528372834776795,-0.04312268501303757
2021-02-24,444,0.6954007651280308,0.7265714882380556,-0.031170723110024806
2021-02-25,457,0.7381344726927586,0.7446020614389202,-0.006467588746161536
2021-02-26,468,0.8753948804198133,0.8535280519531001,0.0218668284667132
2021-03-01,459,1.3779617181617692,1.258771029800524,0.11919068836124523
2021-03-02,453,1.0634990958407047,0.9942308637427413,0.06926823209796337
2021-03-03,457,1.253412665442293,1.1501357819235831,0.10327688351870976
2021-03-04,451,1.0450823539896545,1.0345190709139942,0.010563283075660302
2021-03-05,459,0.8218124799933432,0.8161357993413496,0.005676680651993588
2021-03-08,448,1.1195173162432883,1.0356416533582686,0.08387566288501987
2021-03-09,442,0.8763936461808426,0.8685040695840994,0.007889576596743166
2021-03-10,435,0.9199803790955005,0.8804973970680442,0.03948298202745632
2021-03-11,438,0.6600358258545254,0.7039042335325276,-0.04386840767800226
2021-03-12,460,0.6672202398347479,0.6923956194404551,-0.02517537960570731
2021-03-15,464,0.8211958970750113,0.8041982346504782,0.016997662424533065
2021-03-16,471,0.7002651730924365,0.7371901063562996,-0.03692493326386311
2021-03-17,472,0.7708859953012911,0.7864682247040021,-0.015582229402711052
2021-03-18,475,0.9126616663130528,0.9016519301807158,0.011009736132337088
2021-03-19,477,0.8712892570371464,0.8374840742764528,0.03380518276069349
2021-03-22,474,0.7239154500478143,0.7267403315868042,-0.002824881538989877
2021-03-23,473,1.1849597969626038,1.1459661402579446,0.03899365670465909
2021-03-24,476,0.9391399526464584,0.9432325695035766,-0.004092616857118038
2021-03-25,461,0.6348335714118938,0.6541660982498476,-0.01933252683795365
2021-03-26,452,0.5069536764136566,0.5636700128543,-0.056716336440643327
2021-03-29,449,0.7721927720890365,0.7382341680431652,0.033958604045871386
2021-03-30,462,0.879099278109994,0.8279410575537447,0.05115822055624927
2021-03-31,469,0.748722437709535,0.7489129036095806,-0.00019046590004566025
2021-04-01,471,0.49888797291310394,0.5401409202813029,-0.041252947368198935
2021-04-05,466,0.48091556520212664,0.5218523914121223,-0.04093682620999555
2021-04-06,467,0.49485426019309936,0.5215873205549811,-0.026733060361881767
2021-04-07,467,0.5690524199404865,0.5708447629539815,-0.001792343013494958
2021-04-08,478,0.5233654548703974,0.5262127433791276,-0.0028472885087301733
2021-04-09,476,0.49797023748646113,0.49462298917588393,0.0033472483105771813
2021-04-12,473,0.5523606672182635,0.5600796883405541,-0.007719021122290553
2021-04-13,473,0.5776912235838013,0.5950973998814588,-0.01740617629765754
2021-04-14,478,0.5595836363719416,0.5691479747623613,-0.00956433839041987
2021-04-15,476,0.7035071249018289,0.6791273478486071,0.02437977705322195
2021-04-16,475,0.5502402010950564,0.5461267691755224,0.004113431919534009
2021-04-19,471,0.5914857247111664,0.5869854701440136,0.004500254567152892
2021-04-20,474,0.74861145917994,0.7315123652647609,0.017099093915179078
2021-04-21,475,0.6205538956562004,0.6083952497350293,0.012158645921171118
2021-04-22,478,0.7496948531073144,0.7220023673405416,0.027692485766772888
2021-04-23,480,0.6677439112128045,0.6641139270508186,0.0036299841619858424
2021-04-26,472,0.7082275914613151,0.6999931400668861,0.008234451394429066
2021-04-27,462,0.6836346211973171,0.6727340006362861,0.010900620561031055
2021-04-28,462,0.7398582368419372,0.7403158474156052,-0.00045761057366804076
2021-04-29,470,0.8269599424752888,0.8129661829076307,0.013993759567658167
2021-04-30,480,0.9090013889727914,0.9020504935331316,0.006950895439659763
2021-05-03,471,0.8937314684808654,0.87117234987362,0.022559118607245358
2021-05-04,461,0.8511727669625211,0.8344514314946516,0.016721335467869313
2021-05-05,457,0.761720891087671,0.7598024619008228,0.0019184291868481465
2021-05-06,464,0.6218700545448308,0.6037358552077023,0.018134199337128423
2021-05-07,469,1.3780054939241546,1.3810678845020212,-0.0030623905778663575
2021-05-10,455,0.7958836228286448,0.7975531279288659,-0.0016695051002211497
2021-05-11,448,0.5220370263472442,0.520828406210214,0.0012086201370302865
2021-05-12,452,0.9063789505379354,0.8803101802511157,0.026068770286819698
2021-05-13,463,0.6167669742035701,0.5993716625388228,0.017395311664747264
2021-05-14,466,0.6511057319756874,0.6660873715440876,-0.014981639568400236
2021-05-17,457,0.739127205330385,0.711999765669959,0.027127439660425957
2021-05-18,459,0.599635984822329,0.5910846376497232,0.008551347172605915
2021-05-19,460,0.6406648674548385,0.634066584826102,0.00659828262873646
2021-05-20,465,0.48597167208216646,0.4967129602147476,-0.010741288132581087
2021-05-21,468,0.5479180180769122,0.5408724823037114,0.007045535773200814
2021-05-24,454,0.5612903806267548,0.5641201390579763,-0.002829758431221433
2021-05-25,441,0.5383161173187763,0.5393722926927624,-0.0010561753739862475
2021-05-26,438,0.6218994240562082,0.62501173425428,-0.0031123101980717167
2021-05-27,452,0.5912406797393022,0.5945242279922364,-0.0032835482529342316
2021-05-28,455,0.6659491808719389,0.6478456031695065,0.01810357770243239
2021-06-01,460,0.58177164881715,0.5791756856655608,0.0025959631515891633
2021-06-02,460,0.5619047399101093,0.5708915071747116,-0.008986767264602373
2021-06-03,470,0.5790706373147353,0.5792677694661729,-0.00019713215143763807
2021-06-04,464,0.5974748240776449,0.6091187291040387,-0.011643905026393928
2021-06-07,460,0.6163752922287209,0.624901293098503,-0.008526000869782002
2021-06-08,462,0.5582779025368224,0.5636614972676144,-0.005383594730791869
2021-06-09,445,0.6045259670103019,0.5892724437698462,0.015253523240455796
2021-06-10,447,0.48092105732360463,0.4622442492196763,0.01867680810392831
2021-06-11,447,0.5631871944997556,0.5565462668322696,0.006640927667486046
2021-06-14,468,0.737025357051622,0.7455718076462545,-0.008546450594632592
2021-06-15,473,1.2179218805436076,1.3170118210773987,-0.0990899405337911
2021-06-16,473,0.6408916618794525,0.6411823566391194,-0.00029069475966686786
2021-06-17,476,0.49587149332209185,0.47362720005069214,0.022244293271399696
2021-06-18,477,0.6600217658131169,0.6392675227078026,0.020754243105314315
2021-06-21,473,0.5566547830313596,0.5365108415306589,0.02014394150070081
2021-06-22,469,0.5917345570973085,0.5632530670754421,0.02848149002186637
2021-06-23,470,0.620125275696341,0.6006802038219953,0.019445071874345788
2021-06-24,459,0.5735680565737019,0.5596556435822567,0.013912412991445171
2021-06-25,454,0.5353281681765789,0.5180317129049486,0.017296455271630252
2021-06-28,447,0.459109675811739,0.4374805967656205,0.02162907904611849
2021-06-29,459,0.47628929191169433,0.4658610900790298,0.01042820183266451
2021-06-30,464,0.5706142534150217,0.5603500290385152,0.01026422437650651
2021-07-01,471,0.6916063378718275,0.6678132286445873,0.023793109227240195
2021-07-02,470,0.7764594637218626,0.7412580140219825,0.03520144969988016
2021-07-06,470,0.4385733845905304,0.4223171190629291,0.01625626552760132
2021-07-07,471,0.4770270176381544,0.4571800313238894,0.019846986314264976
2021-07-08,478,0.4949307735659476,0.4789291939850303,0.01600157958091726
2021-07-09,475,0.5509332609159349,0.5245463015710539,0.026386959344880914
2021-07-12,472,0.6946999450579939,0.6493261587677391,0.045373786290254826
2021-07-13,471,0.8076738445777406,0.7527900637310738,0.054883780846666834
2021-07-14,477,1.0898104258572716,1.0357777258684848,0.0540326999887868
2021-07-15,475,0.5929075353541313,0.5663827604589132,0.026524774895218223
2021-07-16,475,0.6646441035861145,0.6387470605114526,0.0258970430746619
2021-07-19,472,0.9713583150411572,0.9628638060919806,0.008494508949176669
2021-07-20,475,0.6324042547309149,0.6334997156528677,-0.0010954609219527881
2021-07-21,473,0.5436839537698079,0.5476866458698115,-0.00400269210000361
2021-07-22,476,0.5532499612896459,0.5629428092675943,-0.009692847977948369
2021-07-23,477,0.5262779965472243,0.5257973118880774,0.00048068465914685704
2021-07-26,470,0.5985021752802953,0.6024997370077054,-0.0039975617274101635
2021-07-27,458,0.6652294148137194,0.6647830495372848,0.00044636527643453114
2021-07-28,458,0.6662159207017182,0.6529219536210363,0.013293967080682006
2021-07-29,468,0.6992396135155567,0.688948807653511,0.01029080586204588
2021-07-30,480,0.6994132058804449,0.6952929408204688,0.0041202650599761245
2021-08-02,475,0.6718839542280435,0.6772061281096693,-0.005322173881625779
2021-08-03,469,0.6110838677090474,0.6110931334823335,-9.265773286173554e-06
2021-08-04,460,0.6839203832702929,0.6693057588693855,0.01461462440090744
2021-08-05,465,0.7243698390385461,0.7141889301746732,0.010180908863872915
2021-08-06,466,0.6923844211032728,0.6840394878273959,0.008344933275876959
2021-08-09,454,0.6947337745555943,0.6724486834771513,0.022285091078443047
2021-08-10,446,0.5455371506769848,0.5330540311922891,0.012483119484695616
2021-08-11,449,0.5955325393469368,0.5750967774226251,0.020435761924311735
2021-08-12,461,0.7289340382000885,0.6945745385223181,0.03435949967777037
2021-08-13,464,0.7418522944679921,0.7101099225798815,0.03174237188811069
2021-08-16,455,0.8410045910429673,0.8190929248846188,0.021911666158348345
2021-08-17,460,0.5880972959700707,0.5753239503469525,0.01277334562311814
2021-08-18,462,0.5158800271251333,0.5108336051397173,0.005046421985415809
2021-08-19,471,0.8190024998343649,0.7799491337967501,0.039053366037614834
2021-08-20,472,0.8559904579327154,0.8266354902629802,0.02935496766973523
2021-08-23,471,0.5709178173914891,0.5533400533106041,0.01757776408088499
2021-08-24,468,0.5518420725421805,0.5279347996008804,0.023907272941300066
2021-08-25,462,0.5236104801683225,0.5037072185279684,0.01990326164035408
2021-08-26,444,0.4962028503498602,0.47610846272266444,0.02009438762719579
2021-08-27,446,0.563488380440325,0.5605232146595149,0.0029651657808100695
2021-08-30,440,0.5479975351353018,0.5366774562011939,0.011320078934107863
2021-08-31,458,0.5160956294209832,0.4912033967752782,0.024892232645705076
2021-09-01,455,0.5426794512022711,0.5320870994310679,0.010592351771203275
2021-09-02,466,0.6262963112440453,0.605535073476848,0.020761237767197304
2021-09-03,455,0.6404783466573901,0.642862633504481,-0.002384286847090894
2021-09-07,458,0.6127976546764612,0.6033201200216658,0.009477534654795384
2021-09-08,460,0.6744226133004971,0.6775342836233773,-0.003111670322880094
2021-09-09,450,0.6406420308319749,0.6301148023886316,0.010527228443343264
2021-09-10,445,0.6135425681320257,0.5797880094242308,0.033754558707794924
2021-09-13,444,0.555970884335752,0.536924693904128,0.01904619043162399
2021-09-14,468,0.5698937360377583,0.5569942790636371,0.012899456974121242
2021-09-15,474,0.8955178138767953,0.9258471398780288,-0.030329326001233406
2021-09-16,475,0.9079948079650116,0.9435952332093356,-0.03560042524432407
2021-09-17,476,0.5585812478317754,0.5382252335204503,0.020356014311325072
2021-09-20,472,0.8393158367948358,0.8185467808029143,0.020769055991921553
2021-09-21,472,0.9659042522576835,0.9638229941862333,0.0020812580714500996
2021-09-22,471,0.948871455281141,0.9318048858342901,0.017066569446850793
2021-09-23,476,0.925092657083389,0.9534610553286077,-0.028368398245218765
2021-09-24,458,0.8855294424750492,0.9010266343583878,-0.015497191883338654
2021-09-27,448,1.01916998521912,1.0533803433400133,-0.0342103581208932
2021-09-28,447,0.5816450085465772,0.5642146868304865,0.017430321716090685
2021-09-29,462,0.7303594811242738,0.7273257466508563,0.003033734473417677
2021-09-30,471,0.6874269817731405,0.6636883489935635,0.02373863277957703
2021-10-01,472,0.5653552908638135,0.5609463710618913,0.0044089198019223496
2021-10-04,466,0.6703588359155948,0.6825298229758162,-0.012170987060221478
2021-10-05,468,0.5738020570187057,0.5708164839431303,0.0029855730755753832
2021-10-06,469,0.6178638203195312,0.6046802487969958,0.013183571522535567
2021-10-07,481,0.6393275566052382,0.6300008898112153,0.009326666794022878
2021-10-08,480,0.6005548434304853,0.5871617252128757,0.013393118217609667
2021-10-11,471,0.7302711950541972,0.7351099121218024,-0.004838717067605253
2021-10-12,470,0.8044360057976596,0.8159089794026454,-0.011472973604985743
2021-10-13,473,0.7728346533067756,0.7749204071773772,-0.0020857538706016403
2021-10-14,481,0.5736820303893863,0.5698834362514006,0.0037985941379857055
2021-10-15,481,0.609509635937041,0.6017802596565852,0.0077293762804558925
2021-10-18,475,0.6686900281171801,0.6792519549315763,-0.010561926814396091
2021-10-19,475,0.6552269970357609,0.6551335263991852,9.34706365757929e-05
2021-10-20,475,0.6165849933366243,0.606851750192362,0.009733243144262202
2021-10-21,480,0.5936138716034525,0.5798838582949856,0.013730013308466895
2021-10-22,480,0.756071545521175,0.7586566421213136,-0.002585096600138643
2021-10-25,472,0.765918798242931,0.7660970228282706,-0.00017822458533965882
2021-10-26,460,0.825195796943831,0.8253000341023946,-0.00010423715856350576
2021-10-27,458,0.8181753050387539,0.8108794356723003,0.007295869366453644
2021-10-28,465,0.7414771400468904,0.7351026150998058,0.006374524947084621
2021-10-29,478,0.8561780705034618,0.8667799695793831,-0.010601899075921302
2021-11-01,471,0.8505224706012885,0.853931667747401,-0.003409197146112511
2021-11-02,469,0.9543570343438726,0.9508443904417977,0.0035126439020749588
2021-11-03,467,0.8332688034654258,0.8291344261403277,0.004134377325097924
2021-11-04,467,0.7392517546283409,0.7255911908065235,0.013660563821817446
2021-11-05,452,0.6488405133043434,0.6238868274597426,0.024953685844600854
2021-11-08,454,0.6320273323192892,0.6167205157802395,0.01530681653904977
2021-11-09,448,0.5999414776420692,0.592391487206642,0.0075499904354270776
2021-11-10,461,0.6175486178838794,0.6043025189030685,0.013246098980810847
2021-11-11,454,0.6483392391815629,0.642722316558697,0.005616922622865934
2021-11-12,464,0.5897752183492565,0.5888868483033611,0.0008883700458953968
2021-11-15,455,0.6860278044048228,0.6781966158703099,0.007831188534512807
2021-11-16,459,0.7880515302409147,0.7673930007873236,0.020658529453590983
2021-11-17,458,0.6966856226745622,0.6710099798826727,0.025675642791889528
2021-11-18,468,0.6836171660022111,0.6736632120745287,0.009953953927682335
2021-11-19,464,0.7118970504229278,0.7158129505657647,-0.003915900142836871
2021-11-22,467,0.886498443290782,0.8747288066496125,0.01176963664116955
2021-11-23,462,0.9086582288093858,0.8816291050592557,0.027029123750130002
2021-11-24,449,1.5035142285204144,1.5269071827951755,-0.02339295427476102
2021-11-26,447,1.1690713126937808,1.1429619884026572,0.026109324291123844
2021-11-29,439,0.790164911708377,0.778881284034116,0.011283627674260902
2021-11-30,456,0.7445815203308321,0.7311222131323303,0.013459307198501917
2021-12-01,458,1.2137544563775433,1.197024648121676,0.016729808255867153
2021-12-02,472,0.8441681152042322,0.8532461015973793,-0.00907798639314717
2021-12-03,470,1.0838779598866657,1.0367399154092376,0.04713804447742795
2021-12-06,459,0.594439445311447,0.6181873250869416,-0.02374787977549468
2021-12-07,461,0.6020963667576621,0.6194470907069562,-0.017350723949294253
2021-12-08,462,0.8085014980928653,0.7802514433399553,0.028250054752910026
2021-12-09,457,0.7165872278010744,0.7052059372409516,0.011381290560122874
2021-12-10,453,0.720339083896621,0.7133593709973339,0.006979712899287144
2021-12-13,450,0.7145656281834938,0.723102376830468,-0.008536748646974224
2021-12-14,465,0.6182342493834883,0.6425756206764083,-0.024341371292920036
2021-12-15,468,0.9972804099074811,0.9815151344266081,0.01576527548087307
2021-12-16,471,0.7918881180168227,0.7709572599044309,0.02093085811239193
2021-12-17,471,0.6847772492995714,0.6628825509177594,0.021894698381812065
2021-12-20,474,1.1726925195288642,1.0913010530706173,0.08139146645824706
2021-12-21,475,0.8097497835566672,0.8091007255477037,0.0006490580089632625
2021-12-22,481,0.624009639979453,0.6553846866103278,-0.03137504663087469
2021-12-23,481,0.5853585982963354,0.6302271399181127,-0.04486854162177737
2021-12-27,467,0.42495870630460153,0.4663914296162278,-0.04143272331162627
2021-12-28,456,0.4149873533185203,0.4541346285570132,-0.03914727523849289
2021-12-29,453,0.5840380629825566,0.5833589282022514,0.0006791347803049789
2021-12-30,467,0.9586073437229544,0.9306477829522949,0.027959560770659562
2021-12-31,476,1.2761397981916827,1.2303460019847576,0.045793796206925114
2022-01-03,471,1.0541083342329436,1.0165149609472504,0.03759337328569326
2022-01-04,467,1.1113402681670836,1.0700103010853597,0.041329967081724164
2022-01-05,469,0.7982970151732687,0.8002574760685287,-0.001960460895259993
2022-01-06,478,0.6844109409567336,0.6837675383324269,0.0006434026243066865
2022-01-07,484,0.5973559161375662,0.5962068439070513,0.0011490722305148508
2022-01-10,477,0.6246612241963351,0.6036582920534407,0.02100293214289456
2022-01-11,474,0.8117028757647266,0.7782735635492687,0.033429312215457835
2022-01-12,472,1.1308324597264126,1.0759236351669261,0.05490882455948651
2022-01-13,477,1.1251301692989828,1.0886472270018341,0.03648294229714861
2022-01-14,473,1.4081244101990857,1.3556206285632686,0.052503781635817086
2022-01-18,475,1.394384775893891,1.3170319520272418,0.07735282386664946
2022-01-19,477,0.8455702075097774,0.8187009219912973,0.026869285518480102
2022-01-20,483,0.9536625858777938,0.9151979118934945,0.03846467398429932
2022-01-21,482,0.8294241017567408,0.825970392216185,0.0034537095405558094
2022-01-24,481,1.2325945955174336,1.1950644119201528,0.037530183597280754
2022-01-25,471,0.7991192497926115,0.8056178860214217,-0.00649863622881015
2022-01-26,466,1.2154304782040717,1.179032941255165,0.036397536948906656
2022-01-27,466,1.593463074728625,1.5125608061182825,0.08090226861034222
2022-01-28,475,1.1427144525004114,1.0802059334643241,0.06250851903608722
2022-01-31,476,0.8434152898237528,0.8301478035052946,0.013267486318458257
2022-02-01,471,0.8775600551022636,0.8716968878768647,0.005863167225398951
2022-02-02,468,0.9492605649038073,0.9515435737531822,-0.002283008849374907
2022-02-03,472,0.872945337168098,0.8671760945359099,0.0057692426321880545
2022-02-04,471,0.9633970533771844,0.9346933185022566,0.02870373487492774
2022-02-07,463,0.7322927348809478,0.747955741763615,-0.015663006882667155
2022-02-08,456,0.847489570874708,0.8437246206768042,0.0037649501979038734
2022-02-09,456,1.3531888328571162,1.2821157642410965,0.07107306861601947
2022-02-10,462,0.642168541062628,0.6850676828255141,-0.042899141762885985
2022-02-11,467,0.8056834253828313,0.8060945191352198,-0.00041109375238859513
2022-02-14,458,0.7376207773899749,0.7520448665568308,-0.014424089166855877
2022-02-15,456,0.9905159796610759,0.9427979600458073,0.047718019615268545
2022-02-16,456,1.2601849556401759,1.16225062032049,0.09793433531968562
2022-02-17,472,1.2107692692322332,1.127393111280762,0.08337615795147113
2022-02-18,468,0.9806696225722178,1.0023875680299748,-0.021717945457756873
2022-02-22,458,0.9693906139350031,0.9423349159910264,0.02705569794397679
2022-02-23,444,1.47631898742662,1.3762055049444377,0.10011348248218213
2022-02-24,450,1.0731934648814285,1.0733843038750237,-0.00019083899359540024
2022-02-25,460,0.9083389284703351,0.9159490548165082,-0.007610126346173122
2022-02-28,464,0.9368577244185606,0.9118827431554645,0.02497498126309601
2022-03-01,463,1.1493364488477553,1.1236628085506102,0.025673640297145164
2022-03-02,462,2.3018787875844606,2.005085171553461,0.2967936160309999
2022-03-03,468,1.9028261530361974,1.6985699146028528,0.2042562384333444
2022-03-04,459,0.8159755638757918,0.8427868979855214,-0.026811334109729582
2022-03-07,449,1.0669747270858128,0.9958296464304217,0.07114508065539114
2022-03-08,452,0.767668989683126,0.7850615954617179,-0.017392605778591884
2022-03-09,445,1.0976141841522098,1.0237879132694554,0.07382627088275423
2022-03-10,452,0.7801145944125263,0.8072134910750238,-0.02709889666249759
2022-03-11,448,1.3476451159041825,1.235804632175253,0.11184048372892934
2022-03-14,466,1.930451301044435,1.6815491040599133,0.24890219698452182
2022-03-15,472,1.6876203021357392,1.4768910790995735,0.21072922303616573
2022-03-16,474,0.8369290322895647,0.8539152583470287,-0.016986226057464148
2022-03-17,480,0.6509181860985899,0.7053868219719986,-0.05446863587340877
2022-03-18,479,0.7628257749943961,0.8071477334027087,-0.04432195840831262
2022-03-21,476,0.6256850594073983,0.6919402842422686,-0.06625522483487027
2022-03-22,475,0.7226979186404687,0.7821264302916257,-0.059428511651156916
2022-03-23,477,0.7433542658832187,0.8039880541738913,-0.06063378829067252
2022-03-24,484,0.8386276777538298,0.8669829743211923,-0.028355296567362492
2022-03-25,465,0.6835670395054955,0.7314563218383625,-0.04788928233286708
2022-03-28,456,0.6404878901703501,0.6950612754069904,-0.05457338523664035
2022-03-29,453,0.9661382745638468,0.9376762817866025,0.028461992777244385
2022-03-30,469,0.6589996557446842,0.7062752388311485,-0.04727558308646429
2022-03-31,474,0.6496942064834308,0.6933735958806,-0.04367938939716926
2022-04-01,476,0.8783570653125077,0.8435229959142772,0.0348340693982305
2022-04-04,470,1.142750416290348,1.0617051464202742,0.08104526987007382
2022-04-05,469,0.9524806808989229,0.9281868160646574,0.024293864834265492
2022-04-06,469,0.6720355865244093,0.6693041007955615,0.002731485728847954
2022-04-07,477,0.7823542892501743,0.7606838555817846,0.02167043366838952
2022-04-08,477,0.6500583631669348,0.6614631749597689,-0.011404811792834165
2022-04-11,476,0.6864137661171417,0.6871542256296111,-0.0007404595124695295
2022-04-12,479,0.65525638272624,0.660239527666541,-0.004983144940301014
2022-04-13,484,0.6263550848189736,0.6284282392400649,-0.0020731544210911357
2022-04-14,483,0.9147395482309895,0.9123243209329944,0.002415227297994948
2022-04-18,477,0.9119045724632749,0.9019837892598894,0.009920783203385556
2022-04-19,479,1.4631851062088082,1.3590728744172313,0.10411223179157662
2022-04-20,479,1.4508974189533097,1.4136385382698442,0.0372588806834655
2022-04-21,483,1.7271030959353577,1.6919374706482049,0.035165625287152884
2022-04-22,483,0.9279794690951556,0.9016171714465424,0.026362297648613156
2022-04-25,477,0.8781723421822325,0.8597760521077533,0.018396290074479286
2022-04-26,468,0.9133015713901099,0.9223038815340188,-0.009002310143908824
2022-04-27,468,0.9535414439472852,0.9792422774657233,-0.02570083351843813
2022-04-28,476,1.02329298784748,1.0443784833161491,-0.02108549546866909
2022-04-29,485,1.4791452879705422,1.3959297511481241,0.08321553682241815
2022-05-02,479,1.0142739724656347,0.9757183805930415,0.038555591872593345
2022-05-03,472,1.2368506534209631,1.1521227796364597,0.08472787378450332
2022-05-04,466,3.03609854957438,2.657465454480219,0.3786330950941612
2022-05-05,471,1.730031827291848,1.5555542253148653,0.1744776019769828
2022-05-06,473,1.788085470792692,1.5808446652027293,0.20724080558996286
2022-05-09,463,0.7551715123196568,0.799819351372276,-0.044647839052619244
2022-05-10,450,0.7998456869588092,0.8227363863439008,-0.022890699385091626
2022-05-11,452,0.9917997792942252,0.9473319510003243,0.044467828293900946
2022-05-12,463,1.408997615511345,1.2691415245260085,0.13985609098533652
2022-05-13,470,1.1064511036836597,1.0953361183854737,0.01111498529818581
2022-05-16,459,1.0408740510123902,1.089952469463472,-0.04907841845108179
2022-05-17,464,1.5440911316679566,1.4718760625951828,0.07221506907277384
2022-05-18,466,0.8194135407324715,0.868429593165092,-0.04901605243262043
2022-05-19,473,0.9808152393184566,0.9772288629899902,0.0035863763284663197
2022-05-20,473,0.8692001479375785,0.9117615796345064,-0.04256143169692788
2022-05-23,468,0.9122982315005913,0.9347385999242267,-0.02244036842363534
2022-05-24,460,2.2284335638242805,1.8571273613642059,0.37130620246007473
2022-05-25,445,1.3137910547120142,1.180366201799469,0.13342485291254524
2022-05-26,451,0.6096531955536036,0.7162718089752966,-0.10661861342169292
2022-05-27,450,0.6598285394605421,0.7503299609867498,-0.09050142152620769
2022-05-31,463,0.7083583973103704,0.7784034267235208,-0.0700450294131504
2022-06-01,465,0.6494556740882288,0.7381903632283748,-0.08873468914014596
2022-06-02,475,0.563564841592356,0.6679739532662542,-0.1044091116738982
2022-06-03,474,0.5821355773059798,0.6690993386681496,-0.08696376136217004
2022-06-06,460,1.0029530838084624,1.0120705492259017,-0.009117465417439316
2022-06-07,464,2.3072347797827653,2.0791595009718478,0.22807527881091758
2022-06-08,466,3.490811308946375,3.087062858942849,0.4037484500035255
2022-06-09,458,2.7886113709401323,2.464800752423014,0.3238106185171189
2022-06-10,455,1.3038868248081912,1.2806674713776844,0.023219353430506955
2022-06-13,451,1.231728187546145,1.1905074694778222,0.04122071806832268
2022-06-14,472,1.0906274762570858,1.0888459710329919,0.0017815052240939455
2022-06-15,474,0.8927785591859843,0.9162062263572223,-0.023427667171238016
2022-06-16,479,0.9654315521591514,0.9534036778539474,0.012027874305203967
2022-06-17,478,1.266391717529728,1.2252785690895533,0.041113148440174614
2022-06-21,477,1.5907544017756505,1.4434853826211982,0.14726901915445256
2022-06-22,477,1.26385120801501,1.1965946254926296,0.06725658252238055
2022-06-23,482,0.7850979133057763,0.8034960909237286,-0.01839817761795233
2022-06-24,468,1.004537857755895,0.9353290495833919,0.06920880817250301
2022-06-27,455,1.131178107622481,1.0353736522957264,0.09580445532675456
2022-06-28,451,0.8483423798660807,0.8502988700937147,-0.0019564902276339577
2022-06-29,464,0.7997010083796224,0.7939172171636052,0.0057837912160172795
2022-06-30,476,0.7926561526720045,0.795998908954251,-0.0033427562822465734
2022-07-01,473,0.855375364281334,0.8487559326158692,0.00661943166546472
2022-07-05,472,0.6093487051247024,0.6715760728139981,-0.06222736768929567
2022-07-06,474,0.5411748692298632,0.6168670079825143,-0.07569213875265102
2022-07-07,480,0.7677190879582682,0.7852437065374908,-0.017524618579222526
2022-07-08,485,0.8185087679092865,0.8250332297559222,-0.00652446184663564
2022-07-11,480,0.8611732020223567,0.8790305691032193,-0.017857367080862552
2022-07-12,480,0.5979864639527043,0.6651663133565793,-0.06717984940387504
2022-07-13,479,0.6349595034741712,0.6649659251454157,-0.030006421671244562
2022-07-14,481,1.5784887747324408,1.4243745661034433,0.15411420862899744
2022-07-15,480,1.373390769249898,1.2137561711201792,0.15963459812971842
2022-07-18,476,1.6928927641070737,1.6026959704670767,0.09019679363999716
2022-07-19,479,0.717512566108324,0.7225452678693306,-0.00503270176100646
2022-07-20,481,0.7011136567652387,0.7040028166908681,-0.0028891599256293263
2022-07-21,484,0.970379436327005,0.9018567759064892,0.06852266042051572
2022-07-22,484,0.76765335020091,0.7795832990581252,-0.011929948857215251
2022-07-25,475,1.134708397892535,1.1465935369753604,-0.0118851390828255
2022-07-26,464,1.8789156617947194,1.798797169236113,0.08011849255860644
2022-07-27,464,1.1053764349613757,1.1051831729936692,0.00019326196770649942
2022-07-28,473,0.7293825149500519,0.7353508125007634,-0.005968297550711471
2022-07-29,486,0.8724163781668298,0.8447919041859409,0.027624473980889023
2022-08-01,481,0.995244399413015,0.9502197265838991,0.045024672829115986
2022-08-02,475,0.860695777310901,0.8320268241713927,0.028668953139508246
2022-08-03,472,0.68982192457314,0.6940976884675438,-0.004275763894403844
2022-08-04,472,0.8523799793935838,0.8233544464048436,0.029025532988740218
2022-08-05,474,0.8054992779155653,0.8103459401588854,-0.00484666224332004
2022-08-08,463,0.8344299910152472,0.8321171079516828,0.002312883063564327
2022-08-09,453,1.4121372456087729,1.3233514654078158,0.08878578020095702
2022-08-10,455,0.6943013859151256,0.7213621256845741,-0.027060739769448602
2022-08-11,461,0.7045355309972761,0.7359421807294729,-0.031406649732196784
2022-08-12,468,0.6131730534191396,0.6228275469572744,-0.009654493538134667
2022-08-15,456,0.6433774715686341,0.6414003816652977,0.001977089903336424
2022-08-16,462,0.9486511319946521,0.867651435772923,0.08099969622172909
2022-08-17,467,1.1962852109241384,1.1156460730700035,0.08063913785413515
2022-08-18,478,1.3319770629262182,1.271294340076906,0.06068272284931224
2022-08-19,478,0.8157749463453465,0.8248671358165677,-0.009092189471221092
2022-08-22,477,0.7624040833935424,0.7383048597220551,0.02409922367148733
2022-08-23,475,0.6701243685021225,0.692300723775545,-0.022176355273422474
2022-08-24,475,0.8548953889152793,0.8585095013273142,-0.0036141124120349965
2022-08-25,465,1.6444355733515783,1.606755029363855,0.03768054398772352
2022-08-26,453,0.8318249640130041,0.8297620569023292,0.0020629071106748795
2022-08-29,443,0.8281799829174888,0.8048170496707574,0.0233629332467314
2022-08-30,453,0.6876457114698473,0.6880191278577067,-0.00037341638785939077
2022-08-31,462,0.6757208053361384,0.6723815806550242,0.00333922468111415
2022-09-01,471,0.5794468826497806,0.6010062293623043,-0.02155934671252372
2022-09-02,458,0.9665876404140874,0.9677949595054052,-0.0012073190913177915
2022-09-06,462,1.4777927547111995,1.4108103808481083,0.06698237386309151
2022-09-07,467,1.0972635822190495,1.026613537051726,0.0706500451673234
2022-09-08,479,0.7294252897495596,0.7342080103916356,-0.004782720642076148
2022-09-09,460,1.1045031997854915,1.0820581883999665,0.02244501138552507
2022-09-12,448,1.6315678088084227,1.605487638780492,0.026080170027930533
2022-09-13,452,0.893309185881198,0.8810435153507029,0.012265670530495126
2022-09-14,472,0.7688937981252649,0.7546589228398796,0.014234875285385511
2022-09-15,481,0.8475377878995142,0.817984806239733,0.029552981659781204
2022-09-16,479,0.8977643814219561,0.8773075615128832,0.020456819909072894
2022-09-19,479,1.632476803631557,1.5076793790106344,0.12479742462092246
2022-09-20,478,1.7273208432245188,1.5940308416672193,0.1332900015572997
2022-09-21,481,1.6770321160222894,1.5421286650865875,0.13490345093570166
2022-09-22,483,1.1984946093991429,1.1699484955926727,0.028546113806470222
2022-09-23,486,0.711873165115135,0.7230577345361973,-0.011184569421062362
2022-09-26,463,0.7775753508909831,0.7806670240003862,-0.003091673109403231
2022-09-27,455,0.8050746964896045,0.8092195979889388,-0.004144901499334319
2022-09-28,453,0.7353608189419293,0.7367915056110894,-0.001430686669160008
2022-09-29,474,1.7481429894666007,1.6200132112074355,0.1281297782591653
2022-09-30,481,2.0799466424418074,1.9427874738811226,0.1371591685606849
2022-10-03,470,1.015436853440886,0.9708735834728808,0.04456326996800516
2022-10-04,469,1.490488216699091,1.3971150792375084,0.09337313746158252
2022-10-05,471,1.5329265090958786,1.4184792478227217,0.11444726127315684
2022-10-06,484,1.4571367120307006,1.3388093789405722,0.11832733309012834
2022-10-07,486,0.9020672360486245,0.8990100055239718,0.003057230524652605
2022-10-10,480,0.72336315393551,0.7485489548188615,-0.025185800883351556
2022-10-11,478,0.8013424707947053,0.8038448279834587,-0.0025023571887532333
2022-10-12,479,0.8520956209843531,0.8710174076339682,-0.018921786649615097
2022-10-13,483,0.6970231845454735,0.7214135801632608,-0.024390395617787303
2022-10-14,486,0.9880464162614553,0.9616459628522851,0.026400453409170167
2022-10-17,480,0.8817374643698945,0.8837158799834762,-0.001978415613581611
2022-10-18,481,0.9503562390824446,0.9411549202058963,0.009201318876548206
2022-10-19,481,0.9212702207908808,0.9191729238992149,0.002097296891665861
2022-10-20,487,1.8125558465662706,1.65885741840379,0.15369842816248044
2022-10-21,486,1.1196870827630832,1.0919797318771693,0.02770735088591389
2022-10-24,483,1.04433806116792,1.0359593619476628,0.008378699220257408
2022-10-25,476,1.1942512357568817,1.196584756027385,-0.0023335202705032443
2022-10-26,468,1.0052243416589224,1.0148063219710284,-0.009581980312105857
2022-10-27,469,0.9135263167228266,0.9298672876976571,-0.016340970974830647
2022-10-28,477,1.1549038354459589,1.1032038585136268,0.0516999769323321
2022-10-31,480,1.3374936857222266,1.2683733502978476,0.06912033542437877
2022-11-01,474,1.2493342598573118,1.1972975218789068,0.052036737978405086
2022-11-02,471,1.1995131916716117,1.1381940091208933,0.06131918255071843
2022-11-03,475,1.3005097886201678,1.2160451155318075,0.08446467308836042
2022-11-04,465,0.8336865718907291,0.8515274479543198,-0.017840876063590708
2022-11-07,456,1.7162587238864262,1.5683937855504815,0.14786493833594497
2022-11-08,459,2.1035520970822814,1.9008616257133664,0.20269047136891497
2022-11-09,462,2.2746291051306886,2.027974334734223,0.24665477039646563
2022-11-10,467,0.9187986472672021,0.9362445428205939,-0.017445895553391884
2022-11-11,457,0.8189408222331608,0.8379830381322951,-0.019042215899134317
2022-11-14,457,0.682783577552761,0.7539814748728499,-0.07119789732008891
2022-11-15,460,0.8771874935107212,0.8745786610227724,0.002608832487948835
2022-11-16,464,0.7307214362066731,0.7841818645670952,-0.053460428360422044
2022-11-17,472,0.7814503910804642,0.8476768196698395,-0.06622642858937533
2022-11-18,470,0.6172809754020508,0.7179943770801017,-0.10071340167805096
2022-11-21,470,0.6713432647149629,0.7403208931598464,-0.06897762844488348
2022-11-22,476,0.5808275551945,0.6780395874816656,-0.09721203228716564
2022-11-23,472,0.5968136979953101,0.6709995802515752,-0.07418588225626521
2022-11-25,455,0.6090642512933414,0.6812074335544414,-0.07214318226110003
2022-11-28,440,0.984529113094461,0.9542205049396488,0.030308608154812244
2022-11-29,446,0.9645851561840384,0.9499769109050837,0.01460824527895465
2022-11-30,467,0.8499091922294076,0.8790193017300418,-0.029110109500634314
2022-12-01,477,1.1902337138004921,1.0988851450691113,0.09134856873138095
2022-12-02,477,1.2325971177319044,1.1373669037392338,0.09523021399267069
2022-12-05,463,0.7116306844898473,0.7399885438898849,-0.028357859400037513
2022-12-06,466,0.6094468273599914,0.6705504133096459,-0.06110358594965442
2022-12-07,469,0.6899865220053932,0.716812964618066,-0.02682644261267278
2022-12-08,478,0.7147381388419773,0.7344194143786337,-0.019681275536656367
2022-12-09,462,0.708207077352258,0.7017065546943125,0.006500522657945447
2022-12-12,451,0.9509220691112703,0.9432599998011366,0.0076620693101336936
2022-12-13,451,1.3457980257815771,1.3244619402809539,0.021336085500623183
2022-12-14,465,1.4729821075216416,1.4236309692604636,0.04935113826117799
2022-12-15,474,0.7808937323996458,0.7662226252243578,0.014671107175287927
2022-12-16,476,0.5721668807517232,0.5717121289319286,0.0004547518197946203
2022-12-19,481,0.5268151830771827,0.5280226479600778,-0.0012074648828951922
2022-12-20,482,0.5360338531067875,0.5498803930632167,-0.013846539956429272
2022-12-21,484,0.6390989296814217,0.5967427305783842,0.04235619910303743
2022-12-22,483,0.5523189290426522,0.5316526700631705,0.020666258979481683
2022-12-23,465,0.47093502372993773,0.4716842091703226,-0.0007491854403849051
2022-12-27,454,0.5281007587044393,0.509541077153699,0.01855968155074029
2022-12-28,454,0.6655459948241588,0.6336297058487189,0.03191628897543978
2022-12-29,471,0.7116029807689396,0.6969719766563881,0.014631004112551325
2022-12-30,476,0.8364585267602794,0.821539834944509,0.014918691815770477
2023-01-03,474,1.067342466514507,1.0604805432718714,0.006861923242635719
2023-01-04,470,0.8145360420581813,0.7810588033302976,0.03347723872788367
2023-01-05,479,1.1763793684404773,1.1348711757905936,0.04150819264988382
2023-01-06,481,0.9686302165127434,0.9150904240898897,0.053539792422853665
2023-01-09,482,0.9776806971103015,0.9355328445533967,0.04214785255690476
2023-01-10,478,0.8400398177514129,0.8158433653415784,0.02419645240983436
2023-01-11,478,0.6749999588363832,0.6510980399363878,0.02390191889999532
2023-01-12,484,0.7010254312183064,0.7280393754186479,-0.027013944200341453
2023-01-13,480,0.9887052612297311,1.0185765988425248,-0.02987133761279379
2023-01-17,477,0.6590235435013867,0.6786948654253585,-0.0196713219239718
2023-01-18,477,0.8071334208384812,0.7820078008769462,0.02512561996153489
2023-01-19,481,1.0032809121271902,0.9732624225579097,0.03001848956928049
2023-01-20,485,0.6914116955268154,0.6874412901773284,0.003970405349486934
2023-01-23,483,0.6878196346424854,0.6858664925375572,0.0019531421049283535
2023-01-24,486,0.7780536738936327,0.745930121039786,0.03212355285384677
2023-01-25,480,0.6474767565766459,0.625525093022106,0.021951663554539935
2023-01-26,475,0.6676986649765997,0.6519636303644184,0.01573503461218124
2023-01-27,475,0.8361975201563732,0.8113613233831839,0.02483619677318916
2023-01-30,478,1.7547522693349427,1.6744397180178778,0.08031255131706498
2023-01-31,480,1.0184531425873342,0.9771223545466078,0.04133078804072636
2023-02-01,475,0.7207971954347937,0.7332414278695905,-0.012444232434796587
2023-02-02,476,0.7582833062295212,0.7490086806041677,0.00927462562535357
2023-02-03,475,0.7161319974235932,0.7244600319361677,-0.008328034512574384
2023-02-06,467,0.8316630220489855,0.8165237498108787,0.015139272238106669
2023-02-07,464,0.879518382133675,0.8389619506660349,0.0405564314676401
2023-02-08,464,0.6466778049297308,0.6441313542201431,0.0025464507095876894
2023-02-09,467,0.600735940476091,0.615951450467623,-0.015215509991531904
2023-02-10,467,0.8965181966140962,0.847705923781191,0.048812272832905165
2023-02-13,459,0.7228560180897892,0.732764714241507,-0.009908696151717755
2023-02-14,460,0.7125896519185867,0.7107151780044787,0.0018744739141079972
2023-02-15,462,1.2317978199586925,1.1429523548897846,0.08884546506890789
2023-02-16,472,0.9428703268926683,0.9124088749971591,0.030461451895509268
2023-02-17,469,0.8085617769273429,0.8130092695127739,-0.0044474925854309936
2023-02-21,466,0.7291362195873939,0.7321316649514077,-0.0029954453640137603
2023-02-22,455,0.6619481724356548,0.6745186601384481,-0.012570487702793206
2023-02-23,452,0.6285983682380292,0.6581371208802623,-0.0295387526422331
2023-02-24,455,0.6613681789588628,0.6952467623984939,-0.03387858343963106
2023-02-27,459,0.622274096067879,0.6501971449992605,-0.027923048931381526
2023-02-28,468,0.7403231329558987,0.7449440405221002,-0.004620907566201519
2023-03-01,467,0.6928503883691066,0.7182670016993582,-0.02541661333025154
2023-03-02,471,0.5812294715377745,0.5895937843593063,-0.008364312821531833
2023-03-03,472,0.7262722437158647,0.7358543652415119,-0.00958212152564712
2023-03-06,454,1.1366521437399952,1.1640547546677054,-0.027402610927710038
2023-03-07,457,1.3517393185022089,1.3426945967021318,0.00904472180007705
2023-03-08,461,1.8142639934295697,1.818481849766141,-0.004217856336571347
2023-03-09,456,0.9985470390997283,0.9792143301117713,0.019332708987956956
2023-03-10,458,1.1571497170065101,1.1480680779826633,0.009081639023846975
2023-03-13,445,0.8176043478180735,0.7956112014912398,0.021993146326833822
2023-03-14,468,0.9629338124662405,0.9430706424152112,0.019863170051029354
2023-03-15,468,0.6236087814645048,0.6247045763284961,-0.0010957948639912522
2023-03-16,479,0.6039142171500178,0.6059655646301318,-0.0020513474801140265
2023-03-17,481,0.6224993351564624,0.6227055623506189,-0.00020622719415639993
2023-03-20,480,0.7675144559055858,0.775309275312607,-0.007794819407021309
2023-03-21,483,0.824147409348517,0.7944111907051776,0.02973621864333934
2023-03-22,486,0.5630579872765176,0.589289593136253,-0.02623160585973546
2023-03-23,487,0.6984478100453847,0.7175727285559964,-0.01912491851061153
2023-03-24,488,0.7650884652792299,0.7569994567387516,0.008089008540478332
2023-03-27,466,0.7251894643489781,0.7246265060022228,0.0005629583467554264
2023-03-28,460,1.079637500961726,1.0563249373914239,0.023312563570302
2023-03-29,459,0.7071293675211967,0.7234576135917095,-0.016328246070512847
2023-03-30,477,0.6268915467955793,0.6403349701189287,-0.013443423323349347
2023-03-31,477,0.9290999592102082,0.9114101310354812,0.017689828174726953
2023-04-03,467,0.8959100335423521,0.8994947558892202,-0.003584722346868186
2023-04-04,469,0.5453475882506289,0.5763127541461864,-0.03096516589555752
2023-04-05,477,0.576558190637254,0.583119942027842,-0.006561751390587957
2023-04-06,487,0.5713091692553974,0.5843707907348532,-0.013061621479455821
2023-04-10,481,0.5310377426745908,0.5558678029463927,-0.024830060271801915
2023-04-11,479,0.5616700746595483,0.5695959550214224,-0.007925880361873944
2023-04-12,479,0.5582904550869967,0.5607619892565462,-0.0024715341695493906
2023-04-13,487,0.5633117428623738,0.5553953282661555,0.007916414596218474
2023-04-14,489,0.6450783993643333,0.624773994634298,0.0203044047300354
2023-04-17,482,0.6489084081613062,0.6296513774271358,0.01925703073417039
2023-04-18,481,0.6819142403782625,0.660699656242257,0.021214584136005573
2023-04-19,480,0.6353297450165643,0.6059759578102965,0.029353787206267672
2023-04-20,483,0.8020194032370512,0.7898569384374332,0.012162464799618102
2023-04-21,483,0.9414132948276519,0.9540216740652628,-0.012608379237610923
2023-04-24,479,0.87117685575608,0.8832950119295448,-0.012118156173464963
2023-04-25,472,0.8996994856868121,0.905400157712329,-0.005700672025516913
2023-04-26,472,0.9979435041627069,1.025312479193033,-0.027368975030326103
2023-04-27,475,0.7563080001105572,0.7457523557103722,0.010555644400185075
2023-04-28,485,1.0478698034347909,1.0415053990887273,0.006364404346063586
2023-05-01,477,1.2637371204207968,1.2642925537385004,-0.0005554333177037704
2023-05-02,473,0.80074393776565,0.7959885396416081,0.0047553981240419626
2023-05-03,472,0.8257433618380239,0.8113189175304714,0.014424444307552563
2023-05-04,474,0.8515302561797257,0.8301880008637799,0.021342255315945722
2023-05-05,476,0.7419212955000414,0.7292538965506518,0.012667398949389687
2023-05-08,464,0.744977005276677,0.7341480185324798,0.010828986744197156
2023-05-09,457,0.7295431935429583,0.7109724435847323,0.018570749958225906
2023-05-10,458,0.6464732854090263,0.6508598129687853,-0.004386527559758974
2023-05-11,467,0.6941914402223799,0.7066112230807631,-0.012419782858383221
2023-05-12,474,0.8059100249235068,0.7957857087053269,0.01012431621817994
2023-05-15,463,0.7843505788753771,0.7807505199920065,0.0036000588833704993
2023-05-16,463,0.7754563982118876,0.7607256263736636,0.014730771838224011
2023-05-17,465,0.590333741491468,0.6050335613877962,-0.014699819896328155
2023-05-18,473,0.6879828884650383,0.7225409760076119,-0.03455808754257362
2023-05-19,476,0.7848705338110098,0.8319425313925213,-0.047071997581511385
2023-05-22,471,0.9579687083652297,0.9812272774505719,-0.023258569085342125
2023-05-23,466,0.984491008304785,0.991400247980219,-0.006909239675433902
2023-05-24,459,1.152026367339221,1.1292599571388766,0.02276641020034438
2023-05-25,450,0.7576728937848585,0.7335910696146755,0.024081824170183078
2023-05-26,445,0.6804838919339075,0.6655353332463573,0.014948558687550283
2023-05-30,451,0.8234201706510272,0.8469267381126397,-0.023506567461612456
2023-05-31,468,0.9141580767307176,0.9451369973895617,-0.030978920658844077
2023-06-01,479,0.9328932646283764,0.9305170260019682,0.0023762386264083207
2023-06-02,478,0.744383470152042,0.734567245506979,0.00981622464506296
2023-06-05,464,0.8159553394225034,0.7881488500556417,0.027806489366861583
2023-06-06,466,0.5760970366585765,0.5710359614452664,0.005061075213310159
2023-06-07,471,0.6829133872477086,0.6570670541186387,0.025846333129069813
2023-06-08,480,0.6862674739464185,0.6718788996287676,0.014388574317650917
2023-06-09,459,0.8071176723094512,0.7704705875929678,0.036647084716483425
2023-06-12,445,0.7916805157556087,0.7689137219620904,0.02276679379351828
2023-06-13,447,0.641859491869446,0.6427161101368877,-0.0008566182674416495
2023-06-14,468,0.5602597357572469,0.5489819340093177,0.011277801747929072
2023-06-15,479,0.649029753869274,0.6251618170430391,0.02386793682623492
2023-06-16,480,0.6978229607898634,0.6919492390679741,0.005873721721889209
2023-06-20,480,0.672373041683739,0.6627062589097742,0.009666782773964716
2023-06-21,482,0.5319056025766484,0.5350294637650949,-0.0031238611884464233
2023-06-22,486,0.6136321525799134,0.6132703788401772,0.0003617737397363087
2023-06-23,489,0.7718616778718738,0.7491811293935808,0.022680548478292987
2023-06-26,469,0.7700882218103722,0.7559917020782486,0.014096519732123452
2023-06-27,460,0.6101908556888848,0.6115055879569665,-0.0013147322680818296
2023-06-28,455,0.6494844312586556,0.6375337352541853,0.011950696004470355
2023-06-29,473,0.5395272664506899,0.520657721712019,0.018869544738671057
2023-06-30,473,0.6009040020569888,0.5957968819810457,0.005107120075942879
2023-07-03,469,0.5904494184576823,0.5740441862737542,0.01640523218392804
2023-07-05,469,0.5547863432522443,0.5253412442704823,0.029445098981761918
2023-07-06,477,0.88718773297093,0.8527234538321229,0.03446427913880707
2023-07-07,484,0.861489604679481,0.844068963520728,0.017420641158753025
2023-07-10,482,0.8521291338893584,0.8298649055111181,0.02226422837824021
2023-07-11,479,0.6569391754292307,0.6303752192023221,0.026563956226908627
2023-07-12,481,0.6715329385415635,0.6396232722689201,0.03190966627264339
2023-07-13,486,0.6156899864345012,0.5993435751045189,0.016346411329982387
2023-07-14,488,0.7138546013923485,0.6813388614711492,0.032515739921199265
2023-07-17,480,0.8398572320607879,0.8221964983973998,0.01766073366338797
2023-07-18,480,0.7946995426331509,0.7981882922415201,-0.0034887496083691374
2023-07-19,480,0.6969887005681806,0.6765101493304224,0.020478551237758227
2023-07-20,486,0.571486643048351,0.556558129951131,0.01492851309721985
2023-07-21,483,0.6007270622772658,0.5964494203974731,0.004277641879792751
2023-07-24,482,0.8010975215893964,0.8219343671519203,-0.020836845562523916
2023-07-25,474,0.8339102473690951,0.8654633420283321,-0.03155309465923698
2023-07-26,469,0.7755908057376336,0.7927641051526332,-0.017173299414999607
2023-07-27,471,0.676679123800097,0.656813949094475,0.01986517470562194
2023-07-28,480,0.7641103696156003,0.7446454700310535,0.01946489958454685
2023-07-31,483,0.9661096322867321,0.9646945287385795,0.0014151035481526528
2023-08-01,476,0.999921596669864,1.0099124191921114,-0.00999082252224746
2023-08-02,471,0.8192397742715626,0.8203051454929623,-0.0010653712213997979
2023-08-03,472,0.7927035320874769,0.7897896850011966,0.0029138470862802015
2023-08-04,472,0.694091832264821,0.6880545684442114,0.006037263820609521
2023-08-07,466,0.7867653171995328,0.776666339898928,0.010098977300604758
2023-08-08,463,0.7109650536572609,0.6964244422177905,0.01454061143947051
2023-08-09,461,0.5427284568598417,0.5485479538291085,-0.005819496969266771
2023-08-10,466,0.6270844655384529,0.625927909685219,0.001156555853233912
2023-08-11,464,0.7697270988801984,0.7757365516261769,-0.006009452745978514
2023-08-14,459,1.002730937367953,0.9991985013894737,0.0035324359784791805
2023-08-15,459,0.7166415260654774,0.7150003644743708,0.0016411615911065911
2023-08-16,465,0.6153776479274619,0.6081192358233279,0.007258412104133861
2023-08-17,475,0.5773782956109853,0.5615180318478428,0.015860263763142615
2023-08-18,479,0.620048186475851,0.5989611434913061,0.021087042984544977
2023-08-21,477,0.5165610964517922,0.5147106409317053,0.0018504555200869314
2023-08-22,475,0.4895880121641577,0.48096970319285914,0.008618308971298632
2023-08-23,475,0.49617333328093766,0.4728662466786958,0.023307086602241782
2023-08-24,477,0.7731306312909131,0.7690851147296227,0.00404551656129034
2023-08-25,470,0.7423214132543419,0.7257937975550967,0.016527615699245227
2023-08-28,445,0.6748176118322213,0.6428462153210437,0.03197139651117752
2023-08-29,441,0.6553445032011939,0.639027699499961,0.01631680370123291
2023-08-30,447,0.7593928939844203,0.7783960109928858,-0.01900311700846565
2023-08-31,469,0.6686751400185982,0.6769401144579258,-0.008264974439327517
2023-09-01,459,0.7891021754013228,0.7981413395388565,-0.009039164137533631
2023-09-05,464,0.652471635411574,0.6429674603298865,0.009504175081687603
2023-09-06,470,0.6413607763408147,0.6334215125632416,0.007939263777573
2023-09-07,480,0.6274071770766444,0.6128441072776855,0.014563069798958935
2023-09-08,480,0.613797189702453,0.5938312665454814,0.019965923156971557
2023-09-11,452,0.6287770673131244,0.6296637940976013,-0.0008867267844768881
2023-09-12,453,0.584497810907549,0.5558302656868043,0.02866754522074472
2023-09-13,452,0.5058135917809257,0.4758354852550851,0.02997810652584053
2023-09-14,479,0.6163681257175221,0.582718105552314,0.0336500201652081
2023-09-15,482,0.6002031014370969,0.5670584964961066,0.03314460494099033
2023-09-18,482,0.9072488082571741,0.9122992046831774,-0.005050396426003208
2023-09-19,479,0.8989699493095779,0.9104176743653225,-0.011447725055744597
2023-09-20,479,0.7497896304184678,0.749526131831568,0.00026349858689984966
2023-09-21,481,0.6609014670902323,0.6563675458437797,0.004533921246452678
2023-09-22,484,0.6640174529086672,0.6764213361506043,-0.012403883241936945
2023-09-25,465,0.6757428453739166,0.6850928430768651,-0.00934999770294861
2023-09-26,460,0.6036025828054306,0.5847688147774468,0.018833768027983713
2023-09-27,458,0.6989471202974293,0.6993712043242102,-0.00042408402678082146
2023-09-28,478,0.8865629097045065,0.9038235188202138,-0.01726060911570739
2023-09-29,483,0.750174445254955,0.7251698247309144,0.025004620524040597
2023-10-02,472,0.6831616758644065,0.6624302442364846,0.020731431627921966
2023-10-03,466,0.7456660131468819,0.7476293668175299,-0.0019633536706481153
2023-10-04,468,0.7321233089547017,0.739900089605615,-0.007776780650913398
2023-10-05,481,0.8258360878737683,0.8161325975954711,0.009703490278297252
2023-10-06,484,0.7717962422965511,0.7544124901733806,0.01738375212317045
2023-10-09,479,0.669130955003092,0.6507318521352121,0.0183991028678799
2023-10-10,478,0.8078616218667893,0.7906985427298192,0.017163079136970103
2023-10-11,481,0.6127247008497754,0.5988152931255674,0.01390940772420801
2023-10-12,486,0.658176195607951,0.6568627706733446,0.0013134249346065338
2023-10-13,488,0.6061503793421016,0.5946306408596542,0.01151973848244735
2023-10-16,484,0.9742090918606366,0.9748148981366554,-0.0006058062760188047
2023-10-17,481,1.4062831465082521,1.430620047397479,-0.024336900889226947
2023-10-18,480,1.0361132256409722,1.0458712487848294,-0.009758023143857014
2023-10-19,484,0.652967111325244,0.6478076404214425,0.005159470903801507
2023-10-20,486,0.714057659178423,0.7175770633918994,-0.0035194042134763692
2023-10-23,484,0.8954392456615369,0.9015161637770354,-0.006076918115498531
2023-10-24,485,1.1051131653793307,1.1153266694390316,-0.01021350405970098
2023-10-25,479,0.80566995236395,0.8134183312407479,-0.0077483788767978646
2023-10-26,469,0.7186506394594313,0.7171692511259157,0.0014813883335155654
2023-10-27,470,0.9918946325395381,0.9878340021822574,0.004060630357280808
2023-10-30,472,1.3026979291020884,1.2981686361666611,0.004529292935427178
2023-10-31,481,1.6403100479044341,1.6209687515735072,0.019341296330926842
2023-11-01,476,1.263072412736048,1.2576957130763875,0.005376699659660606
2023-11-02,477,0.8289847959020843,0.8373186666683632,-0.008333870766278789
2023-11-03,476,0.794325219443858,0.8012458649773232,-0.0069206455334651735
2023-11-06,467,0.812105706745671,0.8286246820684744,-0.01651897532280336
2023-11-07,463,0.7000963192177818,0.7101128470541814,-0.01001652783639958
2023-11-08,462,0.6448862578901312,0.6615533850193711,-0.016667127129239855
2023-11-09,459,1.2747623929304164,1.209470431298527,0.06529196163188927
2023-11-10,460,1.0711367827230116,1.0153115826758836,0.0558252000471281
2023-11-13,446,1.0992977995355762,1.0598658257802462,0.039431973755330016
2023-11-14,458,0.5521334620723212,0.5950618035027423,-0.042928341430421
2023-11-15,457,0.5214791324263358,0.5613727228260795,-0.03989359039974373
2023-11-16,472,0.5051332272311133,0.5391307149325077,-0.03399748770139434
2023-11-17,468,0.4951646880323037,0.5338825818162433,-0.038717893783939604
2023-11-20,470,0.4838703910170201,0.5237277012664571,-0.03985731024943692
2023-11-21,472,0.43895777609254244,0.474720436585053,-0.03576266049251058
2023-11-22,480,0.4685203488452122,0.4931592501546454,-0.024638901309433196
2023-11-24,474,0.6324205670622074,0.6527265889610334,-0.020306021898826136
2023-11-27,443,0.665468659966298,0.6752490587519115,-0.009780398785613419
2023-11-28,440,0.9869739727731587,0.9700723460943966,0.016901626678762095
2023-11-29,451,0.8875121619298156,0.879855583292838,0.007656578636977658
2023-11-30,477,0.7045014310094472,0.6755425931840118,0.028958837825435416
2023-12-01,477,0.6928781166779172,0.6814339915086031,0.011444125169314187
2023-12-04,460,0.6157553434268466,0.5993427182834207,0.01641262514342583
2023-12-05,465,0.6451773049436466,0.6160297212201798,0.02914758372346664
2023-12-06,468,0.7126975710054692,0.6982920152898526,0.014405555715616608
2023-12-07,480,0.6742168600627638,0.6864661757753642,-0.012249315712600349
2023-12-08,479,0.961466083431278,1.0058841470632467,-0.04441806363196845
2023-12-11,454,1.4048743066246474,1.4140989663123393,-0.009224659687691893
2023-12-12,452,1.2989791431011988,1.3105996022616089,-0.011620459160410022
2023-12-13,451,0.8256072877685323,0.8382369462010617,-0.012629658432529478
2023-12-14,474,0.5500467962609328,0.5171337271408927,0.03291306912004012
2023-12-15,476,0.5608700191408672,0.5336819700608375,0.02718804908002962
2023-12-18,481,0.5112511682130767,0.48869133717285557,0.022559831040221103
2023-12-19,484,0.50320255556628,0.4786933001054371,0.024509255460842868
2023-12-20,488,0.6635332120845918,0.6578543202825984,0.005678891801993303
2023-12-21,483,0.48412191819401784,0.46770969864381534,0.016412219550202462
2023-12-22,463,0.4289191641017431,0.4134555388526957,0.015463625249047316
2023-12-26,452,0.41375646327735893,0.39519101233076337,0.018565450946595577
2023-12-27,456,0.6682890727518923,0.6478325066708327,0.020456566081059526
2023-12-28,474,1.01873947895974,0.9987719399777246,0.01996753898201511
2023-12-29,479,0.8942080631644416,0.8929893278512562,0.0012187353131853998
2024-01-02,480,0.6450890713904717,0.6264002400610911,0.01868883132938071
2024-01-03,479,0.6330165241358002,0.6084629374158181,0.02455358671998203
2024-01-04,481,0.6075423852293395,0.5915952166719893,0.015947168557350015
2024-01-05,481,0.7046003363750992,0.6988643141046902,0.00573602227040906
2024-01-08,480,0.6693689011369645,0.6491029391864112,0.020265961950553288
2024-01-09,481,0.6409432609914095,0.6088020347049344,0.03214122628647521
2024-01-10,480,0.6947064475965575,0.6574220716493943,0.037284375947163356
2024-01-11,483,0.725523174150009,0.6882464970653642,0.037276677084644744
2024-01-12,481,0.6855434321167232,0.6620223772728329,0.023521054843890273
2024-01-16,478,0.66933294251953,0.6376508345406695,0.03168210797886062
2024-01-17,478,0.9025245696381474,0.9001056178923552,0.0024189517457921506
2024-01-18,482,0.7399199337279434,0.7228398169470942,0.017080116780849305
2024-01-19,486,0.6459828588303869,0.6319975993507806,0.013985259479606311
2024-01-22,486,0.6984704774360418,0.6752916052535071,0.023178872182534793
2024-01-23,489,0.6558018819271975,0.634848937075422,0.020952944851775485
2024-01-24,489,0.693652691409491,0.680077967494588,0.013574723914903058
2024-01-25,482,0.6178232927856,0.5926840511052894,0.025139241680310433
2024-01-26,473,0.6338906050843354,0.6237337228723421,0.01015688221199339
2024-01-29,470,0.7708948921755535,0.7755671049749104,-0.004672212799356961
2024-01-30,473,0.7829187798887399,0.7923942045612208,-0.009475424672480944
2024-01-31,479,0.8418099141395498,0.8379146823658232,0.0038952317737264907
2024-02-01,480,0.7728041618524394,0.758058970993835,0.014745190858604342
2024-02-02,481,0.719830477279839,0.706138923090603,0.013691554189236078
2024-02-05,472,0.8953941042596886,0.8978396834684398,-0.002445579208751077
2024-02-06,470,0.8565006621736517,0.8473849723973906,0.009115689776261116
2024-02-07,472,0.7415998728681797,0.7331833707115505,0.008416502156629252
2024-02-08,479,0.6425969069038867,0.651309008475581,-0.008712101571694284
2024-02-09,474,0.643915236172591,0.6516909633130629,-0.0077757271404718855
2024-02-12,457,0.71031855629691,0.7133839666888582,-0.0030654103919482384
2024-02-13,449,0.8576856156223966,0.8615480255465908,-0.003862409924194289
2024-02-14,451,0.6998807217432383,0.6931417662308518,0.006738955512386584
2024-02-15,465,0.6909102087883722,0.6707808531419429,0.020129355646429304
2024-02-16,466,0.6260424251420508,0.6355677136271131,-0.00952528848506224
2024-02-20,467,0.7580833261339254,0.7669617194710859,-0.008878393337160654
2024-02-21,467,0.8655673556698076,0.8457187606223328,0.019848595047474948
2024-02-22,477,0.6954698822392279,0.6777902394854614,0.01767964275376661
2024-02-23,473,0.6731497803977159,0.673791446530808,-0.0006416661330920019
2024-02-26,455,0.7012736969516843,0.7153459735198151,-0.014072276568130884
2024-02-27,448,0.7674497959193115,0.7729580479295743,-0.0055082520102629345
2024-02-28,455,0.8914214325311728,0.8640689432703481,0.02735248926082471
2024-02-29,470,0.7699887436463744,0.7507881321980274,0.0192006114483468
2024-03-01,473,0.712178379910835,0.7055847382426572,0.006593641668177833
2024-03-04,453,0.6484558424587404,0.6514169696514059,-0.0029611271926656404
2024-03-05,454,0.6415914109407974,0.6310038086937367,0.010587602247060748
2024-03-06,459,0.659368565610211,0.6413067302395431,0.018061835370667835
2024-03-07,475,0.576948622082589,0.5661326376808412,0.010815984401747965
2024-03-08,477,0.6493034208398879,0.644587638267568,0.004715782572319821
2024-03-11,444,0.7364319540653056,0.720474026336697,0.015957927728608576
2024-03-12,449,0.7714969586668361,0.7570928260312961,0.014404132635540043
2024-03-13,449,0.6358226700434896,0.6289769892849709,0.00684568075851872
2024-03-14,482,0.555524562207205,0.5450143776264679,0.010510184580737192
2024-03-15,478,0.6537132038093159,0.6427398907208661,0.010973313088449801
2024-03-18,481,0.8018562890796528,0.8246173838969951,-0.022761094817342255
2024-03-19,479,0.6451395234925775,0.619597383528259,0.025542139964318658
2024-03-20,486,0.5779567642469727,0.5569454158984571,0.021011348348515514
2024-03-21,488,0.6112816619439414,0.6111003938318292,0.00018126811211208608
2024-03-22,465,0.558319704518139,0.5421041410856507,0.01621556343248819
2024-03-25,457,0.6406189985512571,0.6457514393858267,-0.005132440834569545
2024-03-26,454,0.615308910536823,0.6042226053918368,0.011086305144986203
2024-03-27,478,0.6489271294869922,0.6487945693899784,0.0001325600970138366
2024-03-28,483,0.7609941463205373,0.760785767062787,0.00020837925775036512
2024-04-01,479,0.7614018009298558,0.7578906399543622,0.0035111609754934427
2024-04-02,479,0.5706226480086373,0.5552706483403935,0.015351999668243854
2024-04-03,478,0.5114348646708778,0.4751022482404394,0.03633261643043843
2024-04-04,478,0.6005392516098945,0.5749545356479767,0.025584715961917893
2024-04-05,479,0.60204103296098,0.5885319911399816,0.013509041820998508
2024-04-08,479,0.6792037742222432,0.6906109920877412,-0.011407217865497976
2024-04-09,479,1.055531393087732,1.0975165595570426,-0.04198516646931069
2024-04-10,478,0.8813209508599789,0.8841901749647272,-0.0028692241047482856
2024-04-11,482,1.043565201785928,1.0313036589217484,0.012261542864179674
2024-04-12,489,0.7600989320033898,0.7432580996006521,0.016840832402737718
2024-04-15,485,0.688585787181233,0.6697401502546333,0.018845636926599612
2024-04-16,481,0.9341247934256854,0.9184856900178145,0.015639103407870843
2024-04-17,480,0.7408210777660061,0.7312582965343758,0.009562781231630423
2024-04-18,482,0.7805247926109568,0.7737864934037354,0.006738299207221464
2024-04-19,485,0.8268937149278744,0.8160671585859619,0.010826556341912543
2024-04-22,484,0.8015006698728414,0.7903798842188089,0.011120785654032524
2024-04-23,487,0.8398825774046019,0.8380119909251524,0.001870586479449508
2024-04-24,482,0.7700140068666904,0.7519352047161705,0.018078802150519928
2024-04-25,475,0.7029307698658059,0.6959091551190094,0.007021614746796422
2024-04-26,474,0.8942795693320683,0.9052067420178784,-0.010927172685810173
2024-04-29,477,0.9622379220862193,0.9817188324484111,-0.01948091036219178
2024-04-30,479,0.9771093054187985,0.9888503018681933,-0.011740996449394981
2024-05-01,477,1.0150308308936877,0.9960134494136054,0.019017381480082394
2024-05-02,476,0.7393822059689164,0.7512800029245253,-0.01189779695560894
2024-05-03,482,0.6245313126537857,0.6298043390273276,-0.005273026373541845
2024-05-06,472,0.6662709827511654,0.6791089773378,-0.012837994586634512
2024-05-07,466,0.6660342102523714,0.6784298512456097,-0.012395640993238274
2024-05-08,463,0.5902889118280586,0.6015104240117966,-0.011221512183737924
2024-05-09,465,0.5388866654073953,0.5494520657339105,-0.010565400326515229
2024-05-10,467,0.6817532579417752,0.6627847484972463,0.01896850944452877
2024-05-13,454,0.6202348609426759,0.6210762450077182,-0.0008413840650422458
2024-05-14,458,0.560081879632691,0.5645885534700159,-0.004506673837324835
2024-05-15,463,0.5738443072893555,0.5713525722979463,0.0024917349914091607
2024-05-16,475,0.5574715684177776,0.5495088592697571,0.007962709148020495
2024-05-17,481,0.666690856715767,0.6680840740889777,-0.001393217373210807
2024-05-20,473,0.8546474013581418,0.8627547486045944,-0.008107347246452663
2024-05-21,470,0.7742126279357666,0.7998175049383985,-0.025604877002631973
2024-05-22,472,0.8332747199670436,0.8655512913100214,-0.032276571342977886
2024-05-23,480,0.7438641338136864,0.7649685355427388,-0.02110440172905227
2024-05-24,483,0.7629845819534131,0.7801516041967307,-0.01716702224331762
2024-05-28,464,0.7648642798773556,0.7688654816280986,-0.004001201750743104
2024-05-29,452,0.8765823539850354,0.8938226570590178,-0.017240303073982347
2024-05-30,450,0.7804340610639608,0.7740570799876465,0.0063769810763144525
2024-05-31,465,0.6876012711022035,0.6777081048374941,0.00989316626470931
2024-06-03,478,0.5974249749819941,0.5737658130757338,0.02365916190626024
2024-06-04,466,0.5579122086864882,0.5476414736440047,0.010270735042483456
2024-06-05,459,0.5673680108613718,0.5528808496450216,0.014487161216350207
2024-06-06,461,0.6217766657077337,0.6079150691766443,0.013861596531089433
2024-06-07,474,0.7659850142193965,0.7489300761674746,0.01705493805192184
2024-06-10,482,0.7030728557467705,0.6875883513905795,0.015484504356191092
2024-06-11,454,0.6778354960596364,0.6553664635942845,0.02246903246535191
2024-06-12,451,0.6691246932501712,0.6470108960374946,0.022113797212676558
2024-06-13,444,0.6340219511808003,0.6134444612369587,0.020577489943841575
2024-06-14,472,0.6288469904943148,0.6292744071171896,-0.00042741662287465785
2024-06-17,477,0.5390434619085523,0.5261615004767374,0.012881961431814939
2024-06-18,482,0.6996493284616881,0.6799454786926037,0.019703849769084424
2024-06-20,484,0.5451859696107628,0.5310413380603459,0.014144631550416889
2024-06-21,486,0.5754715128239306,0.5565250224272046,0.018946490396725912
2024-06-24,488,0.6556814171797919,0.6412557457343832,0.014425671445408787
2024-06-25,465,0.639509957333736,0.6261666998946471,0.013343257439088834
2024-06-26,458,0.6447891814064963,0.6352818892403681,0.009507292166128261
2024-06-27,458,0.6294482874280779,0.6204066956528902,0.009041591775187754
2024-06-28,479,0.5773234481591298,0.5504560270550741,0.026867421104055555
2024-07-01,479,0.5416075032213857,0.5137735390998477,0.02783396412153805
2024-07-02,475,0.5115004444590726,0.47172453609033416,0.03977590836873839
2024-07-03,472,0.5431054637463143,0.5168246323120586,0.026280831434255664
2024-07-05,475,0.6093579871631293,0.5896806230738888,0.019677364089240517
2024-07-08,477,0.7697319327648864,0.8041748778124002,-0.0344429450475138
2024-07-09,480,1.0119406308336794,1.0915568863038665,-0.0796162554701872
2024-07-10,478,0.9314888167810605,0.9625734835899463,-0.031084666808885882
2024-07-11,482,0.9952777391720306,1.0218161553479839,-0.02653841617595325
2024-07-12,483,0.9971757654130706,1.0135503075163852,-0.016374542103314533
2024-07-15,490,0.8738042101456727,0.8729376110136646,0.0008665991320081006
2024-07-16,484,0.9897943682053093,0.9670495239023017,0.02274484430300753
2024-07-17,481,0.6601887345448652,0.6484897702775375,0.011698964267327654
2024-07-18,481,0.6848288946932585,0.6888434185937541,-0.004014523900495725
2024-07-19,486,0.7150129061091854,0.6993516946284725,0.015661211480712964
2024-07-22,489,1.1527448917115297,1.1248140146812302,0.027930877030299565
2024-07-23,486,1.1374029371953185,1.1360367163583822,0.0013662208369362898
2024-07-24,486,0.9521236011438272,0.9688736706179598,-0.016750069474132545
2024-07-25,486,0.9502676074390607,0.9730532189527804,-0.022785611513719727
2024-07-26,481,0.7060327636297966,0.7166638076356181,-0.01063104400582163
2024-07-29,473,0.9246928836913213,0.9258811594817044,-0.0011882757903831098
2024-07-30,470,1.4640610331164594,1.4477976410748936,0.016263392041565662
2024-07-31,474,2.261107445773571,2.1518601370372963,0.10924730873627449
2024-08-01,480,1.281667801261974,1.2384171507496498,0.04325065051232411
2024-08-02,479,0.953288971931705,0.9555724978686293,-0.0022835259369243023
2024-08-05,483,1.0192958922556974,1.0098709190275914,0.00942497322810604
2024-08-06,478,0.8093499581837966,0.8229995766052178,-0.013649618421421124
2024-08-07,471,0.8560858637101909,0.8393478887078963,0.01673797500229469
2024-08-08,470,0.6243942934114152,0.6606663833326837,-0.03627208992126856
2024-08-09,471,0.605725262942308,0.6450037855249929,-0.039278522582684966
2024-08-12,464,1.0322317026540084,0.9651242099112235,0.06710749274278496
2024-08-13,450,0.7052557392676291,0.7250804594276278,-0.019824720159998636
2024-08-14,449,0.851733981390807,0.8269503350695616,0.024783646321245235
2024-08-15,463,0.49132769075107224,0.5605484959192631,-0.06922080516819087
2024-08-16,472,0.540638438467538,0.6053506851864493,-0.06471224671891115
2024-08-19,477,0.5205727710805944,0.5677456550722011,-0.04717288399160661
2024-08-20,477,0.6545333611624399,0.6915389459248138,-0.03700558476237392
2024-08-21,479,0.5801347885308822,0.6088419707795807,-0.028707182248698546
2024-08-22,477,0.5873648014525468,0.6082377740840277,-0.020872972631480767
2024-08-23,481,0.5726336915899929,0.5781269654361816,-0.0054932738461888194
2024-08-26,483,0.6017695742267662,0.6255366111404712,-0.023767036913705
2024-08-27,465,0.6053422523870161,0.6243707971135768,-0.019028544726560664
2024-08-28,448,0.7319559429304218,0.7174137789450413,0.014542163985380418
2024-08-29,442,0.7796027180078453,0.7655523696961625,0.014050348311682875
2024-08-30,458,1.0607775835273263,1.0220998319761836,0.03867775155114273
2024-09-03,462,0.8410354121885613,0.8265378608092648,0.014497551379296494
2024-09-04,463,0.6384772286846783,0.6257977617591248,0.012679466925553547
2024-09-05,464,0.6428511728608095,0.6504825208674263,-0.007631348006616729
2024-09-06,474,0.8426357372052087,0.7969264507347055,0.04570928647050316
2024-09-09,477,0.76969703473342,0.7370816195256662,0.03261541520775379
2024-09-10,460,0.8729234257747144,0.8147886323031573,0.05813479347155704
2024-09-11,448,0.8521397869856735,0.837755644362747,0.014384142622926529
2024-09-12,445,0.7889966928776263,0.7682772543475678,0.020719438530058493
2024-09-13,466,0.6145734372871036,0.5982483101273475,0.016325127159756057
2024-09-16,479,0.8086932033789302,0.8235653312449402,-0.014872127866009945
2024-09-17,482,0.6451936094696902,0.6314354205125172,0.013758188957172929
2024-09-18,481,0.6663620768797319,0.6351195654793702,0.03124251140036178
2024-09-19,483,0.6033164909240493,0.5965110282022287,0.0068054627218205686
2024-09-20,487,0.5954064945422785,0.587845462387017,0.007561032155261595
2024-09-23,486,0.7481967301133743,0.7374622894770559,0.01073444063631831
2024-09-24,481,0.6128448154101388,0.5906628629873504,0.022181952422788486
2024-09-25,462,0.6123517361550636,0.602176843019071,0.01017489313599237
2024-09-26,456,0.648498539565198,0.6299579614223133,0.018540578142884675
2024-09-27,459,0.6235282998477424,0.5996326955297462,0.02389560431799614
2024-09-30,477,0.764736628859482,0.7550267451440653,0.009709883715416687
2024-10-01,478,0.703929314000869,0.6837849776236936,0.020144336377175352
2024-10-02,477,0.6852357489011426,0.6864436960172499,-0.0012079471161073618
2024-10-03,477,0.6142770420814478,0.5947498241945045,0.019527217886943216
2024-10-04,484,0.6254444880059367,0.6052379590679493,0.020206528937987286
2024-10-07,479,0.606154633090704,0.5799601724095407,0.026194460681163365
2024-10-08,478,0.6163885782768068,0.5932233931931036,0.023165185083703306
2024-10-09,481,0.5839943931900661,0.5574169369917049,0.026577456198361167
2024-10-10,484,0.7172945888955682,0.7232790241370692,-0.005984435241500981
2024-10-11,486,0.7259377711873616,0.7215709132774542,0.004366857909907528
2024-10-14,485,0.6877165784563997,0.6737070721667924,0.014009506289607305
2024-10-15,485,0.6031518300255257,0.5902350807510973,0.01291674927442849
2024-10-16,483,0.5951029763957665,0.5916273798507119,0.003475596545054673
2024-10-17,482,0.6391881981847661,0.6447442075086467,-0.005556009323880601
2024-10-18,486,0.7201797876118313,0.7327421760653883,-0.012562388453557043
2024-10-21,489,0.7470975041704803,0.7733395699868515,-0.0262420658163712
2024-10-22,488,0.7146923627019399,0.7357450722794934,-0.021052709577553466
2024-10-23,489,0.6977424211277972,0.6993826559069856,-0.0016402347791884958
2024-10-24,489,0.7174822054029931,0.7214745392864054,-0.00399233388341224
2024-10-25,491,0.7129011127279143,0.7141538909624189,-0.0012527782345047266
2024-10-28,484,1.0365795957428214,1.0613555216698376,-0.024775925927016166
2024-10-29,476,1.0112642045884437,1.0277326870820147,-0.01646848249357105
2024-10-30,468,0.8797453355578244,0.8810039001613332,-0.0012585646035088657
2024-10-31,473,0.7411445872686976,0.748041237033878,-0.006896649765180464
2024-11-01,479,1.638927773612135,1.6680596662983187,-0.02913189268618377
2024-11-04,484,1.7257164986716456,1.770427383978387,-0.044710885306741596
2024-11-05,473,1.6049163313070591,1.6321058914411148,-0.027189560134055532
2024-11-06,475,1.0405548755305312,1.0461747554236012,-0.005619879893070057
2024-11-07,473,0.973208407087049,0.9657455101900392,0.007462896897009848
2024-11-08,477,0.7723226637089636,0.7842846387033143,-0.01196197499435082
2024-11-11,467,0.8014343440696987,0.8020938261937115,-0.0006594821240127165
2024-11-12,450,0.8746807232924911,0.8859249296035079,-0.011244206311016641
2024-11-13,447,0.8550317857928967,0.869156285736915,-0.014124499944018251
2024-11-14,454,0.866513358677344,0.859639188493804,0.006874170183539889
2024-11-15,472,0.7109707280926078,0.7254993521256554,-0.014528624033047775
2024-11-18,477,0.766092000704068,0.7727216773884903,-0.006629676684422291
2024-11-19,472,0.8603632075705069,0.8609695704064996,-0.0006063628359927142
2024-11-20,473,1.05786481937222,1.0418639802905547,0.016000839081665125
2024-11-21,477,0.7150791713097041,0.7386158382715545,-0.02353666696185053
2024-11-22,480,0.617254754033004,0.6602548018624638,-0.043000047829459695
2024-11-25,465,0.5095488941193481,0.5542994695356169,-0.04475057541626874
2024-11-26,450,0.5819934084637235,0.6141658363380108,-0.03217242787428739
2024-11-27,450,0.6379892241177202,0.6685800796229104,-0.030590855505190084
2024-11-29,463,0.8253126489406752,0.8135788381636112,0.011733810777064023
2024-12-02,474,0.7367538543464005,0.7474966727160979,-0.01074281836969737
2024-12-03,463,0.7633933510536556,0.7590930093040639,0.004300341749591732
2024-12-04,458,0.7528768520239077,0.7609841247726589,-0.008107272748751043
2024-12-05,461,0.7915532176821323,0.782090569926293,0.009462647755839127
2024-12-06,474,0.7427128633067844,0.7278532519322916,0.014859611374492739
2024-12-09,485,0.7259588892111788,0.7185964617811386,0.0073624274300401445
2024-12-10,468,0.7026885274221278,0.6823676200860441,0.02032090733608375
2024-12-11,457,0.7829141511030435,0.7684014715322642,0.014512679570779303
2024-12-12,450,0.7570566141731515,0.7550621147621035,0.001994499411048007
2024-12-13,468,1.324251817611827,1.3861285550923998,-0.06187673748057276
2024-12-16,481,1.3847960310223404,1.4259651258035895,-0.04116909478124892
2024-12-17,479,0.8605702841336691,0.855922202511391,0.004648081622278068
2024-12-18,481,0.6173924846408345,0.6082908633192967,0.009101621321537825
2024-12-19,482,0.6992576235880464,0.692704135679132,0.006553487908914359
2024-12-20,487,0.45254528894430346,0.44615504072191675,0.006390248222386718
2024-12-23,482,0.372193201149603,0.3673379616084652,0.004855239541137818
2024-12-24,478,0.5943453015414984,0.5827370287956645,0.011608272745834015
2024-12-26,463,0.6439774296539494,0.6161746736625535,0.027802755991395894
2024-12-27,459,0.5786685578219668,0.5718532693865758,0.006815288435390972
2024-12-30,456,0.5792009749579664,0.5403046783083658,0.038896296649600634
2024-12-31,472,0.8137027214756686,0.7783218186435507,0.03538090283211796
2025-01-02,480,0.6841433031435286,0.6676112847908389,0.016532018352689738
2025-01-03,486,0.6211837871370801,0.6014653281783636,0.019718458958716486
2025-01-06,479,0.8779750882864077,0.8491136589348292,0.02886142935157849
2025-01-07,481,0.7573476132125327,0.7314248911724971,0.025922722040035668
2025-01-08,480,0.7297329868105854,0.7097546903211875,0.019978296489397872
2025-01-10,485,0.9810512219821305,1.0005976766676898,-0.019546454685559392
2025-01-13,484,1.0031968303256442,1.0161692200530976,-0.0129723897274534
2025-01-14,481,0.9042995165328452,0.8863753450841638,0.01792417144868133
2025-01-15,482,0.9126794953153785,0.9191028353713011,-0.0064233400559226255
2025-01-16,481,0.8725056249226705,0.8451295458607423,0.02737607906192814
2025-01-17,485,0.8807199214774704,0.8598778432771101,0.02084207820036013
2025-01-21,486,0.6405703542577904,0.6237565084948496,0.01681384576294083
2025-01-22,488,1.1978592786324365,1.1840890515421552,0.013770227090281409
2025-01-23,489,1.0773902015878611,1.0349797434812256,0.042410458106635365
2025-01-24,490,0.9970548658438352,0.9609713673687519,0.03608349847508325
2025-01-27,489,0.9061277220166362,0.8738473326351347,0.032280389381501406
2025-01-28,481,0.728708894592874,0.7266687644249957,0.0020401301678783196
2025-01-29,472,0.7859607349521865,0.7967601787676367,-0.01079944381545015
2025-01-30,473,0.8175466343789738,0.836703950680777,-0.019157316301803135
2025-01-31,479,0.7704962433300283,0.7907796896222015,-0.02028344629217324
2025-02-03,490,0.9175127683426392,0.9182977156327381,-0.000784947290098922
2025-02-04,479,0.8451922297501371,0.8553613121773816,-0.010169082427244597
2025-02-05,473,0.8494402113619803,0.8574040233276635,-0.00796381196568325
2025-02-06,471,0.7925257849271012,0.792712544650595,-0.00018675972349385306
2025-02-07,478,0.7624620410100581,0.7677286621665654,-0.005266621156507298
2025-02-10,484,0.8685255545394758,0.8769258653241956,-0.008400310784719709
2025-02-11,458,0.954608790059761,0.9546953558911774,-8.656583141639546e-05
2025-02-12,449,1.0057588310495853,1.0086592521827582,-0.0029004211331728957
2025-02-13,448,0.8445042136459154,0.8547176523704608,-0.010213438724545398
2025-02-14,471,0.8290402895382835,0.8373731302897196,-0.008332840751436199
2025-02-18,475,1.1794273440812315,1.1388460036444932,0.040581340436738354
2025-02-19,469,1.2605194083270237,1.17868646623462,0.08183294209240384
2025-02-20,469,1.2187795421388192,1.13090240540014,0.08787713673867917
2025-02-21,474,0.6623040941624508,0.6728475707060158,-0.010543476543564878
2025-02-24,479,0.80017906690255,0.7933806878937038,0.006798379008846359
2025-02-25,466,0.7485599736852658,0.7629159358445904,-0.014355962159324545
2025-02-26,453,1.103424478815387,1.0605234570468347,0.04290102176855233
2025-02-27,452,0.9069641414845102,0.8956713699092059,0.011292771575304306
2025-02-28,462,0.931023178844043,0.927952574602039,0.0030706042420039254
2025-03-03,474,1.094644952375047,1.1019627519588695,-0.007317799583822759
2025-03-04,462,1.022456613755562,1.020397919703199,0.0020586940523629692
2025-03-05,450,1.6712198518186552,1.5827526439796789,0.0884672078389763
2025-03-06,452,1.0569184279309474,1.0361553864980517,0.020763041432895684
2025-03-07,462,1.2510258720034237,1.2436530483899961,0.007372823613427626
2025-03-10,477,1.2204201905255136,1.2175759146901417,0.002844275835372066
2025-03-11,451,0.724795829632498,0.7260257783974304,-0.0012299487649324193
2025-03-12,449,0.7918977641397968,0.8050039700367332,-0.013106205896936216
2025-03-13,447,0.8789779372036882,0.8782925985064427,0.000685338697245529
2025-03-14,475,0.636434295985308,0.6625967625976825,-0.0261624666123746
2025-03-17,478,0.5338297405177295,0.5812142453801236,-0.04738450486239394
2025-03-18,481,0.6352341593237104,0.6427573990053366,-0.007523239681626137
2025-03-19,481,0.6448884390576726,0.640674180779969,0.004214258277703597
2025-03-20,485,0.7247307510615365,0.722824643733806,0.0019061073277305486
2025-03-21,489,0.5983584233694365,0.6255219640369643,-0.02716354066752783
2025-03-24,490,0.8209945444423732,0.7668822802068453,0.05411226423552781
2025-03-25,488,1.255587898911447,1.1142670652312614,0.1413208336801856
2025-03-26,466,0.9213583116275663,0.8647144321233707,0.05664387950419558
2025-03-27,460,0.650955832506103,0.6627644742804945,-0.011808641774391481
2025-03-28,464,0.6732923545056564,0.6833261649741535,-0.010033810468497197
2025-03-31,482,1.7747741174525815,1.6393356638893393,0.13543845356324227
2025-04-01,483,3.999193821664718,3.8004863109408795,0.19870751072383858
2025-04-02,481,4.633328106755981,4.454380226878833,0.17894787987714808
2025-04-03,485,3.083080415169933,2.894833857029032,0.1882465581409012
2025-04-04,490,2.488065985705973,2.09551102444053,0.39255496126544287
2025-04-07,485,1.1969228144901958,1.1473290449882159,0.049593769501979953
2025-04-08,483,2.1940396380162355,1.9414735048496858,0.2525661331665497
2025-04-09,483,0.9934870811514699,1.0313155262482994,-0.03782844509682954
2025-04-10,488,0.8106384964099509,0.9486659848874125,-0.13802748847746157
2025-04-11,489,0.590907168879156,0.8024290451046728,-0.21152187622551685
2025-04-14,483,0.7073144022344168,0.8878577697112003,-0.1805433674767836
2025-04-15,483,1.1235826086710936,1.1424192245448688,-0.018836615873775258
2025-04-16,482,0.7525644108380307,0.9252495717938187,-0.172685160955788
2025-04-17,486,0.7444683847085978,0.8836517508132172,-0.13918336610461948
2025-04-21,490,2.207374168141768,1.7898896959120107,0.41748447222975676
2025-04-22,491,1.4957750984045546,1.3398511967087787,0.1559239016957758
2025-04-23,493,0.9912310344802896,1.0338408147662328,-0.042609780285943165
2025-04-24,492,0.602666273020071,0.8476793665927175,-0.24501309357264642
2025-04-25,484,0.6442858842043714,0.8750584382308219,-0.23077255402645042
2025-04-28,480,0.7349987879017927,0.9268309324665558,-0.19183214456476302
2025-04-29,476,0.89596955107215,1.0077675257750254,-0.11179797470287528
2025-04-30,480,0.8466648492598281,0.9777496119475727,-0.1310847626877446
2025-05-01,482,0.6710655835256929,0.8842428717872854,-0.21317728826159255
2025-05-02,485,0.6975846444536282,0.8568297837271971,-0.1592451392735688
2025-05-05,490,0.7395033836908267,0.8343601071693089,-0.09485672347848219
2025-05-06,482,0.8511914186954865,0.9028317504503451,-0.05164033175485854
2025-05-07,475,1.795810727242267,1.5809245725362175,0.21488615470604952
2025-05-08,473,1.7068148298834551,1.576888766890662,0.12992606299279316
2025-05-09,476,1.6389428157164254,1.5675024318128339,0.0714403839035913
2025-05-12,472,0.7274546565271447,0.7288626497031875,-0.0014079931760428695
2025-05-13,456,0.6547387763144873,0.7031574734087944,-0.048418697094307135
2025-05-14,450,0.8021248049920213,0.8532963768594775,-0.05117157186745618
2025-05-15,459,0.572762084133044,0.6007378600278556,-0.027975775894811525
2025-05-16,472,0.935908654247155,0.9172598744889046,0.018648779758250356
2025-05-19,480,0.9377412796989314,0.9377375127671573,3.766931774024443e-06
2025-05-20,469,0.9814702176679848,0.9751671106185187,0.0063031070494661496
2025-05-21,468,0.6547761281356961,0.6646570060571974,-0.009880877921501384
2025-05-22,470,0.5724836245259476,0.6001694137660122,-0.027685789240064686
2025-05-23,480,0.6326160212978249,0.6538785934652191,-0.02126257216739419
2025-05-27,468,0.6413562044059729,0.6482663306487031,-0.006910126242730165
2025-05-28,454,0.6102041869662019,0.6419219579820796,-0.03171777101587764
2025-05-29,456,0.6541242820271576,0.6606023249795618,-0.0064780429524043314
2025-05-30,467,0.6911877192946713,0.692285688621327,-0.0010979693266557865
2025-06-02,481,0.6922093763691668,0.7005463573741351,-0.008336981004968306
2025-06-03,470,0.595494958560182,0.6018385003167961,-0.006343541756614072
2025-06-04,469,0.6061707785428747,0.6209697160741733,-0.014798937531298547
2025-06-05,463,0.8845730035745747,0.8601117138177201,0.02446128975685453
2025-06-06,474,0.6998453912962687,0.7144683431244915,-0.0146229518282229
2025-06-09,481,0.56954736158588,0.5800772220193557,-0.010529860433475743
2025-06-10,466,0.8458341823206877,0.8504772974441251,-0.004643115123437419
2025-06-11,455,0.6421675103217663,0.6222042263427902,0.019963283978976062
2025-06-12,452,0.7926566707506043,0.7801478657007704,0.012508805049833765
2025-06-13,468,0.7344996367538583,0.7066481796633031,0.027851457090555216
2025-06-16,479,0.6405673258531709,0.6269948746034527,0.013572451249718091
2025-06-17,480,0.6823903092199252,0.680615787270301,0.0017745219496241873
2025-06-18,487,0.7724551854521625,0.7744536240013122,-0.001998438549149648
2025-06-20,488,0.7276739628012138,0.7275417135396972,0.0001322492615165185
2025-06-23,489,0.7816628796150722,0.7710576838716285,0.010605195743443539
2025-06-24,484,0.6000114050622093,0.5915233043652252,0.008488100696984194
2025-06-25,466,0.6499015823540906,0.645758718879827,0.004142863474263555
2025-06-26,461,0.8253198137094748,0.8189357478295358,0.006384065879938889
2025-06-27,466,0.9277444180559254,0.9263189427015128,0.0014254753544125892
2025-06-30,476,0.9167923900184983,0.9097367150932839,0.007055674925214292
2025-07-01,479,0.6113142010196497,0.598594549383585,0.012719651636064724
2025-07-02,478,0.509266035715099,0.48320191593842804,0.026064119776670894
2025-07-03,487,0.5834909082503055,0.5622635145209766,0.02122739372932884
2025-07-07,484,0.7780895340134357,0.7467197754953829,0.03136975851805266
2025-07-08,485,0.6222251144749089,0.6099353572595964,0.012289757215312575
2025-07-09,485,0.5963377990366857,0.5842336834815864,0.012104115555099363
2025-07-10,487,0.8314508813427804,0.8244714241608727,0.006979457181907739
2025-07-11,489,0.6922247963661913,0.6738640680655296,0.018360728300661683
2025-07-14,489,0.6157175482183389,0.6007760850937333,0.014941463124605684
2025-07-15,488,0.6531720505374082,0.6561034756957347,-0.0029314251583265213
2025-07-16,484,0.6210817347397039,0.6071892764408412,0.013892458298862619
2025-07-17,482,0.7145473519414747,0.7160837402680188,-0.0015363883265441633
2025-07-18,488,0.8469150587068467,0.8462804970241901,0.0006345616826566635
2025-07-21,491,0.9892589594564885,0.999192548559039,-0.009933589102550707
2025-07-22,491,0.8924093286959607,0.8922117733253981,0.00019755537056260133
2025-07-23,492,0.7683538734517291,0.7656383213985519,0.0027155520531771497
2025-07-24,492,0.7076807045836045,0.6950053288347166,0.012675375748888043
2025-07-25,493,0.9327947665375246,0.9273342268610333,0.005460539676491291
2025-07-28,483,1.18010610686995,1.179459861130238,0.0006462457397118433
2025-07-29,475,1.3259601280972981,1.3351791618295743,-0.009219033732276203
2025-07-30,474,1.0600728783125697,1.069735398600231,-0.009662520287661297
2025-07-31,480,0.8670606696685298,0.8827380677316928,-0.015677398063163046
2025-08-01,488,0.8653976931751354,0.8866498295178258,-0.021252136342690416
2025-08-04,488,0.8686758361285082,0.8951976257969605,-0.026521789668452315
2025-08-05,483,0.8932583134099682,0.9061379804247649,-0.012879667014796665
2025-08-06,477,0.8406806315982798,0.8573576718626399,-0.016677040264360204
2025-08-07,477,0.7885823396008218,0.8072049768380523,-0.018622637237230472
2025-08-08,479,0.9456216176748502,0.9394851083578565,0.006136509316993701
2025-08-11,475,0.927539696325505,0.9201759699926553,0.007363726332849722
2025-08-12,455,0.7156430494611898,0.7209771823662079,-0.005334132905017977
2025-08-13,449,0.6565349526367499,0.6990197533442982,-0.04248480070754836
2025-08-14,454,0.5987566749303678,0.628781854553543,-0.030025179623175333
2025-08-15,471,0.5457483440902098,0.5831443892787873,-0.037396045188577455
2025-08-18,479,0.624124240448726,0.640043148332945,-0.01591890788421895
2025-08-19,478,0.6131247265377673,0.6408101151217998,-0.027685388584032567
2025-08-20,479,0.6834187757389698,0.7085879380258074,-0.025169162286837722
2025-08-21,481,0.809446444070279,0.8280279369679246,-0.018581492897645602
2025-08-22,488,0.6525250057599867,0.6804174209406104,-0.02789241518062369
2025-08-25,489,0.6765068151539354,0.6933772901454949,-0.0168704749915595
2025-08-26,474,0.559661368474615,0.573931551625627,-0.01427018315101214
2025-08-27,450,0.6661457514752682,0.676917802294665,-0.01077205081939683
2025-08-28,446,0.7093667917773607,0.7047758370305661,0.004590954746794618
2025-08-29,456,0.6301507771019089,0.629450261474368,0.0007005156275408536
2025-09-02,462,0.7310681655081253,0.7331779427023615,-0.002109777194236125
2025-09-03,465,0.7574174213102035,0.7267122365662588,0.030705184743944694
2025-09-04,468,0.6978301079116311,0.6759371560947096,0.02189295181692148
2025-09-05,478,0.8534657077968308,0.8222270929153747,0.031238614881456288
2025-09-08,479,0.8002761130637513,0.7850132467714053,0.015262866292346081
2025-09-09,475,0.7730944495818075,0.7529271448801951,0.020167304701612505
2025-09-10,459,0.6551940611428915,0.6386523832358575,0.01654167790703394
2025-09-11,455,0.7189658118499649,0.7282339083078235,-0.009268096457858567
2025-09-12,461,0.5898036817418849,0.5883960365253778,0.001407645216507051
2025-09-15,482,0.643193350321049,0.6361475895139025,0.007045760807146475
2025-09-16,488,0.6847325074435661,0.6685133023825638,0.016219205061002318
2025-09-17,486,0.7794326604450751,0.7552443671498614,0.024188293295213638
2025-09-18,489,0.6150885508561055,0.6092689645721225,0.005819586283983036
2025-09-19,490,0.6677051618573953,0.6695015667530961,-0.0017964048957008162
2025-09-22,492,0.7789103283148281,0.7669307752380815,0.01197955307674659
2025-09-23,486,0.6355031996563171,0.623055527846009,0.012447671810308043
2025-09-24,485,0.56435828713074,0.551325203761217,0.013033083369523055
2025-09-25,464,0.7076514808556685,0.7152239701451888,-0.007572489289520192
2025-09-26,461,0.9400610375467818,0.9212388747851415,0.018822162761640258
2025-09-29,460,0.9047454519198923,0.8852229304188444,0.019522521501047857
2025-09-30,475,0.79194123936965,0.7688322324580333,0.023109006911616655
2025-10-01,482,0.6893136441865251,0.6872075811309986,0.002106063055526509
2025-10-02,483,0.6671668900679585,0.6672916645391608,-0.00012477447120237505
2025-10-03,492,0.7633410208255831,0.7611214066234345,0.0022196142021484884
2025-10-06,490,0.7436606006875318,0.7370383002639271,0.006622300423604668
2025-10-07,483,1.0416045162680874,1.0576034592405563,-0.01599894297246871
2025-10-08,483,0.8455743189856689,0.8447614678097858,0.0008128511758831993
2025-10-09,484,0.659615327025612,0.6248430666054442,0.03477226042016784
2025-10-10,488,0.8958998779481043,0.8836200135867777,0.012279864361326743
2025-10-13,487,0.7487389498022353,0.7607556103444731,-0.012016660542237873
2025-10-14,485,0.7064176706783056,0.7170092722579526,-0.010591601579647001
2025-10-15,488,0.6440543451342892,0.6359899980499585,0.008064347084330658
2025-10-16,488,0.8168326618301726,0.808656094339589,0.008176567490583675
2025-10-17,490,0.6728205631750335,0.6697344659640856,0.003086097210947755
2025-10-20,491,0.7313151770177958,0.7404640322695148,-0.009148855251719075
2025-10-21,489,0.7870329119328526,0.7662887246321837,0.020744187300669053
2025-10-22,491,0.9088006058772055,0.8656870889437729,0.04311351693343267
2025-10-23,491,0.8485533903239418,0.8376555686462823,0.010897821677659575
2025-10-24,492,1.1177155099008578,1.1450690293104182,-0.027353519409560576
2025-10-27,491,1.2806581377860664,1.3027311980713736,-0.022073060285306974
2025-10-28,481,1.07940110687224,1.1110719795523156,-0.03167087268007543
2025-10-29,476,0.9305594278910593,0.9442113935200581,-0.013651965628998869
2025-10-30,475,0.8296725322669336,0.8183348759517918,0.011337656315141852
2025-10-31,482,0.8522315916055956,0.8517196107925045,0.000511980813091117
2025-11-03,489,0.9956165745353334,0.9806050301890621,0.015011544346271272
2025-11-04,481,0.9022339248046604,0.9009902493464129,0.0012436754582474654
2025-11-05,475,0.8363772286754345,0.8404182750404562,-0.004041046365021556
2025-11-06,475,0.8461095091247812,0.8696286644862073,-0.023519155361426146
2025-11-07,479,0.6652159598706041,0.6935727290048487,-0.028356769134244654
2025-11-10,479,0.8318526280113352,0.7989641317243092,0.032888496287025885
2025-11-11,456,0.7422967302433899,0.7301380865735252,0.01215864366986476
2025-11-12,445,1.1214292397122498,1.0824483365285724,0.038980903183677355
2025-11-13,450,0.8103094561322952,0.8157567178998814,-0.005447261767586302
2025-11-14,465,0.7803290710622086,0.787623755175027,-0.00729468411281834
2025-11-17,477,0.7733358142933261,0.7540333032859101,0.01930251100741591
2025-11-18,474,0.7497627705997658,0.764627177033237,-0.014864406433471122
2025-11-19,476,0.7533326379346141,0.7708209178496161,-0.01748827991500205
2025-11-20,477,1.370870687365838,1.3248575130581348,0.04601317430770342
2025-11-21,481,0.9730233093365842,0.9066909153341213,0.06633239400246306
2025-11-24,474,0.859301017716938,0.8289255227212616,0.030375494995676308
2025-11-25,458,0.6237049455593163,0.6415847497024693,-0.017879804143152978
2025-11-26,457,0.6636273355448226,0.6932202572530173,-0.0295929217081947
2025-11-28,463,0.8093948045105556,0.8276877004025518,-0.01829289589199626
2025-12-01,478,0.8070125343120039,0.7976106281385569,0.009401906173447026
2025-12-02,463,0.8560545946171968,0.84314468881639,0.012909905800806776
2025-12-03,465,0.7872932594719348,0.7764554046208743,0.01083785485106059
2025-12-04,468,0.807074167240445,0.8011300377495998,0.0059441294908451564
2025-12-05,482,0.8151108703278727,0.8044662103031276,0.010644660024745081
2025-12-08,485,0.9078056106585152,0.8980588857899866,0.009746724868528655
2025-12-09,479,0.9013007923017584,0.8860552683525562,0.015245523949202136
2025-12-10,462,0.8805482976649364,0.8580845134949382,0.022463784169998204
2025-12-11,457,0.8146333895572141,0.7734861188456489,0.041147270711565306
2025-12-12,461,0.7147751013687071,0.6890143666224526,0.02576073474625448
2025-12-15,480,0.6268199348735279,0.6241202025605497,0.0026997323129782876
2025-12-16,482,0.6011134846892499,0.5787403932371521,0.022373091452097787
2025-12-17,484,0.8010301997745942,0.7557503307045089,0.045279869070085244
2025-12-18,486,0.651433029765776,0.629668191454332,0.021764838311444067
2025-12-19,490,0.47375639657613255,0.47989755588445226,-0.006141159308319707
2025-12-22,485,0.41192869827974704,0.39928529982266486,0.012643398457082218
2025-12-23,482,0.3974517242589197,0.38147117184937274,0.01598055240954692
2025-12-24,481,0.4442512953849659,0.4209975464013794,0.023253748983586526
2025-12-26,471,0.547410389814025,0.5307441183881478,0.01666627142587715
2025-12-29,458,0.5927537350354002,0.5829033219028212,0.009850413132579002
2025-12-30,457,0.7945281860609746,0.7884529044622944,0.006075281598680205
2025-12-31,471,1.2937567286749847,1.3046201549575747,-0.01086342628258992
2026-01-02,488,0.9588777533480097,0.961078873170444,-0.0022011198224343885
2026-01-05,491,0.7724681570817034,0.7623737383402341,0.010094418741469283
2026-01-06,488,0.7677044555741054,0.7503824451592572,0.01732201041484827
2026-01-07,485,0.9091591961012546,0.9043186961225945,0.004840499978660085
2026-01-08,484,0.9223590662686881,0.8935233634878273,0.02883570278086092
2026-01-09,489,0.8580968373262358,0.8578031974928408,0.0002936398333949123
2026-01-12,489,0.8271976457228332,0.8269328454604243,0.0002648002624088158
2026-01-13,483,0.7614993126473649,0.752929599574243,0.008569713073121911
2026-01-14,480,0.8615145968238124,0.8428680792635534,0.018646517560258855
2026-01-15,482,0.8205718702370552,0.7915723272663319,0.028999542970723373
2026-01-16,487,0.7907240696119159,0.7703570226843984,0.020367046927517438
2026-01-20,488,0.7444268835713991,0.7323011404603277,0.012125743111071279
2026-01-21,490,0.6518204501792119,0.6482119280586511,0.003608522120560814
2026-01-22,492,0.7871597430351782,0.7698518173797165,0.01730792565546165
2026-01-23,493,0.912990433717213,0.8750137176247954,0.03797671609241762
2026-01-26,490,1.0956164699149733,1.045524872463291,0.0500915974516822
2026-01-27,481,0.9501974342622015,0.9269844760433371,0.023212958218864304
2026-01-28,479,0.9958426329445883,0.9837219041918114,0.012120728752776908
2026-01-29,480,1.3042102779287021,1.2599300596095124,0.044280218319189525
2026-01-30,486,1.631509015651151,1.566453369789638,0.06505564586151302
2026-02-02,489,1.7387679169921058,1.675117470046079,0.06365044694602683
2026-02-03,484,1.3072716792858232,1.2822041846410976,0.02506749464472553
2026-02-04,481,1.1358342969666353,1.1019292752395418,0.033905021727093566
2026-02-05,478,1.33099142580781,1.2388695314192077,0.09212189438860224
2026-02-06,480,1.1630144529936866,1.1401425574853605,0.022871895508326287
2026-02-09,483,1.45495414046181,1.4024596316002795,0.05249450886153052
2026-02-10,464,1.3149108689565943,1.2876215560311985,0.027289312925395583
2026-02-11,452,0.9892993362739402,1.0044430892474328,-0.015143752973492618
2026-02-12,449,0.9336841535493047,0.9162676094858679,0.01741654406343672
2026-02-13,467,0.8004347338444034,0.8416304212080262,-0.0411956873636228
2026-02-17,477,0.8119913702008976,0.8307881368154368,-0.01879676661453928
2026-02-18,475,0.9931427212824079,0.9662017597587644,0.026940961523643496
2026-02-19,476,0.83003781093683,0.8506825222069354,-0.020644711270105316
2026-02-20,477,0.8019455456691704,0.8225876566218632,-0.02064211095269274
2026-02-23,483,0.9927448715960052,0.9598728759431381,0.032871995652867185
2026-02-24,469,0.9399254353495204,0.9304597390340734,0.009465696315447076
2026-02-25,458,1.0369212742336174,1.0202932239844795,0.016628050249137848
2026-02-26,456,1.0810067617858952,1.0428815011559927,0.03812526062990249
2026-02-27,467,0.9167842247356617,0.9193616022401705,-0.00257737750450882
2026-03-02,477,1.17533671840627,1.1337941411628374,0.04154257724343264
2026-03-03,460,1.150300091827109,1.1142943004503048,0.03600579137680428
2026-03-04,456,0.9659360719414256,0.9777784454562106,-0.01184237351478507
2026-03-05,450,0.8861668226660928,0.8931082080302898,-0.00694138536419702
2026-03-06,463,0.9952263221031714,0.9530516568909877,0.0421746652121837
2026-03-09,473,1.2629190465324056,1.2008075880048212,0.06211145852758421
2026-03-10,465,1.0566903775801988,1.0366675483644783,0.020022829215720378
2026-03-11,458,0.7264284684720235,0.7562180514436616,-0.029789582971638136
2026-03-12,451,0.7368146920129158,0.7376903561176894,-0.0008756641047735311
2026-03-13,472,0.7075466986901527,0.716719979165355,-0.009173280475202343
2026-03-16,483,0.8148754370772848,0.8278034691014969,-0.012928032024212104
2026-03-17,488,1.0773712693884685,1.1139879412863334,-0.036616671897864904
2026-03-18,487,0.6935485656300967,0.7181251299767758,-0.024576564346679045
2026-03-19,488,0.8200092092428282,0.816376934714209,0.0036322745286191845
2026-03-20,489,1.0281815574956783,0.9721166677648521,0.056064889730826274
2026-03-23,490,0.7958341181596628,0.7711122673588948,0.024721850800767903
2026-03-24,488,0.9613253184024431,0.9187084968998415,0.04261682150260168
2026-03-25,489,1.294631214779989,1.175855830841361,0.11877538393862831
2026-03-26,467,0.5640795709970622,0.6021398835775468,-0.03806031258048464
2026-03-27,466,1.039026645410706,1.02068110559432,0.018345539816385904
2026-03-30,458,1.2706072858080542,1.1766233156382382,0.09398397016981609
2026-03-31,477,0.7506092854366954,0.7410929426907865,0.009516342745908884
2026-04-01,480,0.6764598885220512,0.6902333827070788,-0.013773494185027617
2026-04-02,490,1.1101475582639073,1.0344555458698212,0.07569201239408596
2026-04-06,488,1.3036058720731094,1.2174635157829161,0.08614235629019318
2026-04-07,485,1.3835192659345446,1.2711498188412387,0.11236944709330587
2026-04-08,484,0.7479425855000847,0.7378248029533344,0.010117782546750288
2026-04-09,488,0.8380157487822,0.8168308987717607,0.021184850010439234
2026-04-10,489,1.1666274608792242,1.1286661922632244,0.03796126861599958
2026-04-13,488,0.8525327732357595,0.830671973509009,0.021860799726750393
2026-04-14,486,0.878147128346156,0.851252668474104,0.02689445987205212
2026-04-15,487,0.8805542414499242,0.8689575102545797,0.011596731195344476
2026-04-16,488,0.8223699000185827,0.830656136981074,-0.008286236962491348
2026-04-17,488,0.925072993688054,0.9116497983321713,0.013423195355882524
2026-04-20,491,1.1186799604451145,1.0754571683910192,0.04322279205409522
2026-04-21,491,1.073846094065009,1.0509364700572872,0.02290962400772198
2026-04-22,494,0.9313652051351208,0.925126087579019,0.006239117556101634
2026-04-23,494,0.8402380462826029,0.8445895195159164,-0.0043514732333135115
2026-04-24,493,1.046765103214247,1.0047245020671316,0.0420406011471155
2026-04-27,487,1.016916327539929,1.0239990517927622,-0.0070827242528329155
2026-04-28,482,1.0303199422774458,1.0028751655178607,0.027444776759584986
2026-04-29,477,0.9570257090444736,0.9383011967432986,0.018724512301175
2026-04-30,480,0.9647663243075321,0.9491464034399926,0.015619920867539477
2026-05-01,485,1.1862979618015408,1.129449106403948,0.0568488553975927
2026-05-04,490,1.2385989800485342,1.1923114468317275,0.04628753321680681
2026-05-05,480,1.3577666471619907,1.3122294006679018,0.04553724649408889
2026-05-06,475,1.1749229687379081,1.143293519358392,0.031629449379516096
2026-05-07,473,1.045560058114365,1.0015442652340076,0.04401579288035705
2026-05-08,480,1.0723536939077587,1.0283920455904982,0.0439616483172606
2026-05-11,479,0.8062619201712451,0.826880027430317,-0.020618107259071934
2026-05-12,457,0.8905165993642531,0.9025357797531984,-0.012019180388945342
2026-05-13,452,1.0428702502717606,0.9918232349476612,0.05104701532409941
2026-05-14,455,1.1256849256941095,1.0400643578511202,0.08562056784298923
2026-05-15,475,0.8237066838672809,0.8387582219824502,-0.015051538115169311
2026-05-18,481,0.8435201389992214,0.8466817019214673,-0.003161562922245933
2026-05-19,465,1.169085317236607,1.1175668256515836,0.05151849158502347
2026-05-20,467,1.0487089790321882,0.9973273642350414,0.05138161479714682
2026-05-21,469,0.9909757036342717,0.9652524228549739,0.025723280779297638
2026-05-22,486,1.085369628544187,1.054545764110036,0.030823864434151013
2026-05-26,473,1.2752355079907118,1.2269317484032018,0.048303759587510146
2026-05-27,456,1.571659726252335,1.503293202303246,0.06836652394908925
2026-05-28,456,1.260007456289453,1.192748548271286,0.06725890801816678
2026-05-29,468,1.0949470487537305,1.0535014938152867,0.041445554938443825
2026-06-01,482,1.0799092716694834,1.0543356264249206,0.025573645244562588
2026-06-02,466,1.1949004927021767,1.1155600064110536,0.0793404862911233
2026-06-03,465,0.9367878627429597,0.909060677518424,0.02772718522453575
2026-06-04,466,1.064798519257809,0.9839564970920621,0.08084202216574712
2026-06-05,478,0.8640305557945345,0.8423805522819333,0.02165000351260115
2026-06-08,481,0.9372301509222724,0.9186249943768915,0.01860515654538079
2026-06-09,475,0.8458258827664955,0.8275305855775605,0.018295297188934908
2026-06-10,453,1.5263392391839883,1.3820854028093783,0.14425383637460984
2026-06-11,449,0.8810532433000119,0.8975241065052771,-0.01647086320526511
2026-06-12,458,1.0740775309933632,1.0564603644109951,0.017617166582368286
2026-06-15,483,0.9346757397298521,0.9229276101131133,0.01174812961673884
2026-06-16,485,1.2025661782359207,1.1225652962553254,0.08000088198059521
2026-06-17,485,0.7677378169650237,0.8018796693260197,-0.03414185236099605
2026-06-18,486,0.9780919555292373,0.9598303888307603,0.018261566698476995
2026-06-22,487,1.1663365606699794,1.1375866898585485,0.02874987081143094
2026-06-23,485,1.2363614682108834,1.1921647226859884,0.04419674552489486
2026-06-24,485,1.03355499017275,0.9976253373010942,0.035929652871655934
2026-06-25,467,1.0099870375425497,0.983327551447989,0.02665948609456084
2026-06-26,464,1.0073331870478421,1.0123895076474383,-0.005056320599596206
2026-06-29,460,1.3153275767530268,1.1895604006008542,0.12576717615217267
2026-06-30,475,1.336148031023745,1.2176415465293078,0.11850648449443725
2026-07-01,480,1.076783255440625,1.0186298019587843,0.058153453481840756
2026-07-02,485,0.9048751762917316,0.9181051151017565,-0.013229938810024818
2026-07-06,488,0.7654356150818183,0.8058518602949205,-0.040416245213102144
2026-07-07,483,0.7720471148923509,0.7774212834013495,-0.005374168508998685
2026-07-08,484,0.6796256220731721,0.7261079017876506,-0.0464822797144785
2026-07-09,488,0.6955695919309494,0.7386687988580312,-0.0430992069270818
2026-07-10,491,0.8212106386485414,0.8259600165001734,-0.0047493778516319455
2026-07-13,492,0.9109590032514716,0.8973023653254995,0.013656637925972038
2026-07-14,488,1.010844746248282,0.9417484406461714,0.06909630560211051
2026-07-15,488,0.8566776210885096,0.834512648767787,0.02216497232072261
2026-07-16,486,0.9707685996402314,0.9482465313141145,0.022522068326116966
2026-07-17,488,0.9275652133320286,0.8873276530426053,0.04023756028942326
2026-07-20,491,1.1100151681882198,1.0614670404356668,0.04854812775255332
2026-07-21,488,1.0091297514511957,0.9914732764821242,0.017656474969071374
2026-07-22,489,1.2072933069462937,1.1363461804591704,0.0709471264871234
2026-07-23,489,2.0556822670342214,1.8702302834326376,0.1854519836015839
2026-07-24,493,1.7911653471025468,1.61331275872086,0.1778525883816868
2026-07-27,492,1.0196868256074814,1.021297647961599,-0.0016108223541173655
2026-07-28,484,1.232226366010927,1.1766536204897675,0.0555727455211593
2026-07-29,477,1.4989495574318465,1.3859560749133735,0.1129934825184731
2026-07-30,477,1.4095965618311586,1.3012926763217458,0.10830388550941285
2026-07-31,485,1.3050608458911896,1.224579640000751,0.08048120589043874
2026-08-03,492,0.9722482559749381,0.986715678304338,-0.014467422329399798
2026-08-04,485,0.8650984482078632,0.9008770805820546,-0.035778632374191315
2026-08-05,480,0.9301950709970143,0.9493113780834785,-0.01911630708646413
2026-08-06,478,0.8149190185952077,0.8522951250306485,-0.03737610643544073
2026-08-07,480,0.7976756978830614,0.8273607690363554,-0.029685071153294027
2026-08-10,480,0.8288638257183832,0.8321756598249848,-0.003311834106601465
2026-08-11,458,0.806163018603404,0.8097834748751573,-0.0036204562717532265
2026-08-12,455,0.7020139652993055,0.7320382917997108,-0.030024326500405256
2026-08-13,455,0.7657652964018882,0.7814953656768616,-0.015730069274973536
2026-08-14,469,1.139447532539647,1.1056845284736454,0.0337630040660015
2026-08-17,473,1.3144247560793931,1.2350020690233938,0.0794226870559993
2026-08-18,471,1.1477507152731803,1.1585185799306246,-0.010767864657444165
2026-08-19,475,0.7439008202799845,0.7839810601419146,-0.04008023986193004
