origin_trading_day,rows,baseline_loss,candidate_loss,loss_delta_baseline_minus_candidate
2020-05-04,409,2.453324019103362,1.9127383442592238,0.5405856748441378
2020-05-05,399,2.3159271578026903,1.839319611626482,0.4766075461762084
2020-05-06,396,2.547747625330325,1.8933994147947957,0.6543482105355296
2020-05-07,401,2.250488134825675,1.66761813188687,0.5828700029388051
2020-05-08,403,2.160689330145007,1.5865940778791983,0.5740952522658084
2020-05-11,401,2.465576493749814,1.758881532579288,0.7066949611705263
2020-05-12,400,3.343640562517836,2.486727035120328,0.8569135273975084
2020-05-13,392,3.720638907718528,3.032720349881591,0.6879185578369372
2020-05-14,393,3.272303949906128,2.660148782869805,0.6121551670363233
2020-05-15,399,3.5296865854815827,2.707825764994223,0.8218608204873601
2020-05-18,396,2.681084051878998,2.2273399663944997,0.4537440854844984
2020-05-19,402,3.4564349198045963,2.9227301108970765,0.5337048089075199
2020-05-20,395,3.2181591700026835,2.8089819401933798,0.4091772298093036
2020-05-21,401,4.038454654426249,3.642922546166898,0.39553210825935015
2020-05-22,407,4.787928321862922,4.582648662085975,0.20527965977694737
2020-05-26,404,3.0674210031551463,2.683607509524644,0.3838134936305021
2020-05-27,407,2.3933897079829767,1.7540102423189898,0.639379465663987
2020-05-28,406,2.2018842681857627,1.6112007146832574,0.5906835535025052
2020-05-29,399,2.307008674741633,1.6599407794572407,0.6470678952843921
2020-06-01,397,2.2168124394194693,1.5227120136793981,0.6941004257400712
2020-06-02,399,2.1864815835057927,1.4362918257339463,0.7501897577718463
2020-06-03,403,2.158830608598298,1.4675633266414012,0.6912672819568965
2020-06-04,414,2.202398644185784,1.5564762710863327,0.6459223730994513
2020-06-05,410,2.5639436506236395,2.1496631266534663,0.41428052397017384
2020-06-08,411,2.7828332360877814,2.636146577318439,0.14668665876934242
2020-06-09,419,2.43732189159415,2.259939987235568,0.17738190435858187
2020-06-10,419,2.5190196978101835,2.5212326473331803,-0.0022129495229970004
2020-06-11,432,2.0894354853483095,1.9778976811358602,0.11153780421244922
2020-06-12,452,2.1609348704594376,1.9674673980067585,0.1934674724526793
2020-06-15,440,1.9363486224042878,1.8792288737598744,0.05711974864441353
2020-06-16,434,1.930314082611651,1.7394606287058891,0.19085345390576194
2020-06-17,430,1.844649560739424,1.703934845806535,0.14071471493288898
2020-06-18,426,1.8015134730827573,1.5672453136772158,0.23426815940554155
2020-06-19,429,1.7611249097683421,1.640311132119516,0.12081377764882603
2020-06-22,428,1.7861438525835176,1.585783272832795,0.20036057975072286
2020-06-23,428,1.7225938309817415,1.5717699930139466,0.1508238379677949
2020-06-24,420,1.847384132490038,1.8681311320276497,-0.02074699953761145
2020-06-25,421,1.708845049361066,1.6004627904010114,0.10838225896005464
2020-06-26,424,1.7322708700417713,1.6270448099152415,0.10522606012652999
2020-06-29,438,1.7690208375269862,1.6005098573607708,0.16851098016621563
2020-06-30,445,1.7562511883807206,1.552048051804002,0.20420313657671843
2020-07-01,445,1.7422188628824677,1.5775886974797697,0.1646301654026982
2020-07-02,447,1.7398010920854874,1.5783638274277139,0.1614372646577736
2020-07-06,450,1.5790025656644577,1.4861964873335949,0.09280607833086289
2020-07-07,450,1.6685511193115903,1.4885827084864656,0.1799684108251249
2020-07-08,449,1.82940748307434,1.608644560869881,0.2207629222044594
2020-07-09,454,2.1266270191771803,1.8544191534958505,0.27220786568133004
2020-07-10,454,1.7716478547075458,1.6139769211180426,0.15767093358950346
2020-07-13,453,1.8837124186944139,1.7730353495705526,0.11067706912386123
2020-07-14,455,1.4918543747975657,1.3581206187973773,0.13373375600018833
2020-07-15,457,1.602014087907694,1.4762070187123109,0.12580706919538331
2020-07-16,452,1.6172721277238071,1.5230672895548674,0.09420483816893974
2020-07-17,443,1.6088298662713036,1.5493114232994463,0.059518442971857655
2020-07-20,441,1.603622360507962,1.5508144866422746,0.05280787386568761
2020-07-21,442,1.6233947662194743,1.5536516082194691,0.06974315800000515
2020-07-22,444,1.5789166152926084,1.5140516766040943,0.06486493868851417
2020-07-23,440,1.6815227353327216,1.5861450069895346,0.09537772834318677
2020-07-24,433,1.7364058339221033,1.6176967864967264,0.11870904742537708
2020-07-27,431,1.8312655675173006,1.6961094531490206,0.13515611436828007
2020-07-28,431,1.8844838150950465,1.7399686555986356,0.14451515949641108
2020-07-29,428,1.6858394141708928,1.570531533858587,0.11530788031230582
2020-07-30,412,1.6708234147344785,1.5474156442662992,0.12340777046817941
2020-07-31,417,1.7806248729464809,1.660765555959827,0.11985931698665413
2020-08-03,415,1.6709338832855662,1.5382112742064853,0.13272260907908107
2020-08-04,407,1.5245154680465767,1.4067153218747028,0.1178001461718737
2020-08-05,400,1.395489851274581,1.2808969158831436,0.1145929353914375
2020-08-06,402,1.2961316893602357,1.1699801086970023,0.12615158066323354
2020-08-07,406,1.344636362967059,1.2451091589407808,0.09952720402627833
2020-08-10,403,1.3338700819312392,1.2180155069793634,0.11585457495187593
2020-08-11,404,1.3731006440019164,1.2930452919213702,0.08005535208054661
2020-08-12,405,1.472461639184236,1.4155227088273838,0.05693893035685222
2020-08-13,421,1.356230863412385,1.2534840539451269,0.10274680946725807
2020-08-14,418,1.4472345518444798,1.3361625817108571,0.11107197013362272
2020-08-17,405,1.3582167645348922,1.250685990992228,0.10753077354266385
2020-08-18,406,1.4373236059571342,1.34550738927182,0.09181621668531433
2020-08-19,407,1.579790175874671,1.483736496488668,0.09605367938600323
2020-08-20,399,1.3174659992226765,1.1987392945013173,0.11872670472135921
2020-08-21,404,1.41202118296035,1.3036915733698067,0.10832960959054334
2020-08-24,403,1.509782156346383,1.4849486002505097,0.02483355609587319
2020-08-25,397,1.358147541982237,1.304249340063238,0.053898201918998905
2020-08-26,393,1.579196410023993,1.5677607153937902,0.011435694630203008
2020-08-27,399,1.5069097302692842,1.4859125949890302,0.020997135280253897
2020-08-28,383,1.464786811905857,1.4286197520240282,0.03616705988182863
2020-08-31,393,1.4961120623982163,1.4645893574474291,0.03152270495078714
2020-09-01,397,1.5678597575224023,1.5402726997280596,0.027587057794342548
2020-09-02,401,1.7598348849058787,1.7549917886811963,0.004843096224682364
2020-09-03,412,1.446298876839519,1.4225997283757985,0.02369914846372043
2020-09-04,410,1.5496337447540802,1.5879267229026715,-0.03829297814859145
2020-09-08,416,1.3305355193494606,1.404610543298323,-0.07407502394886246
2020-09-09,422,1.6605701800892698,1.7354737147620707,-0.07490353467280089
2020-09-10,425,1.3716698327869945,1.4591739031121669,-0.08750407032517243
2020-09-11,424,1.2823423089430064,1.316609588372857,-0.034267279429850514
2020-09-14,451,1.1973626603833496,1.2114724397015124,-0.01410977931816307
2020-09-15,438,1.3026760519555363,1.322267500177153,-0.019591448221616733
2020-09-16,433,1.3682888350495974,1.3766408569873034,-0.00835202193770614
2020-09-17,429,1.515505614655825,1.5519787639145284,-0.03647314925870329
2020-09-18,430,1.337738792123517,1.3454952366586932,-0.007756444535175908
2020-09-21,427,1.5201019503721311,1.5481068220007757,-0.028004871628644526
2020-09-22,426,1.3175549731184173,1.3013049299350774,0.01625004318333986
2020-09-23,427,2.0364571509298854,1.9647697938090605,0.07168735712082511
2020-09-24,416,2.3649524034757334,2.221048703352185,0.14390370012354844
2020-09-25,418,2.041176528186112,1.9235977566596247,0.11757877152648705
2020-09-28,418,1.7650305601678,1.7190624922087214,0.04596806795907857
2020-09-29,438,1.7512078892513003,1.6992715817182027,0.05193630753309769
2020-09-30,443,1.5412704861766233,1.5167617986815272,0.02450868749509594
2020-10-01,444,1.6229861040770872,1.5607876192125834,0.0621984848645039
2020-10-02,445,1.578502710006483,1.5665330980156926,0.01196961199079027
2020-10-05,450,1.2448079559933998,1.2387441497746547,0.006063806218745016
2020-10-06,450,1.3013028165919236,1.3054117761821882,-0.0041089595902646025
2020-10-07,449,1.1803225646397533,1.1611771041746417,0.01914546046511143
2020-10-08,459,1.2433376586822427,1.2145933746776667,0.02874428400457578
2020-10-09,460,1.2577792247845025,1.218577718669091,0.03920150611541149
2020-10-12,459,1.4818955766552564,1.486554357328363,-0.004658780673106763
2020-10-13,456,1.5769517639883255,1.5912360802138568,-0.01428431622553119
2020-10-14,460,2.1575036532715632,2.2634739885182995,-0.10597033524673635
2020-10-15,456,2.006960623059369,2.0670422141772153,-0.06008159111784647
2020-10-16,447,2.067246401354433,2.13035024165893,-0.06310384030449717
2020-10-19,446,1.6109476861240624,1.5936476653600824,0.017300020763980045
2020-10-20,446,1.4493793718598402,1.4530479131937537,-0.003668541333913545
2020-10-21,447,1.4079984688217877,1.3869223941457232,0.021076074676064812
2020-10-22,440,1.3791590610341762,1.380243996437617,-0.0010849354034406984
2020-10-23,434,1.5456440402032259,1.5491366132405746,-0.003492573037348732
2020-10-26,426,2.743546510839625,2.7312838527807286,0.01226265805889646
2020-10-27,422,3.4547816359962353,3.475310575090179,-0.020528939093943554
2020-10-28,422,4.314023821001288,4.469450979032264,-0.15542715803097565
2020-10-29,413,3.1932464114084254,3.2575318124774912,-0.06428540106906591
2020-10-30,412,4.143063237442626,4.179562982096451,-0.03649974465382488
2020-11-02,411,4.215474908092188,4.248703942896948,-0.03322903480476044
2020-11-03,405,3.259302274377141,3.344662758361046,-0.08536048398390544
2020-11-04,399,3.1240164640181574,3.1710339400374847,-0.0470174760193277
2020-11-05,399,2.6608755038689504,2.6860402067711635,-0.025164702902213242
2020-11-06,403,2.613741899249709,2.6154847518368065,-0.001742852587097316
2020-11-09,407,1.7208895468464522,1.7888490006861848,-0.06795945383973229
2020-11-10,409,1.9732499928941902,2.0206557296716516,-0.04740573677746155
2020-11-11,405,1.9306509628628512,1.9137665590071429,0.016884403855708344
2020-11-12,410,2.1869164769389866,2.134067595318219,0.0528488816207676
2020-11-13,407,1.676032365837554,1.5906278014668598,0.08540456437069406
2020-11-16,398,1.4906284126040346,1.3855408547855317,0.10508755781850297
2020-11-17,402,1.4573246308877177,1.3499197542287047,0.1074048766590128
2020-11-18,392,1.6654469507293297,1.5943848911304943,0.0710620595988353
2020-11-19,398,1.8562189379499092,1.8063510922884534,0.04986784566145572
2020-11-20,401,1.8494629449360165,1.7587615627629416,0.09070138217307473
2020-11-23,401,1.5894134277063519,1.5033589280606205,0.08605449964573154
2020-11-24,399,1.300750262877641,1.1689108726564565,0.13183939022118457
2020-11-25,394,1.3648342967203229,1.2275562209289537,0.13727807579136903
2020-11-27,402,1.3210639588993385,1.179461451727403,0.14160250717193548
2020-11-30,395,1.3095590402507364,1.1816653341379764,0.12789370611276007
2020-12-01,399,1.302243893871499,1.1501616008179034,0.1520822930535956
2020-12-02,402,1.3069959955127162,1.1746190327479131,0.13237696276480312
2020-12-03,413,1.2855788993319226,1.1814281389324528,0.1041507603994698
2020-12-04,410,1.3124500747197783,1.236351708871984,0.07609836584779411
2020-12-07,408,1.276382003649653,1.2050578357122685,0.0713241679373846
2020-12-08,408,1.3932416559316636,1.3529829740284718,0.040258681903191706
2020-12-09,414,1.3286730760805998,1.2742424190551278,0.054430657025472236
2020-12-10,416,1.2868721803873344,1.2114607549204695,0.07541142546686516
2020-12-11,421,1.2594522682325278,1.1754199524709905,0.08403231576153739
2020-12-14,443,1.136597568450673,1.080151865597811,0.056445702852861906
2020-12-15,432,1.109568564042522,1.0270983994731664,0.08247016456935545
2020-12-16,423,1.1049688277017622,1.0098559430450247,0.09511288465673746
2020-12-17,425,1.143490990578942,1.05376796902989,0.08972302154905223
2020-12-18,429,1.1294167021315216,1.045333486402306,0.08408321572921548
2020-12-21,430,1.4798407762925314,1.4204261778738911,0.05941459841864011
2020-12-22,423,1.7891115130353261,1.7283883267161564,0.060723186319169356
2020-12-23,420,1.6192299562908774,1.5283301052752507,0.09089985101562689
2020-12-24,427,1.6934099496820998,1.591789245770703,0.10162070391139678
2020-12-28,427,2.0040170480592834,1.9136591007010066,0.09035794735827656
2020-12-29,425,1.977426519623163,1.9085431085332865,0.06888341108987664
2020-12-30,438,2.0417548840654973,1.9848187391770271,0.056936144888469944
2020-12-31,447,1.8148722531757076,1.733090672300098,0.0817815808756095
2021-01-04,447,1.999054715481405,1.94741295446293,0.05164176101847489
2021-01-05,449,1.7487937657715797,1.6704365972567348,0.07835716851484516
2021-01-06,443,1.462776626638185,1.4202007967225398,0.0425758299156451
2021-01-07,454,1.3999394274735022,1.3460675804035762,0.05387184706992615
2021-01-08,458,1.4820717054453252,1.4362184440829522,0.04585326136237296
2021-01-11,457,1.6029737311611985,1.561813988063241,0.041159743097957606
2021-01-12,457,2.124971965818328,2.1810365428618894,-0.056064577043561534
2021-01-13,453,1.562036541746128,1.5212132834655432,0.04082325828058482
2021-01-14,445,1.8411664454821977,1.8793056267814963,-0.038139181299298525
2021-01-15,446,1.5096700300832848,1.4925188266887297,0.017151203394555135
2021-01-19,449,1.3502957892468772,1.3081529683685813,0.042142820878295774
2021-01-20,449,1.3361783869282833,1.265189064282738,0.07098932264554508
2021-01-21,446,1.2471377733587847,1.1487638867711991,0.09837388658758559
2021-01-22,443,1.3037036827510033,1.1993965668451814,0.10430711590582194
2021-01-25,438,1.4477461129703881,1.3688318851466996,0.07891422782368833
2021-01-26,433,1.5933091526837497,1.4972412516129716,0.09606790107077827
2021-01-27,430,2.1939750676345584,2.1995620281519885,-0.005586960517430378
2021-01-28,416,1.9055437327902949,1.9165800723208395,-0.01103633953054457
2021-01-29,421,2.4823578183423027,2.4405152882431644,0.04184253009913837
2021-02-01,414,2.1964103804952466,2.155181917452085,0.041228463043161384
2021-02-02,410,1.8227533349967535,1.823513346306677,-0.000760011309923423
2021-02-03,402,1.5764570938363973,1.54206364637164,0.03439344746475743
2021-02-04,401,1.5443282931411622,1.472077641372088,0.07225065176907426
2021-02-05,402,1.644495001699324,1.574643541453093,0.06985146024623094
2021-02-08,402,1.5970221733928198,1.553877245290847,0.04314492810197281
2021-02-09,405,1.916245110645141,1.8699684652369586,0.04627664540818227
2021-02-10,392,1.7672853858252564,1.7620222940697934,0.005263091755463033
2021-02-11,395,1.7856014024248925,1.782102705382401,0.003498697042491355
2021-02-12,400,1.6832159190340232,1.6274379549530857,0.055777964080937464
2021-02-16,405,1.5834956972923182,1.559422570385535,0.0240731269067833
2021-02-17,405,1.8884420403829791,1.8790528333060652,0.009389207076914144
2021-02-18,401,2.1208810707797916,2.1457881560871175,-0.024907085307326424
2021-02-19,403,1.9454125335381731,1.9961017973288908,-0.050689263790717684
2021-02-22,404,1.9315753224761427,1.9626160960474106,-0.03104077357126801
2021-02-23,391,1.3890879157366098,1.377117409410005,0.011970506326604988
2021-02-24,393,1.4580702243773427,1.4506570085175303,0.0074132158598120374
2021-02-25,396,1.4088521130625031,1.4798694020670442,-0.07101728900454098
2021-02-26,389,1.77019583357505,1.8280268372023714,-0.05783100362732111
2021-03-01,384,1.5542420889329411,1.5798244137987727,-0.025582324865831882
2021-03-02,377,1.374029355682754,1.3678868881964978,0.0061424674862563065
2021-03-03,381,1.4812355096086849,1.514644628839655,-0.03340911923097003
2021-03-04,389,1.682649108752361,1.8038480089846882,-0.12119890023232764
2021-03-05,395,1.3888593671649052,1.4675767219357734,-0.07871735477086833
2021-03-08,396,1.474381730009486,1.4527054048671293,0.02167632514235645
2021-03-09,413,1.2342138325932122,1.2244979189667868,0.0097159136264254
2021-03-10,411,1.2237566404322988,1.2098310579631337,0.013925582469165226
2021-03-11,420,1.2745095264047637,1.2547558573427096,0.019753669062054235
2021-03-12,442,1.385007404142629,1.3725659351980524,0.012441468944576472
2021-03-15,450,1.4314474321480417,1.4446418702736956,-0.013194438125653973
2021-03-16,441,1.2518174213157562,1.2626348956394697,-0.010817474323713291
2021-03-17,432,1.2687887730679022,1.2606082188604881,0.008180554207414157
2021-03-18,433,1.307564400041469,1.2708279005643413,0.03673649947712766
2021-03-19,432,1.436696978572156,1.4289450321520294,0.00775194642012635
2021-03-22,429,1.3096065901275213,1.27014973779295,0.03945685233457147
2021-03-23,429,1.4276764414606284,1.3769859145971182,0.050690526863510464
2021-03-24,421,1.5540137273832175,1.4657961356249443,0.08821759175827305
2021-03-25,422,1.4781045449790753,1.4458075501687049,0.03229699481037037
2021-03-26,423,1.1642656752444147,1.1107986946610948,0.05346698058331992
2021-03-29,423,1.3144560838273995,1.2071359309505747,0.10732015287682484
2021-03-30,437,1.213303048511628,1.098496808027859,0.11480624048376904
2021-03-31,444,1.2986291036329443,1.2637269965217344,0.0349021071112101
2021-04-01,447,1.2254022696288864,1.1923641466293402,0.03303812299954611
2021-04-05,453,1.0850642532290342,1.0297011221664851,0.05536313106254903
2021-04-06,451,1.154452244258491,1.126587549625603,0.027864694632888126
2021-04-07,451,1.1890504852759332,1.142680574533598,0.04636991074233525
2021-04-08,458,1.1807599702838223,1.1616011141291613,0.019158856154660807
2021-04-09,458,1.1563612428070886,1.1206667504448318,0.035694492362256997
2021-04-12,459,1.1040438680309532,1.033664470556195,0.07037939747475824
2021-04-13,458,1.1168222686371585,1.0571306041322364,0.059691664504921964
2021-04-14,462,1.1217057924348017,1.0625534506707859,0.059152341764015647
2021-04-15,458,1.1525044360843413,1.1071465772601894,0.04535785882415176
2021-04-16,447,1.097470916912404,1.0434567429950101,0.054014173917393805
2021-04-19,446,1.144140700316316,1.0948167664686106,0.04932393384770557
2021-04-20,452,1.339714886729352,1.326664597111004,0.013050289618347977
2021-04-21,452,1.4005953345965925,1.3999932240430806,0.0006021105535119114
2021-04-22,446,1.5768031962677957,1.5894078288206854,-0.012604632552889732
2021-04-23,439,1.5770455214201633,1.5858913727816975,-0.008845851361534044
2021-04-26,434,1.7558351758429087,1.8254449175006096,-0.06960974165770084
2021-04-27,432,1.5399619451313225,1.5874734202454428,-0.0475114751141201
2021-04-28,428,1.6866441361780808,1.7981066530599765,-0.11146251688189567
2021-04-29,417,1.6063152345642697,1.6760598107283424,-0.06974457616407276
2021-04-30,418,1.4508854395735777,1.4662955596218994,-0.0154101200483213
2021-05-03,418,1.3741594094261194,1.4025198998105788,-0.028360490384459522
2021-05-04,410,1.2275570241562375,1.2165069531564168,0.011050070999820617
2021-05-05,404,1.1167083875947152,1.0859893386090436,0.03071904898567164
2021-05-06,404,1.1070075267699226,1.0542507147521882,0.05275681201773437
2021-05-07,408,1.1427371014478576,1.103243518602278,0.039493582845579675
2021-05-10,407,1.1308817525846604,1.074569009039572,0.05631274354508845
2021-05-11,405,1.0346314482233603,1.0185764771447288,0.016054971078631405
2021-05-12,407,1.2700896377868174,1.29367567894053,-0.023586041153712944
2021-05-13,406,1.2704908368709393,1.2024539770767504,0.06803685979418886
2021-05-14,398,1.0730600555754763,0.9897383429830263,0.0833217125924501
2021-05-17,393,1.140969710844116,1.045871821439844,0.09509788940427209
2021-05-18,395,1.184001400534557,1.1184513851352798,0.06555001539927734
2021-05-19,387,1.1698895672335219,1.123754646530652,0.04613492070286986
2021-05-20,396,1.1313650598921459,1.0827379180693293,0.04862714182281653
2021-05-21,396,1.215200273427296,1.1436062767955297,0.07159399663176624
2021-05-24,397,1.18992148218082,1.1260326613157945,0.0638888208650256
2021-05-25,395,1.1757383070677434,1.12656760237018,0.04917070469756338
2021-05-26,388,1.1784708159964055,1.1334310627272555,0.04503975326915013
2021-05-27,405,1.1541134102050952,1.1123922356664169,0.0417211745386783
2021-05-28,400,1.1787027307237858,1.1151962526145187,0.0635064781092673
2021-06-01,398,1.158448485922623,1.1210600402661122,0.037388445656510866
2021-06-02,401,1.1449311705584473,1.1157859524100553,0.02914521814839195
2021-06-03,412,1.4692544378385717,1.4564538017612407,0.012800636077330877
2021-06-04,410,1.7554255774412661,1.7929373124331733,-0.03751173499190703
2021-06-07,413,1.343473170572431,1.3489165586474996,-0.00544338807506849
2021-06-08,418,1.3726371316295205,1.3697208588023604,0.0029162728271599886
2021-06-09,423,1.30461059005332,1.3004999565794761,0.0041106334738436195
2021-06-10,427,1.150180221720194,1.129973295597796,0.020206926122398085
2021-06-11,426,1.0827241213847034,1.0609271626046732,0.021796958780030084
2021-06-14,448,1.0889601004903873,1.0754476430399633,0.013512457450424032
2021-06-15,438,1.2232484232487306,1.2184535229928213,0.004794900255909201
2021-06-16,432,1.0727980964860626,1.065013811106488,0.007784285379574675
2021-06-17,428,0.9892106741642542,1.0301613141188068,-0.04095063995455252
2021-06-18,424,1.2360838734372417,1.31437984931091,-0.07829597587366825
2021-06-21,423,1.0217925765340379,1.0314070662975843,-0.009614489763546511
2021-06-22,422,1.0170122992572248,1.0148314479475637,0.0021808513096609663
2021-06-23,417,1.0264558439372045,1.0259015211943119,0.0005543227428926175
2021-06-24,420,0.9503280535193221,0.9347790720847944,0.015548981434527787
2021-06-25,424,0.9304241689219679,0.9293202259467448,0.0011039429752231539
2021-06-28,425,0.8758668122630324,0.8659903459984252,0.009876466264607331
2021-06-29,436,0.924248567986224,0.928149019682688,-0.003900451696464113
2021-06-30,442,1.0660860675643575,1.0847960885376144,-0.01871002097325674
2021-07-01,449,1.2932022194263313,1.341367469040217,-0.048165249613885984
2021-07-02,454,1.5832862289059197,1.6826770915129483,-0.09939086260702872
2021-07-06,453,1.0610559694744488,1.0754663360500762,-0.0144103665756274
2021-07-07,453,0.8928890800459722,0.8910539691961027,0.0018351108498695617
2021-07-08,456,0.9272636495327932,0.9453347541032623,-0.018071104570469048
2021-07-09,458,1.0662456727064316,1.083659968459802,-0.01741429575337053
2021-07-12,455,0.9802455515443962,0.9890169552255812,-0.008771403681185013
2021-07-13,454,1.0101155079892408,1.01935407853549,-0.009238570546249103
2021-07-14,460,0.9427755966067879,0.9544622855353464,-0.011686688928558528
2021-07-15,453,1.0742816444809926,1.0935780956248433,-0.019296451143850667
2021-07-16,441,1.1644501828010618,1.1869680962699183,-0.02251791346885648
2021-07-19,441,1.4291305944862267,1.5384282923573007,-0.10929769787107392
2021-07-20,446,1.304602985365991,1.3604934221930736,-0.05589043682708255
2021-07-21,446,1.3156526125973786,1.3268210120135413,-0.011168399416162654
2021-07-22,444,1.2622177949988758,1.2815662278173332,-0.019348432818457526
2021-07-23,440,1.2179126782196883,1.22245942893248,-0.004546750712791682
2021-07-26,433,1.2618784005450348,1.2752641906597024,-0.013385790114667567
2021-07-27,433,1.3530105972893842,1.3402264746996984,0.012784122589685925
2021-07-28,429,1.3647682303666062,1.3618593476169765,0.0029088827496294815
2021-07-29,417,1.2371495754420927,1.2409734532884382,-0.0038238778463453712
2021-07-30,421,1.2112856247243506,1.2238225215776508,-0.012536896853299947
2021-08-02,420,1.1736764550555565,1.1897208574303948,-0.01604440237483838
2021-08-03,410,1.0149612671334722,1.0450163516524902,-0.030055084519017977
2021-08-04,405,1.0736913555651226,1.097709363700432,-0.0240180081353094
2021-08-05,400,1.141753165291324,1.1722197138722514,-0.030466548580927316
2021-08-06,401,1.093552924725595,1.1327340190354105,-0.03918109430981532
2021-08-09,407,0.8825323011211064,0.90712092735907,-0.02458862623796361
2021-08-10,406,0.8694651323434527,0.8868449780185871,-0.01737984567513444
2021-08-11,407,0.8797867953147174,0.8823914766050995,-0.002604681290382249
2021-08-12,424,0.9181806735981256,0.9109731717196163,0.007207501878509236
2021-08-13,428,0.8796704057102626,0.8557494761064329,0.023920929603829574
2021-08-16,420,0.9496460874285265,0.9252838637829366,0.024362223645589938
2021-08-17,407,1.0142671062572026,0.9956313059313241,0.0186358003258784
2021-08-18,410,1.0553916443995377,1.0537667873176135,0.00162485708192402
2021-08-19,405,1.2573292816403718,1.2320074515611357,0.025321830079236125
2021-08-20,405,1.137384143886165,1.1155519198196677,0.021832224066497274
2021-08-23,403,1.0142914966941232,0.9951123992062404,0.01917909748788285
2021-08-24,400,0.9760696789742696,0.9786238832150995,-0.002554204240829896
2021-08-25,388,1.0092486670433394,1.00630455766009,0.002944109383249437
2021-08-26,390,0.9742429736014983,0.964630891002623,0.009612082598875391
2021-08-27,392,1.016418626807312,0.9948768630035452,0.021541763803766933
2021-08-30,376,1.1798292962311423,1.1563281925800017,0.023501103651140713
2021-08-31,391,1.1018224298800965,1.071854739843543,0.029967690036553543
2021-09-01,390,1.1396792445677681,1.1027053795029604,0.03697386506480753
2021-09-02,404,1.3464317151117975,1.2861453441080093,0.060286371003788156
2021-09-03,407,1.5541388014019017,1.4990846468821701,0.05505415451973144
2021-09-07,410,1.418273952818337,1.3658670012053453,0.05240695161299134
2021-09-08,414,1.3448589396877761,1.268618359976237,0.0762405797115393
2021-09-09,424,1.132118421707995,1.094776503653948,0.037341918054046665
2021-09-10,424,1.1738102244938207,1.138129033915288,0.03568119057853266
2021-09-13,425,1.22233012335591,1.1880420467267763,0.03428807662913386
2021-09-14,450,1.4601851195365334,1.3984890801391665,0.06169603939736701
2021-09-15,437,1.3975419042031196,1.3393656229717035,0.058176281231416015
2021-09-16,430,1.5863876560886891,1.5076757896930453,0.07871186639564395
2021-09-17,430,1.469284540547335,1.4296996987647792,0.03958484178255579
2021-09-20,426,1.6506525292840926,1.6181128913490261,0.03253963793506621
2021-09-21,425,1.6697891649687124,1.641312984136108,0.028476180832604336
2021-09-22,424,1.4626450635330253,1.4558121564509736,0.006832907082051634
2021-09-23,418,1.325972739919316,1.3211507699572596,0.004821969962056378
2021-09-24,419,1.470208285644734,1.4667494279174047,0.003458857727329365
2021-09-27,421,1.3463443602766203,1.3486190581984878,-0.0022746979218676066
2021-09-28,422,1.167431910474906,1.178928910036593,-0.011496999561686915
2021-09-29,440,1.145299900626372,1.1378037715724698,0.007496129053902267
2021-09-30,444,1.324487556550865,1.3346399056996678,-0.0101523491488028
2021-10-01,445,1.20206400538387,1.2111547887318164,-0.009090783347946477
2021-10-04,451,1.388622324692735,1.3664617901177258,0.022160534575009123
2021-10-05,454,1.2628678860585996,1.2670576130875144,-0.004189727028915089
2021-10-06,454,1.3143145186583682,1.3143586031728456,-4.408451447722701e-05
2021-10-07,460,1.202444976135758,1.2181371203106093,-0.015692144174851236
2021-10-08,461,1.3561820569846772,1.3535355306145207,0.0026465263701562413
2021-10-11,460,1.5824240583069211,1.5769013572106176,0.00552270109630331
2021-10-12,459,1.5639469849236476,1.5601638066468668,0.003783178276780915
2021-10-13,461,1.288851366868525,1.2757004748601597,0.01315089200836548
2021-10-14,461,1.2905144883725224,1.2804730665773008,0.010041421795221888
2021-10-15,449,1.3760575485343005,1.3696444447007168,0.006413103833583698
2021-10-18,446,1.2730813831803431,1.2735927440060213,-0.0005113608256781112
2021-10-19,445,1.358170956226721,1.3599304975366306,-0.0017595413099098295
2021-10-20,446,1.3914285352537055,1.392887253647407,-0.0014587183937014854
2021-10-21,442,1.5077603537910305,1.510311683316979,-0.0025513295259482964
2021-10-22,439,1.615291568513442,1.6178752039986397,-0.0025836354851980093
2021-10-25,438,1.515113369543411,1.5245278497845545,-0.009414480241143525
2021-10-26,430,1.577815256213902,1.5970523504950371,-0.01923709428113492
2021-10-27,412,1.436974874224225,1.4586266571066644,-0.02165178288243947
2021-10-28,421,1.3555162662314453,1.3853702450421264,-0.029853978810681116
2021-10-29,418,1.403288716144465,1.4417682368797142,-0.03847952073524923
2021-11-01,415,1.2569429368216676,1.3126810764783456,-0.055738139656678086
2021-11-02,410,1.2269153195104763,1.2799370235178393,-0.05302170400736307
2021-11-03,404,1.1981092434751421,1.2348138122013184,-0.03670456872617625
2021-11-04,398,1.1088171024703695,1.1408805251209786,-0.032063422650609144
2021-11-05,399,1.353413123353219,1.3447918595528532,0.008621263800365877
2021-11-08,394,1.2500206890379093,1.255673367222997,-0.0056526781850875256
2021-11-09,399,1.1759986922358834,1.1744847343863611,0.0015139578495222633
2021-11-10,411,1.1419873253784651,1.143715151774848,-0.001727826396382976
2021-11-11,407,1.4635902435088142,1.4445914331178968,0.01899881039091744
2021-11-12,413,1.491404153335074,1.4961236546981418,-0.00471950136306808
2021-11-15,399,2.023964977244336,2.0283227586546,-0.0043577814102639225
2021-11-16,400,2.43275992864543,2.4606756592805707,-0.027915730635140718
2021-11-17,388,1.6471257878110606,1.665788542140205,-0.018662754329144677
2021-11-18,400,1.7348448366668878,1.772444311747415,-0.037599475080526974
2021-11-19,399,1.3548996686161643,1.3725557363921723,-0.017656067776008002
2021-11-22,402,1.115162819532493,1.1301329047106163,-0.014970085178123368
2021-11-23,403,1.034863237846026,1.0507264403663537,-0.015863202520327403
2021-11-24,395,1.1429057086213361,1.164782048589656,-0.021876339968320016
2021-11-26,397,1.2733556615707808,1.3573172513891567,-0.08396158981837579
2021-11-29,403,1.2200636797468525,1.3025436535915245,-0.08247997384467183
2021-11-30,402,1.3793646250404077,1.4783497879416851,-0.09898516290127728
2021-12-01,401,1.7060599638555163,1.7958445391812525,-0.08978457532573603
2021-12-02,411,1.444354439867471,1.5334204075074236,-0.08906596763995255
2021-12-03,408,1.1916647905513869,1.248527177898884,-0.05686238734749718
2021-12-06,408,1.2975873523696073,1.3234035437493972,-0.02581619137978977
2021-12-07,408,1.1595617943403818,1.166525420662009,-0.00696362632162729
2021-12-08,407,1.1444138427840551,1.173269630937868,-0.028855788153812987
2021-12-09,422,1.0376335712303204,1.047054095439014,-0.009420524208693609
2021-12-10,422,1.0624020777813568,1.0657692864226198,-0.0033672086412630856
2021-12-13,426,1.0783246398595827,1.063418475771383,0.014906164088199834
2021-12-14,446,1.2136378021711338,1.1996040662976128,0.01403373587352072
2021-12-15,436,0.994790744003694,0.9893574640350741,0.005433279968619955
2021-12-16,432,1.0113678838267899,1.0008299811873858,0.01053790263940423
2021-12-17,434,1.1295074241837713,1.11541741931665,0.014090004867121367
2021-12-20,435,1.8291175267691553,1.725214736230589,0.1039027905385663
2021-12-21,437,1.2750266057723183,1.292961782954473,-0.01793517718215498
2021-12-22,434,1.395483446654849,1.4155914094119333,-0.02010796275708425
2021-12-23,428,1.6646697682919838,1.7061451107157677,-0.041475342423783985
2021-12-27,431,1.75980325908196,1.8156087660981985,-0.055805507016238855
2021-12-28,431,1.6501004074235053,1.684496072406785,-0.03439566498327968
2021-12-29,431,1.7277372919140161,1.7576182172090178,-0.029880925295001557
2021-12-30,441,2.090221843233496,2.178630500684599,-0.08840865745110316
2021-12-31,449,2.390197505133643,2.482217745502329,-0.0920202403686863
2022-01-03,450,2.1937000653496255,2.2393138665652788,-0.045613801215653685
2022-01-04,451,2.11421949003507,2.144598160059431,-0.030378670024360545
2022-01-05,446,1.8613815931712214,1.8801121227023787,-0.018730529531157412
2022-01-06,454,2.251569028504192,2.3250234832711945,-0.07345445476700323
2022-01-07,461,1.8501640831199797,1.900063431285775,-0.0498993481657952
2022-01-10,460,2.168763591253804,2.209331122168557,-0.040567530914753236
2022-01-11,458,2.58906210666986,2.7002840575087728,-0.11122195083891274
2022-01-12,458,2.885197075151614,3.082869661519311,-0.1976725863676971
2022-01-13,454,2.161246573214968,2.2531870302368473,-0.09194045702187913
2022-01-14,450,1.6021289038615874,1.6499731365151984,-0.04784423265361119
2022-01-18,452,1.2173329405587587,1.2532989483318226,-0.03596600777306395
2022-01-19,452,1.167354392486796,1.2061723840932963,-0.038817991606500436
2022-01-20,453,1.3298710855306568,1.3988178749021585,-0.0689467893715018
2022-01-21,448,1.4354312887737264,1.4415980515443831,-0.006166762770656613
2022-01-24,443,1.4570537572973863,1.4936141141255135,-0.03656035682812752
2022-01-25,442,1.5971739653651376,1.5579544797241223,0.03921948564101519
2022-01-26,437,1.973588775127409,1.8907032966121533,0.08288547851525575
2022-01-27,425,1.8528241990526637,1.8114473913220344,0.04137680773062943
2022-01-28,427,1.457742039319087,1.4887584103216194,-0.031016371002532517
2022-01-31,426,1.54780183004519,1.5854096852407298,-0.03760785519554011
2022-02-01,420,1.495218047299954,1.5172177100632602,-0.02199966276330638
2022-02-02,418,1.5949263762507708,1.6069863398464572,-0.01205996359568637
2022-02-03,407,1.5601977649111094,1.5900852315347882,-0.029887466623678787
2022-02-04,404,1.4911424085048204,1.5592515359175843,-0.06810912741276416
2022-02-07,405,1.5120946624859115,1.6253415181956794,-0.11324685570976797
2022-02-08,406,2.050366737788597,2.2067780974004694,-0.15641135961187266
2022-02-09,401,2.146503194782698,2.26949291453076,-0.12298971974806214
2022-02-10,400,1.4257381585933258,1.5085055373220215,-0.08276737872869563
2022-02-11,394,1.3819452177609697,1.432938373415098,-0.050993155654128326
2022-02-14,395,1.691557601887235,1.7646997715517188,-0.07314216966448367
2022-02-15,398,1.6413750995774683,1.695223771138783,-0.05384867156131479
2022-02-16,392,1.9256981234334876,2.052712527194244,-0.12701440376075668
2022-02-17,400,2.1839068997710225,2.354347426304577,-0.1704405265335548
2022-02-18,404,2.751915357455434,3.0205919527100025,-0.2686765952545684
2022-02-22,403,2.4214379951760163,2.6258047983589714,-0.2043668031829552
2022-02-23,387,1.8595478102876015,1.923556620408994,-0.06400881012139267
2022-02-24,385,1.9349179557946692,2.036812089960182,-0.10189413416551267
2022-02-25,397,2.2252645554788484,2.408726256175807,-0.1834617006969585
2022-02-28,388,2.178185128917113,2.4392572191331015,-0.26107209021598793
2022-03-01,387,1.556556221649017,1.7877193540659153,-0.23116313241689831
2022-03-02,386,1.325314047695449,1.4356273749561996,-0.11031332726075072
2022-03-03,391,1.197202111674375,1.2323202187636049,-0.03511810708922989
2022-03-04,397,1.4450319612030476,1.3342880616677981,0.11074389953524943
2022-03-07,398,2.0759434421683927,1.9461138301809724,0.12982961198741988
2022-03-08,403,2.296438877179222,2.1633224892307252,0.1331163879484966
2022-03-09,417,1.2925170837632611,1.2656140198443344,0.026903063918926762
2022-03-10,424,1.5350727383461202,1.3957720755343668,0.1393006628117535
2022-03-11,425,1.942772207647629,1.7632736051152964,0.17949860253233255
2022-03-14,448,2.320739931902351,2.0382553123422844,0.2824846195600662
2022-03-15,456,2.245360831879896,2.0427629306573514,0.20259790122254479
2022-03-16,442,1.55634098472878,1.4676859992727407,0.08865498545603927
2022-03-17,438,1.2802358154887163,1.2395972314094235,0.04063858407929278
2022-03-18,437,1.4204169420785309,1.4197279893117518,0.0006889527667792788
2022-03-21,437,1.3282540572972223,1.2918417929617185,0.03641226433550385
2022-03-22,432,1.4303756540811519,1.456510090480148,-0.026134436398996277
2022-03-23,434,1.5547999650940443,1.6310481864925463,-0.07624822139850194
2022-03-24,431,1.5983080993347691,1.705911403955089,-0.10760330462031968
2022-03-25,426,1.574409267301023,1.7207398090181993,-0.14633054171717638
2022-03-28,426,1.5752625323360703,1.7299623837477056,-0.15469985141163534
2022-03-29,424,1.949091676449721,2.152534220445461,-0.20344254399574008
2022-03-30,438,1.535406042225063,1.654536919145477,-0.11913087692041405
2022-03-31,447,1.54114975799292,1.673719539638789,-0.1325697816458688
2022-04-01,450,1.5468353577703104,1.6569845200700168,-0.11014916229970637
2022-04-04,451,1.3791832928377956,1.418564485543674,-0.0393811927058787
2022-04-05,454,1.4081317817744419,1.4695968980020724,-0.061465116227630616
2022-04-06,449,1.375718895626033,1.4627269792613713,-0.08700808363533846
2022-04-07,458,1.6094544412202363,1.7462564700682106,-0.13680202884797427
2022-04-08,462,1.5786584339484573,1.648659764402409,-0.07000133045395171
2022-04-11,460,1.7569044392041002,1.8936548202694028,-0.13675038106530277
2022-04-12,462,1.7302467033288977,1.8559977022189382,-0.12575099889004046
2022-04-13,462,1.6825972240378835,1.8074503498463532,-0.12485312580846966
2022-04-14,452,2.136802712932663,2.3826645992768136,-0.24586188634415077
2022-04-18,451,2.0285771227245886,2.2060366539770135,-0.17745953125242478
2022-04-19,454,2.296639787324382,2.460239787881899,-0.16360000055751775
2022-04-20,454,1.9633029685806036,2.0646228712038233,-0.10131990262321978
2022-04-21,453,2.3277995708727066,2.5043404573796937,-0.17654088650698752
2022-04-22,447,2.066968588140137,2.2501404301094277,-0.18317184196929015
2022-04-25,441,2.8648624728809504,3.2218214870031554,-0.3569590141222055
2022-04-26,441,2.2993317181846544,2.625084793145677,-0.3257530749610226
2022-04-27,437,2.6096373225474867,3.0074341855763116,-0.3977968630288252
2022-04-28,427,2.883261091238299,3.2536238572754517,-0.3703627660371528
2022-04-29,423,1.746596719061936,1.9844393593872336,-0.23784264032529764
2022-05-02,421,1.9542964165935441,2.2746084116032543,-0.32031199500971025
2022-05-03,414,1.671722562480925,1.905851984333397,-0.2341294218524716
2022-05-04,408,2.9020039317835153,3.1554667010680806,-0.2534627692845648
2022-05-05,401,2.0630151014160103,2.293636550693558,-0.230621449277548
2022-05-06,406,1.8890778573102691,2.1249104496075093,-0.2358325922972405
2022-05-09,408,1.5068931386825724,1.6576355644567564,-0.1507424257741839
2022-05-10,403,1.569806298518606,1.7922219108176907,-0.2224156122990843
2022-05-11,406,1.5001573012524079,1.5057148716009428,-0.005557570348534772
2022-05-12,413,1.5896748825657159,1.4851836243593344,0.10449125820638132
2022-05-13,413,1.5493024675033773,1.4398505300797022,0.10945193742367523
2022-05-16,399,1.4878808902821112,1.303602498228024,0.18427839205408716
2022-05-17,401,1.2772481056037455,1.3009281976098082,-0.0236800920060628
2022-05-18,393,1.9637832946549723,1.704976228682276,0.2588070659726962
2022-05-19,403,1.625680324592533,1.4854960458294018,0.14018427876313122
2022-05-20,402,1.715370805067712,1.5791767941558943,0.13619401091181763
2022-05-23,402,1.610891622297757,1.465015186094361,0.14587643620339572
2022-05-24,404,1.7515301092282496,1.5035671156958978,0.24796299353235177
2022-05-25,389,1.460215516115828,1.3988238142893696,0.06139170182645852
2022-05-26,398,1.7689687651192465,1.9436821258143877,-0.17471336069514107
2022-05-27,410,3.3834381079510143,3.8903360997668726,-0.5068979918158582
2022-05-31,402,3.3004291915804,3.7443573167157727,-0.44392812513537305
2022-06-01,402,2.6522842307154253,3.0032903056599043,-0.35100607494447916
2022-06-02,411,4.333804499791055,5.088132147798869,-0.7543276480078143
2022-06-03,411,3.8227607411547972,4.565184082937723,-0.7424233417829248
2022-06-06,411,3.426775482275259,3.9931885924896355,-0.5664131102143759
2022-06-07,415,3.8152804775883795,4.345828766118833,-0.5305482885304533
2022-06-08,415,3.248736450878131,3.661271604562326,-0.4125351536841952
2022-06-09,428,2.007190879890533,2.1763602224658833,-0.16916934257535046
2022-06-10,428,1.5589833081576516,1.6809823647855602,-0.12199905662790864
2022-06-13,431,1.3585869223288771,1.5265826697507072,-0.16799574742183018
2022-06-14,438,1.5300299500280812,1.7101477245167491,-0.18011777448866786
2022-06-15,428,1.5678308958877776,1.8115114667317656,-0.24368057084398803
2022-06-16,431,1.862501854243951,1.9427580953618457,-0.0802562411178946
2022-06-17,430,1.7253324742320444,1.748385213751201,-0.023052739519156627
2022-06-21,430,1.6197076209312042,1.6558035225663776,-0.036095901635173476
2022-06-22,425,1.4224797162369898,1.4142132801943819,0.008266436042607947
2022-06-23,424,1.1170332790006632,1.185879359351702,-0.06884608035103884
2022-06-24,427,1.3019290803666441,1.4482817722937895,-0.14635269192714567
2022-06-27,428,1.330700337862259,1.5195696754191836,-0.18886933755692473
2022-06-28,427,1.280282349214162,1.5178707363638384,-0.23758838714967634
2022-06-29,439,1.2998808660430365,1.4955574272681518,-0.1956765612251152
2022-06-30,453,1.2243189227395892,1.234186667258004,-0.009867744518414823
2022-07-01,455,1.3285217031955292,1.3046355760274684,0.023886127168060774
2022-07-05,456,1.3396419222893643,1.1729224825562004,0.16671943973316414
2022-07-06,457,1.6557392755378342,1.3295529347434794,0.32618634079435466
2022-07-07,458,1.426895031030963,1.222248125596104,0.20464690543485917
2022-07-08,463,1.3535234149094988,1.1927473311706414,0.16077608373885735
2022-07-11,464,1.5409874348120003,1.2922362825931994,0.24875115221880087
2022-07-12,462,1.42398752446931,1.2842405740308804,0.13974695043842963
2022-07-13,462,1.9779756137895341,1.7430090335517405,0.23496658023779388
2022-07-14,459,2.700768043481588,2.4103408993481725,0.2904271441334156
2022-07-15,446,2.5803830058244825,2.3657294794949135,0.21465352632956863
2022-07-18,447,2.615433669790687,2.4871991235681215,0.12823454622256572
2022-07-19,451,1.8209525336102295,1.743304751613149,0.07764778199708067
2022-07-20,451,1.8475641855582212,1.7942062930572962,0.053357892500925
2022-07-21,451,1.70822569604771,1.6796872262533578,0.02853846979435206
2022-07-22,446,1.850621521069399,1.7387965744945406,0.11182494657485847
2022-07-25,441,1.8579092237191572,1.7216064527195822,0.13630277099957513
2022-07-26,438,1.9275534715604048,1.7668074060976535,0.16074606546275133
2022-07-27,435,1.9227876814111293,1.8515945598657635,0.07119312154536575
2022-07-28,428,1.6186584419473156,1.5148968154257283,0.1037616265215873
2022-07-29,427,1.6685596078203995,1.590326742364222,0.07823286545617773
2022-08-01,426,1.7443369593482596,1.6631068043164152,0.08123015503184434
2022-08-02,416,1.8496254685541456,1.7896634780464793,0.05996199050766628
2022-08-03,409,1.5038406957923633,1.4434452145712842,0.06039548122107925
2022-08-04,401,1.6025013696078556,1.525783120818211,0.07671824878964444
2022-08-05,403,1.3415761251135652,1.2944148542448706,0.04716127086869456
2022-08-08,404,1.2712441025016628,1.2375785921923057,0.03366551030935698
2022-08-09,407,1.1866449842972657,1.128183398466855,0.05846158583041076
2022-08-10,407,1.3416890260452037,1.2877284117747039,0.05396061427049968
2022-08-11,418,1.1389681464973491,1.0626149354439376,0.07635321105341139
2022-08-12,429,1.9125000214087406,1.9561446578160355,-0.043644636407294976
2022-08-15,427,2.1731367138663193,2.2697821110941274,-0.09664539722780804
2022-08-16,422,2.412321684654033,2.5206103738642915,-0.10828868921025804
2022-08-17,414,2.3304186266376257,2.46685405070816,-0.136435424070534
2022-08-18,414,2.379198843608183,2.579669278704556,-0.20047043509637283
2022-08-19,413,2.2426551735172033,2.359891381385973,-0.11723620786876965
2022-08-22,409,1.8003370298689276,1.8934622917687,-0.09312526189977226
2022-08-23,407,1.3725014651869503,1.3769995535273656,-0.004498088340415598
2022-08-24,393,1.3530787777581283,1.367778224484594,-0.014699446726465427
2022-08-25,394,1.3120210248069941,1.3046497449904255,0.007371279816568521
2022-08-26,399,1.151424450864863,1.142889703433825,0.008534747431038115
2022-08-29,397,1.2498597279367067,1.2719379957309582,-0.02207826779425132
2022-08-30,389,1.2254839741434753,1.237838872876309,-0.012354898732833602
2022-08-31,394,1.30294211586684,1.3056293180440757,-0.0026872021772357453
2022-09-01,406,1.3141070237855965,1.3504720111985986,-0.036364987413002155
2022-09-02,408,1.1851350766352753,1.20821517645029,-0.023080099815014552
2022-09-06,413,1.305265651803676,1.3562576491413565,-0.05099199733768041
2022-09-07,414,1.8448602404370567,1.9349889804642657,-0.09012874002720897
2022-09-08,429,2.413346505547431,2.6156638805582255,-0.20231737501079428
2022-09-09,429,3.341910365456719,3.779773785763357,-0.4378634203066381
2022-09-12,428,4.143252046564858,4.695891442741054,-0.552639396176196
2022-09-13,433,2.965342138387871,3.191314197782722,-0.22597205939485118
2022-09-14,455,2.4114788412366988,2.6127124983438206,-0.20123365710712166
2022-09-15,443,2.6785729558972933,2.9090457876320794,-0.23047283173478636
2022-09-16,436,2.675129757905377,2.9437980516451305,-0.2686682937397537
2022-09-19,436,2.1394659018690714,2.340874223391075,-0.2014083215220037
2022-09-20,436,1.2538416737342135,1.3092160989580872,-0.05537442522387381
2022-09-21,438,1.3129141136621707,1.357143302360718,-0.04422918869854711
2022-09-22,427,1.5678744983875184,1.5669343818888342,0.0009401164986840341
2022-09-23,427,1.7054871182523341,1.7538567673761465,-0.04836964912381254
2022-09-26,428,1.6987310325658016,1.7638206472215168,-0.06508961465571494
2022-09-27,428,1.6192968523217948,1.689380776403447,-0.07008392408165233
2022-09-28,427,1.7322574650676532,1.8715416969011094,-0.13928423183345634
2022-09-29,445,1.4685767175203168,1.5251623951513926,-0.05658567763107574
2022-09-30,451,1.424794941954665,1.5085579854235627,-0.08376304346889768
2022-10-03,453,1.2953656609612816,1.3846030575479198,-0.08923739658663818
2022-10-04,454,1.3687379769321315,1.4738513229346424,-0.10511334600251088
2022-10-05,456,1.5491665775972487,1.6948513657085165,-0.14568478811126767
2022-10-06,463,1.5556668376165936,1.736138695924103,-0.18047185830750936
2022-10-07,466,1.4016939964118973,1.4787993413445257,-0.07710534493262848
2022-10-10,466,1.5524956916442676,1.5297540096162738,0.02274168202799363
2022-10-11,466,2.0253893192940255,1.8107641966748906,0.21462512261913486
2022-10-12,466,2.2547829875321233,2.061041774278374,0.19374121325374902
2022-10-13,469,1.8213346754830602,1.7744754901462756,0.046859185336784376
2022-10-14,464,3.249286189528587,2.9008382919665148,0.34844789756207273
2022-10-17,455,2.3625501837869063,2.251641605203428,0.11090857858347782
2022-10-18,455,2.0951081025906158,2.0413057978296285,0.05380230476098723
2022-10-19,455,1.8656827699327554,1.878744492945909,-0.013061723013153611
2022-10-20,455,2.2393573768061303,2.2251762974019895,0.01418107940414082
2022-10-21,448,2.16749319780891,2.2118608496025005,-0.04436765179359054
2022-10-24,445,2.1089223760592133,2.164666283395461,-0.055743907336247525
2022-10-25,443,2.025580716223886,2.116121727170338,-0.0905410109464518
2022-10-26,427,1.8723587242937163,1.9834058275357294,-0.11104710324201321
2022-10-27,418,2.3069003568545283,2.3309261151796115,-0.024025758325082854
2022-10-28,426,2.0998274651216744,2.0771337191861305,0.022693745935544202
2022-10-31,421,2.0312546979335417,1.9930724411123129,0.03818225682122907
2022-11-01,416,2.1075783234612158,2.076993976960492,0.030584346500723645
2022-11-02,406,2.2845959009821453,2.205643631180981,0.07895226980116421
2022-11-03,398,2.182083425096434,2.1256471292440327,0.05643629585240174
2022-11-04,402,1.7961368921714582,1.7676812361468859,0.02845565602457232
2022-11-07,399,1.6141330433427312,1.6053775188960604,0.008755524446670809
2022-11-08,395,1.6444288087382586,1.625860363546259,0.018568445191999502
2022-11-09,407,2.19882525575247,2.1512196755056716,0.04760558024679869
2022-11-10,413,1.1948911820917463,1.1869002455999167,0.007990936491829562
2022-11-11,412,1.3991375634826146,1.3990020399168304,0.00013552356578414943
2022-11-14,417,1.2673516685466595,1.2777606092567595,-0.010408940710100227
2022-11-15,401,1.3648321918178514,1.3630832715012315,0.001748920316619593
2022-11-16,395,1.3720135439033287,1.3543282421829812,0.017685301720347536
2022-11-17,406,1.4293214906864045,1.3987351896113112,0.03058630107509308
2022-11-18,408,1.2063721327305406,1.1663209176972844,0.040051215033255975
2022-11-21,408,1.227499150662798,1.1859616418527983,0.04153750880999963
2022-11-22,411,1.326263627139549,1.2982023007668908,0.028061326372658218
2022-11-23,401,1.344182915804385,1.3110583546361883,0.033124561168196814
2022-11-25,404,1.382509433625146,1.3391008538893325,0.043408579735813496
2022-11-28,404,1.2284007924199412,1.1894759266828567,0.038924865737084424
2022-11-29,407,1.3617495608649453,1.324779007411895,0.036970553453050045
2022-11-30,411,1.3689946236253454,1.3414591775163802,0.027535446108965137
2022-12-01,415,1.6797214975058503,1.65962655589804,0.02009494160781032
2022-12-02,412,1.8573519578613675,1.8412625956722277,0.016089362189139787
2022-12-05,409,1.6537437180823822,1.664959429569461,-0.011215711487078667
2022-12-06,412,1.4146551975555008,1.4184711143616577,-0.0038159168061568226
2022-12-07,411,1.2285978021529471,1.173583370877987,0.055014431274959946
2022-12-08,427,1.4309433985735125,1.4000909574657356,0.030852441107776876
2022-12-09,428,1.3166464360675474,1.2972634076946201,0.019383028372927116
2022-12-12,426,1.533599281203138,1.544752732611254,-0.011153451408115822
2022-12-13,432,1.8679917384368798,1.88902755499903,-0.021035816562150027
2022-12-14,431,1.3825142384970428,1.3604606763598106,0.022053562137231898
2022-12-15,429,1.1332026783103797,1.119927298858536,0.013275379451843735
2022-12-16,435,1.1182500251556509,1.1094442792663681,0.008805745889282734
2022-12-19,437,1.2286183530412624,1.1860383168528112,0.042580036188451194
2022-12-20,431,1.264518424737602,1.2314577605960437,0.033060664141558165
2022-12-21,433,1.325735239330359,1.2869245444953075,0.03881069483505146
2022-12-22,426,1.4368122154867462,1.3525304806779461,0.08428173480880007
2022-12-23,428,1.5364090267785229,1.4548854626901562,0.08152356408836656
2022-12-27,430,1.7807638644682005,1.6755353084291418,0.10522855603905874
2022-12-28,425,2.316931770476171,2.175052552635193,0.14187921784097798
2022-12-29,441,1.8860729375473164,1.8008606927434414,0.085212244803875
2022-12-30,454,1.942028029676729,1.8634456127683272,0.07858241690840169
2023-01-03,455,1.7622603155617313,1.6635985984976271,0.0986617170641042
2023-01-04,450,1.416189371598419,1.3634839892410395,0.0527053823573795
2023-01-05,455,1.7576419520174913,1.6955467358581975,0.06209521615929386
2023-01-06,458,1.7502741030188151,1.6868260574599845,0.06344804555883082
2023-01-09,461,1.4388503998322244,1.39414171480943,0.044708685022794424
2023-01-10,460,1.3883343069901735,1.3437130025748503,0.044621304415323214
2023-01-11,459,1.3840870854279508,1.3459541311034813,0.038132954324469434
2023-01-12,464,1.362368931874655,1.3256109088191328,0.036758023055521935
2023-01-13,461,1.239830531302614,1.196229691911822,0.04360083939079192
2023-01-17,455,1.2444052573552948,1.2208842128903024,0.02352104446499272
2023-01-18,454,1.6930039063067872,1.687360382856343,0.005643523450444295
2023-01-19,458,2.62822066467302,2.6572105565259627,-0.028989891852943202
2023-01-20,458,1.800713528402944,1.8156344971647769,-0.014920968761832796
2023-01-23,452,1.4111356558348933,1.3925751290897208,0.018560526745172563
2023-01-24,453,1.4806638082914434,1.4773851568835012,0.003278651407942264
2023-01-25,448,1.465067303137149,1.4369586680518494,0.028108635085299538
2023-01-26,436,1.383236672517717,1.3426525066255695,0.040584165892147604
2023-01-27,431,1.1737313606488171,1.1190008876444724,0.054730473004344825
2023-01-30,433,1.2849262665751024,1.2600030934024136,0.024923173172689092
2023-01-31,429,1.2416014718461441,1.2119545234041684,0.02964694844197592
2023-02-01,424,1.231271067921262,1.2081711575188128,0.023099910402449207
2023-02-02,414,1.3728307376738698,1.314992567991508,0.05783816968236155
2023-02-03,409,1.2550595741408361,1.2135840893893821,0.0414754847514539
2023-02-06,411,1.3509751222349309,1.3105728786578568,0.040402243577074115
2023-02-07,410,1.516022942308391,1.4793867296217145,0.03663621268667682
2023-02-08,402,1.3309168553805795,1.296074155102452,0.034842700278127664
2023-02-09,409,1.3450152653230918,1.3481284531606343,-0.003113187837542452
2023-02-10,400,1.3705703095515471,1.3364798986937163,0.03409041085783096
2023-02-13,390,1.5856427261411312,1.5370720115015573,0.04857071463957397
2023-02-14,397,1.6137003061736503,1.5838626119218555,0.02983769425179491
2023-02-15,392,1.5889123379954309,1.546964690824607,0.04194764717082381
2023-02-16,399,1.240036648895309,1.1978065415995276,0.042230107295781256
2023-02-17,404,1.2654911214072033,1.219188382914078,0.046302738493125356
2023-02-21,401,1.2838145434565074,1.2595834965772839,0.024231046879223467
2023-02-22,399,1.2277851008953544,1.1998065938428655,0.027978507052488805
2023-02-23,389,1.4077461738560515,1.3785806361790243,0.02916553767702703
2023-02-24,392,1.651478320032815,1.6334357992846016,0.018042520748213244
2023-02-27,405,1.9570572361008491,1.9481635252424798,0.00889371085836919
2023-02-28,394,1.7744375953470701,1.7395036787013987,0.03493391664567147
2023-03-01,395,2.1933197505724396,2.2065564649451765,-0.01323671437273749
2023-03-02,391,2.0369636330461844,2.0323485303555664,0.004615102690617964
2023-03-03,393,2.7183762324499443,2.7326933090469328,-0.014317076596988226
2023-03-06,396,2.2495323008539536,2.2643880675467263,-0.014855766692772622
2023-03-07,399,1.6045613379714396,1.600681077924536,0.003880260046903784
2023-03-08,402,2.0181211759897075,2.0065619424601446,0.011559233529562798
2023-03-09,422,1.7705786400839958,1.7087551758898494,0.06182346419414663
2023-03-10,425,1.4838511566453778,1.4390600233428177,0.04479113330255993
2023-03-13,427,1.0879066028030904,1.156106213816436,-0.06819961101334547
2023-03-14,453,1.016155604274136,1.0444467903210808,-0.028291186046944763
2023-03-15,455,1.1377434051671784,1.1885161884722646,-0.050772783305086236
2023-03-16,448,0.979177784667521,1.0617365666887866,-0.08255878202126543
2023-03-17,445,1.492463716042098,1.5708182534387876,-0.0783545373966897
2023-03-20,446,1.2611831703530672,1.307900059833477,-0.04671688948040983
2023-03-21,446,1.0518322481467237,1.06681495714538,-0.014982708998656329
2023-03-22,441,1.3962541446489405,1.3973323846021923,-0.001078239953251903
2023-03-23,433,1.5127993261370396,1.4810262447120488,0.031773081424990884
2023-03-24,432,1.281576724467657,1.2378816129084353,0.0436951115592219
2023-03-27,432,1.2578081684606417,1.2257988287269797,0.032009339733662066
2023-03-28,433,1.1741738002935003,1.1408371320863744,0.03333666820712596
2023-03-29,425,1.116430633020559,1.1012306843427353,0.015199948677823576
2023-03-30,445,1.066154828543901,1.0551930544749457,0.01096177406895549
2023-03-31,452,1.0208653411207704,1.0030562005650399,0.017809140555730546
2023-04-03,453,0.9742941579392703,0.9582382156808539,0.016055942258416504
2023-04-04,457,1.0483562785804592,1.022436048697942,0.025920229882517288
2023-04-05,457,1.0934204898202002,1.0647669250757026,0.028653564744497713
2023-04-06,467,1.0937618402909688,1.0716461702577709,0.022115670033198098
2023-04-10,468,1.1042357330411599,1.0938496787633893,0.010386054277770599
2023-04-11,463,1.2411426614751462,1.2401959521465522,0.0009467093285939365
2023-04-12,463,1.286362041717327,1.2891491330184948,-0.0027870913011679606
2023-04-13,466,1.320531068291536,1.3240699154981233,-0.0035388472065872164
2023-04-14,456,1.2680221284926414,1.265702776881748,0.0023193516108933575
2023-04-17,456,1.2388261084220433,1.2453351689233398,-0.006509060501296542
2023-04-18,454,1.486230109021842,1.5229760087934767,-0.03674589977163489
2023-04-19,452,1.5943341662121144,1.645897983194537,-0.05156381698242267
2023-04-20,451,1.6649676963294084,1.7230993914936545,-0.05813169516424625
2023-04-21,446,1.4256659817532833,1.4364887032537075,-0.010822721500424229
2023-04-24,444,1.5265285681128369,1.5441647937707113,-0.017636225657874656
2023-04-25,442,1.5164500349777514,1.5276285283283575,-0.01117849335060582
2023-04-26,439,1.6017085989641777,1.6402611131716704,-0.03855251420749286
2023-04-27,429,1.5393437686364713,1.565707017379147,-0.02636324874267537
2023-04-28,427,1.6151541500231814,1.634757303964888,-0.01960315394170643
2023-05-01,425,1.568258941429508,1.5634683243274095,0.004790617102098695
2023-05-02,421,1.579137390609608,1.5855974638836097,-0.006460073274001566
2023-05-03,416,1.486520374879755,1.4769721479647198,0.009548226915035136
2023-05-04,411,1.6424947173642992,1.6388736935487282,0.003621023815570912
2023-05-05,411,1.428217670503762,1.4199297873043222,0.008287883199439756
2023-05-08,409,1.3694806391762788,1.3528579829002572,0.0166226562760215
2023-05-09,410,1.3814267872703243,1.3612385672693086,0.020188220001015757
2023-05-10,411,1.4505216668629324,1.4257806550526533,0.02474101181027905
2023-05-11,416,1.6851203522585405,1.6422604605805184,0.04285989167802222
2023-05-12,419,1.9968166264275942,1.9504394880526799,0.0463771383749144
2023-05-15,412,1.9585833078063841,1.9227029010593053,0.035880406747078604
2023-05-16,399,1.7185855190628359,1.696480375251663,0.022105143811172862
2023-05-17,390,1.6458175732213123,1.640707758858211,0.005109814363101225
2023-05-18,400,1.301410400035064,1.2924824938912842,0.008927906143779599
2023-05-19,404,1.3341345375804183,1.3248083996730413,0.00932613790737708
2023-05-22,404,1.3543977356519667,1.3529081181749378,0.0014896174770289543
2023-05-23,405,1.4653951849782347,1.4681140410352698,-0.0027188560570351023
2023-05-24,392,1.8253832162798989,1.823946007340654,0.0014372089392449086
2023-05-25,399,1.562815147331339,1.5529675734719979,0.009847573859340868
2023-05-26,410,1.454807177258702,1.4554642258833042,-0.0006570486246023498
2023-05-30,413,1.6849868827927343,1.6762883955266403,0.008698487266093955
2023-05-31,408,1.9026780411377484,1.9020139268290357,0.0006641143087126936
2023-06-01,410,1.917529655802996,1.9168261030218174,0.0007035527811784133
2023-06-02,409,1.3530303789415834,1.3817128474272597,-0.028682468485676207
2023-06-05,408,1.305623248175949,1.3176027092981617,-0.011979461122212742
2023-06-06,410,1.17135067936601,1.192185441702311,-0.02083476233630095
2023-06-07,411,1.2237418872975585,1.2256240105224785,-0.0018821232249201223
2023-06-08,424,1.1332009026221623,1.1214466391730966,0.011754263449065806
2023-06-09,426,1.0512284660398228,1.0427025659760993,0.008525900063723377
2023-06-12,426,1.1042280882412374,1.1034768975828133,0.0007511906584240636
2023-06-13,433,1.0639452265234295,1.0511547995482984,0.012790426975131145
2023-06-14,436,1.0403315349602165,1.0394965480572358,0.0008349869029806606
2023-06-15,441,1.0048635739235623,0.9926758290404603,0.012187744883101984
2023-06-16,441,0.9915930684921109,0.9882981423730713,0.0032949261190397122
2023-06-20,441,0.9774104172760131,0.9756368829642627,0.0017735343117503734
2023-06-21,435,0.929623944591997,0.9222295710735334,0.007394373518463556
2023-06-22,430,1.0216739332017182,1.01557727405842,0.00609665914329826
2023-06-23,430,1.2814879308854257,1.317106373130507,-0.035618442245081365
2023-06-26,430,1.415815224248389,1.4319512156551744,-0.016135991406785462
2023-06-27,428,1.2035457206620765,1.2215474808018583,-0.01800176013978172
2023-06-28,423,1.3534517072618046,1.3709413192326079,-0.017489611970803304
2023-06-29,440,1.12616027013386,1.1400274679169151,-0.01386719778305499
2023-06-30,449,1.0952032747449842,1.1127889067120686,-0.017585631967084316
2023-07-03,454,1.1530328382009747,1.1740373454588893,-0.02100450725791453
2023-07-05,455,1.3428048855041739,1.3755671143267376,-0.03276222882256354
2023-07-06,456,1.419388282255283,1.4410551527048485,-0.02166687044956568
2023-07-07,465,1.3205571729707888,1.3374422602540252,-0.01688508728323647
2023-07-10,466,1.2554916392308748,1.263429259239358,-0.007937620008483031
2023-07-11,465,1.125441031044229,1.1251765619342515,0.0002644691099773311
2023-07-12,464,1.1516780387122707,1.1431726195666194,0.00850541914565111
2023-07-13,466,1.1720037887174284,1.1551987064026359,0.016805082314792417
2023-07-14,460,1.2694432024990336,1.2588580320783405,0.010585170420693055
2023-07-17,452,1.2630178766106106,1.2546810859202948,0.00833679069031588
2023-07-18,451,1.1803580334882864,1.1674131316184015,0.012944901869884758
2023-07-19,452,1.2870080330651188,1.2788001209806261,0.008207912084492789
2023-07-20,455,1.3987682584633434,1.3777900545145823,0.020978203948761005
2023-07-21,447,1.5746487540247058,1.5441315686134567,0.03051718541124931
2023-07-24,443,1.5739540192459314,1.5467868026855494,0.027167216560381947
2023-07-25,441,1.670366879927497,1.6458797852723581,0.024487094655139027
2023-07-26,436,1.660426320450336,1.6524779292166873,0.00794839123364874
2023-07-27,427,1.5230014542705652,1.5450303749664607,-0.022028920695895605
2023-07-28,430,1.630693367923271,1.6642198686939447,-0.03352650077067375
2023-07-31,428,1.6385672694410578,1.6519072359761011,-0.013339966535043346
2023-08-01,422,1.7419093440587938,1.7527192501131073,-0.010809906054313215
2023-08-02,414,1.5981123439270681,1.5994713692570415,-0.0013590253299735372
2023-08-03,404,1.5778310316492927,1.5981800882493609,-0.020349056600067954
2023-08-04,405,1.4020070559426254,1.4313717824629695,-0.02936472652034409
2023-08-07,408,1.5926033820962011,1.5955731322447082,-0.0029697501485070822
2023-08-08,407,1.5132215962086855,1.5219360949687357,-0.008714498760049946
2023-08-09,412,1.2308772631411025,1.2083323166464364,0.022544946494666138
2023-08-10,419,1.3152347876392245,1.3174036035141945,-0.002168815874970085
2023-08-11,419,1.2301523949756756,1.2188896371472049,0.011262757828470624
2023-08-14,426,1.0946857750148427,1.0864485219697613,0.008237253045081426
2023-08-15,430,0.911989547198032,0.8975015591343966,0.014487988063635507
2023-08-16,425,0.9549707980544526,0.9240714877395327,0.03089931031491985
2023-08-17,412,1.1242271592060833,1.1052194806956748,0.019007678510408473
2023-08-18,412,1.2028467135141094,1.191236758266426,0.011609955247683509
2023-08-21,407,1.1114525633839836,1.1028953360512592,0.008557227332724295
2023-08-22,406,1.1016027922857445,1.087746817062419,0.013855975223325701
2023-08-23,392,1.0539813374177789,1.0538935575489055,8.777986887340759e-05
2023-08-24,394,1.1178200729906511,1.1103908988321203,0.007429174158530793
2023-08-25,401,1.1122913899995066,1.1011217144474326,0.011169675552073984
2023-08-28,397,1.1192356653823323,1.1028563619963871,0.01637930338594519
2023-08-29,397,1.240016773890009,1.2328231726559098,0.007193601234099223
2023-08-30,383,1.1923347947886185,1.174712457776538,0.01762233701208034
2023-08-31,405,1.20625601720447,1.180338986571738,0.025917030632732017
2023-09-01,408,1.264946244295685,1.2566506633375787,0.008295580958106194
2023-09-05,415,1.1422256950789327,1.159554207586288,-0.01732851250735511
2023-09-06,418,1.2001551743408723,1.2240722480765605,-0.023917073735688167
2023-09-07,431,1.3861890949127296,1.3965370753439283,-0.010347980431198596
2023-09-08,430,1.3673757327583735,1.3757089118834027,-0.008333179125028862
2023-09-11,427,1.384658827286378,1.4014788854204734,-0.01682005813409527
2023-09-12,432,1.567645973089913,1.5782685776310066,-0.010622604541093547
2023-09-13,434,1.469384300906791,1.4526084050094772,0.01677589589731385
2023-09-14,440,1.5471296848251035,1.5030754778652444,0.04405420695985893
2023-09-15,439,1.3889215383864453,1.3332610857650062,0.05566045262143894
2023-09-18,440,1.665193542560304,1.6239684435161532,0.04122509904415044
2023-09-19,439,1.9003487066957256,1.8686268469784701,0.031721859717255316
2023-09-20,440,1.6725151067839557,1.6388423019118301,0.033672804872125685
2023-09-21,430,1.4289992134884815,1.4124449728313577,0.01655424065712354
2023-09-22,426,1.280197563270124,1.2793366653403115,0.0008608979298125155
2023-09-25,429,1.22473279335453,1.216033725593534,0.008699067760995868
2023-09-26,430,1.056654422493277,1.0636340055187963,-0.006979583025519341
2023-09-27,427,1.110274009791988,1.1186947090008805,-0.008420699208892407
2023-09-28,444,1.2525263127259738,1.2678195746981709,-0.015293261972197058
2023-09-29,449,1.2342817497750103,1.2550280526984403,-0.020746302923430077
2023-10-02,449,1.2431381564873942,1.266128642157508,-0.022990485670113622
2023-10-03,451,1.3529773507557155,1.352744100340723,0.00023325041499226975
2023-10-04,453,1.2375228968036962,1.2562435282004714,-0.018720631396775517
2023-10-05,461,1.194386575528357,1.2249290184724086,-0.030542442944051486
2023-10-06,466,1.3403826626095021,1.3896453973849738,-0.04926273477547166
2023-10-09,465,1.4435193661218926,1.4849757193406703,-0.04145635321877769
2023-10-10,464,1.4939778407149882,1.5080417310618237,-0.014063890346835401
2023-10-11,468,1.9797014180848231,2.0156454360927496,-0.035944018007926605
2023-10-12,470,1.7901746712091453,1.8405957706619114,-0.050421099452766384
2023-10-13,471,1.8624193324024982,1.8812780275814258,-0.018858695178927402
2023-10-16,466,1.970264201475576,1.9919579471150632,-0.021693745639487158
2023-10-17,453,1.8435765026557889,1.8633419130436095,-0.019765410387820884
2023-10-18,453,1.5389515174351844,1.5540413826857287,-0.015089865250544137
2023-10-19,454,1.3810711467532468,1.3636883074935706,0.01738283925967633
2023-10-20,453,1.7712802327555328,1.7165070283791928,0.054773204376340194
2023-10-23,449,1.7947617857111524,1.73785067671132,0.056911108999832115
2023-10-24,447,1.65714891630011,1.6233607965594206,0.033788119740689584
2023-10-25,443,1.957168921407358,1.9055859425051727,0.05158297890218528
2023-10-26,432,1.840512546539803,1.822351084136656,0.01816146240314684
2023-10-27,425,2.2604087221769213,2.2095843043245127,0.05082441785240872
2023-10-30,426,1.9651530574862455,1.9499497681644296,0.015203289321815944
2023-10-31,422,2.5015530199098652,2.4732388466244535,0.028314173285411883
2023-11-01,415,2.451197188052442,2.3902604527734037,0.06093673527903822
2023-11-02,400,1.773006357945282,1.7857255263385299,-0.012719168393247765
2023-11-03,399,1.358854533603742,1.3826773570921498,-0.023822823488407745
2023-11-06,396,1.5227714382289756,1.5307843189774353,-0.008012880748459494
2023-11-07,395,1.3514898709578347,1.3703816044568022,-0.018891733498967483
2023-11-08,391,1.4003598421946186,1.4070450414674007,-0.006685199272782148
2023-11-09,399,1.673736753482554,1.6430381018899114,0.03069865159264278
2023-11-10,404,1.3376835014363275,1.3249206603139858,0.012762841122341793
2023-11-13,409,1.4116976046696794,1.3830176590156882,0.02867994565399116
2023-11-14,414,1.07655833775239,1.0800855475242628,-0.0035272097718728277
2023-11-15,387,1.0759142090788714,1.0881860425838472,-0.012271833504975854
2023-11-16,403,1.3712791307604077,1.3910246445680852,-0.019745513807677126
2023-11-17,407,1.3431779015797147,1.3782019248222732,-0.03502402324255875
2023-11-20,407,1.2361671318880503,1.2558261666616244,-0.019659034773574238
2023-11-21,408,1.3316044069938948,1.342767999633322,-0.01116359263942734
2023-11-22,399,1.3853929071028315,1.4034348253469247,-0.018041918244093232
2023-11-24,402,1.392710270423536,1.4265604204625766,-0.0338501500390408
2023-11-27,404,1.466245165627902,1.5100257084599216,-0.04378054283201945
2023-11-28,399,1.5608135937934355,1.616620098812245,-0.0558065050188095
2023-11-29,407,1.8547957108498954,1.9231028573852145,-0.06830714653531923
2023-11-30,415,2.340501504247083,2.446778606846268,-0.1062771025991851
2023-12-01,411,1.6621344562255183,1.7112495611879242,-0.049115104962405856
2023-12-04,407,1.5462337680175757,1.5977780515738762,-0.05154428355630046
2023-12-05,412,1.9443480827726867,2.0187943275776576,-0.07444624480497089
2023-12-06,410,1.5594992567192383,1.5734094989794645,-0.013910242260226533
2023-12-07,427,1.6516965155471826,1.7047633798213073,-0.05306686427412459
2023-12-08,430,1.5623892602007754,1.619611727793257,-0.057222467592481376
2023-12-11,429,1.5498270033489383,1.6162063087123089,-0.06637930536337071
2023-12-12,429,1.631111301443956,1.697734179223603,-0.0666228777796472
2023-12-13,413,1.2156513086072291,1.2278216843278227,-0.012170375720593665
2023-12-14,426,0.8661161924796357,0.8498179770535158,0.016298215426119953
2023-12-15,432,0.9500853374155217,0.9343280542618148,0.015757283153706867
2023-12-18,436,1.0275728670514637,0.9921669251234773,0.03540594192798624
2023-12-19,431,1.1055714064474922,1.0643941083569335,0.041177298090558805
2023-12-20,436,1.0311263854476316,1.0238289337580007,0.007297451689630723
2023-12-21,434,1.0005466424587917,0.9668012841688294,0.03374535828996225
2023-12-22,428,1.0281725173191956,0.9809886534280667,0.047183863891128774
2023-12-26,429,1.0753672114283879,1.0247599964604603,0.050607214967927486
2023-12-27,431,1.1277206450853523,1.0833507413416075,0.04436990374374481
2023-12-28,446,1.1681535306767108,1.138217290465194,0.029936240211516692
2023-12-29,457,1.2073705040547578,1.1916120456900754,0.015758458364682253
2024-01-02,458,1.3156820791375416,1.3004064931825794,0.015275585954962038
2024-01-03,453,1.3041695763823025,1.2963533362881787,0.007816240094123465
2024-01-04,456,1.3995190129964665,1.379543530930278,0.01997548206618847
2024-01-05,456,1.495792861325675,1.479890879322255,0.01590198200342017
2024-01-08,456,1.345042885465584,1.3297460968792725,0.015296788586311578
2024-01-09,461,1.3824488301281825,1.3770962301012721,0.00535260002691035
2024-01-10,461,1.3169247830571098,1.3072157632786825,0.009709019778427388
2024-01-11,465,1.171273859034249,1.1662116479406694,0.005062211093579822
2024-01-12,469,1.2100404272813363,1.2036500828942387,0.0063903443870973655
2024-01-16,463,1.2763516064117435,1.2730172019611685,0.0033344044505750335
2024-01-17,455,1.1841362480058713,1.188670508911656,-0.0045342609057845654
2024-01-18,458,1.302891323078679,1.3142538774394839,-0.01136255436080478
2024-01-19,458,1.272230042396124,1.2957482271752923,-0.02351818477916839
2024-01-22,456,1.3061669482004827,1.3227794898848928,-0.01661254168440993
2024-01-23,456,1.2658253555114678,1.2823128256206948,-0.016487470109226975
2024-01-24,453,1.3985979307252219,1.4221630618633245,-0.02356513113810271
2024-01-25,442,1.4726125626103097,1.490474938608127,-0.017862375997817415
2024-01-26,437,1.5484862567942481,1.5723303896208924,-0.023844132826644063
2024-01-29,436,1.417357277231743,1.4394604384944858,-0.022103161262742713
2024-01-30,439,1.4941328209301048,1.5060484582718445,-0.011915637341739739
2024-01-31,438,1.6902184944037575,1.697047599658356,-0.0068291052545985075
2024-02-01,423,1.62092455857732,1.6482225058679956,-0.027297947290675736
2024-02-02,415,1.4601497759107593,1.475081251425126,-0.014931475514366691
2024-02-05,410,1.4060108993374902,1.4123776364942422,-0.006366737156751918
2024-02-06,408,1.2779660179845242,1.2924102705920884,-0.014444252607564073
2024-02-07,400,1.366145578357373,1.3864528019120248,-0.02030722355465171
2024-02-08,405,1.3126186807282927,1.3526128148967211,-0.03999413416842879
2024-02-09,405,1.2855617190743776,1.3185919780195436,-0.033030258945165994
2024-02-12,405,1.3230588500980693,1.3554587615647244,-0.03239991146665524
2024-02-13,399,1.5425021283984153,1.56794484597108,-0.025442717572664898
2024-02-14,386,1.4077003797710739,1.4231323955397814,-0.015432015768707744
2024-02-15,396,1.3812435122281765,1.4065194900838938,-0.025275977855717432
2024-02-16,405,1.5773396718564128,1.6140466899843045,-0.03670701812789146
2024-02-20,405,1.601862150304889,1.624720842667733,-0.02285869236284375
2024-02-21,404,1.7711688446507836,1.8004142329195425,-0.029245388268759057
2024-02-22,392,1.5160175360519355,1.547833123885233,-0.03181558783329747
2024-02-23,392,1.348910184496906,1.3523275566583854,-0.0034173721614794254
2024-02-26,396,1.2973458245685843,1.2972228984317389,0.00012292613684550735
2024-02-27,390,1.2347255371517971,1.2415727688509677,-0.006847231699170498
2024-02-28,396,1.279204060143321,1.2873928681740159,-0.00818880803069481
2024-02-29,385,1.1114780349562596,1.1157847847729394,-0.004306749816679764
2024-03-01,391,1.1848357520610706,1.1844378231917838,0.00039792886928693505
2024-03-04,390,1.2136314725464281,1.2088904235198403,0.004741049026587714
2024-03-05,397,1.1948570557886216,1.2132929177479153,-0.018435861959293507
2024-03-06,396,1.2064427260625201,1.2148095065794464,-0.008366780516926357
2024-03-07,418,1.2117658904685285,1.218863248538326,-0.007097358069797298
2024-03-08,422,1.1531185333481604,1.1570468499211077,-0.003928316572947258
2024-03-11,423,1.209768399756094,1.2059158235101397,0.00385257624595416
2024-03-12,431,1.1516084546480783,1.143998120146647,0.007610334501431309
2024-03-13,410,1.0457901661396276,1.0527872344160398,-0.006997068276412134
2024-03-14,436,1.1495758271508671,1.161827491306319,-0.012251664155451569
2024-03-15,436,1.0719961666368851,1.087415157945297,-0.015418991308411952
2024-03-18,439,0.9981421755865563,0.9925880054056394,0.005554170180916954
2024-03-19,437,1.0899966311046703,1.0728068043076333,0.017189826797037143
2024-03-20,437,1.0700252375227675,1.034238596641687,0.03578664088108042
2024-03-21,437,1.074203471940903,1.038456646642967,0.03574682529793602
2024-03-22,436,0.9868742849538427,0.9691895740417029,0.017684710912139738
2024-03-25,429,0.9631164540195676,0.9417683003636678,0.021348153655899857
2024-03-26,428,1.0891365218672109,1.0635744057143268,0.02556211615288434
2024-03-27,450,1.2579505952395151,1.2132463069679453,0.04470428827156985
2024-03-28,452,1.6016522665891835,1.5418117406530147,0.05984052593616861
2024-04-01,453,1.6147847772262087,1.5878170503350109,0.026967726891197915
2024-04-02,454,1.5260679534535861,1.470820181594982,0.0552477718586041
2024-04-03,457,1.6234941805309064,1.5842825383025128,0.039211642228393816
2024-04-04,458,1.4599936761272856,1.4384599070653272,0.02153376906195851
2024-04-05,456,1.6719710928974942,1.6704841439721405,0.001486948925353697
2024-04-08,459,1.5327073888825404,1.5347794172434008,-0.002072028360860447
2024-04-09,462,1.3969298641762447,1.3862038802132268,0.010725983963017818
2024-04-10,462,1.2119343518601218,1.2097641947549682,0.0021701571051534305
2024-04-11,464,1.3562362974344488,1.343829640710031,0.01240665672441777
2024-04-12,470,1.1938172392879292,1.1848689579182556,0.008948281369673858
2024-04-15,466,1.2587572947826293,1.2359200713912286,0.022837223391400676
2024-04-16,457,1.3438138180491925,1.3232391778074788,0.020574640241713765
2024-04-17,455,1.3211460575440304,1.3044816001712694,0.016664457372761014
2024-04-18,458,1.4624970253288014,1.445827049471302,0.016669975857499367
2024-04-19,455,1.602632340848773,1.5614468391902014,0.041185501658571703
2024-04-22,452,1.6669200251367633,1.6318525925550071,0.03506743258175616
2024-04-23,452,1.4887117769085234,1.470958403620055,0.017753373288468523
2024-04-24,452,1.4367023494607132,1.4147069683046478,0.021995381156065315
2024-04-25,440,1.4163039736875425,1.4070081295500023,0.009295844137539946
2024-04-26,430,1.4233248453346412,1.42306036141921,0.000264483915431032
2024-04-29,432,1.2877545019373837,1.2849032861601783,0.0028512157772051547
2024-04-30,429,1.5342982188038197,1.5265228497700958,0.007775369033723763
2024-05-01,422,1.7482276962396128,1.7301573910738988,0.018070305165714236
2024-05-02,408,1.409739826791045,1.4101236863758941,-0.0003838595848492815
2024-05-03,407,1.2627830266287132,1.2550352399117815,0.007747786716931926
2024-05-06,407,1.1695490213242783,1.1610019125871744,0.008547108737103964
2024-05-07,407,1.1086228316095537,1.093545787527572,0.015077044081981595
2024-05-08,406,1.129343856145851,1.1189391782555287,0.010404677890322383
2024-05-09,408,1.154537439173307,1.137908579681915,0.016628859491391937
2024-05-10,411,1.2454627040632145,1.2224217791567757,0.023040924906438713
2024-05-13,415,1.3614816265357546,1.339008141902841,0.022473484632913435
2024-05-14,423,1.4895380281231911,1.452170664311214,0.037367363811977194
2024-05-15,427,1.5300573951273213,1.496637575163762,0.033419819963559534
2024-05-16,425,1.2372781690112578,1.2281980533913073,0.009080115619950336
2024-05-17,417,1.39061147064724,1.3705194674544154,0.020092003192824705
2024-05-20,414,1.4004524386061767,1.3857404410454524,0.01471199756072429
2024-05-21,415,1.2890524134292198,1.2620238937998378,0.02702851962938183
2024-05-22,414,1.2572510303802364,1.2333703887626386,0.023880641617597797
2024-05-23,407,1.1500399742979297,1.1474543515396054,0.0025856227583242897
2024-05-24,404,1.1045133737174533,1.0858776844724816,0.018635689244971856
2024-05-28,403,1.0906905241535099,1.0900990877445342,0.0005914364089757842
2024-05-29,401,1.1477582217539941,1.1527198031541621,-0.00496158140016814
2024-05-30,404,1.1791042334567414,1.1910542857920763,-0.01195005233533501
2024-05-31,393,1.373717471861185,1.34976503094571,0.023952440915474802
2024-06-03,400,1.3106650305911713,1.3009918510556036,0.009673179535567766
2024-06-04,399,1.3473730774106114,1.3405620570425887,0.006811020368022744
2024-06-05,401,1.0905447927169936,1.0852367087680086,0.00530808394898507
2024-06-06,400,1.0599198789508901,1.0578295629953487,0.0020903159555412613
2024-06-07,415,0.9915015519582717,0.9950880676113358,-0.003586515653063973
2024-06-10,425,0.9809939607095934,0.9837592895942741,-0.002765328884680574
2024-06-11,425,0.958735223419325,0.9643049455658524,-0.005569722146527491
2024-06-12,428,0.9554913328441125,0.9646846100584157,-0.009193277214303257
2024-06-13,407,1.0530652146860322,1.0572766567914,-0.004211442105367956
2024-06-14,428,1.05257341380881,1.0470607895683022,0.0055126242405079805
2024-06-17,435,1.060561691501518,1.0590881654596895,0.001473526041828277
2024-06-18,442,1.073299658536299,1.0628845337967636,0.010415124739535365
2024-06-20,435,1.0481738606250528,1.0513557363642105,-0.0031818757391577908
2024-06-21,433,1.033923628172909,1.02143571884802,0.012487909324888939
2024-06-24,432,1.197458970235785,1.1725732114160767,0.02488575881970841
2024-06-25,426,1.0455719718015508,1.0450586828871453,0.0005132889144054963
2024-06-26,424,1.0602069661224869,1.0563389370237852,0.0038680290987016907
2024-06-27,424,1.1281045011958433,1.1235610102845588,0.004543490911284502
2024-06-28,439,1.1317840766029512,1.1373805365467602,-0.005596459943808999
2024-07-01,448,1.7301821038650635,1.7038461548336077,0.026335949031455908
2024-07-02,449,1.6663335847664775,1.6704129480283694,-0.004079363261891826
2024-07-03,450,1.5912419369372843,1.5741663418344287,0.017075595102855584
2024-07-05,454,1.542128487803203,1.5379585306150467,0.004169957188156256
2024-07-08,456,1.6014623147448883,1.6015704426347648,-0.00010812788987632056
2024-07-09,459,1.5550667294439442,1.555258149682107,-0.00019142023816291664
2024-07-10,464,1.4823655937647167,1.497162568671132,-0.014796974906415582
2024-07-11,467,1.546068784018598,1.5540744633041723,-0.008005679285574396
2024-07-12,465,1.698862913070534,1.7239372474019976,-0.025074334331463798
2024-07-15,472,1.6648588068166823,1.691780638620286,-0.02692183180360362
2024-07-16,471,1.8473145531073834,1.8939802152233518,-0.046665662115968426
2024-07-17,463,1.4417465433443346,1.4415461052039968,0.00020043814033772
2024-07-18,455,1.736521880787998,1.7467526620281866,-0.010230781240188664
2024-07-19,457,2.150597211248395,2.1878091088833838,-0.03721189763498863
2024-07-22,456,2.5417953984155166,2.5645831612126124,-0.02278776279709632
2024-07-23,454,2.2679072773027067,2.3268375612057506,-0.05893028390304363
2024-07-24,450,2.0056826683856444,2.0275168433273802,-0.021834174941736124
2024-07-25,450,1.6293788546855286,1.6598078083258787,-0.0304289536403502
2024-07-26,446,1.6114928508480766,1.6446836318790161,-0.03319078103093958
2024-07-29,435,1.662226938199426,1.6934555124332233,-0.031228574233797414
2024-07-30,434,1.5619309297076294,1.5723377466067863,-0.010406816899156813
2024-07-31,436,1.5907352460218995,1.58172837493314,0.00900687108875954
2024-08-01,426,1.1815728688493756,1.1742054661141803,0.007367402735195095
2024-08-02,414,1.392972123900015,1.396874374809229,-0.0039022509092140364
2024-08-05,411,2.0706643940111533,2.0476695052103246,0.022994888800828707
2024-08-06,409,1.6136945680484893,1.589627738071664,0.024066829976825268
2024-08-07,407,2.018467015345532,1.894306375198578,0.12416064014695415
2024-08-08,405,1.2663371638454262,1.2429811067471201,0.023356057098306158
2024-08-09,408,1.485632334224843,1.4294333080021642,0.05619902622267909
2024-08-12,415,1.5488486508406643,1.4946035650723881,0.05424508576827581
2024-08-13,412,1.269436083607648,1.2320704418509625,0.037365641756685455
2024-08-14,418,1.1595592191751225,1.1316493421281193,0.027909877047003144
2024-08-15,434,1.1044967341922274,1.1035322501469673,0.0009644840452600941
2024-08-16,427,1.1769434498040114,1.1687709134552273,0.008172536348784062
2024-08-19,417,1.180901772935363,1.2113076954859194,-0.030405922550556366
2024-08-20,413,1.2040036488025687,1.2424647885892097,-0.03846113978664077
2024-08-21,413,1.230012807321941,1.2620696089214156,-0.0320568015994745
2024-08-22,402,1.309124617464339,1.3610442617379033,-0.051919644273564144
2024-08-23,399,1.4007220701347651,1.4510205318498526,-0.05029846171508746
2024-08-26,398,1.4184168750868202,1.4701657481004415,-0.051748873013621376
2024-08-27,399,1.2701941313676597,1.278403357482626,-0.008209226114966337
2024-08-28,395,1.194095271540814,1.1949560562333956,-0.0008607846925816207
2024-08-29,375,1.1949256893998992,1.1783542531489577,0.01657143625094142
2024-08-30,382,1.2544937397946203,1.2410690457663185,0.013424694028301912
2024-09-03,392,1.2393708060846196,1.2228494332366682,0.016521372847951476
2024-09-04,399,1.2425497272503014,1.219435016987138,0.023114710263163633
2024-09-05,403,1.505498956282502,1.5060585006826541,-0.0005595444001522466
2024-09-06,412,1.7532800955809171,1.714137655868474,0.039142439712443175
2024-09-09,417,1.6314009482498404,1.632682861843142,-0.00128191359330159
2024-09-10,422,1.701521590067176,1.6848428209406239,0.01667876912655226
2024-09-11,425,1.4178560670588347,1.4088105030824598,0.009045563976374894
2024-09-12,426,1.501372409981874,1.4939735842080681,0.00739882577380568
2024-09-13,443,1.3088490642916415,1.2887850352286978,0.02006402906294366
2024-09-16,439,1.1781180118609085,1.1524852529626004,0.025632758898307937
2024-09-17,437,1.0527698480452468,1.0335327773255658,0.019237070719680987
2024-09-18,436,1.1275422771763135,1.1159378946292617,0.011604382547051866
2024-09-19,437,1.1567610751412658,1.1355192663205764,0.021241808820689313
2024-09-20,433,1.1607599375158708,1.1441773008885245,0.016582636627346308
2024-09-23,432,1.1897621957089612,1.145254973934431,0.044507221774530245
2024-09-24,431,1.057618493304103,1.021164323564579,0.03645416973952391
2024-09-25,429,1.0845593849422326,1.0575424641127555,0.02701692082947713
2024-09-26,424,1.1339563907527592,1.0965425093675072,0.037413881385251986
2024-09-27,427,1.1676852232045751,1.1565591094678083,0.01112611373676681
2024-09-30,447,1.1357945160904839,1.1199646023844465,0.015829913706037327
2024-10-01,451,1.137109896991153,1.120861153625386,0.016248743365766875
2024-10-02,453,1.1680699842114433,1.1644022169272996,0.0036677672841437243
2024-10-03,454,1.283469352730221,1.2940915281839578,-0.010622175453736902
2024-10-04,458,1.1981563192875802,1.2033831056757902,-0.005226786388209894
2024-10-07,459,1.2290670661769332,1.241781785888896,-0.012714719711962976
2024-10-08,459,1.143557077806427,1.1419137120714482,0.0016433657349789815
2024-10-09,460,1.155023811030609,1.1397743577777166,0.015249453252892405
2024-10-10,469,1.2191733515937841,1.2059747999322128,0.013198551661571273
2024-10-11,469,1.1928714308696824,1.163829456564164,0.029041974305518213
2024-10-14,468,1.2136326652859235,1.1778979519278718,0.035734713358051604
2024-10-15,474,1.26936789070075,1.218813057622795,0.050554833077955226
2024-10-16,474,1.4104564166332356,1.3619509834854377,0.048505433147797705
2024-10-17,467,1.6796665412224632,1.64602558739469,0.03364095382777323
2024-10-18,465,1.7378533080202516,1.6913243519935497,0.04652895602670206
2024-10-21,459,1.5966267592727563,1.566211418095584,0.03041534117717255
2024-10-22,458,1.433495497221166,1.4226794991735812,0.010815998047584754
2024-10-23,458,2.1001178870643966,2.1188328185972525,-0.018714931532856062
2024-10-24,454,1.987666186809629,2.0230909257359846,-0.03542473892635564
2024-10-25,443,2.1188790070686343,2.1944298923253216,-0.07555088525668688
2024-10-28,444,2.2945632468411263,2.3827795999861263,-0.08821635314500022
2024-10-29,438,2.24391741952097,2.3277349829637997,-0.08381756344282953
2024-10-30,429,2.190949984707925,2.2576425183940843,-0.06669253368615943
2024-10-31,427,2.104979925560463,2.15027085704832,-0.04529093148785735
2024-11-01,412,2.095584484705975,2.110126513426143,-0.014542028720168031
2024-11-04,408,2.2228230959342277,2.2416855506562468,-0.018862454722019157
2024-11-05,408,2.063192515633041,2.0822414103452513,-0.019048894712210364
2024-11-06,405,1.6570228203024586,1.6730671426633046,-0.016044322360845912
2024-11-07,401,1.5253724459411617,1.5564540343210864,-0.031081588379924842
2024-11-08,407,1.3594028362414943,1.3785934331069118,-0.019190596865417665
2024-11-11,403,1.2239733441696892,1.2122878662220857,0.011685477947603364
2024-11-12,405,1.2624577798485628,1.2441850185829453,0.01827276126561729
2024-11-13,410,1.2848148341691183,1.2574668777896203,0.027347956379498117
2024-11-14,401,1.264243869341287,1.2468116464956482,0.01743222284563871
2024-11-15,405,1.3559361854670142,1.3295891961724178,0.026346989294596272
2024-11-18,413,1.207188256478242,1.1845382840146368,0.022649972463605294
2024-11-19,410,1.2827423159797544,1.2587402383222677,0.024002077657486597
2024-11-20,407,1.1843357234178313,1.1602561425902047,0.024079580827626672
2024-11-21,399,1.235105302232754,1.2020910641013263,0.03301423813142763
2024-11-22,396,1.230560308584933,1.1771667508995582,0.0533935576853749
2024-11-25,395,1.3272116998904944,1.2736348092525396,0.053576890637954525
2024-11-26,396,1.4042526041114263,1.3455291243056307,0.05872347980579549
2024-11-27,401,1.4966535220587214,1.450584128378069,0.046069393680652465
2024-11-29,398,1.6496883361792436,1.623557917216573,0.026130418962670647
2024-12-02,403,1.7172683385624765,1.6811578810316463,0.036110457530829934
2024-12-03,401,1.6954358588671565,1.6719112521313482,0.023524606735808567
2024-12-04,403,2.327181959105447,2.318297213911056,0.008884745194391244
2024-12-05,410,2.299583185237105,2.2999316851934184,-0.0003484999563134511
2024-12-06,417,1.8546008653588173,1.8490511723426843,0.005549693016132909
2024-12-09,426,1.6959429845573666,1.6775512013578364,0.018391783199530044
2024-12-10,431,1.3979112191345564,1.3856786109498185,0.012232608184737969
2024-12-11,430,1.3301867227836468,1.3164882322002893,0.013698490583357422
2024-12-12,423,1.3461471333118582,1.3326163919076812,0.01353074140417701
2024-12-13,441,1.409861513854451,1.3943079914347383,0.015553522419712654
2024-12-16,436,1.3075274539339314,1.30691022149825,0.0006172324356813556
2024-12-17,432,1.2461386790802589,1.2313980267021438,0.014740652378115096
2024-12-18,429,0.9395336965681071,0.9741779463633413,-0.03464424979523415
2024-12-19,427,1.0143614798263996,1.0039803872502924,0.010381092576107314
2024-12-20,433,1.0563035064102386,1.032102236350397,0.024201270059841563
2024-12-23,434,0.9714235207536219,0.9336234804795136,0.03780004027410837
2024-12-24,424,1.384353269139756,1.38613744224692,-0.0017841731071642033
2024-12-26,427,1.3407081153009497,1.3237525525252785,0.01695556277567147
2024-12-27,432,1.223322427769897,1.1884826788183347,0.03483974895156261
2024-12-30,431,1.2663164878378015,1.2201009897222685,0.046215498115533084
2024-12-31,448,1.3949664259904135,1.3524243089745125,0.04254211701590137
2025-01-02,454,1.4657034479894584,1.421107563724237,0.044595884265221555
2025-01-03,457,1.510370362276008,1.4735095774691984,0.03686078480680954
2025-01-06,457,1.4465013316148116,1.4318236972818654,0.014677634332946353
2025-01-07,459,1.6216224156551964,1.5886685690878781,0.032953846567318285
2025-01-08,457,1.477156956818002,1.4537650773269302,0.023391879491071882
2025-01-10,466,1.8905600547977934,1.8403594722190857,0.05020058257870765
2025-01-13,467,1.5845340870305389,1.5751568913191663,0.00937719571137258
2025-01-14,468,1.3835775042816016,1.3796663729091148,0.003911131372486923
2025-01-15,471,1.437893136101982,1.4209642603659258,0.016928875736056483
2025-01-16,465,1.3130926476750568,1.298474670463417,0.014617977211639948
2025-01-17,459,1.3954590619216622,1.3997031860536964,-0.004244124132034028
2025-01-21,461,1.4678173594436372,1.4653034978437456,0.002513861599891823
2025-01-22,462,1.4951685525945497,1.5044200578427338,-0.009251505248184059
2025-01-23,463,1.570042383714815,1.5815796602636703,-0.01153727654885518
2025-01-24,454,1.602675626197599,1.6136173182840832,-0.010941692086484205
2025-01-27,447,1.7167499053811988,1.6944840309943812,0.02226587438681763
2025-01-28,445,1.5676228636188474,1.5584063893149567,0.009216474303891014
2025-01-29,442,1.6242772663400822,1.6122709117683163,0.012006354571765724
2025-01-30,442,1.7073701562187094,1.7126156304748061,-0.005245474256096878
2025-01-31,422,1.7957981661943492,1.796547889090314,-0.000749722895964477
2025-02-03,419,1.851832301131779,1.8298917968246247,0.02194050430715419
2025-02-04,417,1.7609030381927442,1.7596151862755134,0.0012878519172309288
2025-02-05,414,1.7177208172122378,1.7084267048269386,0.009294112385299341
2025-02-06,404,1.7681659195834794,1.807248526920126,-0.03908260733664638
2025-02-07,407,1.7300283402102452,1.7930583215778768,-0.06302998136763163
2025-02-10,410,1.8026955874224255,1.882523773779922,-0.0798281863574965
2025-02-11,407,1.5190562655659492,1.5729367859817598,-0.05388052041581041
2025-02-12,408,1.6342098501080486,1.7203740895208084,-0.08616423941275976
2025-02-13,392,1.5835666832670994,1.685252199639271,-0.10168551637217203
2025-02-14,402,2.0716137460623494,2.2281423143173043,-0.15652856825495504
2025-02-18,411,2.3238646717775326,2.4795473345715306,-0.15568266279399778
2025-02-19,406,2.075233107386022,2.2036788746170934,-0.12844576723107132
2025-02-20,405,2.2466826845016707,2.430265558820125,-0.1835828743184545
2025-02-21,398,1.8388169943169512,1.966037407337548,-0.12722041302059686
2025-02-24,387,2.3025692591009324,2.445324645181436,-0.142755386080504
2025-02-25,388,2.1264761332096844,2.186439585033121,-0.059963451823436646
2025-02-26,386,2.102868357848959,2.1970034261145526,-0.0941350682655935
2025-02-27,385,2.3245205037538903,2.420179524072854,-0.09565902031896409
2025-02-28,373,2.074713489760486,2.1316765286937525,-0.056963038933266305
2025-03-03,382,1.5972678768691697,1.6170958338504269,-0.01982795698125697
2025-03-04,380,1.4488981183160856,1.4883118658862542,-0.03941374757016898
2025-03-05,386,1.3980159715508158,1.4290863209829285,-0.03107034943211284
2025-03-06,386,1.3543746768968734,1.3636798869916522,-0.009305210094778797
2025-03-07,399,1.4369112057574256,1.4503753806720168,-0.013464174914590872
2025-03-10,417,1.6684266102947782,1.594049596389653,0.07437701390512533
2025-03-11,419,1.480191868947672,1.4223340059409424,0.05785786300672987
2025-03-12,426,1.1565871087690829,1.1616425722847492,-0.005055463515666397
2025-03-13,430,1.2537339803933145,1.2379314935764638,0.015802486816850776
2025-03-14,455,1.0219483515717247,1.0716204007550265,-0.04967204918330193
2025-03-17,442,1.1295832739154144,1.2075488446779052,-0.07796557076249087
2025-03-18,442,1.1216780602043372,1.1568858144599936,-0.035207754255656296
2025-03-19,442,1.0790864280291943,1.1143884407885716,-0.03530201275937737
2025-03-20,443,2.2095920215994576,2.4091042164488483,-0.1995121948493905
2025-03-21,441,3.5994629414023342,3.83825163091805,-0.23878868951571566
2025-03-24,439,4.346099850233327,4.599608675648614,-0.25350882541528796
2025-03-25,441,5.024523399779131,5.319698030706278,-0.2951746309271474
2025-03-26,440,2.165864161375234,2.2530495749217967,-0.08718541354656296
2025-03-27,432,3.224735741974735,3.373292941710833,-0.14855719973609827
2025-03-28,435,2.4308364927724595,2.540312815971699,-0.10947632319923951
2025-03-31,457,2.2867935660151577,2.352699684807268,-0.06590611879210997
2025-04-01,460,2.324374039620479,2.3964281112203945,-0.0720540715999154
2025-04-02,460,2.940013598937228,3.058739024497405,-0.11872542556017739
2025-04-03,458,1.4643271823557433,1.4965446350444442,-0.03221745268870081
2025-04-04,460,1.3794987557291003,1.5420441700671867,-0.1625454143380866
2025-04-07,461,1.6729072498179938,1.8996994571178683,-0.2267922072998747
2025-04-08,459,2.4360547331692675,2.4791907207372246,-0.043135987567957314
2025-04-09,460,1.317237856823,1.5056785328306104,-0.18844067600761027
2025-04-10,467,1.8097071370580526,1.7946963022391231,0.015010834818929349
2025-04-11,469,1.6324116330028788,1.5595033422233269,0.072908290779552
2025-04-14,469,1.5578840622354724,1.4032521291873847,0.1546319330480876
2025-04-15,463,1.5566482746534884,1.41074923817615,0.14589903647733862
2025-04-16,460,1.9217401360159707,1.6769387794814292,0.24480135653454144
2025-04-17,462,2.1856380613335755,2.0068214796873654,0.17881658164621003
2025-04-21,460,2.724861131175442,2.385902136599698,0.3389589945757438
2025-04-22,460,1.9958793737092742,1.8323324920245871,0.1635468816846871
2025-04-23,461,1.7987918251691297,1.6681291607818611,0.13066266438726848
2025-04-24,460,1.5595289637091425,1.45960662432496,0.0999223393841824
2025-04-25,451,1.5316124638833208,1.4273319248597272,0.10428053902359351
2025-04-28,443,2.091920088090536,2.048193357616214,0.04372673047432224
2025-04-29,441,2.318933661212814,2.302044128929979,0.0168895322828347
2025-04-30,443,2.41779200003406,2.3322010564268916,0.0855909436071678
2025-05-01,435,2.225371653047959,2.1928530330813327,0.032518619966626444
2025-05-02,421,1.9020064579367109,1.8834624209579482,0.018544036978762616
2025-05-05,413,1.9009154122956375,1.8603244413706514,0.04059097092498588
2025-05-06,412,1.9417848803852757,1.9035204283700322,0.03826445201524338
2025-05-07,408,1.552044682196177,1.467631986140311,0.08441269605586597
2025-05-08,403,1.4186684533992462,1.3344546056028617,0.08421384779638444
2025-05-09,400,1.3877969501655676,1.2873243747196765,0.1004725754458912
2025-05-12,402,1.3534306345852747,1.2852201794224793,0.06821045516279496
2025-05-13,401,1.343256693572314,1.2770151674898564,0.06624152608245758
2025-05-14,404,1.3392075260287513,1.2625961936119203,0.0766113324168308
2025-05-15,398,1.3289494986919206,1.2651316077015355,0.06381789099038486
2025-05-16,398,1.4201238537827718,1.3561910171137286,0.0639328366690435
2025-05-19,409,1.3368488956468125,1.217511124706789,0.11933777094002357
2025-05-20,405,1.3404202167178991,1.205242794727883,0.13517742199001598
2025-05-21,407,1.3220129553444318,1.2175302437330138,0.10448271161141809
2025-05-22,399,1.3695527961330793,1.2544404646495593,0.1151123314835198
2025-05-23,405,1.401288190364918,1.2758461715837053,0.1254420187812129
2025-05-27,402,1.3556158400401492,1.1967006253514925,0.15891521468865671
2025-05-28,403,1.3604064368181372,1.2076624163295424,0.15274402048859495
2025-05-29,406,1.3334644758737733,1.20450671641031,0.12895775946346327
2025-05-30,400,1.4027715373746539,1.266126157558356,0.13664537981629807
2025-06-02,404,1.4756553903272838,1.343489012652008,0.13216637767527573
2025-06-03,402,1.3959030491222084,1.24601557835069,0.14988747077151862
2025-06-04,401,1.4078142065941412,1.2687740357953698,0.1390401707987715
2025-06-05,402,1.3809438804569234,1.2776830791436373,0.10326080131328624
2025-06-06,412,1.3028869344941258,1.1773350174326547,0.1255519170614711
2025-06-09,419,1.2703843084687876,1.161912868908887,0.10847143955990067
2025-06-10,427,1.3281523461084423,1.2296231434173568,0.09852920269108545
2025-06-11,427,1.3565881197557486,1.2822480917096089,0.07434002804613984
2025-06-12,422,1.3645157364718201,1.2804749075336856,0.0840408289381344
2025-06-13,427,1.5402627036243324,1.4996568386358593,0.04060586498847296
2025-06-16,433,1.3498140400930954,1.2779825563646219,0.07183148372847353
2025-06-17,436,1.7099787803938726,1.661845993131658,0.0481327872622147
2025-06-18,435,1.7274749013371606,1.697706481887537,0.029768419449623818
2025-06-20,433,1.5604750638906644,1.5267681825222879,0.03370688136837664
2025-06-23,434,1.4999650644807505,1.4355478128652297,0.06441725161552117
2025-06-24,435,1.4410565911459163,1.3604065640026803,0.08065002714323617
2025-06-25,429,1.6166441953589874,1.5877820829395393,0.028862112419448093
2025-06-26,430,1.4156569723776722,1.3404673881445948,0.07518958423307748
2025-06-27,436,1.3361215893359957,1.2478842071642795,0.08823738217171608
2025-06-30,450,1.3132730768902798,1.202657057365436,0.110616019524844
2025-07-01,458,1.3074162059678147,1.212584905647572,0.09483130032024284
2025-07-02,459,1.2377924229093429,1.135000105875591,0.10279231703375193
2025-07-03,462,1.2643423516370078,1.144090222205697,0.12025212943131071
2025-07-07,463,1.2341094428841048,1.1702596760737272,0.0638497668103778
2025-07-08,463,1.2857098937358333,1.2478040167955131,0.03790587694032025
2025-07-09,463,1.272754268345132,1.2267435677468224,0.046010700598309674
2025-07-10,470,1.3105028404581096,1.2836236295451342,0.026879210912975345
2025-07-11,469,1.3537183625875702,1.3659007217244363,-0.012182359136866154
2025-07-14,470,1.2869880567822358,1.2878888766744876,-0.0009008198922516937
2025-07-15,475,1.4219843930729872,1.4292203567280648,-0.0072359636550776915
2025-07-16,473,1.4412870190404112,1.4373575412729045,0.003929477767506791
2025-07-17,464,1.5511581600273279,1.5430738853967692,0.008084274630558844
2025-07-18,462,1.629368287404252,1.6326553478309591,-0.003287060426706861
2025-07-21,463,1.736514497975392,1.7371488928023109,-0.0006343948269190035
2025-07-22,462,1.8472670671735778,1.8296417688876616,0.01762529828591607
2025-07-23,462,1.9604278209090542,1.951210871123142,0.009216949785912445
2025-07-24,460,1.8928537596478419,1.8889874509429552,0.003866308704886721
2025-07-25,454,1.9964954148744147,2.000120288694791,-0.00362487382037616
2025-07-28,447,2.0222611282074157,2.043798854207394,-0.021537725999978257
2025-07-29,445,1.8413849873782953,1.8410687794046134,0.0003162079736820524
2025-07-30,440,1.6848223573488028,1.6951333723517936,-0.010311015002990776
2025-07-31,439,1.560779773495171,1.5744980369866604,-0.013718263491489469
2025-08-01,425,1.516435853751892,1.514799531138428,0.0016363226134643023
2025-08-04,415,1.4192599304587485,1.4134190718578155,0.005840858600932995
2025-08-05,413,1.3617898825223624,1.3629745649905605,-0.0011846824681978738
2025-08-06,408,1.33647979782273,1.335338568940219,0.0011412288825113145
2025-08-07,406,1.2216396076755411,1.2254795369528988,-0.00383992927735765
2025-08-08,408,1.4392793895059628,1.4209295282204542,0.018349861285508483
2025-08-11,410,1.4052997482970162,1.3804748335718875,0.024824914725128776
2025-08-12,410,1.2121345596597666,1.2153638537950053,-0.003229294135238845
2025-08-13,417,1.1114565514244492,1.1096590772781583,0.0017974741462909673
2025-08-14,424,1.1321413781779313,1.1158048299177108,0.016336548260220286
2025-08-15,429,1.1783488895776524,1.1777476943251173,0.0006011952525352336
2025-08-18,418,1.2256037925790366,1.2335243448899862,-0.007920552310949744
2025-08-19,416,1.2282344984661906,1.2254810317195868,0.002753466746603845
2025-08-20,414,1.3536216231375156,1.3470418557860382,0.006579767351477357
2025-08-21,401,1.3953206468801216,1.3849312235468028,0.01038942333331881
2025-08-22,403,1.4011509957676507,1.3908346562548406,0.010316339512809995
2025-08-25,403,1.348323809503462,1.3276866643747638,0.020637145128698436
2025-08-26,398,1.3348974433492646,1.321574095248947,0.013323348100317713
2025-08-27,394,1.3257965719860154,1.3187833689616433,0.007013203024372286
2025-08-28,389,1.3136480120043004,1.3088789535812833,0.004769058423017192
2025-08-29,383,1.5548554878902003,1.514768231868927,0.040087256021273325
2025-09-02,399,1.491289472240592,1.4679876831488912,0.02330178909170066
2025-09-03,404,1.374584327958056,1.3520447228617036,0.022539605096352333
2025-09-04,409,1.4370359338641767,1.409892591437884,0.02714334242629278
2025-09-05,425,1.4553818279268633,1.4324539160576526,0.02292791186921092
2025-09-08,425,1.497700275549777,1.4823611298291592,0.015339145720617795
2025-09-09,430,1.3967823910490436,1.3798865128788582,0.016895878170185268
2025-09-10,437,1.2187375907619358,1.2025787983739111,0.01615879238802452
2025-09-11,438,1.3897872523351393,1.3686259119644038,0.0211613403707356
2025-09-12,441,1.2419615909187327,1.2147709195495646,0.027190671369168404
2025-09-15,463,1.1785665741033018,1.1610058420424354,0.017560732060866318
2025-09-16,447,1.2685298679969648,1.2532954999088293,0.01523436808813535
2025-09-17,441,1.4465257435229495,1.4279693673676253,0.01855637615532422
2025-09-18,441,1.3174158120927908,1.2990275431288363,0.018388268963954315
2025-09-19,434,1.3422708011359683,1.3289316502043036,0.013339150931664642
2025-09-22,437,1.3652084710360186,1.343637278056126,0.021571192979892448
2025-09-23,435,1.315256993161513,1.2959136143377075,0.0193433788238056
2025-09-24,436,1.372601437835673,1.3507501045502934,0.021851333285379707
2025-09-25,435,1.4288947533969076,1.400306495614951,0.028588257781956863
2025-09-26,432,1.5920597609712486,1.5677789493906062,0.024280811580642284
2025-09-29,434,1.4323013591822822,1.403813808327329,0.028487550854952883
2025-09-30,455,1.2297727720290594,1.1983187446487296,0.031454027380329944
2025-10-01,459,1.2084406738303057,1.1909245766356233,0.017516097194682306
2025-10-02,461,1.394285232238213,1.3634267571662289,0.03085847507198419
2025-10-03,465,1.3214625619363516,1.2915085296840656,0.029954032252286024
2025-10-06,465,1.1771273799715682,1.1568069263810021,0.020320453590565866
2025-10-07,466,1.133268858261722,1.107649230669118,0.025619627592604246
2025-10-08,463,1.1657775030051802,1.1411336656481776,0.024643837357002537
2025-10-09,466,1.175594272580875,1.1573179091809327,0.01827636339994242
2025-10-10,472,1.5008316895612674,1.4598758044351576,0.0409558851261099
2025-10-13,471,1.395356389698733,1.3711395579640089,0.024216831734724317
2025-10-14,473,1.4715630762975613,1.4312368047358321,0.04032627156172906
2025-10-15,476,1.6788128847490151,1.6340973654656665,0.044715519283348555
2025-10-16,475,1.6215233126107171,1.6078650012179576,0.01365831139275953
2025-10-17,469,1.699516390483942,1.6694455189689594,0.03007087151498279
2025-10-20,464,1.886387187792768,1.8545981648141625,0.03178902297860558
2025-10-21,462,1.8422260697683344,1.8382997010081892,0.003926368760144922
2025-10-22,461,1.950639728220301,1.9311642364920119,0.019475491728289062
2025-10-23,462,2.0647210843636903,2.077993541520039,-0.01327245715634835
2025-10-24,454,1.8722002889467138,1.9012257105962511,-0.029025421649537215
2025-10-27,445,1.9851201220626302,2.005180090017654,-0.020059967955023874
2025-10-28,446,1.8338795992794195,1.8659701616980213,-0.03209056241860176
2025-10-29,441,1.6782232589830013,1.7140436481821408,-0.03582038919913959
2025-10-30,433,1.5061690106586818,1.5489536959284629,-0.04278468526978115
2025-10-31,421,1.522948408121314,1.5568896235825418,-0.03394121546122751
2025-11-03,410,1.6579034318899564,1.7137622881873205,-0.05585885629736417
2025-11-04,408,1.5071623135243495,1.5390494734846616,-0.03188715996031197
2025-11-05,404,1.48952096561771,1.5142577507301875,-0.024736785112477486
2025-11-06,398,1.5372672369225546,1.584275760647589,-0.04700852372503443
2025-11-07,401,1.385572218283124,1.4212697201920543,-0.03569750190893048
2025-11-10,405,1.3493865166536976,1.3798571367011856,-0.030470620047488045
2025-11-11,400,1.2543927002589481,1.2833585782938912,-0.028965878034943028
2025-11-12,403,1.1935473866771997,1.1959421712238125,-0.002394784546612809
2025-11-13,400,1.1754978715602995,1.1671533838935588,0.008344487666740551
2025-11-14,402,1.1790492992881043,1.1649181704815257,0.014131128806578663
2025-11-17,415,1.3701745311663542,1.325781314624529,0.044393216541825264
2025-11-18,413,1.6384731768667338,1.5794500006516197,0.05902317621511406
2025-11-19,415,1.6124771918962115,1.5640426195454538,0.048434572350757994
2025-11-20,401,2.150094077590845,2.0072533048702073,0.1428407727206377
2025-11-21,404,1.753268016367042,1.6886079944528738,0.06466002191416807
2025-11-24,407,1.6953180008042883,1.6536187254536747,0.04169927535061348
2025-11-25,406,1.8236190481614463,1.7762022238155117,0.047416824345934486
2025-11-26,408,1.7525232553203893,1.709974533937585,0.04254872138280444
2025-11-28,412,1.5585209656376473,1.5364590210364577,0.022061944601189792
2025-12-01,410,1.4970670290160644,1.4838014600068876,0.013265569009176836
2025-12-02,408,1.426631520034581,1.416467984896627,0.010163535137953844
2025-12-03,410,1.3443216000571863,1.3578329473503556,-0.01351134729316933
2025-12-04,412,1.328792069761123,1.3264171806187142,0.002374889142408799
2025-12-05,427,1.2759997882539773,1.2677968024170119,0.008202985836965502
2025-12-08,429,1.3102640424102825,1.3069481592235843,0.003315883186698295
2025-12-09,430,1.2162749921329514,1.2074571202331816,0.008817871899769786
2025-12-10,435,1.1472005334151436,1.1489541221458692,-0.001753588730725709
2025-12-11,429,1.0169475812130144,1.02003682909446,-0.0030892478814453024
2025-12-12,433,0.9351583210844022,0.9267072307415546,0.008451090342847616
2025-12-15,454,0.8797964772275665,0.8635834138081389,0.016213063419427576
2025-12-16,443,0.8794575225738497,0.8663918617486165,0.013065660825233201
2025-12-17,430,1.0184416956892892,0.9895944377195989,0.028847257969690482
2025-12-18,431,1.1086599594373783,1.0916902782179008,0.01696968121947739
2025-12-19,432,1.162738995244883,1.1663172057080478,-0.003578210463164846
2025-12-22,434,1.0672465373508409,1.039000055259596,0.02824648209124475
2025-12-23,436,1.1643292021444285,1.1606138169654232,0.0037153851790052215
2025-12-24,430,1.3103729262356796,1.3036616223841424,0.006711303851536985
2025-12-26,434,1.342745217787496,1.3448567659636663,-0.0021115481761704207
2025-12-29,438,1.5165045082690993,1.5222995676152107,-0.005795059346111309
2025-12-30,439,1.6848716580505578,1.7094478752089715,-0.024576217158413464
2025-12-31,453,1.968827503811688,2.016037089008337,-0.04720958519664902
2026-01-02,464,1.6419172275962834,1.6478127902403457,-0.0058955626440622974
2026-01-05,461,1.5289544669866317,1.528440664364971,0.0005138026216607859
2026-01-06,463,1.6069281868588203,1.6056077956715622,0.0013203911872581733
2026-01-07,462,1.6841443506224885,1.6822495060778264,0.0018948445446617386
2026-01-08,458,1.525366399451755,1.5233537731767484,0.00201262627500659
2026-01-09,465,1.4173231470228889,1.415086417091247,0.0022367299316420216
2026-01-12,469,1.5629818165184715,1.5554016796438137,0.007580136874657843
2026-01-13,467,1.4917993498262452,1.5077273968839755,-0.015928047057730266
2026-01-14,466,1.5821678788880316,1.605040672335657,-0.02287279344762532
2026-01-15,461,1.5503620453080889,1.5673194423857357,-0.016957397077647096
2026-01-16,463,1.5653507569128364,1.5867778532032972,-0.021427096290460815
2026-01-20,466,1.9842632471505381,2.0090567388786718,-0.0247934917281338
2026-01-21,465,2.1246895249386357,2.158796778995859,-0.034107254057223264
2026-01-22,465,2.48659929293933,2.5381403617618936,-0.05154106882256332
2026-01-23,462,2.6484130806379955,2.709773867651719,-0.06136078701372363
2026-01-26,456,2.6363949177620527,2.6943315269647123,-0.05793660920265982
2026-01-27,451,2.5295747364508845,2.5766971319584764,-0.04712239550759186
2026-01-28,449,2.9659129906445116,3.0103519791234223,-0.04443898847891055
2026-01-29,449,2.8433249600702,2.855760347905145,-0.012435387834945183
2026-01-30,434,2.733108342279083,2.7605202202887593,-0.027411878009676264
2026-02-02,422,2.6550293243104113,2.6709738282550637,-0.01594450394465258
2026-02-03,418,1.877873174826685,1.901663134572524,-0.02378995974583871
2026-02-04,415,1.8137532025401861,1.7916669725809544,0.022086229959231745
2026-02-05,409,1.8510126406591447,1.8475232860677506,0.003489354591394116
2026-02-06,408,1.9511119870249378,1.958384219739497,-0.007272232714559136
2026-02-09,409,1.913830418051916,1.936419013698596,-0.02258859564667988
2026-02-10,407,1.8233125978046665,1.8508038769002206,-0.027491279095554204
2026-02-11,410,1.5111317662423764,1.5273506929462426,-0.016218926703866036
2026-02-12,394,1.7429472598271631,1.7500403427011832,-0.007093082874020103
2026-02-13,400,1.6238630992708942,1.6358119577826629,-0.011948858511768523
2026-02-17,414,1.575634155815263,1.5845042969806244,-0.00887014116536156
2026-02-18,412,1.561811206404268,1.5452516245961665,0.016559581808101687
2026-02-19,410,1.5700484278908526,1.5445105071838525,0.025537920706999943
2026-02-20,397,2.009306349910853,2.0004581635337013,0.008848186377151667
2026-02-23,393,1.8725805760277083,1.8094708864981595,0.06310968952954893
2026-02-24,384,1.8439321931029333,1.8169256450830538,0.027006548019879607
2026-02-25,383,1.91272019072024,1.9150103982067663,-0.0022902074865262874
2026-02-26,383,2.485757219310932,2.536794832490586,-0.05103761317965362
2026-02-27,380,2.432330323959993,2.457496975406474,-0.025166651446481038
2026-03-02,383,2.0722591586574244,2.088232367596675,-0.015973208939250815
2026-03-03,378,1.7820618094123988,1.7921902166233115,-0.010128407210912687
2026-03-04,385,2.108591683472911,2.144150111188772,-0.035558427715861485
2026-03-05,389,1.9597401063811175,1.9994409348241884,-0.03970082844307099
2026-03-06,406,1.906841683340495,1.9372692611036952,-0.030427577763200087
2026-03-09,416,1.67312644303019,1.7221456564708753,-0.04901921344068512
2026-03-10,427,1.666195743261832,1.7038583957528997,-0.03766265249106774
2026-03-11,432,1.4307206446104335,1.463957153155195,-0.03323650854476132
2026-03-12,433,1.3451002324513726,1.3854090913857484,-0.040308858934375656
2026-03-13,450,1.527871843187597,1.5796517084360417,-0.05177986524844461
2026-03-16,463,1.6016255018859626,1.6631456411353276,-0.06152013924936499
2026-03-17,449,1.308123997038347,1.3336197194019486,-0.025495722363601488
2026-03-18,444,1.2231289754586463,1.241301158731917,-0.018172183273270692
2026-03-19,438,1.2250862951651404,1.2560575368149183,-0.03097124164977781
2026-03-20,438,1.3240660986408679,1.309789740481791,0.014276358159076864
2026-03-23,437,1.2881244170785024,1.3072587069658284,-0.019134289887325816
2026-03-24,440,1.448741193637251,1.424137361722082,0.0246038319151688
2026-03-25,437,1.5933579532694475,1.5937937828125968,-0.00043582954314941216
2026-03-26,432,1.9479660944466484,1.9332589593784246,0.014707135068223727
2026-03-27,436,2.3523388364201545,2.2665701281466393,0.08576870827351488
2026-03-30,436,2.859031148542745,2.7034526275247206,0.15557852101802483
2026-03-31,454,1.980989508128557,1.9628413356591912,0.01814817246936581
2026-04-01,458,1.7794335070672842,1.7367766497218369,0.0426568573454473
2026-04-02,464,2.15465336144597,2.0965025802357653,0.05815078121020494
2026-04-06,464,2.143424474239859,2.147445297678742,-0.004020823438883079
2026-04-07,466,2.096200451645488,2.0636239079894887,0.03257654365599921
2026-04-08,462,1.6582786084601837,1.6217290718838806,0.036549536576302936
2026-04-09,467,1.6515749799722026,1.619942902158094,0.031632077814108685
2026-04-10,472,1.8134498919307775,1.7694955217694393,0.04395437016133801
2026-04-13,472,1.5975509550542348,1.59051887616974,0.007032078884494908
2026-04-14,473,1.5579831745486752,1.5420975947174993,0.01588557983117588
2026-04-15,476,1.8374388096092462,1.8620910276237626,-0.024652218014516204
2026-04-16,471,1.834278503848314,1.8600287465115921,-0.025750242663278255
2026-04-17,469,1.9694891773536538,1.9801081654015327,-0.010618988047878829
2026-04-20,466,2.1155147482864556,2.1497306259244295,-0.034215877637973985
2026-04-21,463,2.0151166746213414,2.0395217116779536,-0.024405037056612473
2026-04-22,466,2.0758974243494963,2.1156771510718975,-0.039779726722401154
2026-04-23,465,2.0171216109992525,2.017980628610051,-0.0008590176107982748
2026-04-24,452,2.192718990347804,2.211837926982964,-0.019118936635160257
2026-04-27,447,2.3908960056950956,2.433450542212329,-0.04255453651723291
2026-04-28,444,2.29119966931413,2.3347051486107318,-0.043505479296601555
2026-04-29,439,2.3566077805244263,2.4235484979136253,-0.06694071738919934
2026-04-30,439,2.188550372427073,2.21628547211352,-0.02773509968644698
2026-05-01,419,2.07099660250681,2.1269052618398634,-0.055908659333053515
2026-05-04,414,1.7655860680468374,1.8019796274962474,-0.03639355944941004
2026-05-05,414,1.7323270427862558,1.7675987157585429,-0.03527167297228713
2026-05-06,409,1.6216214091969692,1.615097794825566,0.0065236143714032975
2026-05-07,405,1.443349333897188,1.4476033186095372,-0.00425398471234927
2026-05-08,399,1.3582936797194949,1.3454655450307693,0.01282813468872563
2026-05-11,401,1.3692108059932466,1.3577805837112125,0.011430222282033999
2026-05-12,401,1.459860603650235,1.4288745324856196,0.030986071164615454
2026-05-13,405,1.7337909165896777,1.6898335888643508,0.04395732772532722
2026-05-14,395,2.0395525979872713,2.001777515632244,0.037775082355027245
2026-05-15,400,2.387196204313279,2.345783432568881,0.04141277174439763
2026-05-18,409,2.465063481943172,2.4249925499303457,0.04007093201282612
2026-05-19,408,2.538384057880894,2.4954477136778417,0.04293634420305282
2026-05-20,407,2.14385173400822,2.1350716229950626,0.008780111013157408
2026-05-21,394,1.6496775203276939,1.634655028144522,0.015022492183171952
2026-05-22,408,1.622216160936421,1.5934171861958875,0.028798974740533504
2026-05-26,406,1.5601561323171156,1.5310790395456564,0.02907709277145906
2026-05-27,403,1.5285830145267258,1.5271880583285096,0.0013949561982165243
2026-05-28,403,1.4387915454522033,1.4329954692405777,0.005796076211625552
2026-05-29,408,1.5682644433498707,1.5720163280690336,-0.003751884719163084
2026-06-01,400,1.7933602094794379,1.8063113956743257,-0.012951186194887974
2026-06-02,396,1.7417203845224636,1.7800419568826067,-0.03832157236014308
2026-06-03,398,1.762943653285544,1.8273950182678338,-0.06445136498228968
2026-06-04,401,1.7609240958683388,1.8184919973116227,-0.057567901443283616
2026-06-05,415,1.9308487225463986,1.9509907163268483,-0.02014199378044976
2026-06-08,418,1.6856442417543702,1.7150348122123682,-0.02939057045799791
2026-06-09,421,1.679628092509524,1.7015178014065317,-0.021889708897007688
2026-06-10,424,2.237189179003054,2.2294818803941956,0.007707298608858622
2026-06-11,422,1.8174677710344178,1.831588936017766,-0.014121164983348157
2026-06-12,431,1.9116798881009185,1.935761689776652,-0.024081801675733667
2026-06-15,438,1.7732144880087106,1.7903380844637184,-0.017123596455007883
2026-06-16,437,1.7411332955063286,1.7518871018406383,-0.010753806334309716
2026-06-17,433,2.105756921631123,2.0877193093354904,0.01803761229563275
2026-06-18,430,1.9979253887747774,1.985874145162251,0.012051243612526501
2026-06-22,432,2.3402149577265603,2.345849530836231,-0.00563457310967055
2026-06-23,433,1.6754296484685693,1.6615240084197063,0.013905640048863181
2026-06-24,432,1.5919243333780302,1.565458816870778,0.026465516507252415
2026-06-25,428,1.6801940962263733,1.65457498621277,0.025619110013603164
2026-06-26,432,1.574879328540128,1.5558707477865934,0.019008580753534534
2026-06-29,435,1.564670764282939,1.5433939262321108,0.021276838050828334
2026-06-30,452,1.6787299501171864,1.6884361900640772,-0.009706239946890717
2026-07-01,460,1.609354528843056,1.6365736672603979,-0.02721913841734192
2026-07-02,463,1.4912141332756843,1.5196755094843597,-0.028461376208675632
2026-07-06,465,1.531222134125121,1.568373973385,-0.03715183925987911
2026-07-07,466,1.4156933941273964,1.3916956352010497,0.023997758926346712
2026-07-08,466,1.3544613898820301,1.3422713372450343,0.012190052636995725
2026-07-09,468,1.4612624583008251,1.4707855604753417,-0.009523102174516525
2026-07-10,471,1.505739228615282,1.5153080263803875,-0.009568797765105544
2026-07-13,471,1.419822908080533,1.4195753534305686,0.0002475546499641046
2026-07-14,469,1.9577891368021163,1.9911975113963694,-0.03340837459425309
2026-07-15,473,2.0710023374106465,2.152976216445522,-0.08197387903487546
2026-07-16,471,1.5458269978866166,1.529112027421195,0.016714970465421482
2026-07-17,465,1.5440076987083977,1.5292124998440528,0.014795198864345063
2026-07-20,462,1.6693882571007181,1.616054679675959,0.05333357742475918
2026-07-21,462,1.9943459454583827,1.935921375983937,0.05842456947444577
2026-07-22,462,2.168833003358162,2.1168460303382113,0.051986973019950866
2026-07-23,463,2.2358079474947,2.1888246505449493,0.04698329694975076
2026-07-24,459,2.1856807336365365,2.123912888455805,0.061767845180730974
2026-07-27,453,2.0433378278832013,1.9767721911587528,0.06656563672444839
2026-07-28,452,1.9807848799137022,1.8903646067927546,0.09042027312094744
2026-07-29,446,2.2985449143321013,2.183580266177316,0.11496464815478527
2026-07-30,441,1.9137867988309802,1.8968771535466926,0.01690964528428748
2026-07-31,426,1.7901142546358,1.7373857715359025,0.05272848309989763
2026-08-03,424,1.6506985885517649,1.61037039900053,0.040328189551234725
2026-08-04,419,1.465250267178533,1.4339460365343748,0.03130423064415814
2026-08-05,410,1.8516122144127027,1.8110294927791983,0.040582721633504605
2026-08-06,405,1.746934852438452,1.7198594245915377,0.02707542784691414
2026-08-07,405,1.7073022404152787,1.6669426079922398,0.040359632423038964
2026-08-10,405,1.5697792840539957,1.5605965337384666,0.009182750315529292
