origin_trading_day,rows,baseline_loss,candidate_loss,loss_delta_baseline_minus_candidate
2020-05-06,463,0.7070790851570407,0.6998629759477655,0.007216109209275275
2020-05-07,466,0.8241697889678139,0.7946237708503092,0.029546018117504673
2020-05-08,474,0.6826436159373942,0.7077841533537116,-0.025140537416317468
2020-05-11,474,0.9575445392130458,0.95424142963196,0.0033031095810857622
2020-05-12,471,1.0474056521134647,0.9949420834188776,0.05246356869458709
2020-05-13,460,0.6937743443491653,0.6597810249767997,0.03399331937236569
2020-05-14,466,0.6090329563581225,0.6122960704688837,-0.0032631141107611525
2020-05-15,475,1.4977229576926088,1.5349876103636573,-0.037264652671048504
2020-05-18,467,0.6305223718967532,0.7137888769184958,-0.08326650502174254
2020-05-19,471,0.6586045891782308,0.6386637522366497,0.0199408369415812
2020-05-20,469,0.5610012168441265,0.5604581208948353,0.0005430959492913584
2020-05-21,469,0.4972160581719205,0.47264061490150955,0.024575443270410967
2020-05-22,472,1.114107540589552,1.118832137798719,-0.0047245972091670245
2020-05-26,474,0.836553805997165,0.7837238059338191,0.05283000006334594
2020-05-27,464,0.6533978859323395,0.6452376101326827,0.008160275799656934
2020-05-28,462,0.6457975995112726,0.6121987721248261,0.03359882738644651
2020-05-29,473,0.5824570815723966,0.6004019233732532,-0.017944841800856457
2020-06-01,473,0.6106405850965909,0.5902588867872378,0.02038169830935318
2020-06-02,474,0.853711904828376,0.8647452081081377,-0.011033303279761712
2020-06-03,465,0.6418059099537365,0.6312727174724496,0.010533192481286913
2020-06-04,476,1.0687132316225774,1.077006021652069,-0.008292790029491782
2020-06-05,476,0.8229986301447731,0.8306264521870836,-0.007627822042310472
2020-06-08,469,0.6578706788094597,0.6548370894970963,0.003033589312363516
2020-06-09,477,0.6460998308166366,0.6495000331272948,-0.0034002023106582666
2020-06-10,463,2.241697860049409,2.3034495700398225,-0.06175170999041415
2020-06-11,456,0.6471595960158274,0.628977447759484,0.018182148256343324
2020-06-12,472,0.7352165387761088,0.6538224794957239,0.08139405928038494
2020-06-15,476,0.6191487681433867,0.6049175744236854,0.014231193719701357
2020-06-16,479,0.5668478853142437,0.5306650539681523,0.03618283134609126
2020-06-17,477,0.43950409731590734,0.3997047368673089,0.039799360448598435
2020-06-18,473,0.5710809274293664,0.5808461684378438,-0.009765241008477348
2020-06-19,478,0.49817840387548595,0.5097543134045197,-0.011575909529033805
2020-06-22,478,0.39909605517869895,0.38311254593342725,0.015983509245271674
2020-06-23,478,1.1176969904720204,1.140328877866019,-0.022631887393998802
2020-06-24,476,0.5578565902330319,0.5277496526155929,0.030106937617439062
2020-06-25,476,0.7910039541532314,0.774524185562995,0.016479768590236567
2020-06-26,460,0.5979958782175219,0.6115154813207633,-0.013519603103241351
2020-06-29,470,0.49757687181052984,0.5001722107765301,-0.002595338966000315
2020-06-30,475,0.578424900330562,0.5689702101470582,0.009454690183503926
2020-07-01,473,0.4224421319721009,0.40062570743904274,0.02181642453305816
2020-07-02,476,0.503155732094756,0.4908883591495215,0.012267372945234417
2020-07-06,477,0.599037078918871,0.6178968531941414,-0.018859774275270427
2020-07-07,478,0.4872128557580704,0.4634128203326915,0.023800035425378938
2020-07-08,470,0.6864438320304992,0.6757219798360425,0.010721852194456713
2020-07-09,477,0.5249268128925278,0.5406197790191116,-0.015692966126583666
2020-07-10,479,0.5411049822307036,0.5573985113068155,-0.01629352907611188
2020-07-13,474,0.6018771053773584,0.6007247666072806,0.001152338770077748
2020-07-14,477,0.7106246041338147,0.7171373624430605,-0.006512758309245848
2020-07-15,475,0.39271451115491957,0.39921262457580386,-0.00649811342088431
2020-07-16,475,0.45433052509665134,0.44710290280901743,0.007227622287633896
2020-07-17,479,0.5468611389816904,0.5452716645785464,0.0015894744031441318
2020-07-20,477,0.473443722110839,0.46816050853588,0.005283213574959024
2020-07-21,477,0.4488907071917535,0.44367402128752065,0.005216685904232789
2020-07-22,475,0.43773162222564616,0.4352830924475431,0.0024485297781030283
2020-07-23,477,0.43730386557981776,0.43100338345244776,0.0063004821273700004
2020-07-24,478,0.5142276658548806,0.5081813744072574,0.00604629144762311
2020-07-27,476,0.5033707297288301,0.4971287317518064,0.006241997977023768
2020-07-28,479,0.6139899372820911,0.6121117552129278,0.0018781820691632198
2020-07-29,470,0.5387416268792874,0.5397091832692442,-0.0009675563899569022
2020-07-30,466,0.44390127735397583,0.4365259584298126,0.007375318924163178
2020-07-31,477,0.47836081173522904,0.4754498785251491,0.00291093321008005
2020-08-03,478,0.4592560470400447,0.45288979155706915,0.0063662554829755965
2020-08-04,479,0.5226838533355169,0.5122493351040026,0.010434518231514324
2020-08-05,471,0.49041525197301394,0.48407066453368947,0.006344587439324497
2020-08-06,470,0.5452802694156299,0.5396235031129724,0.005656766302657632
2020-08-07,476,0.58528630282016,0.5738523637100033,0.011433939110156645
2020-08-10,476,0.47819931784191383,0.48151854259052623,-0.0033192247486123674
2020-08-11,476,0.47179840119546285,0.47302868055214625,-0.0012302793566833557
2020-08-12,454,0.39543993802488275,0.38768827376598486,0.00775166425889792
2020-08-13,471,0.3114170317655503,0.2994579374223946,0.011959094343155662
2020-08-14,475,0.40429261900377444,0.40014338280783124,0.004149236195943243
2020-08-17,470,0.34773544508481136,0.34164966040369615,0.006085784681115168
2020-08-18,472,0.34122215425946606,0.3343064138638696,0.006915740395596473
2020-08-19,473,0.422299188121321,0.41659081801846093,0.005708370102860084
2020-08-20,474,0.32853722725909634,0.32331949301954,0.005217734239556385
2020-08-21,473,0.5240254730577049,0.5261168287207333,-0.002091355663028484
2020-08-24,477,0.31741504492561523,0.3201380867918751,-0.0027230418662599204
2020-08-25,477,0.4410267261950643,0.4387173886755837,0.0023093375194806077
2020-08-26,470,0.43194314253535376,0.4302213584899224,0.0017217840454313903
2020-08-27,468,0.40661459173328635,0.3951558660637087,0.011458725669577596
2020-08-28,462,0.4139949524335115,0.4185459908691382,-0.004551038435626673
2020-08-31,471,0.45163288005201757,0.4484125954505412,0.0032202846014763643
2020-09-01,473,0.6132285638842783,0.6077729419440867,0.005455621940191609
2020-09-02,465,0.9700691424792075,0.9782860872535285,-0.00821694477432107
2020-09-03,479,0.45116693075885683,0.4483805946708113,0.002786336088045553
2020-09-04,472,0.7678205493032468,0.753004427844837,0.014816121458409813
2020-09-08,471,0.5740577944889116,0.5727192804346213,0.0013385140542903266
2020-09-09,473,0.5320161001321678,0.5299613333333508,0.0020547667988170394
2020-09-10,476,0.4015562377925491,0.390676682511712,0.010879555280837111
2020-09-11,452,0.5587014121744123,0.5520212742830054,0.0066801378914068425
2020-09-14,472,0.4352991468675263,0.42721388462165466,0.008085262245871652
2020-09-15,475,0.45167204989720255,0.4465892393846704,0.005082810512532116
2020-09-16,477,0.407964266178202,0.4083806062203245,-0.00041634004212251133
2020-09-17,476,0.46162995102020515,0.4643886681863773,-0.002758717166172197
2020-09-18,478,0.8972135270263882,0.8767042541794231,0.02050927284696515
2020-09-21,479,0.4633836124703622,0.45828245119280964,0.005101161277552557
2020-09-22,478,0.7278989887744336,0.7269277913172288,0.0009711974572047083
2020-09-23,477,0.3823936877041802,0.37446596534998716,0.00792772235419308
2020-09-24,476,0.4712661241421354,0.4743892118698103,-0.0031230877276748835
2020-09-25,480,0.5579411237801125,0.553184993623581,0.004756130156531476
2020-09-28,460,0.37762642299240884,0.36987925615587935,0.007747166836529533
2020-09-29,471,0.3813037845124358,0.37387013813836595,0.007433646374069844
2020-09-30,474,0.44139803868976674,0.4425698531773994,-0.0011718144876326749
2020-10-01,477,0.46474247980747635,0.46366235414043466,0.0010801256670416968
2020-10-02,475,0.5873813925151498,0.5824994995230048,0.004881892992145078
2020-10-05,478,0.41503748745525587,0.418460559329235,-0.003423071873979129
2020-10-06,479,0.5373780754492771,0.53705996936387,0.00031810608540704967
2020-10-07,466,0.5000333050080286,0.4977438334986532,0.0022894715093753374
2020-10-08,478,0.36298301973508845,0.3619636046544054,0.0010194150806829708
2020-10-09,480,0.3787004342839106,0.3799761067365797,-0.0012756724526691388
2020-10-12,480,0.5069989886400788,0.5106106550603007,-0.003611666420221906
2020-10-13,476,0.318440220096511,0.3110583696278761,0.007381850468634978
2020-10-14,475,0.35985353590106434,0.35484298499049227,0.005010550910572042
2020-10-15,478,0.34822768389590786,0.3406360399106338,0.007591643985274068
2020-10-16,480,0.4877241394881733,0.48410305218124117,0.003621087306932096
2020-10-19,478,0.3537562351925456,0.35526042539499586,-0.0015041902024502166
2020-10-20,478,0.3916853437323801,0.38701205471809236,0.0046732890142877235
2020-10-21,476,0.636892709437953,0.632709911209192,0.00418279822876098
2020-10-22,479,0.3216013255738959,0.31835438529878474,0.0032469402751112127
2020-10-23,479,0.7639109467879103,0.77782558747769,-0.013914640689779696
2020-10-26,477,0.5706048858713537,0.564849101121791,0.005755784749562849
2020-10-27,480,1.089683160812768,1.0951386650151766,-0.005455504202408612
2020-10-28,471,0.5927973762442488,0.5902198753933745,0.0025775008508743496
2020-10-29,469,0.5316993478047682,0.521573011243003,0.010126336561765214
2020-10-30,479,0.7600837079987269,0.7374658953858456,0.022617812612881392
2020-11-02,478,0.763993369289621,0.7457827367464592,0.0182106325431618
2020-11-03,479,1.014486368358563,1.0240141302946715,-0.009527761936108405
2020-11-04,469,0.841612313310993,0.8284954102996746,0.013116903011318432
2020-11-05,473,0.5177123686253964,0.5105183082425734,0.007194060382823052
2020-11-06,471,2.48334692983852,2.506921172551024,-0.023574242712503742
2020-11-09,473,0.7752636235225652,0.7188490697765733,0.05641455374599191
2020-11-10,480,0.6034027597331943,0.5997432632871186,0.0036594964460756867
2020-11-11,462,0.5198408823913226,0.5042399513527487,0.015600931038573946
2020-11-12,468,0.7087292896497859,0.7070128824448298,0.0017164072049561082
2020-11-13,478,0.7732306042856137,0.7521610062870145,0.021069597998599105
2020-11-16,471,0.42036341473052824,0.40902244554434636,0.011340969186181927
2020-11-17,473,0.48356101560328824,0.4809003597112538,0.002660655892034426
2020-11-18,470,0.3904547813327276,0.37662610389689855,0.013828677435829016
2020-11-19,477,0.36377893749976276,0.36371970414688826,5.923335287455786e-05
2020-11-20,475,0.5936662230703783,0.5916556925539741,0.0020105305164041603
2020-11-23,475,0.7875684606586488,0.7835032830044556,0.004065177654193185
2020-11-24,476,0.37127103975074216,0.3692126997768403,0.002058339973901852
2020-11-25,467,0.34492933896888894,0.3377002456646275,0.007229093304261509
2020-11-27,465,0.529137610224012,0.5490952542133303,-0.019957643989318357
2020-11-30,469,0.4451154846459622,0.43816198966825337,0.006953494977708803
2020-12-01,475,0.4319834337784168,0.4256426135210833,0.006340820257333497
2020-12-02,463,0.41347438566502914,0.4040645203591176,0.009409865305911563
2020-12-03,476,0.5627730159419899,0.5576070076647522,0.005166008277237638
2020-12-04,480,0.38294224737145294,0.38355256690249917,-0.0006103195310462446
2020-12-07,475,0.3465473697717336,0.33719567111768745,0.0093516986540462
2020-12-08,473,0.43068504164748167,0.4337696700471818,-0.0030846283997001465
2020-12-09,471,0.40023124867765664,0.39453297473697363,0.0056982739406830464
2020-12-10,475,0.3485059846759469,0.34827722051511645,0.00022876416083048698
2020-12-11,458,0.4398932204647832,0.44364191395125324,-0.0037486934864700773
2020-12-14,473,0.49232692801747835,0.4876816066909361,0.0046453213265422585
2020-12-15,478,0.3458948333323116,0.3474936595102556,-0.0015988261779440465
2020-12-16,474,0.3817816886008496,0.3751603992129957,0.006621289387853818
2020-12-17,473,0.4075184007761635,0.4066874270571027,0.0008309737190608326
2020-12-18,478,0.3918028084122034,0.40080944724087525,-0.009006638828671873
2020-12-21,475,0.3993523209322008,0.39958753358223026,-0.000235212650029501
2020-12-22,479,0.37008102171620083,0.37238770043545594,-0.002306678719255138
2020-12-23,473,0.2452338693655116,0.23855352608236405,0.006680343283147522
2020-12-24,480,0.3515517579021539,0.34458476981985736,0.00696698808229653
2020-12-28,480,0.3066091718182519,0.29932937298521645,0.0072797988330354285
2020-12-29,462,0.2970356413224215,0.29304812633006344,0.00398751499235806
2020-12-30,469,0.3336665990920528,0.3288559479940979,0.004810651097954904
2020-12-31,475,0.6782015294593908,0.6881855637295549,-0.009984034270164095
2021-01-04,478,0.45610055783276604,0.45886712532883844,-0.002766567496072432
2021-01-05,479,0.9999815578215154,0.9868284486920428,0.0131531091294726
2021-01-06,468,0.5889115403768508,0.5736708940753174,0.015240646301533416
2021-01-07,476,0.3859272280064512,0.3808552558445367,0.0050719721619145045
2021-01-08,480,0.41339164858296074,0.4079754228885638,0.005416225694396941
2021-01-11,480,0.4978310911143285,0.4973595919622522,0.0004714991520763298
2021-01-12,478,0.4153546146941024,0.41334089328690765,0.002013721407194754
2021-01-13,475,0.48460717282157073,0.48225524324884467,0.002351929572726102
2021-01-14,478,0.45910150359513474,0.4610967214728299,-0.0019952178776951224
2021-01-15,475,0.4632132691302493,0.461427037626618,0.001786231503631281
2021-01-19,480,0.4549157536198311,0.4488230594007103,0.006092694219120765
2021-01-20,473,0.4282660644781564,0.4297215951269487,-0.0014555306487922962
2021-01-21,479,0.37053102214545475,0.36584532941874626,0.004685692726708472
2021-01-22,480,0.43434584694079686,0.43602493786382873,-0.001679090923031872
2021-01-25,479,0.5139456244618449,0.5084085440857578,0.005537080376087081
2021-01-26,480,1.0673387139840698,1.0677464817806828,-0.0004077677966130885
2021-01-27,474,0.7053401323303503,0.7167124482656749,-0.01137231593532458
2021-01-28,467,0.6532766089399279,0.6456359785674151,0.007640630372512914
2021-01-29,479,0.5694268459036431,0.5617897947641948,0.007637051139448445
2021-02-01,478,0.5893159390462422,0.5807449920666301,0.008570946979612155
2021-02-02,480,0.4764107184903026,0.46454938627709824,0.011861332213204352
2021-02-03,470,0.5647183339960415,0.5552451757909449,0.009473158205096652
2021-02-04,476,0.41600724150835555,0.4057620777682283,0.010245163740127222
2021-02-05,475,0.507566383706804,0.5055876283635373,0.0019787553432665875
2021-02-08,474,0.3549656114777108,0.35096514694981146,0.004000464527899336
2021-02-09,477,0.37352239332637177,0.36696537342426944,0.006557019902102395
2021-02-10,460,0.4454300680826448,0.4396788301933515,0.005751237889293334
2021-02-11,472,0.3777457748962122,0.36994293411706186,0.007802840779150362
2021-02-12,472,0.4716874732187646,0.47251165610533286,-0.0008241828865682854
2021-02-16,474,0.38136995324060347,0.37977499500448464,0.0015949582361188144
2021-02-17,472,0.4297187688472661,0.42730246997026566,0.0024162988770005034
2021-02-18,469,0.5375047855832819,0.5395156151742395,-0.0020108295909575767
2021-02-19,477,0.6637521888374719,0.661653529522217,0.0020986593152549646
2021-02-22,475,0.42166149399869574,0.41116205705664716,0.010499436942048563
2021-02-23,477,0.6367543341764639,0.6337150882877133,0.0030392458887505045
2021-02-24,464,0.7538160637661662,0.7710169046393149,-0.01720084087314875
2021-02-25,463,0.5417475712592701,0.5377271729613401,0.004020398297929925
2021-02-26,477,0.763801146195837,0.7410032367116123,0.022797909484224867
2021-03-01,477,0.39039046626443047,0.39346462608854954,-0.003074159824119076
2021-03-02,474,0.5738685685012036,0.57106987773726,0.002798690763943574
2021-03-03,468,0.6724169578977749,0.6731377647399001,-0.0007208068421250327
2021-03-04,471,0.786662879462301,0.7762777090779646,0.010385170384336305
2021-03-05,478,0.6322439057129087,0.6254444790365465,0.006799426676362103
2021-03-08,462,0.5933867073521255,0.5963702688916661,-0.0029835615395406552
2021-03-09,479,0.510756805390766,0.49366034557163446,0.017096459819131514
2021-03-10,467,0.4797548415670364,0.47130206317072093,0.008452778396315459
2021-03-11,456,0.4074946916496848,0.4028209814656089,0.004673710184075876
2021-03-12,472,0.4704982853994525,0.4661379079311578,0.004360377468294744
2021-03-15,470,0.4141518622009489,0.41784218212505303,-0.0036903199241040663
2021-03-16,478,0.41640661678577107,0.4136067500085745,0.002799866777196643
2021-03-17,476,0.6206996646689001,0.630109694451441,-0.009410029782540952
2021-03-18,477,0.4039941381017212,0.3980400766093273,0.005954061492393883
2021-03-19,481,0.3980133408800458,0.4032638322250621,-0.005250491345016287
2021-03-22,481,0.5994358894742139,0.6126583982415821,-0.013222508767368244
2021-03-23,479,0.46306489653743343,0.45682488380816516,0.006240012729268334
2021-03-24,478,0.4812030290179212,0.4756568831665596,0.005546145851361613
2021-03-25,480,0.73550929807587,0.7380923709693042,-0.00258307289343427
2021-03-26,482,0.41962985718355905,0.4198084310095944,-0.00017857382603536837
2021-03-29,463,0.37569178082382987,0.3654588300474826,0.010232950776347234
2021-03-30,471,0.3796758780866454,0.3768485539304535,0.002827324156191834
2021-03-31,479,0.4514389928305574,0.43774414303386694,0.013694849796690516
2021-04-01,476,0.41973569619787177,0.41919816228896073,0.0005375339089110659
2021-04-05,478,0.3017685402947389,0.29053417009996296,0.011234370194775887
2021-04-06,481,0.3038368875539674,0.3004184265686688,0.0034184609852986143
2021-04-07,471,0.3011571367575015,0.29316564197444256,0.007991494783058948
2021-04-08,479,0.30850967707783866,0.30330958710016853,0.005200089977670101
2021-04-09,481,0.27814346464680395,0.27097661743613527,0.00716684721066871
2021-04-12,482,0.33474552827061343,0.3336774920173914,0.0010680362532220228
2021-04-13,477,0.32776972698917783,0.3232720415378304,0.004497685451347442
2021-04-14,478,0.3931910588777655,0.39457322327842737,-0.0013821644006618628
2021-04-15,482,0.3092721005239575,0.30342485159723426,0.0058472489267232565
2021-04-16,482,0.3019750235992429,0.3001633976675969,0.0018116259316459378
2021-04-19,476,0.4822864433727093,0.4921573342984302,-0.009870890925720946
2021-04-20,481,0.4357139903282523,0.43033764035796385,0.005376349970288504
2021-04-21,478,0.3706862808788874,0.3705467509149469,0.00013952996394050787
2021-04-22,479,0.40527406186860176,0.3986956254240498,0.006578436444551953
2021-04-23,482,0.3346087333475033,0.32664811347107364,0.007960619876429638
2021-04-26,481,0.31739352411754723,0.30828089468035436,0.009112629437192897
2021-04-27,481,0.36176629970882973,0.35829633712536374,0.0034699625834660234
2021-04-28,474,0.44398737230225754,0.440379524311143,0.0036078479911144956
2021-04-29,471,0.44084494490902076,0.43978047989594615,0.0010644650130746376
2021-04-30,481,0.4036206140805928,0.3939159619451829,0.009704652135409884
2021-05-03,482,0.45787966001537933,0.45369548793134495,0.0041841720840343505
2021-05-04,481,0.4390334777930218,0.4319195299656162,0.0071139478274055866
2021-05-05,472,0.4665503428823137,0.4628982040773784,0.00365213880493524
2021-05-06,472,0.4225429285553409,0.41983076100008965,0.00271216755525127
2021-05-07,477,0.455869096231147,0.4548406727041755,0.001028423526971525
2021-05-10,479,0.48682784220019415,0.4811584309043213,0.005669411295872859
2021-05-11,477,0.8051260142069103,0.8086038470481703,-0.003477832841260075
2021-05-12,463,0.5209067116418894,0.5159076370049012,0.004999074636988187
2021-05-13,472,0.5417667419374458,0.5311438122332063,0.010622929704239465
2021-05-14,481,0.3436321435836099,0.32980619842402686,0.013825945159583025
2021-05-17,474,0.38380830760760787,0.3881180449209346,-0.004309737313326695
2021-05-18,475,0.35231478370283137,0.3527541887746039,-0.000439405071772518
2021-05-19,472,0.38620709682337373,0.3799307642674819,0.006276332555891813
2021-05-20,476,0.27617737419268396,0.27415009286636965,0.0020272813263143485
2021-05-21,476,0.31111749925348453,0.3095856923564049,0.0015318068970796182
2021-05-24,477,0.3179876361821583,0.3161996869802245,0.0017879492019338046
2021-05-25,479,0.27073909668257357,0.2700661461064275,0.0006729505761460647
2021-05-26,462,0.33426800213506924,0.331218152656701,0.003049849478368197
2021-05-27,464,0.2525202986028696,0.2580108828708522,-0.005490584267982602
2021-05-28,476,0.39562292216156103,0.39747014805222586,-0.0018472258906648124
2021-06-01,476,0.3108263120373945,0.31111991915418924,-0.0002936071167946947
2021-06-02,467,0.33068813738861946,0.33009522323128054,0.0005929141573389223
2021-06-03,481,0.3031412461168086,0.2999409544465083,0.0032002916703002707
2021-06-04,476,0.33976457412526073,0.33518596348065754,0.004578610644603142
2021-06-07,477,0.2874496015415152,0.28530673422489267,0.0021428673166225395
2021-06-08,475,0.3250262883358425,0.3247531772910409,0.0002731110448016224
2021-06-09,472,0.35937426136939765,0.35763872874345787,0.0017355326259397652
2021-06-10,479,0.25415605986612705,0.25559010575026186,-0.0014340458841348444
2021-06-11,458,0.3217672674244079,0.32478158525689066,-0.0030143178324827558
2021-06-14,474,0.2758723158341337,0.2743759135905273,0.0014964022436063647
2021-06-15,479,0.3363614462620342,0.3348488584809552,0.0015125877810789733
2021-06-16,479,0.5951991856524707,0.5865645595916362,0.00863462606083448
2021-06-17,479,0.587712172463537,0.5770095939999376,0.010702578463599476
2021-06-18,479,0.5852869845093954,0.5753401776730457,0.009946806836349622
2021-06-21,482,0.2759757997157153,0.26445088071136796,0.011524919004347359
2021-06-22,480,0.26603835423695965,0.26274448736161365,0.0032938668753459788
2021-06-23,475,0.31907059312507624,0.31222781413458517,0.006842778990491083
2021-06-24,478,0.3039294499145796,0.2964309538861404,0.007498496028439209
2021-06-25,481,0.40663771732458653,0.41296177969013775,-0.006324062365551269
2021-06-28,464,0.2808519874472414,0.27910683644683476,0.0017451510004066306
2021-06-29,473,0.26831198873023976,0.2653480523641927,0.002963936366047113
2021-06-30,474,0.29403970221241243,0.2920815518199472,0.001958150392465273
2021-07-01,476,0.23139288338203834,0.22891161159783646,0.0024812717842018807
2021-07-02,478,0.42615252369801976,0.43128351994972597,-0.005130996251706213
2021-07-06,481,0.33038173922308517,0.3312995056671903,-0.0009177664441051348
2021-07-07,475,0.40191430188342764,0.401509537081002,0.00040476480242565685
2021-07-08,478,0.48715899035860755,0.4916364118486358,-0.004477421490028282
2021-07-09,482,0.2582716635035898,0.2527580837459179,0.005513579757671922
2021-07-12,482,0.34623990404525856,0.34436644922666987,0.0018734548185887036
2021-07-13,475,0.30706937564105913,0.3068767610794673,0.0001926145615917373
2021-07-14,479,0.31423573123561305,0.3104604065207131,0.003775324714899912
2021-07-15,481,0.3940066597320201,0.39391253814533594,9.4121586684178e-05
2021-07-16,481,0.6646832752269243,0.6578574558850132,0.0068258193419111135
2021-07-19,477,0.6630474366412852,0.6663965686733669,-0.0033491320320818267
2021-07-20,481,0.49710508337629794,0.4880316856492408,0.009073397727057095
2021-07-21,478,0.35194509835501336,0.3477820936908802,0.004163004664133238
2021-07-22,480,0.35689762839827777,0.35404953278587425,0.00284809561240351
2021-07-23,479,0.31995071369685874,0.31322229005046853,0.0067284236463902095
2021-07-26,481,0.3354873757987407,0.33602119224908333,-0.0005338164503425814
2021-07-27,481,0.33304541115516034,0.3300161792753859,0.003029231879774428
2021-07-28,472,0.40457008999214594,0.4026495120846349,0.0019205779075110695
2021-07-29,469,0.3623675503407534,0.35986460527518727,0.0025029450655661384
2021-07-30,481,0.29564711492107426,0.2958167472309343,-0.00016963230986000107
2021-08-02,482,0.44669544344538403,0.444450227162985,0.0022452162823990607
2021-08-03,481,0.4349774961201952,0.42808251106308515,0.006894985057110022
2021-08-04,476,0.466502507888127,0.4628840061628213,0.0036185017253056997
2021-08-05,476,0.32667840725196506,0.3185446473043926,0.008133759947572488
2021-08-06,472,0.29934621028672687,0.2933010539098507,0.006045156376876214
2021-08-09,481,0.39476430111494965,0.39439768160778266,0.0003666195071669264
2021-08-10,477,0.34664631655142975,0.3472023016499292,-0.0005559850984994677
2021-08-11,460,0.2724036987737679,0.26970436401289977,0.00269933476086812
2021-08-12,473,0.27963397068627405,0.2787029942828792,0.0009309764033948607
2021-08-13,480,0.2956865605277578,0.2947677788369717,0.0009187816907862169
2021-08-16,472,0.3987249431716069,0.40206548396576597,-0.0033405407941590544
2021-08-17,476,0.4087858077758799,0.40785453060825866,0.000931277167621322
2021-08-18,471,0.3980800047555491,0.3942562867985905,0.0038237179569586776
2021-08-19,477,0.27822235687613506,0.28047179423924057,-0.0022494373631055486
2021-08-20,478,0.36855486335025095,0.3674593854654949,0.0010954778847561103
2021-08-23,480,0.35144279432824554,0.3524752567318559,-0.0010324624036103637
2021-08-24,478,0.2730195803263815,0.27097643277191324,0.002043147554468257
2021-08-25,477,0.33820528691247437,0.3344759315870276,0.003729355325446728
2021-08-26,477,0.36984630449947575,0.3703493868970742,-0.0005030823975984459
2021-08-27,472,0.3036085884715261,0.30124291546539,0.0023656730061360947
2021-08-30,459,0.26062066989130594,0.25739480831643335,0.003225861574872607
2021-08-31,479,0.2948830889135892,0.29527184078148905,-0.0003887518678998318
2021-09-01,466,0.3204147677923381,0.32040155969219275,1.3208100145255235e-05
2021-09-02,477,0.2479781565276126,0.24704458203276342,0.0009335744948491795
2021-09-03,476,0.3992144204117491,0.3988270557548803,0.0003873646568687868
2021-09-07,477,0.3659104496861333,0.36626500050587557,-0.00035455081974227176
2021-09-08,466,0.3444132083270732,0.3439428680634008,0.00047034026367240674
2021-09-09,479,0.3385842928729805,0.3420497036228223,-0.0034654107498417962
2021-09-10,479,0.38958303844907294,0.38714341138436575,0.0024396270647071175
2021-09-13,456,0.3827521017580868,0.3844004581101594,-0.0016483563520725663
2021-09-14,474,0.3859378970897843,0.383587069687594,0.0023508274021903663
2021-09-15,478,0.2876770370291823,0.2889133962018991,-0.0012363591727167804
2021-09-16,480,0.3896454367036191,0.38829791785504497,0.0013475188485741704
2021-09-17,480,0.5282499170172339,0.5280962023841718,0.00015371463306212255
2021-09-20,479,0.2808924440320163,0.2871506900290845,-0.006258245997068222
2021-09-21,481,0.4213557021673056,0.41960365256666815,0.001752049600637469
2021-09-22,476,0.4824012677743691,0.4819582902548391,0.0004429775195299586
2021-09-23,479,0.2627518690328237,0.2620497018325711,0.0007021672002526105
2021-09-24,480,0.49973903141077636,0.5062098055968604,-0.0064707741860839715
2021-09-27,481,0.5869589084983179,0.5841426236126143,0.002816284885703655
2021-09-28,461,0.3351241143607411,0.3343197577107997,0.0008043566499413293
2021-09-29,470,0.5289203329880018,0.5338663220525414,-0.004945989064539607
2021-09-30,481,0.47935792305520797,0.4797974713606836,-0.00043954830547564115
2021-10-01,477,0.47243847730826777,0.4654317895223428,0.00700668778592497
2021-10-04,479,0.3638581627024615,0.36478956517807587,-0.0009314024756143384
2021-10-05,482,0.30947891161214064,0.3081422333087581,0.001336678303382534
2021-10-06,471,0.35158948653717753,0.3488178855822303,0.002771600954947259
2021-10-07,481,0.3330181020443135,0.332597256761797,0.00042084528251652286
2021-10-08,483,0.32960001592052324,0.32852216655207384,0.0010778493684493757
2021-10-11,483,0.29182692495300677,0.2914849719344976,0.0003419530185091635
2021-10-12,480,0.3210569935975727,0.3220426316919523,-0.0009856380943795674
2021-10-13,474,0.5495666200502705,0.5455948326590515,0.003971787391219041
2021-10-14,482,0.3101783481613625,0.31007589185638956,0.00010245630497290912
2021-10-15,483,0.32538691309785905,0.32477106427369334,0.0006158488241656612
2021-10-18,482,0.32006423066069123,0.3200968427832551,-3.261212256383882e-05
2021-10-19,482,0.3635269868152091,0.36509288423158553,-0.001565897416376398
2021-10-20,477,0.3793228333823298,0.37736323424860096,0.0019595991337288564
2021-10-21,482,0.321572049938377,0.31893370609657334,0.002638343841803711
2021-10-22,482,0.2995274515992604,0.2994767319080415,5.071969121893066e-05
2021-10-25,482,0.33317512367152313,0.33166217195726244,0.0015129517142606329
2021-10-26,482,0.5979404596559413,0.601726953274165,-0.0037864936182236387
2021-10-27,474,0.49792142973645,0.4930785088394095,0.004842920897040441
2021-10-28,470,0.40106816565373515,0.3959763712856929,0.0050917943680422175
2021-10-29,480,0.45037001218001227,0.44423080710443935,0.00613920507557294
2021-11-01,481,0.4523819113254996,0.44737535566202796,0.005006555663471644
2021-11-02,483,0.4425636305107838,0.439841425065292,0.0027222054454917816
2021-11-03,473,0.5266462025580896,0.5206353520995358,0.006010850458553734
2021-11-04,479,0.5763863652713215,0.572938748821916,0.0034476164494054544
2021-11-05,481,0.400838483369022,0.3977446284306371,0.0030938549383848803
2021-11-08,473,0.3179600828441688,0.31422199780071236,0.0037380850434564853
2021-11-09,464,0.42823267902545037,0.42792967935929627,0.0003029996661540956
2021-11-10,483,0.3452499527925544,0.34347502335467855,0.0017749294378758482
2021-11-11,467,0.3267412113465678,0.32695119537799555,-0.00020998403142771772
2021-11-12,477,0.3374216177449816,0.3337190127742635,0.003702604970718103
2021-11-15,476,0.3678694866450944,0.36794194355479726,-7.245690970285731e-05
2021-11-16,477,0.35835235349431477,0.3546020527973791,0.0037503006969356704
2021-11-17,468,0.32219791124873165,0.3235144093387833,-0.0013164980900516195
2021-11-18,480,0.43789418036574723,0.4337784159340117,0.004115764431735578
2021-11-19,476,0.4278633589571312,0.42850937926882954,-0.0006460203116982925
2021-11-22,478,0.40175675293131635,0.4023701567120999,-0.0006134037807835462
2021-11-23,476,0.3124123076549717,0.31063346881376747,0.001778838841204232
2021-11-24,479,0.9657047485041539,0.9753359737911843,-0.009631225287030526
2021-11-26,473,0.45763326045147057,0.46187865525240684,-0.004245394800936236
2021-11-29,463,0.849454497671754,0.8509355057433845,-0.0014810080716305082
2021-11-30,477,0.552264246888371,0.5510509528173448,0.0012132940710259804
2021-12-01,465,0.7283451476787477,0.7207251897226764,0.007619957956071286
2021-12-02,480,0.4584801987200614,0.45446422344836024,0.004015975271701152
2021-12-03,479,0.5526611975169876,0.5496263853396868,0.0030348121773007926
2021-12-06,479,0.5828663946508951,0.5834460678279499,-0.0005796731770549305
2021-12-07,478,0.3267697696541718,0.3157590084702029,0.011010761183968988
2021-12-08,468,0.3893929351400664,0.3848528857276386,0.004540049412427801
2021-12-09,482,0.372726653362483,0.367784501543815,0.00494215181866805
2021-12-10,481,0.4956630579312332,0.49679331927934883,-0.0011302613481156511
2021-12-13,464,0.4061505235668433,0.4115331646082035,-0.0053826410413602204
2021-12-14,478,0.4815570173589557,0.48318238685700754,-0.0016253694980518638
2021-12-15,478,0.4987264578702505,0.4977605734448827,0.0009658844253677858
2021-12-16,479,0.52330826716069,0.5261150465658669,-0.0028067794051769455
2021-12-17,481,0.5056550925672886,0.5019783889525415,0.003676703614747066
2021-12-20,481,0.6861829723445465,0.6834572801437169,0.0027256922008295306
2021-12-21,479,0.33739679581328097,0.331066238119229,0.006330557694051987
2021-12-22,484,0.2745437643922604,0.2665204227800524,0.00802334161220805
2021-12-23,482,0.4147199564372626,0.41896194355623023,-0.004241987118967562
2021-12-27,485,0.24261639060501516,0.23224441731298429,0.010371973292030889
2021-12-28,484,0.23549321787866742,0.22790482539830637,0.007588392480361064
2021-12-29,468,0.22338453828213364,0.2180159719638075,0.005368566318326144
2021-12-30,474,0.21252378468149768,0.2057991066754267,0.0067246780060709966
2021-12-31,481,0.5725665317030145,0.5801448714593812,-0.007578339756366713
2022-01-03,482,0.5938299176070694,0.5903578743741187,0.0034720432329506438
2022-01-04,483,0.6990102118683922,0.6838048875016133,0.01520532436677894
2022-01-05,476,0.43288526555599566,0.4317704730441903,0.0011147925118054215
2022-01-06,478,0.512824144426409,0.5141114320507639,-0.0012872876243548825
2022-01-07,485,0.40548288483814066,0.40691850896978127,-0.0014356241316405953
2022-01-10,485,0.43306696081750834,0.43271299819578574,0.00035396262172262654
2022-01-11,484,0.31136280811449457,0.3090696409487537,0.00229316716574081
2022-01-12,478,0.5146047803195195,0.5107907349596775,0.003814045359841918
2022-01-13,482,0.4485004722857482,0.44399595774591805,0.004504514539830131
2022-01-14,482,0.5992002060869299,0.6016870774602318,-0.002486871373301903
2022-01-18,483,0.49100326826511587,0.4931593510795777,-0.0021560828144618323
2022-01-19,478,0.47803118778910786,0.47862194547485,-0.0005907576857421045
2022-01-20,484,0.6010785415204222,0.592953126753498,0.008125414766924164
2022-01-21,485,0.45776928729049804,0.4574441758498409,0.00032511144065710656
2022-01-24,484,0.6266176953317758,0.607578206996652,0.019039488335123714
2022-01-25,483,0.4724616770134205,0.4776194887657991,-0.005157811752378624
2022-01-26,484,0.5644196620248677,0.5605209096736412,0.0038987523512265896
2022-01-27,474,0.6975877538047398,0.6824501338373699,0.015137619967369969
2022-01-28,478,0.6638976855348132,0.6614576371072308,0.0024400484275825043
2022-01-31,484,0.44259689934795593,0.435834232167434,0.0067626671805219125
2022-02-01,483,0.4848752594501347,0.4832448988431036,0.0016303606070311154
2022-02-02,479,0.7198655021980102,0.7012272490585829,0.018638253139427314
2022-02-03,479,0.5064472186822752,0.5029653836266884,0.0034818350555868315
2022-02-04,480,0.3700142018071904,0.36727483031757974,0.0027393714896106727
2022-02-07,483,0.4645844556736429,0.46088519777652676,0.003699257897116136
2022-02-08,478,0.5748751834018847,0.5757704548168817,-0.0008952714149971176
2022-02-09,473,0.6289525411733135,0.6341708173235581,-0.005218276150244604
2022-02-10,477,0.6804498245827847,0.6694316465610172,0.011018178021767615
2022-02-11,478,0.39237766023677795,0.3858690391824965,0.006508621054281439
2022-02-14,479,0.607170580527828,0.6093508601867934,-0.002180279658965323
2022-02-15,482,0.37823862710961736,0.3657851167076961,0.01245351040192127
2022-02-16,469,0.7413105230079695,0.7444806189398689,-0.0031700959318994746
2022-02-17,477,0.3843148919119489,0.37223938483029073,0.012075507081658235
2022-02-18,482,0.46351793651304746,0.46419346909523956,-0.000675532582192134
2022-02-22,485,0.6600811733076463,0.663497513774624,-0.003416340466977655
2022-02-23,473,0.749453161196789,0.7504241222804825,-0.0009709610836936809
2022-02-24,472,0.9143368944581897,0.8930800400522908,0.021256854405898955
2022-02-25,471,0.532172358229261,0.5190186724394937,0.01315368578976726
2022-02-28,479,0.8032351121689113,0.8059691086572606,-0.0027339964883492636
2022-03-01,482,0.6948722376368929,0.6975856041690655,-0.002713366532172631
2022-03-02,475,0.5063720961199979,0.49926696355624745,0.0071051325637504605
2022-03-03,478,0.7308737588425096,0.7304189026043538,0.00045485623815573624
2022-03-04,481,1.2243396922557839,1.2280875454392532,-0.0037478531834692955
2022-03-07,481,0.7169943297179552,0.6988172596652079,0.018177070052747133
2022-03-08,469,0.9320951322838695,0.9244637283256049,0.007631403958264727
2022-03-09,471,0.494522842064333,0.45927002662725713,0.035252815437075855
2022-03-10,484,0.5082754636178021,0.49383209975296977,0.014443363864832281
2022-03-11,462,0.6303565302770304,0.6200211137240008,0.010335416553029707
2022-03-14,478,0.6136583258866418,0.6152671835300244,-0.0016088576433826505
2022-03-15,480,0.8556076595961382,0.8548422380073788,0.0007654215887593065
2022-03-16,480,0.4899612734231571,0.48128176580678556,0.008679507616371472
2022-03-17,484,0.41983929140305337,0.42998497755898824,-0.010145686155934893
2022-03-18,482,0.43082254325534075,0.42596163207924537,0.00486091117609536
2022-03-21,486,0.36292421694388693,0.36336933588941517,-0.00044511894552818395
2022-03-22,483,0.5558824813265282,0.5576779491265856,-0.0017954678000574912
2022-03-23,479,0.430555592178026,0.43063060146877896,-7.500929075296978e-05
2022-03-24,485,0.39330792509707857,0.3920461674630883,0.0012617576339902872
2022-03-25,485,0.36909276863629925,0.36630457621512263,0.0027881924211766076
2022-03-28,486,0.5599869224131558,0.5665978155341452,-0.006610893120989344
2022-03-29,466,0.4237331435735738,0.4202927866830486,0.003440356890525193
2022-03-30,476,0.5249111297093949,0.5245156746343758,0.0003954550750191492
2022-03-31,483,0.437371584726537,0.43261645483799305,0.004755129888543968
2022-04-01,482,0.3786557055307832,0.37643775498636967,0.002217950544413548
2022-04-04,481,0.5071078743848114,0.514861655981255,-0.007753781596443682
2022-04-05,485,0.5832087606772012,0.5789019879609772,0.004306772716223885
2022-04-06,476,0.40110032683771435,0.3972049066584227,0.0038954201792916233
2022-04-07,480,0.3958932905117743,0.3923534567697529,0.0035398337420213
2022-04-08,485,0.46133586842789703,0.4591273528400702,0.0022085155878268435
2022-04-11,484,0.3481305400595796,0.34698300518249964,0.0011475348770799579
2022-04-12,480,0.4238560431897391,0.4304320808240938,-0.006576037634354681
2022-04-13,487,0.4374416533768419,0.4330154759004851,0.004426177476356749
2022-04-14,488,0.3927546853169176,0.3884411575269883,0.004313527789929277
2022-04-18,485,0.6187335198144985,0.6179116887966262,0.0008218310178724294
2022-04-19,486,0.5159360699646849,0.5214339258086204,-0.005497855843935501
2022-04-20,482,0.6625054868848407,0.6524733032375103,0.010032183647330318
2022-04-21,487,1.0020048701032132,0.9827525547092746,0.019252315393938645
2022-04-22,486,0.4313187467537793,0.42795259113535394,0.0033661556184253847
2022-04-25,486,0.8337442516325925,0.8355662395646444,-0.0018219879320518957
2022-04-26,487,0.4676531735667506,0.46667649703712627,0.0009766765296243608
2022-04-27,480,0.7048090409225635,0.7055935582755526,-0.0007845173529891445
2022-04-28,477,1.01717270364193,1.0129565410307224,0.004216162611207718
2022-04-29,487,0.49167399686263963,0.4905644657215088,0.0011095311411308362
2022-05-02,488,0.513917189136739,0.5089310520022028,0.004986137134536184
2022-05-03,486,0.9436691973367249,0.9347697852826824,0.008899412054042433
2022-05-04,481,1.1110595560011975,1.0911166605702873,0.019942895430910376
2022-05-05,481,0.675099505390533,0.6507269740700267,0.02437253132050631
2022-05-06,480,1.2814915018719877,1.2704570779853794,0.01103442388660828
2022-05-09,486,0.5681563727888441,0.5582999509024666,0.009856421886377406
2022-05-10,483,0.6190350434098879,0.6147395422005583,0.004295501209329671
2022-05-11,470,0.5437089193325734,0.5395965599880613,0.004112359344512054
2022-05-12,473,0.7904807072707788,0.7713469049163004,0.019133802354478497
2022-05-13,485,0.43523838173776463,0.43573037161530015,-0.0004919898775355082
2022-05-16,481,0.6779380494990837,0.6831862845853026,-0.0052482350862190896
2022-05-17,480,1.4065554383128878,1.411560943438907,-0.0050055051260191425
2022-05-18,474,0.5511889336589316,0.5370102896383063,0.01417864402062537
2022-05-19,486,0.4969700152009768,0.491812248863524,0.005157766337452737
2022-05-20,482,0.5425182306708792,0.5381282708242214,0.004389959846657697
2022-05-23,481,0.6818314473714626,0.6623478852010121,0.019483562170450584
2022-05-24,486,0.46067194417087826,0.46467766671122296,-0.004005722540344712
2022-05-25,477,0.7299902208138227,0.7269643772723956,0.003025843541427083
2022-05-26,473,0.7475300184362191,0.7476002362119659,-7.021777574675884e-05
2022-05-27,471,0.44893584704987494,0.4402951994846029,0.00864064756527202
2022-05-31,483,0.5096231886083401,0.4987257821413456,0.010897406466994459
2022-06-01,472,0.6472963535690713,0.6477788573419078,-0.0004825037728364698
2022-06-02,484,0.4779348773386472,0.4737769118689312,0.004157965469715983
2022-06-03,485,0.335292412988729,0.32451562403757006,0.010776788951158956
2022-06-06,482,0.36575728793475726,0.3646360074200586,0.00112128051469863
2022-06-07,483,0.5537324833696564,0.5515884404921101,0.0021440428775463963
2022-06-08,471,0.7753306722452157,0.7837006687858251,-0.008369996540609428
2022-06-09,486,0.99569987086539,0.982462018575269,0.013237852290120995
2022-06-10,485,1.475876127782086,1.4730015474593539,0.0028745803227322245
2022-06-13,463,0.5650022198919987,0.559548596064462,0.005453623827536778
2022-06-14,483,0.49178906109971027,0.4912490295341599,0.0005400315655504115
2022-06-15,481,1.1995188256252247,1.2192100403752442,-0.019691214750019382
2022-06-16,484,0.5581234151927619,0.5484715733703988,0.009651841822363161
2022-06-17,485,0.6566201179276941,0.6307637501979508,0.025856367729743306
2022-06-21,486,0.4324127029422551,0.427143195356026,0.005269507586229092
2022-06-22,483,0.6452439948575934,0.6465309867719733,-0.001286991914379838
2022-06-23,484,0.9911683176705158,0.9925204205588711,-0.0013521028883552867
2022-06-24,486,0.39915627546441024,0.39784461192364506,0.0013116635407651885
2022-06-27,488,0.6717856487063064,0.6536272128503253,0.01815843585598106
2022-06-28,470,0.4821212252005175,0.47144355640498187,0.010677668795535621
2022-06-29,473,0.46738256571131886,0.4505821554404521,0.016800410270866702
2022-06-30,484,0.5250086876717498,0.5197869414705718,0.005221746201178054
2022-07-01,483,0.6171109222181408,0.6197675001069951,-0.0026565778888542812
2022-07-05,485,0.3914343188733034,0.40085856204212894,-0.009424243168825546
2022-07-06,481,0.5015937196934237,0.5086632614509672,-0.007069541757543479
2022-07-07,482,0.31879714602314596,0.3109246215656366,0.007872524457509335
2022-07-08,487,0.44176884819091844,0.4319077346169015,0.009861113574016925
2022-07-11,487,0.45207479655513677,0.44960378953997715,0.00247100701515964
2022-07-12,487,0.37396045542630174,0.37064992019598847,0.0033105352303133126
2022-07-13,482,0.46611850819594264,0.4634277578358981,0.002690750360044555
2022-07-14,487,0.591924450173116,0.5893698665397555,0.002554583633360407
2022-07-15,486,0.40824842190318683,0.4072937668058452,0.0009546550973416352
2022-07-18,484,0.9075707074036528,0.8920764545008694,0.015494252902783272
2022-07-19,486,0.4737452532956443,0.4723979445567484,0.0013473087388959494
2022-07-20,482,0.4810781441131651,0.48132442008061405,-0.00024627596744898123
2022-07-21,487,0.4411486668671376,0.429023492535929,0.012125174331208627
2022-07-22,488,0.38428368043974137,0.3780307283073714,0.006252952132369971
2022-07-25,485,0.5227809881291908,0.5218452157597832,0.0009357723694076668
2022-07-26,487,0.7156813672545643,0.7146148341671428,0.0010665330874216185
2022-07-27,479,0.7574067539767131,0.7417511436173252,0.01565561035938798
2022-07-28,474,0.5426295029426945,0.5418646083820163,0.000764894560678116
2022-07-29,488,0.372200059288307,0.3647441474140248,0.007455911874282246
2022-08-01,489,0.48111391460586783,0.47090249624613717,0.01021141835973064
2022-08-02,487,0.5628950554759372,0.556572745936274,0.006322309539663019
2022-08-03,483,0.46759500005860133,0.46055078193147314,0.007044218127128255
2022-08-04,483,0.4141991249516072,0.4098776304386689,0.004321494512938308
2022-08-05,484,0.3509385403210611,0.34745387800735794,0.0034846623137031814
2022-08-08,483,0.5342626479345112,0.5260974942758985,0.008165153658612614
2022-08-09,485,0.7639953342553727,0.7693027458464367,-0.005307411591063878
2022-08-10,473,0.38834299341966133,0.3834976044718159,0.004845388947845392
2022-08-11,473,0.4900954698200688,0.4944944275135232,-0.004398957693454361
2022-08-12,487,0.2975905769258494,0.29271176655420583,0.00487881037164353
2022-08-15,479,0.3150428617839448,0.3081310708197318,0.0069117909642130125
2022-08-16,480,0.41980460381222945,0.41333569800651143,0.006468905805717981
2022-08-17,475,0.34554513350956617,0.3405611924768063,0.004983941032759918
2022-08-18,485,0.5509208809681033,0.5531307188311464,-0.0022098378630430716
2022-08-19,485,0.715954097618333,0.7186302181488606,-0.0026761205305277716
2022-08-22,486,0.3739239287462173,0.37194621187463883,0.0019777168715785372
2022-08-23,485,0.28599817600692423,0.2844742569002392,0.0015239191066850068
2022-08-24,484,0.46272254736202795,0.46241347883640344,0.00030906852562445104
2022-08-25,484,1.156996737067985,1.1591677756772691,-0.0021710386092843735
2022-08-26,485,0.38549308195125936,0.36468182789976855,0.02081125405149083
2022-08-29,474,0.4465453325710496,0.4416349486504097,0.004910383920639937
2022-08-30,472,0.356201603802196,0.3553547399464272,0.0008468638557688262
2022-08-31,475,0.4415088404902973,0.4344371892045586,0.0070716512857386905
2022-09-01,484,0.40821638893557227,0.4066866668642959,0.001529722071276373
2022-09-02,481,0.3782155654953755,0.38464279262476303,-0.006427227129387541
2022-09-06,484,0.6792976222293852,0.6625594642737436,0.016738157955641625
2022-09-07,471,0.4059120645100872,0.41101621917480813,-0.005104154664720904
2022-09-08,485,0.4580573678300017,0.457325257265337,0.0007321105646647105
2022-09-09,489,0.3540539336427925,0.3614737849066723,-0.007419851263879842
2022-09-12,483,1.45641566104575,1.432434924670067,0.023980736375682946
2022-09-13,466,0.4522487297116716,0.4482997852013484,0.0039489445103232535
2022-09-14,477,0.5076742816576657,0.5089314472059286,-0.0012571655482628648
2022-09-15,487,0.5354235265219784,0.5302020189436967,0.005221507578281733
2022-09-16,486,0.3942180642351021,0.39999296101282705,-0.005774896777724984
2022-09-19,486,0.5644124964242625,0.5510369461828295,0.013375550241432927
2022-09-20,485,0.5677645069784683,0.5621914937064248,0.005573013272043451
2022-09-21,486,0.6323122186981669,0.6148414359753784,0.017470782722788396
2022-09-22,485,0.684523111239296,0.6836004307063304,0.0009226805329656204
2022-09-23,488,0.5649019609328568,0.5658003717382599,-0.000898410805403143
2022-09-26,488,0.4039996158410407,0.41824186030866983,-0.014242244467629107
2022-09-27,488,0.7152023561393329,0.7070252193025157,0.008177136836817162
2022-09-28,465,0.6898067778889354,0.6739084242614705,0.015898353627465004
2022-09-29,480,0.5290364144264899,0.5220017687486901,0.007034645677799816
2022-09-30,486,0.8843434732198007,0.8655719716066725,0.018771501613128
2022-10-03,486,1.151297176767574,1.1401571917591597,0.011139985008414103
2022-10-04,487,0.38341527235934,0.3744160345729976,0.008999237786342361
2022-10-05,475,0.5206403327803392,0.5055869578230825,0.015053374957256675
2022-10-06,485,0.8931764297525718,0.8873867067870559,0.005789722965515906
2022-10-07,489,0.48711295628666523,0.4815262453696945,0.00558671091697072
2022-10-10,488,0.4794874826792647,0.47085501209015534,0.008632470589109355
2022-10-11,487,0.4645861623284216,0.46905624679206626,-0.004470084463644585
2022-10-12,483,0.7353715899039492,0.7302726978724096,0.005098892031539721
2022-10-13,486,0.8181665832429853,0.7749163961952855,0.0432501870476998
2022-10-14,488,0.7011145659146399,0.702746128259612,-0.0016315623449719631
2022-10-17,487,0.48128855011380656,0.48245758270125344,-0.0011690325874469463
2022-10-18,489,0.612153191913189,0.6047008634961621,0.007452328417026813
2022-10-19,482,0.5589429163899716,0.5570654911118882,0.0018774252780834361
2022-10-20,488,0.7583793688271526,0.7558154752695239,0.0025638935576288544
2022-10-21,489,0.4700057028066524,0.46846967631202485,0.0015360264946274482
2022-10-24,488,0.7234519349470598,0.7143050336993828,0.009146901247677029
2022-10-25,487,0.48065219871167736,0.4751764685916153,0.005475730120062096
2022-10-26,486,0.5077783336985101,0.49944283041554305,0.008335503282967114
2022-10-27,481,0.8371978779450512,0.8310478732466483,0.006150004698402956
2022-10-28,479,0.39114298858175095,0.38410170767860347,0.0070412809031474835
2022-10-31,487,0.4386043682263174,0.4330266104932593,0.005577757733058081
2022-11-01,489,0.9079112002248477,0.9034605627119285,0.004450637512919041
2022-11-02,482,0.6510977139928287,0.6383200933555884,0.012777620637240346
2022-11-03,481,0.7521684122870356,0.7470050347474605,0.005163377539575081
2022-11-04,486,0.5118442463753371,0.4986620266122774,0.013182219763059803
2022-11-07,486,0.4633529094493612,0.4526081087604228,0.01074480068893847
2022-11-08,471,0.7267384417406771,0.7190262725489447,0.007712169191732464
2022-11-09,477,2.186977112928137,2.2147656233691997,-0.027788510441063115
2022-11-10,489,0.8251249268186185,0.7921197872759362,0.033005139542682166
2022-11-11,474,0.5257503963851973,0.5231906233077591,0.002559773077438168
2022-11-14,482,0.5023390927697151,0.5024022036797119,-6.311090999669284e-05
2022-11-15,479,0.5538715567216567,0.5493019356272368,0.0045696210944198325
2022-11-16,474,0.4356546965352539,0.4277874806740828,0.007867215861171147
2022-11-17,485,0.40349496633829307,0.3964633088006509,0.007031657537642159
2022-11-18,483,0.40415858686889305,0.39403231293865504,0.010126273930238046
2022-11-21,482,0.46288204701179037,0.46388462026724014,-0.0010025732554498122
2022-11-22,483,0.3182828699242408,0.3134155045065212,0.00486736541771958
2022-11-23,483,0.26313191973036104,0.2509449013788193,0.012187018351541727
2022-11-25,488,0.5708180258097297,0.5775706773097293,-0.00675265149999956
2022-11-28,479,0.3493069347201736,0.34356493975694313,0.005741994963230459
2022-11-29,466,0.8322898607010528,0.8516756072723927,-0.01938574657133986
2022-11-30,473,0.382974130022483,0.3968951667735902,-0.013921036751107257
2022-12-01,485,0.35002669996979924,0.3422064085978979,0.007820291371901359
2022-12-02,487,0.6578507817692859,0.6546576592213204,0.003193122547965558
2022-12-05,483,0.5134786555723153,0.500885134273219,0.012593521299096334
2022-12-06,485,0.4322441805609766,0.4231018328350853,0.00914234772589136
2022-12-07,473,0.40998832080009684,0.41502822783619664,-0.005039907036099788
2022-12-08,486,0.3931454701874856,0.3890785055841768,0.0040669646033087955
2022-12-09,488,0.458119858946971,0.45635985883411057,0.0017600001128604645
2022-12-12,482,0.4644344546436944,0.4670091366993491,-0.002574682055654701
2022-12-13,470,0.37748978834783903,0.3869734940229965,-0.0094837056751575
2022-12-14,477,0.8003992659695479,0.7878783174174062,0.01252094855214174
2022-12-15,482,0.4498673039683197,0.44701656460477146,0.002850739363548245
2022-12-16,484,0.4057419611156799,0.41201749893187595,-0.006275537816196012
2022-12-19,486,0.3203716454386983,0.31814512761172614,0.002226517826972185
2022-12-20,484,0.4580105830964316,0.4559120182114674,0.0020985648849642146
2022-12-21,489,0.45251696024496035,0.44374224529932693,0.008774714945633396
2022-12-22,487,0.3029389286751827,0.30679876472061324,-0.0038598360454305636
2022-12-23,486,0.3211111659810221,0.31326543156757586,0.007845734413446253
2022-12-27,488,0.4639017798148962,0.460282592658199,0.003619187156697288
2022-12-28,469,0.5021355113938353,0.5029282461571551,-0.0007927347633197862
2022-12-29,475,0.2821622837908137,0.27493366534529406,0.007228618445519646
2022-12-30,488,0.4015147886594938,0.4029686474265351,-0.001453858767041265
2023-01-03,486,0.5365246082610947,0.5387009082389826,-0.00217629997788799
2023-01-04,480,0.5585263793602383,0.5529709193778206,0.005555459982417663
2023-01-05,486,0.8079561551232186,0.8072722043728093,0.000683950750409276
2023-01-06,482,0.452517552956945,0.45605067122712634,-0.00353311827018136
2023-01-09,489,0.39036909773097744,0.3934816801190792,-0.0031125823881017825
2023-01-10,488,0.4884937132313363,0.49688676238477264,-0.008393049153436406
2023-01-11,483,0.41603690961882395,0.4158926395849873,0.00014427003383661035
2023-01-12,485,0.3098919849759766,0.3126444259082967,-0.0027524409323201274
2023-01-13,488,0.34365614369397324,0.3461999176923389,-0.0025437739983656922
2023-01-17,489,0.5489040546333257,0.5462115219976733,0.002692532635652492
2023-01-18,481,0.49731769192506337,0.4969714401070422,0.0003462518180212069
2023-01-19,485,0.5715644630527789,0.5615334327495825,0.010031030303196374
2023-01-20,490,0.5001290308926598,0.5006556991588814,-0.00052666826622157
2023-01-23,486,0.35253474826087866,0.3515483539767246,0.000986394284154062
2023-01-24,489,0.3727789094129309,0.3712279338985406,0.0015509755143902663
2023-01-25,488,0.4501309653746057,0.4483480166777679,0.001782948696837766
2023-01-26,489,0.4190144945232541,0.41588353047758797,0.003130964045666168
2023-01-27,483,0.4359737343212275,0.434742472187441,0.0012312621337864662
2023-01-30,483,0.555396200813289,0.5541889810854012,0.0012072197278879117
2023-01-31,489,0.5666889170319682,0.5684064280222325,-0.0017175109902642124
2023-02-01,486,0.7603114667586034,0.7500388533245955,0.010272613434007986
2023-02-02,485,0.5322578234060413,0.5226716775883878,0.009586145817653489
2023-02-03,484,0.4012324341088387,0.4007147999099785,0.0005176341988602385
2023-02-06,487,0.4427124663652507,0.43865201929706094,0.0040604470681897395
2023-02-07,484,0.45606786444526426,0.4541798448206205,0.0018880196246437637
2023-02-08,476,0.49274390023637665,0.49191405710036035,0.0008298431360163017
2023-02-09,484,0.46970987975175854,0.4697791206076829,-6.924085592436908e-05
2023-02-10,484,0.402269944973357,0.39696431340837834,0.005305631564978645
2023-02-13,479,0.3834743925444194,0.37759089731962214,0.005883495224797306
2023-02-14,484,0.4393146199688898,0.43320463645478546,0.006109983514104279
2023-02-15,476,0.46235005689984515,0.4559801796147303,0.0063698772851147585
2023-02-16,480,0.38427384252392044,0.37857448492995777,0.005699357593962661
2023-02-17,486,0.7218714365545691,0.7195230786572411,0.002348357897328047
2023-02-21,486,0.32688446462525317,0.32267713771461126,0.004207326910641872
2023-02-22,477,0.38546247232902814,0.37983849386534163,0.005623978463686534
2023-02-23,483,0.4523708002451159,0.44632673848985494,0.0060440617552609335
2023-02-24,475,0.2883875228577691,0.28452299286245164,0.003864529995317447
2023-02-27,474,0.33869700310087875,0.33407588974028635,0.004621113360592373
2023-02-28,486,0.37689085458223837,0.37470333875224837,0.002187515829989993
2023-03-01,479,0.40564017352684895,0.4028619927478855,0.002778180778963461
2023-03-02,483,0.422758479114307,0.4240923137255858,-0.0013338346112788102
2023-03-03,485,0.3280499960459828,0.32613499205615876,0.0019150039898239628
2023-03-06,483,0.5471142437944658,0.5431267805196303,0.003987463274835617
2023-03-07,484,0.3237719657661727,0.3226552356296272,0.001116730136545476
2023-03-08,467,0.6914484735626237,0.6886186649054495,0.00282980865717421
2023-03-09,486,0.7106224700482963,0.6998970273164025,0.010725442731893731
2023-03-10,488,0.6550234312717338,0.651217666999855,0.003805764271878845
2023-03-13,462,0.5153906132757509,0.5104504054712711,0.00494020780447985
2023-03-14,488,0.66116845997072,0.6629815979114737,-0.0018131379407536506
2023-03-15,475,0.5192645132030066,0.5146062462750868,0.004658266927919871
2023-03-16,485,0.5523063525327474,0.5558422086003645,-0.0035358560676169975
2023-03-17,488,0.4734489048921505,0.4663955999525516,0.007053304939598972
2023-03-20,486,0.5807792047954407,0.5718915047129002,0.008887700082540365
2023-03-21,487,0.6584834096198522,0.6684663631649826,-0.009982953545130454
2023-03-22,487,0.4255756568255729,0.42277223128182145,0.002803425543751459
2023-03-23,489,0.44906246038956865,0.4453303301341743,0.003732130255394382
2023-03-24,490,0.356024755051933,0.35517797927997224,0.0008467757719607268
2023-03-27,488,0.30900397053694206,0.3069670601988061,0.002036910338135921
2023-03-28,490,0.4576887267923757,0.45940484422473415,-0.0017161174323584581
2023-03-29,468,0.27279102290405877,0.2685639566464544,0.0042270662576043795
2023-03-30,482,0.47097238249707146,0.4740525113067639,-0.0030801288096923714
2023-03-31,489,0.371613076659452,0.37012843470759244,0.0014846419518595422
2023-04-03,486,0.4767973313153303,0.47457211011221295,0.0022252212031174273
2023-04-04,482,0.47410113345366506,0.47077525321544067,0.0033258802382244348
2023-04-05,479,0.30620750319092,0.30540329359817314,0.0008042095927469152
2023-04-06,488,0.3311325714863313,0.32810594890231787,0.003026622584013465
2023-04-10,490,0.29907947106085553,0.29635284101457426,0.002726630046281349
2023-04-11,489,0.3299941049641061,0.322629901797122,0.007364203166984087
2023-04-12,482,0.33441685383526726,0.3343157579627471,0.00010109587252012913
2023-04-13,488,0.3137893548601995,0.31309962568356725,0.0006897291766322859
2023-04-14,489,0.3483000645887284,0.3452510126308562,0.0030490519578722374
2023-04-17,490,0.27216476187080185,0.27145075877876423,0.0007140030920376113
2023-04-18,490,0.3660588948240067,0.36245915591861694,0.0035997389053898285
2023-04-19,482,0.40315366627986426,0.39652904612810047,0.0066246201517638215
2023-04-20,489,0.30279271262303437,0.3028710839395198,-7.837131648546198e-05
2023-04-21,489,0.27510657474111755,0.27597519348633154,-0.0008686187452139786
2023-04-24,485,0.6766072431527571,0.6778695907946016,-0.0012623476418444862
2023-04-25,489,0.4942302057136393,0.4896212485752794,0.004608957138359945
2023-04-26,485,0.6968444573476362,0.6811068163093661,0.015737641038270148
2023-04-27,478,0.44299040481232477,0.4352172275367959,0.007773177275528923
2023-04-28,489,0.3593898705410301,0.35285335554496416,0.006536514996065954
2023-05-01,488,0.6171081799717575,0.6179664237495217,-0.000858243777764264
2023-05-02,488,0.4900267610904088,0.48031986096269486,0.009706900127713991
2023-05-03,481,0.5529139792077845,0.5485297324156168,0.004384246792167659
2023-05-04,484,0.6075868862130598,0.5984615086746522,0.009125377538407638
2023-05-05,487,0.3660565615995916,0.3563964285268811,0.009660133072710532
2023-05-08,483,0.3728148941789392,0.36633797996241724,0.006476914216521934
2023-05-09,486,0.36934841316816336,0.36352997159495465,0.00581844157320879
2023-05-10,475,0.39344870789464087,0.3891239545225,0.004324753372140889
2023-05-11,476,0.338180409178929,0.3317123077897886,0.006468101389140391
2023-05-12,487,0.3975765848349571,0.39621923790591085,0.001357346929046262
2023-05-15,484,0.5151910735018052,0.5128327721316059,0.0023583013701991727
2023-05-16,483,0.5181418996244072,0.5198146333546194,-0.0016727337302122713
2023-05-17,476,0.42637690045092946,0.4265158954302989,-0.00013899497936940548
2023-05-18,484,0.29040441504691666,0.2908379051254934,-0.000433490078576743
2023-05-19,485,0.33458364629146164,0.33673722910445414,-0.002153582812992497
2023-05-22,484,0.49809004854356165,0.49927259901703247,-0.0011825504734708251
2023-05-23,487,0.43679527903874565,0.4344330685219476,0.0023622105167980453
2023-05-24,480,0.5839484605618978,0.580863098056341,0.0030853625055568272
2023-05-25,479,0.5218614506596215,0.5190341246578428,0.0028273260017786764
2023-05-26,480,0.3646179378487328,0.36228845092533174,0.002329486923401055
2023-05-30,471,0.4746976100507519,0.4756908202857649,-0.0009932102350130225
2023-05-31,474,0.4647754980023633,0.4657726856752699,-0.0009971876729066207
2023-06-01,486,0.73704092972938,0.7271322735159542,0.009908656213425768
2023-06-02,488,0.33128007107023383,0.33157713415086254,-0.000297063080628779
2023-06-05,485,0.42303609667869024,0.4223603229805358,0.0006757736981544664
2023-06-06,485,0.5234890414521726,0.5249073259583484,-0.0014182845061759702
2023-06-07,474,0.37054241529617726,0.363878310733226,0.006664104562951262
2023-06-08,487,0.289424595879086,0.2867518611984797,0.002672734680606232
2023-06-09,490,0.3946785247392533,0.39590141055799777,-0.0012228858187444459
2023-06-12,483,0.3808782422162446,0.38081400074308314,6.424147316149494e-05
2023-06-13,466,0.3926037322908701,0.387752843064275,0.004850889226595159
2023-06-14,476,0.4327549552141356,0.433777824233379,-0.0010228690192434075
2023-06-15,485,0.2965031115593519,0.2948331882642804,0.0016699232950714998
2023-06-16,487,0.39706448521707627,0.3992383012905664,-0.0021738160734901544
2023-06-20,487,0.3340302443136774,0.3295222777271081,0.004507966586569291
2023-06-21,486,0.3341812668405922,0.33096281315139586,0.0032184536891963567
2023-06-22,487,0.3561105426973146,0.3557829067064357,0.0003276359908789436
2023-06-23,489,0.3700230139309945,0.36803473858694397,0.001988275344050541
2023-06-26,490,0.4823852204088986,0.48749068186516287,-0.0051054614562642455
2023-06-27,490,0.3348175581391713,0.33237087691228806,0.002446681226883275
2023-06-28,469,0.34000309218923247,0.3399625899437524,4.0502245480094266e-05
2023-06-29,481,0.3178207235185984,0.3180117962071291,-0.0001910726885306831
2023-06-30,485,0.30532513915153575,0.3013229474192317,0.004002191732304056
2023-07-03,487,0.32920737499717606,0.32861411270506896,0.0005932622921071526
2023-07-05,481,0.34324866828739864,0.3426680791083108,0.0005805891790878217
2023-07-06,481,0.3466585799107259,0.3470693893790257,-0.00041080946829979975
2023-07-07,487,0.41898706136089914,0.4216923994709393,-0.0027053381100401695
2023-07-10,489,0.410705871162194,0.41196303535843676,-0.0012571641962427359
2023-07-11,488,0.34676190753509234,0.34827512697897006,-0.0015132194438777344
2023-07-12,485,0.36698884936491055,0.36703380464972485,-4.495528481430543e-05
2023-07-13,486,0.39029393255725575,0.3884313955662916,0.0018625369909641574
2023-07-14,490,0.3624954543776684,0.359743114130663,0.002752340247005421
2023-07-17,490,0.36937439431017843,0.36871367882151507,0.0006607154886633853
2023-07-18,488,0.4101528837202346,0.4054070387150157,0.004745845005218959
2023-07-19,482,0.5276789662401739,0.5265416690279198,0.0011372972122541299
2023-07-20,490,0.308504411206102,0.3043328839392181,0.0041715272668838696
2023-07-21,488,0.27709705686122105,0.2777562910819933,-0.0006592342207722217
2023-07-24,488,0.35826633254415385,0.35541048329832337,0.0028558492458304443
2023-07-25,487,0.38483600189683154,0.38025549600309494,0.004580505893736653
2023-07-26,487,0.600951695034642,0.5983096093433876,0.002642085691254274
2023-07-27,480,0.4079561042250684,0.40494329269508633,0.0030128115299820958
2023-07-28,482,0.31440636612402445,0.31045264936716177,0.003953716756862593
2023-07-31,489,0.38472282671128877,0.38180116748697795,0.002921659224310787
2023-08-01,489,0.5501865840959901,0.5472909174877485,0.0028956666082416566
2023-08-02,485,0.4826730234542555,0.47532244530942575,0.007350578144829746
2023-08-03,482,0.4752246709517432,0.46886975674300246,0.006354914208740711
2023-08-04,484,0.3864978372103172,0.3787083287757675,0.007789508434549729
2023-08-07,486,0.427047908839513,0.41910414994164613,0.00794375889786686
2023-08-08,482,0.4047311893665362,0.39750947583074886,0.007221713535787351
2023-08-09,478,0.32553765637161,0.3195091919069641,0.006028464464645849
2023-08-10,483,0.3087975534088569,0.30604726365593293,0.002750289752923913
2023-08-11,480,0.3116288359183334,0.30747289284330837,0.004155943075025036
2023-08-14,483,0.4539085735048378,0.44915707596861354,0.004751497536224313
2023-08-15,481,0.3896673982107331,0.38772190917660265,0.001945489034130431
2023-08-16,475,0.42711548105981556,0.4233034454112056,0.0038120356486099
2023-08-17,483,0.2767402878188699,0.2796920060222022,-0.0029517182033323196
2023-08-18,487,0.31959132378260957,0.3199359745001697,-0.0003446507175601356
2023-08-21,485,0.3159252277855884,0.31344189850579945,0.0024833292797889926
2023-08-22,487,0.3617628145079286,0.3585671515228741,0.0031956629850544505
2023-08-23,485,0.4130889965099543,0.409365043440645,0.003723953069309316
2023-08-24,483,0.2993701994878673,0.29931651637937295,5.368310849428239e-05
2023-08-25,487,0.28689920765378557,0.2881737281817957,-0.0012745205280101546
2023-08-28,487,0.3944990323021102,0.39156539851487776,0.0029336337872324057
2023-08-29,476,0.25901037400559,0.2594447105808822,-0.00043433657529215317
2023-08-30,462,0.34113978818176954,0.3393612767378745,0.0017785114438950602
2023-08-31,483,0.36240398617153685,0.36378469053494317,-0.0013807043634062894
2023-09-01,482,0.4932399070647924,0.4878803418566437,0.005359565208148738
2023-09-05,484,0.3066675001562569,0.30693746550228485,-0.00026996534602792885
2023-09-06,473,0.3936473658640454,0.39249547180427447,0.0011518940597709008
2023-09-07,487,0.3202722296732076,0.31980684735829007,0.0004653823149175264
2023-09-08,490,0.312520337920299,0.3104025342127272,0.002117803707571794
2023-09-11,483,0.38357610606341136,0.38553152523710993,-0.001955419173698505
2023-09-12,487,0.34939959208951327,0.34647116442364,0.002928427665873264
2023-09-13,462,0.40417594034178517,0.3987078726762182,0.005468067665566941
2023-09-14,484,0.37679727859520656,0.3776369842889489,-0.00083970569374229
2023-09-15,486,0.2973099841212405,0.3019588886782641,-0.004648904557023625
2023-09-18,489,0.2766142250972214,0.2771058959813749,-0.0004916708841535175
2023-09-19,487,0.32044725111894534,0.31922243212120305,0.0012248189977423188
2023-09-20,486,0.6223913161268847,0.6206857820275793,0.0017055340993053884
2023-09-21,486,0.30154630571336416,0.30295582766688267,-0.001409521953518577
2023-09-22,487,0.26698341265098197,0.268686970896055,-0.001703558245072989
2023-09-25,488,0.5136459459055598,0.509872396325233,0.0037735495803268835
2023-09-26,489,0.3417807354498151,0.3409448829406209,0.0008358525091941823
2023-09-27,468,0.3954178808132032,0.3959313108533726,-0.0005134300401693552
2023-09-28,483,0.31356914406706254,0.31467336290339143,-0.001104218836328875
2023-09-29,487,0.4712614977725971,0.4686664969195097,0.002595000853087481
2023-10-02,488,0.517306175877134,0.5153117450810029,0.0019944307961311776
2023-10-03,488,0.3845509532828019,0.3881840366112335,-0.003633083328431614
2023-10-04,476,0.35081013129739824,0.3520143155033917,-0.001204184205993473
2023-10-05,482,0.4004303349790273,0.40296051687827933,-0.0025301818992520195
2023-10-06,490,0.4068024942630303,0.4115088053945942,-0.004706311131563927
2023-10-09,489,0.3181985155265924,0.31541172443588433,0.002786791090708114
2023-10-10,485,0.40260969216444253,0.3999255909541055,0.0026841012103369574
2023-10-11,485,0.5300854784006624,0.5242864409647812,0.005799037435881222
2023-10-12,488,0.4338518078373361,0.4307496964307989,0.0031021114065372004
2023-10-13,488,0.4071087310405671,0.40165507637006626,0.005453654670500826
2023-10-16,490,0.30162116680887624,0.29951536348858643,0.0021058033202897798
2023-10-17,490,0.6476007924031814,0.6437156298401092,0.0038851625630722236
2023-10-18,484,0.5000757103643518,0.4952186846748247,0.004857025689527089
2023-10-19,487,0.45057547346563726,0.44673979300596744,0.003835680459669809
2023-10-20,489,0.34256405914135246,0.3407723255288226,0.0017917336125299393
2023-10-23,488,0.43648754486649743,0.4341433432423637,0.0023442016241337453
2023-10-24,489,0.5958092060928648,0.5911932543207961,0.004615951772068702
2023-10-25,487,0.5622528089264205,0.5567103793526491,0.00554242957377131
2023-10-26,489,0.5744594386538132,0.5665045126626863,0.007954925991127038
2023-10-27,483,0.458114926337018,0.454470274962256,0.0036446513747619507
2023-10-30,477,0.408033222210035,0.4031076749176795,0.004925547292355524
2023-10-31,490,0.48492799897044886,0.48195078064783886,0.0029772183226100266
2023-11-01,485,0.8625936507454091,0.8394575582393308,0.023136092506078253
2023-11-02,486,0.6811339585517099,0.6692190316851772,0.011914926866532713
2023-11-03,485,0.3826165720345574,0.37705677933326814,0.00555979270128924
2023-11-06,486,0.38512640537355763,0.3808185233866409,0.004307881986916706
2023-11-07,485,0.3715081054359601,0.3650943211826616,0.006413784253298423
2023-11-08,476,0.44189244582230314,0.43961147243185267,0.002280973390450432
2023-11-09,482,0.45630070188623045,0.45229791938009567,0.0040027825061348015
2023-11-10,484,0.3096407251053666,0.3041069469281968,0.005533778177169783
2023-11-13,473,1.0557035910147037,1.0614086438929056,-0.005705052878201679
2023-11-14,483,0.37968448201581195,0.3692520404764572,0.010432441539354733
2023-11-15,470,0.3817806121475073,0.3759999891362392,0.005780623011268105
2023-11-16,485,0.29455838730150896,0.2902209278388776,0.004337459462631374
2023-11-17,482,0.27953153719559515,0.27217986175756415,0.007351675438031016
2023-11-20,485,0.31842090159934977,0.3137483738293522,0.004672527769997562
2023-11-21,481,0.2442134252878022,0.23736453836716298,0.006848886920639202
2023-11-22,484,0.19814601561254508,0.19231692849126802,0.00582908712127706
2023-11-24,487,0.2554189997455882,0.25034579594239553,0.005073203803192671
2023-11-27,489,0.2894398518198761,0.28812743368295224,0.0013124181369238844
2023-11-28,478,0.39904634104436487,0.3977648654371194,0.0012814756072454644
2023-11-29,456,0.34619459246605633,0.34524834643541136,0.0009462460306449321
2023-11-30,486,0.554499057266849,0.5439303229287633,0.01056873433808572
2023-12-01,489,0.34162118903658134,0.3424496044098279,-0.0008284153732466034
2023-12-04,482,0.3700398487645133,0.3663173219859427,0.0037225267785705677
2023-12-05,486,0.3578434075586562,0.35756689229940297,0.0002765152592532104
2023-12-06,472,0.32349898653431963,0.3205236426027084,0.0029753439316112526
2023-12-07,487,0.31578524392079405,0.31350847138237076,0.002276772538423292
2023-12-08,489,0.3839780393814364,0.38570475209039234,-0.0017267127089559415
2023-12-11,484,0.32199954183689533,0.31894031569144315,0.0030592261454521633
2023-12-12,486,0.7448444479098488,0.7475204843160727,-0.002676036406223739
2023-12-13,464,0.9427751706095115,0.9238364973140362,0.01893867329547533
2023-12-14,482,0.3571721006236131,0.36127778104059644,-0.004105680416983308
2023-12-15,485,0.30601758044851723,0.31121038789236244,-0.005192807443845179
2023-12-18,488,0.3240856194488287,0.32178068614264227,0.002304933306186406
2023-12-19,485,0.527823915497911,0.5393007702966466,-0.011476854798735584
2023-12-20,490,0.39137983852978286,0.38476307085825073,0.006616767671532102
2023-12-21,491,0.24353759398285296,0.23608902444318144,0.007448569539671504
2023-12-22,489,0.23431060462558642,0.2284667263924084,0.005843878233178034
2023-12-26,485,0.19466261788540867,0.18435876254635877,0.010303855339049896
2023-12-27,471,0.19598091396165213,0.18406457127384165,0.011916342687810486
2023-12-28,478,0.2112561474962006,0.20709053056124224,0.0041656169349583655
2023-12-29,489,0.5318290825004818,0.5354071313252015,-0.00357804882471966
2024-01-02,489,0.5439786706453114,0.5406920598793419,0.0032866107659694885
2024-01-03,483,0.2818684439212405,0.2839359516039375,-0.002067507682696999
2024-01-04,490,0.26726392048874437,0.2686223574277372,-0.001358436938992886
2024-01-05,488,0.42846813038430254,0.43156545546246233,-0.0030973250781598117
2024-01-08,485,0.3364105046285778,0.33199796520565994,0.00441253942291782
2024-01-09,490,0.3245886818666583,0.3232308526809818,0.0013578291856765014
2024-01-10,487,0.3187242105126521,0.3174055815975962,0.00131862891505591
2024-01-11,486,0.3361614908058433,0.33515897678736467,0.0010025140184786144
2024-01-12,489,0.39184349762714366,0.3904008807247501,0.0014426169023936024
2024-01-16,490,0.3309991931252187,0.3328136362487039,-0.0018144431234852227
2024-01-17,484,0.3755432455032276,0.3765507702612303,-0.0010075247580027126
2024-01-18,486,0.44062314684223985,0.43749972431061984,0.0031234225316200373
2024-01-19,490,0.3538038551544162,0.3556444861008214,-0.0018406309464051316
2024-01-22,488,0.34802465182799674,0.3474069760639628,0.0006176757640338709
2024-01-23,490,0.422343637682138,0.41707055088364925,0.0052730867984887965
2024-01-24,490,0.4699294085219966,0.46271303616839893,0.007216372353597666
2024-01-25,491,0.3151786062595739,0.31416632581452086,0.00101228044505299
2024-01-26,490,0.3270369069152877,0.32325924762242386,0.0037776592928638088
2024-01-29,483,0.3692367833985977,0.36366974395757423,0.005567039441023481
2024-01-30,482,0.5391592726157991,0.5377957173867953,0.001363555229003869
2024-01-31,487,0.5624976032282529,0.5518965594155295,0.010601043812723454
2024-02-01,486,0.4500118554116574,0.4473346706773868,0.0026771847342705614
2024-02-02,488,0.4609086986818357,0.4523426698974211,0.008566028784414615
2024-02-05,488,0.43996904744079823,0.43331664297607875,0.00665240446471942
2024-02-06,487,0.4038536675084599,0.3980467673216231,0.00580690018683685
2024-02-07,479,0.4813894942448942,0.4753856614753988,0.006003832769495408
2024-02-08,486,0.37309486175499024,0.3723792491011194,0.0007156126538707887
2024-02-09,489,0.3673420105966867,0.3616226912162823,0.005719319380404376
2024-02-12,486,0.6215102316323423,0.6150752251427175,0.006435006489624752
2024-02-13,481,0.4832576467289961,0.47906270998999045,0.004194936739005651
2024-02-14,472,0.5321102196947357,0.5293955939978994,0.0027146256968363742
2024-02-15,478,0.38027979756525077,0.379848962261072,0.0004308353041787663
2024-02-16,483,0.3290272990670819,0.32571506511049353,0.003312233956588339
2024-02-20,486,0.37550825209394073,0.3732366442023397,0.0022716078916010128
2024-02-21,479,0.5558075065119071,0.5596289144360925,-0.003821407924185342
2024-02-22,484,0.357622468403656,0.3535503860013355,0.004072082402320563
2024-02-23,486,0.37659898161238575,0.37023687513043213,0.006362106481953563
2024-02-26,489,0.3639622387271471,0.3588698634099738,0.005092375317173257
2024-02-27,480,0.32485681364995783,0.3167773848897967,0.008079428760161182
2024-02-28,468,0.35794484053202386,0.3567614844514173,0.0011833560806066147
2024-02-29,482,0.45591356418403267,0.4578312767853536,-0.0019177126013210095
2024-03-01,487,0.42948174524086774,0.42746337473889484,0.002018370501972909
2024-03-04,483,0.438070183984975,0.4390267671610025,-0.0009565831760274376
2024-03-05,485,0.37039184372003203,0.3688929233757531,0.0014989203442789918
2024-03-06,467,0.3919630026094007,0.3892429196909872,0.002720082918413545
2024-03-07,484,0.3376837287478486,0.3372852626964501,0.0003984660513984862
2024-03-08,490,0.3737103461433677,0.37375938528502267,-4.903914165497e-05
2024-03-11,483,0.34629584165441984,0.344781481705449,0.0015143599489709201
2024-03-12,486,0.3659857189032329,0.3638924947568355,0.0020932241463974
2024-03-13,457,0.408546100940334,0.40542930467140254,0.003116796268931392
2024-03-14,488,0.3523310479512545,0.35313850110588296,-0.000807453154628512
2024-03-15,486,0.2833184390226874,0.2878762978363552,-0.0045578588136678845
2024-03-18,490,0.305328492991141,0.30061053788500586,0.004717955106135119
2024-03-19,484,0.3995626164955533,0.40172674160936467,-0.0021641251138113694
2024-03-20,489,0.3960074811048212,0.39862101412581874,-0.002613533020997546
2024-03-21,488,0.31943571951710414,0.3155286683843762,0.003907051132727952
2024-03-22,491,0.3064799800657002,0.30541068841836827,0.001069291647331922
2024-03-25,491,0.29467206491473896,0.2914796330922171,0.003192431822521911
2024-03-26,465,0.5253856471134343,0.5277911293936784,-0.0024054822802442124
2024-03-27,483,0.25558330450299904,0.251234691226229,0.0043486132767700195
2024-03-28,488,0.35963915650111766,0.3619240334534886,-0.0022848769523709117
2024-04-01,489,0.4014510873965489,0.4023200702603896,-0.0008689828638406784
2024-04-02,488,0.34352838934778673,0.340005579710485,0.003522809637301814
2024-04-03,484,0.42374106345208545,0.4208593720562193,0.002881691395866169
2024-04-04,489,0.33686836932690156,0.33784852918198643,-0.0009801598550848874
2024-04-05,487,0.29589576753011315,0.29436167224306264,0.0015340952870505154
2024-04-08,484,0.3597181069813274,0.36205004832735815,-0.0023319413460307584
2024-04-09,490,0.6099941773430452,0.6145436844172012,-0.004549507074156012
2024-04-10,487,0.36919830833983447,0.3679708575325205,0.0012274508073139292
2024-04-11,484,0.5392914627898306,0.5425586333974196,-0.0032671706075891194
2024-04-12,489,0.3836310265080557,0.38337729115639724,0.0002537353516584922
2024-04-15,491,0.3425639378108389,0.345936645278007,-0.0033727074671681162
2024-04-16,491,0.3791402857228422,0.3794185540639357,-0.0002782683410935546
2024-04-17,485,0.3382525218562153,0.338241306624842,1.121523137333843e-05
2024-04-18,487,0.45751797103609027,0.45766353279626976,-0.00014556176017953564
2024-04-19,490,0.32582217437621874,0.3256441830238708,0.0001779913523479149
2024-04-22,487,0.4476061744249411,0.44412675220630843,0.0034794222186326842
2024-04-23,490,0.3828504250198861,0.37978828363079736,0.0030621413890887014
2024-04-24,489,0.4434454639583348,0.43791062181082313,0.00553484214751169
2024-04-25,490,0.4198787656483422,0.41735987329233276,0.0025188923560094025
2024-04-26,485,0.35323233829642664,0.352684029070201,0.0005483092262256234
2024-04-29,482,0.5937319862176313,0.5916450618150392,0.0020869244025921896
2024-04-30,489,0.5397948834395291,0.5337895749497638,0.00600530848976537
2024-05-01,488,0.5405533550434927,0.5287123588056494,0.011840996237843283
2024-05-02,484,0.4188078304392297,0.4079593138270504,0.010848516612179343
2024-05-03,487,0.40078256905124676,0.3978604480007694,0.002922121050477373
2024-05-06,487,0.36962605473449833,0.3635650797521748,0.00606097498232356
2024-05-07,491,0.32341457103794646,0.31682238390633805,0.006592187131608438
2024-05-08,478,0.4145788086519622,0.40979830887391183,0.004780499778050437
2024-05-09,481,0.328085116549969,0.31961310701160267,0.008472009538366321
2024-05-10,488,0.30031816065544586,0.29855363872518526,0.0017645219302605528
2024-05-13,480,0.30506548412898776,0.303687936641584,0.0013775474874037632
2024-05-14,483,0.4385803428528934,0.4422896774938462,-0.0037093346409528033
2024-05-15,475,0.36051193242832613,0.36028515271582884,0.00022677971249730633
2024-05-16,484,0.26614978317444093,0.26326790002657746,0.0028818831478634394
2024-05-17,488,0.3387181968495081,0.3398200874822666,-0.001101890632758508
2024-05-20,487,0.30666752645024437,0.30242182797678735,0.004245698473457025
2024-05-21,490,0.40742793326098925,0.40602995347959014,0.001397979781399155
2024-05-22,480,0.5297950884547055,0.5282082105107564,0.0015868779439490509
2024-05-23,484,0.37740714612663534,0.37767709542429145,-0.00026994929765613126
2024-05-24,492,0.43046312431487677,0.42969726458632723,0.0007658597285495842
2024-05-28,488,0.40842482388116175,0.40761801762024547,0.0008068062609162817
2024-05-29,487,0.46631702103386147,0.4630925607616861,0.0032244602721753324
2024-05-30,473,0.5640610561662114,0.5592975650321922,0.0047634911340192695
2024-05-31,476,0.4324542370214626,0.4289354157058742,0.0035188213155883945
2024-06-03,485,0.3548082881967948,0.35343073778665496,0.0013775504101398296
2024-06-04,488,0.42111155414770185,0.4178172940387104,0.003294260108991456
2024-06-05,489,0.32015584479085113,0.31918544931766146,0.0009703954731896659
2024-06-06,473,0.29848058765136054,0.2960370013564677,0.0024435862948928395
2024-06-07,481,0.36392760350356285,0.3647699025483372,-0.000842299044774372
2024-06-10,490,0.3274322905464778,0.3261962350981967,0.0012360554482811743
2024-06-11,486,0.45965219805622815,0.4607562825021261,-0.0011040844458979654
2024-06-12,490,0.34626494422248055,0.34700232408067067,-0.000737379858190118
2024-06-13,462,0.3793516028243657,0.38064837713647726,-0.0012967743121115843
2024-06-14,483,0.3940946164726821,0.39595127176716893,-0.0018566552944867985
2024-06-17,483,0.3222048647913475,0.3225083006461308,-0.00030343585478325585
2024-06-18,490,0.3856361555094027,0.38527334939924457,0.00036280611015815253
2024-06-20,488,0.27994076336959267,0.2803623309948803,-0.0004215676252876331
2024-06-21,488,0.4018891682187528,0.3990425579733045,0.0028466102454482657
2024-06-24,492,0.4029628179088994,0.40146132450449035,0.0015014934044090148
2024-06-25,490,0.3313297744389448,0.33024684344356614,0.001082930995378687
2024-06-26,490,0.30242792137926344,0.30277185271536117,-0.000343931336097701
2024-06-27,469,0.3702771091134298,0.3686612697688213,0.001615839344608544
2024-06-28,483,0.3867449376691446,0.3851407388366526,0.0016041988324919608
2024-07-01,490,0.28933836559386517,0.28969726268710905,-0.0003588970932438803
2024-07-02,490,0.27639443218079,0.2767183840996655,-0.00032395191887544465
2024-07-03,483,0.30574570299435416,0.3062313122319339,-0.00048560923757974783
2024-07-05,486,0.3110419148273716,0.3107151589307044,0.0003267558966671217
2024-07-08,487,0.3046028737501397,0.3040824618043421,0.0005204119457975579
2024-07-09,486,0.354278496057629,0.3550528828898101,-0.0007743868321810197
2024-07-10,488,0.6015820091539994,0.6026758258208444,-0.001093816666845081
2024-07-11,490,0.34542504625196163,0.3450973308873984,0.000327715364563212
2024-07-12,484,0.4354288790677188,0.4357022326158135,-0.0002733535480946565
2024-07-15,492,0.6370775675002116,0.6419991553855264,-0.004921587885314848
2024-07-16,491,0.6805120090893673,0.6847086194685106,-0.004196610379143355
2024-07-17,491,0.4480299818811734,0.44197584454345173,0.006054137337721658
2024-07-18,486,0.39767010753797877,0.39763452086508333,3.558667289542363e-05
2024-07-19,488,0.42829528808978407,0.4241036747789961,0.0041916133107880345
2024-07-22,491,0.40745848205742086,0.40162554194003514,0.005832940117385784
2024-07-23,491,0.7244245191015383,0.7372240154222871,-0.012799496320748789
2024-07-24,491,0.6480401588257021,0.6358959846782603,0.012144174147441726
2024-07-25,488,0.6192382308809228,0.6092050807418428,0.010033150139080063
2024-07-26,491,0.32771860105325656,0.3170722186926437,0.01064638236061284
2024-07-29,491,0.5069007123337628,0.5050846014948921,0.0018161108388706194
2024-07-30,483,0.5068541793043383,0.5059800106248582,0.0008741686794801541
2024-07-31,483,0.8223388090888738,0.8367707637645161,-0.014431954675642315
2024-08-01,488,0.9266302432610305,0.89875009538264,0.02788014787839058
2024-08-02,487,0.8256151124167181,0.8021593137668606,0.023455798649857702
2024-08-05,489,0.5306245022921535,0.5297223413244464,0.0009021609677071716
2024-08-06,487,0.5096945917873404,0.4998481050078231,0.009846486779517294
2024-08-07,491,0.67316051040433,0.6682885191038126,0.004871991300517403
2024-08-08,484,0.3542031304365289,0.3357515705685291,0.018451559867999786
2024-08-09,480,0.3525395489826916,0.3454660660080156,0.007073482974676017
2024-08-12,490,0.46353557783097343,0.46615535050873846,-0.002619772677765052
2024-08-13,485,0.31379853201106334,0.30594043431801404,0.007858097693049309
2024-08-14,473,0.5391731320082411,0.5424788425531321,-0.0033057105448909734
2024-08-15,476,0.2707790916920748,0.2658620788651373,0.00491701282693752
2024-08-16,484,0.2959112447432911,0.29264119336013805,0.003270051383153046
2024-08-19,487,0.30113127228004766,0.294880584707971,0.006250687572076665
2024-08-20,485,0.32986967191578714,0.32543190678723294,0.004437765128554222
2024-08-21,489,0.29496629827167814,0.2907254480093606,0.004240850262317525
2024-08-22,487,0.45972665170342447,0.465862284333515,-0.006135632630090562
2024-08-23,487,0.2683507472137997,0.2627514687111714,0.005599278502628268
2024-08-26,487,0.28397063924692967,0.2799315717633519,0.004039067483577731
2024-08-27,491,0.3062078791281512,0.30010128929819896,0.006106589829952235
2024-08-28,489,0.3618341312510105,0.35799525389624315,0.003838877354767308
2024-08-29,469,0.3152854760949051,0.31200915616135216,0.0032763199335529725
2024-08-30,474,0.7737805626316425,0.7734103107913068,0.00037025184033564985
2024-09-03,483,0.34965322851460523,0.34593393121697374,0.0037192972976314944
2024-09-04,485,0.3855490030672547,0.38276863900399066,0.002780364063264092
2024-09-05,478,0.4859626188523864,0.48496015148975274,0.0010024673626336045
2024-09-06,484,0.4044629405036825,0.40255573989916177,0.001907200604520703
2024-09-09,486,0.3718381800147198,0.3681110574722859,0.0037271225424339387
2024-09-10,488,0.4203313506407037,0.4234884185127859,-0.0031570678720822297
2024-09-11,487,0.34982273894573285,0.3517970660130724,-0.0019743270673396
2024-09-12,469,0.3808064868677487,0.37844577635852245,0.0023607105092262382
2024-09-13,476,0.3358925090645599,0.3330932160756573,0.002799292988902613
2024-09-16,484,0.345270000601962,0.34263295811308864,0.002637042488873352
2024-09-17,490,0.27467097431727816,0.27463202117521124,3.895314206695583e-05
2024-09-18,489,0.5440356346860122,0.53686566594631,0.007169968739702265
2024-09-19,487,0.3881085786696395,0.3878765575038859,0.00023202116575358027
2024-09-20,489,0.3087639338644523,0.31036968066118426,-0.0016057467967319084
2024-09-23,491,0.33302207102355574,0.32842529135963994,0.004596779663915771
2024-09-24,491,0.35016180037436756,0.34524326626803614,0.004918534106331481
2024-09-25,488,0.5355498989888019,0.5409614353045239,-0.005411536315721995
2024-09-26,486,0.32699950930369504,0.3248920019043829,0.0021075073993121586
2024-09-27,472,0.2820777145338593,0.27596924832915093,0.0061084662047084185
2024-09-30,482,0.4130511127631582,0.41274012552350053,0.0003109872396576721
2024-10-01,489,0.31774668550562307,0.3169311666317453,0.0008155188738778302
2024-10-02,490,0.3447594820978234,0.34313031447833736,0.0016291676194860973
2024-10-03,483,0.37828797242446605,0.3779079424598053,0.0003800299646606988
2024-10-04,489,0.41587332478416966,0.4154534987673119,0.00041982601685775335
2024-10-07,491,0.3791426005046574,0.37886482769573165,0.00027777280892578364
2024-10-08,490,0.33379880450263194,0.33378052680946096,1.827769317099239e-05
2024-10-09,484,0.30284201727159477,0.30093824041019457,0.0019037768614002055
2024-10-10,490,0.38515581848189523,0.3841987016703805,0.0009571168115147225
2024-10-11,493,0.3075490274500597,0.3034982443653347,0.004050783084725021
2024-10-14,487,0.4457075300314465,0.44926796628158544,-0.0035604362501389687
2024-10-15,492,0.3680177114699988,0.3629880561739982,0.00502965529600059
2024-10-16,492,0.3610469793193416,0.35869322031739265,0.0023537590019489817
2024-10-17,487,0.30454798902474517,0.29843502070481437,0.006112968319930795
2024-10-18,490,0.361876096038792,0.3615220905712346,0.00035400546755735515
2024-10-21,491,0.3872558802943681,0.3841204605504507,0.003135419743917373
2024-10-22,491,0.358834331183049,0.3580377999829827,0.000796531200066312
2024-10-23,493,0.44473728859667405,0.4424435959732581,0.002293692623415951
2024-10-24,490,0.4220720978697102,0.41897522930134107,0.0030968685683691885
2024-10-25,492,0.32035575760300183,0.3210957380758253,-0.0007399804728234615
2024-10-28,493,0.4409864686622514,0.4367853708394623,0.0042010978227891215
2024-10-29,492,0.45507099019595726,0.45057354598552923,0.004497444210427974
2024-10-30,485,0.7242778783309026,0.7148322487803173,0.00944562955058525
2024-10-31,485,0.44651593983128157,0.43884518261190125,0.007670757219380301
2024-11-01,484,0.35272791028453226,0.3479603483624608,0.004767561922071474
2024-11-04,490,0.4883242117431315,0.47965685274979986,0.008667358993331684
2024-11-05,491,1.4941147718280303,1.4955157925532154,-0.0014010207251853534
2024-11-06,489,0.5556171400375106,0.5622825785879002,-0.006665438550389529
2024-11-07,479,0.5687690154180367,0.5580055039216518,0.010763511496384805
2024-11-08,493,0.5066328656521659,0.503692012281258,0.0029408533709079387
2024-11-11,487,0.4036527274256493,0.39832679999620013,0.005325927429449165
2024-11-12,483,0.35158028958756515,0.3433860265324346,0.008194263055130551
2024-11-13,483,0.4586531779113493,0.45758558998892424,0.0010675879224251003
2024-11-14,470,0.5485797706112611,0.5476445164048637,0.0009352542063974367
2024-11-15,480,0.36461655698403145,0.36299666462127983,0.0016198923627516355
2024-11-18,490,0.39771465025446595,0.3939364652153975,0.00377818503906848
2024-11-19,488,0.35041513440387007,0.3464769495127835,0.003938184891086592
2024-11-20,485,0.4587648286646915,0.4603088153568764,-0.001543986692184919
2024-11-21,485,0.3903463902296412,0.38879894747085264,0.001547442758788611
2024-11-22,489,0.48724051952797826,0.4881525446527183,-0.0009120251247400452
2024-11-25,489,0.37774401316397804,0.3753765935175477,0.002367419646430413
2024-11-26,488,0.3172546121685393,0.3160691687506356,0.0011854434179036724
2024-11-27,474,0.24328271269416551,0.2368968607607233,0.006385851933442209
2024-11-29,474,0.40386859639570827,0.4046384754837017,-0.000769879087993467
2024-12-02,488,0.3342842511226484,0.33135610068417387,0.002928150438474521
2024-12-03,487,0.43026140943851876,0.43022554655158585,3.586288693296289e-05
2024-12-04,485,0.3794971577432441,0.3783544133125036,0.0011427444307405316
2024-12-05,477,0.37542378400488113,0.3709630568268194,0.004460727178061796
2024-12-06,482,0.5559590749982654,0.5571492826225319,-0.001190207624266597
2024-12-09,488,0.41952210513024507,0.41845340009059384,0.0010687050396512377
2024-12-10,490,0.39477848106307084,0.3950393929147601,-0.00026091185168927765
2024-12-11,493,0.3625856652590786,0.36312043652922166,-0.0005347712701430058
2024-12-12,471,0.34236586200169294,0.3405718936574778,0.0017939683442151422
2024-12-13,479,0.39147239479994694,0.38939681597479037,0.0020755788251565644
2024-12-16,486,0.36539667951779375,0.3692641708084113,-0.0038674912906176096
2024-12-17,489,1.068063547986276,1.0509111164647753,0.017152431521500467
2024-12-18,492,0.40665926260034435,0.41261214510383243,-0.005952882503488031
2024-12-19,484,0.44159157311031205,0.4342481957790194,0.007343377331292647
2024-12-20,491,0.2859854027561083,0.29695124828959146,-0.010965845533483135
2024-12-23,493,0.2645149496106908,0.2616537845717311,0.002861165038959668
2024-12-24,489,0.20491481655769814,0.19318642899003577,0.011728387567662353
2024-12-26,486,0.26847917994222464,0.2699910348468929,-0.0015118549046682923
2024-12-27,489,0.3354637601252269,0.3351215194880253,0.0003422406372015995
2024-12-30,474,0.22385098696959493,0.22486352481338623,-0.0010125378437913233
2024-12-31,482,0.3266145563232176,0.32607524140250504,0.0005393149207126135
2025-01-02,486,0.38611488428619656,0.3872430043033063,-0.0011281200171097607
2025-01-03,490,0.4483662234906549,0.4496751157841951,-0.0013088922935401664
2025-01-06,490,0.36671878282211084,0.36755167665029365,-0.0008328938281827841
2025-01-07,492,0.35681834548840485,0.3560855758456534,0.0007327696427514666
2025-01-08,483,0.6792295622604501,0.6707049225492233,0.008524639711226727
2025-01-10,492,0.4669920527567731,0.46266281674411,0.004329236012663098
2025-01-13,491,0.39588662644503253,0.3909077966019375,0.00497882984309505
2025-01-14,488,0.4688385674927515,0.468098476792454,0.0007400907002975299
2025-01-15,491,0.42702120423133916,0.42234871779656946,0.004672486434769738
2025-01-16,488,0.3362890319676745,0.3337806944050381,0.00250833756263642
2025-01-17,489,0.5154379184962056,0.5153443549361949,9.356356001064327e-05
2025-01-21,490,0.47050804544090985,0.46775618458052387,0.002751860860385966
2025-01-22,492,0.33870842784293553,0.3385903591838355,0.0001180686591000551
2025-01-23,490,0.31580977245926084,0.3147339811632865,0.0010757912959743
2025-01-24,492,1.0588431924082835,1.058175753283816,0.0006674391244673362
2025-01-27,493,0.525023115331047,0.5238654666098774,0.0011576487211695287
2025-01-28,491,0.4093232095827516,0.3913543690098834,0.0179688405728682
2025-01-29,491,0.5671757641611982,0.5581235345216987,0.009052229639499507
2025-01-30,485,0.4150855719994028,0.40643173548033346,0.00865383651906932
2025-01-31,482,0.4468033584670075,0.4400993944781844,0.0067039639888231625
2025-02-03,492,0.45591814395197744,0.451900222238912,0.004017921713065391
2025-02-04,491,0.4447330376748736,0.4380053285208705,0.006727709154003142
2025-02-05,493,0.5242485939730964,0.5217649826522311,0.0024836113208653674
2025-02-06,481,0.41301599832565344,0.4048599254489411,0.008156072876712345
2025-02-07,485,0.4420283735209566,0.4342428272393905,0.00778554628156611
2025-02-10,491,0.3903460458587357,0.384448425330838,0.005897620527897692
2025-02-11,488,0.4670194464807223,0.4652654391134944,0.0017540073672279465
2025-02-12,491,0.5695840236617361,0.561913163142116,0.007670860519620171
2025-02-13,465,0.47238268257291927,0.465638210330606,0.006744472242313294
2025-02-14,479,0.4338980275615238,0.42558979499013044,0.00830823257139337
2025-02-18,490,0.4220020934238844,0.4176495267985283,0.004352566625356131
2025-02-19,488,0.4479430714507615,0.4445372041670667,0.0034058672836948215
2025-02-20,483,0.7114588585549929,0.7048963723010407,0.0065624862539521624
2025-02-21,484,0.4017594487292249,0.3977255832083559,0.00403386552086906
2025-02-24,488,0.48597688720315463,0.48021189616308607,0.005764991040068532
2025-02-25,488,0.470456611306229,0.4660226197075002,0.004433991598728808
2025-02-26,489,0.5650939040823165,0.565578682816093,-0.00048477873377657775
2025-02-27,475,0.48215147814876375,0.4744907548462473,0.007660723302516418
2025-02-28,475,0.6436816347636559,0.638168099776671,0.005513534986984879
2025-03-03,488,0.6854480300866114,0.6719231082694954,0.01352492181711593
2025-03-04,485,0.48760712842938536,0.4818149175561494,0.005792210873235995
2025-03-05,487,0.7066271532033583,0.713707984125146,-0.0070808309217876425
2025-03-06,476,0.5583102017266732,0.5512874436199535,0.007022758106719729
2025-03-07,473,0.8302029033159932,0.8189352747786776,0.011267628537315734
2025-03-10,489,0.7025864144850855,0.6943799977354725,0.008206416749613133
2025-03-11,486,0.5086368629466985,0.4986641229384822,0.009972740008216296
2025-03-12,488,0.5637940233163684,0.5655270600181399,-0.0017330367017714524
2025-03-13,463,0.6057575832554425,0.6059596424153891,-0.00020205915994650007
2025-03-14,484,0.46337406928821095,0.4546772994827131,0.008696769805497807
2025-03-17,486,0.365354041990978,0.3617150175586346,0.003639024432343418
2025-03-18,491,0.3910171578851441,0.3946441572801918,-0.003626999395047741
2025-03-19,487,0.31806549967936726,0.3133366291553192,0.004728870524048098
2025-03-20,489,0.34779842162297575,0.3467367404247351,0.001061681198240651
2025-03-21,491,0.5657548154014815,0.564542302681732,0.0012125127197495826
2025-03-24,491,0.34287605722467795,0.33772607078946404,0.005149986435213877
2025-03-25,494,0.4564629263352568,0.45272182037854813,0.0037411059567087025
2025-03-26,493,0.4054852042977606,0.39631072870857587,0.009174475589184721
2025-03-27,489,0.6117110309222707,0.6086944958484829,0.0030165350737879643
2025-03-28,473,0.37903448774940607,0.37349893741626694,0.005535550333139056
2025-03-31,489,0.31417708819292717,0.32102747111603996,-0.006850382923112809
2025-04-01,494,0.3576002633877122,0.3592404386801323,-0.0016401752924200378
2025-04-02,491,2.408438340902929,2.391084269624573,0.017354071278355556
2025-04-03,490,2.353250943142963,2.2397577523652803,0.11349319077768316
2025-04-04,492,0.7053880211927024,0.6608143582873633,0.044573662905338936
2025-04-07,495,0.7282426834000821,0.7309613368998426,-0.002718653499760497
2025-04-08,495,2.9778402634562293,3.0334708699232547,-0.05563060646702538
2025-04-09,487,0.7609670845093653,0.8618527608997621,-0.10088567639039685
2025-04-10,493,0.6340402829694483,0.6070287707874487,0.027011512181999566
2025-04-11,495,0.5231316992187303,0.49993322710258725,0.023198472116143107
2025-04-14,492,0.4279921793490179,0.398823086840727,0.02916909250829098
2025-04-15,494,0.5113710677361867,0.509303949941091,0.0020671177950957187
2025-04-16,489,0.5075078904422794,0.4932273491345184,0.014280541307761066
2025-04-17,492,0.730656558389435,0.7175246021202044,0.013131956269230638
2025-04-21,493,0.7238319313734949,0.7459844019422127,-0.022152470568717924
2025-04-22,493,0.5026759005343256,0.5091473611343481,-0.0064714606000225465
2025-04-23,496,0.6930396717183354,0.7055437770892005,-0.012504105370865097
2025-04-24,494,0.4278668589681301,0.42276249698133733,0.005104361986792825
2025-04-25,495,0.30755033556547656,0.29041332374518164,0.017137011820294902
2025-04-28,495,0.379244728158316,0.37722376767785143,0.0020209604804646048
2025-04-29,486,0.43806181988098414,0.43094801577212233,0.00711380410886183
2025-04-30,491,0.4984441694965154,0.5002131432304585,-0.0017689737339431385
2025-05-01,491,0.584820784812722,0.5913966147644978,-0.006575829951775741
2025-05-02,490,0.3583075744446736,0.34582381566824627,0.012483758776427342
2025-05-05,493,0.44348847153295773,0.4372369697454361,0.006251501787521675
2025-05-06,494,0.4269585213804794,0.4154633129597085,0.011495208420770843
2025-05-07,495,0.5200401696913239,0.5155980914111651,0.00444207828015883
2025-05-08,485,0.3766746979982341,0.36937725029575796,0.007297447702476151
2025-05-09,487,1.2868594066198775,1.3064728131295231,-0.01961340650964578
2025-05-12,493,0.5514636224586962,0.5484133403062699,0.0030502821524263013
2025-05-13,488,0.43622958319986116,0.4329555985639477,0.0032739846359134497
2025-05-14,483,0.49209465685043385,0.48153271213294996,0.010561944717483953
2025-05-15,477,0.3690323259062301,0.3595654025922087,0.00946692331402136
2025-05-16,482,0.3076924898105553,0.2901515683888473,0.017540921421708038
2025-05-19,492,0.3131894612943342,0.3031512089404136,0.010038252353920616
2025-05-20,490,0.7307525570428705,0.7385219206098795,-0.007769363567009114
2025-05-21,490,0.3280307132225646,0.3249121673094095,0.0031185459131551335
2025-05-22,481,0.3701218915131365,0.36247339103307996,0.007648500480056531
2025-05-23,489,0.5542712923632139,0.5605783744552697,-0.006307082092055861
2025-05-27,492,0.3884924077614692,0.38177454344026146,0.006717864321207702
2025-05-28,491,0.35165079137189525,0.3371458266637774,0.014504964708117801
2025-05-29,477,0.3749560685053384,0.36773948130000444,0.007216587205333977
2025-05-30,478,0.3538867830519247,0.3573916000190443,-0.0035048169671195732
2025-06-02,493,0.4197072567802251,0.4151795453639973,0.0045277114162277565
2025-06-03,488,0.3510625257878566,0.34889314529097537,0.0021693804968812218
2025-06-04,492,0.3628212444652763,0.3546526322995658,0.008168612165710529
2025-06-05,482,0.38085725386226715,0.3788979161281572,0.001959337734109874
2025-06-06,487,0.3832163681105465,0.3771804500509278,0.006035918059618698
2025-06-09,486,0.4095948477269417,0.40607419369344516,0.0035206540334965833
2025-06-10,493,0.3380501561547016,0.3354567237956029,0.0025934323590987153
2025-06-11,494,0.3230825295533068,0.32218388745047477,0.0008986421028320293
2025-06-12,471,0.5723987908974609,0.5717027098474637,0.0006960810499971837
2025-06-13,482,0.5206856389282252,0.5223897491660365,-0.0017041102378114045
2025-06-16,491,0.43289521226292066,0.4329630059575471,-6.779369462641896e-05
2025-06-17,487,0.3288405286910418,0.325426397702388,0.003414130988653833
2025-06-18,493,0.3121042823669716,0.30796713700339134,0.0041371453635801955
2025-06-20,492,0.45192222104314833,0.44976234800834247,0.002159873034805852
2025-06-23,494,0.43494132856809964,0.4328593964535518,0.0020819321145478017
2025-06-24,494,0.41646061256875894,0.41194613613953984,0.0045144764292191246
2025-06-25,493,0.3644116705023579,0.3653431169395678,-0.0009314464372098609
2025-06-26,489,0.3345142297801183,0.33512835601263385,-0.000614126232515577
2025-06-27,476,0.3388132780732734,0.34270901217425764,-0.0038957341009842527
2025-06-30,488,0.5891296095019873,0.5912067436297697,-0.002077134127782414
2025-07-01,494,0.48278277862875507,0.48685185505542056,-0.004069076426665478
2025-07-02,486,0.3197693417214383,0.3197768175867582,-7.475865319955936e-06
2025-07-03,491,0.3793708037191755,0.3709216709939618,0.008449132725213717
2025-07-07,493,0.3929247701595454,0.3922563285519949,0.0006684416075505073
2025-07-08,495,0.3305690819705686,0.3305133327067557,5.574926381288063e-05
2025-07-09,488,0.4170522551467638,0.4187573288566467,-0.001705073709882882
2025-07-10,494,0.3498015574573224,0.34787264867036677,0.0019289087869556042
2025-07-11,495,0.3555865709392338,0.3520754518851502,0.003511119054083505
2025-07-14,490,0.5245915294559382,0.5224288882487463,0.0021626412071918968
2025-07-15,496,0.31723081412090065,0.3183678105482013,-0.001136996427300621
2025-07-16,495,0.4108341095326385,0.4094290893620286,0.0014050201706099043
2025-07-17,489,0.341882051825907,0.33872953436086034,0.0031525174650466224
2025-07-18,492,0.3309002400053864,0.3340649480246451,-0.0031647080192586307
2025-07-21,493,0.6266035884717313,0.6241651967305206,0.002438391741210708
2025-07-22,495,0.4905209515221401,0.4845571473547715,0.005963804167368596
2025-07-23,495,0.5078005348354984,0.502189706359715,0.00561082847578327
2025-07-24,493,0.39097386840387743,0.3890001767578495,0.0019736916460279647
2025-07-25,496,0.4006409903039471,0.40045810469492116,0.00018288560902595297
2025-07-28,495,0.47945822508738545,0.47586689881114436,0.0035913262762411412
2025-07-29,494,0.5291972073453328,0.5239364252258044,0.005260782119528436
2025-07-30,486,0.7201946766287229,0.7100616224027582,0.010133054225964838
2025-07-31,487,0.6183575336724735,0.6134664038194841,0.004891129852989306
2025-08-01,493,0.5223321075225852,0.5123993384250607,0.009932769097524562
2025-08-04,492,0.49754619500669806,0.49032595971471166,0.007220235291986383
2025-08-05,495,0.4957709224856974,0.4886825330432923,0.007088389442405078
2025-08-06,493,0.501954478437639,0.4960214244487262,0.0059330539889127475
2025-08-07,487,0.4392741740932699,0.42974985775990177,0.009524316333368128
2025-08-08,489,0.3172714575653787,0.30963967556947763,0.00763178199590109
2025-08-11,493,0.5490257589234161,0.5494193731444594,-0.0003936142210433709
2025-08-12,489,0.5836864094305162,0.5784432386450126,0.005243170785503446
2025-08-13,485,0.39436659817381814,0.3906541860928687,0.0037124120809493817
2025-08-14,473,0.37970283015291895,0.37616271147340946,0.003540118679509469
2025-08-15,483,0.2871453843396837,0.28213449417512276,0.005010890164560897
2025-08-18,490,0.41810774712340354,0.41555825078311975,0.002549496340283798
2025-08-19,490,0.3403279899413687,0.3372577503494853,0.003070239591883361
2025-08-20,491,0.2989199401202585,0.3015518719359581,-0.002631931815699615
2025-08-21,489,0.7082538308023693,0.7157302875347339,-0.007476456732364608
2025-08-22,491,0.3762829598559493,0.37598539723687835,0.0002975626190709322
2025-08-25,493,0.3563507528085999,0.3511009478247402,0.005249804983859739
2025-08-26,496,0.2841019774620068,0.28073008408558403,0.00337189337642287
2025-08-27,492,0.3480467459458371,0.34241990117316967,0.005626844772667501
2025-08-28,478,0.346969438373686,0.3388941100300168,0.008075328343669167
2025-08-29,472,0.40951391042202956,0.40781486553209945,0.0016990448899300895
2025-09-02,488,0.34114172125245085,0.3401580930010464,0.0009836282514044754
2025-09-03,488,0.41038979956256993,0.4099323763941359,0.00045742316843404627
2025-09-04,478,0.4358273262637809,0.43778759956071317,-0.0019602732969322854
2025-09-05,491,0.36263180462464634,0.3622985717086112,0.00033323291603517467
2025-09-08,491,0.3947848731016203,0.3952121666728696,-0.0004272935712493262
2025-09-09,488,0.5391224166620462,0.5384161160666142,0.0007063005954320015
2025-09-10,492,0.5549843887141164,0.5544835139825783,0.0005008747315380869
2025-09-11,487,0.4035797276281687,0.4007042921780496,0.00287543545011907
2025-09-12,472,0.38482222270966615,0.38464090582316135,0.00018131688650479196
2025-09-15,488,0.3616581664922254,0.3614635505790066,0.00019461591321879787
2025-09-16,493,0.31332573246197054,0.31284500562351836,0.0004807268384522331
2025-09-17,493,0.47727881920479354,0.4778282211392762,-0.000549401934482682
2025-09-18,494,0.3248971052343744,0.32486415001349334,3.295522088105529e-05
2025-09-19,491,0.36563641907990924,0.3744296881720743,-0.008793269092165008
2025-09-22,496,0.3581683088534899,0.35869678109147185,-0.000528472237981942
2025-09-23,495,0.39932716208198543,0.401178680118286,-0.0018515180363005
2025-09-24,493,0.4023102043485757,0.4004111378881395,0.0018990664604361684
2025-09-25,490,0.3582292890293262,0.35773533377278743,0.000493955256538805
2025-09-26,494,0.33914148714796855,0.33641778228645125,0.0027237048615172915
2025-09-29,472,0.40578341874784113,0.4039269883708488,0.0018564303769922897
2025-09-30,487,0.5905104501543444,0.5839539558842924,0.006556494270051972
2025-10-01,493,0.3651577792872771,0.36669034138636014,-0.0015325620990830624
2025-10-02,487,0.34172878452092403,0.3429583786470415,-0.00122959412611741
2025-10-03,494,0.411387607387605,0.4100921740270438,0.0012954333605611973
2025-10-06,494,0.40438528603068463,0.4041565322850437,0.00022875374564090633
2025-10-07,496,0.4280346138818618,0.42499321818571234,0.003041395696149472
2025-10-08,492,0.4055396087506058,0.4058665806437985,-0.00032697189319264914
2025-10-09,487,0.8872167715813927,0.8841608263563466,0.0030559452250459858
2025-10-10,496,0.4849467795200571,0.48883528094461376,-0.003888501424556615
2025-10-13,493,0.4506805089120668,0.44482729597898196,0.005853212933084864
2025-10-14,491,0.42931273010088017,0.4265013234906889,0.0028114066101912667
2025-10-15,495,0.5691290709234716,0.5635925245738447,0.005536546349626914
2025-10-16,491,0.3358882361791976,0.3358089700280474,7.926615115017039e-05
2025-10-17,494,0.39536881399686963,0.3922981807106631,0.003070633286206543
2025-10-20,495,0.42103806619585776,0.4189942989507646,0.0020437672450931018
2025-10-21,493,0.4394567710963729,0.43904430317021353,0.00041246792615928107
2025-10-22,495,0.4992129338928567,0.49098312290161433,0.008229810991242356
2025-10-23,493,0.41983025727133166,0.41954520271005613,0.0002850545612755741
2025-10-24,495,0.3666450850207384,0.3666475996679849,-2.5146472465046903e-06
2025-10-27,495,0.514350524549968,0.5077940567058349,0.006556467844133111
2025-10-28,494,0.7504033018425716,0.7406305805762918,0.009772721266279783
2025-10-29,494,0.6319901385918514,0.6273893656248805,0.004600772966970904
2025-10-30,485,0.42551077470490317,0.419891066965067,0.005619707739836205
2025-10-31,489,0.43929899700574193,0.4385046565122338,0.0007943404935081561
2025-11-03,493,0.6067174691843279,0.5988743999214616,0.007843069262866207
2025-11-04,492,0.5387552456217538,0.5332399680950859,0.005515277526667901
2025-11-05,496,0.5695230027523837,0.5671843440063012,0.0023386587460823313
2025-11-06,485,0.47373972183798807,0.4726801917613725,0.001059530076615511
2025-11-07,486,0.42370468576040426,0.4136563567115626,0.010048329048841674
2025-11-10,496,0.4315611389758881,0.43088624577532386,0.0006748932005642647
2025-11-11,489,0.35936026724964504,0.3567749391021081,0.00258532814753699
2025-11-12,486,0.5619633126388978,0.5644628740513435,-0.0024995614124457563
2025-11-13,473,0.34743288306199915,0.3440071585413044,0.0034257245206947636
2025-11-14,478,0.5606485257937585,0.5577511132268612,0.0028974125668973193
2025-11-17,491,0.34691642825895525,0.3437868184845799,0.0031296097743753123
2025-11-18,488,0.4045296178311669,0.40398692039805245,0.0005426974331144621
2025-11-19,490,0.5527605226208828,0.5524945964758005,0.0002659261450824047
2025-11-20,488,0.6912213616003386,0.6799988114322281,0.011222550168110496
2025-11-21,490,0.49159849473810335,0.4873300594972313,0.004268435240872114
2025-11-24,491,0.5487201760531345,0.5413670566887528,0.007353119364381681
2025-11-25,492,0.34368365906029674,0.34382130707539205,-0.00013764801509535003
2025-11-26,483,0.2646743542959041,0.25850214298494467,0.006172211310959406
2025-11-28,475,0.3958864512303606,0.39434413842593496,0.0015423128044256388
2025-12-01,491,0.3665582424789851,0.3680649994168699,-0.0015067569378846909
2025-12-02,489,0.4827036463113849,0.48439529509004325,-0.0016916487786583648
2025-12-03,490,0.36804687337541414,0.3678992826756618,0.0001475906997522945
2025-12-04,476,0.38780906773070994,0.3868049674483173,0.00100410028239257
2025-12-05,491,0.4378800921266716,0.43813770160487253,-0.0002576094782009163
2025-12-08,493,0.3637810060052461,0.3634784875986666,0.0003025184065794927
2025-12-09,490,0.5883448311776474,0.5891189460150219,-0.0007741148373744835
2025-12-10,494,0.4644060693648575,0.46134615163645215,0.003059917728405368
2025-12-11,487,0.49969561062812384,0.49304615983381206,0.0066494507943116975
2025-12-12,473,0.3754430085630223,0.3710882415103861,0.004354767052636165
2025-12-15,489,0.3791829676838238,0.3803227999418697,-0.0011398322580458476
2025-12-16,491,0.4620871723001369,0.46169534942596213,0.0003918228741748105
2025-12-17,492,0.34885019447497034,0.35196510398253184,-0.0031149095075614793
2025-12-18,491,0.3906270052453329,0.38791617359994596,0.0027108316453869773
2025-12-19,493,0.35772709452783663,0.3580418897895448,-0.0003147952617081486
2025-12-22,494,0.2632022401009473,0.2580806629304932,0.005121577170454114
2025-12-23,495,0.20593389468681345,0.19992906462705062,0.006004830059762856
2025-12-24,488,0.1848207325392993,0.1772131689564328,0.007607563582866491
2025-12-26,491,0.21723691079650204,0.2115822426064728,0.00565466819002926
2025-12-29,494,0.2067709958925467,0.2034547092907872,0.003316286601759464
2025-12-30,478,0.2835682220028209,0.2826925729069231,0.0008756490958977486
2025-12-31,478,0.5588127442095249,0.5665165494163243,-0.00770380520679955
2026-01-02,493,0.5899274978085222,0.590189693352794,-0.00026219554427187546
2026-01-05,492,0.6005111940131771,0.5965548156559233,0.003956378357253797
2026-01-06,495,0.563493987682024,0.5609017683801639,0.0025922193018600415
2026-01-07,496,0.6185738807429889,0.6179071987422092,0.0006666820007795838
2026-01-08,489,0.479642151774253,0.4787470008341321,0.0008951509401209772
2026-01-09,492,0.3833499891545852,0.3773791368623676,0.005970852292217536
2026-01-12,495,0.45332914539849556,0.4502741497511627,0.003054995647332875
2026-01-13,494,0.45286361345101284,0.45532126392265987,-0.0024576504716470222
2026-01-14,492,0.42560087939679964,0.4245291201914914,0.0010717592053082073
2026-01-15,489,0.4263023454109776,0.4256686908988422,0.0006336545121354062
2026-01-16,491,0.6721605349219844,0.6718849253595174,0.0002756095624670408
2026-01-20,494,0.6223852306670129,0.6127771167338777,0.009608113933135274
2026-01-21,494,0.4070161531437696,0.40476023899571323,0.0022559141480562924
2026-01-22,492,0.3932915206759326,0.3944964489992785,-0.001204928323345973
2026-01-23,496,0.337856407741392,0.33543195508202517,0.002424452659366835
2026-01-26,496,0.5379421494883175,0.5356443388531703,0.0022978106351473257
2026-01-27,493,0.49600091019772824,0.4933482905906915,0.0026526196070367487
2026-01-28,493,0.6170527626106096,0.6050820102748751,0.011970752335734578
2026-01-29,487,0.5058768625740341,0.5026704062096969,0.0032064563643372144
2026-01-30,491,0.5077662526742438,0.5025115449948777,0.005254707679366172
2026-02-02,494,0.9696281913495465,0.9578504290356377,0.0117777623139087
2026-02-03,493,0.914684682603874,0.8997587186448858,0.014925963958988259
2026-02-04,494,0.7129104379728153,0.7072175948377997,0.005692843135015678
2026-02-05,489,0.7998817762324433,0.8016618148084251,-0.0017800385759818022
2026-02-06,490,0.5837556502692105,0.5409607493038809,0.04279490096532947
2026-02-09,491,0.5716239959513273,0.5632665630695862,0.008357432881741119
2026-02-10,491,0.7093034185858793,0.7107669141062574,-0.0014634955203780891
2026-02-11,493,0.90218575226611,0.8972251890817092,0.00496056318440071
2026-02-12,472,0.5557306310844354,0.5601069578811627,-0.004376326796727124
2026-02-13,479,0.5094193809343138,0.4980750305610865,0.01134435037322734
2026-02-17,491,0.5104935363003088,0.5037399030333405,0.006753633266968261
2026-02-18,491,0.4561996412976853,0.44932099684907767,0.006878644448607706
2026-02-19,489,0.40753446040394076,0.3997046575869165,0.007829802817024336
2026-02-20,489,0.7206790498978368,0.7062543555477673,0.014424694350069567
2026-02-23,492,0.46229743690424024,0.45940353617362395,0.0028939007306163487
2026-02-24,490,0.557645365834154,0.5507229693903628,0.006922396443791315
2026-02-25,495,0.552909392911929,0.5437448782605246,0.009164514651404328
2026-02-26,478,0.6305392259524949,0.6285892946488469,0.0019499313036479141
2026-02-27,479,0.5190800213972617,0.5139299534223322,0.005150067974929497
2026-03-02,493,0.5675096419078753,0.5654858540562843,0.002023787851591007
2026-03-03,489,0.4268296310911759,0.4309546738425077,-0.004125042751331773
2026-03-04,489,0.6205098703917972,0.6193424095269824,0.0011674608648147352
2026-03-05,476,0.6403012184154138,0.631892050686332,0.008409167729081814
2026-03-06,485,0.4352608716636087,0.4404704532562647,-0.0052095815926560905
2026-03-09,483,0.5408971202962982,0.5262581876134581,0.014638932682840038
2026-03-10,489,0.46037985794145003,0.4560859846661105,0.004293873275339476
2026-03-11,495,0.7557775779572071,0.7517823942967882,0.003995183660418968
2026-03-12,475,0.4028600044678307,0.4028290521635066,3.095230432407267e-05
2026-03-13,482,0.39044295427738857,0.3846205274474535,0.005822426829935038
2026-03-16,488,0.3727286068083985,0.3714364192273422,0.0012921875810562268
2026-03-17,496,0.5693504455613806,0.5647944929084793,0.0045559526529012845
2026-03-18,493,0.3995804511552097,0.3986429301751442,0.0009375209800654569
2026-03-19,493,0.6019201074229361,0.5998022076805014,0.002117899742434737
2026-03-20,495,0.4808912391371663,0.4830884700626823,-0.0021972309255159682
2026-03-23,494,0.5464297292455418,0.5381376291426635,0.008292100102878315
2026-03-24,494,0.38919162480228703,0.3897382630182331,-0.0005466382159460742
2026-03-25,496,0.5847726934091667,0.5871240708337129,-0.002351377424546141
2026-03-26,492,0.6399247969971273,0.6266978100552523,0.013226986941875076
2026-03-27,495,0.525957564006486,0.5261299279615125,-0.00017236395502650146
2026-03-30,474,0.732266670482941,0.7461116507130323,-0.013844980230091234
2026-03-31,491,0.51402543798031,0.49697959807460845,0.01704583990570154
2026-04-01,487,0.41493451448029867,0.4077865749502262,0.007147939530072427
2026-04-02,493,0.3517448914917305,0.3527797513946427,-0.0010348599029122128
2026-04-06,494,0.39655646035741055,0.39172710274786077,0.004829357609549812
2026-04-07,497,1.036739332655201,1.0497370466184868,-0.01299771396328561
2026-04-08,491,0.500083223724696,0.49538430778612164,0.004698915938574438
2026-04-09,491,0.47697522811489235,0.4728761546851798,0.004099073429712498
2026-04-10,496,0.5767136876368713,0.5717176384815088,0.004996049155362425
2026-04-13,495,0.42921069852862015,0.42315568137995085,0.006055017148669293
2026-04-14,492,0.4909725543170382,0.4908741967604417,9.835755659647692e-05
2026-04-15,495,0.46765914464892183,0.4690324120964939,-0.0013732674475720884
2026-04-16,493,0.6154371133291637,0.6189494000432691,-0.003512286714105496
2026-04-17,493,0.36014612167120735,0.36327045265574553,-0.003124330984538205
2026-04-20,496,0.5336427842817251,0.5325047421495974,0.001138042132127685
2026-04-21,493,0.4798821661540404,0.478013315260724,0.0018688508933163912
2026-04-22,496,0.7953447406018564,0.7861156552830424,0.009229085318814004
2026-04-23,496,0.533777369661299,0.5343365348985651,-0.0005591652372662295
2026-04-24,496,0.40031187999165063,0.39621473248869116,0.0040971475029594655
2026-04-27,496,0.5298794001492316,0.5271779426570693,0.0027014574921623
2026-04-28,495,0.6706108916973311,0.6622523757987223,0.008358515898608764
2026-04-29,490,0.730902730082688,0.7278855363674913,0.0030171937151967777
2026-04-30,491,0.47477293991156455,0.4646640404371771,0.010108899474387492
2026-05-01,490,0.505915112896716,0.5032511529614804,0.002663959935235598
2026-05-04,493,0.5406644033427925,0.5383774222810802,0.0022869810617124216
2026-05-05,496,0.8889311269916916,0.8880123902632215,0.0009187367284700259
2026-05-06,495,0.643363907152036,0.6407890183044236,0.002574888847612304
2026-05-07,483,0.6392743239962767,0.6295598876135804,0.009714436382696286
2026-05-08,491,0.6400620658749713,0.6308396391341958,0.009222426740775516
2026-05-11,493,0.4302708610763989,0.42859635421454084,0.0016745068618580754
2026-05-12,490,0.5458029033191213,0.5430573426200586,0.0027455606990627116
2026-05-13,490,0.44161877352377876,0.4398516224600872,0.0017671510636915655
2026-05-14,471,0.5858949151322602,0.5883196606110489,-0.0024247454787887143
2026-05-15,485,0.5688191439651387,0.5635955918935364,0.005223552071602252
2026-05-18,493,0.4635074628215142,0.46322466829782416,0.0002827945236900016
2026-05-19,491,0.5878771592215895,0.589287901415379,-0.0014107421937895985
2026-05-20,491,0.45602914891864876,0.45500362289352175,0.0010255260251270434
2026-05-21,477,0.4623950363363263,0.4638315890408286,-0.001436552704502299
2026-05-22,493,0.5148004568280475,0.5190951216440681,-0.004294664816020567
2026-05-26,493,0.4845914242525915,0.48244590045115326,0.002145523801438287
2026-05-27,494,0.550757633979252,0.549516321526839,0.0012413124524130053
2026-05-28,480,0.6075562642943896,0.6005937065158472,0.006962557778542414
2026-05-29,476,0.7641712317330829,0.7493127380651062,0.01485849366797669
2026-06-01,494,0.6726367845585803,0.6736615287709897,-0.0010247442124094025
2026-06-02,492,0.5519892804596248,0.5466596682405486,0.005329612219076215
2026-06-03,490,0.5853950063200486,0.5800385322380129,0.00535647408203563
2026-06-04,478,0.8111332756144968,0.8096440227748306,0.001489252839666105
2026-06-05,491,0.47992048540999677,0.48715493360330986,-0.007234448193313107
2026-06-08,491,0.6029728508413862,0.6025107655166181,0.00046208532476818586
2026-06-09,490,0.7228153990220693,0.7041601533180313,0.018655245704037954
2026-06-10,494,0.7489990132381572,0.7655062952906598,-0.016507282052502577
2026-06-11,485,0.45959730268534466,0.43240910796253174,0.027188194722812878
2026-06-12,468,0.5999765797649131,0.6011865153528191,-0.0012099355879059415
2026-06-15,490,0.4432548071671007,0.4437810316359956,-0.0005262244688948555
2026-06-16,494,0.6999850611669935,0.6911563317366464,0.008828729430347125
2026-06-17,493,0.5827998548666995,0.5840634790707242,-0.0012636242040246696
2026-06-18,492,0.5550580422780921,0.5482150342182989,0.006843008059793234
2026-06-22,494,0.6592437624854561,0.6633979836461293,-0.0041542211606731775
2026-06-23,494,0.6006612294741795,0.6000532116852986,0.0006080177888810059
2026-06-24,493,0.6268909761736371,0.6262339069736955,0.0006570691999416439
2026-06-25,492,0.7243063722670661,0.7336280063381572,-0.009321634071091125
2026-06-26,494,0.5326785200673059,0.5255169612318998,0.007161558835405991
2026-06-29,475,0.5327370480890091,0.5283655761922437,0.004371471896765503
2026-06-30,489,0.7055442474157398,0.7164609371954364,-0.010916689779696436
2026-07-01,490,0.7893902678640151,0.7906260221375673,-0.001235754273552209
2026-07-02,490,0.49386471183713715,0.490854320173533,0.0030103916636041957
2026-07-06,494,0.5310612497062184,0.5319036514081922,-0.0008424017019737462
2026-07-07,495,0.6376162103245406,0.6287563391444918,0.00885987118004876
2026-07-08,493,0.46380387667076167,0.4625320550115172,0.0012718216592444305
2026-07-09,489,0.36334769575580883,0.35712229529863937,0.006225400457169541
2026-07-10,496,0.5297330310793957,0.5261310220525005,0.0036020090268951747
2026-07-13,497,0.5315150511405815,0.5282315864327604,0.0032834647078211084
2026-07-14,492,0.5384425611061224,0.5414052488765811,-0.002962687770458721
2026-07-15,497,0.823583032953634,0.8114044531218717,0.012178579831762362
2026-07-16,493,0.5034662603983071,0.4851818310549292,0.0182844293433779
2026-07-17,492,0.403537689651539,0.3977021513555114,0.005835538296027665
2026-07-20,495,0.5589956176221742,0.5608343651487703,-0.001838747526596081
2026-07-21,495,0.5070421314727857,0.4973465545892464,0.009695576883539295
2026-07-22,495,0.5831000035508043,0.5764701969211526,0.006629806629651655
2026-07-23,492,0.6257129806909733,0.6131502073218739,0.01256277336909935
2026-07-24,496,0.6221788446742191,0.6153300839266023,0.006848760747616807
2026-07-27,495,0.8261235559650277,0.8148851230882096,0.011238432876818102
2026-07-28,496,0.7793031535367744,0.760405425282904,0.01889772825387049
2026-07-29,495,0.8842727317676602,0.8811673161024824,0.0031054156651777825
2026-07-30,487,0.5906072422797828,0.5491444369058612,0.04146280537392162
2026-07-31,489,0.5912749920617546,0.5843184235544335,0.006956568507320957
2026-08-03,495,0.7450823647755734,0.740099933652014,0.004982431123559497
2026-08-04,495,0.5097382036242883,0.5000887051939914,0.009649498430296931
2026-08-05,496,0.5471499954872617,0.535657971482057,0.011492024005204667
2026-08-06,488,0.5336614165009588,0.5282140646820261,0.005447351818932455
2026-08-07,490,0.5578673090412384,0.5498195496299086,0.008047759411329635
2026-08-10,494,0.3980830288882228,0.39061087703930886,0.00747215184891391
2026-08-11,490,0.4565674547779818,0.45536128286290745,0.0012061719150742946
2026-08-12,490,0.48844403382495166,0.49111970574499175,-0.002675671920040056
2026-08-13,472,0.39093273282502433,0.3891727556585884,0.0017599771664359588
2026-08-14,487,0.5138378061919796,0.5148073779539001,-0.0009695717619204932
2026-08-17,490,0.521647939904514,0.5236939175774381,-0.002045977672924125
2026-08-18,486,0.8655878999690824,0.8641875892791377,0.001400310689944642
2026-08-19,491,0.5106244523031026,0.5015228741337588,0.009101578169343795
2026-08-20,488,0.43800648805579834,0.4263066283334932,0.011699859722305105
2026-08-21,490,0.44247146404115284,0.4305957148316255,0.011875749209527353
