origin_trading_day,rows,baseline_loss,candidate_loss,loss_delta_baseline_minus_candidate
2020-05-06,451,1.4432068850330915,1.226464437654726,0.21674244737836576
2020-05-07,461,1.2348810324122235,1.1515636179070174,0.08331741450520584
2020-05-08,465,1.928683233100023,2.1418689256781906,-0.21318569257816755
2020-05-11,451,1.4390159296704,1.4626991511692573,-0.023683221498857397
2020-05-12,443,1.1693908560195867,1.1431582975627221,0.026232558456864553
2020-05-13,447,2.072352350657955,1.827077531364679,0.24527481929327644
2020-05-14,454,1.5127848709619713,1.2982739249465947,0.2145109460153767
2020-05-15,459,1.8866710859781242,1.5443032733208257,0.3423678126572982
2020-05-18,453,1.166779264637653,0.9579634737554877,0.2088157908821652
2020-05-19,455,1.1795086322739134,0.9225438669362118,0.25696476533770163
2020-05-20,456,1.4074623084674325,1.2911441952924683,0.11631811317496436
2020-05-21,460,1.8307521893634675,1.8282126489807595,0.002539540382707748
2020-05-22,454,1.6059869907077307,1.4683671930074775,0.1376197977002534
2020-05-26,444,1.30084575382062,1.0911476147267027,0.2096981390939173
2020-05-27,443,1.2437120607021241,0.9735856199911389,0.2701264407109854
2020-05-28,452,1.217590094479056,1.0223772210569402,0.19521287342211593
2020-05-29,464,1.6447704379877919,1.6254326999990019,0.01933773798879003
2020-06-01,456,1.6294397538951073,1.6303227037332588,-0.0008829498381514458
2020-06-02,459,2.08306949121422,2.1277249414977795,-0.044655450283559245
2020-06-03,461,1.9162407475431118,1.9522081978342105,-0.035967450291098886
2020-06-04,465,1.3138057261213845,1.203955851533102,0.10984987458828246
2020-06-05,466,1.2647058771197985,0.8730553360389938,0.3916505410808046
2020-06-08,453,2.8818512923788746,3.1220261852139806,-0.24017489283510596
2020-06-09,439,1.8971032555487768,1.818879062636183,0.07822419291259383
2020-06-10,433,1.3428064969226412,1.1859120159654917,0.15689448095714978
2020-06-11,446,1.5329011050400738,1.547136728205111,-0.014235623165037074
2020-06-12,469,1.1105561713282848,0.9612117900040871,0.14934438132419747
2020-06-15,474,0.9494428229450582,0.7863062799497039,0.16313654299535438
2020-06-16,471,1.0768970267090479,1.0113648666706172,0.06553216003843053
2020-06-17,470,0.9501058171191016,0.8398642412770166,0.11024157584208488
2020-06-18,471,0.9166811554825284,0.7542614085416911,0.1624197469408372
2020-06-19,476,1.1129567456113203,1.0881145477930976,0.024842197818222948
2020-06-22,474,0.9960064228349287,0.967094211043162,0.028912211791766812
2020-06-23,472,1.3644638220179157,1.4840332447470892,-0.11956942272917365
2020-06-24,454,0.8192183451958379,0.7754541701397998,0.04376417505603799
2020-06-25,448,0.8167123931045158,0.7151268590476645,0.10158553405685136
2020-06-26,447,1.0799984473858228,1.0079301632947408,0.07206828409108218
2020-06-29,460,0.9291378010789245,0.8536395668060174,0.07549823427290721
2020-06-30,466,0.9014882967157922,0.8449397682114697,0.05654852850432267
2020-07-01,468,0.8669005121518054,0.8371140982813908,0.029786413870414637
2020-07-02,473,0.9013696785477804,0.8849506728895018,0.016419005658278488
2020-07-06,467,1.1580593980380354,1.2390663232947157,-0.08100692525668023
2020-07-07,467,0.7653026818443812,0.7330598523149696,0.03224282952941158
2020-07-08,468,0.7974696524965086,0.7913821037706832,0.006087548725825289
2020-07-09,472,1.107318904326309,1.0348742607628936,0.0724446435634155
2020-07-10,472,1.1935933124680933,1.1154289477611394,0.07816436470695393
2020-07-13,468,1.1476447824802414,1.0833313617640357,0.06431342071620573
2020-07-14,469,0.9241800492413017,0.8619287692949701,0.06225127994633166
2020-07-15,471,0.8329794374268661,0.7984714923492258,0.034507945077640274
2020-07-16,473,0.7550364038650054,0.6539231309933452,0.10111327287166023
2020-07-17,475,0.791654660448176,0.7006513779945209,0.09100328245365503
2020-07-20,471,0.9234524220720586,0.844762174681417,0.07869024739064144
2020-07-21,471,0.8081429449138615,0.7587086209738287,0.04943432394003289
2020-07-22,472,0.7700692505582828,0.7531944702240414,0.016874780334241297
2020-07-23,473,0.7498001006043469,0.7146116216826874,0.035188478921659425
2020-07-24,475,0.835320661253096,0.7803660753293119,0.054954585923784036
2020-07-27,467,0.8652076703765739,0.8200099698060104,0.045197700570563513
2020-07-28,457,0.9340424527126358,0.9076065989753133,0.026435853737322528
2020-07-29,455,0.8970112662098113,0.9017186276265357,-0.0047073614167243896
2020-07-30,463,0.8215392154248766,0.7930603873455045,0.028478828079372118
2020-07-31,476,0.9199560862963088,0.8911782985993396,0.02877778769696919
2020-08-03,470,0.9357054366416119,0.8839628894059148,0.05174254723569711
2020-08-04,462,0.9616870412020841,0.9265826293600524,0.03510441184203174
2020-08-05,459,1.076524872862731,1.0314300547142012,0.045094818148529704
2020-08-06,464,1.1273600616279813,1.1200122582079781,0.007347803420003064
2020-08-07,470,0.8318027463855462,0.7828239265387282,0.0489788198468179
2020-08-10,448,0.6949048053557003,0.6417144337942783,0.05319037156142202
2020-08-11,443,0.6821918841945375,0.6437641959549834,0.038427688239554135
2020-08-12,442,0.6835154253958102,0.634727326034765,0.04878809936104514
2020-08-13,458,0.6636622856119505,0.6128564140884603,0.050805871523490344
2020-08-14,459,0.7020352125649106,0.6710316990439199,0.031003513520990775
2020-08-17,457,0.7462501293339789,0.738557921752566,0.007692207581413045
2020-08-18,461,0.7028859487860009,0.6800416504856487,0.02284429830035229
2020-08-19,462,0.6755286853865301,0.6166394867764036,0.0588891986101265
2020-08-20,466,0.6548448541173494,0.5849922987295455,0.06985255538780372
2020-08-21,469,0.7378833809029821,0.6808530741548582,0.05703030674812402
2020-08-24,466,0.7042514270175758,0.6619199273270441,0.04233149969053168
2020-08-25,457,0.7548623882062656,0.70403970743243,0.050822680773835525
2020-08-26,442,0.6698956166293523,0.6167681590269513,0.053127457602401014
2020-08-27,443,0.6804751187607181,0.6473380749113091,0.033137043849409076
2020-08-28,448,0.764795551204349,0.7358386653142449,0.02895688589010395
2020-08-31,451,0.7057864993227201,0.6672429207845798,0.03854357853814023
2020-09-01,459,0.9695124940937957,0.9840294109513336,-0.014516916857537901
2020-09-02,458,1.8386871748602762,1.9523316275044262,-0.11364445264415002
2020-09-03,464,0.7522798676335685,0.7364626869159653,0.01581718071760311
2020-09-04,458,0.9426441461912027,0.9418598247531351,0.0007843214380676002
2020-09-08,462,0.6934394745183645,0.7291442500252211,-0.03570477550685657
2020-09-09,443,0.6993696436189585,0.6818317789574534,0.01753786466150513
2020-09-10,442,0.8629717507520904,0.87022769573036,-0.007255944978269605
2020-09-11,441,0.8938614151306511,0.8630749799720321,0.030786435158619035
2020-09-14,466,0.6452867176370155,0.6292003511614602,0.016086366475555284
2020-09-15,470,0.7982363055547388,0.796861009433134,0.0013752961216047725
2020-09-16,472,1.2971474981500852,1.353750484080776,-0.05660298593069049
2020-09-17,473,1.1363827035838143,1.1763366195904452,-0.0399539160066311
2020-09-18,475,1.3852239499983352,1.4086103022111949,-0.023386352212859823
2020-09-21,474,0.755848655298393,0.7520548457466962,0.0037938095516966744
2020-09-22,471,0.6144217843167947,0.6198042040008115,-0.005382419684016883
2020-09-23,473,1.0089965207628295,0.9862567091330225,0.022739811629806955
2020-09-24,456,0.8554529925794137,0.8295409802333739,0.025912012346039806
2020-09-25,451,0.7059974430791222,0.6879236126342245,0.018073830444897684
2020-09-28,445,0.6992081342647385,0.7005224164015347,-0.0013142821367961716
2020-09-29,462,0.7212255928730046,0.7069838503068913,0.01424174256611332
2020-09-30,466,0.8632168484853497,0.8478267502519634,0.015390098233386194
2020-10-01,470,0.7526677170720325,0.7380572823218535,0.014610434750178952
2020-10-02,472,0.8874996120621651,0.8823740589910326,0.005125553071132582
2020-10-05,463,0.7643179464037829,0.7390094097369118,0.025308536666871124
2020-10-06,463,1.0376972402185933,1.0416831904919124,-0.003985950273319004
2020-10-07,464,0.8293938105434172,0.8208827108853998,0.008511099658017388
2020-10-08,478,0.7705708505987736,0.7717902101367391,-0.0012193595379653968
2020-10-09,476,0.6512294492363019,0.636579998480956,0.014649450755345786
2020-10-12,471,0.6818447685657011,0.6680895172465475,0.013755251319153481
2020-10-13,469,0.6185064483572895,0.6015630270573169,0.01694342129997256
2020-10-14,473,0.6957973011933142,0.6843431675950487,0.011454133598265526
2020-10-15,476,0.6514461148705316,0.637749656238547,0.013696458631984699
2020-10-16,476,0.719694267827856,0.7157542396743563,0.00394002815349972
2020-10-19,472,0.8726301877220123,0.8654358519098225,0.007194335812189732
2020-10-20,473,0.7551734234191301,0.7352270989814809,0.019946324437649217
2020-10-21,474,0.7187944265430325,0.7084853275511636,0.010309098991868878
2020-10-22,475,1.0762284626562981,1.0975587907257616,-0.021330328069463413
2020-10-23,476,2.1935930515902347,2.393277979757671,-0.19968492816743671
2020-10-26,468,1.2194600501255322,1.1891109725036266,0.030349077621905324
2020-10-27,460,1.0774972814545354,1.088838965757604,-0.01134168430306869
2020-10-28,459,1.2335685533303316,1.285326369871296,-0.05175781654096435
2020-10-29,466,1.4339010995774377,1.4480648602367638,-0.014163760659325965
2020-10-30,476,1.7049866628770387,1.688545934170733,0.016440728706305845
2020-11-02,466,1.7792850683868928,1.777453324695961,0.0018317436909317572
2020-11-03,461,1.450980477609294,1.475764843245056,-0.02478436563576182
2020-11-04,453,2.8301208802646927,2.8354622777223373,-0.005341397457644433
2020-11-05,457,2.4276898535996527,2.4703175218471736,-0.042627668247520796
2020-11-06,464,2.1535736405665817,2.1765010296523375,-0.02292738908575545
2020-11-09,455,0.8398126350033761,0.8339294004216431,0.005883234581733014
2020-11-10,450,0.7245411677109496,0.7470855722018374,-0.022544404490887706
2020-11-11,448,0.9314732865738208,1.0201798351828135,-0.08870654860899278
2020-11-12,457,1.246736144880843,1.3763509725390908,-0.1296148276582479
2020-11-13,462,0.8010066479112598,0.8318769631412366,-0.030870315229976783
2020-11-16,454,0.8305881049875482,0.7897977227641055,0.04079038222344275
2020-11-17,460,0.7558998030849553,0.7169217811769294,0.038978021908025746
2020-11-18,462,0.8034057240236622,0.7843186955945899,0.01908702842907235
2020-11-19,467,1.1327550848102494,1.1871361037702313,-0.05438101895998182
2020-11-20,466,1.0782720519133513,1.1053479258182977,-0.027075873904946278
2020-11-23,458,0.7152332986627357,0.6712834560582882,0.04394984260444747
2020-11-24,448,0.918967055465477,0.9185577827955564,0.0004092726699205359
2020-11-25,441,0.7498389816089214,0.7016929284947928,0.04814605311412856
2020-11-27,449,0.6934465740787205,0.6259186609295849,0.06752791314913563
2020-11-30,447,0.8478222327476956,0.8430818733110158,0.00474035943667983
2020-12-01,454,0.959589211338922,0.9481738148676312,0.011415396471290794
2020-12-02,459,0.7645669495813799,0.7240897974610868,0.04047715212029324
2020-12-03,471,0.7191358956533184,0.6794725436934123,0.039663351959906216
2020-12-04,468,0.6401948526089396,0.5864126636374464,0.05378218897149319
2020-12-07,459,0.6849733497909367,0.6448356727526867,0.040137677038250004
2020-12-08,459,0.6832752743855929,0.6502144773495565,0.03306079703603643
2020-12-09,444,0.7271869855053478,0.7185063811205165,0.00868060438483136
2020-12-10,446,0.6481707473254454,0.6041085139412544,0.04406223338419111
2020-12-11,449,0.6843217549250219,0.6394588998843106,0.044862855040711344
2020-12-14,465,0.7969312949856511,0.7785886841540103,0.0183426108316408
2020-12-15,465,0.7343428830549701,0.7090440479735639,0.025298835081406297
2020-12-16,465,0.6905264483257109,0.6634960965991735,0.027030351726537255
2020-12-17,466,0.7801744435970139,0.7843791031968115,-0.004204659599797677
2020-12-18,472,0.6539016401430761,0.6291706773749618,0.02473096276811434
2020-12-21,467,0.5352304039070789,0.49374673101448024,0.04148367289259856
2020-12-22,472,0.6151874567830983,0.572511487203649,0.04267596957944925
2020-12-23,473,0.5640873800171868,0.5102122521809211,0.05387512783626574
2020-12-24,462,0.551974246765909,0.48239061050180054,0.06958363626410846
2020-12-28,451,0.5426621893631077,0.4767217560364892,0.06594043332661846
2020-12-29,446,0.6215821088663982,0.5721555194246696,0.04942658944172868
2020-12-30,462,0.6710284460820887,0.6289340889209887,0.04209435716109996
2020-12-31,472,1.1496309124400186,1.1921458301277625,-0.042514917687743965
2021-01-04,465,1.5528233155384645,1.602807341979271,-0.04998402644080642
2021-01-05,463,1.2242431161466656,1.252462873419752,-0.028219757273086364
2021-01-06,464,0.8128554021593667,0.8148136935068477,-0.00195829134748111
2021-01-07,476,0.7607659554309865,0.7422638194741219,0.018502135956864542
2021-01-08,478,0.759035788416716,0.7351073975956797,0.02392839082103638
2021-01-11,473,0.8955698829324945,0.8802688843369406,0.015300998595553906
2021-01-12,471,0.8142801744380834,0.7896206191708133,0.024659555267270157
2021-01-13,468,0.752409580294343,0.7168603960521939,0.035549184242149166
2021-01-14,473,0.7745657336787175,0.7568558643090727,0.01770986936964481
2021-01-15,468,0.7928926561879227,0.7804539072378008,0.012438748950121804
2021-01-19,472,0.7484404276165189,0.7336386661526372,0.014801761463881688
2021-01-20,472,0.8051352004279008,0.8056291691312859,-0.0004939687033851752
2021-01-21,478,0.9118609442734763,0.9146604435278963,-0.002799499254420018
2021-01-22,479,1.5185623580911067,1.6197966900260035,-0.10123433193489674
2021-01-25,473,0.9043266431736181,0.8924727381529898,0.01185390502062842
2021-01-26,461,1.1259344659777122,1.1520540359059002,-0.026119569928187834
2021-01-27,460,0.9752030512663508,0.989177146875159,-0.01397409560880824
2021-01-28,464,0.8202007098428814,0.8261786959558848,-0.0059779861130034705
2021-01-29,477,1.075394518106236,1.084016023980598,-0.008621505874361973
2021-02-01,468,1.1358813056270305,1.1268034753886196,0.009077830238410895
2021-02-02,466,0.9503779742132922,0.9446620989405939,0.0057158752726981085
2021-02-03,461,1.1033253029910237,1.101080596808505,0.0022447061825188125
2021-02-04,465,0.7880522636634902,0.7562952428930825,0.03175702077040773
2021-02-05,466,0.725931672877329,0.6927301204674111,0.03320155240991785
2021-02-08,451,0.7331780908783394,0.6994265389426162,0.03375155193572317
2021-02-09,449,0.7996872152043001,0.7730292489069688,0.026657966297331213
2021-02-10,444,0.8214355611571879,0.8147983507019966,0.006637210455191384
2021-02-11,458,0.7431168209781992,0.7337570280838565,0.009359792894342822
2021-02-12,458,0.7557015705842243,0.7446798681638899,0.0110217024203345
2021-02-16,455,0.6628595026731747,0.6512496315255717,0.01160987114760299
2021-02-17,458,0.8938278341870994,0.9051793854029706,-0.01135155121587121
2021-02-18,461,1.0987597725386085,1.1236497423152891,-0.02488996977668061
2021-02-19,469,1.1540802352586081,1.2061763379360253,-0.05209610267741714
2021-02-22,456,0.7844337114502103,0.7763360280464585,0.008097683403751683
2021-02-23,444,0.8295791377074178,0.8072537954989106,0.022325342208507157
2021-02-24,444,0.6967221594885037,0.6854376232959031,0.011284536192600584
2021-02-25,457,0.7298339361767914,0.754158860291263,-0.024324924114471624
2021-02-26,468,0.8445417949218473,0.856729100158905,-0.012187305237057768
2021-03-01,459,1.2808174458036583,1.2997800583230767,-0.018962612519418335
2021-03-02,453,0.9938148409478239,0.9873308967645282,0.006483944183295519
2021-03-03,457,1.1632600933383148,1.1341615575810915,0.029098535757223352
2021-03-04,451,1.0389811647894809,1.1121760173275792,-0.07319485253809821
2021-03-05,459,0.8095193035941219,0.8493326114237025,-0.03981330782958062
2021-03-08,448,1.0476245601971903,1.0146284028656225,0.03299615733156765
2021-03-09,442,0.8541724025613712,0.8867375463584509,-0.03256514379707974
2021-03-10,435,0.879507151531228,0.8829361641083073,-0.003429012577079253
2021-03-11,438,0.6778929592037636,0.6582701721550628,0.01962278704870077
2021-03-12,460,0.6723605049777142,0.6519903422200473,0.020370162757666743
2021-03-15,464,0.7870307186647267,0.7858437173545895,0.001187001310137335
2021-03-16,471,0.7131484225349684,0.7107302857876808,0.00241813674728758
2021-03-17,472,0.7637782318129109,0.7638414354197768,-6.320360686584773e-05
2021-03-18,475,0.888417460093413,0.8902926461331884,-0.001875186039775324
2021-03-19,477,0.8249426221684611,0.8605858538857742,-0.035643231717313144
2021-03-22,474,0.7131546408648374,0.736212373356572,-0.02305773249173454
2021-03-23,473,1.1476527533200485,1.1836745379653117,-0.036021784645263406
2021-03-24,476,0.9394923539716197,0.9487581955305779,-0.009265841558958259
2021-03-25,461,0.6464431754330404,0.6297064140379569,0.016736761395083476
2021-03-26,452,0.5422962962501667,0.50574960956722,0.03654668668294669
2021-03-29,449,0.736747648156316,0.6847986085149287,0.051949039641387265
2021-03-30,462,0.8353280342825524,0.8024544901642401,0.03287354411831235
2021-03-31,469,0.7429981083788758,0.7171813151768643,0.025816793202011495
2021-04-01,471,0.5419343578596264,0.4934311946527264,0.04850316320690003
2021-04-05,466,0.5304734351227651,0.48360166443879204,0.046871770683973135
2021-04-06,467,0.5348893798896507,0.49025059389447107,0.04463878599517954
2021-04-07,467,0.5876108689835408,0.5564834285603737,0.03112744042316709
2021-04-08,478,0.542858782686564,0.5205703084353869,0.022288474251177057
2021-04-09,476,0.5178530890560089,0.4763104820984843,0.0415426069575246
2021-04-12,473,0.5782555239809285,0.5485283435182022,0.029727180462726214
2021-04-13,473,0.6118383835920727,0.5893616145382499,0.022476769053822794
2021-04-14,478,0.5902021155405838,0.5749469850995153,0.01525513044106844
2021-04-15,476,0.6909673711440768,0.7075734464634987,-0.016606075319421865
2021-04-16,475,0.5745843494828089,0.5470799782015815,0.02750437128122726
2021-04-19,471,0.6084635841229343,0.5876175015133768,0.02084608260955754
2021-04-20,474,0.7367880853242087,0.7243794396207675,0.01240864570344119
2021-04-21,475,0.6302817407949877,0.5973041968383753,0.032977543956612364
2021-04-22,478,0.728477875412748,0.7088332251313907,0.01964465028135729
2021-04-23,480,0.6808302275759593,0.6494793271775683,0.03135090039839105
2021-04-26,472,0.7125328177709026,0.6950329319879449,0.01749988578295767
2021-04-27,462,0.682112126294538,0.6803067336107941,0.0018053926837437641
2021-04-28,462,0.7325296052103281,0.7473215850743636,-0.014791979864035626
2021-04-29,470,0.7962035610198813,0.8129720202355846,-0.016768459215703187
2021-04-30,480,0.8796713738468357,0.8953163812212167,-0.015645007374381015
2021-05-03,471,0.8532538800100946,0.8829518068909861,-0.029697926880891488
2021-05-04,461,0.8233712910764971,0.8351410107514111,-0.011769719674914017
2021-05-05,457,0.7530338399327171,0.7667737972834818,-0.013739957350764812
2021-05-06,464,0.6167121174739258,0.6065845886388538,0.010127528835072177
2021-05-07,469,1.3008035441840506,1.3788272304928366,-0.07802368630878605
2021-05-10,455,0.7806576361873139,0.7823692624541401,-0.001711626266826258
2021-05-11,448,0.5349954950203802,0.5423898501853318,-0.007394355164951511
2021-05-12,452,0.8757470833955668,0.9362278510922069,-0.060480767696640035
2021-05-13,463,0.6053594291895513,0.6070357583343718,-0.0016763291448204036
2021-05-14,466,0.6652897381964392,0.6763577866229528,-0.011068048426513398
2021-05-17,457,0.7092789172694813,0.6987899822871779,0.010488934982303532
2021-05-18,459,0.5896995427515801,0.569399508659268,0.020300034092312003
2021-05-19,460,0.6322633679950271,0.614366689861622,0.01789667813340506
2021-05-20,465,0.5004436822788206,0.47478625722884216,0.025657425049978477
2021-05-21,468,0.5439472551943204,0.511643330669567,0.03230392452475333
2021-05-24,454,0.56555989394666,0.5255275616231482,0.04003233232351184
2021-05-25,441,0.5368250694347727,0.5103001263042197,0.026524943130552897
2021-05-26,438,0.622927830511064,0.6063656822166171,0.016562148294446855
2021-05-27,452,0.5918534913937378,0.584534463890568,0.007319027503169713
2021-05-28,455,0.6434248376408385,0.6424145106970268,0.0010103269438116002
2021-06-01,460,0.5796423754994826,0.5673188210964619,0.012323554403020673
2021-06-02,460,0.5683245615849798,0.5479099124785743,0.02041464910640544
2021-06-03,470,0.5769547074419564,0.5572306012402133,0.019724106201743172
2021-06-04,464,0.6033618360489248,0.5835401420732799,0.019821693975645004
2021-06-07,460,0.6173058742824155,0.6054448511790939,0.011861023103321666
2021-06-08,462,0.5628595186474286,0.5395444341837728,0.023315084463655707
2021-06-09,445,0.5881732918595948,0.5772860021101102,0.010887289749484616
2021-06-10,447,0.4770117507535666,0.4595815026837059,0.0174302480698607
2021-06-11,447,0.562078631028175,0.5525612441289461,0.009517386899228816
2021-06-14,468,0.7273742652796081,0.7218100237573518,0.005564241522256243
2021-06-15,473,1.2383521728514222,1.2816393206745276,-0.043287147823105346
2021-06-16,473,0.6316161999386501,0.6247491285762495,0.00686707136240054
2021-06-17,476,0.485013638550816,0.5115063816944706,-0.026492743143654657
2021-06-18,477,0.6372510404303889,0.6478317946203825,-0.010580754189993609
2021-06-21,473,0.5355350921595603,0.5374739347692725,-0.001938842609712189
2021-06-22,469,0.562303601299818,0.5483688382489645,0.01393476305085347
2021-06-23,470,0.5898497654755814,0.5851848563469237,0.004664909128657613
2021-06-24,459,0.5565323063171228,0.5546697369571907,0.0018625693599320491
2021-06-25,454,0.5205699658845386,0.522234863985653,-0.0016648981011144499
2021-06-28,447,0.44082516978863184,0.4326263374012242,0.008198832387407606
2021-06-29,459,0.4689892077745554,0.45462649465618393,0.014362713118371518
2021-06-30,464,0.5569926724345547,0.5599817912665563,-0.00298911883200154
2021-07-01,471,0.661729728745155,0.6758053949701217,-0.014075666224966716
2021-07-02,470,0.7435161560429188,0.7745656570374406,-0.03104950099452186
2021-07-06,470,0.4296218448714036,0.4274660613981914,0.0021557834732122134
2021-07-07,471,0.46248065841027153,0.4516490514348947,0.010831606975376882
2021-07-08,478,0.4822275234670789,0.47720538149865743,0.005022141968421442
2021-07-09,475,0.5248697687251026,0.5257590921628997,-0.0008893234377971335
2021-07-12,472,0.6449264567750329,0.665421023416354,-0.020494566641321085
2021-07-13,471,0.749469679557051,0.7874879504661778,-0.03801827090912677
2021-07-14,477,1.0428032019491185,1.0590299561616014,-0.016226754212482927
2021-07-15,475,0.5717496234203736,0.572799199676631,-0.0010495762562572103
2021-07-16,475,0.6334304902038499,0.6381688935912108,-0.004738403387360807
2021-07-19,472,0.9513296776339074,0.9574704437007282,-0.006140766066820792
2021-07-20,475,0.6230449203517626,0.6463668645889554,-0.023321944237192877
2021-07-21,473,0.5406819451368852,0.5344345997444835,0.006247345392401624
2021-07-22,476,0.5557063819856486,0.5453216365608353,0.010384745424813258
2021-07-23,477,0.5172100102142039,0.5074576065809374,0.009752403633266425
2021-07-26,470,0.5901062892091113,0.585400545556688,0.004705743652423447
2021-07-27,458,0.6559063164892383,0.6533195016485268,0.002586814840711519
2021-07-28,458,0.6479807354462348,0.6504621865992228,-0.0024814511529879417
2021-07-29,468,0.68338912159272,0.682023271027454,0.001365850565266181
2021-07-30,480,0.6854645418318419,0.6925402116633751,-0.007075669831533043
2021-08-02,475,0.6612190670001121,0.6689132900017207,-0.007694223001608505
2021-08-03,469,0.6009541760803644,0.597916474093259,0.0030377019871054576
2021-08-04,460,0.6608317193494581,0.6612166407049174,-0.00038492135545925614
2021-08-05,465,0.7033710102913557,0.7068726170849615,-0.003501606793605786
2021-08-06,466,0.6723021969560895,0.6716532185856295,0.0006489783704599007
2021-08-09,454,0.6631105575333092,0.6646287430764568,-0.0015181855431476122
2021-08-10,446,0.5143308885882452,0.5237433034692476,-0.009412414881002409
2021-08-11,449,0.5623539596307079,0.5689697104927032,-0.006615750861995347
2021-08-12,461,0.689576959357724,0.7105463183672532,-0.02096935900952912
2021-08-13,464,0.7049481396991805,0.7187854625673368,-0.013837322868156206
2021-08-16,455,0.8145512470934336,0.8302107620160619,-0.015659514922628275
2021-08-17,460,0.5669208589060848,0.567578515972873,-0.0006576570667881102
2021-08-18,462,0.5013906601500664,0.5019649937910852,-0.0005743336410186983
2021-08-19,471,0.7769900706970879,0.7554348884534353,0.02155518224365255
2021-08-20,472,0.8215404106303521,0.8072766831795298,0.01426372745082223
2021-08-23,471,0.5502675695439602,0.5345193700882734,0.015748199455686705
2021-08-24,468,0.5160606809006543,0.5130464901241835,0.0030141907764707782
2021-08-25,462,0.4931438761554141,0.49081972719873274,0.0023241489566813243
2021-08-26,444,0.4654213124632484,0.46071459605845594,0.004706716404792459
2021-08-27,446,0.5440845744546366,0.5422912901923334,0.0017932842623033204
2021-08-30,440,0.5283210765444439,0.5196614735819963,0.008659602962447577
2021-08-31,458,0.4891982561535002,0.4911869168020014,-0.0019886606485012156
2021-09-01,455,0.5244623381472374,0.5110900722625403,0.013372265884697046
2021-09-02,466,0.5984935954566364,0.5958852933795169,0.002608302077119551
2021-09-03,455,0.6338465680076782,0.6223124226875548,0.011534145320123514
2021-09-07,458,0.5947883399750862,0.5937434635181111,0.0010448764569750725
2021-09-08,460,0.6746326520213405,0.6573524125702627,0.017280239451078004
2021-09-09,450,0.6228642567761227,0.6163930747447656,0.006471182031357047
2021-09-10,445,0.5794823384756039,0.5865928879820016,-0.0071105495063977535
2021-09-13,444,0.5318699808686412,0.5393163292027143,-0.007446348334073039
2021-09-14,468,0.5562867485804045,0.5513838011427972,0.004902947437607324
2021-09-15,474,0.9087730183927398,0.8936673019974655,0.015105716395274407
2021-09-16,475,0.9251580242083212,0.9179831239885246,0.007174900219796657
2021-09-17,476,0.5344464842140121,0.5387551964248567,-0.00430871221084464
2021-09-20,472,0.8174619913322766,0.8142470793245911,0.0032149120076854477
2021-09-21,472,0.9610123753269394,0.9469881139596568,0.014024261367282681
2021-09-22,471,0.9365473910407067,0.9277040964110257,0.00884329462968112
2021-09-23,476,0.9524020491830686,0.949158855205983,0.0032431939770854743
2021-09-24,458,0.9005971534571077,0.9107741493674205,-0.010176995910312972
2021-09-27,448,1.0490061231398335,1.041991169150457,0.007014953989376529
2021-09-28,447,0.5583288972338775,0.5718586654690747,-0.01352976823519729
2021-09-29,462,0.7226164852293105,0.7244851640393992,-0.001868678810088656
2021-09-30,471,0.6615992007807878,0.6779116567585998,-0.016312455977811925
2021-10-01,472,0.5506309398741581,0.5647603986482774,-0.014129458774119245
2021-10-04,466,0.6816392817757941,0.6655331874227247,0.016106094353069374
2021-10-05,468,0.5596525362007048,0.5674276348243096,-0.007775098623604787
2021-10-06,469,0.6015231022676212,0.6069115481470924,-0.005388445879471183
2021-10-07,481,0.6254548337987633,0.6206953829910558,0.004759450807707715
2021-10-08,480,0.5796801536958227,0.5728184436506092,0.006861710045213593
2021-10-11,471,0.7395253937513666,0.7305631314878298,0.008962262263536774
2021-10-12,470,0.8292542726330498,0.8225502663453299,0.006704006287719908
2021-10-13,473,0.7880652859719952,0.7859053473550266,0.0021599386169685922
2021-10-14,481,0.5655732449953861,0.5623275046272657,0.0032457403681204313
2021-10-15,481,0.5961109104342124,0.5969647089689365,-0.0008537985347240595
2021-10-18,475,0.6775290009562871,0.6805873553885025,-0.0030583544322153474
2021-10-19,475,0.6512506383605077,0.6626273544835493,-0.011376716123041539
2021-10-20,475,0.6031703885989071,0.6032516158538228,-8.122725491571401e-05
2021-10-21,480,0.5743782504899237,0.5690511231960785,0.005327127293845249
2021-10-22,480,0.7591988968430708,0.7486391643199962,0.010559732523074765
2021-10-25,472,0.7709578934048884,0.7729442673803951,-0.001986373975506708
2021-10-26,460,0.8238336612883197,0.8343594202001732,-0.010525758911853533
2021-10-27,458,0.8115946706863916,0.8069672823367314,0.004627388349660115
2021-10-28,465,0.7329874270974812,0.7327346001657801,0.0002528269317011203
2021-10-29,478,0.8576217766684449,0.8542583245681847,0.0033634521002600484
2021-11-01,471,0.8434500937896912,0.8592713159370639,-0.015821222147372745
2021-11-02,469,0.9397506719775541,0.9470942353625896,-0.007343563385035634
2021-11-03,467,0.8137289410954962,0.8230309662170338,-0.009302025121537548
2021-11-04,467,0.7086410582535114,0.7147679892194518,-0.006126930965940286
2021-11-05,452,0.6107784081964588,0.6092270645314188,0.0015513436650399037
2021-11-08,454,0.5969791875221906,0.5969259801734627,5.320734872796628e-05
2021-11-09,448,0.5721223828589999,0.5846528496087773,-0.012530466749777541
2021-11-10,461,0.5854612368460393,0.5938524411666256,-0.008391204320586291
2021-11-11,454,0.62864715031634,0.6424481590594334,-0.013801008743093347
2021-11-12,464,0.5681504662125294,0.5680223954390241,0.00012807077350524376
2021-11-15,455,0.6663906243248643,0.6695603015378284,-0.0031696772129641837
2021-11-16,459,0.7581388664825213,0.7613002196669081,-0.0031613531843868344
2021-11-17,458,0.6634905649732898,0.6553925928802322,0.008097972093057638
2021-11-18,468,0.6624813947347776,0.6620804169303979,0.000400977804379678
2021-11-19,464,0.6936763317778378,0.6917979227950791,0.001878408982758641
2021-11-22,467,0.8728325688484727,0.869979808426635,0.0028527604218376895
2021-11-23,462,0.8892008937586584,0.893713596684654,-0.00451270292599553
2021-11-24,449,1.540943202569164,1.5783088946204458,-0.03736569205128162
2021-11-26,447,1.158085881486101,1.1380214365086805,0.0200644449774205
2021-11-29,439,0.7681272356836171,0.7844511503978149,-0.0163239147141977
2021-11-30,456,0.7238771426985137,0.7555076216652108,-0.03163047896669703
2021-12-01,458,1.2455610051939288,1.163012432368223,0.0825485728257058
2021-12-02,472,0.8532299077690721,0.8611927569134399,-0.007962849144367708
2021-12-03,470,1.0697838043678436,1.0265826224370531,0.043201181930790596
2021-12-06,459,0.5887802249326697,0.6018813615581615,-0.013101136625491908
2021-12-07,461,0.5888186918638928,0.595974166807847,-0.007155474943954159
2021-12-08,462,0.7760525215797616,0.7890805243980298,-0.01302800281826807
2021-12-09,457,0.6965443287651198,0.7075423964236351,-0.010998067658515338
2021-12-10,453,0.7025447812113713,0.7104228470803116,-0.007878065868940232
2021-12-13,450,0.711805747691172,0.7233321995717042,-0.011526451880532118
2021-12-14,465,0.6164259114329532,0.6224855490847436,-0.006059637651790487
2021-12-15,468,0.9843429219817794,0.9789159143720405,0.005427007609738932
2021-12-16,471,0.7708668236064005,0.7460085378025585,0.024858285803842
2021-12-17,471,0.6429627085061996,0.65843304581924,-0.015470337313040329
2021-12-20,474,1.1251342555761206,1.0690944355099974,0.05603982006612313
2021-12-21,475,0.7966179840172101,0.7886315505960906,0.007986433421119514
2021-12-22,481,0.6228622268829004,0.6080956215597981,0.014766605323102155
2021-12-23,481,0.594408387824274,0.5840963001289162,0.010312087695357698
2021-12-27,467,0.4201251985082689,0.39573347403364884,0.024391724474620118
2021-12-28,456,0.40825069137481623,0.37433632555960655,0.03391436581520968
2021-12-29,453,0.5706831715300444,0.5357930944301887,0.03489007709985562
2021-12-30,467,0.9379231293094497,0.9735826144906419,-0.03565948518119224
2021-12-31,476,1.2489851264163494,1.326416886712369,-0.07743176029601954
2022-01-03,471,1.0258006008093443,1.0447676889714217,-0.01896708816207734
2022-01-04,467,1.0883574867728798,1.086763128531437,0.0015943582414426475
2022-01-05,469,0.7947921217355435,0.7886391760947864,0.006152945640757102
2022-01-06,478,0.6742310926779878,0.6744084352379429,-0.0001773425599552276
2022-01-07,484,0.5880808958734741,0.579857510607435,0.008223385266039166
2022-01-10,477,0.6012205586640816,0.618536851880166,-0.017316293216084397
2022-01-11,474,0.7836765206719509,0.7989635125288592,-0.01528699185690824
2022-01-12,472,1.0881728204928374,1.105833263658465,-0.017660443165627364
2022-01-13,477,1.0896855046410272,1.107388378919975,-0.017702874278947667
2022-01-14,473,1.349836733908718,1.3746767526748793,-0.02484001876616133
2022-01-18,475,1.3151670631469672,1.3228568849873819,-0.007689821840414778
2022-01-19,477,0.8098339811829185,0.8424676287770639,-0.032633647594145485
2022-01-20,483,0.907140735960645,0.9475250359064384,-0.04038429994579332
2022-01-21,482,0.8224754777838633,0.8454913177913168,-0.02301584000745348
2022-01-24,481,1.1924599261618007,1.1648180064138043,0.02764191974799649
2022-01-25,471,0.7984481637439192,0.8292553834209029,-0.03080721967698359
2022-01-26,466,1.1816094174863052,1.11567960515563,0.06592981233067538
2022-01-27,466,1.5182314898062619,1.3903198757600739,0.12791161404618784
2022-01-28,475,1.093140855591889,1.0584384045979929,0.03470245099389595
2022-01-31,476,0.8277584804974552,0.8437817560495627,-0.0160232755521076
2022-02-01,471,0.8640023367155716,0.8703516966885085,-0.006349359972936983
2022-02-02,468,0.9482632181355176,0.9345063375322451,0.013756880603272447
2022-02-03,472,0.842462754615691,0.8452959034623143,-0.002833148846623248
2022-02-04,471,0.9191837311465825,0.9080746728623598,0.011109058284222734
2022-02-07,463,0.7236255080343091,0.7133695488680666,0.010255959166242588
2022-02-08,456,0.8329795788151538,0.8527210731916159,-0.01974149437646209
2022-02-09,456,1.306166512643603,1.3816441236930685,-0.07547761104946567
2022-02-10,462,0.6505585357047767,0.6603044506945764,-0.009745914989799794
2022-02-11,467,0.7857385413612699,0.7802178828595783,0.005520658501691607
2022-02-14,458,0.7276894323627577,0.7459906147482231,-0.018301182385465516
2022-02-15,456,0.9376255792323089,0.998790395486442,-0.06116481625413297
2022-02-16,456,1.1736120998483839,1.2681353018140638,-0.09452320196567984
2022-02-17,472,1.1336073406986602,1.218678966404219,-0.08507162570555889
2022-02-18,468,0.974163403707932,0.9895050219964397,-0.015341618288507849
2022-02-22,458,0.9368525313102962,0.8891086427021546,0.0477438886081416
2022-02-23,444,1.405157802469439,1.3056437281420654,0.09951407432737348
2022-02-24,450,1.0533717034317789,1.0784658310703064,-0.025094127638527496
2022-02-25,460,0.8896325424670777,0.8998184887245068,-0.010185946257429093
2022-02-28,464,0.8954747352662383,0.9234412170971582,-0.027966481830919914
2022-03-01,463,1.1311978939663865,1.1514625545468036,-0.02026466058041711
2022-03-02,462,2.1102013211807296,2.148693997868603,-0.038492676687873706
2022-03-03,468,1.7632699324970695,1.8282991417612733,-0.06502920926420376
2022-03-04,459,0.8253598725559915,0.8464648634425392,-0.021104990886547752
2022-03-07,449,1.0135383928130046,1.0212915555581201,-0.007753162745115383
2022-03-08,452,0.7541508652936415,0.8241227273830201,-0.06997186208937858
2022-03-09,445,1.0035795546210495,1.0937555732066593,-0.09017601858560961
2022-03-10,452,0.7615398367024827,0.8129886486195185,-0.05144881191703564
2022-03-11,448,1.2653082422532147,1.1886256149781478,0.0766826272750671
2022-03-14,466,1.7708723881834811,1.6011565553313305,0.16971583285215064
2022-03-15,472,1.5382702767284693,1.4487720745516464,0.08949820217682308
2022-03-16,474,0.8180098995606502,0.7866239423128992,0.031385957247750826
2022-03-17,480,0.6443852918259941,0.6079097807365683,0.03647551108942584
2022-03-18,479,0.761881138807096,0.7583237579014681,0.0035573809056278255
2022-03-21,476,0.6293876974431173,0.635762763945839,-0.006375066502721684
2022-03-22,475,0.7341470928262367,0.721356914254331,0.012790178571905715
2022-03-23,477,0.7578293533625927,0.7323153843575243,0.025513969005068398
2022-03-24,484,0.8429155061930006,0.8156892922623447,0.02722621393065589
2022-03-25,465,0.6929320574987157,0.6515631396618204,0.041368917836895246
2022-03-28,456,0.6546205920167263,0.653999143604681,0.0006214484120452098
2022-03-29,453,0.9249439153362471,0.973758853819183,-0.04881493848293579
2022-03-30,469,0.6778236373646344,0.6585289042116746,0.01929473315295974
2022-03-31,474,0.6662736967291536,0.6761045039014739,-0.009830807172320351
2022-04-01,476,0.8355266363089053,0.8929222880243602,-0.05739565171545485
2022-04-04,470,1.053129637781075,1.1470370422880307,-0.09390740450695538
2022-04-05,469,0.9229212197463879,0.9800260344923636,-0.05710481474597573
2022-04-06,469,0.6739504955484951,0.704340772353157,-0.030390276804661855
2022-04-07,477,0.7641462287754546,0.8011890682616206,-0.037042839486166
2022-04-08,477,0.6631910650382203,0.6404728767557777,0.022718188282442722
2022-04-11,476,0.691490015626986,0.6853515351330621,0.0061384804939238445
2022-04-12,479,0.6713594732542141,0.6704092766901566,0.00095019656405748
2022-04-13,484,0.6479841088695765,0.6218983938727187,0.026085714996857707
2022-04-14,483,0.9040339754663108,0.8965360310115478,0.0074979444547630105
2022-04-18,477,0.8926075825411218,0.9196830269458748,-0.027075444404753016
2022-04-19,479,1.3145331836376177,1.418090854358171,-0.10355767072055333
2022-04-20,479,1.376619680451706,1.46437394583351,-0.08775426538180404
2022-04-21,483,1.6326997483131798,1.7245219305867419,-0.0918221822735618
2022-04-22,483,0.9034546676854784,0.9561353223023782,-0.0526806546168997
2022-04-25,477,0.8666512821165546,0.8744850770706954,-0.007833794954140785
2022-04-26,468,0.9251218713286486,0.9418478117050414,-0.016725940376392762
2022-04-27,468,0.9745430868973721,0.9655894207052513,0.008953666192120752
2022-04-28,476,1.0399552993221175,1.074157598712486,-0.03420229939036857
2022-04-29,485,1.3908015856241889,1.3180052229115222,0.0727963627126667
2022-05-02,479,0.9667029139363142,1.0212346904758913,-0.05453177653957712
2022-05-03,472,1.1467800765368275,1.2038157758755086,-0.057035699338681245
2022-05-04,466,2.696083583573405,2.7189394445590325,-0.02285586098562765
2022-05-05,471,1.5580018898620838,1.5972970944182725,-0.0392952045561889
2022-05-06,473,1.587141050225718,1.6596213270407436,-0.07248027681502565
2022-05-09,463,0.7592730424079069,0.8638766545052747,-0.10460361209736774
2022-05-10,450,0.7837852316984296,0.8127955832939499,-0.02901035159552019
2022-05-11,452,0.9280977118614664,0.8703747400571377,0.05772297180432871
2022-05-12,463,1.2765959567364817,1.2059348188041898,0.0706611379322918
2022-05-13,470,1.0743332634025184,1.1238223092821473,-0.04948904587962869
2022-05-16,459,1.0535196276047505,1.092433030359432,-0.03891340275468154
2022-05-17,464,1.4721204108448445,1.575671881272049,-0.10355147042720468
2022-05-18,466,0.8224908303724239,0.8569807149407351,-0.034489884568311355
2022-05-19,473,0.9417970020360641,0.9925804566531805,-0.050783454617116315
2022-05-20,473,0.8690809105741965,0.9208030537897526,-0.05172214321555608
2022-05-23,468,0.8986938679469821,0.8608891115623797,0.037804756384602525
2022-05-24,460,1.9509517848803375,1.730247616187739,0.22070416869259868
2022-05-25,445,1.1864143026773417,1.0880717015429069,0.09834260113443462
2022-05-26,451,0.6437927157749742,0.6224060831045318,0.02138663267044231
2022-05-27,450,0.6914498717993297,0.6478294938465914,0.04362037795273822
2022-05-31,463,0.72474982142212,0.715408784170309,0.009341037251811096
2022-06-01,465,0.6804005430521808,0.6613229847944836,0.01907755825769715
2022-06-02,475,0.6061698460056056,0.6009300805246816,0.005239765480923988
2022-06-03,474,0.6260027170905232,0.6064905216041687,0.019512195486354588
2022-06-06,460,0.9905394417156532,1.072888495850029,-0.082349054134376
2022-06-07,464,2.096930156739001,2.3778809218606414,-0.2809507651216407
2022-06-08,466,3.15639201100363,3.5750951112871276,-0.4187031002834972
2022-06-09,458,2.5125232038800203,2.818182980144864,-0.3056597762648438
2022-06-10,455,1.2646146715978035,1.3520531695925513,-0.08743849799474783
2022-06-13,451,1.1784094509559682,1.2762440818858949,-0.0978346309299269
2022-06-14,472,1.0588480358880337,1.168611959811625,-0.10976392392359115
2022-06-15,474,0.881579153005023,0.98404851275579,-0.10246935975076706
2022-06-16,479,0.9405390028710171,0.9254173241422302,0.015121678728786862
2022-06-17,478,1.2254674851203549,1.1731461136280894,0.052321371492265505
2022-06-21,477,1.471277325563394,1.3794801448824936,0.09179718068090026
2022-06-22,477,1.2065275407876872,1.1349751691285823,0.07155237165910489
2022-06-23,482,0.7898433618808405,0.7793656430909437,0.010477718789896819
2022-06-24,468,0.9192349799451455,0.9504450698036864,-0.031210089858540874
2022-06-27,455,1.0208222221501009,1.0988788294333187,-0.07805660728321796
2022-06-28,451,0.8348174006132822,0.8879324565871126,-0.05311505597383035
2022-06-29,464,0.7759158832207536,0.7620634736260999,0.013852409594653654
2022-06-30,476,0.7720102454511707,0.7521813957596829,0.01982884969148775
2022-07-01,473,0.8285453534019591,0.7365149978907688,0.09203035551119026
2022-07-05,472,0.6464073503619663,0.6174228971931827,0.028984453168783588
2022-07-06,474,0.5919046379846965,0.5797942660036384,0.012110371981058148
2022-07-07,480,0.7607189979040386,0.8058292213418916,-0.04511022343785308
2022-07-08,485,0.803749194200449,0.8338414632879351,-0.030092269087485912
2022-07-11,480,0.8673747348650842,0.9151496052576935,-0.047774870392609255
2022-07-12,480,0.6493874897829209,0.6314663872495558,0.017921102533365176
2022-07-13,479,0.675574088584313,0.6156356354087889,0.05993845317552412
2022-07-14,481,1.4075983051513916,1.30417017389715,0.10342813125424156
2022-07-15,480,1.2164808058207248,1.1108815911857197,0.105599214635005
2022-07-18,476,1.5061489171270508,1.4707329483397635,0.03541596878728739
2022-07-19,479,0.7324876659174383,0.699577239885498,0.03291042603194023
2022-07-20,481,0.7233455641421915,0.6815753690723159,0.041770195069875726
2022-07-21,484,0.9036563556270074,0.8895512377958107,0.014105117831196709
2022-07-22,484,0.7907198671454421,0.7436009020033552,0.04711896514208676
2022-07-25,475,1.1183898483243766,1.0855071356714239,0.03288271265295271
2022-07-26,464,1.7148647657194631,1.6719774434143813,0.04288732230508171
2022-07-27,464,1.0889413833489867,1.0600087835876768,0.028932599761309984
2022-07-28,473,0.7503658420743747,0.7085528140224521,0.04181302805192258
2022-07-29,486,0.8443811020063203,0.8062745684209925,0.03810653358532773
2022-08-01,481,0.9462391777050887,0.9282852722489162,0.01795390545617247
2022-08-02,475,0.8370680019875697,0.8330726262508481,0.003995375736721468
2022-08-03,472,0.7106629050294826,0.677895021094345,0.03276788393513757
2022-08-04,472,0.8216268618182921,0.8010202258385372,0.020606635979754904
2022-08-05,474,0.8116600815457824,0.7842192902187962,0.027440791326986205
2022-08-08,463,0.8384193684375099,0.8109665618399402,0.02745280659756975
2022-08-09,453,1.3071721193908687,1.3141388467145403,-0.006966727323671715
2022-08-10,455,0.7214790789631289,0.6955857031571101,0.02589337580601885
2022-08-11,461,0.7323918216614261,0.7057220700381049,0.026669751623321285
2022-08-12,468,0.63244306581318,0.5868037875937371,0.04563927821944291
2022-08-15,456,0.6505696845633461,0.6110631289680538,0.03950655559529226
2022-08-16,462,0.8717759247758171,0.8664035259868955,0.005372398788921612
2022-08-17,467,1.1015017218458645,1.1730592318082458,-0.07155750996238147
2022-08-18,478,1.2448756062701747,1.3603780298045192,-0.11550242353434455
2022-08-19,478,0.816191064360863,0.8247573460037615,-0.008566281642898486
2022-08-22,477,0.7250875854456919,0.6736337623443703,0.05145382310132157
2022-08-23,475,0.6840295548136812,0.689880405746188,-0.00585085093250672
2022-08-24,475,0.8478244569989613,0.8790729811908947,-0.031248524191933563
2022-08-25,465,1.5304854942234016,1.6797689146967982,-0.14928342047339657
2022-08-26,453,0.8231412422234007,0.861297410797444,-0.03815616857404337
2022-08-29,443,0.7986998852393976,0.8426957620501351,-0.0439958768107374
2022-08-30,453,0.6956305289276773,0.7259445838277305,-0.030314054900053213
2022-08-31,462,0.6791208533860438,0.7205100919684052,-0.041389238582361446
2022-09-01,471,0.606195166491475,0.6105142662010554,-0.004319099709580473
2022-09-02,458,0.9488871839167604,0.9345246315034718,0.014362552413288775
2022-09-06,462,1.3724030509735134,1.3207346640199618,0.051668386953551734
2022-09-07,467,1.0131431761784713,0.968385826794786,0.044757349383685224
2022-09-08,479,0.7452861906315761,0.7520154972045598,-0.006729306572983835
2022-09-09,460,1.0786729916940523,1.1095536870270009,-0.030880695332948727
2022-09-12,448,1.5685418459076461,1.664146457551438,-0.0956046116437921
2022-09-13,452,0.8784548523413811,0.9135749903396716,-0.035120137998290564
2022-09-14,472,0.752925375499431,0.7812399325716836,-0.028314557072252618
2022-09-15,481,0.8166412465919108,0.8648674770563614,-0.04822623046445057
2022-09-16,479,0.8799296062285447,0.9225735895516425,-0.042643983323097864
2022-09-19,479,1.523982275419451,1.6481033438117036,-0.1241210683922529
2022-09-20,478,1.5962584146066165,1.7408797451113582,-0.1446213305047416
2022-09-21,481,1.5518653723977247,1.638825134914111,-0.08695976251638625
2022-09-22,483,1.1845745926791724,1.2348901289134153,-0.05031553623424275
2022-09-23,486,0.7098581411501607,0.7337107155120246,-0.023852574361863988
2022-09-26,463,0.7885501768917559,0.7970404243729688,-0.008490247481212895
2022-09-27,455,0.8044236715357106,0.8491490165101091,-0.044725344974398416
2022-09-28,453,0.7185202697966779,0.7623929146325144,-0.04387264483583639
2022-09-29,474,1.6664617880488257,1.5527153752044467,0.11374641284437892
2022-09-30,481,2.0040770228455975,1.8489165655035054,0.15516045734209244
2022-10-03,470,0.9786819286710241,0.9574311440684545,0.021250784602569465
2022-10-04,469,1.4414699178566381,1.4653652076178947,-0.023895289761256648
2022-10-05,471,1.4504984932310434,1.513305778825267,-0.06280728559422366
2022-10-06,484,1.341763379426122,1.4556731659908138,-0.11390978656469203
2022-10-07,486,0.8777035755035545,0.9270367834265778,-0.04933320792302331
2022-10-10,480,0.7236363792574573,0.7241293657824429,-0.00049298652498565
2022-10-11,478,0.7893015453972896,0.8253950841079948,-0.03609353871070514
2022-10-12,479,0.862754476498639,0.8245278619300925,0.03822661456854648
2022-10-13,483,0.6987875558311927,0.7047283394072488,-0.005940783576056105
2022-10-14,486,0.9574588024970772,0.9144446288832918,0.043014173613785234
2022-10-17,480,0.8614257734346636,0.8944934757300753,-0.03306770229541173
2022-10-18,481,0.9237698717630964,0.934799063711433,-0.011029191948336545
2022-10-19,481,0.9026945827226343,0.8842444920805219,0.01845009064211232
2022-10-20,487,1.7382555980685592,1.6262793923333692,0.11197620573518996
2022-10-21,486,1.0958992492896034,1.0677092149633698,0.028190034326233397
2022-10-24,483,1.0293417778063367,1.0159975844126732,0.013344193393663741
2022-10-25,476,1.1974154072134788,1.2110989881341994,-0.013683580920720608
2022-10-26,468,1.003947441783857,1.0117040988021,-0.007756657018243151
2022-10-27,469,0.914564638323392,0.9200113122783966,-0.005446673955004658
2022-10-28,477,1.1030147621769122,1.1129500454259973,-0.009935283249085136
2022-10-31,480,1.2764071374744896,1.3167129439380822,-0.04030580646359256
2022-11-01,474,1.1894597050744722,1.2227335110457216,-0.03327380597124953
2022-11-02,471,1.129884420794525,1.1216438110527631,0.008240609741761901
2022-11-03,475,1.2246456541753128,1.2043724997148255,0.02027315446048739
2022-11-04,465,0.819227225815565,0.8330626875710756,-0.013835461755510743
2022-11-07,456,1.6092616566305227,1.5872998395093625,0.021961817121160278
2022-11-08,459,1.9707250245178707,1.904820132800834,0.06590489171703665
2022-11-09,462,2.104671972817774,2.0499115953347897,0.05476037748298426
2022-11-10,467,0.8985969789331969,0.9279291234302774,-0.02933214449708063
2022-11-11,457,0.7974387318134721,0.7651160246618685,0.03232270715160356
2022-11-14,457,0.7022774734519935,0.675557840713974,0.026719632738019566
2022-11-15,460,0.8361596820024835,0.816608676358176,0.01955100564430756
2022-11-16,464,0.7405613041207743,0.7111583158498667,0.029402988270907697
2022-11-17,472,0.805478894099276,0.7993987125350128,0.006080181564263128
2022-11-18,470,0.6709298486947877,0.6410708325812006,0.02985901611358723
2022-11-21,470,0.6984662075753212,0.6507646920902951,0.047701515485026096
2022-11-22,476,0.627167979525705,0.5909172022561362,0.03625077726956887
2022-11-23,472,0.6310911163349581,0.593844693781253,0.037246422553705014
2022-11-25,455,0.6433540962789213,0.5929267286158806,0.05042736766304057
2022-11-28,440,0.9502858385283657,0.9360179535307401,0.014267884997625468
2022-11-29,446,0.9348464266981719,0.9309914209366521,0.0038550057615197096
2022-11-30,467,0.8451823764255018,0.8436301379032337,0.001552238522268101
2022-12-01,477,1.1025798154736692,1.1342594908218013,-0.0316796753481318
2022-12-02,477,1.1456332586826081,1.1754369493412307,-0.029803690658622768
2022-12-05,463,0.7279971889046968,0.7203988267294067,0.007598362175290099
2022-12-06,466,0.6533262138733069,0.6506170501651728,0.0027091637081341218
2022-12-07,469,0.707136787341599,0.6670276696425221,0.040109117699076866
2022-12-08,478,0.7279349040901834,0.6948957269248797,0.03303917716530371
2022-12-09,462,0.7273132826783105,0.6944654493339661,0.03284783334434443
2022-12-12,451,0.9325795146237015,0.9353402964031864,-0.002760781779484909
2022-12-13,451,1.263750336350434,1.2845515160873695,-0.020801179736935464
2022-12-14,465,1.3510008048466156,1.3815068883592503,-0.030506083512634778
2022-12-15,474,0.7752291964216155,0.7813171310606983,-0.00608793463908285
2022-12-16,476,0.6105394639732353,0.6229261989419115,-0.01238673496867612
2022-12-19,481,0.5780228488119376,0.5735712097830321,0.004451639028905594
2022-12-20,482,0.5899328725594374,0.5741506358222591,0.015782236737178386
2022-12-21,484,0.6414121296541848,0.6456812354591425,-0.004269105804957654
2022-12-22,483,0.5821246885029977,0.5868932288599334,-0.004768540356935851
2022-12-23,465,0.5264620971718594,0.47169294843229587,0.054769148739563574
2022-12-27,454,0.5639373013257162,0.49255254944852683,0.07138475187718944
2022-12-28,454,0.6650840269457488,0.6193701242717405,0.045713902674008246
2022-12-29,471,0.7163730396743454,0.6941968422516134,0.02217619742273207
2022-12-30,476,0.8264186835512842,0.8252315024861506,0.0011871810651334965
2023-01-03,474,1.0301423827032,1.0311511319448328,-0.0010087492416327793
2023-01-04,470,0.7970997639423127,0.7811640878025727,0.015935676139740094
2023-01-05,479,1.107726942962247,1.1112707805327635,-0.00354383757051664
2023-01-06,481,0.9124093709440892,0.8802519957475327,0.03215737519655662
2023-01-09,482,0.934533175034253,0.9127580105417563,0.02177516449249665
2023-01-10,478,0.8142754447441063,0.8029165645628328,0.011358880181273356
2023-01-11,478,0.6696092993717885,0.6491810637505818,0.020428235621206537
2023-01-12,484,0.739221343012879,0.7117908042068672,0.027430538806011758
2023-01-13,480,1.0091112286746555,0.996574924820591,0.012536303854064542
2023-01-17,477,0.6979813077921846,0.6568589345613286,0.04112237323085606
2023-01-18,477,0.771512440818558,0.7741049981084617,-0.002592557289903734
2023-01-19,481,0.9495073524519754,0.9540543686308358,-0.004547016178860459
2023-01-20,485,0.6995552549789771,0.6834066852651495,0.016148569713827565
2023-01-23,483,0.701710523239458,0.6849491219633121,0.01676140127614591
2023-01-24,486,0.7568340974323455,0.7441595485731739,0.012674548859171575
2023-01-25,480,0.6473647590992827,0.6224997611878912,0.024864997911391566
2023-01-26,475,0.6665405755850992,0.6432884269792715,0.023252148605827597
2023-01-27,475,0.8147709675681519,0.815436095285527,-0.0006651277173749996
2023-01-30,478,1.6217677873102077,1.6790379465415408,-0.057270159231333266
2023-01-31,480,0.9802609390812606,0.9810815240230528,-0.0008205849417922182
2023-02-01,475,0.7317397620596144,0.7196297019427486,0.012110060116865854
2023-02-02,476,0.7504957734477785,0.7218514767766909,0.02864429667108752
2023-02-03,475,0.7172270918811412,0.7070578540799217,0.01016923780121948
2023-02-06,467,0.8142575161303169,0.7987811774253997,0.015476338704917242
2023-02-07,464,0.8324791585000698,0.8254628900170651,0.007016268483004724
2023-02-08,464,0.6423503453670402,0.6252246720399356,0.01712567332710451
2023-02-09,467,0.6129878859972496,0.6033208055534395,0.009667080443810079
2023-02-10,467,0.8389934426481626,0.84195463408897,-0.002961191440807381
2023-02-13,459,0.7195603068754303,0.6991750585316964,0.020385248343733908
2023-02-14,460,0.6903540095473119,0.6910802209529483,-0.0007262114056364162
2023-02-15,462,1.1445781361577432,1.15779907725109,-0.013220941093346697
2023-02-16,472,0.9037686324690574,0.891279159077854,0.012489473391203335
2023-02-17,469,0.7971293217997114,0.7845513334894788,0.01257798831023263
2023-02-21,466,0.7046386256957773,0.7138367529881815,-0.009198127292404157
2023-02-22,455,0.6472875779971249,0.6490449514243593,-0.001757373427234447
2023-02-23,452,0.6352567914565156,0.6282585325691882,0.0069982588873274
2023-02-24,455,0.6678307004925554,0.6589385241675165,0.008892176325038876
2023-02-27,459,0.6229417437825249,0.614904503894014,0.008037239888510891
2023-02-28,468,0.7290520222948979,0.7250469728910546,0.004005049403843226
2023-03-01,467,0.7012635481963346,0.686457988360112,0.014805559836222646
2023-03-02,471,0.5784375853073339,0.5747988500246353,0.003638735282698575
2023-03-03,472,0.7224144248144104,0.7021266964153868,0.02028772839902365
2023-03-06,454,1.1377062560041376,1.1364796169680822,0.0012266390360556136
2023-03-07,457,1.317407579389745,1.3219239129076148,-0.004516333517869817
2023-03-08,461,1.78555846592414,1.816485723678925,-0.03092725775478485
2023-03-09,456,0.972563918203016,0.9491867271650206,0.023377191037995394
2023-03-10,458,1.1474445595155973,1.119048822011927,0.028395737503670075
2023-03-13,445,0.7837900381918184,0.8052183379255071,-0.021428299733688802
2023-03-14,468,0.9433835400596366,0.9289649912845954,0.014418548775041154
2023-03-15,468,0.6160312218608782,0.6415853745753661,-0.025554152714487965
2023-03-16,479,0.5958879545779077,0.633736993180709,-0.03784903860280132
2023-03-17,481,0.6239576240017897,0.6652239697276393,-0.04126634572584975
2023-03-20,480,0.7740347883751141,0.7778866440347276,-0.003851855659613552
2023-03-21,483,0.7966867152468451,0.7759277947297415,0.020758920517103516
2023-03-22,486,0.5673528323490875,0.5983436678664019,-0.030990835517314335
2023-03-23,487,0.7051392701163317,0.7013888251645514,0.0037504449517804087
2023-03-24,488,0.7588083496894089,0.7289367633321596,0.029871586357249232
2023-03-27,466,0.7139732822105039,0.6970064113240259,0.016966870886478014
2023-03-28,460,1.0386515740921374,1.0355085411657068,0.0031430329264306232
2023-03-29,459,0.7041555140272803,0.7017321871220847,0.002423326905195528
2023-03-30,477,0.6202385496216881,0.607712984506458,0.012525565115230189
2023-03-31,477,0.9033279941299256,0.9010490590800201,0.0022789350499054883
2023-04-03,467,0.8916593886090259,0.8993802558345776,-0.007720867225551489
2023-04-04,469,0.5546296994004347,0.5504784583323585,0.0041512410680761705
2023-04-05,477,0.5590759016452295,0.5410978975319605,0.017978004113269
2023-04-06,487,0.5688977807113949,0.5453927786529674,0.02350500205842742
2023-04-10,481,0.5387114288512856,0.519331286252826,0.01938014259845965
2023-04-11,479,0.5654665816730595,0.5432336734935729,0.022232908179486675
2023-04-12,479,0.5569737052423104,0.5406744268530095,0.016299278389300738
2023-04-13,487,0.5607324632668647,0.5432481373735044,0.017484325893360207
2023-04-14,489,0.6337355665823449,0.611338864834188,0.022396701748156993
2023-04-17,482,0.6391368679295629,0.628402295992297,0.010734571937265966
2023-04-18,481,0.6706606336067613,0.6672418792204119,0.003418754386349419
2023-04-19,480,0.6125162230100615,0.61004514269548,0.002471080314581494
2023-04-20,483,0.7721792661763214,0.7862242424392921,-0.014044976262970733
2023-04-21,483,0.9227972311160564,0.9383858586828158,-0.015588627566759453
2023-04-24,479,0.8620409001685408,0.8793640069704787,-0.017323106801937875
2023-04-25,472,0.8845371490105972,0.8799306191659673,0.004606529844629767
2023-04-26,472,0.9964545308166072,0.9940056571581729,0.0024488736584343776
2023-04-27,475,0.7376229776529258,0.7546327238384369,-0.017009746185511068
2023-04-28,485,1.0167841524539263,1.0372037089722999,-0.020419556518373717
2023-05-01,477,1.2306662819652945,1.2654443452463133,-0.03477806328101883
2023-05-02,473,0.7832352388380874,0.7873410879178429,-0.004105849079755408
2023-05-03,472,0.7976298653492687,0.7905990457952314,0.007030819554037226
2023-05-04,474,0.808974820032471,0.8046527341800509,0.004322085852420081
2023-05-05,476,0.7107911271635116,0.7243809830663274,-0.013589855902815801
2023-05-08,464,0.7139034850541607,0.728920906046826,-0.015017420992665396
2023-05-09,457,0.6952352933815443,0.6976369129357322,-0.0024016195541878226
2023-05-10,458,0.6324888946391165,0.6307577831896577,0.0017311114494588022
2023-05-11,467,0.6865662176341492,0.6777706440292115,0.008795573604937577
2023-05-12,474,0.7730316561924955,0.7609457167622565,0.012085939430238923
2023-05-15,463,0.7663693453726199,0.7595586244670112,0.006810720905608659
2023-05-16,463,0.7450319209769858,0.7302431113970659,0.014788809579919855
2023-05-17,465,0.582446828817189,0.5782095763999596,0.004237252417229532
2023-05-18,473,0.7001065553147952,0.6855741477642657,0.014532407550529342
2023-05-19,476,0.810836070385255,0.8026060228290424,0.008230047556212655
2023-05-22,471,0.9700826404124968,0.9728604870717591,-0.0027778466592621887
2023-05-23,466,0.9795658074447328,0.984344654451045,-0.004778847006312212
2023-05-24,459,1.1295051223685049,1.1271715125202773,0.002333609848227713
2023-05-25,450,0.7276430224758992,0.7307510063208164,-0.003107983844917251
2023-05-26,445,0.657179470949652,0.6541321029903588,0.0030473679592931038
2023-05-30,451,0.8248153778307322,0.8042739951009911,0.020541382729741025
2023-05-31,468,0.9096683269891013,0.9013824377403523,0.008285889248748993
2023-06-01,479,0.9065203919801569,0.8902428610431726,0.01627753093698425
2023-06-02,478,0.7243216038465616,0.7099062713154327,0.014415332531129008
2023-06-05,464,0.7825513393528747,0.7785807423177379,0.003970597035136925
2023-06-06,466,0.5666575776784775,0.5567084826089688,0.009949095069508584
2023-06-07,471,0.6536387043982976,0.6494523356382684,0.0041863687600292784
2023-06-08,480,0.6693601291795885,0.6661950086902774,0.0031651204893110613
2023-06-09,459,0.7796647048238866,0.7778466666151619,0.0018180382087246722
2023-06-12,445,0.7689182030235095,0.7742330490835828,-0.005314846060073285
2023-06-13,447,0.6334159405165014,0.6233999579422347,0.010015982574266877
2023-06-14,468,0.538749186417555,0.5336428991789326,0.005106287238622305
2023-06-15,479,0.6174208859674264,0.6071394936843548,0.01028139228307151
2023-06-16,480,0.6814312812100998,0.6704560077780388,0.010975273432061046
2023-06-20,480,0.6484736939770267,0.6424470692875369,0.006026624689489684
2023-06-21,482,0.5152635317629725,0.5101018496262144,0.005161682136758091
2023-06-22,486,0.5988890261747659,0.595928201296081,0.002960824878684846
2023-06-23,489,0.7395193667537313,0.7526436140660419,-0.013124247312310528
2023-06-26,469,0.7469691036105235,0.750607548716151,-0.003638445105627483
2023-06-27,460,0.6024912544603938,0.6002235623483584,0.00226769211203537
2023-06-28,455,0.6318663439529277,0.6222026764225503,0.00966366753037726
2023-06-29,473,0.5232825503896493,0.4965231526800123,0.026759397709637006
2023-06-30,473,0.591147878274337,0.5728427662630079,0.018305112011329058
2023-07-03,469,0.577402574531683,0.5617913006610202,0.015611273870662756
2023-07-05,469,0.5371721429142485,0.5297958125702841,0.00737633034396444
2023-07-06,477,0.8421145828200652,0.8526024542531807,-0.010487871433115492
2023-07-07,484,0.8306094892974264,0.847750455582901,-0.017140966285474506
2023-07-10,482,0.8235594515312059,0.8331469568769401,-0.00958750534573412
2023-07-11,479,0.6365698441439536,0.6335406364174204,0.0030292077265330806
2023-07-12,481,0.6414882861245708,0.640373633124226,0.0011146530003447088
2023-07-13,486,0.6050050271022585,0.6028781682951846,0.0021268588070737665
2023-07-14,488,0.6782251776916969,0.675315057933744,0.002910119757952829
2023-07-17,480,0.814001799476494,0.8155650741584751,-0.0015632746819811323
2023-07-18,480,0.799192059994263,0.7858487537251855,0.013343306269077539
2023-07-19,480,0.6817463172925085,0.6689923072383086,0.012754010054199842
2023-07-20,486,0.5638673670293343,0.5537664084858526,0.010100958543481722
2023-07-21,483,0.6020574987691462,0.5904818032909882,0.011575695478157894
2023-07-24,482,0.8144830310458939,0.8046137336892655,0.00986929735662833
2023-07-25,474,0.8471354744585129,0.8444599208735344,0.0026755535849784353
2023-07-26,469,0.7795548486227081,0.7661555195646507,0.013399329058057486
2023-07-27,471,0.644402357000719,0.6461934081908636,-0.001791051190144593
2023-07-28,480,0.7314845150108411,0.7305604382177002,0.0009240767931409912
2023-07-31,483,0.9494027217484445,0.9487259893526022,0.0006767323958424188
2023-08-01,476,0.9986731485157413,0.9916833370975722,0.006989811418169168
2023-08-02,471,0.81011349584674,0.8034825195497305,0.006630976297009558
2023-08-03,472,0.7776947033999826,0.7755587363817344,0.002135967018247973
2023-08-04,472,0.6650935651466869,0.6815736479998757,-0.016480082853188752
2023-08-07,466,0.7507985615523236,0.7652484248538204,-0.01444986330149683
2023-08-08,463,0.6646726265044655,0.6922735632720279,-0.027600936767562534
2023-08-09,461,0.5217610336399124,0.5262492492170017,-0.004488215577089175
2023-08-10,466,0.6102110607956317,0.6053568863648958,0.004854174430735898
2023-08-11,464,0.7566322429199662,0.7559997610916741,0.0006324818282920048
2023-08-14,459,0.9837837657758002,0.9953323322246627,-0.01154856644886253
2023-08-15,459,0.6971924091686001,0.7002251959805919,-0.0030327868119916896
2023-08-16,465,0.5935035655802672,0.5834214780654998,0.010082087514767281
2023-08-17,475,0.5446138880374962,0.5461321348021921,-0.0015182467646958182
2023-08-18,479,0.5802973641582149,0.5770817708618117,0.003215593296403126
2023-08-21,477,0.4921474303709742,0.49319114693074434,-0.001043716559770105
2023-08-22,475,0.46529560419733046,0.46432458927822684,0.0009710149191035635
2023-08-23,475,0.45750651001530496,0.4579588966480604,-0.00045238663275542454
2023-08-24,477,0.7441066937222459,0.7381697513659164,0.005936942356329531
2023-08-25,470,0.7029949302362254,0.6960253151239165,0.006969615112308818
2023-08-28,445,0.6302541903741589,0.6272237447718918,0.0030304456022669933
2023-08-29,441,0.6261297642224455,0.6242159794338815,0.0019137847885638626
2023-08-30,447,0.7649135315437249,0.7484317430117303,0.016481788531994473
2023-08-31,469,0.6714635666854628,0.6514916509918571,0.019971915693605694
2023-09-01,459,0.7827763908914744,0.7750790592976387,0.007697331593835664
2023-09-05,464,0.634104862660935,0.638782852493856,-0.004677989832920922
2023-09-06,470,0.6224399166817857,0.6263489040947843,-0.0039089874129985295
2023-09-07,480,0.6071749088923255,0.6091044236479662,-0.0019295147556406234
2023-09-08,480,0.5914867270205076,0.5887049215316541,0.0027818054888536143
2023-09-11,452,0.6237019899449686,0.6143227259394944,0.009379264005474156
2023-09-12,453,0.5565542003473932,0.5571330834497662,-0.0005788831023729177
2023-09-13,452,0.47560616354651225,0.483540782190019,-0.007934618643506678
2023-09-14,479,0.5757755107143553,0.5817925469385009,-0.006017036224145688
2023-09-15,482,0.5554673465183443,0.567914143952155,-0.012446797433810698
2023-09-18,482,0.8896285584143881,0.9081746373531278,-0.01854607893873954
2023-09-19,479,0.8906113853117802,0.8980884456920102,-0.007477060380230095
2023-09-20,479,0.741417132013456,0.742364851571128,-0.000947719557672049
2023-09-21,481,0.6510543050950306,0.6475067997554205,0.003547505339610217
2023-09-22,484,0.6766524968145523,0.6649711484909947,0.011681348323557557
2023-09-25,465,0.6838280417106719,0.6679767509255761,0.015851290785095777
2023-09-26,460,0.5770691537843974,0.5683128674180226,0.008756286366374811
2023-09-27,458,0.7052786284865215,0.6839710542138911,0.02130757427263032
2023-09-28,478,0.908062085121547,0.8935629194967576,0.01449916562478939
2023-09-29,483,0.7342706234881029,0.7362905702263582,-0.0020199467382553647
2023-10-02,472,0.6630865566071986,0.672989974833447,-0.009903418226248422
2023-10-03,466,0.7441662601571717,0.7308489374696316,0.013317322687540097
2023-10-04,468,0.7434589367770053,0.7296165083931365,0.013842428383868673
2023-10-05,481,0.8202253217908051,0.7950721983655191,0.025153123425285914
2023-10-06,484,0.7642231476840529,0.7385602120488808,0.02566293563517205
2023-10-09,479,0.6427022043777336,0.6488690681435907,-0.006166863765857153
2023-10-10,478,0.7845996678995183,0.7900121842275478,-0.005412516328029532
2023-10-11,481,0.5918986002880977,0.598018648596186,-0.006120048308088309
2023-10-12,486,0.6522109084572456,0.6467663969438141,0.005444511513431513
2023-10-13,488,0.592787632736281,0.5966769147656449,-0.003889282029363874
2023-10-16,484,0.9789145140276905,0.9835408864251663,-0.004626372397475797
2023-10-17,481,1.4427317375541262,1.4443158450175977,-0.0015841074634714463
2023-10-18,480,1.0533163802326182,1.0403423008270052,0.01297407940561305
2023-10-19,484,0.6456111686071335,0.6511718739577192,-0.005560705350585801
2023-10-20,486,0.7119131978637427,0.7136190996827231,-0.0017059018189803327
2023-10-23,484,0.8965687020199177,0.9033963294457023,-0.006827627425784567
2023-10-24,485,1.109133276228514,1.1211978792325694,-0.012064603004055539
2023-10-25,479,0.8032457328691945,0.810144260532892,-0.006898527663697587
2023-10-26,469,0.7027242025717199,0.7144277205265172,-0.011703517954797299
2023-10-27,470,1.0019527909469588,0.9799186124232521,0.022034178523706725
2023-10-30,472,1.3398196503541555,1.276140064912716,0.06367958544143967
2023-10-31,481,1.6747676937784808,1.6038829678811022,0.07088472589737851
2023-11-01,476,1.271012151457524,1.2303191825499946,0.04069296890752935
2023-11-02,477,0.8071468561982765,0.8222325234199361,-0.01508566722165959
2023-11-03,476,0.7752099239571476,0.7648003966078151,0.01040952734933252
2023-11-06,467,0.80182121383886,0.7902216596629524,0.011599554175907629
2023-11-07,463,0.6760698007745105,0.6833691399624321,-0.007299339187921684
2023-11-08,462,0.6234567133882593,0.6274112502951625,-0.0039545369069032155
2023-11-09,459,1.26351248551233,1.2504991156259133,0.013013369886416751
2023-11-10,460,1.0422617937027898,1.0345993868610417,0.007662406841748266
2023-11-13,446,1.0939492304458178,1.0919147540617227,0.002034476384095164
2023-11-14,458,0.5382703038574328,0.5363277819532335,0.0019425219041993595
2023-11-15,457,0.5041271447350526,0.49917683782271266,0.0049503069123399785
2023-11-16,472,0.4896286750014332,0.47595356847656,0.013675106524873235
2023-11-17,468,0.4880770833606939,0.4735048521885809,0.014572231172113013
2023-11-20,470,0.4762903194982311,0.45534872694513634,0.020941592553094784
2023-11-21,472,0.42378728297538804,0.4016835041751214,0.02210377880026665
2023-11-22,480,0.4548044556552865,0.4246938807930724,0.030110574862214093
2023-11-24,474,0.623612917831653,0.6098833758399205,0.013729541991732458
2023-11-27,443,0.657206002907868,0.6429616762422503,0.01424432666561769
2023-11-28,440,0.9636372435499845,0.9801395682927386,-0.016502324742754204
2023-11-29,451,0.8699730443424857,0.8831298573978317,-0.013156813055345948
2023-11-30,477,0.6707427290204123,0.6737880517546713,-0.003045322734258984
2023-12-01,477,0.6756268306397997,0.6658034370316653,0.009823393608134265
2023-12-04,460,0.5991273197406125,0.5838514245787284,0.015275895161884032
2023-12-05,465,0.614698173243163,0.6151831699827691,-0.00048499673960611286
2023-12-06,468,0.6962289750358144,0.6985056102128919,-0.002276635177077598
2023-12-07,480,0.6774054294476887,0.6757476730539498,0.0016577563937389456
2023-12-08,479,0.9761346809149782,1.0056248442456055,-0.02949016333062717
2023-12-11,454,1.3877822084516531,1.441147526717794,-0.053365318266141
2023-12-12,452,1.2851862570888584,1.3347483686804218,-0.049562111591563505
2023-12-13,451,0.8195798122455542,0.8210004696323169,-0.0014206573867627306
2023-12-14,474,0.5317073822410373,0.5313559401462147,0.00035144209482259697
2023-12-15,476,0.5450931132652451,0.5332978302612287,0.011795283004016426
2023-12-18,481,0.5006097083874411,0.480139226331643,0.020470482055798052
2023-12-19,484,0.4935304755757253,0.464760672225998,0.02876980334972735
2023-12-20,488,0.6512465816270048,0.6506654392912675,0.0005811423357371981
2023-12-21,483,0.47259217918683905,0.4488519491011469,0.023740230085692125
2023-12-22,463,0.4196511571977045,0.38388575839412187,0.035765398803582656
2023-12-26,452,0.4017101613602128,0.34814438241886303,0.053565778941349805
2023-12-27,456,0.6457959902965177,0.6415862826955671,0.004209707600950619
2023-12-28,474,0.974147355515358,1.0425868706136816,-0.06843951509832352
2023-12-29,479,0.8680683320621547,0.9051103092442047,-0.037041977182049976
2024-01-02,480,0.620954783858548,0.6133119930869901,0.007642790771557937
2024-01-03,479,0.6022495669287461,0.6115790238034946,-0.009329456874748496
2024-01-04,481,0.5825506337185623,0.5770335227747423,0.00551711094382009
2024-01-05,481,0.6817858289492746,0.6777645404253672,0.004021288523907446
2024-01-08,480,0.6451366561379211,0.6402493870215843,0.00488726911633677
2024-01-09,481,0.6102789467930311,0.606080535703175,0.004198411089856192
2024-01-10,480,0.660904811599636,0.656944250551001,0.003960561048635032
2024-01-11,483,0.6890465364437224,0.6825694110787695,0.006477125364952781
2024-01-12,481,0.6609704669017333,0.657306577478698,0.003663889423035216
2024-01-16,478,0.6513352292709407,0.6465453985830014,0.004789830687939266
2024-01-17,478,0.8822500542468673,0.8888684150747975,-0.006618360827930208
2024-01-18,482,0.725424104610299,0.7250296906739042,0.0003944139363948365
2024-01-19,486,0.6395344658077718,0.63213065721229,0.007403808595481831
2024-01-22,486,0.6827987806988651,0.673753288086432,0.00904549261243313
2024-01-23,489,0.6460746126118193,0.6406540413198885,0.005420571291930805
2024-01-24,489,0.6720810549106435,0.6774390167773847,-0.005357961866741224
2024-01-25,482,0.5981771399910648,0.603508668560507,-0.005331528569442255
2024-01-26,473,0.6212099778036538,0.6156356167134149,0.005574361090238828
2024-01-29,470,0.7651170738786932,0.7691135517135527,-0.003996477834859392
2024-01-30,473,0.779004470570443,0.7813239317336104,-0.002319461163167455
2024-01-31,479,0.8281981509137983,0.8318234050117407,-0.003625254097942219
2024-02-01,480,0.7473760678198376,0.7505792279781022,-0.0032031601582646427
2024-02-02,481,0.6961416789176154,0.6928348789699916,0.0033067999476236866
2024-02-05,472,0.8868006830216029,0.887806177529986,-0.0010054945083831524
2024-02-06,470,0.8356789238101717,0.8442427315481913,-0.008563807738019567
2024-02-07,472,0.710884870552166,0.7137827239491494,-0.0028978533969834463
2024-02-08,479,0.6270018929268006,0.6254569031818331,0.0015449897449675949
2024-02-09,474,0.6300413186009572,0.6351324220869838,-0.005091103486026633
2024-02-12,457,0.6990176422233961,0.702665285163507,-0.0036476429401108134
2024-02-13,449,0.8440590981479598,0.8448904278490593,-0.0008313297010994633
2024-02-14,451,0.6771812368930912,0.6713856721057818,0.0057955647873093406
2024-02-15,465,0.652245825109907,0.6536051790486443,-0.001359353938737278
2024-02-16,466,0.6078125589136131,0.6069218218272953,0.000890737086317736
2024-02-20,467,0.7497589507197173,0.7462580915132156,0.003500859206501723
2024-02-21,467,0.8315774899982933,0.8306911711551415,0.0008863188431517973
2024-02-22,477,0.6560837450417667,0.6529870762811945,0.0030966687605722817
2024-02-23,473,0.6470566096356363,0.6397650483525886,0.007291561283047679
2024-02-26,455,0.683954389754811,0.6787195954868352,0.0052347942679757675
2024-02-27,448,0.7473923405821477,0.7467361306293181,0.0006562099528294779
2024-02-28,455,0.8557570657103899,0.8723186659905457,-0.01656160028015583
2024-02-29,470,0.7371249816651573,0.7418601223009267,-0.004735140635769306
2024-03-01,473,0.6850442829309646,0.687229270141457,-0.002184987210492281
2024-03-04,453,0.6294801477072693,0.6248709981173882,0.0046091495898811655
2024-03-05,454,0.6131283846897846,0.6098599263771631,0.0032684583126214406
2024-03-06,459,0.6296827856972003,0.6173657934286308,0.012316992268569377
2024-03-07,475,0.5456661435641714,0.5422898799758259,0.00337626358834557
2024-03-08,477,0.6212343766915456,0.6216646819534211,-0.00043030526187561225
2024-03-11,444,0.7104025384977325,0.7043439836745493,0.006058554823183132
2024-03-12,449,0.7452786707163825,0.7448204178057347,0.0004582529106478423
2024-03-13,449,0.610221681436153,0.607725638554497,0.002496042881655898
2024-03-14,482,0.536101002541993,0.5392162581717072,-0.003115255629714087
2024-03-15,478,0.6242993454579706,0.6379924873437457,-0.013693141885775214
2024-03-18,481,0.7939288936183012,0.8061286166209427,-0.012199723002641494
2024-03-19,479,0.6077860507443004,0.5971360426172392,0.010650008127061168
2024-03-20,486,0.5507540954794082,0.5361837337024742,0.014570361776934033
2024-03-21,488,0.5998732246514158,0.5794592796941124,0.02041394495730352
2024-03-22,465,0.5343791265575492,0.5227424256867687,0.011636700870780553
2024-03-25,457,0.6330929261078582,0.6218530422136163,0.011239883894242015
2024-03-26,454,0.5920019360545519,0.5836195272433664,0.008382408811185389
2024-03-27,478,0.635437163269465,0.6333419236453387,0.0020952396241262885
2024-03-28,483,0.7534241277194703,0.7526256114011913,0.0007985163182790587
2024-04-01,479,0.74610295554529,0.7481203848632293,-0.0020174293179393583
2024-04-02,479,0.5585234028569508,0.5488852107617344,0.009638192095216446
2024-04-03,478,0.48753736105370193,0.47216917011209464,0.015368190941607263
2024-04-04,478,0.5818137487783906,0.5788847837416297,0.0029289650367609605
2024-04-05,479,0.5911118979941057,0.5740905482450808,0.017021349749024993
2024-04-08,479,0.692327802181324,0.6762786238665609,0.016049178314763136
2024-04-09,479,1.0874018792369367,1.0833857981398085,0.004016081097128067
2024-04-10,478,0.8728708685324056,0.860188883915956,0.012681984616449548
2024-04-11,482,1.0234485794108386,1.0213430651016364,0.0021055143092021116
2024-04-12,489,0.7422007008148681,0.7386644578296068,0.00353624298526134
2024-04-15,485,0.674758683025941,0.6810439088987704,-0.00628522587282945
2024-04-16,481,0.9071177607702066,0.9165140720056831,-0.009396311235476561
2024-04-17,480,0.73329661668511,0.7394614857049864,-0.006164869019876248
2024-04-18,482,0.7810417931246143,0.7721977038115119,0.008844089313102403
2024-04-19,485,0.808425292409331,0.7964502122119821,0.011975080197348928
2024-04-22,484,0.783035372564721,0.7759539719072587,0.007081400657462304
2024-04-23,487,0.8281034156967466,0.8234383730634713,0.00466504263327522
2024-04-24,482,0.7387864502692549,0.7358939566410172,0.002892493628237712
2024-04-25,475,0.6898250888721589,0.6901204468213081,-0.00029535794914929757
2024-04-26,474,0.8905561904357326,0.8797708806168292,0.010785309818903386
2024-04-29,477,0.9621839103046902,0.947684913147002,0.014498997157688152
2024-04-30,479,0.960148895422893,0.954827216568707,0.005321678854185951
2024-05-01,477,0.9643923834210847,0.9608514632989322,0.0035409201221525124
2024-05-02,476,0.7275488701219597,0.7300492734563463,-0.0025004033343865905
2024-05-03,482,0.6036434228286344,0.6057040031603286,-0.002060580331694208
2024-05-06,472,0.6507151955669749,0.6518477600973274,-0.0011325645303526001
2024-05-07,466,0.6505003904930113,0.6483384198545449,0.0021619706384664846
2024-05-08,463,0.5756344479250979,0.560412381040879,0.015222066884218838
2024-05-09,465,0.5230534878689187,0.5062519805755133,0.016801507293405394
2024-05-10,467,0.6390033008678874,0.6356292816649167,0.003374019202970694
2024-05-13,454,0.5970537441115358,0.5879628536376912,0.00909089047384466
2024-05-14,458,0.540088440920755,0.5319194335448659,0.008169007375889069
2024-05-15,463,0.5522593051519137,0.5398980035561887,0.012361301595725066
2024-05-16,475,0.5299977027061327,0.5234979608473397,0.006499741858793009
2024-05-17,481,0.650406053115838,0.6417957081752365,0.008610344940601599
2024-05-20,473,0.8415097177641823,0.845360205664795,-0.003850487900612662
2024-05-21,470,0.7736260735132446,0.7702828385664613,0.0033432349467833267
2024-05-22,472,0.8493228402811459,0.8404822432632638,0.00884059701788216
2024-05-23,480,0.748827396168259,0.7333679901969669,0.01545940597129214
2024-05-24,483,0.7636038597523386,0.7569821465654807,0.00662171318685785
2024-05-28,464,0.743681881058237,0.7529297115331619,-0.00924783047492485
2024-05-29,452,0.8758719617499687,0.876861294795967,-0.0009893330459983711
2024-05-30,450,0.7700579195475183,0.775349046682315,-0.005291127134796709
2024-05-31,465,0.674735187872373,0.6698643245340726,0.00487086333830037
2024-06-03,478,0.5692424261716723,0.5743491874518686,-0.005106761280196304
2024-06-04,466,0.5382876950661327,0.5399259934090277,-0.0016382983428950264
2024-06-05,459,0.5450842230572589,0.5469283344549264,-0.001844111397667466
2024-06-06,461,0.6006930506005965,0.596331186651878,0.004361863948718479
2024-06-07,474,0.7499685032951251,0.7444062703669775,0.005562232928147625
2024-06-10,482,0.6823753858534747,0.6753453332182364,0.007030052635238375
2024-06-11,454,0.64869944980624,0.646622067693667,0.002077382112572991
2024-06-12,451,0.635645986735923,0.6421405560845707,-0.006494569348647733
2024-06-13,444,0.6063294917692991,0.6109751478151151,-0.00464565604581595
2024-06-14,472,0.6206406249547106,0.6142818139697375,0.006358810984973105
2024-06-17,477,0.5198724219081858,0.5175706364585237,0.0023017854496620773
2024-06-18,482,0.6716961590405844,0.665772145296526,0.005924013744058528
2024-06-20,484,0.5207107426903016,0.5206117018163597,9.9040873941815e-05
2024-06-21,486,0.5494206570324066,0.5522181934472087,-0.002797536414802137
2024-06-24,488,0.6387755151987056,0.6276980576293292,0.011077457569376434
2024-06-25,465,0.6229297057564492,0.6212603456748355,0.0016693600816137671
2024-06-26,458,0.6302881565596734,0.6239676172781724,0.006320539281501114
2024-06-27,458,0.6124612304796819,0.6080169313290107,0.004444299150671173
2024-06-28,479,0.5509238527734773,0.5508640942394251,5.975853405225178e-05
2024-07-01,479,0.5109615438504744,0.5160611179198672,-0.005099574069392813
2024-07-02,475,0.4777550752062802,0.46671416095410617,0.011040914252174006
2024-07-03,472,0.5196128522982191,0.5110502175211402,0.008562634777078835
2024-07-05,475,0.5892945728538778,0.5839988286945204,0.005295744159357362
2024-07-08,477,0.7830133676936756,0.7811538883040157,0.001859479389659988
2024-07-09,480,1.0511381189170093,1.0574240285284884,-0.006285909611479083
2024-07-10,478,0.9451152567841286,0.9520554465466184,-0.006940189762489868
2024-07-11,482,1.0102611131013242,1.0214679407546834,-0.011206827653359314
2024-07-12,483,1.010365364544654,1.0331320799375163,-0.022766715392862336
2024-07-15,490,0.8659508490624479,0.8784611012888645,-0.012510252226416567
2024-07-16,484,0.9583921480065658,0.9610920466406484,-0.002699898634082526
2024-07-17,481,0.6521089575257581,0.6456846606899581,0.006424296835799959
2024-07-18,481,0.6837324035771143,0.6870156297692219,-0.003283226192107704
2024-07-19,486,0.6984262802179194,0.6987574456365838,-0.0003311654186643675
2024-07-22,489,1.1351801729206727,1.1359090917413466,-0.0007289188206735963
2024-07-23,486,1.1344367284705437,1.1443427309701526,-0.009906002499609018
2024-07-24,486,0.9657854820836265,0.9659797523292669,-0.00019427024564049183
2024-07-25,486,0.9719970374066307,0.9673918584218263,0.004605178984804407
2024-07-26,481,0.7007343694784194,0.697499987358017,0.003234382120402375
2024-07-29,473,0.9164943791499106,0.9311965968793242,-0.014702217729413559
2024-07-30,470,1.4666230710670634,1.4825159341707526,-0.015892863103689103
2024-07-31,474,2.2300076856323487,2.227474771547268,0.002532914085081401
2024-08-01,480,1.263379112857083,1.2150513367431113,0.04832777611397178
2024-08-02,479,0.9433943215950517,0.9357103993318433,0.007683922263208353
2024-08-05,483,1.0049415007113842,1.0126146810116121,-0.007673180300227906
2024-08-06,478,0.7878555903811669,0.7943977488612766,-0.0065421584801097915
2024-08-07,471,0.8070830040529181,0.7814871414975678,0.025595862555350242
2024-08-08,470,0.5947323742578,0.6091839888605751,-0.014451614602774958
2024-08-09,471,0.5775344717240762,0.5729389596431678,0.004595512080908412
2024-08-12,464,0.9693431811426608,0.9762273874038029,-0.006884206261142057
2024-08-13,450,0.67798867023013,0.681492930568671,-0.0035042603385410523
2024-08-14,449,0.8024087998192534,0.7992432570234678,0.00316554279578561
2024-08-15,463,0.48964946724383523,0.47674338056944543,0.01290608667438978
2024-08-16,472,0.5425563177941954,0.518615029695271,0.023941288098924565
2024-08-19,477,0.5070413714190821,0.47289387256653065,0.034147498852551486
2024-08-20,477,0.6426229998804349,0.6314072272938097,0.011215772586625195
2024-08-21,479,0.5654947106757637,0.5534249603225276,0.012069750353236127
2024-08-22,477,0.5716002671857945,0.5649743445295645,0.006625922656229935
2024-08-23,481,0.5478456927149584,0.5397917289630714,0.008053963751886998
2024-08-26,483,0.5888760848331506,0.578856275305632,0.010019809527518598
2024-08-27,465,0.5957388813774069,0.5792656026985096,0.01647327867889724
2024-08-28,448,0.6978744709374446,0.7136600067681939,-0.01578553583074908
2024-08-29,442,0.7533289454011557,0.771713574220366,-0.018384628819210182
2024-08-30,458,0.9999006258501641,1.0406021297123953,-0.04070150386223121
2024-09-03,462,0.8137290617829323,0.8218991212383305,-0.008170059455398185
2024-09-04,463,0.6248027273133688,0.631180662120704,-0.006377934807335198
2024-09-05,464,0.6416196121394797,0.6468190867454162,-0.005199474605936558
2024-09-06,474,0.7888363889162566,0.7671607130986422,0.0216756758176145
2024-09-09,477,0.7317375588192009,0.7212076798935465,0.010529878925654329
2024-09-10,460,0.8062435642238108,0.7950819169542446,0.011161647269566262
2024-09-11,448,0.8247784175475033,0.820565324020463,0.0042130935270402
2024-09-12,445,0.7577440202844534,0.7528813941449335,0.004862626139519954
2024-09-13,466,0.6015338200756918,0.5867749407063513,0.014758879369340564
2024-09-16,479,0.8037220090753903,0.8041339283697515,-0.0004119192943611821
2024-09-17,482,0.6255016782358137,0.6262597076504821,-0.000758029414668398
2024-09-18,481,0.632797105308493,0.6337449498217828,-0.0009478445132897529
2024-09-19,483,0.5942373617333799,0.584014232871236,0.010223128862143912
2024-09-20,487,0.5889187332006117,0.5822009486553199,0.006717784545291755
2024-09-23,486,0.738101529196013,0.7252771941421555,0.012824335053857482
2024-09-24,481,0.5987996534237604,0.5752382124556601,0.023561440968100346
2024-09-25,462,0.6104117020203662,0.5884429711500744,0.021968730870291907
2024-09-26,456,0.635565453451674,0.6282351446229368,0.00733030882873725
2024-09-27,459,0.6031293460540855,0.5922880291763603,0.010841316877725236
2024-09-30,477,0.7594947094955697,0.7425933671851337,0.016901342310436093
2024-10-01,478,0.692349724881861,0.6704803305224413,0.021869394359419692
2024-10-02,477,0.6945351320531737,0.6683334314039622,0.026201700649211523
2024-10-03,477,0.6009450236829159,0.5800782163767514,0.0208668073061646
2024-10-04,484,0.6127840739382289,0.5968303816016078,0.015953692336620938
2024-10-07,479,0.5854809260278547,0.5774728153663836,0.008008110661471227
2024-10-08,478,0.6041231176754461,0.5985789590498103,0.0055441586256357615
2024-10-09,481,0.5732441961979209,0.5610091679929059,0.012235028205015012
2024-10-10,484,0.7282677920876106,0.7230026249251491,0.005265167162461604
2024-10-11,486,0.7245996670361378,0.7297821074373827,-0.005182440401244962
2024-10-14,485,0.6830665872620004,0.6792913547890274,0.003775232472973038
2024-10-15,485,0.6024747331543083,0.5956543356020187,0.006820397552289495
2024-10-16,483,0.5982841511519955,0.5753973565864287,0.02288679456556681
2024-10-17,482,0.6429676390557694,0.6250423639311747,0.01792527512459466
2024-10-18,486,0.7215750634610959,0.7099129244911474,0.011662138969948572
2024-10-21,489,0.765078008226822,0.7510801371534127,0.013997871073409357
2024-10-22,488,0.7315212634360445,0.7168586404066475,0.014662623029397037
2024-10-23,489,0.7038985269999442,0.6813635011922248,0.02253502580771935
2024-10-24,489,0.7249650973645663,0.7084918553431188,0.016473242021447503
2024-10-25,491,0.7079747051629596,0.7094515859622615,-0.0014768807993019927
2024-10-28,484,1.0385589295141353,1.0397457831289258,-0.0011868536147906187
2024-10-29,476,1.0041284285289613,1.0019470133354624,0.002181415193499045
2024-10-30,468,0.8653364859148114,0.8583638927216903,0.00697259319312102
2024-10-31,473,0.7242973913146367,0.7319502514047517,-0.007652860090114955
2024-11-01,479,1.6753062102262735,1.67944553367303,-0.004139323446756695
2024-11-04,484,1.759546796114244,1.7742690401556622,-0.014722244041418323
2024-11-05,473,1.632047841320695,1.650342569416772,-0.01829472809607676
2024-11-06,475,1.032710501499268,1.0402416665476373,-0.007531165048369304
2024-11-07,473,0.9442471449231278,0.9607663992517615,-0.016519254328633878
2024-11-08,477,0.7458085260293221,0.7577775236427581,-0.011968997613435985
2024-11-11,467,0.7748731704564653,0.7703670711722094,0.004506099284256032
2024-11-12,450,0.8649513128129437,0.8600487029709325,0.004902609842011277
2024-11-13,447,0.8544425351982698,0.8450171476431411,0.009425387555128792
2024-11-14,454,0.8425558054493381,0.8188308446983689,0.023724960750969148
2024-11-15,472,0.6789170891088878,0.6706688428458791,0.008248246263008631
2024-11-18,477,0.7347920960919936,0.7186912467059831,0.016100849386010554
2024-11-19,472,0.8436013202426713,0.8411425837511564,0.0024587364915149026
2024-11-20,473,1.0486293053870976,1.0477876696582609,0.0008416357288367933
2024-11-21,477,0.7094443327560498,0.7048113600455762,0.00463297271047358
2024-11-22,480,0.6128246465606436,0.6031754298122194,0.009649216748424278
2024-11-25,465,0.49355804049813756,0.4852953309661301,0.008262709532007481
2024-11-26,450,0.5614570832752761,0.5471823356330864,0.014274747642189627
2024-11-27,450,0.6321977537972199,0.6139272763638595,0.0182704774333604
2024-11-29,463,0.8010177149524645,0.798739307337736,0.0022784076147286045
2024-12-02,474,0.7189323135818083,0.7136136628893485,0.005318650692459765
2024-12-03,463,0.734183017963596,0.7296525412335659,0.0045304767300301425
2024-12-04,458,0.7397438138970636,0.7347552089336474,0.0049886049634163075
2024-12-05,461,0.7711263715163766,0.7737494513689973,-0.002623079852620645
2024-12-06,474,0.7212374871655712,0.7096924456451194,0.01154504152045199
2024-12-09,485,0.7157169097703637,0.7159959798406322,-0.00027907007026844994
2024-12-10,468,0.6780853594707312,0.6771997216875227,0.0008856377832085153
2024-12-11,457,0.7618374887775793,0.7632079685408817,-0.0013704797633023117
2024-12-12,450,0.7394952464425716,0.7347854220850685,0.004709824357502983
2024-12-13,468,1.3289492943599606,1.3541581509099319,-0.025208856549971397
2024-12-16,481,1.369136743943203,1.383990683851229,-0.014853939908026005
2024-12-17,479,0.843647195012624,0.8385572615572137,0.005089933455410347
2024-12-18,481,0.6026981948814439,0.631917959654906,-0.02921976477346218
2024-12-19,482,0.6803223980402882,0.6640520085383338,0.016270389501954356
2024-12-20,487,0.44486263147219357,0.46825718740445993,-0.023394555932266414
2024-12-23,482,0.37467565597360797,0.36734337990819804,0.007332276065409889
2024-12-24,478,0.5837727153591495,0.5955818001890377,-0.011809084829888182
2024-12-26,463,0.616367778000677,0.608583312150585,0.007784465850091996
2024-12-27,459,0.5745936531786102,0.5549669387124031,0.019626714466207038
2024-12-30,456,0.5479217232491035,0.5259467091945548,0.02197501405454866
2024-12-31,472,0.7695626619228239,0.7584155424555946,0.011147119467229235
2025-01-02,480,0.6667119204344923,0.6472371920596665,0.019474728374825813
2025-01-03,486,0.6145523299241155,0.5983178451992947,0.016234484724820884
2025-01-06,479,0.8545096842983767,0.8495079593739971,0.005001724924379567
2025-01-07,481,0.7386039987970981,0.7336556463141487,0.004948352482949381
2025-01-08,480,0.7198859402361546,0.7021599758726139,0.017725964363540705
2025-01-10,485,0.9799810404325947,0.9626437322465631,0.01733730818603165
2025-01-13,484,1.0050334084236976,0.9941198638836048,0.010913544540092662
2025-01-14,481,0.8797790640780888,0.8760541429359434,0.00372492114214529
2025-01-15,482,0.9148149270635084,0.9124365725373645,0.0023783545261437987
2025-01-16,481,0.8391184295350568,0.8374291224203294,0.001689307114727364
2025-01-17,485,0.8567091425011351,0.8575416899659654,-0.000832547464830269
2025-01-21,486,0.6309805878991968,0.6222642173497025,0.008716370549494258
2025-01-22,488,1.1738758184937352,1.1747250053090095,-0.0008491868152743305
2025-01-23,489,1.0262497476941368,1.0507720440793302,-0.024522296385193255
2025-01-24,490,0.9558605079129487,0.9821474530774011,-0.026286945164452437
2025-01-27,489,0.8778622211548638,0.8801304633095827,-0.0022682421547189375
2025-01-28,481,0.7219662882207275,0.7268482844268218,-0.004881996206094272
2025-01-29,472,0.7898134773227491,0.7884275055219286,0.001385971800820429
2025-01-30,473,0.8203068452908591,0.8222443512295341,-0.0019375059386750695
2025-01-31,479,0.7721737777397187,0.775941951561984,-0.0037681738222653497
2025-02-03,490,0.8951189299784731,0.8965703497604927,-0.001451419782019501
2025-02-04,479,0.8329196806600789,0.8302266677917515,0.0026930128683275312
2025-02-05,473,0.8298682815949612,0.8279656581417234,0.001902623453237798
2025-02-06,471,0.7703331054847804,0.7704676528774439,-0.0001345473926635673
2025-02-07,478,0.7501492184821235,0.7572214257575401,-0.007072207275416649
2025-02-10,484,0.8528140736177978,0.863591692778448,-0.010777619160650275
2025-02-11,458,0.9298531411354396,0.9351754669378174,-0.005322325802377798
2025-02-12,449,0.9843296966711674,0.9772158036277934,0.007113893043373973
2025-02-13,448,0.8188500117546064,0.8169036495571312,0.0019463621974750696
2025-02-14,471,0.8060932131854154,0.8114351193427227,-0.0053419061573073846
2025-02-18,475,1.1387620622679095,1.1692912398802031,-0.030529177612293706
2025-02-19,469,1.1889653057102416,1.229902826132029,-0.04093752042178755
2025-02-20,469,1.1349211946376423,1.180975249262816,-0.0460540546251739
2025-02-21,474,0.6362367725422292,0.6693779923589023,-0.03314121981667312
2025-02-24,479,0.7595691256770306,0.8030217689133923,-0.04345264323636175
2025-02-25,466,0.7328709643070211,0.7448807257258745,-0.012009761418853297
2025-02-26,453,1.0375969149130535,1.0833766573050654,-0.04577974239201204
2025-02-27,452,0.8800998242281481,0.9059636987555869,-0.025863874527438876
2025-02-28,462,0.9204609627701852,0.9226368776466544,-0.002175914876469114
2025-03-03,474,1.0874382606786654,1.0859100078952515,0.0015282527834139777
2025-03-04,462,1.0113740171701908,1.002942480938688,0.008431536231502822
2025-03-05,450,1.609417963470667,1.626215724243586,-0.016797760772919113
2025-03-06,452,1.042096239711796,1.0334003334266524,0.008695906285143646
2025-03-07,462,1.262278479449607,1.2590173243611735,0.003261155088433275
2025-03-10,477,1.2263483351045072,1.2211010776000994,0.005247257504408075
2025-03-11,451,0.7040203143513131,0.7239662873475367,-0.019945972996223728
2025-03-12,449,0.7856515212836961,0.7850949544313542,0.0005565668523418811
2025-03-13,447,0.8668092963807082,0.839212936313791,0.02759636006691714
2025-03-14,475,0.6321465224294849,0.6294788617764502,0.0026676606530347848
2025-03-17,478,0.543174891286933,0.5537294162157697,-0.010554524928836654
2025-03-18,481,0.6147232120085426,0.6036119225172307,0.011111289491311897
2025-03-19,481,0.6149951248901776,0.5859906904230662,0.029004434467111356
2025-03-20,485,0.703245808835501,0.690800423218292,0.012445385617209112
2025-03-21,489,0.6025280890255675,0.6111734947555274,-0.008645405729959886
2025-03-24,490,0.7515950107902365,0.7794565433143675,-0.02786153252413102
2025-03-25,488,1.141993101691177,1.1926896834154226,-0.05069658172424533
2025-03-26,466,0.8660792426696511,0.896465119543649,-0.030385876873998015
2025-03-27,460,0.6446440689429939,0.6595235008589644,-0.014879431915970473
2025-03-28,464,0.6706877362847851,0.648031231120574,0.02265650516421113
2025-03-31,482,1.7021513368414591,1.7590758508036737,-0.05692451396221445
2025-04-01,483,3.884842521829072,4.062350927155862,-0.17750840532678955
2025-04-02,481,4.531961878066622,4.684646864656895,-0.1526849865902724
2025-04-03,485,3.020699057951033,2.733263395570899,0.28743566238013385
2025-04-04,490,2.2556925137912662,2.215897251799133,0.039795261992133006
2025-04-07,485,1.1416189549787086,1.250398694837459,-0.10877973985875027
2025-04-08,483,2.049086684761773,1.9101685407644522,0.1389181439973206
2025-04-09,483,0.9595883938317226,1.0163034794376171,-0.056715085605894465
2025-04-10,488,0.8358147361582122,1.0047592872696065,-0.16894455111139434
2025-04-11,489,0.6588228046118657,0.708213044506358,-0.0493902398944923
2025-04-14,483,0.7621228868992167,0.7689846399620183,-0.006861753062801677
2025-04-15,483,1.0811028537606573,1.0564471478923527,0.02465570586830462
2025-04-16,482,0.8038313561542213,0.8142940399164895,-0.010462683762268152
2025-04-17,486,0.7565001331773816,0.6922459916554576,0.06425414152192406
2025-04-21,490,1.8866663971565882,1.7093617194353483,0.17730467772123992
2025-04-22,491,1.3109426801528388,1.2140464948523133,0.09689618530052566
2025-04-23,493,0.9352372706600244,0.8452768907471411,0.0899603799128833
2025-04-24,492,0.6885066607646599,0.6466800004731178,0.041826660291542146
2025-04-25,484,0.7277856415057274,0.6787328213214422,0.04905282018428529
2025-04-28,480,0.7852334999207947,0.7673905187196132,0.01784298120118168
2025-04-29,476,0.8936898854342978,0.8778698311635815,0.015820054270716224
2025-04-30,480,0.850842087686315,0.8134017398517297,0.03744034783458514
2025-05-01,482,0.7228964968273408,0.6898927814086077,0.03300371541873316
2025-05-02,485,0.7519239065425549,0.7183828310311148,0.03354107551144009
2025-05-05,490,0.7714909767225983,0.7136093032822748,0.05788167344032353
2025-05-06,482,0.849881630875589,0.787060006058131,0.06282162481745811
2025-05-07,475,1.5971785153704354,1.6007519395862426,-0.0035734242158073494
2025-05-08,473,1.514985051969984,1.5374744132290472,-0.022489361259063284
2025-05-09,476,1.4615313242716939,1.5157184269590098,-0.0541871026873161
2025-05-12,472,0.7717117156992885,0.7299188156574589,0.04179290004182975
2025-05-13,456,0.7467110345637987,0.6817327117230484,0.06497832284075025
2025-05-14,450,0.8867090405660865,0.8204260724974198,0.06628296806866654
2025-05-15,459,0.6597218863317678,0.5849439068507483,0.07477797948101939
2025-05-16,472,0.9233254682283794,0.9452089879734974,-0.02188351974511822
2025-05-19,480,0.9442956572064597,0.9605424155745502,-0.016246758368090485
2025-05-20,469,0.9786567215273062,1.0071965624684818,-0.028539840941175464
2025-05-21,468,0.7055747979647865,0.6394064658110887,0.06616833215369768
2025-05-22,470,0.6554802666696584,0.581952682315708,0.07352758435395045
2025-05-23,480,0.6969206656600048,0.613519269259421,0.08340139640058382
2025-05-27,468,0.7006372697618897,0.6544205120827395,0.04621675767915013
2025-05-28,454,0.6938679253579259,0.6352317358823606,0.058636189475565155
2025-05-29,456,0.7125754390958933,0.6509111465738633,0.06166429252202999
2025-05-30,467,0.7309144312279343,0.6727150183033225,0.05819941292461184
2025-06-02,481,0.7450583493448903,0.6823074140283014,0.06275093531658893
2025-06-03,470,0.6591145349510885,0.5884021704093172,0.07071236454177134
2025-06-04,469,0.6716915734424407,0.5975991330848557,0.07409244035758493
2025-06-05,463,0.8712528997346484,0.8148338453593486,0.056419054375299746
2025-06-06,474,0.7429784696443072,0.6788691563480822,0.06410931329622498
2025-06-09,481,0.6415987854216781,0.5726502468194495,0.06894853860222845
2025-06-10,466,0.846931885314355,0.8201629135408796,0.02676897177347548
2025-06-11,455,0.7066048805095935,0.6403083318332615,0.06629654867633199
2025-06-12,452,0.8226946690326429,0.7751071917024686,0.04758747733017439
2025-06-13,468,0.7582977730301068,0.7102760449723434,0.048021728057763356
2025-06-16,479,0.6821575831123758,0.6408753502057166,0.04128223290665923
2025-06-17,480,0.7241886811010989,0.6839543004849151,0.04023438061618375
2025-06-18,487,0.785132939456928,0.7511007286901683,0.03403221076675966
2025-06-20,488,0.7455466219489963,0.7159630122595708,0.029583609689425507
2025-06-23,489,0.7855052294429364,0.7534168895611817,0.03208833988175474
2025-06-24,484,0.6595703026794141,0.5983570722281114,0.061213230451302586
2025-06-25,466,0.6904674218168471,0.6474622582491667,0.043005163567680464
2025-06-26,461,0.834447200272073,0.7987092839426916,0.03573791632938141
2025-06-27,466,0.9184157526541304,0.9040443639056845,0.014371388748445863
2025-06-30,476,0.9046762073281683,0.8907551993366717,0.013921007991496608
2025-07-01,479,0.6776900350270397,0.6266870659190611,0.051002969107978455
2025-07-02,478,0.5841817733454908,0.502904334934339,0.08127743841115188
2025-07-03,487,0.6498107388716375,0.5533782686234135,0.09643247024822395
2025-07-07,484,0.7656252584533824,0.7402980871229725,0.025327171330409848
2025-07-08,485,0.6430856342073045,0.6131720616564315,0.029913572550873117
2025-07-09,485,0.6198639367063309,0.5802934686113455,0.039570468094985364
2025-07-10,487,0.8194294624138231,0.8054797603140724,0.013949702099750693
2025-07-11,489,0.6687199899206738,0.6665158625673905,0.0022041273532834665
2025-07-14,489,0.6018360968512094,0.5964072058332869,0.005428891017922569
2025-07-15,488,0.6545406762280609,0.6558857164484113,-0.0013450402203504755
2025-07-16,484,0.6150153745476071,0.6113998951231546,0.0036154794244525265
2025-07-17,482,0.7163684144537014,0.7121636332831103,0.004204781170591036
2025-07-18,488,0.8354336242787856,0.8296714494365666,0.005762174842219092
2025-07-21,491,0.9816540908235085,0.9822020050697223,-0.000547914246213802
2025-07-22,491,0.8800081528614261,0.8737154314875927,0.0062927213738334
2025-07-23,492,0.7620100160086253,0.7553581028837073,0.00665191312491801
2025-07-24,492,0.6913153756249826,0.683939018337651,0.007376357287331499
2025-07-25,493,0.9146851883616848,0.9071276886206525,0.007557499741032227
2025-07-28,483,1.1630249594318225,1.1631817759586354,-0.00015681652681271582
2025-07-29,475,1.314939446166529,1.3142493257982113,0.0006901203683176109
2025-07-30,474,1.0391889270769503,1.0390719818985406,0.00011694517840987247
2025-07-31,480,0.8533678002817963,0.8642845430901301,-0.010916742808333785
2025-08-01,488,0.8643973594809521,0.8785302106833487,-0.014132851202396544
2025-08-04,488,0.8620872736616129,0.8642412675019004,-0.0021539938402875733
2025-08-05,483,0.8737021916906402,0.8748000544611816,-0.0010978627705414017
2025-08-06,477,0.8321018551980937,0.8290378959308798,0.0030639592672138385
2025-08-07,477,0.7808929014413658,0.7813036375421395,-0.00041073610077371314
2025-08-08,479,0.9207224139513557,0.9239389246388445,-0.003216510687488877
2025-08-11,475,0.9022977196011789,0.8925424868713351,0.009755232729843718
2025-08-12,455,0.695021136726368,0.6944771657664132,0.0005439709599549313
2025-08-13,449,0.6583770580882524,0.6458825427824203,0.012494515305832178
2025-08-14,454,0.5791310481969493,0.5713470327746233,0.007784015422326044
2025-08-15,471,0.5394731661639492,0.5345978848018005,0.004875281362148774
2025-08-18,479,0.6026404852673309,0.6023595822237438,0.00028090304358708125
2025-08-19,478,0.603775346621135,0.5959451841821815,0.007830162438953563
2025-08-20,479,0.6745138641086512,0.6652329852387446,0.009280878869906648
2025-08-21,481,0.7940901644915742,0.7969627761565083,-0.0028726116649341648
2025-08-22,488,0.6421010346656661,0.6408482554973698,0.0012527791682962466
2025-08-25,489,0.6553299630806381,0.6446476935774028,0.010682269503235253
2025-08-26,474,0.540381650865701,0.53179492297227,0.008586727893430991
2025-08-27,450,0.650011705046157,0.6390574815238249,0.010954223522332055
2025-08-28,446,0.6843951426757467,0.6796060175105694,0.004789125165177402
2025-08-29,456,0.615484357283104,0.6075243925643865,0.00795996471871742
2025-09-02,462,0.7168599219801154,0.7117795618026667,0.005080360177448616
2025-09-03,465,0.725723630827241,0.7213937116521085,0.004329919175132426
2025-09-04,468,0.6719986779787828,0.6662983458329478,0.005700332145834856
2025-09-05,478,0.8161386426051556,0.8120829315931205,0.0040557110120350865
2025-09-08,479,0.7719066523445967,0.7775816739887583,-0.005675021644161683
2025-09-09,475,0.7472523613295181,0.7512563934088794,-0.004004032079361367
2025-09-10,459,0.6439111420472858,0.6401995689503069,0.0037115730969788756
2025-09-11,455,0.7256358889195113,0.7068653644484145,0.01877052447109668
2025-09-12,461,0.596605316296069,0.5811604153400916,0.015444900955977437
2025-09-15,482,0.6410810136704121,0.6324422619331534,0.008638751737258617
2025-09-16,488,0.6697039096549019,0.6700208068436185,-0.00031689718871649584
2025-09-17,486,0.7610533203417,0.7573620837410037,0.0036912366006963803
2025-09-18,489,0.6028815954085917,0.5954543870869515,0.007427208321640149
2025-09-19,490,0.6599906786611779,0.6564974231229632,0.003493255538214648
2025-09-22,492,0.7589625455015749,0.7540634048708635,0.004899140630711374
2025-09-23,486,0.6230408769746768,0.6229042066529515,0.00013667032172529618
2025-09-24,485,0.5581375728694216,0.5520798685504933,0.006057704318928179
2025-09-25,464,0.7117947850872902,0.6991983184186665,0.012596466668623733
2025-09-26,461,0.910443266599563,0.9114109306944267,-0.0009676640948637917
2025-09-29,460,0.883822763610642,0.8800376594221192,0.003785104188522788
2025-09-30,475,0.7619558050144662,0.7526264160358952,0.009329388978571027
2025-10-01,482,0.6834944096795895,0.672288238352138,0.011206171327451378
2025-10-02,483,0.6705052281905663,0.6562622523763406,0.014242975814225789
2025-10-03,492,0.7552669342692061,0.7424823690568517,0.012784565212354332
2025-10-06,490,0.7341040279339642,0.7238713418668735,0.010232686067090742
2025-10-07,483,1.0392545549268457,1.0375254004393892,0.0017291544874565217
2025-10-08,483,0.8314203991106143,0.8259908264501099,0.005429572660504513
2025-10-09,484,0.635751321372019,0.6387863684789034,-0.0030350471068843203
2025-10-10,488,0.8845609637598593,0.8593696427511688,0.025191321008690534
2025-10-13,487,0.7604630524705577,0.7529800577130327,0.007482994757525047
2025-10-14,485,0.7220209094954426,0.7118895772021963,0.010131332293246408
2025-10-15,488,0.6330762012222864,0.619214486263681,0.01386171495860542
2025-10-16,488,0.802756002181431,0.7926069819071981,0.010149020274232859
2025-10-17,490,0.6626239685597948,0.6532530211159076,0.009370947443887086
2025-10-20,491,0.734246649268305,0.7231729231021767,0.011073726166128174
2025-10-21,489,0.76836384523638,0.7588004383452799,0.00956340689110014
2025-10-22,491,0.8745198655269251,0.8497261920724788,0.024793673454446257
2025-10-23,491,0.844225128366451,0.8262406270367365,0.01798450132971453
2025-10-24,492,1.1394267006905425,1.1299432672522243,0.009483433438318397
2025-10-27,491,1.2882328372755718,1.284210309262582,0.004022528012989952
2025-10-28,481,1.094607546334624,1.0780984318222229,0.016509114512401484
2025-10-29,476,0.9353733671213171,0.9171795681240537,0.01819379899726356
2025-10-30,475,0.8062904051372005,0.8145145784490225,-0.008224173311822071
2025-10-31,482,0.8324574485445648,0.8436936592334844,-0.011236210688919614
2025-11-03,489,0.9574493253681718,0.971102331197074,-0.013653005828902165
2025-11-04,481,0.8805374290328283,0.8813784913456425,-0.000841062312814219
2025-11-05,475,0.8192778847435448,0.8242449253364362,-0.00496704059289152
2025-11-06,475,0.8498660025557535,0.8435026254143312,0.00636337714142219
2025-11-07,479,0.6634901634170727,0.6673013041070688,-0.0038111406899960744
2025-11-10,479,0.7828935433778129,0.7972665362195325,-0.014372992841719466
2025-11-11,456,0.7090402996388993,0.7163994466020083,-0.007359146963109061
2025-11-12,445,1.0873993281778636,1.1100366336658578,-0.022637305487994443
2025-11-13,450,0.7964285168932154,0.8042022717281483,-0.0077737548349328025
2025-11-14,465,0.7684363000223966,0.7738483488763418,-0.005412048853945164
2025-11-17,477,0.7437999017049239,0.7708872553531776,-0.027087353648253702
2025-11-18,474,0.7410739493304394,0.7469772362125559,-0.005903286882116523
2025-11-19,476,0.7450627590492727,0.740939512488232,0.0041232465610406294
2025-11-20,477,1.3356848527027827,1.2732089621749936,0.06247589052778906
2025-11-21,481,0.9066144764756782,0.8823668235332262,0.024247652942452038
2025-11-24,474,0.8214226982816485,0.8134670731982055,0.007955625083442932
2025-11-25,458,0.6045705733471712,0.5975470344272794,0.007023538919891866
2025-11-26,457,0.6674617867069101,0.648520125594275,0.018941661112635236
2025-11-28,463,0.8074327396387411,0.8124762040978997,-0.00504346445915859
2025-12-01,478,0.7891431442975678,0.7914684239639406,-0.00232527966637276
2025-12-02,463,0.8367594050472604,0.834607911929523,0.00215149311773748
2025-12-03,465,0.7713446291606727,0.7620769233013298,0.00926770585934285
2025-12-04,468,0.796147769771697,0.7862158006615134,0.009931969110183621
2025-12-05,482,0.804649809906783,0.7961637656544682,0.008486044252314834
2025-12-08,485,0.8939745067303851,0.8936658960223645,0.00030861070802073326
2025-12-09,479,0.8901182651107387,0.8912780290668842,-0.001159763956145651
2025-12-10,462,0.8554550085374324,0.858826992432956,-0.0033719838955234816
2025-12-11,457,0.7716901483143161,0.7793662067443716,-0.007676058430055454
2025-12-12,461,0.686414901813343,0.6906029498767847,-0.004188048063441659
2025-12-15,480,0.6214087306240875,0.6206253040526443,0.0007834265714432134
2025-12-16,482,0.5780833773483783,0.578724488623578,-0.0006411112751995975
2025-12-17,484,0.7571143249712415,0.7451098894959624,0.012004435475279239
2025-12-18,486,0.6300875488343769,0.6217842706368379,0.008303278197538956
2025-12-19,490,0.48120499255920035,0.48258722687644734,-0.0013822343172469817
2025-12-22,485,0.41311022087316596,0.38607265849398803,0.02703756237917794
2025-12-23,482,0.3994924178113322,0.3603125136844321,0.039179904126900096
2025-12-24,481,0.44051786717386315,0.3852788590077822,0.055239008166080995
2025-12-26,471,0.5393620504593567,0.5047147303581364,0.034647320101220305
2025-12-29,458,0.588281168913388,0.565377895804321,0.022903273109067052
2025-12-30,457,0.7761529530332558,0.7812529780656448,-0.005100025032388939
2025-12-31,471,1.2456261945583513,1.3103612200728427,-0.06473502551449158
2026-01-02,488,0.9289905272841725,0.941304360460204,-0.0123138331760316
2026-01-05,491,0.7500365712186544,0.7568855034763678,-0.006848932257713494
2026-01-06,488,0.7458753443736247,0.7480764033841529,-0.0022010590105282445
2026-01-07,485,0.9043635479324679,0.893947729670928,0.010415818261539844
2026-01-08,484,0.8936704261063645,0.8868905552896055,0.0067798708167589455
2026-01-09,489,0.8552494336757381,0.8551563146670388,9.311900869938858e-05
2026-01-12,489,0.8261152300781333,0.8230039602465766,0.0031112698315566524
2026-01-13,483,0.7560973803598741,0.7519344395661056,0.004162940793768525
2026-01-14,480,0.823304704002193,0.8271489780240249,-0.0038442740218318145
2026-01-15,482,0.7909511524122587,0.7914005119729554,-0.00044935956069672904
2026-01-16,487,0.7679034979538776,0.7602431355878114,0.00766036236606609
2026-01-20,488,0.7285321164961723,0.7274611296947967,0.0010709868013756712
2026-01-21,490,0.649933027918057,0.6430290225418593,0.006904005376197664
2026-01-22,492,0.7703161772196808,0.7763838930326278,-0.006067715812946978
2026-01-23,493,0.8627887005156756,0.8794569288617523,-0.016668228346076716
2026-01-26,490,1.0424335142633283,1.0529008723285944,-0.010467358065265981
2026-01-27,481,0.9221404343557432,0.9303812173650201,-0.008240783009276815
2026-01-28,479,0.9753829146112095,0.9861613325626802,-0.010778417951470618
2026-01-29,480,1.2723625964999956,1.261323992262498,0.011038604237497742
2026-01-30,486,1.6153940348790226,1.6113656024909853,0.004028432388037328
2026-02-02,489,1.7224437091194331,1.7240122295311393,-0.0015685204117061014
2026-02-03,484,1.2938793799687693,1.2871036169806125,0.006775762988156996
2026-02-04,481,1.0963249548112748,1.0833410882766137,0.012983866534661031
2026-02-05,478,1.2693939995976902,1.2276842026982582,0.04170979689943195
2026-02-06,480,1.1509142174659215,1.1441805818426114,0.006733635623310011
2026-02-09,483,1.4450759338384167,1.4291240358247714,0.01595189801364531
2026-02-10,464,1.3092191669447057,1.3088697557843154,0.0003494111603903472
2026-02-11,452,0.9919095372348514,0.9866078484635888,0.00530168877126252
2026-02-12,449,0.897805228914618,0.8985231271304308,-0.00071789821581276
2026-02-13,467,0.7907532034215924,0.8007401712831992,-0.009986967861606667
2026-02-17,477,0.7838410974269974,0.7862290911593368,-0.002387993732339464
2026-02-18,475,0.9511397808063398,0.9630010170550454,-0.011861236248705638
2026-02-19,476,0.8157774161371055,0.8186262447087872,-0.002848828571681625
2026-02-20,477,0.7884839059136722,0.78418104236076,0.004302863552912203
2026-02-23,483,0.9571554546193649,0.9133906153209399,0.04376483929842498
2026-02-24,469,0.9107871677427912,0.8778659356139848,0.03292123212880639
2026-02-25,458,1.002523568579801,0.9996771068655821,0.0028464617142189485
2026-02-26,456,1.0244720218787968,1.040278360304871,-0.015806338426074432
2026-02-27,467,0.8837350599554322,0.8894753343031679,-0.005740274347735696
2026-03-02,477,1.125190451388761,1.1358081562943712,-0.010617704905610101
2026-03-03,460,1.1095541711723056,1.1224683989592499,-0.012914227786944236
2026-03-04,456,0.9604389356765551,0.9650992238747034,-0.004660288198148325
2026-03-05,450,0.873237259520458,0.8797372762000564,-0.006500016679598264
2026-03-06,463,0.9437219031463421,0.9496068344283342,-0.005884931281992003
2026-03-09,473,1.2078730872949495,1.233892219587722,-0.026019132292772605
2026-03-10,465,1.0318891988931493,1.0531186635278103,-0.021229464634660935
2026-03-11,458,0.7387403320836413,0.7568832248748827,-0.01814289279124138
2026-03-12,451,0.7144497647735558,0.7047884363477538,0.009661328425801939
2026-03-13,472,0.7032749699696893,0.6992899268147313,0.003985043154957926
2026-03-16,483,0.8158374681392689,0.8128504360230292,0.002987032116239706
2026-03-17,488,1.097235650182947,1.111209392608421,-0.013973742425474129
2026-03-18,487,0.7113489405565655,0.7145599864422186,-0.003211045885653156
2026-03-19,488,0.8071003336745047,0.8169428819746337,-0.009842548300129077
2026-03-20,489,0.9724743599248556,0.9583502792097938,0.014124080715061785
2026-03-23,490,0.7629964943892424,0.7963651783556326,-0.03336868396639015
2026-03-24,488,0.9118812250106639,0.9550187236315182,-0.043137498620854246
2026-03-25,489,1.171132452725724,1.2480290053089058,-0.07689655258318172
2026-03-26,467,0.5956109921885333,0.5887307565626074,0.0068802356259258755
2026-03-27,466,1.0084136587331243,0.9689897056112122,0.03942395312191205
2026-03-30,458,1.1721114772691452,1.1166492557149938,0.055462221554151314
2026-03-31,477,0.7366430648034719,0.7472501908562721,-0.010607126052800057
2026-04-01,480,0.6843625108896116,0.6824854008683016,0.0018771100213100821
2026-04-02,490,1.0324586953039492,1.0379277826669024,-0.005469087362953092
2026-04-06,488,1.2082218542472634,1.2670321657294565,-0.05881031148219325
2026-04-07,485,1.2731679131836515,1.3177902745004075,-0.044622361316756155
2026-04-08,484,0.7354842959125618,0.7345152519939484,0.0009690439186133452
2026-04-09,488,0.8111335065418003,0.7915565701785161,0.01957693636328416
2026-04-10,489,1.1020438482388302,1.0500119221652546,0.052031926073575485
2026-04-13,488,0.8209908351151823,0.7988656812195596,0.022125153895622852
2026-04-14,486,0.8396693886395709,0.8144340586169249,0.02523533002264585
2026-04-15,487,0.8571832736722443,0.8527319170481397,0.004451356624104746
2026-04-16,488,0.8270425924764857,0.8122109889757837,0.014831603500702019
2026-04-17,488,0.9136111951460977,0.9078240556139794,0.0057871395321182646
2026-04-20,491,1.0617859565396601,1.0800740924883103,-0.018288135948650315
2026-04-21,491,1.035055509873743,1.047579683412735,-0.012524173538992064
2026-04-22,494,0.9065426652462122,0.9216895239791739,-0.01514685873296182
2026-04-23,494,0.8387408950075483,0.8423094069957805,-0.003568511988232156
2026-04-24,493,1.0030242782397552,1.0268719682198852,-0.02384768998013028
2026-04-27,487,1.0172534945272356,1.0208469738615724,-0.0035934793343368305
2026-04-28,482,0.9948012854470903,0.9941518878035818,0.0006493976435086458
2026-04-29,477,0.9196930468622696,0.9127379123517592,0.0069551345105103675
2026-04-30,480,0.9353830706799456,0.9361720113238274,-0.0007889406438817106
2026-05-01,485,1.1139151627218213,1.1252060348311892,-0.011290872109367914
2026-05-04,490,1.1786890362624716,1.1751790120407613,0.003510024221710357
2026-05-05,480,1.3032923495941826,1.3175256178603523,-0.014233268266169656
2026-05-06,475,1.1266294677002076,1.1471097427527417,-0.02048027505253391
2026-05-07,473,0.9851796512438725,0.995006558878801,-0.009826907634928429
2026-05-08,480,1.0095272683984393,1.0240344702107218,-0.014507201812282421
2026-05-11,479,0.8027768775046186,0.8101253666749713,-0.007348489170352771
2026-05-12,457,0.8803871759855255,0.8943037652199782,-0.01391658923445277
2026-05-13,452,0.9767822096871851,0.9888237051236378,-0.012041495436452712
2026-05-14,455,1.0304721897557596,1.0592304487271478,-0.02875825897138806
2026-05-15,475,0.8180870771565921,0.7920154383265054,0.026071638830086633
2026-05-18,481,0.8163637650215003,0.7861329002207736,0.030230864800726728
2026-05-19,465,1.0989285092225405,1.0690807844694694,0.029847724753071247
2026-05-20,467,0.9847855568797304,0.9819435573766504,0.0028419995030799176
2026-05-21,469,0.9500924451564606,0.9390033891408477,0.011089056015612882
2026-05-22,486,1.042811662379815,1.045657414412817,-0.0028457520330020785
2026-05-26,473,1.225347059302091,1.2195130264750946,0.005834032826996334
2026-05-27,456,1.5242406706194633,1.5079239747833795,0.01631669583608384
2026-05-28,456,1.1951238389945729,1.2005431768471075,-0.005419337852534848
2026-05-29,468,1.0327812726541676,1.038484808962147,-0.0057035363079794045
2026-06-01,482,1.0341528710958048,1.030097502251331,0.004055368844473706
2026-06-02,466,1.1027840267121536,1.1079005947031288,-0.0051165679909754265
2026-06-03,465,0.8845994572941326,0.8948864187114453,-0.010286961417312647
2026-06-04,466,0.9732289627708693,0.9928651278073625,-0.01963616503649308
2026-06-05,478,0.8245254350400146,0.8497051229133978,-0.025179687873383167
2026-06-08,481,0.9088016157655061,0.9190304961073827,-0.010228880341876667
2026-06-09,475,0.8169669881757188,0.8214920424267406,-0.004525054251021761
2026-06-10,453,1.3831312052318758,1.3588090092087142,0.02432219602316149
2026-06-11,449,0.8787458935233653,0.8725012966954098,0.006244596827955547
2026-06-12,458,1.0482516529398824,1.0625879816892239,-0.014336328749341494
2026-06-15,483,0.9138400300231101,0.9192127234917807,-0.005372693468670577
2026-06-16,485,1.1169260297450996,1.134785759085341,-0.01785972934024146
2026-06-17,485,0.7798240016529328,0.781784992212631,-0.0019609905596981725
2026-06-18,486,0.9529679329569011,0.9525461347946835,0.0004217981622175312
2026-06-22,487,1.133523714029171,1.1383427105032737,-0.004818996474102509
2026-06-23,485,1.1902248208810549,1.191451197411808,-0.001226376530753217
2026-06-24,485,0.9910930967613931,0.9926594816168023,-0.0015663848554091323
2026-06-25,467,0.9705672069307557,0.9648648013921246,0.0057024055386311005
2026-06-26,464,0.9939718744672453,0.983827413381418,0.010144461085827415
2026-06-29,460,1.2120901311765988,1.2158806684392574,-0.0037905372626582784
2026-06-30,475,1.2394258962911906,1.2529354502222203,-0.013509553931029568
2026-07-01,480,1.017759515041551,1.034237311654688,-0.01647779661313709
2026-07-02,485,0.8967408946853778,0.9008793344393933,-0.00413843975401545
2026-07-06,488,0.7788228282877914,0.7580297324561215,0.02079309583166983
2026-07-07,483,0.7621537083093564,0.7273035873225242,0.034850120986832184
2026-07-08,484,0.7064523927046882,0.6846735176337816,0.021778875070906464
2026-07-09,488,0.715937338247246,0.7076498609200139,0.00828747732723214
2026-07-10,491,0.8117874350268061,0.7975660497510537,0.014221385275752342
2026-07-13,492,0.8890118468038815,0.894325228702269,-0.0053133818983876315
2026-07-14,488,0.9405841240093833,0.9616537422691342,-0.021069618259751004
2026-07-15,488,0.8271149448379975,0.8478157107602209,-0.020700765922223353
2026-07-16,486,0.9464308280852147,0.918016007494556,0.02841482059065865
2026-07-17,488,0.8784208554438517,0.8563032575633772,0.022117597880474554
2026-07-20,491,1.0454180010812473,1.045995979870271,-0.0005779787890235235
2026-07-21,488,0.9736219220466282,0.98604517718895,-0.01242325514232166
2026-07-22,489,1.1353556189252576,1.1275935003412283,0.007762118584029392
2026-07-23,489,1.8734302175803923,1.8883999706689765,-0.014969753088584234
2026-07-24,493,1.6212586532028275,1.6546760912532696,-0.03341743805044223
2026-07-27,492,1.0130806407025104,1.01009944981163,0.0029811908908803715
2026-07-28,484,1.179731388089958,1.1534633974812676,0.026267990608690645
2026-07-29,477,1.3810271821662912,1.302653755725402,0.07837342644088902
2026-07-30,477,1.2875828801580782,1.2921745289551694,-0.004591648797090963
2026-07-31,485,1.201865739684648,1.1869778599112535,0.014887879773394454
2026-08-03,492,0.9535312797135015,0.946588149962518,0.00694312975098347
2026-08-04,485,0.8619162354008365,0.8579327660738352,0.003983469327001273
2026-08-05,480,0.9275450588916924,0.8967589417193061,0.03078611717238609
2026-08-06,478,0.8339440311153266,0.8129850038817773,0.02095902723354927
2026-08-07,480,0.802198430819493,0.7732468424211605,0.028951588398332576
2026-08-10,480,0.8028507877155225,0.7697355090670767,0.03311527864844584
2026-08-11,458,0.7856885831718645,0.7328600223940134,0.052828560777851113
2026-08-12,455,0.7050495796629849,0.6757966685345808,0.029252911128404117
2026-08-13,455,0.764517144252242,0.7471326355416327,0.017384508710609384
2026-08-14,469,1.0864591295733916,1.098476543140394,-0.012017413567002365
2026-08-17,473,1.218409381640145,1.2435083275747878,-0.025098945934642923
2026-08-18,471,1.1317582706387554,1.1235317922331391,0.008226478405616019
2026-08-19,475,0.7555471003375069,0.7571801329822376,-0.0016330326447306512
