origin_trading_day,rows,baseline_loss,candidate_loss,loss_delta_baseline_minus_candidate
2020-05-04,409,2.453324019103362,2.918724037853164,-0.4654000187498023
2020-05-05,399,2.3159271578026903,2.780681746881461,-0.4647545890787708
2020-05-06,396,2.547747625330325,3.0110903462476233,-0.4633427209172984
2020-05-07,401,2.250488134825675,2.716134961735495,-0.4656468269098201
2020-05-08,403,2.160689330145007,2.627394445725025,-0.4667051155800186
2020-05-11,401,2.465576493749814,2.929191165281959,-0.46361467153214503
2020-05-12,400,3.343640562517836,3.8010589927320346,-0.45741843021419826
2020-05-13,392,3.720638907718528,4.17958216026676,-0.45894325254823126
2020-05-14,393,3.272303949906128,3.7341394815456126,-0.461835531639485
2020-05-15,399,3.5296865854815827,3.9903733204612974,-0.46068673497971485
2020-05-18,396,2.681084051878998,3.1558285161676345,-0.47474446428863637
2020-05-19,402,3.4564349198045963,3.9233303016774532,-0.4668953818728567
2020-05-20,395,3.2181591700026835,3.6889796814962983,-0.470820511493615
2020-05-21,401,4.038454654426249,4.502073860055829,-0.46361920562958053
2020-05-22,407,4.787928321862922,5.240101245078069,-0.4521729232151466
2020-05-26,404,3.0674210031551463,3.540833860992243,-0.47341285783709663
2020-05-27,407,2.3933897079829767,2.877071099307572,-0.4836813913245948
2020-05-28,406,2.2018842681857627,2.6769183532317764,-0.4750340850460137
2020-05-29,399,2.307008674741633,2.778908565125796,-0.4718998903841631
2020-06-01,397,2.2168124394194693,2.6918241192521686,-0.47501167983269876
2020-06-02,399,2.1864815835057927,2.663908278240232,-0.4774266947344393
2020-06-03,403,2.158830608598298,2.6333986758821784,-0.47456806728388046
2020-06-04,414,2.202398644185784,2.6705456442829574,-0.46814700009717336
2020-06-05,410,2.5639436506236395,2.983799506637177,-0.4198558560135373
2020-06-08,411,2.7828332360877814,3.109480588067598,-0.3266473519798165
2020-06-09,419,2.43732189159415,2.857010288317678,-0.4196883967235282
2020-06-10,419,2.5190196978101835,2.906786330584658,-0.3877666327744747
2020-06-11,432,2.0894354853483095,2.530565705947075,-0.44113022059876605
2020-06-12,452,2.1609348704594376,2.5737167737419147,-0.4127819032824771
2020-06-15,440,1.9363486224042878,2.327933265411715,-0.3915846430074272
2020-06-16,434,1.930314082611651,2.3072567157004995,-0.37694263308884873
2020-06-17,430,1.844649560739424,2.2026037927999638,-0.3579542320605395
2020-06-18,426,1.8015134730827573,2.155414532816633,-0.35390105973387553
2020-06-19,429,1.7611249097683421,2.114485458228692,-0.35336054846035003
2020-06-22,428,1.7861438525835176,2.1203604243353347,-0.33421657175181707
2020-06-23,428,1.7225938309817415,2.0253751342635105,-0.30278130328176905
2020-06-24,420,1.847384132490038,2.152270968808958,-0.30488683631891994
2020-06-25,421,1.708845049361066,2.010363269234423,-0.30151821987335703
2020-06-26,424,1.7322708700417713,2.037639453890535,-0.3053685838487636
2020-06-29,438,1.7690208375269862,2.0707280602944067,-0.3017072227674204
2020-06-30,445,1.7562511883807206,2.057856931340573,-0.3016057429598524
2020-07-01,445,1.7422188628824677,2.0348972189863925,-0.2926783561039248
2020-07-02,447,1.7398010920854874,2.0316476520538185,-0.29184655996833103
2020-07-06,450,1.5790025656644577,1.866328272360981,-0.28732570669652346
2020-07-07,450,1.6685511193115903,1.9417772484610858,-0.27322612914949557
2020-07-08,449,1.82940748307434,2.0925256941950714,-0.26311821112073136
2020-07-09,454,2.1266270191771803,2.3773403982671106,-0.2507133790899301
2020-07-10,454,1.7716478547075458,2.0209618865792884,-0.24931403187174234
2020-07-13,453,1.8837124186944139,2.1374881073558547,-0.25377568866144085
2020-07-14,455,1.4918543747975657,1.7456043645317725,-0.2537499897342067
2020-07-15,457,1.602014087907694,1.8423393993234942,-0.24032531141580013
2020-07-16,452,1.6172721277238071,1.8571668460087094,-0.23989471828490236
2020-07-17,443,1.6088298662713036,1.834773094215572,-0.22594322794426816
2020-07-20,441,1.603622360507962,1.833262585910945,-0.22964022540298293
2020-07-21,442,1.6233947662194743,1.8520788351377697,-0.22868406891829543
2020-07-22,444,1.5789166152926084,1.8051585342419234,-0.22624191894931514
2020-07-23,440,1.6815227353327216,1.9082143602395338,-0.22669162490681236
2020-07-24,433,1.7364058339221033,1.9677947195618646,-0.2313888856397613
2020-07-27,431,1.8312655675173006,2.05334138317155,-0.22207581565424936
2020-07-28,431,1.8844838150950465,2.1023775786788,-0.21789376358375373
2020-07-29,428,1.6858394141708928,1.9058418244303084,-0.22000241025941575
2020-07-30,412,1.6708234147344785,1.8911377778604825,-0.22031436312600416
2020-07-31,417,1.7806248729464809,1.9927037972027646,-0.21207892425628377
2020-08-03,415,1.6709338832855662,1.8883708134758286,-0.21743693019026206
2020-08-04,407,1.5245154680465767,1.742520918720643,-0.21800545067406607
2020-08-05,400,1.395489851274581,1.6111370177876398,-0.2156471665130587
2020-08-06,402,1.2961316893602357,1.5148100173496715,-0.21867832798943546
2020-08-07,406,1.344636362967059,1.5546910250675656,-0.2100546621005064
2020-08-10,403,1.3338700819312392,1.5495381734984432,-0.21566809156720387
2020-08-11,404,1.3731006440019164,1.5916749137625035,-0.21857426976058686
2020-08-12,405,1.472461639184236,1.671127946420749,-0.19866630723651274
2020-08-13,421,1.356230863412385,1.5654514776123958,-0.20922061420001095
2020-08-14,418,1.4472345518444798,1.6563201926593814,-0.20908564081490139
2020-08-17,405,1.3582167645348922,1.5528942513031148,-0.19467748676822277
2020-08-18,406,1.4373236059571342,1.63044923253415,-0.19312562657701565
2020-08-19,407,1.579790175874671,1.7861360026758681,-0.20634582680119698
2020-08-20,399,1.3174659992226765,1.5125824458331985,-0.195116446610522
2020-08-21,404,1.41202118296035,1.5935309273521654,-0.18150974439181528
2020-08-24,403,1.509782156346383,1.6395283911928002,-0.12974623484641723
2020-08-25,397,1.358147541982237,1.5142683004717858,-0.1561207584895489
2020-08-26,393,1.579196410023993,1.6883786699878498,-0.10918225996385643
2020-08-27,399,1.5069097302692842,1.6243904480679618,-0.11748071779867773
2020-08-28,383,1.464786811905857,1.5977892392307078,-0.133002427324851
2020-08-31,393,1.4961120623982163,1.6373857434751593,-0.14127368107694313
2020-09-01,397,1.5678597575224023,1.698834681038536,-0.13097492351613377
2020-09-02,401,1.7598348849058787,1.8513241105481517,-0.09148922564227334
2020-09-03,412,1.446298876839519,1.584490100611706,-0.1381912237721871
2020-09-04,410,1.5496337447540802,1.6586405231367236,-0.10900677838264371
2020-09-08,416,1.3305355193494606,1.4862777651301782,-0.15574224578071771
2020-09-09,422,1.6605701800892698,1.7512054993770096,-0.09063531928773985
2020-09-10,425,1.3716698327869945,1.4844089083003618,-0.11273907551336713
2020-09-11,424,1.2823423089430064,1.4041828801616543,-0.12184057121864754
2020-09-14,451,1.1973626603833496,1.3267972283979448,-0.1294345680145953
2020-09-15,438,1.3026760519555363,1.4149385977872895,-0.11226254583175288
2020-09-16,433,1.3682888350495974,1.478056309565604,-0.10976747451600653
2020-09-17,429,1.515505614655825,1.6319874513541355,-0.1164818366983103
2020-09-18,430,1.337738792123517,1.4814465984903198,-0.1437078063668027
2020-09-21,427,1.5201019503721311,1.6963415429664517,-0.17623959259432068
2020-09-22,426,1.3175549731184173,1.4889452015361404,-0.17139022841772308
2020-09-23,427,2.0364571509298854,2.2137941082150183,-0.1773369572851326
2020-09-24,416,2.3649524034757334,2.5409408398095126,-0.175988436333779
2020-09-25,418,2.041176528186112,2.217625467020598,-0.1764489388344866
2020-09-28,418,1.7650305601678,1.9419953003730264,-0.1769647402052262
2020-09-29,438,1.7512078892513003,1.9272263835895147,-0.17601849433821418
2020-09-30,443,1.5412704861766233,1.7177087999983043,-0.17643831382168093
2020-10-01,444,1.6229861040770872,1.792809959775117,-0.1698238556980298
2020-10-02,445,1.578502710006483,1.7461663297745358,-0.1676636197680529
2020-10-05,450,1.2448079559933998,1.3929857567954202,-0.14817780080202061
2020-10-06,450,1.3013028165919236,1.4641617446305364,-0.16285892803861285
2020-10-07,449,1.1803225646397533,1.3271973457608093,-0.14687478112105593
2020-10-08,459,1.2433376586822427,1.3803465115419715,-0.13700885285972897
2020-10-09,460,1.2577792247845025,1.3939673636575654,-0.1361881388730629
2020-10-12,459,1.4818955766552564,1.5554762175517869,-0.07358064089653048
2020-10-13,456,1.5769517639883255,1.6425830610427135,-0.06563129705438774
2020-10-14,460,2.1575036532715632,2.1325985926505964,0.0249050606209671
2020-10-15,456,2.006960623059369,2.003720643054614,0.0032399800047545574
2020-10-16,447,2.067246401354433,2.054795788339539,0.012450613014894325
2020-10-19,446,1.6109476861240624,1.6845226363961874,-0.07357495027212521
2020-10-20,446,1.4493793718598402,1.558684118495664,-0.10930474663582375
2020-10-21,447,1.4079984688217877,1.535126258799451,-0.1271277899776633
2020-10-22,440,1.3791590610341762,1.518992131666994,-0.1398330706328178
2020-10-23,434,1.5456440402032259,1.6667070381482585,-0.12106299794503254
2020-10-26,426,2.743546510839625,2.889325159808289,-0.14577864896866466
2020-10-27,422,3.4547816359962353,3.598674799563371,-0.1438931635671361
2020-10-28,422,4.314023821001288,4.470254268484368,-0.15623044748307896
2020-10-29,413,3.1932464114084254,3.355698210979265,-0.16245179957083955
2020-10-30,412,4.143063237442626,4.3037664786494325,-0.16070324120680668
2020-11-02,411,4.215474908092188,4.376196526059529,-0.16072161796734066
2020-11-03,405,3.259302274377141,3.422357369044198,-0.16305509466705773
2020-11-04,399,3.1240164640181574,3.270038267499521,-0.14602180348136415
2020-11-05,399,2.6608755038689504,2.806243027809715,-0.14536752394076435
2020-11-06,403,2.613741899249709,2.7594457648815607,-0.1457038656318519
2020-11-09,407,1.7208895468464522,1.9003082316161164,-0.17941868476966408
2020-11-10,409,1.9732499928941902,2.156123300641151,-0.18287330774696084
2020-11-11,405,1.9306509628628512,2.110850199031319,-0.1801992361684679
2020-11-12,410,2.1869164769389866,2.3727335981245528,-0.18581712118556606
2020-11-13,407,1.676032365837554,1.856068357233822,-0.18003599139626816
2020-11-16,398,1.4906284126040346,1.6744391873533262,-0.18381077474929153
2020-11-17,402,1.4573246308877177,1.6441922048522084,-0.18686757396449075
2020-11-18,392,1.6654469507293297,1.8617004632033023,-0.19625351247397257
2020-11-19,398,1.8562189379499092,2.053091924408443,-0.196872986458534
2020-11-20,401,1.8494629449360165,2.0451881388197317,-0.19572519388371518
2020-11-23,401,1.5894134277063519,1.7841517276567689,-0.19473829995041705
2020-11-24,399,1.300750262877641,1.500103407852159,-0.19935314497451798
2020-11-25,394,1.3648342967203229,1.5548258482840087,-0.18999155156368597
2020-11-27,402,1.3210639588993385,1.5096371634372088,-0.18857320453787046
2020-11-30,395,1.3095590402507364,1.5020047292885905,-0.1924456890378541
2020-12-01,399,1.302243893871499,1.500146835678663,-0.197902941807164
2020-12-02,402,1.3069959955127162,1.5016566239865707,-0.19466062847385446
2020-12-03,413,1.2855788993319226,1.481694191676786,-0.1961152923448633
2020-12-04,410,1.3124500747197783,1.4894220405907794,-0.17697196587100145
2020-12-07,408,1.276382003649653,1.4523629406321357,-0.17598093698248254
2020-12-08,408,1.3932416559316636,1.5514552463908486,-0.15821359045918507
2020-12-09,414,1.3286730760805998,1.506381212025525,-0.17770813594492532
2020-12-10,416,1.2868721803873344,1.468647628459989,-0.1817754480726543
2020-12-11,421,1.2594522682325278,1.4468619402674818,-0.18740967203495426
2020-12-14,443,1.136597568450673,1.3303978353756152,-0.19380026692494232
2020-12-15,432,1.109568564042522,1.30024143140236,-0.19067286735983838
2020-12-16,423,1.1049688277017622,1.3006761430181457,-0.19570731531638347
2020-12-17,425,1.143490990578942,1.313827824419473,-0.17033683384053083
2020-12-18,429,1.1294167021315216,1.308407904803584,-0.17899120267206256
2020-12-21,430,1.4798407762925314,1.6567614491538827,-0.1769206728613513
2020-12-22,423,1.7891115130353261,1.9657012067343573,-0.17658969369903144
2020-12-23,420,1.6192299562908774,1.8033127089218453,-0.18408275263096796
2020-12-24,427,1.6934099496820998,1.868966728772684,-0.17555677909058431
2020-12-28,427,2.0040170480592834,2.1696003678505154,-0.16558331979123225
2020-12-29,425,1.977426519623163,2.151613384284867,-0.17418686466170408
2020-12-30,438,2.0417548840654973,2.207018702247114,-0.16526381818161695
2020-12-31,447,1.8148722531757076,1.97530651635957,-0.16043426318386256
2021-01-04,447,1.999054715481405,2.176870674797833,-0.17781595931642805
2021-01-05,449,1.7487937657715797,1.9335898635499142,-0.1847960977783343
2021-01-06,443,1.462776626638185,1.6371588480398653,-0.1743822214016804
2021-01-07,454,1.3999394274735022,1.5604395513085862,-0.16050012383508397
2021-01-08,458,1.4820717054453252,1.6349342360240713,-0.1528625305787461
2021-01-11,457,1.6029737311611985,1.7402294759809926,-0.13725574481979422
2021-01-12,457,2.124971965818328,2.1975502183210165,-0.07257825250268876
2021-01-13,453,1.562036541746128,1.6802288492827826,-0.11819230753665462
2021-01-14,445,1.8411664454821977,1.9142127785050818,-0.07304633302288413
2021-01-15,446,1.5096700300832848,1.6294573584824668,-0.11978732839918195
2021-01-19,449,1.3502957892468772,1.4973779424282911,-0.14708215318141388
2021-01-20,449,1.3361783869282833,1.4746651048947808,-0.13848671796649753
2021-01-21,446,1.2471377733587847,1.4153771979748522,-0.1682394246160674
2021-01-22,443,1.3037036827510033,1.4793854996467015,-0.17568181689569815
2021-01-25,438,1.4477461129703881,1.6205432919024043,-0.1727971789320163
2021-01-26,433,1.5933091526837497,1.7652747195855998,-0.17196556690184997
2021-01-27,430,2.1939750676345584,2.370273349483879,-0.1762982818493207
2021-01-28,416,1.9055437327902949,2.0905769092129365,-0.1850331764226415
2021-01-29,421,2.4823578183423027,2.666009447467748,-0.18365162912544525
2021-02-01,414,2.1964103804952466,2.3728794869300667,-0.1764691064348201
2021-02-02,410,1.8227533349967535,1.9990286922221083,-0.176275357225355
2021-02-03,402,1.5764570938363973,1.7587020924154713,-0.18224499857907378
2021-02-04,401,1.5443282931411622,1.721423508941776,-0.1770952158006138
2021-02-05,402,1.644495001699324,1.7975127831330961,-0.153017781433772
2021-02-08,402,1.5970221733928198,1.73707176694456,-0.14004959355174015
2021-02-09,405,1.916245110645141,2.0438727040153863,-0.12762759337024557
2021-02-10,392,1.7672853858252564,1.8541159728681893,-0.08683058704293288
2021-02-11,395,1.7856014024248925,1.8557926468027381,-0.07019124437784573
2021-02-12,400,1.6832159190340232,1.7762496240571681,-0.09303370502314498
2021-02-16,405,1.5834956972923182,1.672643480534343,-0.08914778324202477
2021-02-17,405,1.8884420403829791,1.9405406800677778,-0.05209863968479858
2021-02-18,401,2.1208810707797916,2.129489348779732,-0.008608277999940496
2021-02-19,403,1.9454125335381731,2.002898623133671,-0.05748608959549752
2021-02-22,404,1.9315753224761427,2.008314467790849,-0.07673914531470657
2021-02-23,391,1.3890879157366098,1.5051678517365006,-0.11607993599989079
2021-02-24,393,1.4580702243773427,1.5707001538184602,-0.1126299294411177
2021-02-25,396,1.4088521130625031,1.5625895868745543,-0.15373747381205097
2021-02-26,389,1.77019583357505,1.920544428463644,-0.1503485948885937
2021-03-01,384,1.5542420889329411,1.7002039955289148,-0.14596190659597394
2021-03-02,377,1.374029355682754,1.5279840728062506,-0.15395471712349654
2021-03-03,381,1.4812355096086849,1.6453808670591614,-0.16414535745047637
2021-03-04,389,1.682649108752361,1.8473261073954714,-0.16467699864311044
2021-03-05,395,1.3888593671649052,1.5438512080066438,-0.1549918408417385
2021-03-08,396,1.474381730009486,1.627297167679261,-0.1529154376697751
2021-03-09,413,1.2342138325932122,1.3808087214865254,-0.1465948888933134
2021-03-10,411,1.2237566404322988,1.353640388629581,-0.12988374819728202
2021-03-11,420,1.2745095264047637,1.4110004110599612,-0.13649088465519763
2021-03-12,442,1.385007404142629,1.5123560943610592,-0.12734869021843037
2021-03-15,450,1.4314474321480417,1.5344109204721792,-0.10296348832413742
2021-03-16,441,1.2518174213157562,1.3833002151097926,-0.13148279379403632
2021-03-17,432,1.2687887730679022,1.3934456458726685,-0.12465687280476638
2021-03-18,433,1.307564400041469,1.4586854445929913,-0.15112104455152234
2021-03-19,432,1.436696978572156,1.5911656519852586,-0.15446867341310283
2021-03-22,429,1.3096065901275213,1.4674202801888463,-0.15781369006132512
2021-03-23,429,1.4276764414606284,1.5876652397922395,-0.1599887983316109
2021-03-24,421,1.5540137273832175,1.7263263086739609,-0.17231258129074342
2021-03-25,422,1.4781045449790753,1.6568207535236081,-0.17871620854453302
2021-03-26,423,1.1642656752444147,1.3410997104702798,-0.176834035225865
2021-03-29,423,1.3144560838273995,1.4922098940009783,-0.17775381017357886
2021-03-30,437,1.213303048511628,1.3959784297136681,-0.18267538120204008
2021-03-31,444,1.2986291036329443,1.4813669759941095,-0.18273787236116534
2021-04-01,447,1.2254022696288864,1.4068800399977763,-0.18147777036888998
2021-04-05,453,1.0850642532290342,1.2634564529394934,-0.17839219971045928
2021-04-06,451,1.154452244258491,1.314031729445635,-0.15957948518714388
2021-04-07,451,1.1890504852759332,1.3628962882175557,-0.17384580294162255
2021-04-08,458,1.1807599702838223,1.3428670867841992,-0.1621071165003769
2021-04-09,458,1.1563612428070886,1.3243670311145204,-0.16800578830743151
2021-04-12,459,1.1040438680309532,1.2736786438432566,-0.1696347758123033
2021-04-13,458,1.1168222686371585,1.287821253190543,-0.17099898455338464
2021-04-14,462,1.1217057924348017,1.2891422334053673,-0.16743644097056573
2021-04-15,458,1.1525044360843413,1.3145222764406188,-0.1620178403562775
2021-04-16,447,1.097470916912404,1.2504216289753745,-0.15295071206297065
2021-04-19,446,1.144140700316316,1.3018070952956808,-0.15766639497936483
2021-04-20,452,1.339714886729352,1.4907026493835613,-0.1509877626542094
2021-04-21,452,1.4005953345965925,1.5350948781419687,-0.13449954354537588
2021-04-22,446,1.5768031962677957,1.7193893178071027,-0.14258612153930691
2021-04-23,439,1.5770455214201633,1.7209963826767654,-0.14395086125660222
2021-04-26,434,1.7558351758429087,1.8698014037959425,-0.11396622795303354
2021-04-27,432,1.5399619451313225,1.6494166549551565,-0.10945470982383398
2021-04-28,428,1.6866441361780808,1.7485817877737138,-0.061937651595632796
2021-04-29,417,1.6063152345642697,1.6787922466377372,-0.07247701207346734
2021-04-30,418,1.4508854395735777,1.5727097320761785,-0.12182429250260056
2021-05-03,418,1.3741594094261194,1.4913030424461686,-0.11714363302004935
2021-05-04,410,1.2275570241562375,1.3509659300383003,-0.12340890588206276
2021-05-05,404,1.1167083875947152,1.2439835774613766,-0.12727518986666134
2021-05-06,404,1.1070075267699226,1.2357561659431056,-0.12874863917318297
2021-05-07,408,1.1427371014478576,1.2617563949646773,-0.1190192935168197
2021-05-10,407,1.1308817525846604,1.2610012088118794,-0.1301194562272189
2021-05-11,405,1.0346314482233603,1.1739819517759469,-0.13935050355258677
2021-05-12,407,1.2700896377868174,1.4318765168150007,-0.16178687902818348
2021-05-13,406,1.2704908368709393,1.4218221783343428,-0.15133134146340352
2021-05-14,398,1.0730600555754763,1.2226054030306583,-0.14954534745518203
2021-05-17,393,1.140969710844116,1.2914229385035108,-0.15045322765939464
2021-05-18,395,1.184001400534557,1.3390705786964665,-0.15506917816190963
2021-05-19,387,1.1698895672335219,1.3322238009107603,-0.16233423367723848
2021-05-20,396,1.1313650598921459,1.2912447314733004,-0.1598796715811548
2021-05-21,396,1.215200273427296,1.3680448019537204,-0.15284452852642466
2021-05-24,397,1.18992148218082,1.340670913018194,-0.15074943083737394
2021-05-25,395,1.1757383070677434,1.3253491491903548,-0.14961084212261153
2021-05-26,388,1.1784708159964055,1.3210525726455276,-0.1425817566491221
2021-05-27,405,1.1541134102050952,1.2940395568029857,-0.13992614659789035
2021-05-28,400,1.1787027307237858,1.3039950254430928,-0.12529229471930692
2021-06-01,398,1.158448485922623,1.2813179578917149,-0.122869471969092
2021-06-02,401,1.1449311705584473,1.2562038861706133,-0.111272715612166
2021-06-03,412,1.4692544378385717,1.539598546005394,-0.07034410816682242
2021-06-04,410,1.7554255774412661,1.7699967580833686,-0.01457118064210237
2021-06-07,413,1.343473170572431,1.4132638436012175,-0.0697906730287866
2021-06-08,418,1.3726371316295205,1.4383724561892228,-0.06573532455970259
2021-06-09,423,1.30461059005332,1.3792931626547245,-0.07468257260140446
2021-06-10,427,1.150180221720194,1.2402761873020345,-0.09009596558184046
2021-06-11,426,1.0827241213847034,1.1838078560021104,-0.10108373461740684
2021-06-14,448,1.0889601004903873,1.182625083030053,-0.09366498253966567
2021-06-15,438,1.2232484232487306,1.3077761778800392,-0.08452775463130865
2021-06-16,432,1.0727980964860626,1.1789538691394545,-0.10615577265339196
2021-06-17,428,0.9892106741642542,1.121830785713094,-0.13262011154883993
2021-06-18,424,1.2360838734372417,1.3769524053500564,-0.1408685319128149
2021-06-21,423,1.0217925765340379,1.1493804033025279,-0.12758782676849
2021-06-22,422,1.0170122992572248,1.141641631238816,-0.12462933198159122
2021-06-23,417,1.0264558439372045,1.1379978713286938,-0.11154202739148919
2021-06-24,420,0.9503280535193221,1.0775261280394957,-0.1271980745201736
2021-06-25,424,0.9304241689219679,1.046355214011043,-0.11593104508907515
2021-06-28,425,0.8758668122630324,0.989448808218313,-0.11358199595528057
2021-06-29,436,0.924248567986224,1.030933416197556,-0.106684848211332
2021-06-30,442,1.0660860675643575,1.1585090394567872,-0.0924229718924295
2021-07-01,449,1.2932022194263313,1.3544917931688512,-0.06128957374251975
2021-07-02,454,1.5832862289059197,1.5928162921257116,-0.009530063219792047
2021-07-06,453,1.0610559694744488,1.1430962586952278,-0.08204028922077898
2021-07-07,453,0.8928890800459722,0.9981735253411185,-0.10528444529514629
2021-07-08,456,0.9272636495327932,1.0394448031193562,-0.11218115358656282
2021-07-09,458,1.0662456727064316,1.1614155359567604,-0.0951698632503288
2021-07-12,455,0.9802455515443962,1.0793213905277836,-0.09907583898338748
2021-07-13,454,1.0101155079892408,1.1188553297688395,-0.10873982177959866
2021-07-14,460,0.9427755966067879,1.0602788582551428,-0.11750326164835498
2021-07-15,453,1.0742816444809926,1.194034114969161,-0.11975247048816828
2021-07-16,441,1.1644501828010618,1.2846138958864666,-0.12016371308540484
2021-07-19,441,1.4291305944862267,1.555475743215667,-0.12634514872944033
2021-07-20,446,1.304602985365991,1.423686070960441,-0.11908308559444994
2021-07-21,446,1.3156526125973786,1.4076728713767361,-0.09202025877935756
2021-07-22,444,1.2622177949988758,1.365909580881922,-0.10369178588304614
2021-07-23,440,1.2179126782196883,1.3191888942854941,-0.10127621606580592
2021-07-26,433,1.2618784005450348,1.359332954066609,-0.09745455352157445
2021-07-27,433,1.3530105972893842,1.446197452905349,-0.09318685561596472
2021-07-28,429,1.3647682303666062,1.4613527034454068,-0.09658447307880054
2021-07-29,417,1.2371495754420927,1.3306597492533503,-0.09351017381125763
2021-07-30,421,1.2112856247243506,1.3103270623302334,-0.09904143760588267
2021-08-02,420,1.1736764550555565,1.278135246326343,-0.10445879127078653
2021-08-03,410,1.0149612671334722,1.01091616244628,0.004045104687192264
2021-08-04,405,1.0736913555651226,1.0816729633591022,-0.0079816077939795
2021-08-05,400,1.141753165291324,1.1697213273397422,-0.027968162048418076
2021-08-06,401,1.093552924725595,1.1127176368821925,-0.019164712156597378
2021-08-09,407,0.8825323011211064,0.8658216989554987,0.016710602165607744
2021-08-10,406,0.8694651323434527,0.8474015672630341,0.022063565080418596
2021-08-11,407,0.8797867953147174,0.8617199476930744,0.01806684762164302
2021-08-12,424,0.9181806735981256,0.919001431550692,-0.0008207579525665612
2021-08-13,428,0.8796704057102626,0.8552106157563228,0.024459789953939756
2021-08-16,420,0.9496460874285265,0.9304802718094545,0.019165815619072074
2021-08-17,407,1.0142671062572026,0.9869539181974987,0.027313188059703848
2021-08-18,410,1.0553916443995377,1.0124889949474558,0.04290264945208187
2021-08-19,405,1.2573292816403718,1.2094980663507318,0.047831215289640044
2021-08-20,405,1.137384143886165,1.1021201932736835,0.03526395061248153
2021-08-23,403,1.0142914966941232,1.0042094887350594,0.010082007959063886
2021-08-24,400,0.9760696789742696,0.9761284186404657,-5.873966619607096e-05
2021-08-25,388,1.0092486670433394,1.024827864683518,-0.01557919764017879
2021-08-26,390,0.9742429736014983,0.9858703093528501,-0.011627335751351794
2021-08-27,392,1.016418626807312,1.04290050158332,-0.02648187477600767
2021-08-30,376,1.1798292962311423,1.235563613844305,-0.05573431761316237
2021-08-31,391,1.1018224298800965,1.1337137097781742,-0.03189127989807777
2021-09-01,390,1.1396792445677681,1.1809371987034438,-0.04125795413567578
2021-09-02,404,1.3464317151117975,1.441653496016294,-0.09522178090449646
2021-09-03,407,1.5541388014019017,1.6930536164529835,-0.138914815051082
2021-09-07,410,1.418273952818337,1.5271496280579846,-0.10887567523964772
2021-09-08,414,1.3448589396877761,1.4207900967059235,-0.07593115701814707
2021-09-09,424,1.132118421707995,1.1560233636097037,-0.023904941901708922
2021-09-10,424,1.1738102244938207,1.1818450691310292,-0.00803484463720838
2021-09-13,425,1.22233012335591,1.2422199136687797,-0.01988979031286947
2021-09-14,450,1.4601851195365334,1.520445889271696,-0.060260769735162804
2021-09-15,437,1.3975419042031196,1.4672631247923573,-0.0697212205892379
2021-09-16,430,1.5863876560886891,1.7019971758460257,-0.11560951975733626
2021-09-17,430,1.469284540547335,1.5262304355867653,-0.05694589503943063
2021-09-20,426,1.6506525292840926,1.7031297125015947,-0.05247718321750217
2021-09-21,425,1.6697891649687124,1.7079029969183779,-0.03811383194966551
2021-09-22,424,1.4626450635330253,1.5110007122140807,-0.04835564868105533
2021-09-23,418,1.325972739919316,1.3693218434311136,-0.04334910351179745
2021-09-24,419,1.470208285644734,1.5279099576913704,-0.05770167204663619
2021-09-27,421,1.3463443602766203,1.410845733255,-0.06450137297837961
2021-09-28,422,1.167431910474906,1.1743496280337886,-0.006917717558882473
2021-09-29,440,1.145299900626372,1.144617172206226,0.0006827284201460259
2021-09-30,444,1.324487556550865,1.278109394039304,0.046378162511561044
2021-10-01,445,1.20206400538387,1.1627930381947862,0.039270967189083704
2021-10-04,451,1.388622324692735,1.3463439982721104,0.042278326420624686
2021-10-05,454,1.2628678860585996,1.2174944073081468,0.04537347875045246
2021-10-06,454,1.3143145186583682,1.2595471772472249,0.054767341411143575
2021-10-07,460,1.202444976135758,1.157476846801635,0.04496812933412298
2021-10-08,461,1.3561820569846772,1.3116006389916581,0.04458141799301894
2021-10-11,460,1.5824240583069211,1.5357913911500183,0.04663266715690283
2021-10-12,459,1.5639469849236476,1.5199705407809743,0.04397644414267318
2021-10-13,461,1.288851366868525,1.2568549691227993,0.031996397745725935
2021-10-14,461,1.2905144883725224,1.2730115688477313,0.017502919524791192
2021-10-15,449,1.3760575485343005,1.3736654060192162,0.002392142515084393
2021-10-18,446,1.2730813831803431,1.2510325181099542,0.02204886507038894
2021-10-19,445,1.358170956226721,1.351781967872727,0.006388988353993935
2021-10-20,446,1.3914285352537055,1.3896215635430196,0.0018069717106861372
2021-10-21,442,1.5077603537910305,1.5108574723596195,-0.0030971185685887393
2021-10-22,439,1.615291568513442,1.6180700939002133,-0.002778525386771518
2021-10-25,438,1.515113369543411,1.509604516319059,0.0055088532243517275
2021-10-26,430,1.577815256213902,1.5753581059933908,0.0024571502205114983
2021-10-27,412,1.436974874224225,1.416308865659585,0.020666008564640036
2021-10-28,421,1.3555162662314453,1.3445727702955772,0.010943495935867966
2021-10-29,418,1.403288716144465,1.385379770073083,0.01790894607138197
2021-11-01,415,1.2569429368216676,1.2446033292493859,0.012339607572281867
2021-11-02,410,1.2269153195104763,1.2070888195727434,0.019826499937732976
2021-11-03,404,1.1981092434751421,1.1988578723450012,-0.0007486288698593607
2021-11-04,398,1.1088171024703695,1.1108440061025442,-0.002026903632174877
2021-11-05,399,1.353413123353219,1.3948767527915926,-0.04146362943837349
2021-11-08,394,1.2500206890379093,1.288778406562921,-0.038757717525011656
2021-11-09,399,1.1759986922358834,1.2048664197283765,-0.02886772749249302
2021-11-10,411,1.1419873253784651,1.1502699784519683,-0.008282653073503034
2021-11-11,407,1.4635902435088142,1.552195465441765,-0.0886052219329507
2021-11-12,413,1.491404153335074,1.5787914872148763,-0.08738733387980245
2021-11-15,399,2.023964977244336,2.2154247165754417,-0.19145973933110574
2021-11-16,400,2.43275992864543,2.704299517785709,-0.27153958914027915
2021-11-17,388,1.6471257878110606,1.7728013773567413,-0.12567558954568078
2021-11-18,400,1.7348448366668878,1.876524368593995,-0.1416795319271071
2021-11-19,399,1.3548996686161643,1.4273575522650264,-0.07245788364886191
2021-11-22,402,1.115162819532493,1.1329087420349404,-0.01774592250244747
2021-11-23,403,1.034863237846026,1.043265759291392,-0.00840252144536588
2021-11-24,395,1.1429057086213361,1.179715153213883,-0.03680944459254681
2021-11-26,397,1.2733556615707808,1.2558866752806972,0.017468986290083557
2021-11-29,403,1.2200636797468525,1.232009003051808,-0.011945323304955317
2021-11-30,402,1.3793646250404077,1.362159279807024,0.01720534523338374
2021-12-01,401,1.7060599638555163,1.6537718036190088,0.05228816023650773
2021-12-02,411,1.444354439867471,1.4284166765884252,0.015937763279045662
2021-12-03,408,1.1916647905513869,1.1596148201789824,0.032049970372404486
2021-12-06,408,1.2975873523696073,1.3216940010448095,-0.024106648675202232
2021-12-07,408,1.1595617943403818,1.1679792458867526,-0.008417451546370733
2021-12-08,407,1.1444138427840551,1.1477621531444124,-0.0033483103603573414
2021-12-09,422,1.0376335712303204,1.0029145431384134,0.03471902809190693
2021-12-10,422,1.0624020777813568,1.0148968613809224,0.04750521640043442
2021-12-13,426,1.0783246398595827,1.015970298017144,0.062354341842438744
2021-12-14,446,1.2136378021711338,1.1408787516416856,0.07275905052944803
2021-12-15,436,0.994790744003694,0.9338957109582892,0.0608950330454048
2021-12-16,432,1.0113678838267899,0.9456134161564879,0.06575446767030209
2021-12-17,434,1.1295074241837713,1.0515593418419085,0.07794808234186269
2021-12-20,435,1.8291175267691553,1.7648410832068404,0.06427644356231517
2021-12-21,437,1.2750266057723183,1.2422666452054865,0.03275996056683173
2021-12-22,434,1.395483446654849,1.3897949048984468,0.005688541756402332
2021-12-23,428,1.6646697682919838,1.7003659426184121,-0.0356961743264285
2021-12-27,431,1.75980325908196,1.8518643298395536,-0.09206107075759362
2021-12-28,431,1.6501004074235053,1.7096871832758203,-0.059586775852314984
2021-12-29,431,1.7277372919140161,1.7981339125942208,-0.07039662068020461
2021-12-30,441,2.090221843233496,2.2003969071586393,-0.11017506392514342
2021-12-31,449,2.390197505133643,2.519183643413994,-0.1289861382803512
2022-01-03,450,2.1937000653496255,2.353001808914464,-0.15930174356483873
2022-01-04,451,2.11421949003507,2.3111215358477373,-0.19690204581266738
2022-01-05,446,1.8613815931712214,2.0185573455800574,-0.15717575240883588
2022-01-06,454,2.251569028504192,2.4879123556999256,-0.2363433271957345
2022-01-07,461,1.8501640831199797,1.9979168954278201,-0.1477528123078404
2022-01-10,460,2.168763591253804,2.3917129187815305,-0.2229493275277266
2022-01-11,458,2.58906210666986,2.8911267802675127,-0.30206467359765277
2022-01-12,458,2.885197075151614,3.229871912423235,-0.3446748372716209
2022-01-13,454,2.161246573214968,2.3614839838043933,-0.20023741058942524
2022-01-14,450,1.6021289038615874,1.7112388185196161,-0.1091099146580288
2022-01-18,452,1.2173329405587587,1.2402937619749221,-0.022960821416163638
2022-01-19,452,1.167354392486796,1.155943497732717,0.011410894754078986
2022-01-20,453,1.3298710855306568,1.3384852355987422,-0.008614150068085446
2022-01-21,448,1.4354312887737264,1.4211638292657878,0.0142674595079388
2022-01-24,443,1.4570537572973863,1.4558356742043381,0.001218083093048123
2022-01-25,442,1.5971739653651376,1.5594281228643663,0.03774584250077116
2022-01-26,437,1.973588775127409,1.912857219408405,0.060731555719003884
2022-01-27,425,1.8528241990526637,1.8006675679911737,0.05215663106149006
2022-01-28,427,1.457742039319087,1.4438814481446423,0.013860591174444745
2022-01-31,426,1.54780183004519,1.5955109008425112,-0.04770907079732138
2022-02-01,420,1.495218047299954,1.5208926822451825,-0.025674634945228928
2022-02-02,418,1.5949263762507708,1.6341709148844255,-0.0392445386336545
2022-02-03,407,1.5601977649111094,1.5998241613034763,-0.03962639639236667
2022-02-04,404,1.4911424085048204,1.532372226014565,-0.04122981750974466
2022-02-07,405,1.5120946624859115,1.5808824908340031,-0.0687878283480917
2022-02-08,406,2.050366737788597,2.2168331073621057,-0.16646636957350866
2022-02-09,401,2.146503194782698,2.3251055987205915,-0.17860240393789367
2022-02-10,400,1.4257381585933258,1.47257267568806,-0.04683451709473425
2022-02-11,394,1.3819452177609697,1.3977951902040562,-0.015849972443086613
2022-02-14,395,1.691557601887235,1.74787573031402,-0.05631812842678514
2022-02-15,398,1.6413750995774683,1.6816026112663616,-0.04022751168889333
2022-02-16,392,1.9256981234334876,2.005246235323872,-0.07954811189038466
2022-02-17,400,2.1839068997710225,2.257152284732951,-0.07324538496192835
2022-02-18,404,2.751915357455434,2.9379136265192822,-0.18599826906384803
2022-02-22,403,2.4214379951760163,2.5734598387136387,-0.15202184353762255
2022-02-23,387,1.8595478102876015,1.8667411267779415,-0.007193316490339979
2022-02-24,385,1.9349179557946692,1.9865451531696654,-0.05162719737499612
2022-02-25,397,2.2252645554788484,2.3789965816308443,-0.15373202615199588
2022-02-28,388,2.178185128917113,2.3321167251172277,-0.15393159620011437
2022-03-01,387,1.556556221649017,1.583366528267764,-0.026810306618747178
2022-03-02,386,1.325314047695449,1.332259264036766,-0.006945216341317367
2022-03-03,391,1.197202111674375,1.1662077489842673,0.030994362690107538
2022-03-04,397,1.4450319612030476,1.3876827167678074,0.057349244435240095
2022-03-07,398,2.0759434421683927,2.0029328646314575,0.07301057753693475
2022-03-08,403,2.296438877179222,2.2064686202983887,0.08997025688083331
2022-03-09,417,1.2925170837632611,1.2090866661749058,0.0834304175883553
2022-03-10,424,1.5350727383461202,1.4366288922937134,0.09844384605240676
2022-03-11,425,1.942772207647629,1.8358565657553794,0.10691564189224949
2022-03-14,448,2.320739931902351,2.2235018446975303,0.09723808720482034
2022-03-15,456,2.245360831879896,2.143604985643299,0.10175584623659702
2022-03-16,442,1.55634098472878,1.4652294084510409,0.09111157627773908
2022-03-17,438,1.2802358154887163,1.22631432372259,0.053921491766126387
2022-03-18,437,1.4204169420785309,1.3920950887138648,0.02832185336466617
2022-03-21,437,1.3282540572972223,1.2761413928796936,0.052112664417528556
2022-03-22,432,1.4303756540811519,1.4303995870332655,-2.3932952113838045e-05
2022-03-23,434,1.5547999650940443,1.5494353165581227,0.005364648535921663
2022-03-24,431,1.5983080993347691,1.611077827516453,-0.012769728181683825
2022-03-25,426,1.574409267301023,1.594542643818203,-0.02013337651717997
2022-03-28,426,1.5752625323360703,1.618997775704547,-0.04373524336847686
2022-03-29,424,1.949091676449721,2.0723971388730487,-0.12330546242332752
2022-03-30,438,1.535406042225063,1.5708270307788634,-0.035420988553800214
2022-03-31,447,1.54114975799292,1.5635190388497568,-0.022369280856836694
2022-04-01,450,1.5468353577703104,1.5821466184775377,-0.035311260707227204
2022-04-04,451,1.3791832928377956,1.3734614300776877,0.005721862760107721
2022-04-05,454,1.4081317817744419,1.3726895953775315,0.035442186396910415
2022-04-06,449,1.375718895626033,1.3600499661846255,0.01566892944140725
2022-04-07,458,1.6094544412202363,1.6727202835726176,-0.06326584235238128
2022-04-08,462,1.5786584339484573,1.638686447902488,-0.06002801395403092
2022-04-11,460,1.7569044392041002,1.8585633970602156,-0.10165895785611527
2022-04-12,462,1.7302467033288977,1.8233208421189164,-0.09307413879001852
2022-04-13,462,1.6825972240378835,1.7676484402491284,-0.08505121621124484
2022-04-14,452,2.136802712932663,2.3115538958733315,-0.1747511829406687
2022-04-18,451,2.0285771227245886,2.1820757857577555,-0.1534986630331669
2022-04-19,454,2.296639787324382,2.4840488453888967,-0.18740905806451533
2022-04-20,454,1.9633029685806036,2.091946054800096,-0.12864308621949241
2022-04-21,453,2.3277995708727066,2.5139456217427996,-0.18614605087009312
2022-04-22,447,2.066968588140137,2.1899925015735127,-0.1230239134333752
2022-04-25,441,2.8648624728809504,3.1482540376904273,-0.2833915648094771
2022-04-26,441,2.2993317181846544,2.4795121974798504,-0.180180479295196
2022-04-27,437,2.6096373225474867,2.8438202581174403,-0.23418293556995382
2022-04-28,427,2.883261091238299,3.1682378376006133,-0.2849767463623143
2022-04-29,423,1.746596719061936,1.8124878443606978,-0.06589112529876158
2022-05-02,421,1.9542964165935441,2.067055560514919,-0.11275914392137455
2022-05-03,414,1.671722562480925,1.7193844120518156,-0.04766184957089033
2022-05-04,408,2.9020039317835153,3.2067959103061012,-0.3047919785225853
2022-05-05,401,2.0630151014160103,2.20613137208604,-0.1431162706700293
2022-05-06,406,1.8890778573102691,1.9955677170930315,-0.10648985978276251
2022-05-09,408,1.5068931386825724,1.486796735853049,0.020096402829523456
2022-05-10,403,1.569806298518606,1.570126418022806,-0.00032011950419992335
2022-05-11,406,1.5001573012524079,1.440121782388588,0.060035518863820136
2022-05-12,413,1.5896748825657159,1.500694967699259,0.08897991486645687
2022-05-13,413,1.5493024675033773,1.4577552766507471,0.09154719085263034
2022-05-16,399,1.4878808902821112,1.3980909917218107,0.08978989856030041
2022-05-17,401,1.2772481056037455,1.2430613305369644,0.034186775066780896
2022-05-18,393,1.9637832946549723,1.8408900212770491,0.12289327337792315
2022-05-19,403,1.625680324592533,1.5138291435881321,0.11185118100440081
2022-05-20,402,1.715370805067712,1.6041410927118798,0.11122971235583208
2022-05-23,402,1.610891622297757,1.4996791714010538,0.11121245089670288
2022-05-24,404,1.7515301092282496,1.6564346033174595,0.09509550591079022
2022-05-25,389,1.460215516115828,1.421743695639383,0.038471820476444804
2022-05-26,398,1.7689687651192465,1.849022858149349,-0.08005409303010268
2022-05-27,410,3.3834381079510143,3.768779277855538,-0.3853411699045239
2022-05-31,402,3.3004291915804,3.656631893108639,-0.3562027015282391
2022-06-01,402,2.6522842307154253,2.876872663585743,-0.2245884328703179
2022-06-02,411,4.333804499791055,4.9054660904207354,-0.5716615906296801
2022-06-03,411,3.8227607411547972,4.295280109679783,-0.47251936852498544
2022-06-06,411,3.426775482275259,3.831075073397649,-0.40429959112239006
2022-06-07,415,3.8152804775883795,4.27988596314075,-0.4646054855523705
2022-06-08,415,3.248736450878131,3.6032867377570184,-0.3545502868788878
2022-06-09,428,2.007190879890533,2.1160342519333177,-0.10884337204278509
2022-06-10,428,1.5589833081576516,1.593629709461404,-0.03464640130375249
2022-06-13,431,1.3585869223288771,1.313026488808721,0.0455604335201561
2022-06-14,438,1.5300299500280812,1.5022967490017676,0.027733201026313672
2022-06-15,428,1.5678308958877776,1.5787912649967095,-0.010960369108931846
2022-06-16,431,1.862501854243951,1.7875239409644097,0.07497791327954155
2022-06-17,430,1.7253324742320444,1.6483257085304754,0.07700676570156892
2022-06-21,430,1.6197076209312042,1.5755248249759242,0.044182795955280116
2022-06-22,425,1.4224797162369898,1.326654412955167,0.09582530328182273
2022-06-23,424,1.1170332790006632,1.0269843293786296,0.09004894962203357
2022-06-24,427,1.3019290803666441,1.3031240774069517,-0.0011949970403075292
2022-06-27,428,1.330700337862259,1.3414849346072477,-0.01078459674498876
2022-06-28,427,1.280282349214162,1.264853046141418,0.01542930307274405
2022-06-29,439,1.2998808660430365,1.2908573212842185,0.009023544758817944
2022-06-30,453,1.2243189227395892,1.1594071950048401,0.0649117277347493
2022-07-01,455,1.3285217031955292,1.3040429954125068,0.024478707783022302
2022-07-05,456,1.3396419222893643,1.248810686045017,0.09083123624434748
2022-07-06,457,1.6557392755378342,1.5665438855369431,0.0891953900008909
2022-07-07,458,1.426895031030963,1.3395584355108603,0.08733659552010281
2022-07-08,463,1.3535234149094988,1.2716836784504,0.0818397364590987
2022-07-11,464,1.5409874348120003,1.4417239019604042,0.09926353285159599
2022-07-12,462,1.42398752446931,1.3293468199738148,0.09464070449549526
2022-07-13,462,1.9779756137895341,1.8704061663160552,0.10756944747347884
2022-07-14,459,2.700768043481588,2.5968595607034772,0.10390848277811096
2022-07-15,446,2.5803830058244825,2.4850704747699135,0.09531253105456892
2022-07-18,447,2.615433669790687,2.515832580859868,0.09960108893081888
2022-07-19,451,1.8209525336102295,1.7364367783945567,0.08451575521567303
2022-07-20,451,1.8475641855582212,1.7651192050967326,0.08244498046148849
2022-07-21,451,1.70822569604771,1.632660649924132,0.07556504612357781
2022-07-22,446,1.850621521069399,1.7623391248341724,0.0882823962352267
2022-07-25,441,1.8579092237191572,1.770138282437465,0.08777094128169233
2022-07-26,438,1.9275534715604048,1.8388280426130508,0.08872542894735408
2022-07-27,435,1.9227876814111293,1.8257465212112345,0.0970411601998948
2022-07-28,428,1.6186584419473156,1.524783018129816,0.0938754238174993
2022-07-29,427,1.6685596078203995,1.5620212506554654,0.1065383571649343
2022-08-01,426,1.7443369593482596,1.6387296280941435,0.10560733125411623
2022-08-02,416,1.8496254685541456,1.736448430111909,0.11317703844223673
2022-08-03,409,1.5038406957923633,1.420095914297836,0.08374478149452723
2022-08-04,401,1.6025013696078556,1.5160279518681132,0.08647341773974239
2022-08-05,403,1.3415761251135652,1.2725516671452743,0.06902445796829088
2022-08-08,404,1.2712441025016628,1.2480943369076722,0.02314976559399039
2022-08-09,407,1.1866449842972657,1.1449050511820953,0.041739933115170526
2022-08-10,407,1.3416890260452037,1.3462888131523911,-0.004599787107187555
2022-08-11,418,1.1389681464973491,1.1086554350638336,0.030312711433515344
2022-08-12,429,1.9125000214087406,2.0109497058188315,-0.09844968441009079
2022-08-15,427,2.1731367138663193,2.3040345369103123,-0.13089782304399275
2022-08-16,422,2.412321684654033,2.586125712106404,-0.17380402745237072
2022-08-17,414,2.3304186266376257,2.5023640008744104,-0.17194537423678458
2022-08-18,414,2.379198843608183,2.586394703949465,-0.2071958603412819
2022-08-19,413,2.2426551735172033,2.4258116123366325,-0.18315643881942897
2022-08-22,409,1.8003370298689276,1.9111110036602217,-0.1107739737912941
2022-08-23,407,1.3725014651869503,1.4069035731185238,-0.03440210793157355
2022-08-24,393,1.3530787777581283,1.381838283961208,-0.028759506203079436
2022-08-25,394,1.3120210248069941,1.3399531796025341,-0.027932154795539985
2022-08-26,399,1.151424450864863,1.084638242104789,0.06678620876007386
2022-08-29,397,1.2498597279367067,1.256383466165675,-0.006523738228968092
2022-08-30,389,1.2254839741434753,1.203252235310932,0.022231738832543254
2022-08-31,394,1.30294211586684,1.289392353704639,0.01354976216220077
2022-09-01,406,1.3141070237855965,1.3260016154361827,-0.011894591650586116
2022-09-02,408,1.1851350766352753,1.1608072583609363,0.024327818274338994
2022-09-06,413,1.305265651803676,1.3127670406583727,-0.007501388854696755
2022-09-07,414,1.8448602404370567,1.9686717756388117,-0.12381153520175506
2022-09-08,429,2.413346505547431,2.635286137013663,-0.22193963146623202
2022-09-09,429,3.341910365456719,3.76401678468803,-0.4221064192313107
2022-09-12,428,4.143252046564858,4.702182329118244,-0.5589302825533864
2022-09-13,433,2.965342138387871,3.307713503284805,-0.34237136489693404
2022-09-14,455,2.4114788412366988,2.6277350644528483,-0.21625622321614993
2022-09-15,443,2.6785729558972933,2.957786029586814,-0.279213073689521
2022-09-16,436,2.675129757905377,2.953459954840328,-0.27833019693495115
2022-09-19,436,2.1394659018690714,2.3273538234918356,-0.18788792162276424
2022-09-20,436,1.2538416737342135,1.2672837817001887,-0.013442107965975315
2022-09-21,438,1.3129141136621707,1.3079312599768114,0.004982853685359347
2022-09-22,427,1.5678744983875184,1.5637274227306923,0.004147075656826102
2022-09-23,427,1.7054871182523341,1.7265107781228581,-0.021023659870524184
2022-09-26,428,1.6987310325658016,1.708494838946327,-0.009763806380525339
2022-09-27,428,1.6192968523217948,1.632867252441551,-0.013570400119756623
2022-09-28,427,1.7322574650676532,1.8075166914780263,-0.07525922641037329
2022-09-29,445,1.4685767175203168,1.4450719123591511,0.0235048051611659
2022-09-30,451,1.424794941954665,1.428879326318492,-0.004084384363826984
2022-10-03,453,1.2953656609612816,1.2954827448942356,-0.00011708393295412276
2022-10-04,454,1.3687379769321315,1.4112034432392917,-0.042465466307160214
2022-10-05,456,1.5491665775972487,1.6141768581814662,-0.06501028058421736
2022-10-06,463,1.5556668376165936,1.6208571419630917,-0.06519030434649808
2022-10-07,466,1.4016939964118973,1.3545902662656337,0.04710373014626368
2022-10-10,466,1.5524956916442676,1.4851188748296538,0.06737681681461376
2022-10-11,466,2.0253893192940255,1.9357380412194278,0.0896512780745976
2022-10-12,466,2.2547829875321233,2.166667663790144,0.08811532374197922
2022-10-13,469,1.8213346754830602,1.7509966617575567,0.07033801372550343
2022-10-14,464,3.249286189528587,3.182733197487685,0.06655299204090201
2022-10-17,455,2.3625501837869063,2.291999820320271,0.07055036346663526
2022-10-18,455,2.0951081025906158,2.0357714215233336,0.05933668106728194
2022-10-19,455,1.8656827699327554,1.8155945751982585,0.05008819473449689
2022-10-20,455,2.2393573768061303,2.201196128611808,0.03816124819432286
2022-10-21,448,2.16749319780891,2.1453062433665453,0.02218695444236463
2022-10-24,445,2.1089223760592133,2.086063276761413,0.022859099297800018
2022-10-25,443,2.025580716223886,2.0333376512080177,-0.007756934984131546
2022-10-26,427,1.8723587242937163,1.9174258870243726,-0.04506716273065643
2022-10-27,418,2.3069003568545283,2.2628619568548043,0.04403839999972456
2022-10-28,426,2.0998274651216744,2.0581151682558243,0.0417122968658503
2022-10-31,421,2.0312546979335417,1.9998528695027646,0.03140182843077721
2022-11-01,416,2.1075783234612158,2.301516031103539,-0.19393770764232324
2022-11-02,406,2.2845959009821453,2.5298255766449467,-0.24522967566280185
2022-11-03,398,2.182083425096434,2.4409783635831204,-0.25889493848668604
2022-11-04,402,1.7961368921714582,2.030830758027529,-0.234693865856071
2022-11-07,399,1.6141330433427312,1.807237034649045,-0.19310399130631367
2022-11-08,395,1.6444288087382586,1.8630228276192242,-0.21859401888096583
2022-11-09,407,2.19882525575247,2.532736687771824,-0.3339114320193533
2022-11-10,413,1.1948911820917463,1.30371725358526,-0.10882607149351349
2022-11-11,412,1.3991375634826146,1.3554642614788062,0.043673302003808485
2022-11-14,417,1.2673516685466595,1.3114774614507476,-0.04412579290408834
2022-11-15,401,1.3648321918178514,1.4848864943520803,-0.12005430253422904
2022-11-16,395,1.3720135439033287,1.5578445444476836,-0.185831000544355
2022-11-17,406,1.4293214906864045,1.6286998628475178,-0.19937837216111354
2022-11-18,408,1.2063721327305406,1.2788084645608706,-0.07243633183032992
2022-11-21,408,1.227499150662798,1.2485815279924737,-0.021082377329675658
2022-11-22,411,1.326263627139549,1.26732046233741,0.058943164802138945
2022-11-23,401,1.344182915804385,1.3019272162373257,0.042255699567059525
2022-11-25,404,1.382509433625146,1.292816065795393,0.08969336782975318
2022-11-28,404,1.2284007924199412,1.2951807237381536,-0.06677993131821228
2022-11-29,407,1.3617495608649453,1.4441277900538805,-0.08237822918893524
2022-11-30,411,1.3689946236253454,1.2863039088829054,0.08269071474244018
2022-12-01,415,1.6797214975058503,1.459405450391744,0.22031604711410643
2022-12-02,412,1.8573519578613675,1.5734835601964345,0.28386839766493316
2022-12-05,409,1.6537437180823822,1.4344276066162456,0.21931611146613655
2022-12-06,412,1.4146551975555008,1.271647587981495,0.14300760957400602
2022-12-07,411,1.2285978021529471,1.1920116287841938,0.03658617336875327
2022-12-08,427,1.4309433985735125,1.2674455499239832,0.1634978486495295
2022-12-09,428,1.3166464360675474,1.2385631201613094,0.07808331590623778
2022-12-12,426,1.533599281203138,1.3724739783678457,0.16112530283529244
2022-12-13,432,1.8679917384368798,1.587518109256729,0.2804736291801509
2022-12-14,431,1.3825142384970428,1.2410111528075385,0.14150308568950415
2022-12-15,429,1.1332026783103797,1.1096140485643902,0.023588629745989454
2022-12-16,435,1.1182500251556509,1.1515852930165424,-0.03333526786089144
2022-12-19,437,1.2286183530412624,1.3750750269722485,-0.14645667393098621
2022-12-20,431,1.264518424737602,1.349169378366236,-0.08465095362863409
2022-12-21,433,1.325735239330359,1.442994578992556,-0.11725933966219708
2022-12-22,426,1.4368122154867462,1.61653344497604,-0.1797212294892939
2022-12-23,428,1.5364090267785229,1.713849992075073,-0.1774409652965501
2022-12-27,430,1.7807638644682005,2.0106355458412786,-0.22987168137307787
2022-12-28,425,2.316931770476171,2.6283904170250296,-0.31145864654885863
2022-12-29,441,1.8860729375473164,2.1331832751805964,-0.24711033763327997
2022-12-30,454,1.942028029676729,2.195743212114606,-0.2537151824378772
2023-01-03,455,1.7622603155617313,1.9650445050850893,-0.20278418952335797
2023-01-04,450,1.416189371598419,1.5078685049246219,-0.0916791333262028
2023-01-05,455,1.7576419520174913,1.985886098968185,-0.2282441469506939
2023-01-06,458,1.7502741030188151,1.923861725086106,-0.17358762206729095
2023-01-09,461,1.4388503998322244,1.6028276706892677,-0.16397727085704314
2023-01-10,460,1.3883343069901735,1.5231298223927117,-0.13479551540253837
2023-01-11,459,1.3840870854279508,1.5046308322537472,-0.12054374682579626
2023-01-12,464,1.362368931874655,1.460253125741462,-0.09788419386680715
2023-01-13,461,1.239830531302614,1.2836415355827824,-0.04381100428016831
2023-01-17,455,1.2444052573552948,1.3715306482602931,-0.12712539090499825
2023-01-18,454,1.6930039063067872,1.9362049210874073,-0.2432010147806198
2023-01-19,458,2.62822066467302,2.9487931343172518,-0.32057246964423164
2023-01-20,458,1.800713528402944,1.9997386945028026,-0.19902516609985832
2023-01-23,452,1.4111356558348933,1.5251629937035516,-0.11402733786865854
2023-01-24,453,1.4806638082914434,1.6426219731719687,-0.16195816488052533
2023-01-25,448,1.465067303137149,1.5802001146932292,-0.11513281155608025
2023-01-26,436,1.383236672517717,1.430500666893214,-0.04726399437549714
2023-01-27,431,1.1737313606488171,1.2134684485031983,-0.039737087854381126
2023-01-30,433,1.2849262665751024,1.428395029074704,-0.14346876249960167
2023-01-31,429,1.2416014718461441,1.30419308583326,-0.06259161398711582
2023-02-01,424,1.231271067921262,1.269934657581666,-0.03866358966040401
2023-02-02,414,1.3728307376738698,1.2819633941101933,0.09086734356367641
2023-02-03,409,1.2550595741408361,1.2176922542166655,0.03736731992417067
2023-02-06,411,1.3509751222349309,1.2335395713513,0.117435550883631
2023-02-07,410,1.516022942308391,1.3450533191697895,0.17096962313860178
2023-02-08,402,1.3309168553805795,1.2354049243096863,0.0955119310708933
2023-02-09,409,1.3450152653230918,1.2455994442661829,0.09941582105690912
2023-02-10,400,1.3705703095515471,1.2662575551104747,0.10431275444107257
2023-02-13,390,1.5856427261411312,1.4089275868844882,0.17671513925664306
2023-02-14,397,1.6137003061736503,1.4238661594460127,0.18983414672763768
2023-02-15,392,1.5889123379954309,1.3958669328740796,0.19304540512135104
2023-02-16,399,1.240036648895309,1.1758045628227138,0.06423208607259523
2023-02-17,404,1.2654911214072033,1.1996404555529432,0.06585066585426017
2023-02-21,401,1.2838145434565074,1.249720800608341,0.0340937428481665
2023-02-22,399,1.2277851008953544,1.2163002650125492,0.011484835882805067
2023-02-23,389,1.4077461738560515,1.2801261581424452,0.12762001571360618
2023-02-24,392,1.651478320032815,1.478681918536996,0.17279640149581893
2023-02-27,405,1.9570572361008491,1.768136846529405,0.18892038957144425
2023-02-28,394,1.7744375953470701,1.6471449535565692,0.12729264179050107
2023-03-01,395,2.1933197505724396,2.038700585666776,0.15461916490566338
2023-03-02,391,2.0369636330461844,1.8940561143534085,0.14290751869277568
2023-03-03,393,2.7183762324499443,2.481683380463168,0.23669285198677645
2023-03-06,396,2.2495323008539536,2.0683833332648107,0.18114896758914295
2023-03-07,399,1.6045613379714396,1.5245322394707432,0.08002909850069655
2023-03-08,402,2.0181211759897075,1.838818128963209,0.1793030470264985
2023-03-09,422,1.7705786400839958,1.6579145262394488,0.11266411384454711
2023-03-10,425,1.4838511566453778,1.4834201872643116,0.00043096938106604695
2023-03-13,427,1.0879066028030904,1.1608447765802445,-0.07293817377715406
2023-03-14,453,1.016155604274136,1.026316195387911,-0.010160591113774953
2023-03-15,455,1.1377434051671784,1.2872545974435865,-0.149511192276408
2023-03-16,448,0.979177784667521,1.095914537945647,-0.11673675327812601
2023-03-17,445,1.492463716042098,1.7364898502484503,-0.24402613420635244
2023-03-20,446,1.2611831703530672,1.4615859596435405,-0.2004027892904734
2023-03-21,446,1.0518322481467237,1.1400972738701922,-0.08826502572346863
2023-03-22,441,1.3962541446489405,1.554795387344642,-0.1585412426957015
2023-03-23,433,1.5127993261370396,1.6781087194380853,-0.16530939330104555
2023-03-24,432,1.281576724467657,1.463646181108623,-0.18206945664096572
2023-03-27,432,1.2578081684606417,1.4359328530595243,-0.17812468459888237
2023-03-28,433,1.1741738002935003,1.3276858585855382,-0.15351205829203773
2023-03-29,425,1.116430633020559,1.2360574263719515,-0.11962679335139251
2023-03-30,445,1.066154828543901,1.14572577571332,-0.07957094716941876
2023-03-31,452,1.0208653411207704,1.0572746209697121,-0.03640927984894174
2023-04-03,453,0.9742941579392703,1.0177718809660754,-0.04347772302680504
2023-04-04,457,1.0483562785804592,1.145355190467156,-0.09699891188669658
2023-04-05,457,1.0934204898202002,1.1742738231983179,-0.08085333337811774
2023-04-06,467,1.0937618402909688,1.170119812051254,-0.076357971760285
2023-04-10,468,1.1042357330411599,1.149420899218009,-0.04518516617684917
2023-04-11,463,1.2411426614751462,1.163365312272655,0.07777734920249092
2023-04-12,463,1.286362041717327,1.1857088711178165,0.10065317059951015
2023-04-13,466,1.320531068291536,1.2648591622050604,0.055671906086475334
2023-04-14,456,1.2680221284926414,1.2734175831764614,-0.005395454683820032
2023-04-17,456,1.2388261084220433,1.2100360874195335,0.02879002100250961
2023-04-18,454,1.486230109021842,1.3881084261328214,0.0981216828890205
2023-04-19,452,1.5943341662121144,1.478639492137734,0.1156946740743805
2023-04-20,451,1.6649676963294084,1.5447149170542522,0.12025277927515639
2023-04-21,446,1.4256659817532833,1.3826167233278144,0.043049258425468764
2023-04-24,444,1.5265285681128369,1.483525723243045,0.04300284486979163
2023-04-25,442,1.5164500349777514,1.547004163794306,-0.03055412881655434
2023-04-26,439,1.6017085989641777,1.6677290982215613,-0.06602049925738378
2023-04-27,429,1.5393437686364713,1.5183178434584503,0.021025925178021147
2023-04-28,427,1.6151541500231814,1.5478884310344367,0.06726571898874442
2023-05-01,425,1.568258941429508,1.5234261589482772,0.04483278248123113
2023-05-02,421,1.579137390609608,1.5347797412411432,0.044357649368464744
2023-05-03,416,1.486520374879755,1.5271096716788435,-0.04058929679908839
2023-05-04,411,1.6424947173642992,1.7557869632439984,-0.11329224587969947
2023-05-05,411,1.428217670503762,1.4409129603590627,-0.012695289855300718
2023-05-08,409,1.3694806391762788,1.3957582797726371,-0.02627764059635839
2023-05-09,410,1.3814267872703243,1.370254677818181,0.011172109452143293
2023-05-10,411,1.4505216668629324,1.3881099300593374,0.06241173680359524
2023-05-11,416,1.6851203522585405,1.6478623337000877,0.037258018558452836
2023-05-12,419,1.9968166264275942,2.003706724470491,-0.006890098042896545
2023-05-15,412,1.9585833078063841,1.9390915938522115,0.01949171395417259
2023-05-16,399,1.7185855190628359,1.7288817414442221,-0.010296222381386479
2023-05-17,390,1.6458175732213123,1.6415735255871082,0.004244047634204264
2023-05-18,400,1.301410400035064,1.3632133016223578,-0.06180290158729382
2023-05-19,404,1.3341345375804183,1.3968528325057659,-0.0627182949253476
2023-05-22,404,1.3543977356519667,1.4270784138621235,-0.0726806782101569
2023-05-23,405,1.4653951849782347,1.6171417383337907,-0.15174655335555615
2023-05-24,392,1.8253832162798989,2.030885408444944,-0.20550219216504537
2023-05-25,399,1.562815147331339,1.7549787268067836,-0.19216357947544488
2023-05-26,410,1.454807177258702,1.6340867441209228,-0.17927956686222113
2023-05-30,413,1.6849868827927343,1.9038867229267729,-0.21889984013403846
2023-05-31,408,1.9026780411377484,2.1455561453131424,-0.24287810417539432
2023-06-01,410,1.917529655802996,2.181445851613238,-0.26391619581024195
2023-06-02,409,1.3530303789415834,1.533672739424338,-0.18064236048275423
2023-06-05,408,1.305623248175949,1.4665292040367721,-0.16090595586082304
2023-06-06,410,1.17135067936601,1.2977799143041804,-0.1264292349381703
2023-06-07,411,1.2237418872975585,1.2955871272560027,-0.07184523995844433
2023-06-08,424,1.1332009026221623,1.1491939112938816,-0.015993008671719183
2023-06-09,426,1.0512284660398228,1.1020793874487513,-0.05085092140892854
2023-06-12,426,1.1042280882412374,1.1873375078664548,-0.0831094196252174
2023-06-13,433,1.0639452265234295,1.0937505820100286,-0.02980535548659907
2023-06-14,436,1.0403315349602165,1.1125987393067684,-0.0722672043465519
2023-06-15,441,1.0048635739235623,1.059948096083951,-0.0550845221603888
2023-06-16,441,0.9915930684921109,1.0736635095887466,-0.08207044109663564
2023-06-20,441,0.9774104172760131,1.079702078220691,-0.10229166094467804
2023-06-21,435,0.929623944591997,0.9994486943772769,-0.06982474978527985
2023-06-22,430,1.0216739332017182,1.1227934566512638,-0.10111952344954568
2023-06-23,430,1.2814879308854257,1.4567077762773377,-0.17521984539191227
2023-06-26,430,1.415815224248389,1.6153094396537109,-0.19949421540532208
2023-06-27,428,1.2035457206620765,1.3729181134951087,-0.1693723928330323
2023-06-28,423,1.3534517072618046,1.5456685261196441,-0.19221681885783942
2023-06-29,440,1.12616027013386,1.2651508701173588,-0.1389905999834988
2023-06-30,449,1.0952032747449842,1.2067290970936744,-0.11152582234869013
2023-07-03,454,1.1530328382009747,1.273628043598256,-0.12059520539728141
2023-07-05,455,1.3428048855041739,1.4952480978473437,-0.15244321234316976
2023-07-06,456,1.419388282255283,1.5960530564398008,-0.176664774184518
2023-07-07,465,1.3205571729707888,1.4923614007692096,-0.17180422779842103
2023-07-10,466,1.2554916392308748,1.3924197526692903,-0.13692811343841527
2023-07-11,465,1.125441031044229,1.2311945907162662,-0.1057535596720375
2023-07-12,464,1.1516780387122707,1.2441822329363699,-0.09250419422409947
2023-07-13,466,1.1720037887174284,1.1913343798519656,-0.01933059113453724
2023-07-14,460,1.2694432024990336,1.3471807994428144,-0.07773759694378096
2023-07-17,452,1.2630178766106106,1.345864640004813,-0.08284676339420254
2023-07-18,451,1.1803580334882864,1.2261252414236419,-0.045767207935355735
2023-07-19,452,1.2870080330651188,1.2678423313075189,0.019165701757599903
2023-07-20,455,1.3987682584633434,1.3794616508171587,0.019306607646184578
2023-07-21,447,1.5746487540247058,1.536865336900569,0.03778341712413712
2023-07-24,443,1.5739540192459314,1.557084575410338,0.01686944383559322
2023-07-25,441,1.670366879927497,1.6195528064266715,0.05081407350082556
2023-07-26,436,1.660426320450336,1.5774528018422067,0.08297351860812928
2023-07-27,427,1.5230014542705652,1.4756265784749367,0.04737487579562838
2023-07-28,430,1.630693367923271,1.5470162909295175,0.0836770769937532
2023-07-31,428,1.6385672694410578,1.5422589434913163,0.09630832594974151
2023-08-01,422,1.7419093440587938,1.6045131739232121,0.13739617013558178
2023-08-02,414,1.5981123439270681,1.4552668083937546,0.14284553553331353
2023-08-03,404,1.5778310316492927,1.3985552469789264,0.17927578467036645
2023-08-04,405,1.4020070559426254,1.2505666904622028,0.1514403654804226
2023-08-07,408,1.5926033820962011,1.4104377859695096,0.18216559612669128
2023-08-08,407,1.5132215962086855,1.3471267969191656,0.16609479928951998
2023-08-09,412,1.2308772631411025,1.1311134666833946,0.09976379645770786
2023-08-10,419,1.3152347876392245,1.159611263140235,0.15562352449898928
2023-08-11,419,1.2301523949756756,1.1089698094067708,0.12118258556890475
2023-08-14,426,1.0946857750148427,1.0060661138377864,0.08861966117705626
2023-08-15,430,0.911989547198032,0.9606677535874888,-0.04867820638945668
2023-08-16,425,0.9549707980544526,1.0453699523225977,-0.09039915426814503
2023-08-17,412,1.1242271592060833,1.2415740711978507,-0.11734691199176742
2023-08-18,412,1.2028467135141094,1.3273978146532548,-0.12455110113914522
2023-08-21,407,1.1114525633839836,1.1854741997567457,-0.07402163637276221
2023-08-22,406,1.1016027922857445,1.1743054764828436,-0.07270268419709897
2023-08-23,392,1.0539813374177789,1.0722780028816021,-0.018296665463823126
2023-08-24,394,1.1178200729906511,1.1933868357481998,-0.07556676275754869
2023-08-25,401,1.1122913899995066,1.1728967300690252,-0.06060534006951872
2023-08-28,397,1.1192356653823323,1.1328136365634742,-0.013577971181142064
2023-08-29,397,1.240016773890009,1.1765636999216271,0.06345307396838194
2023-08-30,383,1.1923347947886185,1.1613779040598153,0.030956890728803005
2023-08-31,405,1.20625601720447,1.1337910630813035,0.07246495412316652
2023-09-01,408,1.264946244295685,1.1775607833185477,0.08738546097713734
2023-09-05,415,1.1422256950789327,1.0799499358159133,0.06227575926301961
2023-09-06,418,1.2001551743408723,1.1253200569789672,0.0748351173619049
2023-09-07,431,1.3861890949127296,1.2578749453014557,0.12831414961127416
2023-09-08,430,1.3673757327583735,1.2132785251727431,0.15409720758563042
2023-09-11,427,1.384658827286378,1.2312081231825451,0.15345070410383282
2023-09-12,432,1.567645973089913,1.3593198404959674,0.2083261325939458
2023-09-13,434,1.469384300906791,1.2884692154853297,0.18091508542146148
2023-09-14,440,1.5471296848251035,1.3589164467573311,0.18821323806777207
2023-09-15,439,1.3889215383864453,1.2324126039777488,0.1565089344086966
2023-09-18,440,1.665193542560304,1.4793879199089606,0.18580562265134337
2023-09-19,439,1.9003487066957256,1.6700604314940535,0.23028827520167192
2023-09-20,440,1.6725151067839557,1.4950832217030525,0.17743188508090316
2023-09-21,430,1.4289992134884815,1.3094945090892296,0.11950470439925186
2023-09-22,426,1.280197563270124,1.2171328486396484,0.06306471463047558
2023-09-25,429,1.22473279335453,1.182344578790651,0.04238821456387888
2023-09-26,430,1.056654422493277,1.1128963596781147,-0.05624193718483765
2023-09-27,427,1.110274009791988,1.1681277435503534,-0.05785373375836538
2023-09-28,444,1.2525263127259738,1.2158317568228003,0.03669455590317357
2023-09-29,449,1.2342817497750103,1.1875896858642179,0.046692063910792336
2023-10-02,449,1.2431381564873942,1.298642592545669,-0.05550443605827478
2023-10-03,451,1.3529773507557155,1.4846973264221095,-0.13171997566639404
2023-10-04,453,1.2375228968036962,1.2681698457613455,-0.03064694895764938
2023-10-05,461,1.194386575528357,1.1786207672718279,0.015765808256529165
2023-10-06,466,1.3403826626095021,1.226761800603804,0.1136208620056982
2023-10-09,465,1.4435193661218926,1.27933067875885,0.16418868736304246
2023-10-10,464,1.4939778407149882,1.3308692445357755,0.1631085961792129
2023-10-11,468,1.9797014180848231,1.7627378070480264,0.21696361103679682
2023-10-12,470,1.7901746712091453,1.6234255039736418,0.1667491672355032
2023-10-13,471,1.8624193324024982,1.6637283718497575,0.19869096055274052
2023-10-16,466,1.970264201475576,1.755428124436101,0.21483607703947508
2023-10-17,453,1.8435765026557889,1.649734718015263,0.19384178464052573
2023-10-18,453,1.5389515174351844,1.4359077729258862,0.10304374450929829
2023-10-19,454,1.3810711467532468,1.4205084330009914,-0.03943728624774453
2023-10-20,453,1.7712802327555328,1.92539761131607,-0.15411737856053695
2023-10-23,449,1.7947617857111524,1.9452436961285586,-0.15048191041740638
2023-10-24,447,1.65714891630011,1.782612130191512,-0.12546321389140214
2023-10-25,443,1.957168921407358,2.1191313423774956,-0.16196242097013747
2023-10-26,432,1.840512546539803,1.9793211030770304,-0.13880855653722743
2023-10-27,425,2.2604087221769213,2.4741004858465763,-0.21369176366965514
2023-10-30,426,1.9651530574862455,2.1468622916656663,-0.18170923417942048
2023-10-31,422,2.5015530199098652,2.7438015389341746,-0.2422485190243087
2023-11-01,415,2.451197188052442,2.6972194316744647,-0.24602224362202246
2023-11-02,400,1.773006357945282,1.942256198732238,-0.16924984078695576
2023-11-03,399,1.358854533603742,1.4897606300988313,-0.1309060964950892
2023-11-06,396,1.5227714382289756,1.6945317905356931,-0.17176035230671735
2023-11-07,395,1.3514898709578347,1.5227759493512107,-0.1712860783933759
2023-11-08,391,1.4003598421946186,1.5958751996136853,-0.19551535741906675
2023-11-09,399,1.673736753482554,1.919555865801712,-0.24581911231915798
2023-11-10,404,1.3376835014363275,1.533932259409672,-0.19624875797334446
2023-11-13,409,1.4116976046696794,1.6012294330841224,-0.18953182841444313
2023-11-14,414,1.07655833775239,1.1682475861986528,-0.09168924844626275
2023-11-15,387,1.0759142090788714,1.1826846249974,-0.10677041591852851
2023-11-16,403,1.3712791307604077,1.5607286498489068,-0.18944951908849886
2023-11-17,407,1.3431779015797147,1.4992936221417277,-0.15611572056201303
2023-11-20,407,1.2361671318880503,1.339414632612028,-0.10324750072397777
2023-11-21,408,1.3316044069938948,1.4393046401524958,-0.10770023315860126
2023-11-22,399,1.3853929071028315,1.4951929653442793,-0.10980005824144769
2023-11-24,402,1.392710270423536,1.516775223219812,-0.12406495279627593
2023-11-27,404,1.466245165627902,1.6249052752296271,-0.1586601096017251
2023-11-28,399,1.5608135937934355,1.7265965175155087,-0.16578292372207318
2023-11-29,407,1.8547957108498954,2.082810298844985,-0.2280145879950898
2023-11-30,415,2.340501504247083,2.5802818971381516,-0.239780392891069
2023-12-01,411,1.6621344562255183,1.829854721274461,-0.16772026504894283
2023-12-04,407,1.5462337680175757,1.7298871886854061,-0.18365342066783036
2023-12-05,412,1.9443480827726867,2.1879947731659652,-0.24364669039327835
2023-12-06,410,1.5594992567192383,1.7357813606786976,-0.17628210395945954
2023-12-07,427,1.6516965155471826,1.846959064044967,-0.19526254849778416
2023-12-08,430,1.5623892602007754,1.7561576937188486,-0.1937684335180731
2023-12-11,429,1.5498270033489383,1.737173324356051,-0.1873463210071129
2023-12-12,429,1.631111301443956,1.8135285371598,-0.18241723571584423
2023-12-13,413,1.2156513086072291,1.3283178849706527,-0.11266657636342375
2023-12-14,426,0.8661161924796357,0.9152428351229628,-0.04912664264332706
2023-12-15,432,0.9500853374155217,1.007232549629751,-0.057147212214229304
2023-12-18,436,1.0275728670514637,1.0043039993206728,0.023268867730790684
2023-12-19,431,1.1055714064474922,1.0325964752381414,0.07297493120935095
2023-12-20,436,1.0311263854476316,1.054568553043552,-0.0234421675959205
2023-12-21,434,1.0005466424587917,1.0243403496728316,-0.023793707214039936
2023-12-22,428,1.0281725173191956,1.0106095296576951,0.01756298766150054
2023-12-26,429,1.0753672114283879,1.0470151233144038,0.02835208811398386
2023-12-27,431,1.1277206450853523,1.0778010850457853,0.04991956003956689
2023-12-28,446,1.1681535306767108,1.1014218019877036,0.0667317286890071
2023-12-29,457,1.2073705040547578,1.1277837062288323,0.0795867978259255
2024-01-02,458,1.3156820791375416,1.2093562337744617,0.10632584536307987
2024-01-03,453,1.3041695763823025,1.2950189214247987,0.009150654957503506
2024-01-04,456,1.3995190129964665,1.4350242913617113,-0.03550527836524476
2024-01-05,456,1.495792861325675,1.5446972297757022,-0.04890436845002713
2024-01-08,456,1.345042885465584,1.346932692215864,-0.0018898067502797426
2024-01-09,461,1.3824488301281825,1.3860327788429563,-0.0035839487147735502
2024-01-10,461,1.3169247830571098,1.351852078252027,-0.03492729519491713
2024-01-11,465,1.171273859034249,1.221549088139011,-0.05027522910476179
2024-01-12,469,1.2100404272813363,1.2964519841762956,-0.08641155689495926
2024-01-16,463,1.2763516064117435,1.386336650650314,-0.1099850442385706
2024-01-17,455,1.1841362480058713,1.2742224194671805,-0.09008617146130907
2024-01-18,458,1.302891323078679,1.4208121258848898,-0.11792080280621087
2024-01-19,458,1.272230042396124,1.3488303800952817,-0.07660033769915774
2024-01-22,456,1.3061669482004827,1.3166283487487045,-0.010461400548221733
2024-01-23,456,1.2658253555114678,1.3084020614758534,-0.0425767059643855
2024-01-24,453,1.3985979307252219,1.4827578341409826,-0.08415990341576064
2024-01-25,442,1.4726125626103097,1.5233913180110934,-0.05077875540078357
2024-01-26,437,1.5484862567942481,1.6055909882973574,-0.05710473150310928
2024-01-29,436,1.417357277231743,1.4696041307616565,-0.05224685352991356
2024-01-30,439,1.4941328209301048,1.4620906126924735,0.03204220823763111
2024-01-31,438,1.6902184944037575,1.7669407648230926,-0.07672227041933502
2024-02-01,423,1.62092455857732,1.7072489249347016,-0.08632436635738182
2024-02-02,415,1.4601497759107593,1.5218571586012373,-0.06170738269047794
2024-02-05,410,1.4060108993374902,1.4248899530604893,-0.01887905372299897
2024-02-06,408,1.2779660179845242,1.3000777976354256,-0.02211177965090132
2024-02-07,400,1.366145578357373,1.3918946873498816,-0.025749108992508485
2024-02-08,405,1.3126186807282927,1.3431073745632593,-0.03048869383496697
2024-02-09,405,1.2855617190743776,1.3081494512187337,-0.02258773214435608
2024-02-12,405,1.3230588500980693,1.3457177323212968,-0.022658882223227417
2024-02-13,399,1.5425021283984153,1.5758304010173159,-0.03332827261890047
2024-02-14,386,1.4077003797710739,1.4393010300941407,-0.0316006503230671
2024-02-15,396,1.3812435122281765,1.4073053017955004,-0.026061789567323884
2024-02-16,405,1.5773396718564128,1.6038543083079113,-0.026514636451498232
2024-02-20,405,1.601862150304889,1.627399660076669,-0.025537509771779803
2024-02-21,404,1.7711688446507836,1.7966200679870044,-0.025451223336220796
2024-02-22,392,1.5160175360519355,1.5472653266108274,-0.03124779055889187
2024-02-23,392,1.348910184496906,1.3829725144606628,-0.0340623299637567
2024-02-26,396,1.2973458245685843,1.3363037615142819,-0.03895793694569749
2024-02-27,390,1.2347255371517971,1.2759557893319287,-0.041230252180131564
2024-02-28,396,1.279204060143321,1.3200113156051576,-0.04080725546183652
2024-02-29,385,1.1114780349562596,1.1404118429896875,-0.028933808033427967
2024-03-01,391,1.1848357520610706,1.192999922598101,-0.008164170537030275
2024-03-04,390,1.2136314725464281,1.2167583794077186,-0.0031269068612903585
2024-03-05,397,1.1948570557886216,1.2249476638270107,-0.030090608038389137
2024-03-06,396,1.2064427260625201,1.2392039752802673,-0.032761249217747215
2024-03-07,418,1.2117658904685285,1.2455079680025316,-0.03374207753400315
2024-03-08,422,1.1531185333481604,1.1808741196143566,-0.027755586266196283
2024-03-11,423,1.209768399756094,1.229573729398929,-0.01980532964283509
2024-03-12,431,1.1516084546480783,1.168730023440854,-0.0171215687927756
2024-03-13,410,1.0457901661396276,1.0879904525637032,-0.0422002864240755
2024-03-14,436,1.1495758271508671,1.2029177320999784,-0.053341904949111105
2024-03-15,436,1.0719961666368851,1.1242762490717109,-0.05228008243482572
2024-03-18,439,0.9981421755865563,1.0385138026375278,-0.04037162705097166
2024-03-19,437,1.0899966311046703,1.1183705119829173,-0.02837388087824693
2024-03-20,437,1.0700252375227675,1.0681853927301304,0.0018398447926369099
2024-03-21,437,1.074203471940903,1.065904909822872,0.008298562118031016
2024-03-22,436,0.9868742849538427,0.9975665137255493,-0.0106922287717066
2024-03-25,429,0.9631164540195676,0.982320051164183,-0.019203597144615295
2024-03-26,428,1.0891365218672109,1.0795289541366637,0.009607567730547236
2024-03-27,450,1.2579505952395151,1.226826605329086,0.03112398991042927
2024-03-28,452,1.6016522665891835,1.5303351928838946,0.07131707370528893
2024-04-01,453,1.6147847772262087,1.5325122195070446,0.08227255771916399
2024-04-02,454,1.5260679534535861,1.4515706717334897,0.07449728172009627
2024-04-03,457,1.6234941805309064,1.5348290693431619,0.08866511118774473
2024-04-04,458,1.4599936761272856,1.393903002048102,0.06609067407918376
2024-04-05,456,1.6719710928974942,1.5929915619319333,0.07897953096556087
2024-04-08,459,1.5327073888825404,1.4653184388408045,0.06738895004173594
2024-04-09,462,1.3969298641762447,1.3497753691201702,0.04715449505607448
2024-04-10,462,1.2119343518601218,1.1936116668345367,0.018322685025584914
2024-04-11,464,1.3562362974344488,1.3255042513793054,0.0307320460551432
2024-04-12,470,1.1938172392879292,1.1998022886713668,-0.005985049383437369
2024-04-15,466,1.2587572947826293,1.2843319823799801,-0.025574687597351035
2024-04-16,457,1.3438138180491925,1.3519792985800227,-0.008165480530830193
2024-04-17,455,1.3211460575440304,1.327271098049573,-0.006125040505542779
2024-04-18,458,1.4624970253288014,1.475686471580485,-0.013189446251683388
2024-04-19,455,1.602632340848773,1.6163107661380853,-0.013678425289312367
2024-04-22,452,1.6669200251367633,1.679079548112704,-0.012159522975940851
2024-04-23,452,1.4887117769085234,1.4997729766062453,-0.011061199697721829
2024-04-24,452,1.4367023494607132,1.449091996794952,-0.012389647334238954
2024-04-25,440,1.4163039736875425,1.4455909407605072,-0.029286967072964958
2024-04-26,430,1.4233248453346412,1.447631033183467,-0.02430618784882568
2024-04-29,432,1.2877545019373837,1.3127870783647437,-0.025032576427360172
2024-04-30,429,1.5342982188038197,1.5667596745229224,-0.03246145571910277
2024-05-01,422,1.7482276962396128,1.7823255786010668,-0.03409788236145396
2024-05-02,408,1.409739826791045,1.4566726059163004,-0.04693277912525551
2024-05-03,407,1.2627830266287132,1.3123177123794543,-0.04953468575074106
2024-05-06,407,1.1695490213242783,1.209762963985655,-0.04021394266137674
2024-05-07,407,1.1086228316095537,1.1489889534113804,-0.04036612180182672
2024-05-08,406,1.129343856145851,1.1660541229479255,-0.03671026680207439
2024-05-09,408,1.154537439173307,1.1512107393216742,0.003326699851632898
2024-05-10,411,1.2454627040632145,1.2466877835420664,-0.001225079478852002
2024-05-13,415,1.3614816265357546,1.342895662946038,0.01858596358971647
2024-05-14,423,1.4895380281231911,1.4520614517049855,0.03747657641820578
2024-05-15,427,1.5300573951273213,1.4845230979220225,0.045534297205298745
2024-05-16,425,1.2372781690112578,1.2200317871437902,0.017246381867467405
2024-05-17,417,1.39061147064724,1.3550531441268867,0.035558326520353456
2024-05-20,414,1.4004524386061767,1.3627881731833107,0.03766426542286604
2024-05-21,415,1.2890524134292198,1.2670347943608042,0.022017619068415362
2024-05-22,414,1.2572510303802364,1.2372002666360846,0.020050763744151694
2024-05-23,407,1.1500399742979297,1.1556351069238657,-0.00559513262593622
2024-05-24,404,1.1045133737174533,1.0997902089122849,0.004723164805168552
2024-05-28,403,1.0906905241535099,1.0888310033478015,0.0018595208057083726
2024-05-29,401,1.1477582217539941,1.1722524225196427,-0.024494200765648663
2024-05-30,404,1.1791042334567414,1.190099676674809,-0.010995443218067884
2024-05-31,393,1.373717471861185,1.348139405267821,0.025578066593363938
2024-06-03,400,1.3106650305911713,1.3056423551495937,0.005022675441577905
2024-06-04,399,1.3473730774106114,1.3482504219623748,-0.0008773445517631347
2024-06-05,401,1.0905447927169936,1.094353568421474,-0.003808775704480498
2024-06-06,400,1.0599198789508901,1.0734237490700886,-0.013503870119198512
2024-06-07,415,0.9915015519582717,1.0210414390952318,-0.029539887136960003
2024-06-10,425,0.9809939607095934,0.9940135882956462,-0.01301962758605273
2024-06-11,425,0.958735223419325,0.9782860269372764,-0.019550803517951437
2024-06-12,428,0.9554913328441125,0.9645446175703877,-0.009053284726275203
2024-06-13,407,1.0530652146860322,1.064482412207365,-0.011417197521333005
2024-06-14,428,1.05257341380881,1.062457366833049,-0.00988395302423879
2024-06-17,435,1.060561691501518,1.0680198003499481,-0.007458108848430214
2024-06-18,442,1.073299658536299,1.076770272389446,-0.0034706138531469177
2024-06-20,435,1.0481738606250528,1.051530117409057,-0.0033562567840042584
2024-06-21,433,1.033923628172909,1.0381284244791904,-0.004204796306281248
2024-06-24,432,1.197458970235785,1.1841263936075104,0.01333257662827475
2024-06-25,426,1.0455719718015508,1.0645154808352957,-0.01894350903374472
2024-06-26,424,1.0602069661224869,1.1023418028375047,-0.04213483671501773
2024-06-27,424,1.1281045011958433,1.1686664303289194,-0.04056192913307591
2024-06-28,439,1.1317840766029512,1.1734812643204453,-0.041697187717494096
2024-07-01,448,1.7301821038650635,1.7562614734687914,-0.026079369603727857
2024-07-02,449,1.6663335847664775,1.6797459804057988,-0.013412395639321274
2024-07-03,450,1.5912419369372843,1.6020000960733323,-0.010758159136048226
2024-07-05,454,1.542128487803203,1.5567972028259538,-0.014668715022750684
2024-07-08,456,1.6014623147448883,1.618036977919926,-0.01657466317503768
2024-07-09,459,1.5550667294439442,1.574125393663044,-0.019058664219099797
2024-07-10,464,1.4823655937647167,1.4821207404384025,0.0002448533263141633
2024-07-11,467,1.546068784018598,1.5330119040682744,0.013056879950323832
2024-07-12,465,1.698862913070534,1.6878755562292749,0.010987356841258927
2024-07-15,472,1.6648588068166823,1.652144452602167,0.012714354214515292
2024-07-16,471,1.8473145531073834,1.816805610774952,0.03050894233243144
2024-07-17,463,1.4417465433443346,1.438128980099022,0.0036175632453126993
2024-07-18,455,1.736521880787998,1.7115313726504118,0.024990508137586093
2024-07-19,457,2.150597211248395,2.1020568131620894,0.04854039808630609
2024-07-22,456,2.5417953984155166,2.467674408103269,0.0741209903122473
2024-07-23,454,2.2679072773027067,2.2048990483077224,0.06300822899498472
2024-07-24,450,2.0056826683856444,1.9529268748353072,0.052755793550336785
2024-07-25,450,1.6293788546855286,1.6057606388376708,0.023618215847857758
2024-07-26,446,1.6114928508480766,1.5749757931150399,0.03651705773303675
2024-07-29,435,1.662226938199426,1.6180281054416328,0.04419883275779299
2024-07-30,434,1.5619309297076294,1.5312462474822452,0.030684682225384036
2024-07-31,436,1.5907352460218995,1.5496185767547008,0.04111666926719884
2024-08-01,426,1.1815728688493756,1.2005188028870337,-0.018945934037658235
2024-08-02,414,1.392972123900015,1.4317622269853847,-0.038790103085369766
2024-08-05,411,2.0706643940111533,2.1100708780026913,-0.0394064839915377
2024-08-06,409,1.6136945680484893,1.6644940318893604,-0.05079946384087097
2024-08-07,407,2.018467015345532,2.0636824726163323,-0.04521545727080046
2024-08-08,405,1.2663371638454262,1.3300536969468575,-0.06371653310143115
2024-08-09,408,1.485632334224843,1.5508532381599502,-0.06522090393510717
2024-08-12,415,1.5488486508406643,1.6123636334881803,-0.06351498264751629
2024-08-13,412,1.269436083607648,1.337695880008139,-0.0682597964004914
2024-08-14,418,1.1595592191751225,1.2268873974123713,-0.06732817823724874
2024-08-15,434,1.1044967341922274,1.1595013362164819,-0.05500460202425442
2024-08-16,427,1.1769434498040114,1.236792217877286,-0.05984876807327478
2024-08-19,417,1.180901772935363,1.1983928791926475,-0.017491106257284336
2024-08-20,413,1.2040036488025687,1.2258270774362874,-0.021823428633718677
2024-08-21,413,1.230012807321941,1.2233662886302514,0.006646518691689734
2024-08-22,402,1.309124617464339,1.2874101880781605,0.021714429386178423
2024-08-23,399,1.4007220701347651,1.366330558668159,0.03439151146660616
2024-08-26,398,1.4184168750868202,1.389983176974614,0.028433698112206095
2024-08-27,399,1.2701941313676597,1.2575111444357372,0.012682986931922281
2024-08-28,395,1.194095271540814,1.2028625918944749,-0.008767320353660858
2024-08-29,375,1.1949256893998992,1.209634519427408,-0.01470883002750879
2024-08-30,382,1.2544937397946203,1.2632416946100251,-0.008747954815404758
2024-09-03,392,1.2393708060846196,1.280293582040831,-0.040922775956211244
2024-09-04,399,1.2425497272503014,1.2814726973534898,-0.03892297010318828
2024-09-05,403,1.505498956282502,1.5526162744467193,-0.04711731816421746
2024-09-06,412,1.7532800955809171,1.7940927511933982,-0.040812655612480986
2024-09-09,417,1.6314009482498404,1.6734348165696558,-0.042033868319815294
2024-09-10,422,1.701521590067176,1.736012263638536,-0.03449067357135971
2024-09-11,425,1.4178560670588347,1.4613241677399986,-0.04346810068116389
2024-09-12,426,1.501372409981874,1.541286726081575,-0.039914316099701176
2024-09-13,443,1.3088490642916415,1.353470792884553,-0.044621728592911684
2024-09-16,439,1.1781180118609085,1.2218777803590122,-0.04375976849810382
2024-09-17,437,1.0527698480452468,1.0940608716359774,-0.041291023590730475
2024-09-18,436,1.1275422771763135,1.1650523040196243,-0.037510026843310736
2024-09-19,437,1.1567610751412658,1.165316454224298,-0.008555379083032106
2024-09-20,433,1.1607599375158708,1.1887048667807745,-0.027944929264903582
2024-09-23,432,1.1897621957089612,1.1961799929673533,-0.006417797258392041
2024-09-24,431,1.057618493304103,1.074575350758565,-0.016956857454461804
2024-09-25,429,1.0845593849422326,1.1261395292994953,-0.04158014435726264
2024-09-26,424,1.1339563907527592,1.1464157020127057,-0.012459311259946723
2024-09-27,427,1.1676852232045751,1.1892382814628628,-0.02155305825828786
2024-09-30,447,1.1357945160904839,1.1697119017101916,-0.03391738561970792
2024-10-01,451,1.137109896991153,1.1682485115861057,-0.031138614594952752
2024-10-02,453,1.1680699842114433,1.2080963740949262,-0.04002638988348276
2024-10-03,454,1.283469352730221,1.3195613534931783,-0.03609200076295731
2024-10-04,458,1.1981563192875802,1.2364132253803544,-0.03825690609277428
2024-10-07,459,1.2290670661769332,1.2668259252996934,-0.03775885912276014
2024-10-08,459,1.143557077806427,1.172664647764433,-0.02910756995800573
2024-10-09,460,1.155023811030609,1.1671433029656249,-0.012119491935015905
2024-10-10,469,1.2191733515937841,1.2375203486664288,-0.01834699707264473
2024-10-11,469,1.1928714308696824,1.187303623832864,0.005567807036818483
2024-10-14,468,1.2136326652859235,1.2118845276107708,0.001748137675152712
2024-10-15,474,1.26936789070075,1.270958079172204,-0.0015901884714539381
2024-10-16,474,1.4104564166332356,1.3963219645226352,0.014134452110600267
2024-10-17,467,1.6796665412224632,1.636643722203911,0.04302281901855209
2024-10-18,465,1.7378533080202516,1.6987110533518441,0.03914225466840764
2024-10-21,459,1.5966267592727563,1.5686935913353062,0.027933167937450293
2024-10-22,458,1.433495497221166,1.4295794368395356,0.003916060381630325
2024-10-23,458,2.1001178870643966,2.0927994995092045,0.0073183875551920555
2024-10-24,454,1.987666186809629,1.9905108153175444,-0.0028446285079154958
2024-10-25,443,2.1188790070686343,2.119310316010431,-0.000431308941796475
2024-10-28,444,2.2945632468411263,2.2875117884963987,0.007051458344727462
2024-10-29,438,2.24391741952097,2.235280986807035,0.008636432713934683
2024-10-30,429,2.190949984707925,2.183581797138283,0.0073681875696416915
2024-10-31,427,2.104979925560463,2.1057722875535965,-0.0007923619931336462
2024-11-01,412,2.095584484705975,2.089786541946865,0.005797942759109967
2024-11-04,408,2.2228230959342277,2.217992137560114,0.004830958374113727
2024-11-05,408,2.063192515633041,2.0542702980169887,0.00892221761605236
2024-11-06,405,1.6570228203024586,1.6467209107924388,0.010301909510019839
2024-11-07,401,1.5253724459411617,1.5286177262961589,-0.0032452803549971585
2024-11-08,407,1.3594028362414943,1.3768204014447618,-0.017417565203267423
2024-11-11,403,1.2239733441696892,1.2578605715139866,-0.03388722734429736
2024-11-12,405,1.2624577798485628,1.2999760901826825,-0.03751831033411985
2024-11-13,410,1.2848148341691183,1.3179171139903463,-0.0331022798212279
2024-11-14,401,1.264243869341287,1.315382657470138,-0.05113878812885076
2024-11-15,405,1.3559361854670142,1.4157930210749532,-0.059856835607939016
2024-11-18,413,1.207188256478242,1.2608379093271116,-0.05364965284886972
2024-11-19,410,1.2827423159797544,1.3297255688454923,-0.04698325286573791
2024-11-20,407,1.1843357234178313,1.2257009756906188,-0.04136525227278741
2024-11-21,399,1.235105302232754,1.2555237516843352,-0.02041844945158122
2024-11-22,396,1.230560308584933,1.230997494888477,-0.0004371863035438782
2024-11-25,395,1.3272116998904944,1.2964721491582119,0.030739550732282225
2024-11-26,396,1.4042526041114263,1.3769145725250453,0.0273380315863808
2024-11-27,401,1.4966535220587214,1.4680628782880303,0.028590643770691097
2024-11-29,398,1.6496883361792436,1.6029456985643293,0.046742637614914415
2024-12-02,403,1.7172683385624765,1.6668785013289138,0.05038983723356276
2024-12-03,401,1.6954358588671565,1.6408790150076433,0.054556843859513496
2024-12-04,403,2.327181959105447,2.211911577307823,0.11527038179762403
2024-12-05,410,2.299583185237105,2.192206776735426,0.10737640850167898
2024-12-06,417,1.8546008653588173,1.7678314642712287,0.08676940108758842
2024-12-09,426,1.6959429845573666,1.6270518570244745,0.0688911275328918
2024-12-10,431,1.3979112191345564,1.357683455816828,0.040227763317728385
2024-12-11,430,1.3301867227836468,1.2893676333463902,0.04081908943725649
2024-12-12,423,1.3461471333118582,1.2943536515896643,0.05179348172219401
2024-12-13,441,1.409861513854451,1.3453189395222325,0.0645425743322184
2024-12-16,436,1.3075274539339314,1.2507815364720198,0.05674591746191153
2024-12-17,432,1.2461386790802589,1.2044555749434434,0.04168310413681561
2024-12-18,429,0.9395336965681071,0.9870366149880291,-0.047502918419921894
2024-12-19,427,1.0143614798263996,1.060119288606486,-0.04575780878008653
2024-12-20,433,1.0563035064102386,1.0670771338466023,-0.010773627436363667
2024-12-23,434,0.9714235207536219,0.9901721936534319,-0.01874867289980993
2024-12-24,424,1.384353269139756,1.3463726178618554,0.03798065127790041
2024-12-26,427,1.3407081153009497,1.3079295751851865,0.03277854011576344
2024-12-27,432,1.223322427769897,1.2244134288777102,-0.0010910011078128052
2024-12-30,431,1.2663164878378015,1.297175206281486,-0.03085871844368439
2024-12-31,448,1.3949664259904135,1.4303920896737716,-0.035425663683357735
2025-01-02,454,1.4657034479894584,1.5043132832310406,-0.03860983524158203
2025-01-03,457,1.510370362276008,1.5470136676876747,-0.03664330541166651
2025-01-06,457,1.4465013316148116,1.485347871127193,-0.03884653951238107
2025-01-07,459,1.6216224156551964,1.6620067376257865,-0.04038432197058997
2025-01-08,457,1.477156956818002,1.5233423135021495,-0.04618535668414737
2025-01-10,466,1.8905600547977934,1.9130302121051372,-0.022470157307343915
2025-01-13,467,1.5845340870305389,1.6158856436160205,-0.03135155658548181
2025-01-14,468,1.3835775042816016,1.4177407685444967,-0.034163264262895114
2025-01-15,471,1.437893136101982,1.4722316363400827,-0.03433850023810057
2025-01-16,465,1.3130926476750568,1.3380348455615065,-0.02494219788644963
2025-01-17,459,1.3954590619216622,1.4044512428598577,-0.008992180938195513
2025-01-21,461,1.4678173594436372,1.4574639327866885,0.010353426656948982
2025-01-22,462,1.4951685525945497,1.4915748047255513,0.003593747868998437
2025-01-23,463,1.570042383714815,1.5626167028088735,0.007425680905941238
2025-01-24,454,1.602675626197599,1.5831329633641427,0.01954266283345629
2025-01-27,447,1.7167499053811988,1.7087817055587646,0.0079681998224343
2025-01-28,445,1.5676228636188474,1.5687474990510015,-0.0011246354321541802
2025-01-29,442,1.6242772663400822,1.616717894323959,0.007559372016123002
2025-01-30,442,1.7073701562187094,1.692613149498934,0.014757006719775225
2025-01-31,422,1.7957981661943492,1.7813702057601872,0.01442796043416221
2025-02-03,419,1.851832301131779,1.8592227095648843,-0.007390408433105423
2025-02-04,417,1.7609030381927442,1.7685822631938684,-0.007679225001123994
2025-02-05,414,1.7177208172122378,1.709358735956249,0.008362081255988817
2025-02-06,404,1.7681659195834794,1.7390929537431257,0.029072965840353796
2025-02-07,407,1.7300283402102452,1.7029134308752454,0.027114909334999816
2025-02-10,410,1.8026955874224255,1.7684050629305281,0.03429052449189754
2025-02-11,407,1.5190562655659492,1.493921453563729,0.02513481200222029
2025-02-12,408,1.6342098501080486,1.6033849220241188,0.030824928083929767
2025-02-13,392,1.5835666832670994,1.5561701688289102,0.027396514438189044
2025-02-14,402,2.0716137460623494,2.004012741272362,0.06760100478998761
2025-02-18,411,2.3238646717775326,2.24666046123115,0.07720421054638264
2025-02-19,406,2.075233107386022,2.005871155080192,0.06936195230582998
2025-02-20,405,2.2466826845016707,2.1751884704703626,0.07149421403130815
2025-02-21,398,1.8388169943169512,1.7896910837257225,0.049125910591228776
2025-02-24,387,2.3025692591009324,2.2344639916512663,0.06810526744966613
2025-02-25,388,2.1264761332096844,2.0435491707078794,0.082926962501805
2025-02-26,386,2.102868357848959,2.019657660432204,0.08321069741675484
2025-02-27,385,2.3245205037538903,2.2432705000951536,0.0812500036587364
2025-02-28,373,2.074713489760486,2.0019834408209016,0.07273004893958432
2025-03-03,382,1.5972678768691697,1.5679193005010883,0.029348576368081282
2025-03-04,380,1.4488981183160856,1.432698324230524,0.01619979408556122
2025-03-05,386,1.3980159715508158,1.3795348474789975,0.018481124071818095
2025-03-06,386,1.3543746768968734,1.3474802454495722,0.006894431447301137
2025-03-07,399,1.4369112057574256,1.4122673016884268,0.02464390406899873
2025-03-10,417,1.6684266102947782,1.6785651431395108,-0.010138532844732305
2025-03-11,419,1.480191868947672,1.5157982437560362,-0.0356063748083641
2025-03-12,426,1.1565871087690829,1.2167233961114623,-0.06013628734237954
2025-03-13,430,1.2537339803933145,1.3179948674008701,-0.06426088700755535
2025-03-14,455,1.0219483515717247,1.0423234480342174,-0.02037509646249278
2025-03-17,442,1.1295832739154144,1.1234301700447153,0.0061531038706989175
2025-03-18,442,1.1216780602043372,1.1438656375606007,-0.02218757735626339
2025-03-19,442,1.0790864280291943,1.1001870058443144,-0.021100577815120244
2025-03-20,443,2.2095920215994576,2.122677966264654,0.08691405533480384
2025-03-21,441,3.5994629414023342,3.4651223183182247,0.13434062308410943
2025-03-24,439,4.346099850233327,4.194705621704291,0.15139422852903622
2025-03-25,441,5.024523399779131,4.868143754882894,0.1563796448962367
2025-03-26,440,2.165864161375234,2.0749429178614562,0.09092124351377752
2025-03-27,432,3.224735741974735,3.1090712950160118,0.11566444695872288
2025-03-28,435,2.4308364927724595,2.3502372955070423,0.08059919726541749
2025-03-31,457,2.2867935660151577,2.2081549286373927,0.07863863737776522
2025-04-01,460,2.324374039620479,2.2405496280360335,0.08382441158444558
2025-04-02,460,2.940013598937228,2.826232631771527,0.11378096716570049
2025-04-03,458,1.4643271823557433,1.4508708551373846,0.013456327218358878
2025-04-04,460,1.3794987557291003,1.4357536313124883,-0.05625487558338804
2025-04-07,461,1.6729072498179938,1.7533344202063499,-0.0804271703883563
2025-04-08,459,2.4360547331692675,2.5007411881260415,-0.06468645495677416
2025-04-09,460,1.317237856823,1.3918830530557131,-0.07464519623271325
2025-04-10,467,1.8097071370580526,1.9092269335706908,-0.09951979651263829
2025-04-11,469,1.6324116330028788,1.7300973079758522,-0.09768567497297342
2025-04-14,469,1.5578840622354724,1.6517695163441488,-0.09388545410867642
2025-04-15,463,1.5566482746534884,1.6536666433494172,-0.0970183686959285
2025-04-16,460,1.9217401360159707,2.011775102466241,-0.0900349664502705
2025-04-17,462,2.1856380613335755,2.2684645100608094,-0.08282644872723398
2025-04-21,460,2.724861131175442,2.787517255054641,-0.06265612387919911
2025-04-22,460,1.9958793737092742,2.072895503765364,-0.0770161300560897
2025-04-23,461,1.7987918251691297,1.8793281726872206,-0.08053634751809091
2025-04-24,460,1.5595289637091425,1.6440888774199303,-0.08455991371078786
2025-04-25,451,1.5316124638833208,1.6219360363002058,-0.09032357241688524
2025-04-28,443,2.091920088090536,2.171843113269451,-0.07992302517891467
2025-04-29,441,2.318933661212814,2.382653321724415,-0.06371966051160073
2025-04-30,443,2.41779200003406,2.4672234384549445,-0.04943143842088469
2025-05-01,435,2.225371653047959,2.303141221729299,-0.07776956868134004
2025-05-02,421,1.9020064579367109,1.994859084742743,-0.09285262680603218
2025-05-05,413,1.9009154122956375,2.000001576784774,-0.0990861644891365
2025-05-06,412,1.9417848803852757,2.0415082960624678,-0.09972341567719206
2025-05-07,408,1.552044682196177,1.6380552999896913,-0.08601061779351447
2025-05-08,403,1.4186684533992462,1.5692797975655057,-0.15061134416625974
2025-05-09,400,1.3877969501655676,1.5243487475763189,-0.13655179741075124
2025-05-12,402,1.3534306345852747,1.4644237493687773,-0.11099311478350275
2025-05-13,401,1.343256693572314,1.4104875246328823,-0.06723083106056825
2025-05-14,404,1.3392075260287513,1.4377566161337842,-0.09854909010503285
2025-05-15,398,1.3289494986919206,1.3964995290667621,-0.0675500303748416
2025-05-16,398,1.4201238537827718,1.444126046775546,-0.024002192992774035
2025-05-19,409,1.3368488956468125,1.3964656198806291,-0.0596167242338167
2025-05-20,405,1.3404202167178991,1.4016229627593861,-0.061202746041487024
2025-05-21,407,1.3220129553444318,1.4642775068957412,-0.14226455155130954
2025-05-22,399,1.3695527961330793,1.5575239556511071,-0.18797115951802812
2025-05-23,405,1.401288190364918,1.5957386555528958,-0.19445046518797782
2025-05-27,402,1.3556158400401492,1.5108552755567528,-0.1552394355166036
2025-05-28,403,1.3604064368181372,1.5388395681269502,-0.17843313130881297
2025-05-29,406,1.3334644758737733,1.5065284736097593,-0.17306399773598602
2025-05-30,400,1.4027715373746539,1.5217224692744895,-0.11895093189983545
2025-06-02,404,1.4756553903272838,1.6251771275177582,-0.14952173719047437
2025-06-03,402,1.3959030491222084,1.4809024973759943,-0.08499944825378597
2025-06-04,401,1.4078142065941412,1.507531235357892,-0.09971702876375065
2025-06-05,402,1.3809438804569234,1.4908494954838278,-0.10990561502690428
2025-06-06,412,1.3028869344941258,1.4062324715190353,-0.10334553702490938
2025-06-09,419,1.2703843084687876,1.4149453503966163,-0.14456104192782854
2025-06-10,427,1.3281523461084423,1.4147035306914129,-0.08655118458297067
2025-06-11,427,1.3565881197557486,1.490320007055827,-0.13373188730007818
2025-06-12,422,1.3645157364718201,1.5028802051577754,-0.13836446868595542
2025-06-13,427,1.5402627036243324,1.720395689577767,-0.1801329859534347
2025-06-16,433,1.3498140400930954,1.5502196182122145,-0.20040557811911927
2025-06-17,436,1.7099787803938726,1.926116441497979,-0.2161376611041064
2025-06-18,435,1.7274749013371606,1.9581538484121073,-0.2306789470749464
2025-06-20,433,1.5604750638906644,1.7795311845810267,-0.21905612069036196
2025-06-23,434,1.4999650644807505,1.7015790854366437,-0.20161402095589306
2025-06-24,435,1.4410565911459163,1.6271603381161142,-0.18610374697019758
2025-06-25,429,1.6166441953589874,1.8297799211411052,-0.2131357257821179
2025-06-26,430,1.4156569723776722,1.5949568453066383,-0.179299872928966
2025-06-27,436,1.3361215893359957,1.5100719128313174,-0.17395032349532166
2025-06-30,450,1.3132730768902798,1.4177820891445547,-0.10450901225427475
2025-07-01,458,1.3074162059678147,1.38816804290991,-0.08075183694209515
2025-07-02,459,1.2377924229093429,1.3327073008479842,-0.09491487793864145
2025-07-03,462,1.2643423516370078,1.3325467190126252,-0.06820436737561762
2025-07-07,463,1.2341094428841048,1.3118385587313819,-0.07772911584727694
2025-07-08,463,1.2857098937358333,1.3831078708252234,-0.09739797708938984
2025-07-09,463,1.272754268345132,1.3923254830139358,-0.11957121466880374
2025-07-10,470,1.3105028404581096,1.3876751186429725,-0.07717227818486293
2025-07-11,469,1.3537183625875702,1.4486707342956886,-0.09495237170811831
2025-07-14,470,1.2869880567822358,1.3580023474277687,-0.07101429064553279
2025-07-15,475,1.4219843930729872,1.5254057911184342,-0.10342139804544702
2025-07-16,473,1.4412870190404112,1.5041023343411424,-0.06281531530073109
2025-07-17,464,1.5511581600273279,1.5560653148977786,-0.004907154870450488
2025-07-18,462,1.629368287404252,1.5829812101476737,0.046387077256578355
2025-07-21,463,1.736514497975392,1.7407085066375996,-0.004194008662207478
2025-07-22,462,1.8472670671735778,1.7974755281835084,0.04979153899006931
2025-07-23,462,1.9604278209090542,1.8768619558346638,0.0835658650743906
2025-07-24,460,1.8928537596478419,1.8174790759996944,0.07537468364814762
2025-07-25,454,1.9964954148744147,1.9054401839613824,0.0910552309130323
2025-07-28,447,2.0222611282074157,1.9360602338245314,0.0862008943828843
2025-07-29,445,1.8413849873782953,1.814513020032477,0.02687196734581839
2025-07-30,440,1.6848223573488028,1.7248020137966449,-0.03997965644784213
2025-07-31,439,1.560779773495171,1.6196609531177841,-0.058881179622613355
2025-08-01,425,1.516435853751892,1.610955915421849,-0.09452006166995672
2025-08-04,415,1.4192599304587485,1.4844899260195812,-0.06522999556083287
2025-08-05,413,1.3617898825223624,1.4529799470457223,-0.09119006452335957
2025-08-06,408,1.33647979782273,1.4357940939775182,-0.0993142961547879
2025-08-07,406,1.2216396076755411,1.3208046357462147,-0.0991650280706736
2025-08-08,408,1.4392793895059628,1.5722204241475304,-0.1329410346415679
2025-08-11,410,1.4052997482970162,1.5201683370936787,-0.11486858879666227
2025-08-12,410,1.2121345596597666,1.3053345857004381,-0.09320002604067165
2025-08-13,417,1.1114565514244492,1.1769036668039299,-0.06544711537948052
2025-08-14,424,1.1321413781779313,1.2242104413865564,-0.09206906320862537
2025-08-15,429,1.1783488895776524,1.262773275255225,-0.08442438567757246
2025-08-18,418,1.2256037925790366,1.2846944934333837,-0.05909070085434733
2025-08-19,416,1.2282344984661906,1.2751185632707105,-0.04688406480452
2025-08-20,414,1.3536216231375156,1.41891049751973,-0.06528887438221441
2025-08-21,401,1.3953206468801216,1.4713380533372185,-0.07601740645709679
2025-08-22,403,1.4011509957676507,1.4125732585304638,-0.011422262762813103
2025-08-25,403,1.348323809503462,1.381035359438839,-0.032711549935377005
2025-08-26,398,1.3348974433492646,1.3490150687281528,-0.014117625378888256
2025-08-27,394,1.3257965719860154,1.378291544902406,-0.05249497291639039
2025-08-28,389,1.3136480120043004,1.3394243142392572,-0.025776302234956864
2025-08-29,383,1.5548554878902003,1.5603472698007688,-0.0054917819105684855
2025-09-02,399,1.491289472240592,1.5197405550195173,-0.0284510827789256
2025-09-03,404,1.374584327958056,1.422475007900725,-0.047890679942669136
2025-09-04,409,1.4370359338641767,1.4790978024232435,-0.0420618685590668
2025-09-05,425,1.4553818279268633,1.484587088963964,-0.029205261037100715
2025-09-08,425,1.497700275549777,1.5246216335481362,-0.026921357998358864
2025-09-09,430,1.3967823910490436,1.4404327662874392,-0.043650375238395774
2025-09-10,437,1.2187375907619358,1.273534628620635,-0.054797037858699264
2025-09-11,438,1.3897872523351393,1.3529205619178337,0.03686669041730584
2025-09-12,441,1.2419615909187327,1.2814974926017642,-0.03953590168303129
2025-09-15,463,1.1785665741033018,1.238127127984142,-0.05956055388084015
2025-09-16,447,1.2685298679969648,1.3355505585107574,-0.06702069051379247
2025-09-17,441,1.4465257435229495,1.5013501036846364,-0.05482436016168675
2025-09-18,441,1.3174158120927908,1.3672309220953078,-0.04981511000251706
2025-09-19,434,1.3422708011359683,1.4083658283901188,-0.06609502725415037
2025-09-22,437,1.3652084710360186,1.4224412502273833,-0.05723277919136479
2025-09-23,435,1.315256993161513,1.3598591487002007,-0.04460215553868789
2025-09-24,436,1.372601437835673,1.4362979302808239,-0.06369649244515084
2025-09-25,435,1.4288947533969076,1.482518421918607,-0.05362366852169929
2025-09-26,432,1.5920597609712486,1.5255026493290909,0.06655711164215768
2025-09-29,434,1.4323013591822822,1.4079037433445247,0.02439761583775728
2025-09-30,455,1.2297727720290594,1.2307261762511628,-0.0009534042221032761
2025-10-01,459,1.2084406738303057,1.209384309694613,-0.0009436358643074904
2025-10-02,461,1.394285232238213,1.3296448480206893,0.06464038421752391
2025-10-03,465,1.3214625619363516,1.270219852675437,0.051242709260914655
2025-10-06,465,1.1771273799715682,1.1752385623723536,0.0018888175992145188
2025-10-07,466,1.133268858261722,1.1700312588130535,-0.0367624005513315
2025-10-08,463,1.1657775030051802,1.166527189619935,-0.0007496866147548141
2025-10-09,466,1.175594272580875,1.2292436182812974,-0.053649345700422325
2025-10-10,472,1.5008316895612674,1.617833788629206,-0.11700209906793844
2025-10-13,471,1.395356389698733,1.5079072435637955,-0.1125508538650623
2025-10-14,473,1.4715630762975613,1.518618434627851,-0.04705535833028987
2025-10-15,476,1.6788128847490151,1.6673923073038295,0.01142057744518545
2025-10-16,475,1.6215233126107171,1.6281617543501055,-0.006638441739388384
2025-10-17,469,1.699516390483942,1.7055774034365652,-0.006061012952623231
2025-10-20,464,1.886387187792768,1.8409644405020968,0.04542274729067095
2025-10-21,462,1.8422260697683344,1.7558182609727162,0.08640780879561796
2025-10-22,461,1.950639728220301,1.8985178321625962,0.05212189605770461
2025-10-23,462,2.0647210843636903,1.9590327492210107,0.10568833514267967
2025-10-24,454,1.8722002889467138,1.7929603848057394,0.07923990414097454
2025-10-27,445,1.9851201220626302,1.9018365944864684,0.08328352757616196
2025-10-28,446,1.8338795992794195,1.8016471177848168,0.03223248149460261
2025-10-29,441,1.6782232589830013,1.6997585966975592,-0.02153533771455812
2025-10-30,433,1.5061690106586818,1.5138362879389133,-0.007667277280231734
2025-10-31,421,1.522948408121314,1.5039913000376393,0.01895710808367476
2025-11-03,410,1.6579034318899564,1.595186591765152,0.06271684012480438
2025-11-04,408,1.5071623135243495,1.482008318364662,0.02515399515968765
2025-11-05,404,1.48952096561771,1.4315543541766451,0.05796661144106487
2025-11-06,398,1.5372672369225546,1.4642138438715302,0.0730533930510242
2025-11-07,401,1.385572218283124,1.355566971187347,0.030005247095777086
2025-11-10,405,1.3493865166536976,1.322577964682646,0.026808551971051683
2025-11-11,400,1.2543927002589481,1.2733010174753305,-0.018908317216382566
2025-11-12,403,1.1935473866771997,1.231089469022987,-0.03754208234578709
2025-11-13,400,1.1754978715602995,1.2799827326478064,-0.10448486108750686
2025-11-14,402,1.1790492992881043,1.2695084253755486,-0.09045912608744414
2025-11-17,415,1.3701745311663542,1.4868039220684566,-0.11662939090210231
2025-11-18,413,1.6384731768667338,1.7599087473063784,-0.12143557043964458
2025-11-19,415,1.6124771918962115,1.7470698424462727,-0.13459265055006117
2025-11-20,401,2.150094077590845,2.287471270588462,-0.13737719299761686
2025-11-21,404,1.753268016367042,1.8365900189782074,-0.08332200261116554
2025-11-24,407,1.6953180008042883,1.7661778950428737,-0.0708598942385852
2025-11-25,406,1.8236190481614463,1.8784610008389577,-0.054841952677511414
2025-11-26,408,1.7525232553203893,1.8157225022635912,-0.06319924694320168
2025-11-28,412,1.5585209656376473,1.5924291071803898,-0.033908141542742354
2025-12-01,410,1.4970670290160644,1.5568919146847382,-0.05982488566867373
2025-12-02,408,1.426631520034581,1.4799486137194482,-0.05331709368486747
2025-12-03,410,1.3443216000571863,1.3642719551629467,-0.019950355105760386
2025-12-04,412,1.328792069761123,1.3555689498379362,-0.026776880076813045
2025-12-05,427,1.2759997882539773,1.3181547997316636,-0.04215501147768645
2025-12-08,429,1.3102640424102825,1.3956080714247707,-0.08534402901448813
2025-12-09,430,1.2162749921329514,1.302452777282267,-0.08617778514931553
2025-12-10,435,1.1472005334151436,1.2055390782400213,-0.0583385448248777
2025-12-11,429,1.0169475812130144,1.0607821237447994,-0.0438345425317849
2025-12-12,433,0.9351583210844022,1.002947040107308,-0.0677887190229056
2025-12-15,454,0.8797964772275665,0.9431381631910194,-0.06334168596345303
2025-12-16,443,0.8794575225738497,0.933449161179071,-0.053991638605221215
2025-12-17,430,1.0184416956892892,1.105110724178435,-0.0866690284891458
2025-12-18,431,1.1086599594373783,1.2137038964880318,-0.10504393705065365
2025-12-19,432,1.162738995244883,1.2831794640649468,-0.12044046882006379
2025-12-22,434,1.0672465373508409,1.128870152525954,-0.061623615175113076
2025-12-23,436,1.1643292021444285,1.2484808627825132,-0.08415166063808491
2025-12-24,430,1.3103729262356796,1.3901915787570582,-0.07981865252137868
2025-12-26,434,1.342745217787496,1.4252376207612363,-0.08249240297374028
2025-12-29,438,1.5165045082690993,1.5918563188197354,-0.07535181055063607
2025-12-30,439,1.6848716580505578,1.7579414662868473,-0.07306980823628961
2025-12-31,453,1.968827503811688,2.061545371072979,-0.0927178672612911
2026-01-02,464,1.6419172275962834,1.724661012493927,-0.0827437848976436
2026-01-05,461,1.5289544669866317,1.5385151970289992,-0.009560730042367419
2026-01-06,463,1.6069281868588203,1.626413567610464,-0.019485380751643723
2026-01-07,462,1.6841443506224885,1.7411712691174626,-0.05702691849497428
2026-01-08,458,1.525366399451755,1.554543224218954,-0.029176824767198968
2026-01-09,465,1.4173231470228889,1.440292848410329,-0.02296970138744032
2026-01-12,469,1.5629818165184715,1.571374908340304,-0.008393091821832484
2026-01-13,467,1.4917993498262452,1.4902975930396267,0.001501756786618421
2026-01-14,466,1.5821678788880316,1.571013960767363,0.011153918120668514
2026-01-15,461,1.5503620453080889,1.509067352337826,0.041294692970262635
2026-01-16,463,1.5653507569128364,1.5540108279095874,0.01133992900324902
2026-01-20,466,1.9842632471505381,1.988532746381663,-0.004269499231125127
2026-01-21,465,2.1246895249386357,2.097711532923964,0.026977992014672134
2026-01-22,465,2.48659929293933,2.413680576731264,0.0729187162080666
2026-01-23,462,2.6484130806379955,2.6338927701063906,0.014520310531604809
2026-01-26,456,2.6363949177620527,2.619773574429549,0.0166213433325036
2026-01-27,451,2.5295747364508845,2.5300647896879718,-0.000490053237087111
2026-01-28,449,2.9659129906445116,2.955024268271613,0.010888722372898658
2026-01-29,449,2.8433249600702,2.7905588155960124,0.0527661444741876
2026-01-30,434,2.733108342279083,2.7311377461166195,0.0019705961624637445
2026-02-02,422,2.6550293243104113,2.6437956188338507,0.01123370547656048
2026-02-03,418,1.877873174826685,1.9325580159476203,-0.05468484112093533
2026-02-04,415,1.8137532025401861,1.8459373293996668,-0.032184126859480744
2026-02-05,409,1.8510126406591447,1.9283831919517402,-0.07737055129259554
2026-02-06,408,1.9511119870249378,1.9194582381760648,0.03165374884887316
2026-02-09,409,1.913830418051916,1.8992403652658336,0.014590052786082441
2026-02-10,407,1.8233125978046665,1.8161211473131458,0.007191450491520634
2026-02-11,410,1.5111317662423764,1.5560032759852218,-0.044871509742845386
2026-02-12,394,1.7429472598271631,1.8279600983155446,-0.08501283848838145
2026-02-13,400,1.6238630992708942,1.6784938022880294,-0.05463070301713496
2026-02-17,414,1.575634155815263,1.5950771945791782,-0.019443038763915333
2026-02-18,412,1.561811206404268,1.575103251347001,-0.013292044942732905
2026-02-19,410,1.5700484278908526,1.5543101668912418,0.01573826099961057
2026-02-20,397,2.009306349910853,1.9108194880994094,0.09848686181144363
2026-02-23,393,1.8725805760277083,1.8425232352918226,0.0300573407358858
2026-02-24,384,1.8439321931029333,1.75801340850522,0.08591878459771328
2026-02-25,383,1.91272019072024,1.8051551642028252,0.107565026517415
2026-02-26,383,2.485757219310932,2.2729118244457225,0.21284539486520962
2026-02-27,380,2.432330323959993,2.2050835854611375,0.2272467384988553
2026-03-02,383,2.0722591586574244,1.9025173913314462,0.1697417673259781
2026-03-03,378,1.7820618094123988,1.671618524144646,0.11044328526775292
2026-03-04,385,2.108591683472911,1.9145055070918993,0.19408617638101136
2026-03-05,389,1.9597401063811175,1.8196484564099598,0.14009164997115747
2026-03-06,406,1.906841683340495,1.7658785585859929,0.140963124754502
2026-03-09,416,1.67312644303019,1.5653877527623732,0.1077386902678168
2026-03-10,427,1.666195743261832,1.5930920297011413,0.07310371356069059
2026-03-11,432,1.4307206446104335,1.4103012104779642,0.020419434132469265
2026-03-12,433,1.3451002324513726,1.356436188533056,-0.011335956081683427
2026-03-13,450,1.527871843187597,1.4669956396255799,0.0608762035620172
2026-03-16,463,1.6016255018859626,1.4867157287451243,0.1149097731408384
2026-03-17,449,1.308123997038347,1.284627803520812,0.023496193517535062
2026-03-18,444,1.2231289754586463,1.2734800975712186,-0.05035112211257237
2026-03-19,438,1.2250862951651404,1.2883690115302187,-0.06328271636507815
2026-03-20,438,1.3240660986408679,1.4479235761096667,-0.12385747746879901
2026-03-23,437,1.2881244170785024,1.362543473319205,-0.07441905624070252
2026-03-24,440,1.448741193637251,1.5907772376391711,-0.14203604400192002
2026-03-25,437,1.5933579532694475,1.7066877657155315,-0.1133298124460841
2026-03-26,432,1.9479660944466484,2.0391266999669417,-0.09116060552029345
2026-03-27,436,2.3523388364201545,2.5038048693702084,-0.15146603295005379
2026-03-30,436,2.859031148542745,3.001173757575026,-0.1421426090322804
2026-03-31,454,1.980989508128557,2.1254636195525265,-0.1444741114239697
2026-04-01,458,1.7794335070672842,1.943253421184348,-0.16381991411706387
2026-04-02,464,2.15465336144597,2.3186704147176576,-0.16401705327168709
2026-04-06,464,2.143424474239859,2.2990828781301254,-0.15565840389026625
2026-04-07,466,2.096200451645488,2.2392195014802554,-0.14301904983476715
2026-04-08,462,1.6582786084601837,1.7558054317725011,-0.09752682331231753
2026-04-09,467,1.6515749799722026,1.7549080962333523,-0.10333311626114955
2026-04-10,472,1.8134498919307775,1.9202099429114328,-0.10676005098065552
2026-04-13,472,1.5975509550542348,1.6726329723441118,-0.07508201728987682
2026-04-14,473,1.5579831745486752,1.606469823791413,-0.04848664924273792
2026-04-15,476,1.8374388096092462,1.8491980586485304,-0.011759249039284046
2026-04-16,471,1.834278503848314,1.8779073465146308,-0.04362884266631672
2026-04-17,469,1.9694891773536538,1.9524918889808982,0.016997288372755905
2026-04-20,466,2.1155147482864556,2.053433134562504,0.06208161372395198
2026-04-21,463,2.0151166746213414,2.0079669856391025,0.007149688982238847
2026-04-22,466,2.0758974243494963,2.0964467860599885,-0.02054936171049205
2026-04-23,465,2.0171216109992525,2.0374726774999012,-0.020351066500648603
2026-04-24,452,2.192718990347804,2.2106695309311513,-0.017950540583347163
2026-04-27,447,2.3908960056950956,2.3962757177546585,-0.00537971205956273
2026-04-28,444,2.29119966931413,2.311039162716076,-0.019839493401945695
2026-04-29,439,2.3566077805244263,2.367546259297849,-0.010938478773422603
2026-04-30,439,2.188550372427073,2.173990395494093,0.01455997693298013
2026-05-01,419,2.07099660250681,2.0417416245662348,0.02925497794057513
2026-05-04,414,1.7655860680468374,1.8116227867955483,-0.04603671874871088
2026-05-05,414,1.7323270427862558,1.7147686204707706,0.01755842231548521
2026-05-06,409,1.6216214091969692,1.6228205943609724,-0.0011991851640029976
2026-05-07,405,1.443349333897188,1.4904866290254892,-0.0471372951283012
2026-05-08,399,1.3582936797194949,1.4439545412275983,-0.08566086150810348
2026-05-11,401,1.3692108059932466,1.4725307600930366,-0.10331995409979015
2026-05-12,401,1.459860603650235,1.5583171119467079,-0.0984565082964727
2026-05-13,405,1.7337909165896777,1.840444274064695,-0.10665335747501696
2026-05-14,395,2.0395525979872713,2.1115471360843427,-0.07199453809707144
2026-05-15,400,2.387196204313279,2.4762054438446186,-0.08900923953133973
2026-05-18,409,2.465063481943172,2.5435180314947425,-0.07845454955157063
2026-05-19,408,2.538384057880894,2.6066694939482864,-0.06828543606739233
2026-05-20,407,2.14385173400822,2.2337292451221904,-0.08987751111397024
2026-05-21,394,1.6496775203276939,1.7284677083259883,-0.0787901879982943
2026-05-22,408,1.622216160936421,1.6696647291669178,-0.04744856823049691
2026-05-26,406,1.5601561323171156,1.6313371008777746,-0.07118096856065934
2026-05-27,403,1.5285830145267258,1.5484552915758611,-0.019872277049135353
2026-05-28,403,1.4387915454522033,1.5024832923403508,-0.06369174688814745
2026-05-29,408,1.5682644433498707,1.6411654379894278,-0.07290099463955728
2026-06-01,400,1.7933602094794379,1.8684030083861538,-0.07504279890671608
2026-06-02,396,1.7417203845224636,1.7931556948874743,-0.05143531036501061
2026-06-03,398,1.762943653285544,1.7709183016751968,-0.0079746483896526
2026-06-04,401,1.7609240958683388,1.7565807978218064,0.004343298046532476
2026-06-05,415,1.9308487225463986,1.9526228273870652,-0.02177410484066665
2026-06-08,418,1.6856442417543702,1.719430372716152,-0.033786130961781874
2026-06-09,421,1.679628092509524,1.7091527354548648,-0.029524642945340736
2026-06-10,424,2.237189179003054,2.2862460046684214,-0.0490568256653669
2026-06-11,422,1.8174677710344178,1.8736263642912723,-0.056158593256854544
2026-06-12,431,1.9116798881009185,1.9405326461399082,-0.02885275803898988
2026-06-15,438,1.7732144880087106,1.7882077039190114,-0.014993215910300709
2026-06-16,437,1.7411332955063286,1.7790641452408014,-0.03793084973447284
2026-06-17,433,2.105756921631123,2.194951961152603,-0.08919503952147996
2026-06-18,430,1.9979253887747774,2.082343323241886,-0.08441793446710838
2026-06-22,432,2.3402149577265603,2.3985373158132566,-0.058322358086696335
2026-06-23,433,1.6754296484685693,1.7567738783809321,-0.08134422991236284
2026-06-24,432,1.5919243333780302,1.6744142609091834,-0.08248992753115313
2026-06-25,428,1.6801940962263733,1.7546061440846639,-0.07441204785829074
2026-06-26,432,1.574879328540128,1.6436236510650089,-0.06874432252488093
2026-06-29,435,1.564670764282939,1.6091717513764696,-0.044500987093530606
2026-06-30,452,1.6787299501171864,1.7295660448469996,-0.05083609472981317
2026-07-01,460,1.609354528843056,1.6762126446396768,-0.06685811579662085
2026-07-02,463,1.4912141332756843,1.5125898251711694,-0.021375691895485195
2026-07-06,465,1.531222134125121,1.5296574629771884,0.0015646711479324474
2026-07-07,466,1.4156933941273964,1.4408786745074924,-0.025185280380096087
2026-07-08,466,1.3544613898820301,1.417862133758206,-0.06340074387617597
2026-07-09,468,1.4612624583008251,1.4799038401657925,-0.018641381864967145
2026-07-10,471,1.505739228615282,1.5252786868916628,-0.019539458276380674
2026-07-13,471,1.419822908080533,1.4818202376742133,-0.06199732959368043
2026-07-14,469,1.9577891368021163,2.0176591310587537,-0.059869994256637395
2026-07-15,473,2.0710023374106465,2.1012709263069587,-0.03026858889631218
2026-07-16,471,1.5458269978866166,1.5956809230056945,-0.04985392511907821
2026-07-17,465,1.5440076987083977,1.6200213521412539,-0.076013653432856
2026-07-20,462,1.6693882571007181,1.7844812155497645,-0.1150929584490463
2026-07-21,462,1.9943459454583827,2.1217202082129973,-0.12737426275461436
2026-07-22,462,2.168833003358162,2.2764963274485015,-0.10766332409033896
2026-07-23,463,2.2358079474947,2.3391920671732778,-0.1033841196785778
2026-07-24,459,2.1856807336365365,2.2951783514181168,-0.10949761778158022
2026-07-27,453,2.0433378278832013,2.1367514487682184,-0.0934136208850172
2026-07-28,452,1.9807848799137022,2.0559133517860984,-0.07512847187239634
2026-07-29,446,2.2985449143321013,2.387468861400028,-0.08892394706792651
2026-07-30,441,1.9137867988309802,2.0662401406566793,-0.1524533418256995
2026-07-31,426,1.7901142546358,1.961478800615151,-0.17136454597935097
2026-08-03,424,1.6506985885517649,1.7633043117814988,-0.11260572322973393
2026-08-04,419,1.465250267178533,1.5087828226042759,-0.04353255542574301
2026-08-05,410,1.8516122144127027,1.9129948922231121,-0.061382677810409195
2026-08-06,405,1.746934852438452,1.8040059318355617,-0.05707107939710952
2026-08-07,405,1.7073022404152787,1.7560762411466744,-0.048774000731395734
2026-08-10,405,1.5697792840539957,1.636104060963842,-0.066324776909846
