origin_trading_day,rows,baseline_loss,candidate_loss,loss_delta_baseline_minus_candidate
2020-05-04,409,2.220362430114466,2.5737779870396396,-0.3534155569251734
2020-05-05,399,1.9370199200565272,2.4735032980857827,-0.5364833780292557
2020-05-06,396,2.251035320568491,3.3914386474387412,-1.14040332687025
2020-05-07,401,1.8343403572404824,3.700354238964746,-1.8660138817242637
2020-05-08,403,1.6890657778529345,2.9560544859732083,-1.2669887081202738
2020-05-11,401,2.0751335026902247,4.022935215612967,-1.9478017129227425
2020-05-12,400,3.1845976626679278,5.533484080787377,-2.34888641811945
2020-05-13,392,3.7114208935144326,5.907156968902676,-2.195736075388243
2020-05-14,393,3.191197164238455,5.208935383127,-2.017738218888544
2020-05-15,399,3.525707260169334,4.330105006890819,-0.8043977467214857
2020-05-18,396,2.3508348536349155,2.8065353178045758,-0.45570046416966015
2020-05-19,402,3.356806391263365,3.2820626404851656,0.07474375077819904
2020-05-20,395,2.9739992697222526,5.8768808104717545,-2.902881540749501
2020-05-21,401,4.106708727741937,5.314679316182842,-1.2079705884409038
2020-05-22,407,5.009130636057785,6.041455740017538,-1.032325103959753
2020-05-26,404,2.8375965303345523,4.047345019258503,-1.2097484889239511
2020-05-27,407,1.9338577835594977,4.330036952645907,-2.3961791690864094
2020-05-28,406,1.6307995143339757,3.0985071150779757,-1.4677076007439998
2020-05-29,399,1.769188644075409,3.0818690541385036,-1.3126804100630944
2020-06-01,397,1.6198411597652904,2.383553166107016,-0.763712006341726
2020-06-02,399,1.5706381219258443,2.5993834154810393,-1.0287452935551953
2020-06-03,403,1.5376011668686271,2.398817082584028,-0.8612159157154005
2020-06-04,414,1.59835755623542,2.221384084790271,-0.6230265285548509
2020-06-05,410,2.188908639479202,2.2748890989115056,-0.08598045943230352
2020-06-08,411,2.55978128298442,2.7506429621378583,-0.19086167915343882
2020-06-09,419,2.0819598774027055,2.5489518637515234,-0.466991986348818
2020-06-10,419,2.224864052325945,2.833164245974093,-0.608300193648148
2020-06-11,432,1.7036156167198868,2.445268820546213,-0.7416532038263263
2020-06-12,452,1.814199720602027,2.815169905992525,-1.0009701853904978
2020-06-15,440,1.651877480326078,3.062446322239342,-1.410568841913264
2020-06-16,434,1.6281826085653746,2.5626563586237863,-0.9344737500584117
2020-06-17,430,1.5776957266168277,2.289424733481768,-0.7117290068649404
2020-06-18,426,1.5539902660450144,1.898801987566838,-0.3448117215218237
2020-06-19,429,1.5511302024666764,2.3130054831073377,-0.7618752806406616
2020-06-22,428,1.5959525180735306,2.2474511318874435,-0.651498613813913
2020-06-23,428,1.5974894023908264,1.9507793098448694,-0.3532899074540431
2020-06-24,420,1.7617734098712452,2.367329655983071,-0.6055562461118262
2020-06-25,421,1.6327478290002615,1.9790803138598665,-0.34633248485960505
2020-06-26,424,1.6704577708675723,2.196294181675419,-0.525836410807847
2020-06-29,438,1.7211425432930498,2.127755760847321,-0.4066132175542715
2020-06-30,445,1.7119528448892545,1.9182826680983003,-0.20632982320904594
2020-07-01,445,1.7165678028950782,2.1295708649804252,-0.41300306208534704
2020-07-02,447,1.7053095419526747,2.0131305365622136,-0.307820994609539
2020-07-06,450,1.5075457711393128,2.076382545843711,-0.5688367747043983
2020-07-07,450,1.6352597281326313,1.980688364736679,-0.34542863660404804
2020-07-08,449,1.8035849317634849,1.9422319645255746,-0.1386470327620897
2020-07-09,454,2.1382723748478676,2.1604160853562986,-0.022143710508431037
2020-07-10,454,1.7082834452066473,2.334381357694602,-0.6260979124879548
2020-07-13,453,1.84038327005094,2.7001411121762793,-0.8597578421253392
2020-07-14,455,1.3558699141113701,1.9755426728218581,-0.619672758710488
2020-07-15,457,1.4989940435496947,2.2921334276854584,-0.7931393841357635
2020-07-16,452,1.5205425488519184,2.1629474382782496,-0.6424048894263317
2020-07-17,443,1.5275405513727471,2.1600908088221575,-0.6325502574494106
2020-07-20,441,1.5248257286572635,2.481258476842869,-0.9564327481856059
2020-07-21,442,1.5555905587642151,2.205766543414223,-0.6501759846500081
2020-07-22,444,1.5033402433800997,2.111018669972157,-0.6076784265920571
2020-07-23,440,1.5912510613350377,1.9167818255583675,-0.32553076422332966
2020-07-24,433,1.687775175404021,1.9945325920036867,-0.30675741659966543
2020-07-27,431,1.7997959438918314,2.300328953295311,-0.5005330094034796
2020-07-28,431,1.8848857376391586,2.729006282166014,-0.8441205445268559
2020-07-29,428,1.6575858435208368,2.5802556211950933,-0.9226697776742568
2020-07-30,412,1.6478099902563812,2.448475082728306,-0.8006650924719251
2020-07-31,417,1.7771861894742216,2.0760886338183187,-0.29890244434409696
2020-08-03,415,1.6467423062965059,2.14862445269293,-0.5018821463964238
2020-08-04,407,1.4717443109167792,2.2324811911583233,-0.7607368802415442
2020-08-05,400,1.3189578623311593,1.6430631943295857,-0.32410533199842634
2020-08-06,402,1.1979246931157443,1.654909938394206,-0.45698524527846174
2020-08-07,406,1.2487907380367231,1.7910651338376373,-0.5422743958009142
2020-08-10,403,1.2324960547203843,1.5358243831016278,-0.3033283283812437
2020-08-11,404,1.2745910352990917,1.9009777016941136,-0.626386666395022
2020-08-12,405,1.3673348820893063,1.7492509541101802,-0.381916072020874
2020-08-13,421,1.2362010345907473,1.696444787585168,-0.46024375299442055
2020-08-14,418,1.351076906773284,1.9084730478357852,-0.5573961410625012
2020-08-17,405,1.2803677865450094,1.643467168001837,-0.36309938145682774
2020-08-18,406,1.363529678210838,1.8616535222357868,-0.49812384402494886
2020-08-19,407,1.5423554000188426,2.2092422733988286,-0.666886873379986
2020-08-20,399,1.2520294160592906,1.6870461605419529,-0.43501674448266237
2020-08-21,404,1.3744075380555942,1.8133144367981013,-0.43890689874250716
2020-08-24,403,1.4638136740511254,1.5940790528759243,-0.13026537882479908
2020-08-25,397,1.299073610631236,1.5274025655803383,-0.22832895494910238
2020-08-26,393,1.544159491614908,1.635156956155079,-0.0909974645401711
2020-08-27,399,1.453354182365916,1.5266064392687202,-0.0732522569028041
2020-08-28,383,1.399644255591692,1.5501704265491203,-0.15052617095742832
2020-08-31,393,1.4478910990675409,1.6659289645240263,-0.21803786545648565
2020-09-01,397,1.522712739836838,1.7329927946032029,-0.2102800547663645
2020-09-02,401,1.719980127943934,1.7057757267800193,0.01420440116391442
2020-09-03,412,1.4070137860558565,1.7062404671169826,-0.2992266810611262
2020-09-04,410,1.5462806351537197,1.5106856116392684,0.03559502351445135
2020-09-08,416,1.309005663971584,1.7692297579327076,-0.46022409396112385
2020-09-09,422,1.6841236878375767,1.56702080388784,0.11710288394973667
2020-09-10,425,1.3900118454705714,1.3639192021798903,0.026092643290681228
2020-09-11,424,1.2899767093012975,1.4822681369551785,-0.19229142765388102
2020-09-14,451,1.217064872139345,1.3452672271907047,-0.12820235505135943
2020-09-15,438,1.3261056227946502,1.3538548383118922,-0.027749215517241993
2020-09-16,433,1.3968318676073364,1.4204694928076638,-0.02363762520032754
2020-09-17,429,1.5363582663765536,1.6209701250242843,-0.08461185864773059
2020-09-18,430,1.3569332369882139,1.5854508855398044,-0.22851764855159057
2020-09-21,427,1.5420404420372371,1.874775334379183,-0.33273489234194603
2020-09-22,426,1.343901888071527,1.6326537955644067,-0.2887519074928798
2020-09-23,427,2.0374243042557967,2.332642011207376,-0.2952177069515791
2020-09-24,416,2.356341303837288,3.2950742779453552,-0.9387329741080674
2020-09-25,418,2.039961592172549,2.2943671484268906,-0.2544055562543416
2020-09-28,418,1.7701270372960045,2.094931655956524,-0.3248046186605195
2020-09-29,438,1.7579845301025416,2.040942160090749,-0.2829576299882074
2020-09-30,443,1.559623310090338,2.1046004657742268,-0.5449771556838885
2020-10-01,444,1.6402151616973109,1.988520818774069,-0.3483056570767584
2020-10-02,445,1.5844236290813678,2.2986522817229056,-0.7142286526415379
2020-10-05,450,1.264320853022799,1.6772550772252106,-0.4129342242024115
2020-10-06,450,1.3058217465615252,1.8638342551957379,-0.5580125086342127
2020-10-07,449,1.1943909278193987,1.5393192931505553,-0.34492836533115645
2020-10-08,459,1.2559465450109948,1.7623090369216927,-0.506362491910698
2020-10-09,460,1.2783941003958958,1.5840486054411453,-0.3056545050452494
2020-10-12,459,1.4915291673264248,1.4527498838732846,0.03877928345314005
2020-10-13,456,1.5963435925398846,1.4855913324681913,0.11075226007169298
2020-10-14,460,2.1610752835062415,1.764580836529247,0.39649444697699426
2020-10-15,456,2.000398962675827,1.7281486792701917,0.2722502834056355
2020-10-16,447,2.0766411657272,1.828555595119297,0.2480855706079025
2020-10-19,446,1.6156044626157615,1.6838565222521016,-0.06825205963634023
2020-10-20,446,1.4523384173657619,1.57666470723227,-0.12432628986650802
2020-10-21,447,1.4027354223913897,1.5458757509002259,-0.14314032850883598
2020-10-22,440,1.390452611990393,1.5069525849750363,-0.11649997298464333
2020-10-23,434,1.5587372223398674,1.7204463465973603,-0.16170912425749304
2020-10-26,426,2.7560930291691728,3.494114031740164,-0.7380210025709911
2020-10-27,422,3.4346676325218,4.284490018931953,-0.8498223864101526
2020-10-28,422,4.229275076362908,5.323557776118561,-1.0942826997556532
2020-10-29,413,3.1336278142126166,3.898173715109966,-0.7645459008973493
2020-10-30,412,4.062455677988339,5.489488994697353,-1.4270333167090132
2020-11-02,411,4.113940146904256,5.828005603606609,-1.7140654567023523
2020-11-03,405,3.182656674274295,4.2037468590471985,-1.021090184772903
2020-11-04,399,3.0519819804906896,3.6266671031232782,-0.574685122632589
2020-11-05,399,2.626352461089899,3.84296178528632,-1.216609324196421
2020-11-06,403,2.5808778015100264,3.2481431272389742,-0.667265325728948
2020-11-09,407,1.8507687797036503,2.68881845923545,-0.8380496795317998
2020-11-10,409,2.0694310966153773,2.8628527349226753,-0.7934216383072982
2020-11-11,405,2.027623774927649,2.954156377112996,-0.926532602185347
2020-11-12,410,2.246484130002286,3.0229010152427684,-0.7764168852404824
2020-11-13,407,1.8359915910207336,2.5873108754776757,-0.7513192844569418
2020-11-16,398,1.6907620488417505,1.8586652686106677,-0.1679032197689176
2020-11-17,402,1.6565382442312162,1.6511067874929968,0.005431456738219344
2020-11-18,392,1.8314771523901188,1.7253694730835445,0.10610767930657447
2020-11-19,398,1.9788035801768589,2.135616222316691,-0.1568126421398324
2020-11-20,401,1.9854389611419898,2.096631203502956,-0.11119224236096645
2020-11-23,401,1.748281752988166,1.6281285327091728,0.12015322027899324
2020-11-24,399,1.4852871563277272,1.6624352341719328,-0.17714807784420586
2020-11-25,394,1.5016095866749735,1.5382779506611572,-0.03666836398618381
2020-11-27,402,1.4553545660264229,1.5040458170235234,-0.048691250997100734
2020-11-30,395,1.4534719632112878,1.466172735699999,-0.012700772488710986
2020-12-01,399,1.4312576830254413,1.4785893181006977,-0.0473316350752565
2020-12-02,402,1.4270714088931638,1.3916374985602624,0.035433910332901004
2020-12-03,413,1.400164347842871,1.3661748660216848,0.03398948182118619
2020-12-04,410,1.3970325872471974,1.5407214580198392,-0.143688870772642
2020-12-07,408,1.3592634143117328,1.5069336208706612,-0.14767020655892865
2020-12-08,408,1.35056696389667,1.5555054157049009,-0.2049384518082308
2020-12-09,414,1.271095523539663,1.6257196360347375,-0.3546241124950743
2020-12-10,416,1.2127838730948706,1.557133069123658,-0.34434919602878744
2020-12-11,421,1.1784615887290395,1.504942868811564,-0.32648128008252436
2020-12-14,443,1.0419874918076861,1.5231371830146787,-0.4811496912069925
2020-12-15,432,1.0002701606798259,1.3720381574333658,-0.3717679967535397
2020-12-16,423,1.0053034037270951,1.5899960709901924,-0.5846926672630972
2020-12-17,425,1.0480648758898237,1.311233564223849,-0.26316868833402546
2020-12-18,429,1.0385169645761865,1.44362865120315,-0.40511168662696334
2020-12-21,430,1.451091617506234,1.9295491930033661,-0.4784575754971322
2020-12-22,423,1.8024578091305923,2.2210256188097848,-0.4185678096791925
2020-12-23,420,1.6149435984213196,2.0523456729085425,-0.4374020744872229
2020-12-24,427,1.703481505721734,1.8016009937513124,-0.09811948802957828
2020-12-28,427,2.0479286220008412,2.438719492885257,-0.39079087088441544
2020-12-29,425,2.035035528881216,2.367396797063268,-0.33236126818205236
2020-12-30,438,2.1109775788963874,2.37544498758958,-0.2644674086931922
2020-12-31,447,1.8275455968120609,2.1847595568239098,-0.357213960011849
2021-01-04,447,2.052587995434232,2.3199605012692546,-0.2673725058350225
2021-01-05,449,1.7653708687768668,2.0993807099432282,-0.3340098411663614
2021-01-06,443,1.4062324359586655,1.8642359992463318,-0.4580035632876661
2021-01-07,454,1.335334393184433,1.6423023719800445,-0.3069679787956115
2021-01-08,458,1.4368787182586187,1.7453864287705805,-0.30850771051196185
2021-01-11,457,1.5652348319202127,2.034995076582677,-0.46976024466246424
2021-01-12,457,2.1355229543904453,1.9574099635809978,0.1781129908094475
2021-01-13,453,1.520641073421984,1.5688787071383679,-0.048237633716383975
2021-01-14,445,1.844277992434098,1.686825982623969,0.15745200981012905
2021-01-15,446,1.4792384698090932,1.607633527480797,-0.1283950576717038
2021-01-19,449,1.2949630337515712,1.4834798778190312,-0.18851684406746025
2021-01-20,449,1.266176861588263,1.4614681882845562,-0.1952913266962934
2021-01-21,446,1.1679233134016134,1.4680788455307727,-0.30015553212915924
2021-01-22,443,1.2361443876172262,1.5707805306166878,-0.3346361429994616
2021-01-25,438,1.414858783612041,1.868408963816397,-0.45355018020435606
2021-01-26,433,1.5744086208982755,1.9931024706737128,-0.41869384977543744
2021-01-27,430,2.2008554018193154,2.9896796113678237,-0.7888242095485084
2021-01-28,416,1.901395425956972,2.4896147455019384,-0.5882193195449663
2021-01-29,421,2.4918742268583167,3.337381934116325,-0.8455077072580083
2021-02-01,414,2.226344908185389,2.8055093500417287,-0.5791644418563398
2021-02-02,410,1.8573555272027227,2.3234739783826828,-0.46611845117996004
2021-02-03,402,1.5991234100936296,2.2446754655951784,-0.6455520555015489
2021-02-04,401,1.5508789896498423,2.010429616849646,-0.45955062719980383
2021-02-05,402,1.6759458383113008,2.116652946530299,-0.44070710821899817
2021-02-08,402,1.639027591410665,2.3307230799522642,-0.6916954885415995
2021-02-09,405,1.9819233574792912,2.2428534397720443,-0.2609300822927532
2021-02-10,392,1.8132660386958617,1.9825093846008808,-0.1692433459050189
2021-02-11,395,1.8336214833465359,1.8898887183112174,-0.05626723496468143
2021-02-12,400,1.7371608185851417,1.8997579377875553,-0.16259711920241363
2021-02-16,405,1.626593061247469,2.0610033961637986,-0.4344103349163297
2021-02-17,405,1.9085203698099318,2.0682827920892035,-0.1597624222792715
2021-02-18,401,2.1333101127128917,2.1394950977252813,-0.00618498501238962
2021-02-19,403,1.9702889375575845,2.2219831652909057,-0.25169422773332084
2021-02-22,404,1.9231831439857778,2.162439989411194,-0.2392568454254158
2021-02-23,391,1.4255405532296965,1.572890211879644,-0.14734965864994728
2021-02-24,393,1.4870373131347565,1.6173950025542272,-0.1303576894194708
2021-02-25,396,1.4444677900524971,2.522836663898236,-1.0783688738457389
2021-02-26,389,1.795855071395776,2.628279413013903,-0.8324243416181271
2021-03-01,384,1.5752778839079493,1.8065049992548037,-0.23122711534685456
2021-03-02,377,1.3970289835361085,1.6090407185687285,-0.21201173503261975
2021-03-03,381,1.5042841192045413,2.548853099907653,-1.044568980703112
2021-03-04,389,1.7001196401625578,2.2245395562655434,-0.5244199161029854
2021-03-05,395,1.42049935331507,2.3279245229199357,-0.9074251696048656
2021-03-08,396,1.5031837331641429,1.9406190341240295,-0.43743530095988675
2021-03-09,413,1.291934901204668,1.4377725914802102,-0.14583769027554236
2021-03-10,411,1.2815678038557392,1.3664892137999634,-0.08492140994422412
2021-03-11,420,1.3301832837596455,1.5402248550329833,-0.21004157127333797
2021-03-12,442,1.4238310027744074,1.7485514769818364,-0.324720474207429
2021-03-15,450,1.4689798386142103,1.599434902258536,-0.1304550636443256
2021-03-16,441,1.310466181444677,1.4254554830652888,-0.11498930162061205
2021-03-17,432,1.3246168151288957,1.4532678908091468,-0.12865107568025097
2021-03-18,433,1.3575204122233588,1.8634230247187782,-0.5059026124954193
2021-03-19,432,1.4753228664688027,1.7859726838872194,-0.3106498174184168
2021-03-22,429,1.3638422163089927,1.6227974881227005,-0.25895527181370764
2021-03-23,429,1.4695123392496483,2.4504641546336146,-0.9809518153839659
2021-03-24,421,1.5748685399257136,2.1600919494122994,-0.5852234094865859
2021-03-25,422,1.4934200081147624,1.7437245889412494,-0.2503045808264869
2021-03-26,423,1.1975436193023365,1.6435636066162789,-0.4460199873139424
2021-03-29,423,1.3249607308987903,2.0191724104885207,-0.6942116795897304
2021-03-30,437,1.2269734098302525,2.001484659396409,-0.7745112495661569
2021-03-31,444,1.3197304208308394,2.4379506412611924,-1.118220220430353
2021-04-01,447,1.235467887229281,1.5113241158742414,-0.2758562286449602
2021-04-05,453,1.072287284009196,1.5191413177825617,-0.44685403377336597
2021-04-06,451,1.132801974952874,1.425396438193862,-0.2925944632409882
2021-04-07,451,1.174074164550731,1.6468284757040688,-0.47275431115333766
2021-04-08,458,1.165934724937335,1.5841242991428386,-0.4181895742055037
2021-04-09,458,1.1344057830123273,1.5012750488413902,-0.3668692658290628
2021-04-12,459,1.0722961462983678,1.4612003763274826,-0.388904230029115
2021-04-13,458,1.0838530197471141,1.503193368640672,-0.4193403488935579
2021-04-14,462,1.0892878317518613,1.4729553880178923,-0.3836675562660308
2021-04-15,458,1.1195720277572978,1.471695285617401,-0.3521232578601033
2021-04-16,447,1.0457311524343313,1.31057300379284,-0.2648418513585084
2021-04-19,446,1.0984100634611964,1.5464529326580525,-0.448042869196856
2021-04-20,452,1.3210892022206269,1.786482029630775,-0.4653928274101482
2021-04-21,452,1.3923326122650357,1.6206362251690007,-0.22830361290396495
2021-04-22,446,1.5769195632057202,1.7960513998271506,-0.2191318366214304
2021-04-23,439,1.5885227288276573,1.7637460512454792,-0.17522332241782185
2021-04-26,434,1.808086844444249,2.031366696646044,-0.22327985220179525
2021-04-27,432,1.5660568268893318,1.69392580259515,-0.1278689757058181
2021-04-28,428,1.7363909570950582,1.645764047566509,0.09062690952854899
2021-04-29,417,1.6470279138701043,1.6602980639147247,-0.013270150044620285
2021-04-30,418,1.4548696565879862,1.7831960592413443,-0.328326402653358
2021-05-03,418,1.371261161374495,1.5703709031543174,-0.1991097417798223
2021-05-04,410,1.1977368224653449,1.4232448034634746,-0.22550798099812963
2021-05-05,404,1.0762552289848224,1.2556919740653811,-0.17943674508055873
2021-05-06,404,1.072062504019182,1.246380344304397,-0.174317840285215
2021-05-07,408,1.1193089876024145,1.1765425101649636,-0.05723352256254922
2021-05-10,407,1.115588089298764,1.274631991863164,-0.15904390256440012
2021-05-11,405,1.0155262074857758,1.2333350510148173,-0.2178088435290416
2021-05-12,407,1.2728991052546887,1.9073626230995975,-0.6344635178449087
2021-05-13,406,1.2807561535248009,1.6163040136990354,-0.3355478601742346
2021-05-14,398,1.0765072606727117,1.3467079858582758,-0.2702007251855638
2021-05-17,393,1.1506211462824159,1.4579559430790563,-0.3073347967966406
2021-05-18,395,1.1920464971191904,1.392913005909609,-0.2008665087904187
2021-05-19,387,1.1712122142722365,1.52691164532679,-0.3556994310545535
2021-05-20,396,1.1335694507504759,1.4292928026766727,-0.29572335192619686
2021-05-21,396,1.217801735074873,1.468408325612563,-0.25060659053768963
2021-05-24,397,1.19689540787777,1.4495410625179543,-0.2526456546401841
2021-05-25,395,1.1861066934530335,1.4350155330113665,-0.2489088395583328
2021-05-26,388,1.1945638333792479,1.3894583455537883,-0.19489451217454062
2021-05-27,405,1.1686363779682345,1.366074387235702,-0.19743800926746743
2021-05-28,400,1.2003845478311883,1.3648792480818506,-0.16449470025066235
2021-06-01,398,1.1824011226094742,1.3208983475310554,-0.13849722492158142
2021-06-02,401,1.1690952521471787,1.2733703159610432,-0.10427506381386457
2021-06-03,412,1.495562033787488,1.5378068101872873,-0.042244776399799164
2021-06-04,410,1.780401089494067,1.719467492617105,0.06093359687696201
2021-06-07,413,1.364311258104913,1.4210283975097449,-0.05671713940483187
2021-06-08,418,1.3855393775098475,1.4606827067136452,-0.07514332920379796
2021-06-09,423,1.3163806602678372,1.39511513243787,-0.07873447217003304
2021-06-10,427,1.1433634351211197,1.2861373465160557,-0.14277391139493611
2021-06-11,426,1.0741432457547673,1.228790198389804,-0.15464695263503683
2021-06-14,448,1.0782665499787787,1.242976006749689,-0.16470945677091026
2021-06-15,438,1.2315498560752587,1.352188949900504,-0.12063909382524529
2021-06-16,432,1.060303110317,1.2179386828649614,-0.15763557254796137
2021-06-17,428,0.9773507346307347,1.488896459582869,-0.5115457249521345
2021-06-18,424,1.2599300442984347,1.476847986326707,-0.21691794202827241
2021-06-21,423,1.0380378046422294,1.495455858877352,-0.4574180542351227
2021-06-22,422,1.026493360375731,1.304326467850937,-0.27783310747520595
2021-06-23,417,1.022488713473235,1.2131364746442241,-0.19064776117098928
2021-06-24,420,0.9512109770881103,1.1492935801074184,-0.19808260301930802
2021-06-25,424,0.9305259536842632,1.2346351623136678,-0.3041092086294045
2021-06-28,425,0.8806290635714682,1.080493644231855,-0.19986458066038676
2021-06-29,436,0.9255527931217656,1.0613790413279616,-0.13582624820619585
2021-06-30,442,1.0740835790306127,1.169032919137644,-0.09494934010703145
2021-07-01,449,1.3008529772804678,1.351788969142811,-0.050935991862343245
2021-07-02,454,1.5871246589012975,1.7332205536133374,-0.14609589471203993
2021-07-06,453,1.0530871461640225,1.174334347024111,-0.12124720086008846
2021-07-07,453,0.8849782168432746,1.0560899710948433,-0.17111175425156866
2021-07-08,456,0.9264187009778981,1.064131581924314,-0.13771288094641593
2021-07-09,458,1.0704022812846778,1.238125523602288,-0.16772324231761018
2021-07-12,455,0.9773854082384024,1.120588638284482,-0.14320323004607977
2021-07-13,454,1.0137814271810173,1.193539907339578,-0.17975848015856088
2021-07-14,460,0.9600870952548578,1.168431212355088,-0.20834411710023015
2021-07-15,453,1.1022434000651284,1.3087463233891716,-0.2065029233240432
2021-07-16,441,1.1935533138013843,1.536714335702808,-0.34316102190142367
2021-07-19,441,1.462577927200857,1.8920742358609375,-0.4294963086600803
2021-07-20,446,1.3318882152229954,1.8609137562189801,-0.5290255409959846
2021-07-21,446,1.341199839325918,1.5251776224935172,-0.1839777831675991
2021-07-22,444,1.2963629034748625,1.5386584908696066,-0.2422955873947443
2021-07-23,440,1.2471228636335532,1.3821214589067181,-0.13499859527316493
2021-07-26,433,1.2946549057724799,1.5165589415702478,-0.22190403579776796
2021-07-27,433,1.3713144315460195,1.5589560125374167,-0.18764158099139722
2021-07-28,429,1.3710414102640638,1.5669564645909908,-0.19591505432692707
2021-07-29,417,1.2534174942675327,1.4264962118964257,-0.1730787176288931
2021-07-30,421,1.2340691558981425,1.3878849891452578,-0.15381583324711567
2021-08-02,420,1.2070917058520338,1.3862447811250727,-0.17915307527303878
2021-08-03,410,1.0489619036215925,1.0470113103339989,0.001950593287593784
2021-08-04,405,1.1167671245856685,1.0909036269557526,0.025863497629915876
2021-08-05,400,1.177548978993685,1.1628417329403449,0.01470724605334018
2021-08-06,401,1.1236950014810039,1.1559243225362248,-0.03222932105522081
2021-08-09,407,0.9316819021199254,0.8972706955816757,0.03441120653824973
2021-08-10,406,0.9248871882767775,0.8880273372830736,0.036859850993703966
2021-08-11,407,0.9423818798997146,1.042559305839732,-0.10017742594001736
2021-08-12,424,0.9728006298908772,0.9097312222295649,0.06306940766131228
2021-08-13,428,0.9342339273165013,0.843385453226955,0.09084847408954623
2021-08-16,420,0.9890680937908487,0.9004511040775851,0.0886169897132637
2021-08-17,407,1.037052498719093,1.0536445599652549,-0.016592061246161978
2021-08-18,410,1.0792530199216543,1.0003830982250375,0.07886992169661669
2021-08-19,405,1.2752211794584916,1.3393431559256768,-0.06412197646718515
2021-08-20,405,1.155081432779994,1.0461014567306126,0.10897997604938144
2021-08-23,403,1.029531201188235,1.0038913528170899,0.025639848371144944
2021-08-24,400,1.0029461601725513,0.9879471991841454,0.014998960988405799
2021-08-25,388,1.0330284727315053,1.0366757801833764,-0.003647307451871127
2021-08-26,390,0.9961372874266968,1.0425890665094038,-0.04645177908270709
2021-08-27,392,1.0363725455748622,1.0513076929808722,-0.014935147406010102
2021-08-30,376,1.2075237379836652,1.1999524037862526,0.0075713341974126295
2021-08-31,391,1.12966374761429,1.1482560038987173,-0.018592256284427316
2021-09-01,390,1.1711867716132167,1.1583172686023788,0.01286950301083796
2021-09-02,404,1.3833645358768447,1.3663283982174543,0.017036137659390323
2021-09-03,407,1.5919991867429517,1.7306728034819312,-0.1386736167389795
2021-09-07,410,1.437949291987327,1.5309385082814093,-0.09298921629408229
2021-09-08,414,1.3540030768095883,1.2678642748645517,0.08613880194503692
2021-09-09,424,1.1348318394965664,1.0943429700228924,0.040488869473674124
2021-09-10,424,1.1785605816647602,1.286842360947055,-0.10828177928229464
2021-09-13,425,1.2256010790946277,1.2017554304392901,0.023845648655337517
2021-09-14,450,1.4562436659977984,1.4386404592903324,0.017603206707465884
2021-09-15,437,1.3989795662916822,1.4564103247177793,-0.057430758426097094
2021-09-16,430,1.5958114874113534,1.7761037656699772,-0.1802922782586239
2021-09-17,430,1.4698698235088783,1.5498772825395188,-0.08000745903064065
2021-09-20,426,1.6421955802959214,1.7545853708024826,-0.11238979050656124
2021-09-21,425,1.6694802952714958,1.7322632995008254,-0.06278300422932953
2021-09-22,424,1.4637664015393814,1.5885905295324545,-0.12482412799307324
2021-09-23,418,1.3274815621913556,1.4580875850769335,-0.13060602288557774
2021-09-24,419,1.4724018306544944,1.5766557139271284,-0.10425388327263403
2021-09-27,421,1.3548243776197617,1.49454127643336,-0.13971689881359817
2021-09-28,422,1.1750919228380823,1.198291407898455,-0.02319948506037283
2021-09-29,440,1.1598154620721506,1.1691782953915673,-0.009362833319416702
2021-09-30,444,1.318809776076307,1.147070324016473,0.17173945205983374
2021-10-01,445,1.212398976557956,1.0961750963551062,0.11622388020284977
2021-10-04,451,1.38364451368846,1.3488855738685461,0.034758939819914035
2021-10-05,454,1.2669002755465826,1.199938857881174,0.06696141766540852
2021-10-06,454,1.3069008391536292,1.22000864016882,0.08689219898480939
2021-10-07,460,1.2031007055020744,1.1194496056831842,0.08365109981888999
2021-10-08,461,1.3450968647427803,1.303131141091427,0.041965723651353225
2021-10-11,460,1.5509874151069873,1.4655670272025545,0.08542038790443285
2021-10-12,459,1.5382642662406043,1.459775829568246,0.07848843667235851
2021-10-13,461,1.2786303581352962,1.218296828183647,0.060333529951648965
2021-10-14,461,1.2802866016939276,1.270576917080441,0.00970968461348644
2021-10-15,449,1.3626305702563126,1.3688158097604317,-0.006185239504119011
2021-10-18,446,1.2756901094085398,1.2838412967345647,-0.008151187326024842
2021-10-19,445,1.3590183987455056,1.3721828771684372,-0.01316447842293149
2021-10-20,446,1.3906546561336688,1.4407016416511214,-0.0500469855174525
2021-10-21,442,1.5030413940602665,1.5067392816169183,-0.0036978875566518
2021-10-22,439,1.61626287118077,1.614889892307475,0.0013729788732952312
2021-10-25,438,1.5209650389815461,1.521355970074213,-0.0003909310926667478
2021-10-26,430,1.587820130069973,1.6266203667770152,-0.03880023670704238
2021-10-27,412,1.4500481321489942,1.414007070810682,0.036041061338312134
2021-10-28,421,1.3655985516726719,1.34522190431445,0.020376647358221707
2021-10-29,418,1.4155148594876763,1.429695890619806,-0.014181031132129937
2021-11-01,415,1.2875198335878892,1.2768907605137383,0.010629073074151217
2021-11-02,410,1.2614888305271559,1.2086922586929714,0.052796571834184396
2021-11-03,404,1.2319488041620794,1.2142630017883753,0.017685802373703798
2021-11-04,398,1.146671877295124,1.1268204940874416,0.019851383207682694
2021-11-05,399,1.382106498822507,1.3640542910121705,0.0180522078103367
2021-11-08,394,1.2856160358655917,1.2869743295513423,-0.001358293685750477
2021-11-09,399,1.2140592510935908,1.181762632823726,0.03229661826986481
2021-11-10,411,1.1883549006291663,1.1365510295552588,0.05180387107390734
2021-11-11,407,1.4736536503173747,1.2541279156826275,0.2195257346347472
2021-11-12,413,1.4971860070488219,1.347560081688026,0.14962592536079594
2021-11-15,399,1.9975485140394984,1.538477658322913,0.45907085571658546
2021-11-16,400,2.3799468743001446,2.099912960475334,0.28003391382481074
2021-11-17,388,1.6404219865784453,1.4582387578457963,0.1821832287326489
2021-11-18,400,1.7171334699708516,1.465371293401151,0.2517621765697006
2021-11-19,399,1.365213418865371,1.3806251033628372,-0.015411684497465942
2021-11-22,402,1.1502279947958327,1.2289285665848673,-0.07870057178903449
2021-11-23,403,1.0837840621562487,1.124998484115316,-0.04121442195906722
2021-11-24,395,1.1745743676073939,1.0761499900716665,0.09842437753572725
2021-11-26,397,1.3011393021590536,1.2875850839253553,0.013554218233698396
2021-11-29,403,1.2581963380801937,1.3305204193954343,-0.07232408131524069
2021-11-30,402,1.397945425991822,1.377363521295372,0.02058190469645004
2021-12-01,401,1.7079750380539702,1.60043053868138,0.1075444993725903
2021-12-02,411,1.4868840596995265,1.4363338140600206,0.0505502456395061
2021-12-03,408,1.2543974797369943,1.1927213277607718,0.06167615197622254
2021-12-06,408,1.340401193080416,1.3386045619290132,0.0017966311514027145
2021-12-07,408,1.2142109486473467,1.1514089995556809,0.06280194909166589
2021-12-08,407,1.2029393877232428,1.2217330972411355,-0.018793709517892793
2021-12-09,422,1.1058659459656233,1.0233805281845085,0.08248541778111475
2021-12-10,422,1.1280768280141216,1.0403035818178306,0.08777324619629101
2021-12-13,426,1.1423506627440025,1.0555415678643292,0.08680909487967321
2021-12-14,446,1.2592602454145503,1.1766686287720234,0.08259161664252697
2021-12-15,436,1.0704858754968096,0.9412917337630322,0.12919414173377758
2021-12-16,432,1.0843770964888988,1.031805751865177,0.05257134462372181
2021-12-17,434,1.1947356199291026,1.3715435212932452,-0.17680790136414273
2021-12-20,435,1.8012362572908907,2.006684497652503,-0.20544824036161224
2021-12-21,437,1.3296904590329648,1.415175553476451,-0.08548509444348598
2021-12-22,434,1.4320718889162796,1.4879670680597514,-0.05589517914347177
2021-12-23,428,1.6651578748167815,1.9021609559510437,-0.23700308113426227
2021-12-27,431,1.7389063733460455,1.7077439839434236,0.031162389402621726
2021-12-28,431,1.63650164321656,1.6840921259251125,-0.047590482708552456
2021-12-29,431,1.7085408286413248,1.7876982445180352,-0.0791574158767103
2021-12-30,441,2.046465143072911,2.2154666477847487,-0.16900150471183784
2021-12-31,449,2.3624652746449732,2.413151935185292,-0.05068666054031892
2022-01-03,450,2.1505722616817384,2.210563903713263,-0.059991642031524746
2022-01-04,451,2.071199268284335,2.0716982685422556,-0.0004990002579201178
2022-01-05,446,1.8450802205740129,1.8060029474156984,0.039077273158314274
2022-01-06,454,2.2205665462679764,2.111840597338248,0.10872594892972803
2022-01-07,461,1.8455790511753511,1.8852626253004368,-0.0396835741250855
2022-01-10,460,2.1530227002030604,2.101203455862389,0.051819244340670874
2022-01-11,458,2.5465092032205874,2.5090111879571557,0.037498015263431654
2022-01-12,458,2.8344473023908545,2.9799766999643977,-0.1455293975735435
2022-01-13,454,2.1445972351933213,2.066645526457068,0.07795170873625347
2022-01-14,450,1.606283899091368,1.5104415577843127,0.09584234130705507
2022-01-18,452,1.2243056698489916,1.19086839787731,0.03343727197168171
2022-01-19,452,1.1824603121911847,1.2332422030883585,-0.05078189089717368
2022-01-20,453,1.3277075354500887,1.3281964896114526,-0.0004889541613641146
2022-01-21,448,1.4347184278271425,1.4290450967853143,0.005673331041828161
2022-01-24,443,1.4651284221126708,1.474234454206598,-0.009106032093927189
2022-01-25,442,1.6118395530956935,1.5995178518573623,0.0123217012383314
2022-01-26,437,1.9813372909718916,1.8006047756468968,0.1807325153249946
2022-01-27,425,1.8709326092034013,1.494342443645218,0.37659016555818337
2022-01-28,427,1.4859906985625726,1.4513775496734984,0.03461314888907412
2022-01-31,426,1.573139757857201,1.7146236547994806,-0.14148389694227972
2022-02-01,420,1.5262751261577825,1.5447221773976039,-0.018447051239821308
2022-02-02,418,1.6204599261672181,1.6264922458957227,-0.0060323197285044716
2022-02-03,407,1.5860733887146221,1.5445041031523155,0.04156928556230645
2022-02-04,404,1.5223148181738075,1.5056110081366185,0.016703810037189043
2022-02-07,405,1.5343398942627935,1.5998999550091115,-0.06556006074631787
2022-02-08,406,2.032929148727351,2.1588607978385954,-0.12593164911124413
2022-02-09,401,2.131261716890942,3.101254062799521,-0.969992345908579
2022-02-10,400,1.475562041874829,2.0218043385890603,-0.5462422967142313
2022-02-11,394,1.429251997681221,1.8145492698522774,-0.38529727217105647
2022-02-14,395,1.7217376701687848,2.509552888976246,-0.7878152188074615
2022-02-15,398,1.6837714280814038,2.12455216060511,-0.44078073252370614
2022-02-16,392,1.9551180932086711,2.216715639264482,-0.2615975460558106
2022-02-17,400,2.2013443824496766,2.7103638067438762,-0.5090194242941997
2022-02-18,404,2.7486671303669046,3.4698040921487827,-0.7211369617818781
2022-02-22,403,2.444405854721328,3.212650157736934,-0.7682443030156058
2022-02-23,387,1.9010464917466752,1.93355421983967,-0.03250772809299487
2022-02-24,385,1.975722916435816,2.099885119542702,-0.12416220310688553
2022-02-25,397,2.228646551295313,2.013766579412601,0.21487997188271174
2022-02-28,388,2.174741304108987,2.780123131312405,-0.605381827203418
2022-03-01,387,1.6115866603456652,1.753144067951537,-0.14155740760587177
2022-03-02,386,1.4045397190253213,1.419717309650496,-0.015177590625174577
2022-03-03,391,1.2817576772793515,1.2401228837466594,0.041634793532692164
2022-03-04,397,1.4828953034608463,1.3249808500646671,0.15791445339617918
2022-03-07,398,2.0359452044502535,3.372156937346335,-1.3362117328960814
2022-03-08,403,2.2405076456474737,2.5389164670795727,-0.2984088214320986
2022-03-09,417,1.3952398769269403,1.2552480895210958,0.13999178740584453
2022-03-10,424,1.6005074425432817,1.6407581656027324,-0.040250723059450794
2022-03-11,425,1.951841207251689,1.9724801047598848,-0.020638897508195714
2022-03-14,448,2.2905126903206665,2.400388959898465,-0.1098762695777987
2022-03-15,456,2.219861197252636,1.9113432307950076,0.30851796645762813
2022-03-16,442,1.6337707137534507,1.382674217047349,0.2510964967061016
2022-03-17,438,1.4023886951564284,1.261560891838459,0.1408278033179694
2022-03-18,437,1.5145835579141516,1.513496550523025,0.00108700739112651
2022-03-21,437,1.4351805646788287,1.3213250472341667,0.11385551744466191
2022-03-22,432,1.532622728465441,1.5822215112977014,-0.049598782832260185
2022-03-23,434,1.633001879549089,1.7616775529510575,-0.1286756734019686
2022-03-24,431,1.653168154838592,1.9167876646033701,-0.2636195097647781
2022-03-25,426,1.6270495941123773,1.8747149808698675,-0.24766538675749042
2022-03-28,426,1.6167385012329742,1.9413181051683834,-0.32457960393540924
2022-03-29,424,1.9524869410103507,2.6607621516605855,-0.7082752106502346
2022-03-30,438,1.5634612653103572,1.8591238359351205,-0.29566257062476325
2022-03-31,447,1.5707198634497084,1.9914330486299467,-0.42071318518023826
2022-04-01,450,1.5569690396515223,1.9141616491777664,-0.357192609526244
2022-04-04,451,1.381777025177576,1.4654209733040202,-0.08364394812644409
2022-04-05,454,1.4161014792416793,1.4748339233057355,-0.05873244406405606
2022-04-06,449,1.3768157071968794,1.4320601007978604,-0.05524439360098088
2022-04-07,458,1.6143063604308865,1.61086927243445,0.003437087996436555
2022-04-08,462,1.5854425050045802,1.56778835106773,0.017654153936850082
2022-04-11,460,1.7706398527568998,1.639627773028248,0.1310120797286519
2022-04-12,462,1.744249391871593,1.6950814390558915,0.04916795281570137
2022-04-13,462,1.6899785078695964,1.6983184653810024,-0.008339957511406025
2022-04-14,452,2.182427243057904,1.8824455290815039,0.2999817139764004
2022-04-18,451,2.069892348268452,2.072139802858276,-0.002247454589823805
2022-04-19,454,2.353417321710396,2.4772992258474633,-0.12388190413706725
2022-04-20,454,1.9823322953015754,1.9727227545434018,0.009609540758173326
2022-04-21,453,2.3719549810385083,2.2622339892065497,0.10972099183195855
2022-04-22,447,2.0829227580091776,1.9627853129513486,0.12013744505782897
2022-04-25,441,2.9231857127215854,3.4055198787117265,-0.4823341659901409
2022-04-26,441,2.324110474145932,1.9693135783624203,0.3547968957835118
2022-04-27,437,2.662575467111775,2.8761818314999643,-0.21360636438818953
2022-04-28,427,2.927691077812609,3.997797425725815,-1.0701063479132056
2022-04-29,423,1.765906687409755,1.9936060980340011,-0.22769941062424623
2022-05-02,421,1.9800971548836672,2.721927834802518,-0.7418306799188515
2022-05-03,414,1.6956838574082918,2.104152007914786,-0.4084681505064945
2022-05-04,408,2.884657571644821,2.562778072818369,0.3218794988264527
2022-05-05,401,2.0784818965301466,1.8445605354557626,0.23392136107438402
2022-05-06,406,1.923143305965526,1.6850959907250045,0.23804731524052167
2022-05-09,408,1.5665342655249381,2.4567558623596475,-0.8902215968347091
2022-05-10,403,1.6312039963363822,1.96898663266229,-0.33778263632590777
2022-05-11,406,1.574007314560648,3.3434471158593815,-1.7694398012987331
2022-05-12,413,1.6591953542741322,2.52079167191571,-0.861596317641578
2022-05-13,413,1.6447624945897916,1.7091677681815634,-0.06440527359177184
2022-05-16,399,1.5968296761573297,1.330782896378015,0.26604677977931435
2022-05-17,401,1.4099045361336529,1.44474196646733,-0.03483743033367715
2022-05-18,393,2.0071520173721185,4.298162622211174,-2.291010604839055
2022-05-19,403,1.7214604498174173,1.9460184356740193,-0.22455798585660222
2022-05-20,402,1.7878729721434587,1.788300102526465,-0.00042713038300640715
2022-05-23,402,1.6922019096000172,1.7049312543360842,-0.012729344736067022
2022-05-24,404,1.8147780451448101,2.0789067739136886,-0.26412872876887833
2022-05-25,389,1.5632706447465585,1.4404024195964535,0.12286822515010501
2022-05-26,398,1.8432748769458958,2.3511378520788684,-0.5078629751329728
2022-05-27,410,3.311720044302982,3.743489013628334,-0.43176896932535214
2022-05-31,402,3.232384292751954,4.457062228562181,-1.224677935810227
2022-06-01,402,2.6470911961534056,3.854568809303735,-1.2074776131503293
2022-06-02,411,4.181626108314089,5.993461718888279,-1.8118356105741886
2022-06-03,411,3.7638331153284734,5.429047359620105,-1.6652142442916313
2022-06-06,411,3.3908584609484196,4.706016028812098,-1.3151575678636782
2022-06-07,415,3.8225845525059405,5.38408514902449,-1.5615005965185496
2022-06-08,415,3.267392088413931,4.128416814169383,-0.8610247257554525
2022-06-09,428,2.0602932893828583,2.381553582334667,-0.3212602929518086
2022-06-10,428,1.6375067686051652,2.105122733530302,-0.46761596492513674
2022-06-13,431,1.446296920964587,3.356600489973848,-1.910303569009261
2022-06-14,438,1.6066174697544044,2.91209828069105,-1.3054808109366454
2022-06-15,428,1.6259698227393968,2.5105425730763993,-0.8845727503370027
2022-06-16,431,1.883782807205502,4.248638122530624,-2.3648553153251215
2022-06-17,430,1.7625037338663012,3.2015720326546013,-1.4390682987883
2022-06-21,430,1.6624772443864877,1.9344178820215046,-0.2719406376350172
2022-06-22,425,1.4744542303027457,1.7756691111559924,-0.3012148808532466
2022-06-23,424,1.1950070161428359,1.5169949336552664,-0.3219879175124304
2022-06-24,427,1.375690100051623,1.6454284179593812,-0.2697383179077582
2022-06-27,428,1.3843718580861322,1.96813238594504,-0.5837605278589079
2022-06-28,427,1.3270229546542869,1.6307782687046977,-0.30375531405041073
2022-06-29,439,1.3468173704688913,1.7560511677084556,-0.40923379723956443
2022-06-30,453,1.2854948782933902,1.207224296747708,0.07827058154568212
2022-07-01,455,1.365166512505346,1.4489857896038552,-0.08381927709850916
2022-07-05,456,1.3896427399576978,1.3278018878026807,0.06184085215501704
2022-07-06,457,1.6796783384364666,1.6844582531205639,-0.004779914684097194
2022-07-07,458,1.4803276188124985,1.1873628598655779,0.2929647589469203
2022-07-08,463,1.4043978436259006,1.1804631891585193,0.2239346544673811
2022-07-11,464,1.580164502601669,1.6213995190859152,-0.041235016484246025
2022-07-12,462,1.462288152070852,1.2293445506944995,0.23294360137635237
2022-07-13,462,2.015783542056857,1.4601123226263386,0.5556712194305184
2022-07-14,459,2.774436563615704,2.535491464133195,0.23894509948250933
2022-07-15,446,2.6167164861818475,1.9951314579371646,0.6215850282446828
2022-07-18,447,2.7252806380669594,2.3189039712682824,0.4063766667986769
2022-07-19,451,1.8392258769947063,1.5785164599423662,0.2607094170523401
2022-07-20,451,1.8677042302829212,1.586305512942687,0.28139871734023414
2022-07-21,451,1.703227725791691,1.5084188014031292,0.19480892438856198
2022-07-22,446,1.8493742832291455,1.588320796586038,0.2610534866431075
2022-07-25,441,1.866514019427582,1.9203355151607098,-0.05382149573312792
2022-07-26,438,1.9496151019234718,2.1179474577599775,-0.16833235583650585
2022-07-27,435,1.9398333257019371,1.7959269713830326,0.1439063543189046
2022-07-28,428,1.5969010631358875,1.366778696859671,0.2301223662762168
2022-07-29,427,1.6603578418074627,1.358707408476449,0.3016504333310138
2022-08-01,426,1.746001103314362,1.726615474280888,0.01938562903347403
2022-08-02,416,1.8620558251616683,1.7697077212254964,0.09234810393617202
2022-08-03,409,1.4853929206723335,1.2911350171355143,0.19425790353681943
2022-08-04,401,1.6024154094499077,1.5412663950784684,0.06114901437143935
2022-08-05,403,1.3282662441703035,1.2551410478142773,0.0731251963560261
2022-08-08,404,1.2541188604160454,1.4601907403955876,-0.20607187997954232
2022-08-09,407,1.1746841560074446,1.3550431213236895,-0.18035896531624476
2022-08-10,407,1.3321729205403579,1.5396476096180838,-0.20747468907772565
2022-08-11,418,1.1292366682242996,1.305653029081605,-0.17641636085730553
2022-08-12,429,1.916590988516379,2.255292827805914,-0.33870183928953473
2022-08-15,427,2.1848101060851994,2.7177442615979026,-0.5329341555127028
2022-08-16,422,2.471059436603332,3.1009241916933696,-0.6298647550900381
2022-08-17,414,2.3863600004105545,3.162165180025912,-0.7758051796153573
2022-08-18,414,2.441460957860838,3.003541510876723,-0.5620805530158851
2022-08-19,413,2.2992669280961455,2.6891595354882174,-0.3898926073920719
2022-08-22,409,1.8278653571266748,1.7701943345496787,0.05767102257699598
2022-08-23,407,1.377263595060317,1.2560624780050558,0.12120111705526089
2022-08-24,393,1.3541032616000281,1.2902663144915774,0.06383694710845075
2022-08-25,394,1.2945135840741566,1.217259023658452,0.07725456041570476
2022-08-26,399,1.1433331225240766,1.199918061040047,-0.0565849385159704
2022-08-29,397,1.2517639811534744,1.2739456338820416,-0.02218165272856719
2022-08-30,389,1.2242219301211898,1.2529614417246615,-0.028739511603471615
2022-08-31,394,1.3028691596634487,1.5951030698933997,-0.29223391022995093
2022-09-01,406,1.3058203514296152,1.5432462138768333,-0.23742586244721817
2022-09-02,408,1.166669849178651,1.236765114406543,-0.07009526522789201
2022-09-06,413,1.28338493602915,1.3508558637658283,-0.06747092773667836
2022-09-07,414,1.8418178725719982,1.845574669853664,-0.003756797281665947
2022-09-08,429,2.4455143159273294,2.590274114485794,-0.1447597985584644
2022-09-09,429,3.421735959952728,3.400701690551786,0.021034269400941406
2022-09-12,428,4.283341618557089,5.171258684004454,-0.8879170654473647
2022-09-13,433,2.9481603981824094,2.505670448062306,0.442489950120103
2022-09-14,455,2.3934107850728137,2.5933952694993136,-0.19998448442649988
2022-09-15,443,2.6530169686222034,2.3478315743159257,0.30518539430627767
2022-09-16,436,2.6441935379353256,3.3768686177555436,-0.7326750798202177
2022-09-19,436,2.129644423565226,1.9662406468363975,0.16340377672882825
2022-09-20,436,1.275751006921841,1.3030891815859196,-0.02733817466407866
2022-09-21,438,1.3281724598296063,1.2987377121556505,0.029434747673955985
2022-09-22,427,1.5801706048038975,1.9047266297213714,-0.3245560249174739
2022-09-23,427,1.701039540073716,1.839399231898314,-0.1383596918245977
2022-09-26,428,1.6837593990362243,1.9520795860342097,-0.2683201869979853
2022-09-27,428,1.6174524709402034,2.1811599293113697,-0.5637074583711663
2022-09-28,427,1.7383404341343753,1.8837749344423347,-0.14543450030795912
2022-09-29,445,1.481099093824949,1.6541564417042949,-0.17305734787934562
2022-09-30,451,1.4545113405469692,1.917728124906202,-0.463216784359233
2022-10-03,453,1.3583133211640055,1.669064704288881,-0.3107513831248757
2022-10-04,454,1.4569574304636592,1.5699367284782944,-0.11297929801463498
2022-10-05,456,1.6087515013107905,1.8841033033305747,-0.2753518020197843
2022-10-06,463,1.6138406735546171,1.9657258288695811,-0.35188515531496395
2022-10-07,466,1.4497205697853721,1.530933313240444,-0.0812127434550716
2022-10-10,466,1.5779454904153687,1.6337714377630679,-0.055825947347699266
2022-10-11,466,2.02089220046122,1.7287846365151258,0.29210756394609405
2022-10-12,466,2.2337392125279094,2.2114694724012804,0.02226974012662912
2022-10-13,469,1.836680799598906,1.4970953876150854,0.33958541198382064
2022-10-14,464,3.1245556525711633,3.0085894039097942,0.11596624866136881
2022-10-17,455,2.3123567647429173,2.1117973944091086,0.20055937033380886
2022-10-18,455,2.080447438614894,1.8951794944246148,0.18526794419027953
2022-10-19,455,1.8869337116539684,1.8645546989852981,0.022379012668670227
2022-10-20,455,2.2253588845231964,2.220036390953264,0.005322493569932403
2022-10-21,448,2.1686843069319957,2.375400788977072,-0.20671648204507667
2022-10-24,445,2.115711388581929,2.1265783108520306,-0.010866922270101402
2022-10-25,443,2.056810489773657,2.16551911072016,-0.10870862094650245
2022-10-26,427,1.9275044125990528,2.0467766171962767,-0.11927220459722389
2022-10-27,418,2.2705519295440446,2.0736661601985413,0.1968857693455034
2022-10-28,426,2.0999863777486203,1.9777074845764973,0.1222788931721231
2022-10-31,421,2.0418676937357674,1.9081297943317386,0.13373789940402894
2022-11-01,416,2.1151050368764475,2.281060295030336,-0.16595525815388823
2022-11-02,406,2.268517659192053,2.4039193664136422,-0.13540170722158926
2022-11-03,398,2.1755190038714085,2.2437254658192716,-0.06820646194786299
2022-11-04,402,1.8284817629266654,1.779994409879281,0.04848735304738411
2022-11-07,399,1.6648126603895361,1.6953880997963235,-0.030575439406787717
2022-11-08,395,1.6983765563217157,1.8034381735723914,-0.10506161725067564
2022-11-09,407,2.2061985961460566,2.4371035125716367,-0.2309049164255804
2022-11-10,413,1.3454928215172455,1.8724083464564036,-0.5269155249391585
2022-11-11,412,1.5060845953315276,1.3130262530396297,0.19305834229189786
2022-11-14,417,1.3847612354526648,1.242375559698406,0.14238567575425864
2022-11-15,401,1.4834109949298369,1.4395449962653515,0.0438659986644853
2022-11-16,395,1.4804535834738657,1.469704087571634,0.010749495902231643
2022-11-17,406,1.5266160736084886,1.4108661069304644,0.11574996667802415
2022-11-18,408,1.317766641918774,1.1652733590347866,0.15249328288398734
2022-11-21,408,1.3373158832672858,1.139854623507435,0.19746125975985107
2022-11-22,411,1.418791712068811,1.2294442072017093,0.1893475048671016
2022-11-23,401,1.4286904071282163,1.2784537813064412,0.15023662582177508
2022-11-25,404,1.4689054482719608,1.3316243747271024,0.13728107354485858
2022-11-28,404,1.3010416658047594,1.2259537332667354,0.07508793253802401
2022-11-29,407,1.4209450551721663,1.4000734546426734,0.02087160052949272
2022-11-30,411,1.4440649084782031,1.4784884977601038,-0.03442358928190084
2022-12-01,415,1.7153129142183885,1.510976568778024,0.2043363454403643
2022-12-02,412,1.8805156908415712,1.6693241452848202,0.21119154555675096
2022-12-05,409,1.6814789468186775,1.4588805937888876,0.2225983530297899
2022-12-06,412,1.4550146051467747,1.4097634134046895,0.04525119174208529
2022-12-07,411,1.2813043079216362,1.1786526636381964,0.10265164428343956
2022-12-08,427,1.4533392607710163,1.3844869586741075,0.06885230209690871
2022-12-09,428,1.2660556217347234,1.2661772766275594,-0.00012165489283605805
2022-12-12,426,1.5111006144332142,1.3211250654322604,0.18997554900095354
2022-12-13,432,1.882059669290825,1.4562792976862309,0.42578037160459403
2022-12-14,431,1.3466513247859717,1.1720778585330298,0.17457346625294168
2022-12-15,429,1.0509025668972813,1.2294948636825727,-0.17859229678529134
2022-12-16,435,1.0298202636665066,1.1187988530635964,-0.0889785893970899
2022-12-19,437,1.1660383102162137,1.2146970640152632,-0.048658753799049465
2022-12-20,431,1.2029008037579672,1.2541651960847708,-0.05126439232680364
2022-12-21,433,1.2692601095670986,1.3600822483132693,-0.0908221387461708
2022-12-22,426,1.4084511695466129,1.4977889022609665,-0.08933773271435394
2022-12-23,428,1.529995402377272,1.5900521617813121,-0.060056759404040476
2022-12-27,430,1.8039855246415128,2.093136839413593,-0.2891513147720805
2022-12-28,425,2.4106471387937813,2.3518273192234385,0.058819819570342956
2022-12-29,441,1.9267256172765546,2.658765178421449,-0.7320395611448947
2022-12-30,454,1.989614075403235,2.1842101752742376,-0.19459609987100226
2023-01-03,455,1.7787043844056112,2.07130351943094,-0.2925991350253288
2023-01-04,450,1.3798824868916566,1.5040567042598953,-0.12417421736823897
2023-01-05,455,1.78095350297257,2.0793272075581775,-0.29837370458560747
2023-01-06,458,1.776626613581231,1.8714187369127109,-0.09479212333147981
2023-01-09,461,1.4316648008114026,1.642530427496837,-0.21086562668543446
2023-01-10,460,1.3871518979861057,1.9526353105979468,-0.5654834126118412
2023-01-11,459,1.369209366966252,1.8148636989700904,-0.4456543320038384
2023-01-12,464,1.3433774515943697,1.632171822724778,-0.28879437113040796
2023-01-13,461,1.203244105971021,1.2944110329295127,-0.09116692695849174
2023-01-17,455,1.2145908522967162,1.5125002702575365,-0.29790941796082016
2023-01-18,454,1.7294580195459635,2.070899406024259,-0.34144138647829525
2023-01-19,458,2.758444592489671,3.081924523490143,-0.32347993100047207
2023-01-20,458,1.8204320783834742,2.2386086403951873,-0.4181765620117134
2023-01-23,452,1.3903181289143758,1.5871268548464403,-0.19680872593206453
2023-01-24,453,1.4815298334100706,1.729721635200618,-0.24819180179054723
2023-01-25,448,1.4514615872453012,1.6172268458798638,-0.1657652586345624
2023-01-26,436,1.3682359672224833,1.555433560937194,-0.18719759371471076
2023-01-27,431,1.1537273447017398,1.152411859944886,0.001315484756853509
2023-01-30,433,1.2721507700931267,1.5936323756662787,-0.321481605573152
2023-01-31,429,1.2329318790842088,1.2519554098947039,-0.019023530810495178
2023-02-01,424,1.242119701490373,1.2206855480539063,0.021434153436466683
2023-02-02,414,1.3749782572834437,1.2696602063771367,0.10531805090630707
2023-02-03,409,1.2648579973994536,1.2851996660528209,-0.020341668653367402
2023-02-06,411,1.3533705843355057,1.1816282840894714,0.17174230024603437
2023-02-07,410,1.5283982070243145,1.2611462791607109,0.2672519278636033
2023-02-08,402,1.3397524057843324,1.2550306706812484,0.08472173510308403
2023-02-09,409,1.363999502940679,1.3323831111434647,0.03161639179721427
2023-02-10,400,1.399445066167999,1.2739975612555792,0.12544750491241974
2023-02-13,390,1.6168270317573035,1.3228157991979217,0.29401123255938166
2023-02-14,397,1.6474984827166756,1.341533401260979,0.30596508145569684
2023-02-15,392,1.6243429263861564,1.2278197504073856,0.396523175978771
2023-02-16,399,1.2899569023649893,1.1279471855968106,0.16200971676817888
2023-02-17,404,1.3165058913017489,1.211020177130414,0.10548571417133491
2023-02-21,401,1.3401211031959626,1.237338359159524,0.1027827440364386
2023-02-22,399,1.2780320061806187,1.261779927943966,0.016252078236652718
2023-02-23,389,1.464378395220241,1.264306496281179,0.20007189893906213
2023-02-24,392,1.702986898830893,1.495291431336817,0.20769546749407597
2023-02-27,405,2.0029218587883717,1.59857894438969,0.4043429143986816
2023-02-28,394,1.8143511884930115,1.5666371649217496,0.24771402357126163
2023-03-01,395,2.230415195706645,1.919485396729712,0.3109297989769329
2023-03-02,391,2.069610898499088,1.8163122567917056,0.2532986417073824
2023-03-03,393,2.774725406678266,2.6356043696232265,0.1391210370550394
2023-03-06,396,2.3082783600230545,2.020633143628148,0.2876452163949061
2023-03-07,399,1.6372947543882233,1.5217710943517528,0.11552366003647065
2023-03-08,402,2.061184298298953,1.8164696765730883,0.24471462172586467
2023-03-09,422,1.7725025089006567,1.854750652196551,-0.08224814329589421
2023-03-10,425,1.486793774802437,1.5078506592803895,-0.021056884477952773
2023-03-13,427,1.1125395765454673,1.1666639051811711,-0.05412432863570381
2023-03-14,453,1.028811833949243,1.0946377168111006,-0.06582588286185749
2023-03-15,455,1.1710889537697953,1.0944777435738138,0.07661121019598154
2023-03-16,448,1.0140603213535828,1.0722191703320436,-0.05815884897846076
2023-03-17,445,1.5163092058747427,1.5615742991733168,-0.04526509329857437
2023-03-20,446,1.2993444476353613,1.3584323339305038,-0.05908788629514245
2023-03-21,446,1.09686535299555,1.1475315793218992,-0.05066622632634907
2023-03-22,441,1.4224041216065624,1.448482881588302,-0.026078759981739547
2023-03-23,433,1.513179581245463,1.5947761654300365,-0.08159658418457362
2023-03-24,432,1.2963563750765728,1.4787613302985312,-0.18240495522195854
2023-03-27,432,1.2888412224340493,1.4021843910259253,-0.11334316859187624
2023-03-28,433,1.2108092915514204,1.3043165966119339,-0.09350730506051355
2023-03-29,425,1.1629665614882925,1.1951828195847176,-0.03221625809642531
2023-03-30,445,1.114023504691449,1.1186475209509978,-0.0046240162595488155
2023-03-31,452,1.072172602218344,1.0545871335677834,0.01758546865056042
2023-04-03,453,1.0273464086965138,1.0566858317908183,-0.02933942309430424
2023-04-04,457,1.082853336706904,1.1711808849594925,-0.08832754825258875
2023-04-05,457,1.139027127699488,1.2332456212622263,-0.09421849356273827
2023-04-06,467,1.1375304000102864,1.2997495101029264,-0.16221911009263998
2023-04-10,468,1.1388325564070567,1.2524563766592596,-0.11362382025220265
2023-04-11,463,1.2588344822607211,1.1259321198370746,0.13290236242364653
2023-04-12,463,1.2984401749370371,1.1319578797822374,0.16648229515479973
2023-04-13,466,1.3365563478539018,1.2350426737344378,0.10151367411946405
2023-04-14,456,1.279448622393174,1.2957737103939608,-0.016325088000786723
2023-04-17,456,1.249910308150592,1.2360271713571167,0.013883136793475356
2023-04-18,454,1.5093702893938394,1.3868860749188159,0.12248421447502357
2023-04-19,452,1.6332950530859118,1.4789694046948125,0.15432564839109936
2023-04-20,451,1.7277508204591723,1.5528985404205566,0.17485228003861583
2023-04-21,446,1.446554137473305,1.3768402895538119,0.06971384791949328
2023-04-24,444,1.559034617822912,1.4748056264622542,0.08422899136065753
2023-04-25,442,1.5509480334302166,1.5195839293908275,0.03136410403938912
2023-04-26,439,1.6450046922169124,1.6001149890801027,0.044889703136809525
2023-04-27,429,1.572531233019743,1.524849304963045,0.04768192805669782
2023-04-28,427,1.6470686011461242,1.6102822600953082,0.03678634105081588
2023-05-01,425,1.5915297259385017,1.4972980285831288,0.09423169735537273
2023-05-02,421,1.60776745562118,1.5118695036562675,0.09589795196491255
2023-05-03,416,1.5110561459287268,1.5685565726622341,-0.05750042673350734
2023-05-04,411,1.6867202276548594,1.8222949330888973,-0.1355747054340378
2023-05-05,411,1.467753653268393,1.5417043169494815,-0.07395066368108857
2023-05-08,409,1.4157104110806955,1.5085789287783704,-0.09286851769767472
2023-05-09,410,1.4252490461551657,1.384018827647287,0.04123021850787871
2023-05-10,411,1.4963875602370063,1.3411816205396336,0.1552059396973726
2023-05-11,416,1.7232500107221493,1.6065870322751787,0.11666297844697053
2023-05-12,419,2.0334072829263783,2.0161963621718706,0.017210920754507638
2023-05-15,412,1.9832983925603467,1.8969153197390574,0.08638307282128929
2023-05-16,399,1.7377257155447436,1.7158775237399948,0.021848191804748982
2023-05-17,390,1.6704579982042944,1.6517853217719427,0.018672676432351484
2023-05-18,400,1.337858868673916,1.4620430531366333,-0.12418418446271749
2023-05-19,404,1.3686331333621737,1.4594127341849366,-0.09077960082276255
2023-05-22,404,1.3814799609981685,1.5313442162187632,-0.1498642552205947
2023-05-23,405,1.4802681774000999,1.7878586372209393,-0.3075904598208391
2023-05-24,392,1.8180879465693731,2.185854173588054,-0.36776622701868084
2023-05-25,399,1.5793680706229603,1.7064738636679009,-0.12710579304494074
2023-05-26,410,1.4813708726222554,1.719057330342693,-0.23768645772043742
2023-05-30,413,1.720921379094533,2.1571925583439278,-0.43627117924939485
2023-05-31,408,1.926198562692809,2.3300394000104254,-0.40384083731761633
2023-06-01,410,1.9415177275795925,2.6308197208408797,-0.689301993261287
2023-06-02,409,1.3560431517355602,1.8852167440570264,-0.5291735923214661
2023-06-05,408,1.3031741324916801,1.646106996266112,-0.3429328637744318
2023-06-06,410,1.1819728133528682,1.5459205526858582,-0.3639477393329899
2023-06-07,411,1.2373510713758944,1.5580314214481985,-0.3206803500723043
2023-06-08,424,1.1623547494791582,1.237998567220258,-0.07564381774110009
2023-06-09,426,1.0770156200607428,1.1812669622441845,-0.10425134218344162
2023-06-12,426,1.1308080877178401,1.3467234619161215,-0.2159153741982813
2023-06-13,433,1.09951542196171,1.1384525859838885,-0.03893716402217855
2023-06-14,436,1.0737790754077405,1.2525997574526755,-0.17882068204493506
2023-06-15,441,1.0366538934900467,1.111326258106743,-0.07467236461669628
2023-06-16,441,1.0165974990446967,1.2521460118890977,-0.23554851284440084
2023-06-20,441,1.009824946986362,1.22046534893998,-0.2106404019536179
2023-06-21,435,0.9649651684867232,1.3348049238351936,-0.36983975534847024
2023-06-22,430,1.0560164975162831,1.2232948374537445,-0.16727833993746116
2023-06-23,430,1.299416956791283,1.5948703163812838,-0.29545335959000096
2023-06-26,430,1.422886534412486,2.105844451475666,-0.6829579170631799
2023-06-27,428,1.2130184087899705,1.6800226337042454,-0.46700422491427496
2023-06-28,423,1.36562927078139,2.0637552561788124,-0.6981259853974225
2023-06-29,440,1.1345150150908694,1.2192646280304387,-0.08474961293956937
2023-06-30,449,1.099459015510984,1.2362866388039018,-0.13682762329291775
2023-07-03,454,1.151478557086511,1.421288310805812,-0.26980975371930127
2023-07-05,455,1.3378833498836593,1.6601075258956544,-0.3222241760119951
2023-07-06,456,1.4210459350848401,1.6534973641986652,-0.23245142911382502
2023-07-07,465,1.3157838471815697,1.5961201191509662,-0.28033627196939653
2023-07-10,466,1.247965027166597,1.469206351624682,-0.22124132445808503
2023-07-11,465,1.1165658119269823,1.3354134469934509,-0.2188476350664686
2023-07-12,464,1.138790266429296,1.3585458289236427,-0.21975556249434672
2023-07-13,466,1.1692448978159014,1.224669700486699,-0.05542480267079801
2023-07-14,460,1.283527168899875,1.3870145148808786,-0.10348734598100365
2023-07-17,452,1.2748924227097467,1.3975415409861216,-0.12264911827637494
2023-07-18,451,1.190511002040856,1.2684244296520073,-0.07791342761115136
2023-07-19,452,1.3123126070672617,1.2759995666505983,0.03631304041666328
2023-07-20,455,1.4132394219654454,1.3793861183440075,0.03385330362143778
2023-07-21,447,1.5912931464298772,1.5183100329397297,0.07298311349014719
2023-07-24,443,1.5982721074676327,1.5674926647724372,0.030779442695195326
2023-07-25,441,1.7002606482610962,1.5942439839056313,0.10601666435546488
2023-07-26,436,1.6977745202739547,1.5250923715122668,0.17268214876168778
2023-07-27,427,1.562337102790732,1.4949629914166336,0.06737411137409835
2023-07-28,430,1.6791741660055524,1.5556381503258516,0.12353601567970056
2023-07-31,428,1.680451806531453,1.5451544000899349,0.13529740644151816
2023-08-01,422,1.7759878063290466,1.6182506683051445,0.157737138023902
2023-08-02,414,1.6296659155557394,1.4334718659135797,0.19619404964215964
2023-08-03,404,1.6129679037618556,1.2321369537160871,0.38083095004576856
2023-08-04,405,1.4532510781033992,1.2385431873222303,0.2147078907811689
2023-08-07,408,1.6302299580567514,1.218573442316527,0.4116565157402244
2023-08-08,407,1.5599422474040203,1.2888536261411536,0.2710886212628667
2023-08-09,412,1.2809449368206587,1.060665524910718,0.220279411909941
2023-08-10,419,1.3541791375685683,1.0407379561882353,0.31344118138033317
2023-08-11,419,1.2723980812891529,1.055328330932341,0.2170697503568119
2023-08-14,426,1.1395992264153716,0.9306279175301161,0.20897130888525536
2023-08-15,430,0.9581625066085276,0.9515391926269429,0.006623313981584751
2023-08-16,425,0.9996062178055501,1.0229259643482287,-0.023319746542678602
2023-08-17,412,1.174436717036084,1.1600455996116774,0.014391117424406758
2023-08-18,412,1.2520794231828272,1.1878241232881197,0.06425529989470759
2023-08-21,407,1.167706549748978,1.2677045687171695,-0.09999801896819172
2023-08-22,406,1.1588604579007964,1.1608555405583185,-0.0019950826575223226
2023-08-23,392,1.1053117240641654,1.0655090110800187,0.03980271298414679
2023-08-24,394,1.1589002457628694,1.1830087456789615,-0.024108499916092208
2023-08-25,401,1.1510039152838187,1.1138717722153322,0.03713214306848648
2023-08-28,397,1.1615337869857245,1.127589913811889,0.03394387317383548
2023-08-29,397,1.2790555125658487,1.2193105409583256,0.059744971607523185
2023-08-30,383,1.2185487765307395,1.171069859297707,0.04747891723303268
2023-08-31,405,1.2178332464542054,1.1310608665544206,0.08677237989978477
2023-09-01,408,1.2807231128630114,1.1735485407693287,0.10717457209368267
2023-09-05,415,1.1620964508335245,1.0939850895983072,0.06811136123521734
2023-09-06,418,1.2192533338280767,1.1469137345046205,0.07233959932345618
2023-09-07,431,1.4006667035881666,1.2202049532473074,0.18046175034085943
2023-09-08,430,1.3821056333787696,1.1839594654699346,0.1981461679088349
2023-09-11,427,1.4002962734645044,1.2392300634197593,0.16106621004474497
2023-09-12,432,1.5908193327446898,1.316493158721586,0.274326174023104
2023-09-13,434,1.495608795232559,1.2496521711715853,0.24595662406097377
2023-09-14,440,1.5658705944277564,1.3430757098600998,0.22279488456765678
2023-09-15,439,1.4063311831597192,1.15053262702343,0.25579855613628927
2023-09-18,440,1.681584701197146,1.411331176640984,0.27025352455616203
2023-09-19,439,1.9242804140164704,1.606174315743814,0.31810609827265635
2023-09-20,440,1.6950169391011967,1.4044129352338792,0.2906040038673172
2023-09-21,430,1.4390163542656975,1.3198541678111757,0.11916218645452188
2023-09-22,426,1.2862526045101854,1.216750269338032,0.06950233517215325
2023-09-25,429,1.2313794185280602,1.1871665263397109,0.0442128921883492
2023-09-26,430,1.0692404200179084,1.069637337697937,-0.0003969176800283134
2023-09-27,427,1.109059724047831,1.1331868591770693,-0.024127135129238277
2023-09-28,444,1.2477555520599346,1.2579071959670385,-0.010151643907103854
2023-09-29,449,1.2351908770249245,1.2484083860356583,-0.013217509010733904
2023-10-02,449,1.2261863461196336,1.2658105639947574,-0.039624217875124004
2023-10-03,451,1.3475718282425246,1.287222594384828,0.06034923385769707
2023-10-04,453,1.2376418064285208,1.2719193020432384,-0.03427749561471765
2023-10-05,461,1.1892172813118838,1.236460271413799,-0.04724299010191522
2023-10-06,466,1.347015505326659,1.3715544349063744,-0.024538929579715273
2023-10-09,465,1.4570274997127055,1.407699936869881,0.04932756284282428
2023-10-10,464,1.5116126923561102,1.5627006908847436,-0.051087998528633494
2023-10-11,468,1.99303810900027,1.8025709989905747,0.1904671100096953
2023-10-12,470,1.8214007105258505,1.7561354133713745,0.06526529715447613
2023-10-13,471,1.8745424004754856,1.8035483593343522,0.0709940411411332
2023-10-16,466,1.976178617416702,2.0107005011630097,-0.0345218837463075
2023-10-17,453,1.846565340411844,1.7440255682524912,0.10253977215935291
2023-10-18,453,1.5470596217476122,1.5044015668990478,0.04265805484856444
2023-10-19,454,1.3799498720318726,1.4091681695646587,-0.029218297532786285
2023-10-20,453,1.7538030289882858,1.7693915969084573,-0.015588567920171721
2023-10-23,449,1.7702377488658332,1.7385884766130213,0.03164927225281182
2023-10-24,447,1.6546831133469722,1.7969481068335078,-0.14226499348653568
2023-10-25,443,1.9344214711871253,1.8698123088385712,0.06460916234855404
2023-10-26,432,1.8453759828742424,1.7955649322758935,0.049811050598348706
2023-10-27,425,2.230352380692011,2.0455267343264896,0.1848256463655214
2023-10-30,426,1.9619586146115917,2.1015697840219034,-0.13961116941031163
2023-10-31,422,2.4570510980690816,2.9319668499082776,-0.47491575183919554
2023-11-01,415,2.4095300209920594,2.8395546650830688,-0.4300246440910094
2023-11-02,400,1.7878003829491198,2.069541455346438,-0.28174107239731816
2023-11-03,399,1.4117364346459667,1.5826043986632596,-0.17086796401729287
2023-11-06,396,1.5490978473759467,1.715352492642721,-0.1662546452667741
2023-11-07,395,1.401054412128834,1.6574864263990186,-0.2564320142701848
2023-11-08,391,1.4426283473065453,1.6858391506860475,-0.24321080337950213
2023-11-09,399,1.6770755555021273,2.1174587453197016,-0.4403831898175745
2023-11-10,404,1.3945063833102163,1.5716308804922385,-0.17712449718202222
2023-11-13,409,1.4462174577132758,1.6791870732051888,-0.2329696154919127
2023-11-14,414,1.1939177634200338,1.2737608977730839,-0.07984313435304992
2023-11-15,387,1.1838079081812747,1.301789928820135,-0.11798202063886028
2023-11-16,403,1.4275292667219857,1.8110274187529911,-0.38349815203100535
2023-11-17,407,1.3999782804091212,1.5635236479990677,-0.16354536758994656
2023-11-20,407,1.3042620986575402,1.3724524921080494,-0.06819039345050933
2023-11-21,408,1.385103904711009,1.4871965071819098,-0.10209260247090084
2023-11-22,399,1.4222829796263834,1.400396588026176,0.021886391600207496
2023-11-24,402,1.4162165767123156,1.4690093510278226,-0.052792774315507
2023-11-27,404,1.4751710044502424,1.581656410943184,-0.10648540649294178
2023-11-28,399,1.576747446664958,1.7347984307277098,-0.1580509840627517
2023-11-29,407,1.8407764019671966,2.1051987316560505,-0.26442232968885404
2023-11-30,415,2.2950919332288597,2.5290839896940445,-0.23399205646518476
2023-12-01,411,1.6613547978524401,1.935854148294082,-0.27449935044164187
2023-12-04,407,1.5513336895198837,1.7455124047026886,-0.19417871518280475
2023-12-05,412,1.957802391564684,2.174122368424452,-0.2163199768597676
2023-12-06,410,1.5615913002461357,1.7568002670478438,-0.1952089668017082
2023-12-07,427,1.6580143352965047,1.8674734956065067,-0.20945916031000184
2023-12-08,430,1.5812078207211875,1.8482244954915859,-0.26701667477039825
2023-12-11,429,1.5685491618685412,1.883684744710109,-0.315135582841568
2023-12-12,429,1.6472808052638226,1.985849268674715,-0.3385684634108925
2023-12-13,413,1.225857615729743,1.616682625413786,-0.3908250096840429
2023-12-14,426,0.8404440992316735,0.8765373568522669,-0.03609325762059344
2023-12-15,432,0.9287593324593649,0.9676833156886588,-0.038923983229293885
2023-12-18,436,1.0250481213765008,0.9540773866336535,0.0709707347428473
2023-12-19,431,1.1080026033769974,0.9854300960459328,0.12257250733106453
2023-12-20,436,1.0309764520305826,1.041247522312726,-0.010271070282143602
2023-12-21,434,1.0013986266655026,1.0265032973251054,-0.025104670659602753
2023-12-22,428,1.0295602943130295,0.9956141270931044,0.03394616721992511
2023-12-26,429,1.0786726557778423,1.0252656284592427,0.05340702731859965
2023-12-27,431,1.1240412737540086,1.0984886074267843,0.025552666327224062
2023-12-28,446,1.1630299575189726,1.0998085042840087,0.06322145323496405
2023-12-29,457,1.203881362733734,1.133440355199545,0.07044100753418892
2024-01-02,458,1.3148046788342045,1.1950424760135072,0.1197622028206971
2024-01-03,453,1.31729430125211,1.29588739406456,0.02140690718754987
2024-01-04,456,1.4092219431615751,1.451682869705156,-0.0424609265435808
2024-01-05,456,1.5090597256541924,1.5400735837893196,-0.031013858135127224
2024-01-08,456,1.3477478487698642,1.3403835819900995,0.007364266779764744
2024-01-09,461,1.3773324067121442,1.3924307434755483,-0.0150983367634039
2024-01-10,461,1.3150476872110068,1.3577838364165327,-0.04273614920552584
2024-01-11,465,1.1756778049289673,1.2201049415566514,-0.044427136627684015
2024-01-12,469,1.2084920199432734,1.3220737551481938,-0.11358173520492057
2024-01-16,463,1.2703383915356445,1.3911199248570278,-0.12078153332138308
2024-01-17,455,1.1656094242499633,1.23210857037249,-0.06649914612252684
2024-01-18,458,1.304228879119002,1.4832678567506938,-0.179038977631692
2024-01-19,458,1.285003367094116,1.3701057738589957,-0.08510240676487957
2024-01-22,456,1.3244585269667635,1.3531138180425488,-0.028655291075785353
2024-01-23,456,1.2861877359925291,1.3724484773859167,-0.08626074139338767
2024-01-24,453,1.4339061758113798,1.4865339400288922,-0.05262776421751252
2024-01-25,442,1.5119628113932309,1.51813702772784,-0.0061742163346093365
2024-01-26,437,1.5911907587093947,1.6068731107590686,-0.01568235204967371
2024-01-29,436,1.4497938012389575,1.4682997223137744,-0.018505921074816835
2024-01-30,439,1.5222492457442212,1.466628077796014,0.055621167948207345
2024-01-31,438,1.7201182852783297,1.7038068158920907,0.016311469386238914
2024-02-01,423,1.6461318965925467,1.6941565795504117,-0.04802468295786515
2024-02-02,415,1.4865067492089452,1.5300854964888406,-0.04357874727989523
2024-02-05,410,1.430235038606878,1.3989347827990621,0.03130025580781571
2024-02-06,408,1.3116152199214248,1.3456996054872077,-0.03408438556578278
2024-02-07,400,1.385396179748127,1.5224033558002736,-0.13700717605214663
2024-02-08,405,1.3389629536843901,1.5196858072546735,-0.1807228535702833
2024-02-09,405,1.3184795335489035,1.4284632509681452,-0.10998371741924175
2024-02-12,405,1.3634243935819002,1.4255197186503041,-0.062095325068403956
2024-02-13,399,1.564799508248513,1.7052741059049912,-0.1404745976564781
2024-02-14,386,1.436629192768024,1.5408139532808505,-0.10418476051282655
2024-02-15,396,1.4325788940360564,1.4874870066529684,-0.05490811261691196
2024-02-16,405,1.6187015272295866,1.730200014515244,-0.11149848728565732
2024-02-20,405,1.6449835505618073,1.7111018948181933,-0.06611834425638605
2024-02-21,404,1.8043492993327785,1.94058730132625,-0.1362380019934713
2024-02-22,392,1.5639822753136157,1.6523341304945998,-0.08835185518098375
2024-02-23,392,1.407122187194278,1.469394404849216,-0.06227221765493815
2024-02-26,396,1.362545237963205,1.4279789728679189,-0.06543373490471385
2024-02-27,390,1.2971510308292176,1.3987520466232495,-0.101601015794032
2024-02-28,396,1.3373987821166313,1.4540615759249949,-0.11666279380836349
2024-02-29,385,1.173786995244138,1.2101523960674654,-0.03636540082332734
2024-03-01,391,1.226097255412495,1.2342193449483918,-0.008122089535896982
2024-03-04,390,1.2563842652508117,1.2416340857980952,0.014750179452716498
2024-03-05,397,1.2491609570399682,1.282520554831801,-0.03335959779183297
2024-03-06,396,1.2461658206063946,1.3532782826144212,-0.10711246200802652
2024-03-07,418,1.256872723344502,1.3449227914784496,-0.08805006813394747
2024-03-08,422,1.1987131770416326,1.5353658633833323,-0.3366526863416996
2024-03-11,423,1.2463371979282518,1.295642528694994,-0.04930533076674226
2024-03-12,431,1.183316773846091,1.2053950992378069,-0.022078325391715878
2024-03-13,410,1.0901407573541235,1.0768247885044162,0.013315968849707373
2024-03-14,436,1.2020982597558576,1.1508641337429246,0.051234126012932986
2024-03-15,436,1.1120637856766924,1.1428628361113307,-0.030799050434638233
2024-03-18,439,1.0334471560961114,1.0108960713878548,0.022551084708256387
2024-03-19,437,1.1184887381925384,1.0922503552629532,0.026238382929585063
2024-03-20,437,1.0992588764638949,1.0420116650887499,0.057247211375145074
2024-03-21,437,1.0904224361465384,1.0260447016065726,0.06437773453996587
2024-03-22,436,1.0065095979598162,0.9733866401132982,0.03312295784651793
2024-03-25,429,0.9762691389795941,0.9635753886407884,0.012693750338805748
2024-03-26,428,1.1041748783475809,1.044386043460568,0.05978883488701289
2024-03-27,450,1.2792039835852014,1.2006631149770433,0.07854086860815832
2024-03-28,452,1.6294284119557438,1.5013247725350647,0.1281036394206791
2024-04-01,453,1.6424899377550697,1.5316794479266684,0.11081048982840135
2024-04-02,454,1.5345770877601836,1.4323733963502026,0.10220369140998116
2024-04-03,457,1.6469483894836954,1.4426704985989507,0.20427789088474477
2024-04-04,458,1.4706272758501195,1.482006765334968,-0.011379489484848423
2024-04-05,456,1.6928050627420843,1.6912821685430912,0.0015228941989931342
2024-04-08,459,1.5519344312298502,1.4481524180780552,0.10378201315179492
2024-04-09,462,1.4034441141260554,1.308044553659798,0.09539956046625735
2024-04-10,462,1.2131785796023877,1.2176318221734734,-0.004453242571085719
2024-04-11,464,1.360833976647897,1.3685420048653278,-0.0077080282174307405
2024-04-12,470,1.181948827379496,1.1939982911474514,-0.012049463767955088
2024-04-15,466,1.2520855105445645,1.2675161836470763,-0.0154306731025117
2024-04-16,457,1.3456907355783598,1.3471223918022108,-0.00143165622385092
2024-04-17,455,1.3319161654588523,1.3221795681313915,0.009736597327460756
2024-04-18,458,1.4790732902721722,1.426056696806895,0.05301659346527694
2024-04-19,455,1.6356780028545506,1.5258075281103176,0.10987047474423287
2024-04-22,452,1.6995826357334443,1.5717481315321076,0.12783450420133652
2024-04-23,452,1.5076458237786494,1.4651733175395685,0.04247250623908107
2024-04-24,452,1.464587439515952,1.4170366010310305,0.04755083848492133
2024-04-25,440,1.4520043202507473,1.3849571639618248,0.06704715628892244
2024-04-26,430,1.458628053501433,1.4184209974750974,0.040207056026335626
2024-04-29,432,1.3250156732142808,1.3478260810593528,-0.022810407845071996
2024-04-30,429,1.5778158697340434,1.6538825423198216,-0.07606667258577791
2024-05-01,422,1.7927310462467276,1.7080044595816797,0.08472658666504779
2024-05-02,408,1.4545946780356083,1.423521916570432,0.03107276146517611
2024-05-03,407,1.3013039702070384,1.432043595451587,-0.13073962524454855
2024-05-06,407,1.2178472045636797,1.3036667128368977,-0.08581950827321799
2024-05-07,407,1.163220466145411,1.2021402584454417,-0.03891979230003074
2024-05-08,406,1.1835795185648117,1.2240161727303915,-0.04043665416558001
2024-05-09,408,1.2051196456305473,1.1220518304803377,0.08306781515020958
2024-05-10,411,1.2946150409927304,1.2353772389618696,0.0592378020308607
2024-05-13,415,1.4030973303899714,1.3316555880850507,0.07144174230492108
2024-05-14,423,1.529130534862198,1.3367606381112351,0.19236989675096305
2024-05-15,427,1.5681494139098566,1.3792597439735144,0.1888896699363422
2024-05-16,425,1.2875538598210157,1.1784210323327133,0.10913282748830254
2024-05-17,417,1.4261582817328273,1.2505715885503568,0.1755866931824704
2024-05-20,414,1.4344236914003132,1.270408407643402,0.16401528375691127
2024-05-21,415,1.3249065771110582,1.1779583200863346,0.14694825702472375
2024-05-22,414,1.2893054255766392,1.160598617627916,0.1287068079487234
2024-05-23,407,1.1851838757978086,1.164829474625943,0.020354401171865384
2024-05-24,404,1.1450043247437032,1.0662928689884716,0.07871145575523147
2024-05-28,403,1.1243830987828738,1.0936831200875665,0.03069997869530723
2024-05-29,401,1.168011673817342,1.1670057776647662,0.0010058961525758379
2024-05-30,404,1.1996339454670817,1.1947827565416724,0.004851188925409189
2024-05-31,393,1.392787907709386,1.3443035961988126,0.04848431151057354
2024-06-03,400,1.3366634009936598,1.3031825390453824,0.03348086194827718
2024-06-04,399,1.36884586456688,1.342362739454205,0.026483125112674984
2024-06-05,401,1.108362302652908,1.1011551137232436,0.007207188929664414
2024-06-06,400,1.0760823909172892,1.071559014344312,0.00452337657297696
2024-06-07,415,1.0066101266513388,1.0085519898699804,-0.0019418632186417684
2024-06-10,425,1.0031874270107237,1.0130204269146417,-0.009832999903917915
2024-06-11,425,0.9803543650568199,0.9899299920661518,-0.009575627009331893
2024-06-12,428,0.978433128180892,0.9997848309281974,-0.021351702747305225
2024-06-13,407,1.0651645595563017,1.0865171488528838,-0.021352589296581986
2024-06-14,428,1.0618496827370312,1.074691073770824,-0.012841391033792759
2024-06-17,435,1.0728638849848966,1.085545141001224,-0.012681256016327327
2024-06-18,442,1.085634231984518,1.088418155693506,-0.002783923708988011
2024-06-20,435,1.0790207702077266,1.0582953383454936,0.020725431862232937
2024-06-21,433,1.0609796025529201,1.0714286487248135,-0.010449046171893402
2024-06-24,432,1.2133561621148758,1.176557550003472,0.03679861211140383
2024-06-25,426,1.0605772853034443,1.061750192081453,-0.0011729067780086682
2024-06-26,424,1.0835937869274843,1.0878656028286302,-0.00427181590114596
2024-06-27,424,1.1571927984146686,1.1218096979832635,0.035383100431405044
2024-06-28,439,1.1552774038396292,1.1678342037312308,-0.012556799891601833
2024-07-01,448,1.7747181460128179,1.6614218239878924,0.11329632202492525
2024-07-02,449,1.7093867532417726,1.6530026122393622,0.05638414100241049
2024-07-03,450,1.623470584570296,1.5777386725886418,0.045731911981654105
2024-07-05,454,1.5565347240955894,1.5416948844037486,0.014839839691840832
2024-07-08,456,1.6339438672070579,1.627946500746175,0.005997366460882734
2024-07-09,459,1.5889055954944105,1.5667591127703402,0.022146482724070316
2024-07-10,464,1.5048673178295053,1.4890475637694847,0.01581975406002077
2024-07-11,467,1.545774159942218,1.5497088827643797,-0.0039347228221620015
2024-07-12,465,1.705874145297917,1.7212422808204466,-0.015368135522529842
2024-07-15,472,1.674591413107057,1.6767834312068914,-0.0021920180998346783
2024-07-16,471,1.8632169219481292,1.819678093497737,0.043538828450391934
2024-07-17,463,1.4517407697134437,1.449964655676089,0.0017761140373547752
2024-07-18,455,1.7422088857715938,1.728253015416573,0.013955870355020834
2024-07-19,457,2.138459599294107,2.1565739366931576,-0.018114337399050585
2024-07-22,456,2.5023394503498446,2.361499515395501,0.1408399349543431
2024-07-23,454,2.2531891488185423,2.0634663476250124,0.18972280119352977
2024-07-24,450,1.998358665174279,1.9819972755489543,0.016361389625324713
2024-07-25,450,1.6521376972359478,1.6222482176528175,0.029889479583130176
2024-07-26,446,1.6398567820809125,1.6169381424112461,0.022918639669666455
2024-07-29,435,1.6754671583006933,1.5447464343533692,0.13072072394732406
2024-07-30,434,1.5926943307479102,1.466586528206667,0.1261078025412433
2024-07-31,436,1.607935987363636,1.4741425074507135,0.13379347991292267
2024-08-01,426,1.2507186042408798,1.1923343657077612,0.05838423853311871
2024-08-02,414,1.4513435129991015,1.2756746091979683,0.17566890380113293
2024-08-05,411,2.0351012859508746,2.027631790744418,0.007469495206456617
2024-08-06,409,1.645555083598806,1.4469259473262792,0.19862913627252698
2024-08-07,407,1.998215468934842,1.7540197198425167,0.24419574909232503
2024-08-08,405,1.364204068819595,1.1935511072868366,0.1706529615327588
2024-08-09,408,1.5655145511275468,1.367496377381885,0.198018173745662
2024-08-12,415,1.614462568651658,1.456880329377403,0.1575822392742551
2024-08-13,412,1.3639071928218816,1.188959755436922,0.17494743738495974
2024-08-14,418,1.2624958656976024,1.0591526952922772,0.20334317040532518
2024-08-15,434,1.2293109204681045,1.0823677602234494,0.14694316024465504
2024-08-16,427,1.2886921665805777,1.1155961676138433,0.17309599896673464
2024-08-19,417,1.2944273243155102,1.188195082812921,0.10623224150258913
2024-08-20,413,1.3104719092905106,1.2168380026447694,0.09363390664574088
2024-08-21,413,1.304748637077262,1.232918956703717,0.0718296803735449
2024-08-22,402,1.3547852258347717,1.2933006840120644,0.0614845418227073
2024-08-23,399,1.42438127301032,1.379268253383667,0.045113019626652824
2024-08-26,398,1.4436377117746602,1.3626341136942521,0.08100359808040818
2024-08-27,399,1.3030705793619914,1.1686894625344069,0.1343811168275847
2024-08-28,395,1.2269590883925132,1.2166633081963552,0.010295780196158007
2024-08-29,375,1.2097686757461483,1.220902077008551,-0.011133401262402842
2024-08-30,382,1.2520507515458579,1.2650347961300947,-0.012984044584236692
2024-09-03,392,1.2443596572497042,1.2699739719012355,-0.025614314651531356
2024-09-04,399,1.2514102898206063,1.2706509211828851,-0.01924063136227869
2024-09-05,403,1.532076611120837,1.454056442138489,0.07802016898234812
2024-09-06,412,1.8006296994494688,1.771349645132243,0.029280054317225947
2024-09-09,417,1.661394770707198,1.6017420794538517,0.05965269125334652
2024-09-10,422,1.7385951511772253,1.7736479003118641,-0.035052749134638905
2024-09-11,425,1.4378124856554941,1.469495977072881,-0.031683491417386876
2024-09-12,426,1.5270816911001623,1.5234777633124386,0.0036039277877239007
2024-09-13,443,1.3253685533558712,1.3391387943129636,-0.013770240957092282
2024-09-16,439,1.1816717427035384,1.1835092527512219,-0.0018375100476833903
2024-09-17,437,1.0525460661461394,1.0610573476184688,-0.00851128147232939
2024-09-18,436,1.1203151131800066,1.1296155914531556,-0.009300478273149169
2024-09-19,437,1.1556254813094236,1.1424696191756172,0.013155862133806434
2024-09-20,433,1.1495170245821724,1.1734533659089417,-0.023936341326769126
2024-09-23,432,1.184354676806904,1.1632960870867368,0.02105858972016703
2024-09-24,431,1.0423622945506248,1.0417304808567955,0.000631813693829403
2024-09-25,429,1.0717532671227459,1.070283605303816,0.001469661818929885
2024-09-26,424,1.1208493222550409,1.1226598349366346,-0.001810512681593691
2024-09-27,427,1.1600304648115487,1.1655763596067292,-0.005545894795180661
2024-09-30,447,1.1278463630772018,1.1501052107054346,-0.02225884762823269
2024-10-01,451,1.1193644254878665,1.123345096504753,-0.003980671016886315
2024-10-02,453,1.150299300268189,1.1745305491599245,-0.024231248891735512
2024-10-03,454,1.2787547018447987,1.3895978559992639,-0.1108431541544652
2024-10-04,458,1.1811450510109336,1.2583065957407555,-0.07716154472982202
2024-10-07,459,1.219706993162763,1.2936471314832416,-0.07394013832047855
2024-10-08,459,1.1175012684082368,1.1763678165882654,-0.058866548180028476
2024-10-09,460,1.1272516568651465,1.1305526180209038,-0.0033009611557572407
2024-10-10,469,1.207731847280223,1.210661777209829,-0.00292992992960621
2024-10-11,469,1.1765781854154753,1.1505369810333115,0.02604120438216389
2024-10-14,468,1.1933039186190282,1.1709434272224688,0.022360491396559486
2024-10-15,474,1.2684306563914114,1.2232943877615952,0.045136268629816303
2024-10-16,474,1.413919647683548,1.3357577671724434,0.07816188051110455
2024-10-17,467,1.7041861184536626,1.5748924967529117,0.12929362170075112
2024-10-18,465,1.7534301171146693,1.6496832883776984,0.10374682873697079
2024-10-21,459,1.6042956627441423,1.5692659164670357,0.03502974627710647
2024-10-22,458,1.4415818826982165,1.4048387071518744,0.03674317554634212
2024-10-23,458,2.1409452314471142,2.0914154448502886,0.04952978659682503
2024-10-24,454,2.0648558603219973,1.964627904486784,0.10022795583521313
2024-10-25,443,2.214692580109454,2.096235329049335,0.11845725106011878
2024-10-28,444,2.384883602140509,2.268003162328326,0.11688043981218263
2024-10-29,438,2.343211554643218,2.222486591356403,0.12072496328681484
2024-10-30,429,2.2693690518854965,2.117844431639971,0.15152462024552488
2024-10-31,427,2.161674608115263,2.009249463912055,0.15242514420320818
2024-11-01,412,2.126959954727758,2.150404481834881,-0.023444527107123084
2024-11-04,408,2.2413339210915746,2.271017148788828,-0.029683227697253654
2024-11-05,408,2.0793603058423495,2.096348168916963,-0.016987863074613165
2024-11-06,405,1.7087494966208419,1.6762379711557693,0.032511525465072535
2024-11-07,401,1.570372391922736,1.5371707394804277,0.03320165244230805
2024-11-08,407,1.429981518515209,1.3745297641273129,0.055451754387896283
2024-11-11,403,1.3113908802990772,1.228269652120093,0.08312122817898433
2024-11-12,405,1.3325574225937982,1.2677698318600346,0.06478759073376374
2024-11-13,410,1.3554521929418357,1.31044609517954,0.045006097762295555
2024-11-14,401,1.3437046119580167,1.2463330964070338,0.09737151555098278
2024-11-15,405,1.4388885904453224,1.260327088281884,0.17856150216343863
2024-11-18,413,1.3003545577763511,1.1717761988061475,0.12857835897020384
2024-11-19,410,1.3596865079767093,1.2409139443016424,0.11877256367506706
2024-11-20,407,1.2744477718249203,1.1686488810350066,0.10579889078991374
2024-11-21,399,1.3181031650335469,1.2268887797809416,0.09121438525260558
2024-11-22,396,1.3113157894063938,1.2328018717065494,0.07851391769984456
2024-11-25,395,1.4013859687803114,1.3334577698782206,0.06792819890209065
2024-11-26,396,1.470266316475651,1.3532165213221519,0.1170497951534992
2024-11-27,401,1.5445321625681026,1.421698169135484,0.1228339934326187
2024-11-29,398,1.6825918077262088,1.5658329712922532,0.11675883643395561
2024-12-02,403,1.743733109057602,1.725348760651513,0.018384348406089043
2024-12-03,401,1.7211994011825804,1.6249143122525225,0.09628508893005779
2024-12-04,403,2.278568949578644,2.1341565681532786,0.14441238142536536
2024-12-05,410,2.347002294726144,1.9882572621360333,0.358745032590111
2024-12-06,417,1.9116840909402961,1.6523681298528137,0.25931596108748256
2024-12-09,426,1.7243003177799434,1.6254583845633277,0.09884193321661558
2024-12-10,431,1.4210503423139038,1.3589449488027545,0.06210539351114912
2024-12-11,430,1.3568824382296554,1.2562487925327015,0.10063364569695384
2024-12-12,423,1.3671682087389647,1.272662152813283,0.09450605592568158
2024-12-13,441,1.432695965847559,1.335762152690068,0.09693381315749103
2024-12-16,436,1.3226238032603808,1.3128134120930084,0.009810391167372177
2024-12-17,432,1.2594483266340393,1.301146174119515,-0.041697847485475475
2024-12-18,429,0.945668226567692,1.220229384279393,-0.274561157711701
2024-12-19,427,1.0235352123060555,1.087397281390387,-0.06386206908433147
2024-12-20,433,1.0567557645199193,1.0563127000492927,0.0004430644706266056
2024-12-23,434,0.9716544250950683,0.9366222130722464,0.035032212022821835
2024-12-24,424,1.373020176746311,1.4674175685848883,-0.09439739183857712
2024-12-26,427,1.3236485200299402,1.7323923206066634,-0.4087438005767232
2024-12-27,432,1.2059250409161,1.310080382084377,-0.10415534116827689
2024-12-30,431,1.2647897912815722,1.3040476419770184,-0.03925785069544607
2024-12-31,448,1.4026868971089292,1.3803383420423878,0.02234855506654135
2025-01-02,454,1.4962976048917342,1.3961150059009788,0.10018259899075563
2025-01-03,457,1.5324201870958964,1.3454259050910446,0.18699428200485166
2025-01-06,457,1.4649610071981811,1.3654576979525337,0.09950330924564722
2025-01-07,459,1.6391092971083094,1.4545749822761413,0.18453431483216803
2025-01-08,457,1.4874450371524164,1.357764364117722,0.12968067303469433
2025-01-10,466,1.9131455877948123,1.6385704291554155,0.27457515863939685
2025-01-13,467,1.6042773061931215,1.4614951252361876,0.14278218095693404
2025-01-14,468,1.3890309059919128,1.5132409853005657,-0.12421007930865309
2025-01-15,471,1.4398737924886609,1.5351293700510618,-0.09525557756240087
2025-01-16,465,1.312355822373169,1.5384889435541882,-0.22613312118101944
2025-01-17,459,1.4001447187400649,1.419142524405373,-0.01899780566530819
2025-01-21,461,1.4681699743144454,1.4370768078152139,0.03109316649923161
2025-01-22,462,1.5042343268393175,1.4954867719990326,0.008747554840285204
2025-01-23,463,1.5884672085754847,1.5643756815193133,0.02409152705617145
2025-01-24,454,1.6223725090819072,1.5863584256438403,0.036014083438066835
2025-01-27,447,1.7486934270383208,1.687225811574082,0.06146761546423884
2025-01-28,445,1.5987559419761856,1.5688095304632832,0.02994641151290267
2025-01-29,442,1.6718827645780034,1.597375562117488,0.0745072024605153
2025-01-30,442,1.7731801645364271,1.6795381054391858,0.09364205909724145
2025-01-31,422,1.8608528757729905,1.8083757639372533,0.052477111835737326
2025-02-03,419,1.9171641631335588,1.9442398347753471,-0.027075671641788236
2025-02-04,417,1.8158176461324553,1.9018727938619335,-0.08605514772947795
2025-02-05,414,1.7665111295755191,1.7538742898781126,0.012636839697406574
2025-02-06,404,1.8253591585255395,1.7969127512947085,0.028446407230831174
2025-02-07,407,1.7683393129907214,1.74778862160076,0.02055069138996127
2025-02-10,410,1.824634197514623,1.7610000192407833,0.06363417827383966
2025-02-11,407,1.5649074083854497,1.4462722043815863,0.11863520400386353
2025-02-12,408,1.6623794623638555,1.571340921435995,0.09103854092786051
2025-02-13,392,1.622757756506933,1.672510907372155,-0.04975315086522191
2025-02-14,402,2.06781343203012,2.040572694783029,0.027240737247090696
2025-02-18,411,2.310360174970928,2.2302585111383126,0.08010166383261538
2025-02-19,406,2.08043258371999,2.048494023637838,0.03193856008215218
2025-02-20,405,2.2258406344108628,2.2088259758005955,0.017014658610267422
2025-02-21,398,1.8473966721493171,1.8521323226926605,-0.004735650543343152
2025-02-24,387,2.2687565369680263,2.2891186384186817,-0.020362101450655604
2025-02-25,388,2.129423072191822,1.8479466770098558,0.2814763951819664
2025-02-26,386,2.1165615103095603,1.8173983302731322,0.2991631800364279
2025-02-27,385,2.3366280055987207,2.2811846873281416,0.05544331827057927
2025-02-28,373,2.087306791041997,1.8511658982559125,0.23614089278608466
2025-03-03,382,1.6286006162805584,1.4674400431056926,0.1611605731748659
2025-03-04,380,1.482797978883064,1.4486144523502051,0.034183526532858714
2025-03-05,386,1.436380027590795,1.3649362730847212,0.07144375450607383
2025-03-06,386,1.3895314331318038,1.4341812946553691,-0.04464986152356541
2025-03-07,399,1.461955436103821,1.396609766260959,0.06534566984286204
2025-03-10,417,1.6790090373587587,1.5758200314717024,0.10318900588705654
2025-03-11,419,1.5138367251397866,1.4408140644429477,0.07302266069683894
2025-03-12,426,1.2262236995928404,1.1990147091255743,0.027208990467266145
2025-03-13,430,1.3148840968584694,1.1915831344186605,0.12330096243980879
2025-03-14,455,1.100738787129977,1.1967557649791334,-0.0960169778491563
2025-03-17,442,1.184915109862409,1.2480648925270277,-0.06314978266461835
2025-03-18,442,1.184176592347906,1.172942583371756,0.011234008976150199
2025-03-19,442,1.1503795018389738,1.1176936830127915,0.032685818826182184
2025-03-20,443,2.165498318108832,2.4106529794622356,-0.24515466135340375
2025-03-21,441,3.4399920276194442,3.785612159305565,-0.3456201316861209
2025-03-24,439,4.092963745352959,4.564878315537431,-0.4719145701844721
2025-03-25,441,4.726056288625311,5.264098830650359,-0.5380425420250476
2025-03-26,440,2.114309198669555,2.264265520885906,-0.14995632221635063
2025-03-27,432,3.0992754995888414,3.2717062085826902,-0.17243070899384857
2025-03-28,435,2.372679347550426,2.5581700570889234,-0.18549070953849753
2025-03-31,457,2.2539358145084307,2.2843181016621443,-0.03038228715371381
2025-04-01,460,2.3072941104874447,2.2843006484731525,0.022993462014292546
2025-04-02,460,2.891563877310258,2.886831889951514,0.004731987358743712
2025-04-03,458,1.5387405393445721,1.6025086695986053,-0.06376813025403329
2025-04-04,460,1.4986144163713384,2.042795912606132,-0.5441814962347935
2025-04-07,461,1.7372014655305987,3.4948337187534966,-1.7576322532228983
2025-04-08,459,2.403314187593433,4.7306981351889705,-2.3273839475955365
2025-04-09,460,1.5852902453373412,2.9355251812261582,-1.350234935888817
2025-04-10,467,1.9677984264601098,1.8489022658262826,0.11889616063382767
2025-04-11,469,1.8311582497314556,1.8509163908862676,-0.01975814115481196
2025-04-14,469,1.780747972430074,1.9214842825039342,-0.14073631007385984
2025-04-15,463,1.78130075113333,1.7588068703068522,0.022493880826477804
2025-04-16,460,2.0481440875088373,1.6149377580086095,0.433206329500228
2025-04-17,462,2.255878971560959,2.080392786415769,0.17548618514518954
2025-04-21,460,2.698883672869522,2.395407744492571,0.303475928376951
2025-04-22,460,2.1423608564268806,1.7422959797032704,0.40006487672361013
2025-04-23,461,1.9851454580540902,1.65877811144836,0.32636734660573
2025-04-24,460,1.8134762433923797,1.6698095839664215,0.1436666594259581
2025-04-25,451,1.7950799395782346,1.4291068562148435,0.365973083363391
2025-04-28,443,2.1916021850687506,1.9152914925479199,0.27631069252083085
2025-04-29,441,2.387384612591666,2.3387482451514394,0.04863636744022593
2025-04-30,443,2.4872776243988453,2.214983426467504,0.27229419793134113
2025-05-01,435,2.3272063589290353,2.0639486062442294,0.26325775268480595
2025-05-02,421,2.0388968484148413,1.7660862430455575,0.27281060536928387
2025-05-05,413,1.9775296515543326,1.846943230982396,0.13058642057193667
2025-05-06,412,2.008331810943192,1.803424666866387,0.20490714407680474
2025-05-07,408,1.6551076581730229,1.5186428527959557,0.13646480537706704
2025-05-08,403,1.386682247726015,1.4423092471511818,-0.05562699942516669
2025-05-09,400,1.3041608003431862,1.4091147283429093,-0.10495392799972328
2025-05-12,402,1.2784548395817907,1.356240727113349,-0.07778588753155827
2025-05-13,401,1.2703117862201687,1.3233475533773702,-0.05303576715720139
2025-05-14,404,1.2669663841695398,1.3281590017696747,-0.06119261760013475
2025-05-15,398,1.2681583530530154,1.203193641465999,0.06496471158701653
2025-05-16,398,1.3629992060176699,1.3797380104150985,-0.01673880439742867
2025-05-19,409,1.2447560193798723,1.2971073174060164,-0.052351298026143904
2025-05-20,405,1.2370853616571302,1.302611478863017,-0.0655261172058868
2025-05-21,407,1.2449503473579455,1.352094952354777,-0.10714460499683143
2025-05-22,399,1.2958380473711513,1.7280830792049213,-0.4322450318337701
2025-05-23,405,1.3319951260176135,1.9987842642164615,-0.666789138198848
2025-05-27,402,1.2561587557941287,1.3359035762403104,-0.07974482044618171
2025-05-28,403,1.269376503311312,1.4303146244416716,-0.16093812113035963
2025-05-29,406,1.250634821046451,1.431454383906086,-0.18081956285963502
2025-05-30,400,1.3345492218199855,1.4636578624251237,-0.1291086406051382
2025-06-02,404,1.4021828109631402,1.7741688114601624,-0.3719860004970224
2025-06-03,402,1.3157814954061955,1.4979562588646897,-0.18217476345849404
2025-06-04,401,1.335906594361707,1.5030713505981608,-0.1671647562364539
2025-06-05,402,1.3073151122262836,1.5404006853045402,-0.23308557307825656
2025-06-06,412,1.1904666367178847,1.3546668463054516,-0.1642002095875672
2025-06-09,419,1.1482388903565863,1.4005769285838063,-0.25233803822721995
2025-06-10,427,1.2016496505900138,1.4365586396980399,-0.23490898910802605
2025-06-11,427,1.2497503503112322,1.4279465779985934,-0.17819622768736126
2025-06-12,422,1.2780062157092664,1.4329453163425188,-0.15493910063325245
2025-06-13,427,1.538650163316052,1.60694836361272,-0.06829820029666811
2025-06-16,433,1.285830398722721,1.4306123329085096,-0.1447819341857887
2025-06-17,436,1.73465921748367,1.9577970781869771,-0.22313786070330702
2025-06-18,435,1.7577798315830695,2.2093743418181417,-0.45159451023507224
2025-06-20,433,1.5541210141102098,1.6585567101170107,-0.10443569600680094
2025-06-23,434,1.464668704792861,1.6442678218237137,-0.17959911703085232
2025-06-24,435,1.3464958766423745,1.6066764724744584,-0.26018059583208386
2025-06-25,429,1.605411328293979,1.7735214864732634,-0.16811015817928443
2025-06-26,430,1.3379984641109601,1.5362557419825071,-0.19825727787154698
2025-06-27,436,1.2289814815630888,1.4525829837671884,-0.22360150220409966
2025-06-30,450,1.2008613738188199,1.3319836358780281,-0.13112226205920832
2025-07-01,458,1.1899785200476944,1.3125051408770783,-0.12252662082938393
2025-07-02,459,1.1110980091849596,1.3622626299954477,-0.251164620810488
2025-07-03,462,1.1400080285819376,1.3227210213575595,-0.1827129927756219
2025-07-07,463,1.139690436124092,1.3239472143749744,-0.18425677825088255
2025-07-08,463,1.2251124122377914,1.4493217102229052,-0.22420929798511371
2025-07-09,463,1.2248449024463366,1.4698806255597092,-0.2450357231133725
2025-07-10,470,1.2770281519168623,1.4289733979800694,-0.15194524606320736
2025-07-11,469,1.3796852527656178,1.5200615964921218,-0.14037634372650393
2025-07-14,470,1.3072469962804538,1.5287442213676896,-0.2214972250872358
2025-07-15,475,1.4452255680539925,1.6610028924099387,-0.21577732435594618
2025-07-16,473,1.4635039245460117,1.5040393416537428,-0.040535417107731044
2025-07-17,464,1.573325843327286,1.5531066205387103,0.020219222788575738
2025-07-18,462,1.6549959499901168,1.5614346889132327,0.09356126107688412
2025-07-21,463,1.7693640297243107,1.735863958227472,0.03350007149683882
2025-07-22,462,1.879246276173028,1.7759481465141933,0.10329812965883459
2025-07-23,462,1.989475981197905,1.8115024260194348,0.17797355517847047
2025-07-24,460,1.920750330100266,1.7763555474315151,0.14439478266875097
2025-07-25,454,2.03836215142033,1.8666988112508478,0.17166334016948187
2025-07-28,447,2.063087921790853,1.8924573669463378,0.17063055484451486
2025-07-29,445,1.890096600058583,1.8196928147690725,0.0704037852895104
2025-07-30,440,1.7361130583577233,1.79198183152525,-0.055868773167526746
2025-07-31,439,1.6124207556898167,1.5879674504837273,0.024453305206089255
2025-08-01,425,1.562647671119244,1.5827711047607296,-0.020123433641485448
2025-08-04,415,1.483026387315541,1.554808512359432,-0.07178212504389095
2025-08-05,413,1.4227846003988687,1.5598144201370872,-0.13702981973821848
2025-08-06,408,1.397771242661014,1.417674118189914,-0.019902875528899848
2025-08-07,406,1.2834340923141037,1.2734631771172258,0.009970915196877922
2025-08-08,408,1.5065016155550264,1.458365197203384,0.04813641835164254
2025-08-11,410,1.473868774835767,1.4905937154620776,-0.016724940626310594
2025-08-12,410,1.2930054540628317,1.2860009917361102,0.007004462326721811
2025-08-13,417,1.2169500775045057,1.1725928478210033,0.044357229683502246
2025-08-14,424,1.248996283942906,1.2314405461864186,0.01755573775648746
2025-08-15,429,1.2930767299673622,1.243188461686086,0.049888268281276286
2025-08-18,418,1.3320776567583947,1.2838481665218422,0.04822949023655219
2025-08-19,416,1.3246519409937254,1.2821664985867056,0.04248544240702015
2025-08-20,414,1.434396280891033,1.4382622020613387,-0.003865921170305883
2025-08-21,401,1.4672857683500158,1.5469506929944088,-0.07966492464439308
2025-08-22,403,1.4665100893991463,1.421213325662881,0.04529676373626531
2025-08-25,403,1.4199510467323664,1.357914767268916,0.06203627946345047
2025-08-26,398,1.396034322773807,1.3400608254687731,0.055973497305034044
2025-08-27,394,1.3802626402964073,1.4319497277872248,-0.05168708749081769
2025-08-28,389,1.3541620697059726,1.3483037404789255,0.005858329227047248
2025-08-29,383,1.581511233956781,1.5645422637249473,0.016968970231833608
2025-09-02,399,1.516267893174897,1.565572538678247,-0.04930464550334998
2025-09-03,404,1.37801215485106,1.5939073746858194,-0.21589521983475976
2025-09-04,409,1.4361207035524517,1.5143225983142317,-0.07820189476178004
2025-09-05,425,1.4554007523591515,1.5106526009624093,-0.05525184860325793
2025-09-08,425,1.49785524730378,1.529323837616535,-0.031468590312754924
2025-09-09,430,1.3941997430722666,1.4967063954555497,-0.10250665238328312
2025-09-10,437,1.2087734642087147,1.3445880644914652,-0.13581460028275064
2025-09-11,438,1.3899080737331395,1.3333732597913506,0.05653481394178884
2025-09-12,441,1.230384931509554,1.40224183901818,-0.1718569075086257
2025-09-15,463,1.1681223040873432,1.3876404063646566,-0.2195181022773134
2025-09-16,447,1.2702270947267262,1.494453614577224,-0.22422651985049763
2025-09-17,441,1.4604529290574928,1.5788322694842993,-0.11837934042680663
2025-09-18,441,1.3320600353776184,1.4329119654222915,-0.10085193004467322
2025-09-19,434,1.3609552109890268,1.483807853453133,-0.12285264246410603
2025-09-22,437,1.3780834022043518,1.4161160678924274,-0.03803266568807569
2025-09-23,435,1.3307000061293617,1.3524298549748757,-0.021729848845513957
2025-09-24,436,1.3867715966934988,1.4303791805549342,-0.04360758386143523
2025-09-25,435,1.4401357366916128,1.4504013100878619,-0.010265573396248956
2025-09-26,432,1.6053480788845642,1.5093090890603473,0.09603898982421685
2025-09-29,434,1.4434634023422945,1.387763011667154,0.05570039067514029
2025-09-30,455,1.2231557665675887,1.2140196245102794,0.009136142057309145
2025-10-01,459,1.204010077289375,1.219572054186926,-0.01556197689755118
2025-10-02,461,1.393961710220934,1.2843160253301333,0.10964568489080088
2025-10-03,465,1.3275447520727435,1.2214244736866706,0.10612027838607276
2025-10-06,465,1.178008016727617,1.1890863644625234,-0.011078347734906256
2025-10-07,466,1.1209235317728639,1.2283270134825282,-0.10740348170966442
2025-10-08,463,1.1592649773651789,1.1580844540882156,0.0011805232769633589
2025-10-09,466,1.1683229110541438,1.2114078495873324,-0.043084938533188705
2025-10-10,472,1.5030779773497196,1.5126025256936952,-0.009524548343975734
2025-10-13,471,1.4008038875483253,1.5014856959215814,-0.1006818083732562
2025-10-14,473,1.4687472713299694,1.5756813273808865,-0.10693405605091699
2025-10-15,476,1.6838574752983124,1.663335018124559,0.02052245717375334
2025-10-16,475,1.640989936680377,1.6178125665373502,0.02317737014302682
2025-10-17,469,1.724548749355626,1.686285442652726,0.03826330670290002
2025-10-20,464,1.907818220237634,1.8144415485552186,0.0933766716824153
2025-10-21,462,1.8799096240919912,1.7119662372426865,0.16794338684930488
2025-10-22,461,1.9814710789561443,1.8582132095666188,0.12325786938952538
2025-10-23,462,2.100685435336269,1.915660095524295,0.18502533981197394
2025-10-24,454,1.9083178198506119,1.7601957590541324,0.14812206079647955
2025-10-27,445,2.0093447496077865,1.8592738774107251,0.15007087219706144
2025-10-28,446,1.855254568927675,1.8126762870137696,0.04257828191390537
2025-10-29,441,1.7094128928407906,1.7358887299096877,-0.026475837068896925
2025-10-30,433,1.5509131874301496,1.5500753867139214,0.0008378007162281458
2025-10-31,421,1.557185020726963,1.532192360561111,0.02499266016585206
2025-11-03,410,1.678591334326496,1.6579770498775799,0.020614284448915984
2025-11-04,408,1.5436905994391008,1.5282341171023637,0.0154564823367372
2025-11-05,404,1.5209165363143378,1.4962234887440067,0.024693047570331358
2025-11-06,398,1.567846353145898,1.6040869888272031,-0.03624063568130524
2025-11-07,401,1.4336607585967653,1.3839848898976155,0.049675868699149896
2025-11-10,405,1.3945152098967275,1.3555900086032135,0.03892520129351368
2025-11-11,400,1.3077280916387042,1.285537348537551,0.02219074310115332
2025-11-12,403,1.2474342366533975,1.2372711280550799,0.010163108598317528
2025-11-13,400,1.227876172808331,1.2695393086461528,-0.041663135837821844
2025-11-14,402,1.241178122365291,1.228443283421401,0.012734838943889975
2025-11-17,415,1.443423790093409,1.414977792739288,0.02844599735412121
2025-11-18,413,1.7025583621882614,1.7343899621023147,-0.0318315999140534
2025-11-19,415,1.6710260477124639,1.774168931974203,-0.10314288426173897
2025-11-20,401,2.1630607718655206,2.0134970826796774,0.14956368918584298
2025-11-21,404,1.7842513184406674,1.7862067040874285,-0.001955385646761171
2025-11-24,407,1.7238410551788734,1.7555184068459124,-0.03167735166703881
2025-11-25,406,1.8524810909459115,1.8577725835097807,-0.005291492563869374
2025-11-26,408,1.7730240128550214,1.8013982113237983,-0.028374198468777072
2025-11-28,412,1.5951309058902612,1.6894850002439525,-0.09435409435369137
2025-12-01,410,1.518311802049905,1.6489334208215745,-0.1306216187716698
2025-12-02,408,1.4468401187776194,1.5424229553051862,-0.09558283652756676
2025-12-03,410,1.3644765598274866,1.3744698208627115,-0.009993261035224759
2025-12-04,412,1.3377111232098629,1.3700645612028162,-0.032353437992953336
2025-12-05,427,1.27999358348355,1.3169162200984155,-0.03692263661486523
2025-12-08,429,1.3138041720813824,1.449040839834931,-0.1352366677535486
2025-12-09,430,1.2261323161328983,1.349924534589664,-0.12379221845676568
2025-12-10,435,1.1587925296222203,1.2210811719869772,-0.062288642364756834
2025-12-11,429,1.0342286468913366,1.0675454167365757,-0.03331676984523897
2025-12-12,433,0.9460994451305605,1.0223947630640902,-0.07629531793352955
2025-12-15,454,0.892038217846125,0.9486241177351864,-0.056585899889061445
2025-12-16,443,0.8882918777089791,0.8991298885653396,-0.010838010856360485
2025-12-17,430,1.028676674311902,1.127662448041103,-0.09898577372920102
2025-12-18,431,1.122794138781986,1.2896545052948485,-0.16686036651286257
2025-12-19,432,1.1751461009489819,1.313128192339333,-0.1379820913903511
2025-12-22,434,1.0543910304023039,1.145617707557329,-0.09122667715502537
2025-12-23,436,1.1552371999132853,1.3449299219612845,-0.18969272204799925
2025-12-24,430,1.3049933431056187,1.3538757441449865,-0.048882401039367716
2025-12-26,434,1.3420008566449892,1.4108427634804588,-0.06884190683546951
2025-12-29,438,1.5273553062612166,1.5590076392455812,-0.03165233298436446
2025-12-30,439,1.702026374548248,1.700973994006494,0.0010523805417540517
2025-12-31,453,2.0125592855167715,1.8777066717780888,0.1348526137386831
2026-01-02,464,1.6639562639805132,1.7667957832916172,-0.10283951931110397
2026-01-05,461,1.5492870971192112,1.5396162105328945,0.009670886586316747
2026-01-06,463,1.6195623338967917,1.6228410766673298,-0.003278742770538197
2026-01-07,462,1.6795346900608545,1.7416217896817519,-0.0620870996208974
2026-01-08,458,1.5340548398020595,1.5874311440457094,-0.053376304243650065
2026-01-09,465,1.4206153903746603,1.4773482507939313,-0.05673286041927091
2026-01-12,469,1.56451075095416,1.6014642050716796,-0.0369534541175197
2026-01-13,467,1.4881333726057615,1.5105866826444507,-0.02245331003868943
2026-01-14,466,1.593456023102366,1.5877565960627946,0.00569942703957148
2026-01-15,461,1.5605161004462142,1.4971674752571733,0.06334862518904098
2026-01-16,463,1.5785091177357162,1.5678952041357077,0.010613913600008403
2026-01-20,466,1.9970346878224814,2.021216451543898,-0.024181763721416758
2026-01-21,465,2.130130320708526,2.1224089460134787,0.007721374695046754
2026-01-22,465,2.496782467700662,2.426174548725023,0.070607918975639
2026-01-23,462,2.6554334766778456,2.6864987842704213,-0.031065307592575562
2026-01-26,456,2.634872789049219,2.661887891985933,-0.0270151029367139
2026-01-27,451,2.523233303089322,2.62100833301479,-0.09777502992546792
2026-01-28,449,2.9310017743874286,3.11395341846505,-0.1829516440776216
2026-01-29,449,2.8109416838255497,2.7892862498433773,0.021655433982172803
2026-01-30,434,2.690796271546828,2.7044409374058125,-0.013644665858984852
2026-02-02,422,2.6051440723970147,2.6021423171109572,0.0030017552860576407
2026-02-03,418,1.9029776933245484,1.8529634977387237,0.05001419558582451
2026-02-04,415,1.8437010814770955,1.8050962369138157,0.038604844563279984
2026-02-05,409,1.878388733110276,1.8286237350093595,0.04976499810091642
2026-02-06,408,1.955551086794406,1.953003123125052,0.002547963669353843
2026-02-09,409,1.9356532975011151,1.9013815567091126,0.03427174079200247
2026-02-10,407,1.8634789430144951,1.8202834832053265,0.04319545980916864
2026-02-11,410,1.5884189082817881,1.5105833610840393,0.07783554719774875
2026-02-12,394,1.7991695349337877,1.7568622797691997,0.042307255164587776
2026-02-13,400,1.708056198244071,1.6304090633698356,0.07764713487423522
2026-02-17,414,1.6455688311760366,1.5961504704823137,0.049418360693723136
2026-02-18,412,1.6395829033210954,1.554316270864375,0.08526663245672067
2026-02-19,410,1.6379622620881809,1.5379129690290814,0.1000492930590994
2026-02-20,397,2.017484577509917,1.9304596377091892,0.08702493980072787
2026-02-23,393,1.8884651962146168,1.8703496743547772,0.01811552185983963
2026-02-24,384,1.8769046775192575,1.802417182193315,0.07448749532594236
2026-02-25,383,1.9369568258970267,1.9299001284807313,0.007056697416295322
2026-02-26,383,2.4393331754907037,2.3776722575678613,0.06166091792284227
2026-02-27,380,2.400266453637747,2.4001936045662458,7.284907150103957e-05
2026-03-02,383,2.089526660907893,1.99824114422871,0.09128551667918287
2026-03-03,378,1.8381142371816688,1.8434367417302986,-0.005322504548629844
2026-03-04,385,2.108336396466794,2.0740790875074766,0.03425730895931779
2026-03-05,389,1.9977194324361034,2.0413730553729366,-0.04365362293683338
2026-03-06,406,1.9419230847163598,1.9964467913421544,-0.05452370662579481
2026-03-09,416,1.7171411175497384,1.8025729105905768,-0.08543179304083856
2026-03-10,427,1.6953831987777357,1.7902654999884053,-0.09488230121066957
2026-03-11,432,1.4736979507939763,1.5366307864871405,-0.0629328356931642
2026-03-12,433,1.38526503704788,1.4508897141737234,-0.06562467712584341
2026-03-13,450,1.5582346560985771,1.5906751388536635,-0.03244048275508623
2026-03-16,463,1.635329716787944,1.5544303974215419,0.08089931936640213
2026-03-17,449,1.3361414472856472,1.3119278535027266,0.02421359378292064
2026-03-18,444,1.239629317052088,1.2721354957181226,-0.03250617866603434
2026-03-19,438,1.2466339134169482,1.3559405027700675,-0.10930658935311939
2026-03-20,438,1.3392186044227308,1.4428285777428935,-0.10360997332016282
2026-03-23,437,1.3041844752056737,1.4411817533832771,-0.13699727817760338
2026-03-24,440,1.4652993773131895,1.6452441725701685,-0.17994479525697926
2026-03-25,437,1.6130651485963325,1.7078798541372524,-0.09481470554091957
2026-03-26,432,1.9550686571707379,1.9070015485023248,0.04806710866841309
2026-03-27,436,2.385438805463762,2.1922534450832045,0.19318536038055756
2026-03-30,436,2.879075662554403,2.559408679787123,0.31966698276728023
2026-03-31,454,1.988776271264847,2.026448489174067,-0.0376722179092201
2026-04-01,458,1.7895100943698974,1.8845456254068265,-0.09503553103692913
2026-04-02,464,2.1686229352414474,2.3314223312720372,-0.16279939603058982
2026-04-06,464,2.1672322351320417,2.2270003582040725,-0.059768123072030915
2026-04-07,466,2.122164963116001,2.186315618723505,-0.06415065560750378
2026-04-08,462,1.676037937223646,1.6351663990761294,0.040871538147516664
2026-04-09,467,1.6669383866435856,1.6797671914879346,-0.012828804844349125
2026-04-10,472,1.8412551443292269,1.8906624244755268,-0.0494072801462997
2026-04-13,472,1.623088218295047,1.624314313612893,-0.001226095317846038
2026-04-14,473,1.5838894076263526,1.562706167780937,0.021183239845415515
2026-04-15,476,1.8694458166153503,1.8528244249726666,0.01662139164268331
2026-04-16,471,1.849917472869653,1.863526635796155,-0.013609162926501949
2026-04-17,469,1.9861219208281333,2.0105067515915827,-0.024384830763449016
2026-04-20,466,2.120741439383612,2.111697786480225,0.009043652903387017
2026-04-21,463,2.0279270801358,2.0682898205523186,-0.04036274041651894
2026-04-22,466,2.0945089414959104,2.104647132200423,-0.010138190704512707
2026-04-23,465,2.0299976464849085,2.0426317300307066,-0.012634083545797918
2026-04-24,452,2.2086101723662517,2.2456030295632896,-0.036992857197037786
2026-04-27,447,2.420879702925268,2.4407986364850713,-0.019918933559803554
2026-04-28,444,2.3183529882942464,2.3477476818647482,-0.029394693570501562
2026-04-29,439,2.405245569298789,2.3999804173063515,0.005265151992437321
2026-04-30,439,2.22255387203099,2.19299765280589,0.02955621922510045
2026-05-01,419,2.100706423555959,2.0942943988409244,0.00641202471503474
2026-05-04,414,1.7958695517244463,1.8248145555028819,-0.02894500377843561
2026-05-05,414,1.7634336254464706,1.742782249224898,0.020651376221572586
2026-05-06,409,1.6644321330568155,1.644601007208713,0.019831125848102375
2026-05-07,405,1.487454860939784,1.4743429258159133,0.013111935123870806
2026-05-08,399,1.3998725287455906,1.3593092691276458,0.040563259617944825
2026-05-11,401,1.4232262022512936,1.4246881612470426,-0.0014619589957487527
2026-05-12,401,1.5101472012735886,1.4917282208547078,0.018418980418880786
2026-05-13,405,1.7746439671468441,1.7038349540991504,0.07080901304769383
2026-05-14,395,2.0533291947468824,2.0279352166093725,0.025393978137509866
2026-05-15,400,2.3926278446326843,2.348805154605477,0.043822690027207525
2026-05-18,409,2.480106175962218,2.438546407705281,0.04155976825693631
2026-05-19,408,2.537908833697637,2.4833111800979606,0.05459765359967659
2026-05-20,407,2.1645013086862877,2.156501916119056,0.007999392567231907
2026-05-21,394,1.7020313224760293,1.6685022029971337,0.03352911947889566
2026-05-22,408,1.6708331779359056,1.636600161801126,0.03423301613477951
2026-05-26,406,1.608492610145699,1.571073609354741,0.03741900079095819
2026-05-27,403,1.5809905718287416,1.5100829559324476,0.07090761589629388
2026-05-28,403,1.4931783351911627,1.493333507081158,-0.0001551718899953275
2026-05-29,408,1.6107089159749348,1.550206805963288,0.06050211001164659
2026-06-01,400,1.8233789444202138,1.770314274179173,0.05306467024104049
2026-06-02,396,1.774334838577545,1.712455236981883,0.06187960159566201
2026-06-03,398,1.7791183111402928,1.7614956064184966,0.017622704721796414
2026-06-04,401,1.7637511818928349,1.7651619369568503,-0.0014107550640153751
2026-06-05,415,1.9173253578518579,1.9320757988055812,-0.014750440953723527
2026-06-08,418,1.6903362644416122,1.7012839896199794,-0.0109477251783671
2026-06-09,421,1.702238343968862,1.6889133954405058,0.013324948528356393
2026-06-10,424,2.2407618116712933,2.2094319636506,0.03132984802069325
2026-06-11,422,1.8401192890692246,1.8244363435563715,0.015682945512853045
2026-06-12,431,1.9254192046117824,1.9199581837297175,0.005461020882064975
2026-06-15,438,1.78851471557412,1.7769355387456736,0.011579176828446268
2026-06-16,437,1.7671007831518486,1.7530128242223657,0.014087958929482843
2026-06-17,433,2.1212241798401896,2.2093903454174613,-0.08816616557727165
2026-06-18,430,2.012366966766174,2.027215056429025,-0.014848089662850714
2026-06-22,432,2.326827005316351,2.321963472258514,0.004863533057837443
2026-06-23,433,1.7148281571597135,1.643059807977434,0.07176834918227959
2026-06-24,432,1.6336718139159314,1.590367212613973,0.043304601301958325
2026-06-25,428,1.6999754678343904,1.6554462864103785,0.04452918142401203
2026-06-26,432,1.6113089178937923,1.558455372483862,0.05285354540993015
2026-06-29,435,1.5980203455676036,1.560181345985335,0.03783899958226854
2026-06-30,452,1.6931576241323896,1.682646849124477,0.010510775007912507
2026-07-01,460,1.6250985709571493,1.6049863936701072,0.020112177287042166
2026-07-02,463,1.5348478916633097,1.4664141501899324,0.06843374147337725
2026-07-06,465,1.5687972749399999,1.514970842447449,0.053826432492550626
2026-07-07,466,1.4700572762188622,1.399357985374899,0.07069929084396351
2026-07-08,466,1.410605171607437,1.3933809273328734,0.017224244274563354
2026-07-09,468,1.5145717760937467,1.4540526025499836,0.060519173543763
2026-07-10,471,1.5342050294162948,1.489889460782823,0.04431556863347144
2026-07-13,471,1.4417547714845766,1.4308217435721278,0.010933027912448753
2026-07-14,469,1.9557427210310845,1.937538240268105,0.018204480762979654
2026-07-15,473,2.060665720842167,2.0488894905742523,0.01177623026791476
2026-07-16,471,1.5606677221513017,1.5443590626207804,0.016308659530521453
2026-07-17,465,1.567627912641681,1.5657161110938003,0.001911801547880737
2026-07-20,462,1.7021609365571417,1.652083130131592,0.050077806425549855
2026-07-21,462,2.029376042192975,1.9357059414384425,0.09367010075453229
2026-07-22,462,2.1973772445705957,2.137865877507214,0.05951136706338174
2026-07-23,463,2.281557745695591,2.151817483942862,0.12974026175272904
2026-07-24,459,2.2295400281735605,2.1739289931931336,0.05561103498042707
2026-07-27,453,2.072154752958108,2.0224702915259556,0.04968446143215233
2026-07-28,452,2.0140474899974214,1.9752637193676552,0.038783770629766186
2026-07-29,446,2.3434033983409064,2.256752358807421,0.08665103953348499
2026-07-30,441,1.965792342456714,1.8481885884017084,0.11760375405500574
2026-07-31,426,1.8550499306106099,1.8243650147286707,0.03068491588193917
2026-08-03,424,1.716799845484077,1.7249996016999285,-0.008199756215851563
2026-08-04,419,1.532552333075905,1.459784291693933,0.07276804138197193
2026-08-05,410,1.9130665314780915,1.8582020697655162,0.05486446171257542
2026-08-06,405,1.8027905209651542,1.7681447724736619,0.03464574849149244
2026-08-07,405,1.7640394963730832,1.7154542493996716,0.04858524697341166
2026-08-10,405,1.6437035625051852,1.587551101334879,0.05615246117030614
