origin_trading_day,rows,baseline_loss,candidate_loss,loss_delta_baseline_minus_candidate
2020-05-04,409,2.918724037853164,2.6393704378907623,0.27935359996240183
2020-05-05,399,2.780681746881461,2.4995782724375912,0.2811034744438696
2020-05-06,396,3.0110903462476233,2.742155506867699,0.2689348393799245
2020-05-07,401,2.716134961735495,2.3663614513445994,0.34977351039089566
2020-05-08,403,2.627394445725025,2.2777177078432205,0.3496767378818047
2020-05-11,401,2.929191165281959,2.513610912038598,0.41558025324336106
2020-05-12,400,3.8010589927320346,3.329767404809305,0.4712915879227293
2020-05-13,392,4.17958216026676,3.7724798144556817,0.40710234581107774
2020-05-14,393,3.7341394815456126,3.365299540677542,0.36883994086807087
2020-05-15,399,3.9903733204612974,3.472140365295527,0.5182329551657703
2020-05-18,396,3.1558285161676345,2.669259482923771,0.48656903324386286
2020-05-19,402,3.9233303016774532,3.5848912488292997,0.33843905284815373
2020-05-20,395,3.6889796814962983,3.3253854687261493,0.36359421277014886
2020-05-21,401,4.502073860055829,4.342294197158299,0.15977966289753004
2020-05-22,407,5.240101245078069,5.154137020854742,0.08596422422332736
2020-05-26,404,3.540833860992243,3.157458605217123,0.3833752557751197
2020-05-27,407,2.877071099307572,2.4385751106234244,0.4384959886841471
2020-05-28,406,2.6769183532317764,2.3096043131730526,0.3673140400587239
2020-05-29,399,2.778908565125796,2.404322004864092,0.3745865602617041
2020-06-01,397,2.6918241192521686,2.1829156236133462,0.5089084956388217
2020-06-02,399,2.663908278240232,2.118828683150521,0.5450795950897106
2020-06-03,403,2.6333986758821784,2.15580813680275,0.4775905390794284
2020-06-04,414,2.6705456442829574,2.189073494301446,0.4814721499815113
2020-06-05,410,2.983799506637177,2.6206727633644293,0.3631267432727479
2020-06-08,411,3.109480588067598,2.9272105865783398,0.18227000148925862
2020-06-09,419,2.857010288317678,2.5069348350006146,0.3500754533170634
2020-06-10,419,2.906786330584658,2.614899999236308,0.2918863313483501
2020-06-11,432,2.530565705947075,2.3083273113681604,0.2222383945789149
2020-06-12,452,2.5737167737419147,2.3802795623358244,0.19343721140609055
2020-06-15,440,2.327933265411715,2.166557947833668,0.161375317578047
2020-06-16,434,2.3072567157004995,2.122026323143125,0.18523039255737472
2020-06-17,430,2.2026037927999638,1.9649613099233392,0.23764248287662462
2020-06-18,426,2.155414532816633,1.8774976079621992,0.2779169248544337
2020-06-19,429,2.114485458228692,1.9496432459841906,0.16484221224450143
2020-06-22,428,2.1203604243353347,1.8873485657337248,0.23301185860160992
2020-06-23,428,2.0253751342635105,1.8403582617956098,0.18501687246790055
2020-06-24,420,2.152270968808958,2.1038571169252966,0.04841385188366139
2020-06-25,421,2.010363269234423,1.927480303216034,0.08288296601838928
2020-06-26,424,2.037639453890535,1.9271361669236482,0.11050328696688691
2020-06-29,438,2.0707280602944067,1.9340931325491477,0.13663492774525904
2020-06-30,445,2.057856931340573,1.8936920421645056,0.16416488917606728
2020-07-01,445,2.0348972189863925,1.862394949061923,0.17250226992446943
2020-07-02,447,2.0316476520538185,1.8789555658594292,0.15269208619438934
2020-07-06,450,1.866328272360981,1.7628039274215628,0.10352434493941831
2020-07-07,450,1.9417772484610858,1.7535838755494586,0.1881933729116272
2020-07-08,449,2.0925256941950714,1.880186679488836,0.21233901470623545
2020-07-09,454,2.3773403982671106,2.1238075178792077,0.2535328803879027
2020-07-10,454,2.0209618865792884,1.9088151334870114,0.11214675309227716
2020-07-13,453,2.1374881073558547,2.075302590913176,0.06218551644267863
2020-07-14,455,1.7456043645317725,1.676404314088154,0.06920005044361846
2020-07-15,457,1.8423393993234942,1.7875254144651818,0.05481398485831255
2020-07-16,452,1.8571668460087094,1.7988156118269332,0.058351234181776304
2020-07-17,443,1.834773094215572,1.7888642342959986,0.04590885991957345
2020-07-20,441,1.833262585910945,1.790065897544849,0.043196688366096046
2020-07-21,442,1.8520788351377697,1.8090355246945662,0.043043310443203364
2020-07-22,444,1.8051585342419234,1.7437346684010349,0.06142386584088884
2020-07-23,440,1.9082143602395338,1.8336306227255883,0.07458373751394554
2020-07-24,433,1.9677947195618646,1.8774258568141098,0.0903688627477549
2020-07-27,431,2.05334138317155,1.961906743462875,0.09143463970867509
2020-07-28,431,2.1023775786788,1.9868548680878282,0.11552271059097223
2020-07-29,428,1.9058418244303084,1.8110382580133473,0.09480356641696124
2020-07-30,412,1.8911377778604825,1.8001792609955418,0.09095851686494082
2020-07-31,417,1.9927037972027646,1.9060622761546726,0.08664152104809206
2020-08-03,415,1.8883708134758286,1.808613010982551,0.07975780249327766
2020-08-04,407,1.742520918720643,1.6679204773999972,0.07460044132064553
2020-08-05,400,1.6111370177876398,1.5385006304336166,0.07263638735402296
2020-08-06,402,1.5148100173496715,1.4324987310620576,0.08231128628761361
2020-08-07,406,1.5546910250675656,1.4753427533293257,0.07934827173823986
2020-08-10,403,1.5495381734984432,1.4684285818281937,0.08110959167024945
2020-08-11,404,1.5916749137625035,1.5350628066424714,0.056612107120032076
2020-08-12,405,1.671127946420749,1.6290088025543288,0.04211914386642
2020-08-13,421,1.5654514776123958,1.5027732134651457,0.0626782641472503
2020-08-14,418,1.6563201926593814,1.5865741729453198,0.06974601971406154
2020-08-17,405,1.5528942513031148,1.4885289992672757,0.06436525203583926
2020-08-18,406,1.63044923253415,1.5760399208014428,0.05440931173270713
2020-08-19,407,1.7861360026758681,1.7433853135513973,0.04275068912447082
2020-08-20,399,1.5125824458331985,1.4409192991749538,0.07166314665824472
2020-08-21,404,1.5935309273521654,1.5069685516089453,0.08656237574322007
2020-08-24,403,1.6395283911928002,1.6104630514240783,0.029065339768721717
2020-08-25,397,1.5142683004717858,1.4706484077398994,0.04361989273188648
2020-08-26,393,1.6883786699878498,1.6621214078497508,0.026257262138098775
2020-08-27,399,1.6243904480679618,1.5965928831636467,0.027797564904315217
2020-08-28,383,1.5977892392307078,1.5582500742348593,0.039539164995848475
2020-08-31,393,1.6373857434751593,1.6050531800211965,0.0323325634539631
2020-09-01,397,1.698834681038536,1.6679406782518902,0.030894002786646026
2020-09-02,401,1.8513241105481517,1.8242971343237573,0.02702697622439462
2020-09-03,412,1.584490100611706,1.6083753244712125,-0.02388522385950638
2020-09-04,410,1.6586405231367236,1.6851272510495632,-0.026486727912839517
2020-09-08,416,1.4862777651301782,1.519529387905993,-0.03325162277581476
2020-09-09,422,1.7512054993770096,1.75565031070967,-0.004444811332660347
2020-09-10,425,1.4844089083003618,1.5622326106888318,-0.07782370238847017
2020-09-11,424,1.4041828801616543,1.4244274933041068,-0.02024461314245268
2020-09-14,451,1.3267972283979448,1.3370340857693142,-0.010236857371369394
2020-09-15,438,1.4149385977872895,1.4327311519983956,-0.017792554211106284
2020-09-16,433,1.478056309565604,1.5025639194252702,-0.024507609859666084
2020-09-17,429,1.6319874513541355,1.6417582349918376,-0.00977078363770209
2020-09-18,430,1.4814465984903198,1.4880598266854683,-0.0066132281951485445
2020-09-21,427,1.6963415429664517,1.673382001270496,0.02295954169595564
2020-09-22,426,1.4889452015361404,1.4987333004969998,-0.009788098960859398
2020-09-23,427,2.2137941082150183,2.057858995324625,0.15593511289039305
2020-09-24,416,2.5409408398095126,2.3613977129136745,0.1795431268958381
2020-09-25,418,2.217625467020598,2.0765113066148966,0.14111416040570177
2020-09-28,418,1.9419953003730264,1.872750911731161,0.06924438864186551
2020-09-29,438,1.9272263835895147,1.8623882959208071,0.06483808766870744
2020-09-30,443,1.7177087999983043,1.6856051853194707,0.03210361467883344
2020-10-01,444,1.792809959775117,1.7234400063742257,0.06936995340089126
2020-10-02,445,1.7461663297745358,1.7282712805481688,0.01789504922636715
2020-10-05,450,1.3929857567954202,1.4091934126805432,-0.016207655885122803
2020-10-06,450,1.4641617446305364,1.487018921666488,-0.022857177035951665
2020-10-07,449,1.3271973457608093,1.3285805054810345,-0.001383159720225427
2020-10-08,459,1.3803465115419715,1.3712645399070535,0.009081971634918112
2020-10-09,460,1.3939673636575654,1.3688265821564896,0.02514078150107577
2020-10-12,459,1.5554762175517869,1.5644315642677724,-0.008955346715985555
2020-10-13,456,1.6425830610427135,1.644819120737014,-0.002236059694300737
2020-10-14,460,2.1325985926505964,2.165350264567452,-0.03275167191685559
2020-10-15,456,2.003720643054614,2.0215972943920795,-0.017876651337465365
2020-10-16,447,2.054795788339539,2.0492788499148777,0.005516938424661076
2020-10-19,446,1.6845226363961874,1.663978330303707,0.020544306092480476
2020-10-20,446,1.558684118495664,1.5524628367505986,0.006221281745065215
2020-10-21,447,1.535126258799451,1.5362659045304043,-0.0011396457309532507
2020-10-22,440,1.518992131666994,1.5438551815153359,-0.024863049848342
2020-10-23,434,1.6667070381482585,1.6880385948771028,-0.021331556728844504
2020-10-26,426,2.889325159808289,2.851960317001082,0.03736484280720778
2020-10-27,422,3.598674799563371,3.580156615244953,0.018518184318418375
2020-10-28,422,4.470254268484368,4.3467850454845,0.1234692229998672
2020-10-29,413,3.355698210979265,3.247580235761762,0.10811797521750305
2020-10-30,412,4.3037664786494325,4.1838615416530525,0.11990493699638007
2020-11-02,411,4.376196526059529,4.277471626705187,0.09872489935434224
2020-11-03,405,3.422357369044198,3.4215686903536873,0.0007886786905112313
2020-11-04,399,3.270038267499521,3.2019221296707086,0.06811613782881253
2020-11-05,399,2.806243027809715,2.7440959749319496,0.062147052877765285
2020-11-06,403,2.7594457648815607,2.686281111323937,0.07316465355762393
2020-11-09,407,1.9003082316161164,1.8901440311819215,0.010164200434195072
2020-11-10,409,2.156123300641151,2.1790859669936835,-0.022962666352532732
2020-11-11,405,2.110850199031319,2.1398704184047013,-0.029020219373382138
2020-11-12,410,2.3727335981245528,2.42856414956284,-0.0558305514382875
2020-11-13,407,1.856068357233822,1.8064767698558009,0.0495915873780211
2020-11-16,398,1.6744391873533262,1.5986574097409734,0.07578177761235261
2020-11-17,402,1.6441922048522084,1.5778658649178798,0.06632633993432853
2020-11-18,392,1.8617004632033023,1.8691719691047717,-0.007471505901469584
2020-11-19,398,2.053091924408443,2.067419208555232,-0.014327284146788636
2020-11-20,401,2.0451881388197317,2.0584315039770926,-0.013243365157360876
2020-11-23,401,1.7841517276567689,1.7468942697511511,0.03725745790561793
2020-11-24,399,1.500103407852159,1.4125969592446876,0.08750644860747135
2020-11-25,394,1.5548258482840087,1.4626640609298156,0.09216178735419309
2020-11-27,402,1.5096371634372088,1.4069593142420806,0.10267784919512828
2020-11-30,395,1.5020047292885905,1.4490717620440097,0.05293296724458093
2020-12-01,399,1.500146835678663,1.439224924446308,0.06092191123235524
2020-12-02,402,1.5016566239865707,1.434121369181696,0.06753525480487475
2020-12-03,413,1.481694191676786,1.4220187579802674,0.059675433696518565
2020-12-04,410,1.4894220405907794,1.421087421790753,0.0683346188000266
2020-12-07,408,1.4523629406321357,1.3811338007958716,0.07122913983626422
2020-12-08,408,1.5514552463908486,1.515336488368212,0.03611875802263652
2020-12-09,414,1.506381212025525,1.4698274430416853,0.03655376898383975
2020-12-10,416,1.468647628459989,1.4326569691170534,0.0359906593429354
2020-12-11,421,1.4468619402674818,1.4061879721091308,0.04067396815835128
2020-12-14,443,1.3303978353756152,1.3183433077979356,0.012054527577679545
2020-12-15,432,1.30024143140236,1.2605658781340896,0.039675553268270526
2020-12-16,423,1.3006761430181457,1.2459639188821698,0.05471222413597583
2020-12-17,425,1.313827824419473,1.2465020336131518,0.06732579080632106
2020-12-18,429,1.308407904803584,1.277988532240999,0.03041937256258506
2020-12-21,430,1.6567614491538827,1.6362754912750326,0.020485957878850016
2020-12-22,423,1.9657012067343573,1.913402748561124,0.05229845817323342
2020-12-23,420,1.8033127089218453,1.7360755198949347,0.06723718902691056
2020-12-24,427,1.868966728772684,1.7752048096846582,0.09376191908802607
2020-12-28,427,2.1696003678505154,2.1094546375480636,0.06014573030245165
2020-12-29,425,2.151613384284867,2.108584726433642,0.04302865785122487
2020-12-30,438,2.207018702247114,2.168426670745932,0.03859203150118239
2020-12-31,447,1.97530651635957,1.9192375198525633,0.05606899650700675
2021-01-04,447,2.176870674797833,2.13124779251041,0.04562288228742291
2021-01-05,449,1.9335898635499142,1.8956340037347057,0.037955859815208465
2021-01-06,443,1.6371588480398653,1.6177186746679952,0.019440173371870012
2021-01-07,454,1.5604395513085862,1.5238040406893039,0.036635510619282226
2021-01-08,458,1.6349342360240713,1.6049858675938347,0.029948368430236585
2021-01-11,457,1.7402294759809926,1.7114810746111124,0.028748401369880154
2021-01-12,457,2.1975502183210165,2.1734149629037995,0.024135255417217186
2021-01-13,453,1.6802288492827826,1.6383747174223562,0.041854131860426545
2021-01-14,445,1.9142127785050818,1.914136043914643,7.673459043864919e-05
2021-01-15,446,1.6294573584824668,1.6203484351816526,0.009108923300814215
2021-01-19,449,1.4973779424282911,1.4748746985599577,0.022503243868333318
2021-01-20,449,1.4746651048947808,1.4343141561612696,0.040350948733511124
2021-01-21,446,1.4153771979748522,1.3650818574767685,0.05029534049808353
2021-01-22,443,1.4793854996467015,1.4241293462490934,0.05525615339760816
2021-01-25,438,1.6205432919024043,1.5783904008543679,0.04215289104803648
2021-01-26,433,1.7652747195855998,1.6941696303185578,0.0711050892670419
2021-01-27,430,2.370273349483879,2.2284336743354074,0.14183967514847162
2021-01-28,416,2.0905769092129365,2.013160493885116,0.07741641532782054
2021-01-29,421,2.666009447467748,2.4996978361080107,0.16631161135973735
2021-02-01,414,2.3728794869300667,2.273656832712879,0.09922265421718773
2021-02-02,410,1.9990286922221083,1.9636477707887738,0.03538092143333465
2021-02-03,402,1.7587020924154713,1.7142284939633277,0.044473598452143576
2021-02-04,401,1.721423508941776,1.6686486962310123,0.05277481271076351
2021-02-05,402,1.7975127831330961,1.728488960651785,0.06902382248131106
2021-02-08,402,1.73707176694456,1.6969198885416374,0.04015187840292236
2021-02-09,405,2.0438727040153863,1.9821958896975522,0.061676814317834276
2021-02-10,392,1.8541159728681893,1.8308749567411664,0.023241016127023045
2021-02-11,395,1.8557926468027381,1.8207043355026193,0.035088311300118816
2021-02-12,400,1.7762496240571681,1.7196415292859089,0.056608094771259145
2021-02-16,405,1.672643480534343,1.6515949683635676,0.02104851217077526
2021-02-17,405,1.9405406800677778,1.9320181027747882,0.008522577292989506
2021-02-18,401,2.129489348779732,2.118848157904125,0.010641190875606965
2021-02-19,403,2.002898623133671,2.0133774166421903,-0.01047879350851961
2021-02-22,404,2.008314467790849,2.0472512238762315,-0.038936756085382246
2021-02-23,391,1.5051678517365006,1.521015655858823,-0.01584780412232243
2021-02-24,393,1.5707001538184602,1.58479152676118,-0.014091372942719909
2021-02-25,396,1.5625895868745543,1.5774597052215018,-0.014870118346947606
2021-02-26,389,1.920544428463644,1.955369985431267,-0.03482555696762324
2021-03-01,384,1.7002039955289148,1.730673420479287,-0.030469424950372127
2021-03-02,377,1.5279840728062506,1.5381548748426725,-0.010170802036422165
2021-03-03,381,1.6453808670591614,1.6411623648727218,0.004218502186439353
2021-03-04,389,1.8473261073954714,1.8478526061032956,-0.0005264987078243249
2021-03-05,395,1.5438512080066438,1.5466777321183425,-0.0028265241116987904
2021-03-08,396,1.627297167679261,1.5409986564386353,0.08629851124062575
2021-03-09,413,1.3808087214865254,1.3666938685287873,0.014114852957738481
2021-03-10,411,1.353640388629581,1.346022739815786,0.007617648813794898
2021-03-11,420,1.4110004110599612,1.4069130325705355,0.004087378489425905
2021-03-12,442,1.5123560943610592,1.4925115104389806,0.019844583922078694
2021-03-15,450,1.5344109204721792,1.5290053076243322,0.005405612847846996
2021-03-16,441,1.3833002151097926,1.3787202668877865,0.004579948222006193
2021-03-17,432,1.3934456458726685,1.3748045919026939,0.018641053969974536
2021-03-18,433,1.4586854445929913,1.4292790756056901,0.02940636898730122
2021-03-19,432,1.5911656519852586,1.6061106715672484,-0.014945019581989884
2021-03-22,429,1.4674202801888463,1.4422739332610384,0.025146346927808115
2021-03-23,429,1.5876652397922395,1.549956496331958,0.03770874346028136
2021-03-24,421,1.7263263086739609,1.6698694211563374,0.05645688751762332
2021-03-25,422,1.6568207535236081,1.640319604016219,0.01650114950738937
2021-03-26,423,1.3410997104702798,1.3109809329736422,0.03011877749663754
2021-03-29,423,1.4922098940009783,1.4293796767785183,0.06283021722246021
2021-03-30,437,1.3959784297136681,1.3529579184663498,0.043020511247318184
2021-03-31,444,1.4813669759941095,1.4816418033785888,-0.00027482738447887994
2021-04-01,447,1.4068800399977763,1.4142989096395648,-0.007418869641788634
2021-04-05,453,1.2634564529394934,1.2407153293388478,0.02274112360064547
2021-04-06,451,1.314031729445635,1.3085524243335127,0.0054793051121221625
2021-04-07,451,1.3628962882175557,1.3482269335712231,0.01466935464633259
2021-04-08,458,1.3428670867841992,1.339354096295044,0.003512990489154843
2021-04-09,458,1.3243670311145204,1.30546178725063,0.018905243863890128
2021-04-12,459,1.2736786438432566,1.244150916288095,0.029527727555161542
2021-04-13,458,1.287821253190543,1.2647373863478872,0.023083866842655797
2021-04-14,462,1.2891422334053673,1.2673200345288007,0.021822198876566615
2021-04-15,458,1.3145222764406188,1.2890124930272833,0.025509783413335527
2021-04-16,447,1.2504216289753745,1.2128690452451552,0.03755258373021944
2021-04-19,446,1.3018070952956808,1.2801365528016786,0.021670542494002156
2021-04-20,452,1.4907026493835613,1.4799588611106234,0.010743788272938072
2021-04-21,452,1.5350948781419687,1.5271633501554747,0.007931527986493919
2021-04-22,446,1.7193893178071027,1.7204799916364477,-0.001090673829345091
2021-04-23,439,1.7209963826767654,1.7086235341581386,0.012372848518626961
2021-04-26,434,1.8698014037959425,1.8700479078396022,-0.0002465040436601021
2021-04-27,432,1.6494166549551565,1.6307645765621066,0.018652078393049717
2021-04-28,428,1.7485817877737138,1.7542721981858365,-0.005690410412122741
2021-04-29,417,1.6787922466377372,1.6868242286624213,-0.008031982024684097
2021-04-30,418,1.5727097320761785,1.5748384190384592,-0.0021286869622808608
2021-05-03,418,1.4913030424461686,1.5018275074638026,-0.010524465017634063
2021-05-04,410,1.3509659300383003,1.3610300868727863,-0.01006415683448619
2021-05-05,404,1.2439835774613766,1.2379961739089513,0.005987403552425076
2021-05-06,404,1.2357561659431056,1.2132324433864101,0.022523722556695467
2021-05-07,408,1.2617563949646773,1.230843489889379,0.03091290507529823
2021-05-10,407,1.2610012088118794,1.2172082165342726,0.0437929922776067
2021-05-11,405,1.1739819517759469,1.1699032477678992,0.004078704008047823
2021-05-12,407,1.4318765168150007,1.3874416462976071,0.04443487051739358
2021-05-13,406,1.4218221783343428,1.349090420061387,0.07273175827295573
2021-05-14,398,1.2226054030306583,1.16751850140429,0.055086901626368555
2021-05-17,393,1.2914229385035108,1.235730417540586,0.05569252096292469
2021-05-18,395,1.3390705786964665,1.314318520388618,0.024752058307848584
2021-05-19,387,1.3322238009107603,1.3273164746146164,0.004907326296144139
2021-05-20,396,1.2912447314733004,1.2927058820383206,-0.0014611505650200414
2021-05-21,396,1.3680448019537204,1.3491740197040574,0.018870782249663196
2021-05-24,397,1.340670913018194,1.3132505844515032,0.027420328566690716
2021-05-25,395,1.3253491491903548,1.3098254620263796,0.015523687163975413
2021-05-26,388,1.3210525726455276,1.2999242638318693,0.021128308813658254
2021-05-27,405,1.2940395568029857,1.2809902385716803,0.013049318231305156
2021-05-28,400,1.3039950254430928,1.265321825762364,0.03867319968072884
2021-06-01,398,1.2813179578917149,1.2581518771807034,0.023166080711011377
2021-06-02,401,1.2562038861706133,1.2455356628591359,0.010668223311477603
2021-06-03,412,1.539598546005394,1.5403053793152641,-0.0007068333098700973
2021-06-04,410,1.7699967580833686,1.7850971958665842,-0.01510043778321569
2021-06-07,413,1.4132638436012175,1.418579966148972,-0.005316122547754401
2021-06-08,418,1.4383724561892228,1.4531071375220015,-0.014734681332778549
2021-06-09,423,1.3792931626547245,1.3934653383751718,-0.01417217572044735
2021-06-10,427,1.2402761873020345,1.2537183853608542,-0.013442198058819606
2021-06-11,426,1.1838078560021104,1.186053024581088,-0.0022451685789779082
2021-06-14,448,1.182625083030053,1.1989707569469508,-0.016345673916897768
2021-06-15,438,1.3077761778800392,1.3187646685618621,-0.010988490681822671
2021-06-16,432,1.1789538691394545,1.1974774501331407,-0.018523580993685902
2021-06-17,428,1.121830785713094,1.147590814174442,-0.025760028461347652
2021-06-18,424,1.3769524053500564,1.4047312832483823,-0.027778877898325588
2021-06-21,423,1.1493804033025279,1.1737160179682804,-0.024335614665752528
2021-06-22,422,1.141641631238816,1.1543266111015282,-0.012684979862712166
2021-06-23,417,1.1379978713286938,1.1445095152378568,-0.006511643909163156
2021-06-24,420,1.0775261280394957,1.0735965212557288,0.003929606783766918
2021-06-25,424,1.046355214011043,1.0632955212820043,-0.01694030727096124
2021-06-28,425,0.989448808218313,1.0046332035872145,-0.01518439536890139
2021-06-29,436,1.030933416197556,1.0379526252509266,-0.007019209053370576
2021-06-30,442,1.1585090394567872,1.1628894352463506,-0.004380395789563268
2021-07-01,449,1.3544917931688512,1.3675550093868263,-0.013063216217975392
2021-07-02,454,1.5928162921257116,1.6205037724310438,-0.027687480305331955
2021-07-06,453,1.1430962586952278,1.192796274613834,-0.04970001591860634
2021-07-07,453,0.9981735253411185,1.033240323223519,-0.03506679788240046
2021-07-08,456,1.0394448031193562,1.0874734749653354,-0.04802867184597945
2021-07-09,458,1.1614155359567604,1.1878492053114338,-0.026433669354673225
2021-07-12,455,1.0793213905277836,1.095850882992656,-0.016529492464872467
2021-07-13,454,1.1188553297688395,1.129123994487935,-0.0102686647190956
2021-07-14,460,1.0602788582551428,1.0897347358276284,-0.02945587757248552
2021-07-15,453,1.194034114969161,1.2282285302997704,-0.03419441533060948
2021-07-16,441,1.2846138958864666,1.3085844362355992,-0.023970540349132496
2021-07-19,441,1.555475743215667,1.584207133136105,-0.028731389920437986
2021-07-20,446,1.423686070960441,1.4586563434615174,-0.03497027250107649
2021-07-21,446,1.4076728713767361,1.4424554894088455,-0.03478261803210927
2021-07-22,444,1.365909580881922,1.3863429131895604,-0.020433332307638233
2021-07-23,440,1.3191888942854941,1.327384541839753,-0.008195647554258684
2021-07-26,433,1.359332954066609,1.383502514101158,-0.024169560034549176
2021-07-27,433,1.446197452905349,1.4578526290134723,-0.011655176108123555
2021-07-28,429,1.4613527034454068,1.4699010168392574,-0.00854831339385052
2021-07-29,417,1.3306597492533503,1.3394517245234294,-0.008791975270079223
2021-07-30,421,1.3103270623302334,1.3277191179895949,-0.017392055659361295
2021-08-02,420,1.278135246326343,1.2981307371059987,-0.01999549077965557
2021-08-03,410,1.01091616244628,1.0601815169938367,-0.049265354547556615
2021-08-04,405,1.0816729633591022,1.120429473807174,-0.038756510448071914
2021-08-05,400,1.1697213273397422,1.2113901341851503,-0.04166880684540815
2021-08-06,401,1.1127176368821925,1.1753388702882408,-0.06262123340604829
2021-08-09,407,0.8658216989554987,0.9166679183038453,-0.05084621934834666
2021-08-10,406,0.8474015672630341,0.8905116589768567,-0.04311009171382267
2021-08-11,407,0.8617199476930744,0.8861588001430747,-0.02443885245000034
2021-08-12,424,0.919001431550692,0.9315551890868828,-0.012553757536190714
2021-08-13,428,0.8552106157563228,0.8513954320690532,0.0038151836872694876
2021-08-16,420,0.9304802718094545,0.9224488817878098,0.008031390021644602
2021-08-17,407,0.9869539181974987,0.9778669361579726,0.009086982039526065
2021-08-18,410,1.0124889949474558,1.0241885014157515,-0.011699506468295727
2021-08-19,405,1.2094980663507318,1.196081914839902,0.013416151510829902
2021-08-20,405,1.1021201932736835,1.088367156458444,0.013753036815239398
2021-08-23,403,1.0042094887350594,0.9950049885974528,0.009204500137606495
2021-08-24,400,0.9761284186404657,0.9922579928357683,-0.016129574195302646
2021-08-25,388,1.024827864683518,1.0291099793238654,-0.004282114640347327
2021-08-26,390,0.9858703093528501,0.9886805194987416,-0.0028102101458914574
2021-08-27,392,1.04290050158332,1.0342133530913216,0.008687148491998193
2021-08-30,376,1.235563613844305,1.2124769713169512,0.023086642527353787
2021-08-31,391,1.1337137097781742,1.1034840095028222,0.03022970027535196
2021-09-01,390,1.1809371987034438,1.130500538383767,0.05043666031967687
2021-09-02,404,1.441653496016294,1.3512844843773923,0.09036901163890133
2021-09-03,407,1.6930536164529835,1.588072665256644,0.10498095119633974
2021-09-07,410,1.5271496280579846,1.4292029780493916,0.09794665000859308
2021-09-08,414,1.4207900967059235,1.3093006723931546,0.11148942431276886
2021-09-09,424,1.1560233636097037,1.1121221909041086,0.04390117270559517
2021-09-10,424,1.1818450691310292,1.145715946845347,0.0361291222856821
2021-09-13,425,1.2422199136687797,1.1942249635975575,0.047994950071222016
2021-09-14,450,1.520445889271696,1.4266748556900861,0.09377103358161018
2021-09-15,437,1.4672631247923573,1.377267649059028,0.08999547573332932
2021-09-16,430,1.7019971758460257,1.562682703230668,0.1393144726153576
2021-09-17,430,1.5262304355867653,1.4477959605074098,0.07843447507935586
2021-09-20,426,1.7031297125015947,1.6401702323276814,0.06295948017391313
2021-09-21,425,1.7079029969183779,1.6602522914081286,0.04765070551024937
2021-09-22,424,1.5110007122140807,1.4793482194456393,0.03165249276844117
2021-09-23,418,1.3693218434311136,1.346365569646532,0.022956273784581375
2021-09-24,419,1.5279099576913704,1.5029700094346738,0.02493994825669636
2021-09-27,421,1.410845733255,1.3903892579719825,0.02045647528301739
2021-09-28,422,1.1743496280337886,1.1881911038061157,-0.01384147577232701
2021-09-29,440,1.144617172206226,1.1442418987138445,0.00037527349238154637
2021-09-30,444,1.278109394039304,1.2995201342179847,-0.021410740178680703
2021-10-01,445,1.1627930381947862,1.1808828970376732,-0.018089858842886716
2021-10-04,451,1.3463439982721104,1.3274470671659926,0.01889693110611757
2021-10-05,454,1.2174944073081468,1.2266801361986694,-0.009185728890522408
2021-10-06,454,1.2595471772472249,1.2681017229672986,-0.008554545720073718
2021-10-07,460,1.157476846801635,1.1769564555502896,-0.01947960874865464
2021-10-08,461,1.3116006389916581,1.3066679490036834,0.004932689987974851
2021-10-11,460,1.5357913911500183,1.520360469655663,0.015430921494355331
2021-10-12,459,1.5199705407809743,1.508180918616491,0.011789622164483588
2021-10-13,461,1.2568549691227993,1.2440160638233464,0.012838905299452794
2021-10-14,461,1.2730115688477313,1.262389427931197,0.010622140916534331
2021-10-15,449,1.3736654060192162,1.354266985599167,0.01939842042004934
2021-10-18,446,1.2510325181099542,1.243333485800529,0.0076990323094250565
2021-10-19,445,1.351781967872727,1.344989160442261,0.0067928074304660175
2021-10-20,446,1.3896215635430196,1.3785983710168526,0.011023192526166929
2021-10-21,442,1.5108574723596195,1.5032364210429687,0.007621051316650624
2021-10-22,439,1.6180700939002133,1.601353799183459,0.016716294716754152
2021-10-25,438,1.509604516319059,1.5088684383029376,0.0007360780161215966
2021-10-26,430,1.5753581059933908,1.5870803380277703,-0.01172223203437943
2021-10-27,412,1.416308865659585,1.441264896658167,-0.024956030998581815
2021-10-28,421,1.3445727702955772,1.3747523785825004,-0.03017960828692328
2021-10-29,418,1.385379770073083,1.4237059187979315,-0.03832614872484864
2021-11-01,415,1.2446033292493859,1.3056969406766048,-0.061093611427219176
2021-11-02,410,1.2070888195727434,1.269890287269151,-0.06280146769640786
2021-11-03,404,1.1988578723450012,1.236122275757842,-0.037264403412840805
2021-11-04,398,1.1108440061025442,1.1457558173594986,-0.034911811256954216
2021-11-05,399,1.3948767527915926,1.3721993646063178,0.022677388185274764
2021-11-08,394,1.288778406562921,1.2879345456090818,0.0008438609538390645
2021-11-09,399,1.2048664197283765,1.2005823690568185,0.00428405067155802
2021-11-10,411,1.1502699784519683,1.1472382774917886,0.0030317009601795726
2021-11-11,407,1.552195465441765,1.5150574978658642,0.03713796757590079
2021-11-12,413,1.5787914872148763,1.5566015432087137,0.022189944006162563
2021-11-15,399,2.2154247165754417,2.1447149609158442,0.07070975565959724
2021-11-16,400,2.704299517785709,2.594463765921529,0.10983575186418008
2021-11-17,388,1.7728013773567413,1.744890276856724,0.027911100500017202
2021-11-18,400,1.876524368593995,1.8588351336181754,0.017689234975819763
2021-11-19,399,1.4273575522650264,1.417215136625131,0.010142415639895177
2021-11-22,402,1.1329087420349404,1.1487794447809836,-0.015870702746043165
2021-11-23,403,1.043265759291392,1.0743641017997851,-0.03109834250839301
2021-11-24,395,1.179715153213883,1.2087429383852692,-0.02902778517138647
2021-11-26,397,1.2558866752806972,1.3582130334368785,-0.1023263581561814
2021-11-29,403,1.232009003051808,1.3232226430582223,-0.09121364000641437
2021-11-30,402,1.362159279807024,1.4881811631358415,-0.12602188332881736
2021-12-01,401,1.6537718036190088,1.7697767152484933,-0.11600491162948451
2021-12-02,411,1.4284166765884252,1.5293670169670286,-0.10095034037860327
2021-12-03,408,1.1596148201789824,1.2365123192720278,-0.07689749909304545
2021-12-06,408,1.3216940010448095,1.3511017909389138,-0.029407789894104166
2021-12-07,408,1.1679792458867526,1.1899835608325164,-0.02200431494576371
2021-12-08,407,1.1477621531444124,1.2009816751615179,-0.05321952201710528
2021-12-09,422,1.0029145431384134,1.0437041609303976,-0.04078961779198424
2021-12-10,422,1.0148968613809224,1.0465415860158374,-0.03164472463491505
2021-12-13,426,1.015970298017144,1.0348556398625741,-0.018885341845430243
2021-12-14,446,1.1408787516416856,1.159493758652576,-0.018615007010890236
2021-12-15,436,0.9338957109582892,0.9653273758482792,-0.03143166488999002
2021-12-16,432,0.9456134161564879,0.9729360472558791,-0.027322631099391325
2021-12-17,434,1.0515593418419085,1.0879379448628237,-0.03637860302091515
2021-12-20,435,1.7648410832068404,1.6762714563925967,0.08856962681424366
2021-12-21,437,1.2422666452054865,1.2875030755447026,-0.04523643033921622
2021-12-22,434,1.3897949048984468,1.4203820296325913,-0.030587124734144655
2021-12-23,428,1.7003659426184121,1.7534663807264106,-0.053100438107998436
2021-12-27,431,1.8518643298395536,1.8941753969147042,-0.04231106707515084
2021-12-28,431,1.7096871832758203,1.7437800204010634,-0.0340928371252431
2021-12-29,431,1.7981339125942208,1.8169604892661992,-0.01882657667197846
2021-12-30,441,2.2003969071586393,2.2566417200570035,-0.056244812898363965
2021-12-31,449,2.519183643413994,2.555198053913608,-0.03601441049961411
2022-01-03,450,2.353001808914464,2.3154440069649254,0.03755780194953886
2022-01-04,451,2.3111215358477373,2.2429274118912046,0.06819412395653265
2022-01-05,446,2.0185573455800574,1.9387676136746583,0.07978973190539879
2022-01-06,454,2.4879123556999256,2.448383631869748,0.03952872383017795
2022-01-07,461,1.9979168954278201,1.994774607333187,0.0031422880946335827
2022-01-10,460,2.3917129187815305,2.293085842840043,0.09862707594148766
2022-01-11,458,2.8911267802675127,2.8367399560770625,0.05438682419045036
2022-01-12,458,3.229871912423235,3.2618064754833243,-0.03193456306008908
2022-01-13,454,2.3614839838043933,2.3628277771295108,-0.0013437933251171377
2022-01-14,450,1.7112388185196161,1.7291389587351969,-0.01790014021558065
2022-01-18,452,1.2402937619749221,1.274750038521986,-0.03445627654706388
2022-01-19,452,1.155943497732717,1.2167988322203893,-0.06085533448767211
2022-01-20,453,1.3384852355987422,1.417462137522295,-0.07897690192355303
2022-01-21,448,1.4211638292657878,1.4548280810702408,-0.03366425180445292
2022-01-24,443,1.4558356742043381,1.5008567072343015,-0.045021033029963665
2022-01-25,442,1.5594281228643663,1.540069189771094,0.019358933093272086
2022-01-26,437,1.912857219408405,1.8479157893375795,0.06494143007082562
2022-01-27,425,1.8006675679911737,1.7915426025063872,0.0091249654847865
2022-01-28,427,1.4438814481446423,1.5076175212500458,-0.06373607310540359
2022-01-31,426,1.5955109008425112,1.6371213442854775,-0.04161044344296635
2022-02-01,420,1.5208926822451825,1.5645952392334204,-0.04370255698823756
2022-02-02,418,1.6341709148844255,1.6529962017113815,-0.01882528682695618
2022-02-03,407,1.5998241613034763,1.6407116677994555,-0.04088750649597935
2022-02-04,404,1.532372226014565,1.621510650434923,-0.08913842442035813
2022-02-07,405,1.5808824908340031,1.71994354234718,-0.13906105151317685
2022-02-08,406,2.2168331073621057,2.3632152885870545,-0.14638218122494878
2022-02-09,401,2.3251055987205915,2.4473210129334277,-0.12221541421283612
2022-02-10,400,1.47257267568806,1.5746402529876813,-0.10206757729962118
2022-02-11,394,1.3977951902040562,1.4675978020427594,-0.06980261183870333
2022-02-14,395,1.74787573031402,1.8435409166375567,-0.09566518632353643
2022-02-15,398,1.6816026112663616,1.7782936437750947,-0.09669103250873341
2022-02-16,392,2.005246235323872,2.1540764909413808,-0.14883025561750865
2022-02-17,400,2.257152284732951,2.4302711080488955,-0.17311882331594447
2022-02-18,404,2.9379136265192822,3.170544056327645,-0.23263042980836265
2022-02-22,403,2.5734598387136387,2.740573907251106,-0.1671140685374674
2022-02-23,387,1.8667411267779415,1.946835565815769,-0.08009443903782766
2022-02-24,385,1.9865451531696654,2.081083120049597,-0.09453796687993182
2022-02-25,397,2.3789965816308443,2.5471207117499106,-0.1681241301190663
2022-02-28,388,2.3321167251172277,2.5909257514354946,-0.258809026318267
2022-03-01,387,1.583366528267764,1.8515571126787551,-0.26819058441099086
2022-03-02,386,1.332259264036766,1.4951791062943682,-0.16291984225760203
2022-03-03,391,1.1662077489842673,1.2409460649878878,-0.0747383160036205
2022-03-04,397,1.3876827167678074,1.3090217004789022,0.07866101628890525
2022-03-07,398,2.0029328646314575,1.9049108182131307,0.09802204641832714
2022-03-08,403,2.2064686202983887,2.0864097358183105,0.1200588844800783
2022-03-09,417,1.2090866661749058,1.2299908412097946,-0.020904175034888995
2022-03-10,424,1.4366288922937134,1.3240601198647304,0.11256877242898318
2022-03-11,425,1.8358565657553794,1.6685045288023022,0.16735203695307735
2022-03-14,448,2.2235018446975303,1.961633556105703,0.2618682885918274
2022-03-15,456,2.143604985643299,1.9432466891316493,0.2003582965116497
2022-03-16,442,1.4652294084510409,1.4187512494089494,0.04647815904209143
2022-03-17,438,1.22631432372259,1.2319525605021033,-0.0056382367795133745
2022-03-18,437,1.3920950887138648,1.4209424287651744,-0.02884734005130949
2022-03-21,437,1.2761413928796936,1.2792416331424254,-0.0031002402627316027
2022-03-22,432,1.4303995870332655,1.5088947620045243,-0.07849517497125869
2022-03-23,434,1.5494353165581227,1.6839188503896492,-0.13448353383152664
2022-03-24,431,1.611077827516453,1.7991022922292526,-0.18802446471279963
2022-03-25,426,1.594542643818203,1.8150964219730037,-0.22055377815480084
2022-03-28,426,1.618997775704547,1.8640626948404777,-0.24506491913593068
2022-03-29,424,2.0723971388730487,2.341072973554407,-0.268675834681358
2022-03-30,438,1.5708270307788634,1.7716873309385721,-0.20086030015970877
2022-03-31,447,1.5635190388497568,1.7686574462812241,-0.20513840743146744
2022-04-01,450,1.5821466184775377,1.7847689418180488,-0.20262232334051108
2022-04-04,451,1.3734614300776877,1.5072407003144765,-0.13377927023678887
2022-04-05,454,1.3726895953775315,1.4989587699135878,-0.12626917453605624
2022-04-06,449,1.3600499661846255,1.506743041018542,-0.14669307483391633
2022-04-07,458,1.6727202835726176,1.8605353554290538,-0.18781507185643626
2022-04-08,462,1.638686447902488,1.7536924206916251,-0.11500597278913703
2022-04-11,460,1.8585633970602156,2.0294679182876982,-0.17090452122748256
2022-04-12,462,1.8233208421189164,1.9730165687566286,-0.14969572663771227
2022-04-13,462,1.7676484402491284,1.9412878627999086,-0.17363942255078035
2022-04-14,452,2.3115538958733315,2.5717444486859744,-0.26019055281264253
2022-04-18,451,2.1820757857577555,2.384869186420263,-0.20279340066250728
2022-04-19,454,2.4840488453888967,2.6382203381696407,-0.15417149278074396
2022-04-20,454,2.091946054800096,2.1989037506966733,-0.10695769589657737
2022-04-21,453,2.5139456217427996,2.638686826670579,-0.12474120492777958
2022-04-22,447,2.1899925015735127,2.3572199315996336,-0.16722743002612067
2022-04-25,441,3.1482540376904273,3.41262251276049,-0.2643684750700628
2022-04-26,441,2.4795121974798504,2.7594189629474615,-0.2799067654676112
2022-04-27,437,2.8438202581174403,3.194624297117064,-0.3508040389996237
2022-04-28,427,3.1682378376006133,3.4536938675945463,-0.2854560299939332
2022-04-29,423,1.8124878443606978,2.0528333143597424,-0.2403454699990448
2022-05-02,421,2.067055560514919,2.39539289131265,-0.32833733079773125
2022-05-03,414,1.7193844120518156,1.984843485353129,-0.26545907330131335
2022-05-04,408,3.2067959103061012,3.3220202986980776,-0.1152243883919765
2022-05-05,401,2.20613137208604,2.403112261495433,-0.1969808894093935
2022-05-06,406,1.9955677170930315,2.251401594117132,-0.25583387702410043
2022-05-09,408,1.486796735853049,1.6940428814683335,-0.20724614561528465
2022-05-10,403,1.570126418022806,1.8407742553881814,-0.2706478373653752
2022-05-11,406,1.440121782388588,1.4999581140262215,-0.059836331637633716
2022-05-12,413,1.500694967699259,1.4470149746949341,0.053679993004324675
2022-05-13,413,1.4577552766507471,1.39103268235921,0.06672259429153711
2022-05-16,399,1.3980909917218107,1.2653665467300304,0.13272444499178052
2022-05-17,401,1.2430613305369644,1.33512758074601,-0.09206625020904537
2022-05-18,393,1.8408900212770491,1.6530986508031071,0.1877913704739419
2022-05-19,403,1.5138291435881321,1.4385319187520045,0.07529722483612762
2022-05-20,402,1.6041410927118798,1.535420770992424,0.06872032171945587
2022-05-23,402,1.4996791714010538,1.4032298986051157,0.0964492727959383
2022-05-24,404,1.6564346033174595,1.450991616489829,0.2054429868276302
2022-05-25,389,1.421743695639383,1.416753054756151,0.004990640883232043
2022-05-26,398,1.849022858149349,2.107307167218998,-0.25828430906964844
2022-05-27,410,3.768779277855538,4.28486379031181,-0.5160845124562715
2022-05-31,402,3.656631893108639,4.04787036122345,-0.3912384681148108
2022-06-01,402,2.876872663585743,3.2536422923526818,-0.3767696287669385
2022-06-02,411,4.9054660904207354,5.521386233425086,-0.6159201430043504
2022-06-03,411,4.295280109679783,4.995559771383076,-0.7002796617032927
2022-06-06,411,3.831075073397649,4.366513850025018,-0.5354387766273689
2022-06-07,415,4.27988596314075,4.722223655779819,-0.44233769263906936
2022-06-08,415,3.6032867377570184,3.979156705893965,-0.37586996813694645
2022-06-09,428,2.1160342519333177,2.3233755618545753,-0.207341309921257
2022-06-10,428,1.593629709461404,1.7475520959148978,-0.1539223864534936
2022-06-13,431,1.313026488808721,1.5298432616833122,-0.21681677287459125
2022-06-14,438,1.5022967490017676,1.7321686657778623,-0.22987191677609467
2022-06-15,428,1.5787912649967095,1.8744456854433784,-0.295654420446669
2022-06-16,431,1.7875239409644097,1.9176442975725956,-0.13012035660818597
2022-06-17,430,1.6483257085304754,1.7263908611433034,-0.07806515261282804
2022-06-21,430,1.5755248249759242,1.6489282477563758,-0.0734034227804517
2022-06-22,425,1.326654412955167,1.3768259620365921,-0.05017154908142503
2022-06-23,424,1.0269843293786296,1.1688421598745773,-0.1418578304959474
2022-06-24,427,1.3031240774069517,1.5124145107161775,-0.20929043330922592
2022-06-27,428,1.3414849346072477,1.6334657271400868,-0.29198079253283904
2022-06-28,427,1.264853046141418,1.6093403118024936,-0.3444872656610756
2022-06-29,439,1.2908573212842185,1.590851863113012,-0.2999945418287935
2022-06-30,453,1.1594071950048401,1.2446936605313226,-0.08528646552648256
2022-07-01,455,1.3040429954125068,1.3573821176933358,-0.053339122280829016
2022-07-05,456,1.248810686045017,1.1400885755832604,0.10872211046175675
2022-07-06,457,1.5665438855369431,1.2715225138926542,0.2950213716442887
2022-07-07,458,1.3395584355108603,1.1769879045200593,0.16257053099080082
2022-07-08,463,1.2716836784504,1.160946112752504,0.11073756569789595
2022-07-11,464,1.4417239019604042,1.2340994015759812,0.20762450038442312
2022-07-12,462,1.3293468199738148,1.2482906108010912,0.08105620917272356
2022-07-13,462,1.8704061663160552,1.6547852982458644,0.21562086807019104
2022-07-14,459,2.5968595607034772,2.299954368478976,0.29690519222450107
2022-07-15,446,2.4850704747699135,2.263975715127902,0.2210947596420113
2022-07-18,447,2.515832580859868,2.3919077935336825,0.12392478732618546
2022-07-19,451,1.7364367783945567,1.682430052868167,0.05400672552638958
2022-07-20,451,1.7651192050967326,1.71766045562685,0.04745874946988255
2022-07-21,451,1.632660649924132,1.6127821740514225,0.01987847587270946
2022-07-22,446,1.7623391248341724,1.666262834487588,0.09607629034658448
2022-07-25,441,1.770138282437465,1.6521034562606454,0.1180348261768198
2022-07-26,438,1.8388280426130508,1.691264984342249,0.14756305827080182
2022-07-27,435,1.8257465212112345,1.7643855829244968,0.061360938286737735
2022-07-28,428,1.524783018129816,1.446493176925497,0.07828984120431925
2022-07-29,427,1.5620212506554654,1.4932673880670955,0.06875386258836964
2022-08-01,426,1.6387296280941435,1.5667898800189919,0.07193974807515155
2022-08-02,416,1.736448430111909,1.684686227384496,0.05176220272741294
2022-08-03,409,1.420095914297836,1.3945489327710694,0.025546981526766745
2022-08-04,401,1.5160279518681132,1.4706803833706672,0.045347568497445985
2022-08-05,403,1.2725516671452743,1.2693864371675418,0.003165229977732542
2022-08-08,404,1.2480943369076722,1.2837950548358859,-0.03570071792821335
2022-08-09,407,1.1449050511820953,1.1448917849422138,1.3266239881290273e-05
2022-08-10,407,1.3462888131523911,1.364389437931026,-0.018100624778634805
2022-08-11,418,1.1086554350638336,1.0836397764997339,0.025015658564099773
2022-08-12,429,2.0109497058188315,2.161947014527907,-0.15099730870907543
2022-08-15,427,2.3040345369103123,2.5034381512726855,-0.19940361436237325
2022-08-16,422,2.586125712106404,2.7918157355869244,-0.20569002348052065
2022-08-17,414,2.5023640008744104,2.7175759008390425,-0.21521189996463208
2022-08-18,414,2.586394703949465,2.854830940656065,-0.26843623670660033
2022-08-19,413,2.4258116123366325,2.5517056097046207,-0.12589399736798837
2022-08-22,409,1.9111110036602217,2.0175008507062064,-0.10638984704598468
2022-08-23,407,1.4069035731185238,1.4759105553850318,-0.06900698226650821
2022-08-24,393,1.381838283961208,1.4579808880008964,-0.07614260403968841
2022-08-25,394,1.3399531796025341,1.3884180910296422,-0.048464911427108126
2022-08-26,399,1.084638242104789,1.1313923745359546,-0.04675413243116552
2022-08-29,397,1.256383466165675,1.3253469407780307,-0.06896347461235584
2022-08-30,389,1.203252235310932,1.2439245445354348,-0.04067230922450266
2022-08-31,394,1.289392353704639,1.3242887262306282,-0.03489637252598926
2022-09-01,406,1.3260016154361827,1.3831621601542003,-0.057160544718017806
2022-09-02,408,1.1608072583609363,1.22748769040468,-0.06668043204374365
2022-09-06,413,1.3127670406583727,1.4039074919377459,-0.09114045127937305
2022-09-07,414,1.9686717756388117,2.0624966878437823,-0.09382491220497056
2022-09-08,429,2.635286137013663,2.830086397929359,-0.19480026091569597
2022-09-09,429,3.76401678468803,4.115532113345015,-0.351515328656986
2022-09-12,428,4.702182329118244,5.051508276759119,-0.3493259476408735
2022-09-13,433,3.307713503284805,3.3682953791853354,-0.06058187590053071
2022-09-14,455,2.6277350644528483,2.8113917471322956,-0.18365668267944715
2022-09-15,443,2.957786029586814,3.101535088064356,-0.1437490584775422
2022-09-16,436,2.953459954840328,3.1184648090251716,-0.1650048541848432
2022-09-19,436,2.3273538234918356,2.520903736037448,-0.19354991254561238
2022-09-20,436,1.2672837817001887,1.3613094822061562,-0.09402570050596747
2022-09-21,438,1.3079312599768114,1.382502115655758,-0.0745708556789466
2022-09-22,427,1.5637274227306923,1.5882250139800973,-0.024497591249405083
2022-09-23,427,1.7265107781228581,1.7808274186830177,-0.054316640560159515
2022-09-26,428,1.708494838946327,1.7858451583206332,-0.0773503193743062
2022-09-27,428,1.632867252441551,1.721870895635399,-0.08900364319384783
2022-09-28,427,1.8075166914780263,1.96473877731512,-0.15722208583709354
2022-09-29,445,1.4450719123591511,1.5240053770749507,-0.0789334647157997
2022-09-30,451,1.428879326318492,1.5370093699939351,-0.10813004367544328
2022-10-03,453,1.2954827448942356,1.41550797790212,-0.12002523300788426
2022-10-04,454,1.4112034432392917,1.5469309970077014,-0.13572755376840978
2022-10-05,456,1.6141768581814662,1.7998901949991297,-0.18571333681766344
2022-10-06,463,1.6208571419630917,1.8472345618401333,-0.22637741987704155
2022-10-07,466,1.3545902662656337,1.4805598898465253,-0.12596962358089184
2022-10-10,466,1.4851188748296538,1.504711606073758,-0.019592731244104218
2022-10-11,466,1.9357380412194278,1.7275533044543492,0.20818473676507873
2022-10-12,466,2.166667663790144,1.959486221427614,0.2071814423625301
2022-10-13,469,1.7509966617575567,1.7356151717481991,0.015381490009357492
2022-10-14,464,3.182733197487685,2.8085436946058477,0.37418950288183805
2022-10-17,455,2.291999820320271,2.1800941636131252,0.11190565670714556
2022-10-18,455,2.0357714215233336,2.0008809114395234,0.03489051008381054
2022-10-19,455,1.8155945751982585,1.8462569874577797,-0.03066241225952133
2022-10-20,455,2.201196128611808,2.1993465201298266,0.0018496084819808823
2022-10-21,448,2.1453062433665453,2.205955205711461,-0.06064896234491619
2022-10-24,445,2.086063276761413,2.15552694037112,-0.06946366360970686
2022-10-25,443,2.0333376512080177,2.11856215097288,-0.08522449976486175
2022-10-26,427,1.9174258870243726,2.03199169931538,-0.11456581229100729
2022-10-27,418,2.2628619568548043,2.2807858892388126,-0.017923932384008644
2022-10-28,426,2.0581151682558243,2.026097284494428,0.03201788376139655
2022-10-31,421,1.9998528695027646,1.9528647974707423,0.04698807203202245
2022-11-01,416,2.301516031103539,2.3307668154821046,-0.029250784378565875
2022-11-02,406,2.5298255766449467,2.4957217271509844,0.03410384949396244
2022-11-03,398,2.4409783635831204,2.4158549875538804,0.0251233760292399
2022-11-04,402,2.030830758027529,2.0823090918870304,-0.0514783338595009
2022-11-07,399,1.807237034649045,1.8872915066064948,-0.08005447195744997
2022-11-08,395,1.8630228276192242,1.953365575174024,-0.09034274755479967
2022-11-09,407,2.532736687771824,2.587986983208242,-0.05525029543641839
2022-11-10,413,1.30371725358526,1.3629038882406068,-0.05918663465534698
2022-11-11,412,1.3554642614788062,1.3706750248540795,-0.015210763375273245
2022-11-14,417,1.3114774614507476,1.3640189291745073,-0.052541467723759436
2022-11-15,401,1.4848864943520803,1.5401555041703276,-0.055269009818247124
2022-11-16,395,1.5578445444476836,1.6174571493623244,-0.05961260491464063
2022-11-17,406,1.6286998628475178,1.6938195181842124,-0.06511965533669462
2022-11-18,408,1.2788084645608706,1.281167365212455,-0.002358900651584443
2022-11-21,408,1.2485815279924737,1.2316495102695968,0.016932017722876808
2022-11-22,411,1.26732046233741,1.2403572095203126,0.02696325281709756
2022-11-23,401,1.3019272162373257,1.256758910334313,0.04516830590301234
2022-11-25,404,1.292816065795393,1.2074317440095494,0.08538432178584347
2022-11-28,404,1.2951807237381536,1.2869037433094328,0.008276980428720639
2022-11-29,407,1.4441277900538805,1.454368875718466,-0.01024108566458561
2022-11-30,411,1.2863039088829054,1.2809020328204248,0.0054018760624804886
2022-12-01,415,1.459405450391744,1.3944015669294456,0.06500388346229835
2022-12-02,412,1.5734835601964345,1.50716928992903,0.06631427026740448
2022-12-05,409,1.4344276066162456,1.419633405144179,0.014794201472066662
2022-12-06,412,1.271647587981495,1.2624484362256485,0.00919915175584662
2022-12-07,411,1.1920116287841938,1.135223324366112,0.05678830441808166
2022-12-08,427,1.2674455499239832,1.1952868314544876,0.07215871846949566
2022-12-09,428,1.2385631201613094,1.193384108620891,0.045179011540418576
2022-12-12,426,1.3724739783678457,1.3579154214972042,0.014558556870641478
2022-12-13,432,1.587518109256729,1.5876644512205547,-0.00014634196382550842
2022-12-14,431,1.2410111528075385,1.2206463835230412,0.020364769284497472
2022-12-15,429,1.1096140485643902,1.1093279299068004,0.0002861186575899344
2022-12-16,435,1.1515852930165424,1.1433122770656363,0.008273015950905994
2022-12-19,437,1.3750750269722485,1.33074308312029,0.04433194385195874
2022-12-20,431,1.349169378366236,1.3032308281262295,0.04593855024000655
2022-12-21,433,1.442994578992556,1.4009678157327925,0.04202676325976346
2022-12-22,426,1.61653344497604,1.528313495256625,0.08821994971941494
2022-12-23,428,1.713849992075073,1.6387638437641345,0.07508614831093842
2022-12-27,430,2.0106355458412786,1.9098631505623342,0.10077239527894413
2022-12-28,425,2.6283904170250296,2.456574378844866,0.17181603818016408
2022-12-29,441,2.1331832751805964,2.022693394098985,0.11048988108161169
2022-12-30,454,2.195743212114606,2.1128597113565193,0.08288350075808719
2023-01-03,455,1.9650445050850893,1.8342272916947155,0.13081721339037372
2023-01-04,450,1.5078685049246219,1.4467460730998012,0.06112243182482064
2023-01-05,455,1.985886098968185,1.9080066402692415,0.07787945869894365
2023-01-06,458,1.923861725086106,1.8580333291654294,0.06582839592067657
2023-01-09,461,1.6028276706892677,1.5689081400404814,0.0339195306487864
2023-01-10,460,1.5231298223927117,1.500825020421473,0.02230480197123862
2023-01-11,459,1.5046308322537472,1.4880491960191888,0.01658163623455816
2023-01-12,464,1.460253125741462,1.4409127661124799,0.01934035962898231
2023-01-13,461,1.2836415355827824,1.245366396178764,0.03827513940401828
2023-01-17,455,1.3715306482602931,1.4031315679226208,-0.03160091966232762
2023-01-18,454,1.9362049210874073,1.999955749550962,-0.06375082846355493
2023-01-19,458,2.9487931343172518,3.0310179547566545,-0.08222482043940255
2023-01-20,458,1.9997386945028026,2.071053854375941,-0.07131515987313893
2023-01-23,452,1.5251629937035516,1.5539704414131474,-0.028807447709595733
2023-01-24,453,1.6426219731719687,1.7017771353823952,-0.05915516221042657
2023-01-25,448,1.5802001146932292,1.59873389740573,-0.01853378271250063
2023-01-26,436,1.430500666893214,1.4134642955441137,0.017036371349100594
2023-01-27,431,1.2134684485031983,1.191921233260093,0.021547215243105194
2023-01-30,433,1.428395029074704,1.4521369549817198,-0.02374192590701573
2023-01-31,429,1.30419308583326,1.3119734730538366,-0.007780387220576836
2023-02-01,424,1.269934657581666,1.2820979393122034,-0.012163281730537528
2023-02-02,414,1.2819633941101933,1.2257316888911862,0.056231705219007104
2023-02-03,409,1.2176922542166655,1.1895028013843556,0.02818945283230987
2023-02-06,411,1.2335395713513,1.1777140705655804,0.05582550078571954
2023-02-07,410,1.3450533191697895,1.2853710155994769,0.059682303570312706
2023-02-08,402,1.2354049243096863,1.1883072179234846,0.047097706386201685
2023-02-09,409,1.2455994442661829,1.231429479840878,0.014169964425304687
2023-02-10,400,1.2662575551104747,1.2258613731715668,0.04039618193890781
2023-02-13,390,1.4089275868844882,1.34391839918732,0.0650091876971683
2023-02-14,397,1.4238661594460127,1.3623856477352279,0.061480511710784856
2023-02-15,392,1.3958669328740796,1.3173777245801923,0.07848920829388746
2023-02-16,399,1.1758045628227138,1.1539821525265792,0.021822410296134496
2023-02-17,404,1.1996404555529432,1.1664494199990694,0.03319103555387385
2023-02-21,401,1.249720800608341,1.246099525291107,0.003621275317234014
2023-02-22,399,1.2163002650125492,1.2149865097661863,0.0013137552463630062
2023-02-23,389,1.2801261581424452,1.2448029107903926,0.035323247352052514
2023-02-24,392,1.478681918536996,1.4287063478519908,0.049975570685005265
2023-02-27,405,1.768136846529405,1.7100818959681405,0.05805495056126427
2023-02-28,394,1.6471449535565692,1.601244002162899,0.045900951393670196
2023-03-01,395,2.038700585666776,1.9840360912953838,0.05466449437139233
2023-03-02,391,1.8940561143534085,1.8415054144353875,0.05255069991802105
2023-03-03,393,2.481683380463168,2.401865761816071,0.0798176186470965
2023-03-06,396,2.0683833332648107,2.0094704213660908,0.05891291189872004
2023-03-07,399,1.5245322394707432,1.5091108647002218,0.01542137477052131
2023-03-08,402,1.838818128963209,1.774309578156469,0.06450855080673988
2023-03-09,422,1.6579145262394488,1.5900031408310484,0.06791138540840029
2023-03-10,425,1.4834201872643116,1.4751603948686445,0.008259792395667084
2023-03-13,427,1.1608447765802445,1.2840916475178235,-0.1232468709375788
2023-03-14,453,1.026316195387911,1.0967913452731621,-0.07047514988525129
2023-03-15,455,1.2872545974435865,1.3906321350084712,-0.10337753756488467
2023-03-16,448,1.095914537945647,1.2212695438454209,-0.12535500589977375
2023-03-17,445,1.7364898502484503,1.8612803304321566,-0.12479048018370617
2023-03-20,446,1.4615859596435405,1.564544363290587,-0.10295840364704655
2023-03-21,446,1.1400972738701922,1.2030427764278624,-0.06294550255767005
2023-03-22,441,1.554795387344642,1.6217549702373872,-0.0669595828927452
2023-03-23,433,1.6781087194380853,1.6944272474980455,-0.016318528059960265
2023-03-24,432,1.463646181108623,1.4738732047712748,-0.010227023662651913
2023-03-27,432,1.4359328530595243,1.4622126826031743,-0.02627982954365015
2023-03-28,433,1.3276858585855382,1.354139879523535,-0.02645402093799715
2023-03-29,425,1.2360574263719515,1.275560830979149,-0.039503404607197805
2023-03-30,445,1.14572577571332,1.1651344721496206,-0.019408696436300752
2023-03-31,452,1.0572746209697121,1.060675715309117,-0.0034010943394048605
2023-04-03,453,1.0177718809660754,1.0279049104130937,-0.010133029447018377
2023-04-04,457,1.145355190467156,1.1573066140289774,-0.011951423561821602
2023-04-05,457,1.1742738231983179,1.1842557084279903,-0.009981885229672352
2023-04-06,467,1.170119812051254,1.1845832526525326,-0.01446344060127881
2023-04-10,468,1.149420899218009,1.1686400805347676,-0.019219181316758704
2023-04-11,463,1.163365312272655,1.1443892422048851,0.01897607006776988
2023-04-12,463,1.1857088711178165,1.1652438929781024,0.020464978139714093
2023-04-13,466,1.2648591622050604,1.2443037704051634,0.02055539179989722
2023-04-14,456,1.2734175831764614,1.2830142430293112,-0.009596659852849805
2023-04-17,456,1.2100360874195335,1.218808248124364,-0.008772160704830428
2023-04-18,454,1.3881084261328214,1.372519678005421,0.015588748127400447
2023-04-19,452,1.478639492137734,1.4717812820481757,0.006858210089558341
2023-04-20,451,1.5447149170542522,1.5434804889815106,0.0012344280727414223
2023-04-21,446,1.3826167233278144,1.3843269055866043,-0.0017101822587898374
2023-04-24,444,1.483525723243045,1.4784527708481319,0.005072952394913254
2023-04-25,442,1.547004163794306,1.5588898581851396,-0.011885694390833743
2023-04-26,439,1.6677290982215613,1.7153343961173153,-0.04760529789575399
2023-04-27,429,1.5183178434584503,1.535060678521641,-0.01674283506319076
2023-04-28,427,1.5478884310344367,1.5299039392885723,0.017984491745864615
2023-05-01,425,1.5234261589482772,1.487815474066733,0.03561068488154388
2023-05-02,421,1.5347797412411432,1.5243940063266561,0.010385734914487119
2023-05-03,416,1.5271096716788435,1.5314498411750606,-0.00434016949621735
2023-05-04,411,1.7557869632439984,1.7905607284148057,-0.034773765170807026
2023-05-05,411,1.4409129603590627,1.4587834676825582,-0.017870507323495526
2023-05-08,409,1.3957582797726371,1.4048985354357568,-0.00914025566311969
2023-05-09,410,1.370254677818181,1.3613359422832012,0.008918735534979677
2023-05-10,411,1.3881099300593374,1.3582899685645637,0.029819961494773603
2023-05-11,416,1.6478623337000877,1.5979965601472097,0.04986577355287818
2023-05-12,419,2.003706724470491,1.9562121698773964,0.04749455459309428
2023-05-15,412,1.9390915938522115,1.8935950488315405,0.04549654502067099
2023-05-16,399,1.7288817414442221,1.7120909099378596,0.016790831506362562
2023-05-17,390,1.6415735255871082,1.6408725413901877,0.0007009841969202366
2023-05-18,400,1.3632133016223578,1.3809300871807073,-0.01771678555834966
2023-05-19,404,1.3968528325057659,1.4183205956983231,-0.021467763192556968
2023-05-22,404,1.4270784138621235,1.4594260501389644,-0.03234763627684085
2023-05-23,405,1.6171417383337907,1.6740522751126483,-0.05691053677885748
2023-05-24,392,2.030885408444944,2.0925271578905935,-0.06164174944564913
2023-05-25,399,1.7549787268067836,1.8082296317658562,-0.053250904959072295
2023-05-26,410,1.6340867441209228,1.69932921944972,-0.06524247532879689
2023-05-30,413,1.9038867229267729,1.9689324732407332,-0.06504575031396033
2023-05-31,408,2.1455561453131424,2.2248310588890328,-0.07927491357589007
2023-06-01,410,2.181445851613238,2.271025142736824,-0.08957929112358615
2023-06-02,409,1.533672739424338,1.6353559071256154,-0.10168316770127751
2023-06-05,408,1.4665292040367721,1.5473263515920073,-0.08079714755523516
2023-06-06,410,1.2977799143041804,1.3652610583678955,-0.06748114406371493
2023-06-07,411,1.2955871272560027,1.3345711976982215,-0.03898407044221882
2023-06-08,424,1.1491939112938816,1.1649995096390804,-0.01580559834519887
2023-06-09,426,1.1020793874487513,1.123770077536903,-0.021690690088151773
2023-06-12,426,1.1873375078664548,1.2353103411525055,-0.04797283328605068
2023-06-13,433,1.0937505820100286,1.1173439264123055,-0.023593344402276988
2023-06-14,436,1.1125987393067684,1.164396394656661,-0.0517976553498924
2023-06-15,441,1.059948096083951,1.0927565530313235,-0.032808456947372396
2023-06-16,441,1.0736635095887466,1.118570309411337,-0.04490679982259043
2023-06-20,441,1.079702078220691,1.138546134908192,-0.058844056687500944
2023-06-21,435,0.9994486943772769,1.0326955914382454,-0.03324689706096863
2023-06-22,430,1.1227934566512638,1.1634719556012956,-0.0406784989500317
2023-06-23,430,1.4567077762773377,1.5726830105477385,-0.11597523427040048
2023-06-26,430,1.6153094396537109,1.7239433472024677,-0.10863390754875675
2023-06-27,428,1.3729181134951087,1.477701590404552,-0.10478347690944335
2023-06-28,423,1.5456685261196441,1.6579054539713562,-0.11223692785171238
2023-06-29,440,1.2651508701173588,1.3620363122445163,-0.0968854421271577
2023-06-30,449,1.2067290970936744,1.2913894988383774,-0.08466040174470305
2023-07-03,454,1.273628043598256,1.3601413586292683,-0.08651331503101224
2023-07-05,455,1.4952480978473437,1.6097448052418282,-0.11449670739448418
2023-07-06,456,1.5960530564398008,1.693160577020376,-0.09710752058057506
2023-07-07,465,1.4923614007692096,1.5884634579014973,-0.0961020571322876
2023-07-10,466,1.3924197526692903,1.472092399737581,-0.07967264706829069
2023-07-11,465,1.2311945907162662,1.2868812970282035,-0.05568670631193697
2023-07-12,464,1.2441822329363699,1.2865328990394886,-0.0423506661031187
2023-07-13,466,1.1913343798519656,1.1981358291622188,-0.006801449310253314
2023-07-14,460,1.3471807994428144,1.3811724465611537,-0.03399164711833934
2023-07-17,452,1.345864640004813,1.3832514145808343,-0.03738677457602122
2023-07-18,451,1.2261252414236419,1.2463313642304288,-0.02020612280678685
2023-07-19,452,1.2678423313075189,1.2608010444529552,0.007041286854563734
2023-07-20,455,1.3794616508171587,1.363786214004151,0.01567543681300783
2023-07-21,447,1.536865336900569,1.5002782320326302,0.03658710486793847
2023-07-24,443,1.557084575410338,1.5419065381124084,0.015178037297929447
2023-07-25,441,1.6195528064266715,1.5903072734225094,0.02924553300416231
2023-07-26,436,1.5774528018422067,1.548844846864667,0.02860795497753991
2023-07-27,427,1.4756265784749367,1.4918828652390668,-0.01625628676413005
2023-07-28,430,1.5470162909295175,1.5553973493306277,-0.008381058401110046
2023-07-31,428,1.5422589434913163,1.528742088024303,0.013516855467013438
2023-08-01,422,1.6045131739232121,1.561041478387097,0.04347169553611509
2023-08-02,414,1.4552668083937546,1.4286246843884693,0.026642124005284967
2023-08-03,404,1.3985552469789264,1.366465649484203,0.032089597494723295
2023-08-04,405,1.2505666904622028,1.2538061697887513,-0.0032394793265484883
2023-08-07,408,1.4104377859695096,1.3631207992152758,0.0473169867542338
2023-08-08,407,1.3471267969191656,1.309813176290978,0.0373136206281879
2023-08-09,412,1.1311134666833946,1.0972594082580964,0.03385405842529826
2023-08-10,419,1.159611263140235,1.1276848134226818,0.03192644971755347
2023-08-11,419,1.1089698094067708,1.0675859317068153,0.041383877699955496
2023-08-14,426,1.0060661138377864,0.9778829306323501,0.028183183205436394
2023-08-15,430,0.9606677535874888,0.9688640425035996,-0.008196288916110865
2023-08-16,425,1.0453699523225977,1.0565023086221321,-0.011132356299534503
2023-08-17,412,1.2415740711978507,1.259536947061451,-0.017962875863600264
2023-08-18,412,1.3273978146532548,1.3674453967638998,-0.040047582110644915
2023-08-21,407,1.1854741997567457,1.215077459086009,-0.029603259329263304
2023-08-22,406,1.1743054764828436,1.2027722243731556,-0.02846674789031211
2023-08-23,392,1.0722780028816021,1.0920120133490094,-0.019734010467407304
2023-08-24,394,1.1933868357481998,1.2168883688934407,-0.023501533145241046
2023-08-25,401,1.1728967300690252,1.1933530241764434,-0.020456294107418047
2023-08-28,397,1.1328136365634742,1.1356617285457378,-0.00284809198226341
2023-08-29,397,1.1765636999216271,1.1636889204672352,0.012874779454391845
2023-08-30,383,1.1613779040598153,1.148023585511817,0.013354318547998371
2023-08-31,405,1.1337910630813035,1.1046957968247688,0.029095266256534715
2023-09-01,408,1.1775607833185477,1.1500699341412464,0.027490849177301296
2023-09-05,415,1.0799499358159133,1.0904023980377138,-0.010452462221800723
2023-09-06,418,1.1253200569789672,1.1295520809394197,-0.00423202396045241
2023-09-07,431,1.2578749453014557,1.238108145574746,0.019766799726709666
2023-09-08,430,1.2132785251727431,1.182375310426018,0.03090321474672534
2023-09-11,427,1.2312081231825451,1.2014744633130787,0.029733659869466304
2023-09-12,432,1.3593198404959674,1.2986942158223327,0.06062562467363459
2023-09-13,434,1.2884692154853297,1.2163027850063985,0.07216643047893107
2023-09-14,440,1.3589164467573311,1.2625804476621247,0.09633599909520653
2023-09-15,439,1.2324126039777488,1.1416072926718766,0.09080531130587224
2023-09-18,440,1.4793879199089606,1.3663093107762898,0.11307860913267052
2023-09-19,439,1.6700604314940535,1.5278130847342082,0.14224734675984538
2023-09-20,440,1.4950832217030525,1.3868226297276878,0.10826059197536474
2023-09-21,430,1.3094945090892296,1.2510932589453738,0.05840125014385571
2023-09-22,426,1.2171328486396484,1.1945185364551094,0.022614312184539014
2023-09-25,429,1.182344578790651,1.1589732914028725,0.02337128738777849
2023-09-26,430,1.1128963596781147,1.149095329155082,-0.036198969476967276
2023-09-27,427,1.1681277435503534,1.2005086571574175,-0.032380913607064084
2023-09-28,444,1.2158317568228003,1.2209616808059311,-0.0051299239831308786
2023-09-29,449,1.1875896858642179,1.2015523482150883,-0.013962662350870392
2023-10-02,449,1.298642592545669,1.3460464524544462,-0.0474038599087773
2023-10-03,451,1.4846973264221095,1.5205457213527527,-0.03584839493064319
2023-10-04,453,1.2681698457613455,1.2990573906753382,-0.0308875449139929
2023-10-05,461,1.1786207672718279,1.2098239674437417,-0.031203200171913546
2023-10-06,466,1.226761800603804,1.2415792645262955,-0.014817463922491534
2023-10-09,465,1.27933067875885,1.258411208050336,0.020919470708514146
2023-10-10,464,1.3308692445357755,1.2875043559317414,0.043364888604034015
2023-10-11,468,1.7627378070480264,1.691988856232887,0.0707489508151393
2023-10-12,470,1.6234255039736418,1.5999620423363081,0.023463461637333975
2023-10-13,471,1.6637283718497575,1.6023223908671982,0.06140598098255947
2023-10-16,466,1.755428124436101,1.6839628993146836,0.07146522512141741
2023-10-17,453,1.649734718015263,1.5856929546087943,0.06404176340646858
2023-10-18,453,1.4359077729258862,1.4165063581913298,0.019401414734556435
2023-10-19,454,1.4205084330009914,1.4279034209518378,-0.007394987950846261
2023-10-20,453,1.92539761131607,1.9219518445861363,0.0034457667299336346
2023-10-23,449,1.9452436961285586,1.9388683397531383,0.006375356375420346
2023-10-24,447,1.782612130191512,1.803598220877452,-0.020986090685939596
2023-10-25,443,2.1191313423774956,2.121959060399974,-0.0028277180224785155
2023-10-26,432,1.9793211030770304,2.0059293170170975,-0.026608213940067307
2023-10-27,425,2.4741004858465763,2.4937672448469863,-0.019666759000409626
2023-10-30,426,2.1468622916656663,2.2045906101623567,-0.05772831849669045
2023-10-31,422,2.7438015389341746,2.8236795068105445,-0.07987796787637026
2023-11-01,415,2.6972194316744647,2.7236747753621664,-0.026455343687701898
2023-11-02,400,1.942256198732238,2.0279076146369395,-0.08565141590470171
2023-11-03,399,1.4897606300988313,1.5808230749850014,-0.09106244488617009
2023-11-06,396,1.6945317905356931,1.7792814354773727,-0.08474964494167973
2023-11-07,395,1.5227759493512107,1.6212499269141434,-0.0984739775629329
2023-11-08,391,1.5958751996136853,1.6836496409742712,-0.08777444136058575
2023-11-09,399,1.919555865801712,1.992248883686271,-0.07269301788455906
2023-11-10,404,1.533932259409672,1.6156518053415523,-0.08171954593188048
2023-11-13,409,1.6012294330841224,1.6662455323442538,-0.06501609926013145
2023-11-14,414,1.1682475861986528,1.2345441083544888,-0.06629652215583613
2023-11-15,387,1.1826846249974,1.2664401156920824,-0.08375549069468252
2023-11-16,403,1.5607286498489068,1.6728003677768613,-0.11207171792795445
2023-11-17,407,1.4992936221417277,1.6197093195635492,-0.12041569742182172
2023-11-20,407,1.339414632612028,1.4234035299438166,-0.0839888973317886
2023-11-21,408,1.4393046401524958,1.5155761663830694,-0.07627152623057348
2023-11-22,399,1.4951929653442793,1.589222830972392,-0.0940298656281127
2023-11-24,402,1.516775223219812,1.6131262548853826,-0.096351031665571
2023-11-27,404,1.6249052752296271,1.7722160011675958,-0.14731072593796873
2023-11-28,399,1.7265965175155087,1.8889908129106838,-0.16239429539517505
2023-11-29,407,2.082810298844985,2.281513005961047,-0.1987027071160619
2023-11-30,415,2.5802818971381516,2.7927850586074383,-0.2125031614692864
2023-12-01,411,1.829854721274461,1.9797188709568163,-0.14986414968235534
2023-12-04,407,1.7298871886854061,1.8798272518563415,-0.1499400631709353
2023-12-05,412,2.1879947731659652,2.3703624568554633,-0.18236768368949807
2023-12-06,410,1.7357813606786976,1.8408310529545857,-0.10504969227588801
2023-12-07,427,1.846959064044967,2.001604131766967,-0.1546450677220001
2023-12-08,430,1.7561576937188486,1.922749094836343,-0.1665914011174945
2023-12-11,429,1.737173324356051,1.9045159856845129,-0.16734266132846176
2023-12-12,429,1.8135285371598,1.9731118277619188,-0.15958329060211884
2023-12-13,413,1.3283178849706527,1.4190654725491825,-0.09074758757852978
2023-12-14,426,0.9152428351229628,0.9573381786317671,-0.04209534350880417
2023-12-15,432,1.007232549629751,1.0368914116423353,-0.02965886201258447
2023-12-18,436,1.0043039993206728,0.971162802165938,0.033141197154734965
2023-12-19,431,1.0325964752381414,0.9731519532162144,0.059444522021926856
2023-12-20,436,1.054568553043552,1.0654461397070834,-0.010877586663531343
2023-12-21,434,1.0243403496728316,1.011451311559198,0.012889038113633374
2023-12-22,428,1.0106095296576951,0.9728763068004309,0.03773322285726408
2023-12-26,429,1.0470151233144038,1.00637555866345,0.040639564650953974
2023-12-27,431,1.0778010850457853,1.0335565525836976,0.04424453246208766
2023-12-28,446,1.1014218019877036,1.0660229861361392,0.035398815851564236
2023-12-29,457,1.1277837062288323,1.0957296583652454,0.032054047863586774
2024-01-02,458,1.2093562337744617,1.1805416140804996,0.028814619693962092
2024-01-03,453,1.2950189214247987,1.3009530657075417,-0.00593414428274266
2024-01-04,456,1.4350242913617113,1.4519883338843298,-0.016964042522618593
2024-01-05,456,1.5446972297757022,1.5707837435058918,-0.026086513730189678
2024-01-08,456,1.346932692215864,1.351651811416637,-0.004719119200773204
2024-01-09,461,1.3860327788429563,1.4000034870867277,-0.013970708243771706
2024-01-10,461,1.351852078252027,1.3712845043569069,-0.019432426104880034
2024-01-11,465,1.221549088139011,1.254929400321127,-0.033380312182116026
2024-01-12,469,1.2964519841762956,1.3397293963022687,-0.043277412125973365
2024-01-16,463,1.386336650650314,1.4345680988487568,-0.048231448198442564
2024-01-17,455,1.2742224194671805,1.3176501542325951,-0.04342773476541445
2024-01-18,458,1.4208121258848898,1.4767704068489624,-0.055958280964072724
2024-01-19,458,1.3488303800952817,1.403429660480957,-0.054599280385675394
2024-01-22,456,1.3166283487487045,1.353454719258561,-0.03682637050985656
2024-01-23,456,1.3084020614758534,1.3536308928399454,-0.04522883136409219
2024-01-24,453,1.4827578341409826,1.544501858543203,-0.06174402440222059
2024-01-25,442,1.5233913180110934,1.5723563964200273,-0.048965078408934104
2024-01-26,437,1.6055909882973574,1.6654052801438375,-0.05981429184647987
2024-01-29,436,1.4696041307616565,1.525215629796515,-0.05561149903485835
2024-01-30,439,1.4620906126924735,1.4886548420211774,-0.02656422932870371
2024-01-31,438,1.7669407648230926,1.8136336715476635,-0.046692906724570965
2024-02-01,423,1.7072489249347016,1.7768699783103905,-0.06962105337568869
2024-02-02,415,1.5218571586012373,1.5735331562106278,-0.05167599760939068
2024-02-05,410,1.4248899530604893,1.4203349271708234,0.004555025889665857
2024-02-06,408,1.3000777976354256,1.3029800529128364,-0.002902255277410647
2024-02-07,400,1.3918946873498816,1.3949339389539177,-0.003039251604035763
2024-02-08,405,1.3431073745632593,1.3657600290782845,-0.02265265451502494
2024-02-09,405,1.3081494512187337,1.327453247039234,-0.019303795820500104
2024-02-12,405,1.3457177323212968,1.362651973842746,-0.016934241521449178
2024-02-13,399,1.5758304010173159,1.581669068369513,-0.00583866735219727
2024-02-14,386,1.4393010300941407,1.435017881287858,0.004283148806282643
2024-02-15,396,1.4073053017955004,1.4155803577133403,-0.008275055917840054
2024-02-16,405,1.6038543083079113,1.6222369197863376,-0.018382611478426417
2024-02-20,405,1.627399660076669,1.636749410181468,-0.009349750104799012
2024-02-21,404,1.7966200679870044,1.8068696397619222,-0.010249571774917999
2024-02-22,392,1.5472653266108274,1.5646424725773753,-0.017377145966547863
2024-02-23,392,1.3829725144606628,1.367339701307193,0.015632813153469854
2024-02-26,396,1.3363037615142819,1.3114653638182072,0.024838397696074797
2024-02-27,390,1.2759557893319287,1.259812744074932,0.01614304525699678
2024-02-28,396,1.3200113156051576,1.3036414713297475,0.0163698442754099
2024-02-29,385,1.1404118429896875,1.135703224826387,0.004708618163300404
2024-03-01,391,1.192999922598101,1.1914154890473099,0.0015844335507910153
2024-03-04,390,1.2167583794077186,1.2124321849491269,0.004326194458591647
2024-03-05,397,1.2249476638270107,1.2320682003371477,-0.007120536510136864
2024-03-06,396,1.2392039752802673,1.233145983162855,0.006057992117412129
2024-03-07,418,1.2455079680025316,1.2354029400115736,0.01010502799095821
2024-03-08,422,1.1808741196143566,1.1724754227422076,0.008398696872149012
2024-03-11,423,1.229573729398929,1.213544226720112,0.016029502678816972
2024-03-12,431,1.168730023440854,1.1510927136808369,0.017637309760016828
2024-03-13,410,1.0879904525637032,1.0805424798872927,0.00744797267641047
2024-03-14,436,1.2029177320999784,1.1960000017021806,0.006917730397797666
2024-03-15,436,1.1242762490717109,1.1234240400771633,0.0008522089945474556
2024-03-18,439,1.0385138026375278,1.0223357623879303,0.01617804024959745
2024-03-19,437,1.1183705119829173,1.0945937516351723,0.023776760347745063
2024-03-20,437,1.0681853927301304,1.0368829248336782,0.03130246789645224
2024-03-21,437,1.065904909822872,1.0346886962236896,0.03121621359918243
2024-03-22,436,0.9975665137255493,0.9779315360855306,0.019634977640018647
2024-03-25,429,0.982320051164183,0.9599284532072526,0.02239159795693033
2024-03-26,428,1.0795289541366637,1.0602229592550458,0.01930599488161792
2024-03-27,450,1.226826605329086,1.19124016054601,0.035586444783075856
2024-03-28,452,1.5303351928838946,1.4941709826047225,0.036164210279171785
2024-04-01,453,1.5325122195070446,1.5349482345841488,-0.0024360150771042008
2024-04-02,454,1.4515706717334897,1.4237250822633165,0.027845589470173262
2024-04-03,457,1.5348290693431619,1.5285673510371651,0.006261718305996737
2024-04-04,458,1.393903002048102,1.394557988880069,-0.0006549868319672546
2024-04-05,456,1.5929915619319333,1.6304023673273058,-0.03741080539537238
2024-04-08,459,1.4653184388408045,1.4976405854347357,-0.032322146593931234
2024-04-09,462,1.3497753691201702,1.3550078602107665,-0.005232491090596238
2024-04-10,462,1.1936116668345367,1.1985418532824013,-0.004930186447864321
2024-04-11,464,1.3255042513793054,1.327175633460215,-0.0016713820809095736
2024-04-12,470,1.1998022886713668,1.1947971937002326,0.005005094971133946
2024-04-15,466,1.2843319823799801,1.2569611017611892,0.027370880618791057
2024-04-16,457,1.3519792985800227,1.3311917092808658,0.02078758929915677
2024-04-17,455,1.327271098049573,1.314601877913458,0.012669220136115126
2024-04-18,458,1.475686471580485,1.4501899590623752,0.02549651251810946
2024-04-19,455,1.6163107661380853,1.5664667803633547,0.04984398577473063
2024-04-22,452,1.679079548112704,1.6319455040074615,0.04713404410524267
2024-04-23,452,1.4997729766062453,1.4795015455051983,0.02027143110104721
2024-04-24,452,1.449091996794952,1.4281415503050103,0.02095044648994183
2024-04-25,440,1.4455909407605072,1.4239153641034683,0.02167557665703874
2024-04-26,430,1.447631033183467,1.4386985201482683,0.008932513035198777
2024-04-29,432,1.3127870783647437,1.3003531256291623,0.012433952735581481
2024-04-30,429,1.5667596745229224,1.5451705760136087,0.021589098509313807
2024-05-01,422,1.7823255786010668,1.7362906515665641,0.04603492703450255
2024-05-02,408,1.4566726059163004,1.4342032902482664,0.022469315668033892
2024-05-03,407,1.3123177123794543,1.2841242943326938,0.0281934180467605
2024-05-06,407,1.209762963985655,1.1872768430937124,0.022486120891942747
2024-05-07,407,1.1489889534113804,1.121162443438209,0.02782650997317143
2024-05-08,406,1.1660541229479255,1.147560325423417,0.018493797524508415
2024-05-09,408,1.1512107393216742,1.1334098665531136,0.017800872768560516
2024-05-10,411,1.2466877835420664,1.2170013100977242,0.029686473444342425
2024-05-13,415,1.342895662946038,1.3225048158472785,0.020390847098759435
2024-05-14,423,1.4520614517049855,1.4228551024698848,0.02920634923510061
2024-05-15,427,1.4845230979220225,1.461054371301905,0.023468726620117567
2024-05-16,425,1.2200317871437902,1.2142047972289838,0.005826989914806407
2024-05-17,417,1.3550531441268867,1.3410700273972331,0.013983116729653654
2024-05-20,414,1.3627881731833107,1.3598489861587648,0.0029391870245459584
2024-05-21,415,1.2670347943608042,1.246912657854796,0.020122136506008307
2024-05-22,414,1.2372002666360846,1.2196558899990424,0.017544376637042322
2024-05-23,407,1.1556351069238657,1.1557794374779418,-0.00014433055407582894
2024-05-24,404,1.0997902089122849,1.084831959185281,0.014958249727003796
2024-05-28,403,1.0888310033478015,1.093198813079061,-0.004367809731259453
2024-05-29,401,1.1722524225196427,1.1705754136256412,0.0016770088940015469
2024-05-30,404,1.190099676674809,1.1999436842701339,-0.009844007595324809
2024-05-31,393,1.348139405267821,1.3349108957877163,0.013228509480104672
2024-06-03,400,1.3056423551495937,1.2958323907879892,0.009809964361604232
2024-06-04,399,1.3482504219623748,1.3376888831630602,0.010561538799314237
2024-06-05,401,1.094353568421474,1.0914514138981313,0.0029021545233427148
2024-06-06,400,1.0734237490700886,1.066975251731587,0.006448497338501795
2024-06-07,415,1.0210414390952318,1.017018698086778,0.004022741008453914
2024-06-10,425,0.9940135882956462,0.9930962984395272,0.0009172898561190021
2024-06-11,425,0.9782860269372764,0.9769627306692419,0.001323296268034681
2024-06-12,428,0.9645446175703877,0.9734297891670972,-0.008885171596709627
2024-06-13,407,1.064482412207365,1.0656177383997756,-0.001135326192410415
2024-06-14,428,1.062457366833049,1.0539482168821246,0.008509149950924234
2024-06-17,435,1.0680198003499481,1.0664509812603318,0.0015688190896162501
2024-06-18,442,1.076770272389446,1.0674167990597514,0.009353473329694542
2024-06-20,435,1.051530117409057,1.053691185938092,-0.002161068529034989
2024-06-21,433,1.0381284244791904,1.0303823474631026,0.00774607701608764
2024-06-24,432,1.1841263936075104,1.1663583804900055,0.017768013117504786
2024-06-25,426,1.0645154808352957,1.0610141732718585,0.0035013075634371393
2024-06-26,424,1.1023418028375047,1.0831062901448578,0.01923551269264677
2024-06-27,424,1.1686664303289194,1.1490140181693445,0.019652412159574903
2024-06-28,439,1.1734812643204453,1.1715329859051848,0.0019482784152603397
2024-07-01,448,1.7562614734687914,1.7051654989216731,0.05109597454711824
2024-07-02,449,1.6797459804057988,1.6591849244235901,0.020561055982208774
2024-07-03,450,1.6020000960733323,1.5630907405985748,0.038909355474757684
2024-07-05,454,1.5567972028259538,1.5365398482293913,0.02025735459656237
2024-07-08,456,1.618036977919926,1.5971433674370588,0.020893610482867263
2024-07-09,459,1.574125393663044,1.554780163658139,0.019345230004904925
2024-07-10,464,1.4821207404384025,1.4926145275828635,-0.010493787144461076
2024-07-11,467,1.5330119040682744,1.5487189292849304,-0.01570702521665622
2024-07-12,465,1.6878755562292749,1.7100855241298782,-0.022209967900603207
2024-07-15,472,1.652144452602167,1.677749212675832,-0.025604760073665103
2024-07-16,471,1.816805610774952,1.8705317707597082,-0.053726159984756286
2024-07-17,463,1.438128980099022,1.4426194162518589,-0.0044904361528369935
2024-07-18,455,1.7115313726504118,1.7269061137084618,-0.015374741058050128
2024-07-19,457,2.1020568131620894,2.1416400127059125,-0.0395831995438232
2024-07-22,456,2.467674408103269,2.5115397865950335,-0.04386537849176419
2024-07-23,454,2.2048990483077224,2.2857905244513126,-0.08089147614359017
2024-07-24,450,1.9529268748353072,1.9918143176262169,-0.03888744279090951
2024-07-25,450,1.6057606388376708,1.6468782476515809,-0.04111760881390998
2024-07-26,446,1.5749757931150399,1.6165665334945025,-0.041590740379462636
2024-07-29,435,1.6180281054416328,1.657948668015434,-0.039920562573801
2024-07-30,434,1.5312462474822452,1.544615432702195,-0.013369185219949712
2024-07-31,436,1.5496185767547008,1.5494946106999048,0.00012396605479570908
2024-08-01,426,1.2005188028870337,1.1935572136475463,0.0069615892394874574
2024-08-02,414,1.4317622269853847,1.4372466430467106,-0.005484416061326099
2024-08-05,411,2.1100708780026913,2.0933199950037586,0.016750882998932327
2024-08-06,409,1.6644940318893604,1.638726681454336,0.025767350435024178
2024-08-07,407,2.0636824726163323,1.9423177434480068,0.12136472916832594
2024-08-08,405,1.3300536969468575,1.2962357399294584,0.033817957017398925
2024-08-09,408,1.5508532381599502,1.4765506287779033,0.07430260938204704
2024-08-12,415,1.6123636334881803,1.5461287547316487,0.0662348787565317
2024-08-13,412,1.337695880008139,1.2881511689998277,0.04954471100831152
2024-08-14,418,1.2268873974123713,1.1867279322946682,0.04015946511770299
2024-08-15,434,1.1595013362164819,1.1476047255954445,0.011896610621037387
2024-08-16,427,1.236792217877286,1.2148835223479615,0.021908695529324604
2024-08-19,417,1.1983928791926475,1.211360236866662,-0.012967357674014681
2024-08-20,413,1.2258270774362874,1.2456216456435336,-0.01979456820724607
2024-08-21,413,1.2233662886302514,1.244377267999077,-0.021010979368825435
2024-08-22,402,1.2874101880781605,1.3343371209777892,-0.04692693289962851
2024-08-23,399,1.366330558668159,1.4152375942981745,-0.04890703563001549
2024-08-26,398,1.389983176974614,1.435217554347706,-0.04523437737309184
2024-08-27,399,1.2575111444357372,1.2584833040420498,-0.0009721596063125041
2024-08-28,395,1.2028625918944749,1.1995518510183236,0.0033107408761513233
2024-08-29,375,1.209634519427408,1.1822552902343475,0.02737922919306034
2024-08-30,382,1.2632416946100251,1.236783800770254,0.02645789383977098
2024-09-03,392,1.280293582040831,1.2575536221320125,0.02273995990881845
2024-09-04,399,1.2814726973534898,1.2493742005849429,0.0320984967685468
2024-09-05,403,1.5526162744467193,1.5444935056173403,0.008122768829378861
2024-09-06,412,1.7940927511933982,1.7413897199873891,0.0527030312060091
2024-09-09,417,1.6734348165696558,1.6609026002148146,0.012532216354841112
2024-09-10,422,1.736012263638536,1.7064243540715787,0.029587909566957348
2024-09-11,425,1.4613241677399986,1.4459803411013394,0.015343826638659241
2024-09-12,426,1.541286726081575,1.5197267448072407,0.02155998127433435
2024-09-13,443,1.353470792884553,1.3195152478307122,0.03395554505384079
2024-09-16,439,1.2218777803590122,1.1866058880923371,0.035271892266675146
2024-09-17,437,1.0940608716359774,1.0648052957356589,0.02925557590031856
2024-09-18,436,1.1650523040196243,1.1438510960784392,0.021201207941185005
2024-09-19,437,1.165316454224298,1.1445114355300394,0.020805018694258593
2024-09-20,433,1.1887048667807745,1.1625977614138199,0.02610710536695448
2024-09-23,432,1.1961799929673533,1.1474117666136043,0.04876822635374888
2024-09-24,431,1.074575350758565,1.0343695416403955,0.04020580911816938
2024-09-25,429,1.1261395292994953,1.0857441310811509,0.04039539821834434
2024-09-26,424,1.1464157020127057,1.1064019169254584,0.04001378508724746
2024-09-27,427,1.1892382814628628,1.1687738391249871,0.020464442337875883
2024-09-30,447,1.1697119017101916,1.1459858296109866,0.023726072099205204
2024-10-01,451,1.1682485115861057,1.1425625054274127,0.02568600615869312
2024-10-02,453,1.2080963740949262,1.188034225031465,0.020062149063461196
2024-10-03,454,1.3195613534931783,1.311591415426574,0.007969938066604365
2024-10-04,458,1.2364132253803544,1.2227580541962157,0.013655171184138611
2024-10-07,459,1.2668259252996934,1.260449239896657,0.0063766854030362675
2024-10-08,459,1.172664647764433,1.1586861887961888,0.013978458968244137
2024-10-09,460,1.1671433029656249,1.1424603530716901,0.02468294989393476
2024-10-10,469,1.2375203486664288,1.2120352406771364,0.025485107989292464
2024-10-11,469,1.187303623832864,1.153929283758284,0.03337434007458001
2024-10-14,468,1.2118845276107708,1.1724912622304073,0.03939326538036342
2024-10-15,474,1.270958079172204,1.2237302971041952,0.04722778206800879
2024-10-16,474,1.3963219645226352,1.3483252925261275,0.047996671996507756
2024-10-17,467,1.636643722203911,1.6116879282922805,0.024955793911630473
2024-10-18,465,1.6987110533518441,1.6568156396746043,0.04189541367723971
2024-10-21,459,1.5686935913353062,1.5441489228703946,0.0245446684649117
2024-10-22,458,1.4295794368395356,1.4172461997005084,0.012333237139027203
2024-10-23,458,2.0927994995092045,2.0968638543897846,-0.00406435488058017
2024-10-24,454,1.9905108153175444,2.010475225907413,-0.01996441058986851
2024-10-25,443,2.119310316010431,2.1743913899851623,-0.05508107397473111
2024-10-28,444,2.2875117884963987,2.3613410876362524,-0.07382929913985341
2024-10-29,438,2.235280986807035,2.304760729194978,-0.06947974238794298
2024-10-30,429,2.183581797138283,2.2348991060916212,-0.051317308953338116
2024-10-31,427,2.1057722875535965,2.135150303158987,-0.02937801560539066
2024-11-01,412,2.089786541946865,2.0990271393119224,-0.009240597365057699
2024-11-04,408,2.217992137560114,2.218348690726974,-0.00035655316685996233
2024-11-05,408,2.0542702980169887,2.0653160293031205,-0.011045731286131838
2024-11-06,405,1.6467209107924388,1.6744634463920234,-0.027742535599584686
2024-11-07,401,1.5286177262961589,1.5539005381150723,-0.025282811818913453
2024-11-08,407,1.3768204014447618,1.3906128197267011,-0.013792418281939493
2024-11-11,403,1.2578605715139866,1.2422175371283173,0.015643034385669077
2024-11-12,405,1.2999760901826825,1.2749755196130401,0.025000570569642337
2024-11-13,410,1.3179171139903463,1.2779502427287128,0.03996687126163352
2024-11-14,401,1.315382657470138,1.2822646225393597,0.03311803493077833
2024-11-15,405,1.4157930210749532,1.3787123169640727,0.03708070411088047
2024-11-18,413,1.2608379093271116,1.2286510466345801,0.032186862692531716
2024-11-19,410,1.3297255688454923,1.2973383280258148,0.03238724081967728
2024-11-20,407,1.2257009756906188,1.1925646140821535,0.033136361608465295
2024-11-21,399,1.2555237516843352,1.2173601089135613,0.03816364277077388
2024-11-22,396,1.230997494888477,1.1761603024400202,0.05483719244845671
2024-11-25,395,1.2964721491582119,1.2496994370312176,0.046772712126994465
2024-11-26,396,1.3769145725250453,1.324846740558563,0.052067831966482084
2024-11-27,401,1.4680628782880303,1.4271061730377732,0.04095670525025714
2024-11-29,398,1.6029456985643293,1.5822452906237248,0.020700407940604654
2024-12-02,403,1.6668785013289138,1.6455928124680284,0.021285688860885166
2024-12-03,401,1.6408790150076433,1.6279707515790085,0.012908263428634542
2024-12-04,403,2.211911577307823,2.232675323723965,-0.020763746416141794
2024-12-05,410,2.192206776735426,2.2383593622293243,-0.04615258549389822
2024-12-06,417,1.7678314642712287,1.7946452440788252,-0.026813779807596447
2024-12-09,426,1.6270518570244745,1.6369438158637761,-0.00989195883930143
2024-12-10,431,1.357683455816828,1.3588202502177984,-0.001136794400970334
2024-12-11,430,1.2893676333463902,1.2902409122443164,-0.0008732788979261953
2024-12-12,423,1.2943536515896643,1.296671004865788,-0.0023173532761236702
2024-12-13,441,1.3453189395222325,1.3481514990958565,-0.002832559573623777
2024-12-16,436,1.2507815364720198,1.265446533102712,-0.01466499663069241
2024-12-17,432,1.2044555749434434,1.2030458040564407,0.0014097708870026333
2024-12-18,429,0.9870366149880291,1.0162501316114099,-0.029213516623380783
2024-12-19,427,1.060119288606486,1.045582728679532,0.01453655992695407
2024-12-20,433,1.0670771338466023,1.049251204160733,0.01782592968586947
2024-12-23,434,0.9901721936534319,0.9505050915290313,0.03966710212440055
2024-12-24,424,1.3463726178618554,1.368582500906527,-0.022209883044671818
2024-12-26,427,1.3079295751851865,1.3074654179134355,0.0004641572717508373
2024-12-27,432,1.2244134288777102,1.1849229919129984,0.039490436964711814
2024-12-30,431,1.297175206281486,1.2228386126907498,0.07433659359073613
2024-12-31,448,1.4303920896737716,1.3493005672436715,0.08109152243009998
2025-01-02,454,1.5043132832310406,1.4250952817473708,0.07921800148366975
2025-01-03,457,1.5470136676876747,1.4728293545537996,0.07418431313387494
2025-01-06,457,1.485347871127193,1.4414916361367889,0.043856234990403864
2025-01-07,459,1.6620067376257865,1.596059864930141,0.06594687269564566
2025-01-08,457,1.5233423135021495,1.462749478065716,0.060592835436433484
2025-01-10,466,1.9130302121051372,1.8317106993481864,0.08131951275695105
2025-01-13,467,1.6158856436160205,1.5714505605495126,0.04443508306650807
2025-01-14,468,1.4177407685444967,1.384404170995084,0.03333659754941262
2025-01-15,471,1.4722316363400827,1.4300220155780496,0.04220962076203304
2025-01-16,465,1.3380348455615065,1.307418358781994,0.03061648677951247
2025-01-17,459,1.4044512428598577,1.3954803424248177,0.008970900435040272
2025-01-21,461,1.4574639327866885,1.447855498561825,0.009608434224863327
2025-01-22,462,1.4915748047255513,1.490928749168761,0.0006460555567903628
2025-01-23,463,1.5626167028088735,1.5642826559855099,-0.001665953176636062
2025-01-24,454,1.5831329633641427,1.593434910365336,-0.010301947001193424
2025-01-27,447,1.7087817055587646,1.6871357192988559,0.021645986259908486
2025-01-28,445,1.5687474990510015,1.5634131721345457,0.005334326916455911
2025-01-29,442,1.616717894323959,1.5995859943105248,0.01713190001343412
2025-01-30,442,1.692613149498934,1.687535529554217,0.005077619944717042
2025-01-31,422,1.7813702057601872,1.771181575892667,0.01018862986752011
2025-02-03,419,1.8592227095648843,1.8265504111501616,0.032672298414722606
2025-02-04,417,1.7685822631938684,1.752766319586246,0.015815943607622517
2025-02-05,414,1.709358735956249,1.7057785404943935,0.003580195461855396
2025-02-06,404,1.7390929537431257,1.791179634661858,-0.052086680918732475
2025-02-07,407,1.7029134308752454,1.7776465162898893,-0.07473308541464395
2025-02-10,410,1.7684050629305281,1.8641093003590445,-0.09570423742851668
2025-02-11,407,1.493921453563729,1.5603063899819378,-0.06638493641820892
2025-02-12,408,1.6033849220241188,1.6967732483625209,-0.09338832633840202
2025-02-13,392,1.5561701688289102,1.6695877372640924,-0.1134175684351822
2025-02-14,402,2.004012741272362,2.181212587435795,-0.177199846163433
2025-02-18,411,2.24666046123115,2.421011074199272,-0.174350612968122
2025-02-19,406,2.005871155080192,2.1582975138946052,-0.15242635881441313
2025-02-20,405,2.1751884704703626,2.3858835602894612,-0.21069508981909854
2025-02-21,398,1.7896910837257225,1.9353677053676155,-0.14567662164189304
2025-02-24,387,2.2344639916512663,2.3992125445907564,-0.1647485529394905
2025-02-25,388,2.0435491707078794,2.1246006181725368,-0.08105144746465752
2025-02-26,386,2.019657660432204,2.1373232927969115,-0.11766563236470733
2025-02-27,385,2.2432705000951536,2.3629728263764513,-0.1197023262812977
2025-02-28,373,2.0019834408209016,2.0807806709167895,-0.07879723009588767
2025-03-03,382,1.5679193005010883,1.5955126259907688,-0.027593325489680524
2025-03-04,380,1.432698324230524,1.4810776764874887,-0.04837935225696448
2025-03-05,386,1.3795348474789975,1.4162578192549564,-0.03672297177595876
2025-03-06,386,1.3474802454495722,1.3669458571726616,-0.01946561172308938
2025-03-07,399,1.4122673016884268,1.4319641800305871,-0.0196968783421599
2025-03-10,417,1.6785651431395108,1.6061799960537042,0.07238514708580653
2025-03-11,419,1.5157982437560362,1.4538919941990727,0.06190624955696353
2025-03-12,426,1.2167233961114623,1.2077774440357196,0.008945952075742584
2025-03-13,430,1.3179948674008701,1.2851772732031819,0.03281759419768812
2025-03-14,455,1.0423234480342174,1.0854771546617554,-0.04315370662753801
2025-03-17,442,1.1234301700447153,1.200027642224979,-0.07659747218026343
2025-03-18,442,1.1438656375606007,1.1587399612988725,-0.014874323738271732
2025-03-19,442,1.1001870058443144,1.1254886381502471,-0.025301632305932707
2025-03-20,443,2.122677966264654,2.351345742067738,-0.2286677758030844
2025-03-21,441,3.4651223183182247,3.752071242249518,-0.28694892393129356
2025-03-24,439,4.194705621704291,4.506186915500974,-0.31148129379668327
2025-03-25,441,4.868143754882894,5.2240776461444245,-0.3559338912615303
2025-03-26,440,2.0749429178614562,2.1901912884515515,-0.11524837059009517
2025-03-27,432,3.1090712950160118,3.3001559943309275,-0.19108469931491553
2025-03-28,435,2.3502372955070423,2.4889747647697233,-0.13873746926268132
2025-03-31,457,2.2081549286373927,2.304658285129068,-0.09650335649167541
2025-04-01,460,2.2405496280360335,2.3495035225280465,-0.10895389449201322
2025-04-02,460,2.826232631771527,2.988853683165274,-0.16262105139374666
2025-04-03,458,1.4508708551373846,1.500310858603108,-0.04944000346572362
2025-04-04,460,1.4357536313124883,1.6193295425614729,-0.1835759112489845
2025-04-07,461,1.7533344202063499,1.996886025246427,-0.24355160504007714
2025-04-08,459,2.5007411881260415,2.582595792284457,-0.08185460415841558
2025-04-09,460,1.3918830530557131,1.5796282883159434,-0.18774523526023015
2025-04-10,467,1.9092269335706908,1.9140488602898722,-0.004821926719181316
2025-04-11,469,1.7300973079758522,1.6450195857388616,0.08507772223699055
2025-04-14,469,1.6517695163441488,1.4797432393835765,0.17202627696057235
2025-04-15,463,1.6536666433494172,1.4910401498344115,0.16262649351500555
2025-04-16,460,2.011775102466241,1.7389282304716325,0.2728468719946088
2025-04-17,462,2.2684645100608094,2.047844293378026,0.22062021668278362
2025-04-21,460,2.787517255054641,2.4104284339206883,0.37708882113395265
2025-04-22,460,2.072895503765364,1.8583295483346594,0.21456595543070464
2025-04-23,461,1.8793281726872206,1.7147882259388956,0.1645399467483249
2025-04-24,460,1.6440888774199303,1.525768681233801,0.11832019618612921
2025-04-25,451,1.6219360363002058,1.4949547232756222,0.12698131302458363
2025-04-28,443,2.171843113269451,2.0950174165012436,0.07682569676820729
2025-04-29,441,2.382653321724415,2.3177467118379464,0.06490660988646825
2025-04-30,443,2.4672234384549445,2.3349242084141575,0.13229923004078734
2025-05-01,435,2.303141221729299,2.207870745179219,0.09527047655007989
2025-05-02,421,1.994859084742743,1.948853855292807,0.04600522944993592
2025-05-05,413,2.000001576784774,1.939895227911353,0.06010634887342063
2025-05-06,412,2.0415082960624678,1.9909797270535101,0.05052856900895779
2025-05-07,408,1.6380552999896913,1.5302689879406688,0.10778631204902274
2025-05-08,403,1.5692797975655057,1.4786677536226043,0.09061204394290162
2025-05-09,400,1.5243487475763189,1.4063753964361603,0.11797335114015857
2025-05-12,402,1.4644237493687773,1.3829616118829624,0.08146213748581481
2025-05-13,401,1.4104875246328823,1.3014195592290487,0.10906796540383375
2025-05-14,404,1.4377566161337842,1.320695510717351,0.11706110541643307
2025-05-15,398,1.3964995290667621,1.2763496687977094,0.12014986026905268
2025-05-16,398,1.444126046775546,1.3245433981646986,0.11958264861084737
2025-05-19,409,1.3964656198806291,1.247749592478061,0.14871602740256812
2025-05-20,405,1.4016229627593861,1.2376186799505684,0.1640042828088177
2025-05-21,407,1.4642775068957412,1.3463927884763138,0.11788471841942748
2025-05-22,399,1.5575239556511071,1.441902587676819,0.11562136797428829
2025-05-23,405,1.5957386555528958,1.4758156945128353,0.11992296104006052
2025-05-27,402,1.5108552755567528,1.353618093313177,0.15723718224357602
2025-05-28,403,1.5388395681269502,1.3879089868910475,0.15093058123590283
2025-05-29,406,1.5065284736097593,1.3842637976000154,0.12226467600974382
2025-05-30,400,1.5217224692744895,1.3701237062515343,0.151598763022955
2025-06-02,404,1.6251771275177582,1.4995834701495252,0.12559365736823283
2025-06-03,402,1.4809024973759943,1.3193528509583998,0.16154964641759473
2025-06-04,401,1.507531235357892,1.3502849985230199,0.15724623683487227
2025-06-05,402,1.4908494954838278,1.3684671544722131,0.12238234101161474
2025-06-06,412,1.4062324715190353,1.270650880525669,0.13558159099336614
2025-06-09,419,1.4149453503966163,1.305783564812958,0.10916178558365822
2025-06-10,427,1.4147035306914129,1.3040199092674662,0.11068362142394665
2025-06-11,427,1.490320007055827,1.409172146824018,0.08114786023180887
2025-06-12,422,1.5028802051577754,1.415240933755784,0.0876392714019915
2025-06-13,427,1.720395689577767,1.6939838927886688,0.026411796789098024
2025-06-16,433,1.5502196182122145,1.4938720817521984,0.05634753646001615
2025-06-17,436,1.926116441497979,1.8996447628525943,0.026471678645384734
2025-06-18,435,1.9581538484121073,1.965141194117756,-0.006987345705648818
2025-06-20,433,1.7795311845810267,1.769695577144074,0.00983560743695259
2025-06-23,434,1.7015790854366437,1.660390308553179,0.04118877688346479
2025-06-24,435,1.6271603381161142,1.574194736758532,0.05296560135758206
2025-06-25,429,1.8297799211411052,1.8229791224589706,0.006800798682134738
2025-06-26,430,1.5949568453066383,1.5381466552712482,0.05681019003539017
2025-06-27,436,1.5100719128313174,1.4360191521953556,0.07405276063596176
2025-06-30,450,1.4177820891445547,1.3070712802112208,0.11071080893333397
2025-07-01,458,1.38816804290991,1.2909078263173543,0.09726021659255561
2025-07-02,459,1.3327073008479842,1.222192017263094,0.11051528358489048
2025-07-03,462,1.3325467190126252,1.200141332379089,0.1324053866335362
2025-07-07,463,1.3118385587313819,1.2409915175111221,0.07084704122025982
2025-07-08,463,1.3831078708252234,1.3426472892702361,0.040460581554986975
2025-07-09,463,1.3923254830139358,1.3433800883869425,0.048945394626993405
2025-07-10,470,1.3876751186429725,1.350686253593352,0.036988865049620505
2025-07-11,469,1.4486707342956886,1.4654967712964009,-0.016826037000712408
2025-07-14,470,1.3580023474277687,1.366000994823018,-0.007998647395249504
2025-07-15,475,1.5254057911184342,1.5399613883812535,-0.014555597262819377
2025-07-16,473,1.5041023343411424,1.5088522659158878,-0.004749931574745702
2025-07-17,464,1.5560653148977786,1.5495094362114388,0.006555878686339843
2025-07-18,462,1.5829812101476737,1.5744553433921753,0.00852586675549857
2025-07-21,463,1.7407085066375996,1.7436199766703122,-0.0029114700327127693
2025-07-22,462,1.7974755281835084,1.780593282460019,0.016882245723489647
2025-07-23,462,1.8768619558346638,1.8532910851039908,0.0235708707306729
2025-07-24,460,1.8174790759996944,1.805377915886798,0.012101160112896357
2025-07-25,454,1.9054401839613824,1.8959670589972353,0.009473124964147159
2025-07-28,447,1.9360602338245314,1.9349290892254984,0.001131144599032901
2025-07-29,445,1.814513020032477,1.8081725046926889,0.006340515339788066
2025-07-30,440,1.7248020137966449,1.7389363957681103,-0.014134381971465399
2025-07-31,439,1.6196609531177841,1.6376613363286878,-0.018000383210903595
2025-08-01,425,1.610955915421849,1.6234044556231377,-0.012448540201288917
2025-08-04,415,1.4844899260195812,1.485622474745761,-0.0011325487261796042
2025-08-05,413,1.4529799470457223,1.4571113240551676,-0.004131377009445445
2025-08-06,408,1.4357940939775182,1.4377825898242276,-0.0019884958467092278
2025-08-07,406,1.3208046357462147,1.3156802237463876,0.005124411999827068
2025-08-08,408,1.5722204241475304,1.557122473312448,0.015097950835082525
2025-08-11,410,1.5201683370936787,1.5004334185814354,0.019734918512243384
2025-08-12,410,1.3053345857004381,1.310356677675561,-0.005022091975123022
2025-08-13,417,1.1769036668039299,1.1707694632377323,0.006134203566197558
2025-08-14,424,1.2242104413865564,1.2068144556135965,0.017395985772960122
2025-08-15,429,1.262773275255225,1.2554840252718387,0.007289249983386258
2025-08-18,418,1.2846944934333837,1.280992595443565,0.0037018979898186663
2025-08-19,416,1.2751185632707105,1.2624881980433889,0.012630365227321659
2025-08-20,414,1.41891049751973,1.405879593995627,0.01303090352410295
2025-08-21,401,1.4713380533372185,1.4533728084339836,0.017965244903234895
2025-08-22,403,1.4125732585304638,1.3971951411576526,0.015378117372810992
2025-08-25,403,1.381035359438839,1.346839453008023,0.03419590643081607
2025-08-26,398,1.3490150687281528,1.3247693659333504,0.024245702794802704
2025-08-27,394,1.378291544902406,1.3652830169076844,0.013008527994721537
2025-08-28,389,1.3394243142392572,1.3318842255687557,0.007540088670501589
2025-08-29,383,1.5603472698007688,1.5184165061130728,0.04193076368769613
2025-09-02,399,1.5197405550195173,1.4964602065507344,0.023280348468782946
2025-09-03,404,1.422475007900725,1.3977638917224684,0.0247111161782567
2025-09-04,409,1.4790978024232435,1.451649900285596,0.02744790213764746
2025-09-05,425,1.484587088963964,1.462842996729631,0.021744092234333077
2025-09-08,425,1.5246216335481362,1.507172471209617,0.017449162338518998
2025-09-09,430,1.4404327662874392,1.4241089744844506,0.01632379180298855
2025-09-10,437,1.273534628620635,1.2570559914476538,0.01647863717298109
2025-09-11,438,1.3529205619178337,1.3252674113330833,0.027653150584750378
2025-09-12,441,1.2814974926017642,1.2559800879977303,0.02551740460403392
2025-09-15,463,1.238127127984142,1.2189636255578362,0.01916350242630586
2025-09-16,447,1.3355505585107574,1.3237962734056479,0.011754285105109409
2025-09-17,441,1.5013501036846364,1.4847813575061082,0.01656874617852803
2025-09-18,441,1.3672309220953078,1.3499007952109876,0.017330126884320077
2025-09-19,434,1.4083658283901188,1.3973518637913964,0.011013964598722326
2025-09-22,437,1.4224412502273833,1.3998157334465784,0.022625516780805256
2025-09-23,435,1.3598591487002007,1.3382978533529168,0.021561295347283897
2025-09-24,436,1.4362979302808239,1.4146451415212293,0.021652788759594446
2025-09-25,435,1.482518421918607,1.4572814476100098,0.02523697430859719
2025-09-26,432,1.5255026493290909,1.4862593070442347,0.03924334228485618
2025-09-29,434,1.4079037433445247,1.3682723649562207,0.03963137838830389
2025-09-30,455,1.2307261762511628,1.194983295715911,0.03574288053525195
2025-10-01,459,1.209384309694613,1.1928317878996035,0.01655252179500961
2025-10-02,461,1.3296448480206893,1.2987673784204699,0.03087746960021926
2025-10-03,465,1.270219852675437,1.235191249606284,0.03502860306915294
2025-10-06,465,1.1752385623723536,1.1489906588854044,0.026247903486949255
2025-10-07,466,1.1700312588130535,1.1408341893562732,0.02919706945678024
2025-10-08,463,1.166527189619935,1.1317848669806396,0.034742322639295435
2025-10-09,466,1.2292436182812974,1.2053729610817463,0.0238706571995511
2025-10-10,472,1.617833788629206,1.586413441761563,0.031420346867642876
2025-10-13,471,1.5079072435637955,1.4928321310815305,0.015075112482265157
2025-10-14,473,1.518618434627851,1.485827866161985,0.032790568465866046
2025-10-15,476,1.6673923073038295,1.627335265528038,0.04005704177579144
2025-10-16,475,1.6281617543501055,1.6190636229228355,0.00909813142727002
2025-10-17,469,1.7055774034365652,1.675103991077351,0.030473412359214205
2025-10-20,464,1.8409644405020968,1.7967097046486291,0.04425473585346807
2025-10-21,462,1.7558182609727162,1.7380953591968913,0.017722901775824966
2025-10-22,461,1.8985178321625962,1.8621719313178078,0.03634590084478848
2025-10-23,462,1.9590327492210107,1.9570836557416296,0.0019490934793812069
2025-10-24,454,1.7929603848057394,1.7967901201171539,-0.0038297353114146527
2025-10-27,445,1.9018365944864684,1.8995504671057848,0.0022861273806835127
2025-10-28,446,1.8016471177848168,1.818253307998657,-0.016606190213840095
2025-10-29,441,1.6997585966975592,1.7300822533899731,-0.03032365669241368
2025-10-30,433,1.5138362879389133,1.5456460839009438,-0.03180979596203038
2025-10-31,421,1.5039913000376393,1.522402706044683,-0.018411406007043683
2025-11-03,410,1.595186591765152,1.6351768833560225,-0.03999029159087048
2025-11-04,408,1.482008318364662,1.5064276079071277,-0.024419289542465857
2025-11-05,404,1.4315543541766451,1.4476563466168502,-0.016101992440205024
2025-11-06,398,1.4642138438715302,1.5005924101853814,-0.03637856631385099
2025-11-07,401,1.355566971187347,1.3828365745854625,-0.027269603398115627
2025-11-10,405,1.322577964682646,1.3351441475465846,-0.012566182863938484
2025-11-11,400,1.2733010174753305,1.2832669289913665,-0.009965911516035725
2025-11-12,403,1.231089469022987,1.2234659242830483,0.007623544739938628
2025-11-13,400,1.2799827326478064,1.2765293954020906,0.003453337245715742
2025-11-14,402,1.2695084253755486,1.2556101291040114,0.013898296271537155
2025-11-17,415,1.4868039220684566,1.4448862167406593,0.0419177053277974
2025-11-18,413,1.7599087473063784,1.703786253069545,0.05612249423683355
2025-11-19,415,1.7470698424462727,1.7049141811085713,0.042155661337701336
2025-11-20,401,2.287471270588462,2.162227099374188,0.12524417121427397
2025-11-21,404,1.8365900189782074,1.7831273364124525,0.05346268256575516
2025-11-24,407,1.7661778950428737,1.733647262131503,0.03253063291137035
2025-11-25,406,1.8784610008389577,1.8368090748619819,0.04165192597697565
2025-11-26,408,1.8157225022635912,1.7745260416026227,0.041196460660968326
2025-11-28,412,1.5924291071803898,1.5632177091219004,0.029211398058489404
2025-12-01,410,1.5568919146847382,1.5457420973190588,0.011149817365679588
2025-12-02,408,1.4799486137194482,1.4698955177305073,0.010053095988941175
2025-12-03,410,1.3642719551629467,1.3666936480023202,-0.0024216928393735017
2025-12-04,412,1.3555689498379362,1.34613671563734,0.009432234200595843
2025-12-05,427,1.3181547997316636,1.3031802443474678,0.014974555384195929
2025-12-08,429,1.3956080714247707,1.3932509280446332,0.002357143380137538
2025-12-09,430,1.302452777282267,1.2959093664430532,0.006543410839213884
2025-12-10,435,1.2055390782400213,1.2051290719331027,0.0004100063069185241
2025-12-11,429,1.0607821237447994,1.0546334006822413,0.006148723062558163
2025-12-12,433,1.002947040107308,0.9935448445480496,0.009402195559258163
2025-12-15,454,0.9431381631910194,0.9241008674290552,0.019037295761964192
2025-12-16,443,0.933449161179071,0.916022893501126,0.01742626767794494
2025-12-17,430,1.105110724178435,1.0841811925657778,0.02092953161265733
2025-12-18,431,1.2137038964880318,1.1998736846345905,0.013830211853441141
2025-12-19,432,1.2831794640649468,1.2928662327334077,-0.009686768668460946
2025-12-22,434,1.128870152525954,1.1061137533875784,0.022756399138375395
2025-12-23,436,1.2484808627825132,1.2411684121216269,0.007312450660886524
2025-12-24,430,1.3901915787570582,1.3713114301841853,0.018880148572872874
2025-12-26,434,1.4252376207612363,1.4143041657293187,0.010933455031917526
2025-12-29,438,1.5918563188197354,1.6002351994509503,-0.008378880631214647
2025-12-30,439,1.7579414662868473,1.7799436851269355,-0.02200221884008798
2025-12-31,453,2.061545371072979,2.110028249059689,-0.048482877986710124
2026-01-02,464,1.724661012493927,1.738038309855797,-0.013377297361869907
2026-01-05,461,1.5385151970289992,1.5410361313781118,-0.0025209343491126913
2026-01-06,463,1.626413567610464,1.6237247696646815,0.002688797945782615
2026-01-07,462,1.7411712691174626,1.7337901647650757,0.00738110435238677
2026-01-08,458,1.554543224218954,1.549988734570758,0.004554489648195893
2026-01-09,465,1.440292848410329,1.4382424943573142,0.002050354053014922
2026-01-12,469,1.571374908340304,1.559503103769109,0.011871804571194933
2026-01-13,467,1.4902975930396267,1.507050814199422,-0.01675322115979542
2026-01-14,466,1.571013960767363,1.5907643280522454,-0.019750367284882237
2026-01-15,461,1.509067352337826,1.518158583260246,-0.009091230922419967
2026-01-16,463,1.5540108279095874,1.5699369710846993,-0.015926143175112012
2026-01-20,466,1.988532746381663,2.0113471924819195,-0.022814446100256156
2026-01-21,465,2.097711532923964,2.1214542856482392,-0.023742752724275354
2026-01-22,465,2.413680576731264,2.45586038749121,-0.04217981075994632
2026-01-23,462,2.6338927701063906,2.68279798835532,-0.04890521824892979
2026-01-26,456,2.619773574429549,2.6653884660103606,-0.045614891580811445
2026-01-27,451,2.5300647896879718,2.5684836356210097,-0.03841884593303772
2026-01-28,449,2.955024268271613,2.9889081493209133,-0.033883881049300395
2026-01-29,449,2.7905588155960124,2.791521637091444,-0.0009628214954315318
2026-01-30,434,2.7311377461166195,2.7472159323410312,-0.016078186224412018
2026-02-02,422,2.6437956188338507,2.6439913238195074,-0.00019570498565658223
2026-02-03,418,1.9325580159476203,1.9691348455148656,-0.036576829567245325
2026-02-04,415,1.8459373293996668,1.837101295841667,0.00883603355799996
2026-02-05,409,1.9283831919517402,1.9484932336617056,-0.020110041709965346
2026-02-06,408,1.9194582381760648,1.939970797950847,-0.02051255977478225
2026-02-09,409,1.8992403652658336,1.936118573984545,-0.03687820871871149
2026-02-10,407,1.8161211473131458,1.8464474504714994,-0.030326303158353697
2026-02-11,410,1.5560032759852218,1.5797934001749543,-0.023790124189732344
2026-02-12,394,1.8279600983155446,1.8675605306379714,-0.039600432322426854
2026-02-13,400,1.6784938022880294,1.688201294703138,-0.0097074924151085
2026-02-17,414,1.5950771945791782,1.596907025510164,-0.001829830930985924
2026-02-18,412,1.575103251347001,1.5552898769706731,0.01981337437632787
2026-02-19,410,1.5543101668912418,1.5061967262163083,0.048113440674933665
2026-02-20,397,1.9108194880994094,1.8691428732096353,0.041676614889774116
2026-02-23,393,1.8425232352918226,1.7647113135581867,0.07781192173363595
2026-02-24,384,1.75801340850522,1.6992144051079396,0.05879900339728016
2026-02-25,383,1.8051551642028252,1.7726139740730555,0.03254119012976945
2026-02-26,383,2.2729118244457225,2.274782085866879,-0.0018702614211561226
2026-02-27,380,2.2050835854611375,2.188792407998996,0.016291177462141634
2026-03-02,383,1.9025173913314462,1.894236028803826,0.008281362527620278
2026-03-03,378,1.671618524144646,1.6656346181211543,0.005983906023491762
2026-03-04,385,1.9145055070918993,1.9127240708422946,0.001781436249604978
2026-03-05,389,1.8196484564099598,1.8344149144318678,-0.014766458021907665
2026-03-06,406,1.7658785585859929,1.7761603466278413,-0.010281788041848254
2026-03-09,416,1.5653877527623732,1.5986922793877067,-0.033304526625333446
2026-03-10,427,1.5930920297011413,1.6129298657166948,-0.019837836015553403
2026-03-11,432,1.4103012104779642,1.414663047217331,-0.004361836739366692
2026-03-12,433,1.356436188533056,1.3753203256614173,-0.01888413712836104
2026-03-13,450,1.4669956396255799,1.4856536104926694,-0.01865797086708956
2026-03-16,463,1.4867157287451243,1.514825763780416,-0.02811003503529178
2026-03-17,449,1.284627803520812,1.2820298260975682,0.0025979774232437382
2026-03-18,444,1.2734800975712186,1.261252146077662,0.012227951493556523
2026-03-19,438,1.2883690115302187,1.2858020763966946,0.00256693513352396
2026-03-20,438,1.4479235761096667,1.4188682518815916,0.029055324228075267
2026-03-23,437,1.362543473319205,1.3657280203855107,-0.003184547066305587
2026-03-24,440,1.5907772376391711,1.5550427975297447,0.035734440109426065
2026-03-25,437,1.7066877657155315,1.6860609684031378,0.02062679731239363
2026-03-26,432,2.0391266999669417,2.0027804229677724,0.03634627699916917
2026-03-27,436,2.5038048693702084,2.410793921609585,0.09301094776062326
2026-03-30,436,3.001173757575026,2.836517840984968,0.1646559165900576
2026-03-31,454,2.1254636195525265,2.100090128760777,0.02537349079174956
2026-04-01,458,1.943253421184348,1.897261480355026,0.045991940829322016
2026-04-02,464,2.3186704147176576,2.2602077520190798,0.058462662698577895
2026-04-06,464,2.2990828781301254,2.2973751868882397,0.0017076912418852702
2026-04-07,466,2.2392195014802554,2.2055290383886925,0.03369046309156265
2026-04-08,462,1.7558054317725011,1.723477605680657,0.032327826091844036
2026-04-09,467,1.7549080962333523,1.7183935536369397,0.03651454259641263
2026-04-10,472,1.9202099429114328,1.8747581634981414,0.04545177941329125
2026-04-13,472,1.6726329723441118,1.6574941531156815,0.015138819228430307
2026-04-14,473,1.606469823791413,1.5727847955498302,0.033685028241582766
2026-04-15,476,1.8491980586485304,1.851294726588647,-0.0020966679401166585
2026-04-16,471,1.8779073465146308,1.8827323629449548,-0.00482501643032426
2026-04-17,469,1.9524918889808982,1.9474347978058226,0.005057091175075419
2026-04-20,466,2.053433134562504,2.0560663909062105,-0.0026332563437069614
2026-04-21,463,2.0079669856391025,2.020791167018314,-0.01282418137921146
2026-04-22,466,2.0964467860599885,2.1207582023453746,-0.024311416285386092
2026-04-23,465,2.0374726774999012,2.022484573775376,0.014988103724525189
2026-04-24,452,2.2106695309311513,2.214220198585012,-0.0035506676538606475
2026-04-27,447,2.3962757177546585,2.418872540303034,-0.022596822548375146
2026-04-28,444,2.311039162716076,2.333587825118041,-0.022548662401965125
2026-04-29,439,2.367546259297849,2.422843147380917,-0.0552968880830684
2026-04-30,439,2.173990395494093,2.204008145616206,-0.03001775012211308
2026-05-01,419,2.0417416245662348,2.077942785229315,-0.036201160663080406
2026-05-04,414,1.8116227867955483,1.8225129332067962,-0.01089014641124806
2026-05-05,414,1.7147686204707706,1.7270382426168767,-0.012269622146106123
2026-05-06,409,1.6228205943609724,1.6024103951310678,0.02041019922990447
2026-05-07,405,1.4904866290254892,1.4848391370293428,0.005647491996146446
2026-05-08,399,1.4439545412275983,1.420564444001966,0.02339009722563214
2026-05-11,401,1.4725307600930366,1.448892995268082,0.023637764824954593
2026-05-12,401,1.5583171119467079,1.5234688147952222,0.03484829715148565
2026-05-13,405,1.840444274064695,1.7895430321006016,0.050901241964093
2026-05-14,395,2.1115471360843427,2.0664337865666846,0.045113349517658004
2026-05-15,400,2.4762054438446186,2.4335233874174125,0.04268205642720634
2026-05-18,409,2.5435180314947425,2.4996579095363542,0.043860121958388246
2026-05-19,408,2.6066694939482864,2.5609890348641158,0.04568045908417039
2026-05-20,407,2.2337292451221904,2.227944111240795,0.005785133881395187
2026-05-21,394,1.7284677083259883,1.7092915467747214,0.01917616155126696
2026-05-22,408,1.6696647291669178,1.633773642802155,0.03589108636476296
2026-05-26,406,1.6313371008777746,1.588878032289007,0.04245906858876779
2026-05-27,403,1.5484552915758611,1.5136193034103653,0.03483598816549602
2026-05-28,403,1.5024832923403508,1.475019888374011,0.0274634039663395
2026-05-29,408,1.6411654379894278,1.6213908328362214,0.019774605153206243
2026-06-01,400,1.8684030083861538,1.8498067309035198,0.018596277482634014
2026-06-02,396,1.7931556948874743,1.788054151622241,0.0051015432652331705
2026-06-03,398,1.7709183016751968,1.783294072999561,-0.012375771324364163
2026-06-04,401,1.7565807978218064,1.7633187580191507,-0.006737960197344341
2026-06-05,415,1.9526228273870652,1.9462751183529359,0.00634770903412913
2026-06-08,418,1.719430372716152,1.7206580487504302,-0.0012276760342779095
2026-06-09,421,1.7091527354548648,1.708146123723499,0.0010066117313655976
2026-06-10,424,2.2862460046684214,2.2605259360794956,0.02572006858892544
2026-06-11,422,1.8736263642912723,1.8803099687481757,-0.006683604456903371
2026-06-12,431,1.9405326461399082,1.9497456948135186,-0.009213048673610204
2026-06-15,438,1.7882077039190114,1.7924268777846162,-0.004219173865604708
2026-06-16,437,1.7790641452408014,1.775487314614819,0.003576830625982433
2026-06-17,433,2.194951961152603,2.156765530133384,0.03818643101921885
2026-06-18,430,2.082343323241886,2.06037782786505,0.02196549537683604
2026-06-22,432,2.3985373158132566,2.3547686803142147,0.043768635499042204
2026-06-23,433,1.7567738783809321,1.7222586064228083,0.034515271958124
2026-06-24,432,1.6744142609091834,1.63274714735962,0.04166711354956355
2026-06-25,428,1.7546061440846639,1.7097878496176382,0.04481829446702594
2026-06-26,432,1.6436236510650089,1.6029434821164417,0.040680168948567096
2026-06-29,435,1.6091717513764696,1.5647226926605466,0.044449058715922946
2026-06-30,452,1.7295660448469996,1.6884201061478665,0.041145938699133015
2026-07-01,460,1.6762126446396768,1.6716916979618153,0.00452094667786148
2026-07-02,463,1.5125898251711694,1.5038162889351063,0.008773536236062923
2026-07-06,465,1.5296574629771884,1.5158405678579912,0.01381689511919733
2026-07-07,466,1.4408786745074924,1.388499454796256,0.05237921971123641
2026-07-08,466,1.417862133758206,1.377118972740248,0.04074316101795807
2026-07-09,468,1.4799038401657925,1.449524470947728,0.03037936921806437
2026-07-10,471,1.5252786868916628,1.493088891673703,0.032189795217959796
2026-07-13,471,1.4818202376742133,1.4459914002427183,0.03582883743149509
2026-07-14,469,2.0176591310587537,2.0197826120905824,-0.0021234810318286495
2026-07-15,473,2.1012709263069587,2.1595014898983225,-0.05823056359136366
2026-07-16,471,1.5956809230056945,1.5581062314037153,0.03757469160197932
2026-07-17,465,1.6200213521412539,1.583017737036932,0.0370036151043218
2026-07-20,462,1.7844812155497645,1.714528834881203,0.0699523806685615
2026-07-21,462,2.1217202082129973,2.0468398497105853,0.07488035850241195
2026-07-22,462,2.2764963274485015,2.1985047980883765,0.07799152936012436
2026-07-23,463,2.3391920671732778,2.265626937758948,0.07356512941432962
2026-07-24,459,2.2951783514181168,2.2163561815905886,0.07882216982752775
2026-07-27,453,2.1367514487682184,2.061306209706412,0.07544523906180657
2026-07-28,452,2.0559133517860984,1.9565730694632064,0.09934028232289203
2026-07-29,446,2.387468861400028,2.262705655143623,0.12476320625640473
2026-07-30,441,2.0662401406566793,2.0517062538837076,0.01453388677297194
2026-07-31,426,1.961478800615151,1.9122240752116986,0.049254725403452417
2026-08-03,424,1.7633043117814988,1.7179891520621393,0.045315159719359385
2026-08-04,419,1.5087828226042759,1.4624387564916514,0.0463440661126245
2026-08-05,410,1.9129948922231121,1.8496853070697454,0.06330958515336668
2026-08-06,405,1.8040059318355617,1.7492959764056566,0.05470995542990512
2026-08-07,405,1.7560762411466744,1.6903700537452717,0.0657061874014027
2026-08-10,405,1.636104060963842,1.590048119342541,0.046055941621300944
