origin_trading_day,rows,baseline_loss,candidate_loss,loss_delta_baseline_minus_candidate
2020-05-04,409,2.453324019103362,2.5737779870396396,-0.1204539679362778
2020-05-05,399,2.3159271578026903,2.4735032980857827,-0.15757614028309264
2020-05-06,396,2.547747625330325,3.3914386474387412,-0.8436910221084161
2020-05-07,401,2.250488134825675,3.700354238964746,-1.449866104139071
2020-05-08,403,2.160689330145007,2.9560544859732083,-0.7953651558282019
2020-05-11,401,2.465576493749814,4.022935215612967,-1.557358721863153
2020-05-12,400,3.343640562517836,5.533484080787377,-2.1898435182695413
2020-05-13,392,3.720638907718528,5.907156968902676,-2.1865180611841466
2020-05-14,393,3.272303949906128,5.208935383127,-1.9366314332208718
2020-05-15,399,3.5296865854815827,4.330105006890819,-0.800418421409237
2020-05-18,396,2.681084051878998,2.8065353178045758,-0.12545126592557784
2020-05-19,402,3.4564349198045963,3.2820626404851656,0.17437227931943086
2020-05-20,395,3.2181591700026835,5.8768808104717545,-2.658721640469071
2020-05-21,401,4.038454654426249,5.314679316182842,-1.2762246617565927
2020-05-22,407,4.787928321862922,6.041455740017538,-1.2535274181546159
2020-05-26,404,3.0674210031551463,4.047345019258503,-0.9799240161033571
2020-05-27,407,2.3933897079829767,4.330036952645907,-1.9366472446629304
2020-05-28,406,2.2018842681857627,3.0985071150779757,-0.8966228468922127
2020-05-29,399,2.307008674741633,3.0818690541385036,-0.7748603793968707
2020-06-01,397,2.2168124394194693,2.383553166107016,-0.16674072668754705
2020-06-02,399,2.1864815835057927,2.5993834154810393,-0.4129018319752469
2020-06-03,403,2.158830608598298,2.398817082584028,-0.23998647398572984
2020-06-04,414,2.202398644185784,2.221384084790271,-0.018985440604486762
2020-06-05,410,2.5639436506236395,2.2748890989115056,0.2890545517121341
2020-06-08,411,2.7828332360877814,2.7506429621378583,0.03219027394992299
2020-06-09,419,2.43732189159415,2.5489518637515234,-0.11162997215737361
2020-06-10,419,2.5190196978101835,2.833164245974093,-0.3141445481639099
2020-06-11,432,2.0894354853483095,2.445268820546213,-0.3558333351979038
2020-06-12,452,2.1609348704594376,2.815169905992525,-0.6542350355330873
2020-06-15,440,1.9363486224042878,3.062446322239342,-1.126097699835054
2020-06-16,434,1.930314082611651,2.5626563586237863,-0.6323422760121352
2020-06-17,430,1.844649560739424,2.289424733481768,-0.44477517274234396
2020-06-18,426,1.8015134730827573,1.898801987566838,-0.0972885144840806
2020-06-19,429,1.7611249097683421,2.3130054831073377,-0.5518805733389957
2020-06-22,428,1.7861438525835176,2.2474511318874435,-0.46130727930392607
2020-06-23,428,1.7225938309817415,1.9507793098448694,-0.2281854788631279
2020-06-24,420,1.847384132490038,2.367329655983071,-0.5199455234930335
2020-06-25,421,1.708845049361066,1.9790803138598665,-0.27023526449880036
2020-06-26,424,1.7322708700417713,2.196294181675419,-0.4640233116336478
2020-06-29,438,1.7690208375269862,2.127755760847321,-0.3587349233203351
2020-06-30,445,1.7562511883807206,1.9182826680983003,-0.16203147971757967
2020-07-01,445,1.7422188628824677,2.1295708649804252,-0.38735200209795745
2020-07-02,447,1.7398010920854874,2.0131305365622136,-0.27332944447672614
2020-07-06,450,1.5790025656644577,2.076382545843711,-0.4973799801792533
2020-07-07,450,1.6685511193115903,1.980688364736679,-0.3121372454250889
2020-07-08,449,1.82940748307434,1.9422319645255746,-0.11282448145123429
2020-07-09,454,2.1266270191771803,2.1604160853562986,-0.033789066179118483
2020-07-10,454,1.7716478547075458,2.334381357694602,-0.5627335029870562
2020-07-13,453,1.8837124186944139,2.7001411121762793,-0.8164286934818653
2020-07-14,455,1.4918543747975657,1.9755426728218581,-0.48368829802429236
2020-07-15,457,1.602014087907694,2.2921334276854584,-0.6901193397777641
2020-07-16,452,1.6172721277238071,2.1629474382782496,-0.5456753105544428
2020-07-17,443,1.6088298662713036,2.1600908088221575,-0.551260942550854
2020-07-20,441,1.603622360507962,2.481258476842869,-0.8776361163349073
2020-07-21,442,1.6233947662194743,2.205766543414223,-0.5823717771947489
2020-07-22,444,1.5789166152926084,2.111018669972157,-0.5321020546795485
2020-07-23,440,1.6815227353327216,1.9167818255583675,-0.235259090225646
2020-07-24,433,1.7364058339221033,1.9945325920036867,-0.25812675808158336
2020-07-27,431,1.8312655675173006,2.300328953295311,-0.4690633857780103
2020-07-28,431,1.8844838150950465,2.729006282166014,-0.8445224670709679
2020-07-29,428,1.6858394141708928,2.5802556211950933,-0.8944162070242009
2020-07-30,412,1.6708234147344785,2.448475082728306,-0.7776516679938277
2020-07-31,417,1.7806248729464809,2.0760886338183187,-0.29546376087183773
2020-08-03,415,1.6709338832855662,2.14862445269293,-0.47769056940736343
2020-08-04,407,1.5245154680465767,2.2324811911583233,-0.7079657231117467
2020-08-05,400,1.395489851274581,1.6430631943295857,-0.24757334305500456
2020-08-06,402,1.2961316893602357,1.654909938394206,-0.35877824903397026
2020-08-07,406,1.344636362967059,1.7910651338376373,-0.44642877087057814
2020-08-10,403,1.3338700819312392,1.5358243831016278,-0.20195430117038854
2020-08-11,404,1.3731006440019164,1.9009777016941136,-0.5278770576921971
2020-08-12,405,1.472461639184236,1.7492509541101802,-0.27678931492594405
2020-08-13,421,1.356230863412385,1.696444787585168,-0.34021392417278296
2020-08-14,418,1.4472345518444798,1.9084730478357852,-0.46123849599130534
2020-08-17,405,1.3582167645348922,1.643467168001837,-0.285250403466945
2020-08-18,406,1.4373236059571342,1.8616535222357868,-0.42432991627865263
2020-08-19,407,1.579790175874671,2.2092422733988286,-0.6294520975241575
2020-08-20,399,1.3174659992226765,1.6870461605419529,-0.36958016131927657
2020-08-21,404,1.41202118296035,1.8133144367981013,-0.40129325383775144
2020-08-24,403,1.509782156346383,1.5940790528759243,-0.08429689652954142
2020-08-25,397,1.358147541982237,1.5274025655803383,-0.1692550235981014
2020-08-26,393,1.579196410023993,1.635156956155079,-0.05596054613108578
2020-08-27,399,1.5069097302692842,1.5266064392687202,-0.01969670899943615
2020-08-28,383,1.464786811905857,1.5501704265491203,-0.08538361464326327
2020-08-31,393,1.4961120623982163,1.6659289645240263,-0.16981690212581022
2020-09-01,397,1.5678597575224023,1.7329927946032029,-0.16513303708080046
2020-09-02,401,1.7598348849058787,1.7057757267800193,0.054059158125859055
2020-09-03,412,1.446298876839519,1.7062404671169826,-0.2599415902774636
2020-09-04,410,1.5496337447540802,1.5106856116392684,0.03894813311481178
2020-09-08,416,1.3305355193494606,1.7692297579327076,-0.4386942385832473
2020-09-09,422,1.6605701800892698,1.56702080388784,0.09354937620142992
2020-09-10,425,1.3716698327869945,1.3639192021798903,0.007750630607104361
2020-09-11,424,1.2823423089430064,1.4822681369551785,-0.19992582801217196
2020-09-14,451,1.1973626603833496,1.3452672271907047,-0.14790456680735514
2020-09-15,438,1.3026760519555363,1.3538548383118922,-0.05117878635635589
2020-09-16,433,1.3682888350495974,1.4204694928076638,-0.05218065775806638
2020-09-17,429,1.515505614655825,1.6209701250242843,-0.10546451036845915
2020-09-18,430,1.337738792123517,1.5854508855398044,-0.2477120934162871
2020-09-21,427,1.5201019503721311,1.874775334379183,-0.3546733840070521
2020-09-22,426,1.3175549731184173,1.6326537955644067,-0.31509882244598947
2020-09-23,427,2.0364571509298854,2.332642011207376,-0.2961848602774902
2020-09-24,416,2.3649524034757334,3.2950742779453552,-0.9301218744696216
2020-09-25,418,2.041176528186112,2.2943671484268906,-0.25319062024077915
2020-09-28,418,1.7650305601678,2.094931655956524,-0.3299010957887238
2020-09-29,438,1.7512078892513003,2.040942160090749,-0.28973427083944864
2020-09-30,443,1.5412704861766233,2.1046004657742268,-0.5633299795976033
2020-10-01,444,1.6229861040770872,1.988520818774069,-0.3655347146969819
2020-10-02,445,1.578502710006483,2.2986522817229056,-0.720149571716423
2020-10-05,450,1.2448079559933998,1.6772550772252106,-0.43244712123181084
2020-10-06,450,1.3013028165919236,1.8638342551957379,-0.5625314386038144
2020-10-07,449,1.1803225646397533,1.5393192931505553,-0.35899672851080205
2020-10-08,459,1.2433376586822427,1.7623090369216927,-0.5189713782394502
2020-10-09,460,1.2577792247845025,1.5840486054411453,-0.3262693806566429
2020-10-12,459,1.4818955766552564,1.4527498838732846,0.029145692781971735
2020-10-13,456,1.5769517639883255,1.4855913324681913,0.09136043152013416
2020-10-14,460,2.1575036532715632,1.764580836529247,0.39292281674231627
2020-10-15,456,2.006960623059369,1.7281486792701917,0.278811943789177
2020-10-16,447,2.067246401354433,1.828555595119297,0.23869080623513594
2020-10-19,446,1.6109476861240624,1.6838565222521016,-0.07290883612803942
2020-10-20,446,1.4493793718598402,1.57666470723227,-0.12728533537242986
2020-10-21,447,1.4079984688217877,1.5458757509002259,-0.13787728207843805
2020-10-22,440,1.3791590610341762,1.5069525849750363,-0.12779352394086016
2020-10-23,434,1.5456440402032259,1.7204463465973603,-0.1748023063941346
2020-10-26,426,2.743546510839625,3.494114031740164,-0.7505675209005391
2020-10-27,422,3.4547816359962353,4.284490018931953,-0.8297083829357172
2020-10-28,422,4.314023821001288,5.323557776118561,-1.0095339551172728
2020-10-29,413,3.1932464114084254,3.898173715109966,-0.7049273037015403
2020-10-30,412,4.143063237442626,5.489488994697353,-1.3464257572547262
2020-11-02,411,4.215474908092188,5.828005603606609,-1.612530695514421
2020-11-03,405,3.259302274377141,4.2037468590471985,-0.9444445846700577
2020-11-04,399,3.1240164640181574,3.6266671031232782,-0.5026506391051214
2020-11-05,399,2.6608755038689504,3.84296178528632,-1.1820862814173698
2020-11-06,403,2.613741899249709,3.2481431272389742,-0.6344012279892652
2020-11-09,407,1.7208895468464522,2.68881845923545,-0.9679289123889975
2020-11-10,409,1.9732499928941902,2.8628527349226753,-0.8896027420284852
2020-11-11,405,1.9306509628628512,2.954156377112996,-1.0235054142501447
2020-11-12,410,2.1869164769389866,3.0229010152427684,-0.8359845383037817
2020-11-13,407,1.676032365837554,2.5873108754776757,-0.9112785096401216
2020-11-16,398,1.4906284126040346,1.8586652686106677,-0.3680368560066334
2020-11-17,402,1.4573246308877177,1.6511067874929968,-0.19378215660527917
2020-11-18,392,1.6654469507293297,1.7253694730835445,-0.05992252235421477
2020-11-19,398,1.8562189379499092,2.135616222316691,-0.279397284366782
2020-11-20,401,1.8494629449360165,2.096631203502956,-0.24716825856693986
2020-11-23,401,1.5894134277063519,1.6281285327091728,-0.0387151050028209
2020-11-24,399,1.300750262877641,1.6624352341719328,-0.36168497129429183
2020-11-25,394,1.3648342967203229,1.5382779506611572,-0.17344365394083455
2020-11-27,402,1.3210639588993385,1.5040458170235234,-0.182981858124185
2020-11-30,395,1.3095590402507364,1.466172735699999,-0.1566136954492624
2020-12-01,399,1.302243893871499,1.4785893181006977,-0.17634542422919872
2020-12-02,402,1.3069959955127162,1.3916374985602624,-0.08464150304754624
2020-12-03,413,1.2855788993319226,1.3661748660216848,-0.08059596668976199
2020-12-04,410,1.3124500747197783,1.5407214580198392,-0.22827138330006105
2020-12-07,408,1.276382003649653,1.5069336208706612,-0.2305516172210082
2020-12-08,408,1.3932416559316636,1.5555054157049009,-0.16226375977323737
2020-12-09,414,1.3286730760805998,1.6257196360347375,-0.2970465599541377
2020-12-10,416,1.2868721803873344,1.557133069123658,-0.27026088873632337
2020-12-11,421,1.2594522682325278,1.504942868811564,-0.24549060057903613
2020-12-14,443,1.136597568450673,1.5231371830146787,-0.3865396145640057
2020-12-15,432,1.109568564042522,1.3720381574333658,-0.26246959339084386
2020-12-16,423,1.1049688277017622,1.5899960709901924,-0.4850272432884302
2020-12-17,425,1.143490990578942,1.311233564223849,-0.167742573644907
2020-12-18,429,1.1294167021315216,1.44362865120315,-0.31421194907162825
2020-12-21,430,1.4798407762925314,1.9295491930033661,-0.44970841671083484
2020-12-22,423,1.7891115130353261,2.2210256188097848,-0.43191410577445893
2020-12-23,420,1.6192299562908774,2.0523456729085425,-0.4331157166176651
2020-12-24,427,1.6934099496820998,1.8016009937513124,-0.1081910440692125
2020-12-28,427,2.0040170480592834,2.438719492885257,-0.4347024448259737
2020-12-29,425,1.977426519623163,2.367396797063268,-0.389970277440105
2020-12-30,438,2.0417548840654973,2.37544498758958,-0.3336901035240828
2020-12-31,447,1.8148722531757076,2.1847595568239098,-0.3698873036482023
2021-01-04,447,1.999054715481405,2.3199605012692546,-0.3209057857878495
2021-01-05,449,1.7487937657715797,2.0993807099432282,-0.35058694417164826
2021-01-06,443,1.462776626638185,1.8642359992463318,-0.40145937260814685
2021-01-07,454,1.3999394274735022,1.6423023719800445,-0.2423629445065423
2021-01-08,458,1.4820717054453252,1.7453864287705805,-0.2633147233252553
2021-01-11,457,1.6029737311611985,2.034995076582677,-0.43202134542147863
2021-01-12,457,2.124971965818328,1.9574099635809978,0.16756200223733014
2021-01-13,453,1.562036541746128,1.5688787071383679,-0.006842165392239884
2021-01-14,445,1.8411664454821977,1.686825982623969,0.15434046285822856
2021-01-15,446,1.5096700300832848,1.607633527480797,-0.09796349739751198
2021-01-19,449,1.3502957892468772,1.4834798778190312,-0.1331840885721542
2021-01-20,449,1.3361783869282833,1.4614681882845562,-0.12528980135627293
2021-01-21,446,1.2471377733587847,1.4680788455307727,-0.22094107217198788
2021-01-22,443,1.3037036827510033,1.5707805306166878,-0.26707684786568453
2021-01-25,438,1.4477461129703881,1.868408963816397,-0.4206628508460089
2021-01-26,433,1.5933091526837497,1.9931024706737128,-0.39979331798996315
2021-01-27,430,2.1939750676345584,2.9896796113678237,-0.7957045437332654
2021-01-28,416,1.9055437327902949,2.4896147455019384,-0.5840710127116433
2021-01-29,421,2.4823578183423027,3.337381934116325,-0.8550241157740224
2021-02-01,414,2.1964103804952466,2.8055093500417287,-0.6090989695464825
2021-02-02,410,1.8227533349967535,2.3234739783826828,-0.5007206433859293
2021-02-03,402,1.5764570938363973,2.2446754655951784,-0.6682183717587811
2021-02-04,401,1.5443282931411622,2.010429616849646,-0.4661013237084838
2021-02-05,402,1.644495001699324,2.116652946530299,-0.47215794483097495
2021-02-08,402,1.5970221733928198,2.3307230799522642,-0.7337009065594444
2021-02-09,405,1.916245110645141,2.2428534397720443,-0.3266083291269036
2021-02-10,392,1.7672853858252564,1.9825093846008808,-0.2152239987756242
2021-02-11,395,1.7856014024248925,1.8898887183112174,-0.10428731588632494
2021-02-12,400,1.6832159190340232,1.8997579377875553,-0.21654201875353205
2021-02-16,405,1.5834956972923182,2.0610033961637986,-0.47750769887148053
2021-02-17,405,1.8884420403829791,2.0682827920892035,-0.1798407517062242
2021-02-18,401,2.1208810707797916,2.1394950977252813,-0.0186140269454901
2021-02-19,403,1.9454125335381731,2.2219831652909057,-0.2765706317527323
2021-02-22,404,1.9315753224761427,2.162439989411194,-0.23086466693505117
2021-02-23,391,1.3890879157366098,1.572890211879644,-0.18380229614303417
2021-02-24,393,1.4580702243773427,1.6173950025542272,-0.15932477817688467
2021-02-25,396,1.4088521130625031,2.522836663898236,-1.1139845508357327
2021-02-26,389,1.77019583357505,2.628279413013903,-0.8580835794388528
2021-03-01,384,1.5542420889329411,1.8065049992548037,-0.2522629103218628
2021-03-02,377,1.374029355682754,1.6090407185687285,-0.23501136288597446
2021-03-03,381,1.4812355096086849,2.548853099907653,-1.0676175902989682
2021-03-04,389,1.682649108752361,2.2245395562655434,-0.5418904475131824
2021-03-05,395,1.3888593671649052,2.3279245229199357,-0.9390651557550304
2021-03-08,396,1.474381730009486,1.9406190341240295,-0.46623730411454367
2021-03-09,413,1.2342138325932122,1.4377725914802102,-0.20355875888699804
2021-03-10,411,1.2237566404322988,1.3664892137999634,-0.14273257336766446
2021-03-11,420,1.2745095264047637,1.5402248550329833,-0.26571532862821956
2021-03-12,442,1.385007404142629,1.7485514769818364,-0.3635440728392075
2021-03-15,450,1.4314474321480417,1.599434902258536,-0.16798747011049422
2021-03-16,441,1.2518174213157562,1.4254554830652888,-0.17363806174953256
2021-03-17,432,1.2687887730679022,1.4532678908091468,-0.18447911774124465
2021-03-18,433,1.307564400041469,1.8634230247187782,-0.5558586246773093
2021-03-19,432,1.436696978572156,1.7859726838872194,-0.3492757053150637
2021-03-22,429,1.3096065901275213,1.6227974881227005,-0.313190897995179
2021-03-23,429,1.4276764414606284,2.4504641546336146,-1.0227877131729857
2021-03-24,421,1.5540137273832175,2.1600919494122994,-0.6060782220290819
2021-03-25,422,1.4781045449790753,1.7437245889412494,-0.2656200439621742
2021-03-26,423,1.1642656752444147,1.6435636066162789,-0.47929793137186427
2021-03-29,423,1.3144560838273995,2.0191724104885207,-0.704716326661121
2021-03-30,437,1.213303048511628,2.001484659396409,-0.7881816108847813
2021-03-31,444,1.2986291036329443,2.4379506412611924,-1.139321537628248
2021-04-01,447,1.2254022696288864,1.5113241158742414,-0.28592184624535494
2021-04-05,453,1.0850642532290342,1.5191413177825617,-0.43407706455352774
2021-04-06,451,1.154452244258491,1.425396438193862,-0.270944193935371
2021-04-07,451,1.1890504852759332,1.6468284757040688,-0.45777799042813555
2021-04-08,458,1.1807599702838223,1.5841242991428386,-0.4033643288590164
2021-04-09,458,1.1563612428070886,1.5012750488413902,-0.34491380603430155
2021-04-12,459,1.1040438680309532,1.4612003763274826,-0.35715650829652934
2021-04-13,458,1.1168222686371585,1.503193368640672,-0.38637110000351355
2021-04-14,462,1.1217057924348017,1.4729553880178923,-0.3512495955830906
2021-04-15,458,1.1525044360843413,1.471695285617401,-0.3191908495330599
2021-04-16,447,1.097470916912404,1.31057300379284,-0.2131020868804359
2021-04-19,446,1.144140700316316,1.5464529326580525,-0.4023122323417364
2021-04-20,452,1.339714886729352,1.786482029630775,-0.44676714290142305
2021-04-21,452,1.4005953345965925,1.6206362251690007,-0.220040890572408
2021-04-22,446,1.5768031962677957,1.7960513998271506,-0.21924820355935476
2021-04-23,439,1.5770455214201633,1.7637460512454792,-0.18670052982531596
2021-04-26,434,1.7558351758429087,2.031366696646044,-0.2755315208031355
2021-04-27,432,1.5399619451313225,1.69392580259515,-0.15396385746382735
2021-04-28,428,1.6866441361780808,1.645764047566509,0.04088008861157175
2021-04-29,417,1.6063152345642697,1.6602980639147247,-0.05398282935045494
2021-04-30,418,1.4508854395735777,1.7831960592413443,-0.33231061966776615
2021-05-03,418,1.3741594094261194,1.5703709031543174,-0.19621149372819804
2021-05-04,410,1.2275570241562375,1.4232448034634746,-0.1956877793072371
2021-05-05,404,1.1167083875947152,1.2556919740653811,-0.138983586470666
2021-05-06,404,1.1070075267699226,1.246380344304397,-0.13937281753447442
2021-05-07,408,1.1427371014478576,1.1765425101649636,-0.033805408717106
2021-05-10,407,1.1308817525846604,1.274631991863164,-0.1437502392785036
2021-05-11,405,1.0346314482233603,1.2333350510148173,-0.1987036027914572
2021-05-12,407,1.2700896377868174,1.9073626230995975,-0.6372729853127803
2021-05-13,406,1.2704908368709393,1.6163040136990354,-0.34581317682809615
2021-05-14,398,1.0730600555754763,1.3467079858582758,-0.2736479302827992
2021-05-17,393,1.140969710844116,1.4579559430790563,-0.3169862322349403
2021-05-18,395,1.184001400534557,1.392913005909609,-0.20891160537505207
2021-05-19,387,1.1698895672335219,1.52691164532679,-0.35702207809326814
2021-05-20,396,1.1313650598921459,1.4292928026766727,-0.297927742784527
2021-05-21,396,1.215200273427296,1.468408325612563,-0.253208052185267
2021-05-24,397,1.18992148218082,1.4495410625179543,-0.2596195803371342
2021-05-25,395,1.1757383070677434,1.4350155330113665,-0.25927722594362296
2021-05-26,388,1.1784708159964055,1.3894583455537883,-0.210987529557383
2021-05-27,405,1.1541134102050952,1.366074387235702,-0.2119609770306068
2021-05-28,400,1.1787027307237858,1.3648792480818506,-0.18617651735806462
2021-06-01,398,1.158448485922623,1.3208983475310554,-0.16244986160843264
2021-06-02,401,1.1449311705584473,1.2733703159610432,-0.1284391454025959
2021-06-03,412,1.4692544378385717,1.5378068101872873,-0.06855237234871558
2021-06-04,410,1.7554255774412661,1.719467492617105,0.03595808482416113
2021-06-07,413,1.343473170572431,1.4210283975097449,-0.07755522693731381
2021-06-08,418,1.3726371316295205,1.4606827067136452,-0.08804557508412489
2021-06-09,423,1.30461059005332,1.39511513243787,-0.09050454238455033
2021-06-10,427,1.150180221720194,1.2861373465160557,-0.13595712479586178
2021-06-11,426,1.0827241213847034,1.228790198389804,-0.14606607700510066
2021-06-14,448,1.0889601004903873,1.242976006749689,-0.1540159062593018
2021-06-15,438,1.2232484232487306,1.352188949900504,-0.12894052665177333
2021-06-16,432,1.0727980964860626,1.2179386828649614,-0.1451405863788987
2021-06-17,428,0.9892106741642542,1.488896459582869,-0.4996857854186149
2021-06-18,424,1.2360838734372417,1.476847986326707,-0.24076411288946536
2021-06-21,423,1.0217925765340379,1.495455858877352,-0.47366328234331423
2021-06-22,422,1.0170122992572248,1.304326467850937,-0.28731416859371206
2021-06-23,417,1.0264558439372045,1.2131364746442241,-0.18668063070701976
2021-06-24,420,0.9503280535193221,1.1492935801074184,-0.1989655265880963
2021-06-25,424,0.9304241689219679,1.2346351623136678,-0.3042109933916999
2021-06-28,425,0.8758668122630324,1.080493644231855,-0.20462683196882245
2021-06-29,436,0.924248567986224,1.0613790413279616,-0.13713047334173753
2021-06-30,442,1.0660860675643575,1.169032919137644,-0.10294685157328641
2021-07-01,449,1.2932022194263313,1.351788969142811,-0.05858674971647989
2021-07-02,454,1.5832862289059197,1.7332205536133374,-0.1499343247074178
2021-07-06,453,1.0610559694744488,1.174334347024111,-0.11327837754966232
2021-07-07,453,0.8928890800459722,1.0560899710948433,-0.16320089104887103
2021-07-08,456,0.9272636495327932,1.064131581924314,-0.1368679323915209
2021-07-09,458,1.0662456727064316,1.238125523602288,-0.1718798508958564
2021-07-12,455,0.9802455515443962,1.120588638284482,-0.140343086740086
2021-07-13,454,1.0101155079892408,1.193539907339578,-0.18342439935033722
2021-07-14,460,0.9427755966067879,1.168431212355088,-0.22565561574830012
2021-07-15,453,1.0742816444809926,1.3087463233891716,-0.23446467890817904
2021-07-16,441,1.1644501828010618,1.536714335702808,-0.37226415290174614
2021-07-19,441,1.4291305944862267,1.8920742358609375,-0.4629436413747106
2021-07-20,446,1.304602985365991,1.8609137562189801,-0.556310770852989
2021-07-21,446,1.3156526125973786,1.5251776224935172,-0.20952500989613854
2021-07-22,444,1.2622177949988758,1.5386584908696066,-0.27644069587073083
2021-07-23,440,1.2179126782196883,1.3821214589067181,-0.16420878068702988
2021-07-26,433,1.2618784005450348,1.5165589415702478,-0.25468054102521315
2021-07-27,433,1.3530105972893842,1.5589560125374167,-0.20594541524803245
2021-07-28,429,1.3647682303666062,1.5669564645909908,-0.20218823422438462
2021-07-29,417,1.2371495754420927,1.4264962118964257,-0.18934663645433294
2021-07-30,421,1.2112856247243506,1.3878849891452578,-0.17659936442090726
2021-08-02,420,1.1736764550555565,1.3862447811250727,-0.21256832606951606
2021-08-03,410,1.0149612671334722,1.0470113103339989,-0.03205004320052658
2021-08-04,405,1.0736913555651226,1.0909036269557526,-0.017212271390629887
2021-08-05,400,1.141753165291324,1.1628417329403449,-0.021088567649020812
2021-08-06,401,1.093552924725595,1.1559243225362248,-0.062371397810629656
2021-08-09,407,0.8825323011211064,0.8972706955816757,-0.014738394460569305
2021-08-10,406,0.8694651323434527,0.8880273372830736,-0.01856220493962097
2021-08-11,407,0.8797867953147174,1.042559305839732,-0.1627725105250146
2021-08-12,424,0.9181806735981256,0.9097312222295649,0.008449451368560602
2021-08-13,428,0.8796704057102626,0.843385453226955,0.036284952483307466
2021-08-16,420,0.9496460874285265,0.9004511040775851,0.049194983350941454
2021-08-17,407,1.0142671062572026,1.0536445599652549,-0.039377453708052394
2021-08-18,410,1.0553916443995377,1.0003830982250375,0.0550085461745
2021-08-19,405,1.2573292816403718,1.3393431559256768,-0.08201387428530489
2021-08-20,405,1.137384143886165,1.0461014567306126,0.09128268715555243
2021-08-23,403,1.0142914966941232,1.0038913528170899,0.01040014387703326
2021-08-24,400,0.9760696789742696,0.9879471991841454,-0.011877520209875836
2021-08-25,388,1.0092486670433394,1.0366757801833764,-0.027427113140037124
2021-08-26,390,0.9742429736014983,1.0425890665094038,-0.06834609290790557
2021-08-27,392,1.016418626807312,1.0513076929808722,-0.034889066173560246
2021-08-30,376,1.1798292962311423,1.1999524037862526,-0.020123107555110067
2021-08-31,391,1.1018224298800965,1.1482560038987173,-0.04643357401862078
2021-09-01,390,1.1396792445677681,1.1583172686023788,-0.018638024034610817
2021-09-02,404,1.3464317151117975,1.3663283982174543,-0.019896683105656947
2021-09-03,407,1.5541388014019017,1.7306728034819312,-0.17653400208002962
2021-09-07,410,1.418273952818337,1.5309385082814093,-0.11266455546307258
2021-09-08,414,1.3448589396877761,1.2678642748645517,0.07699466482322469
2021-09-09,424,1.132118421707995,1.0943429700228924,0.03777545168510258
2021-09-10,424,1.1738102244938207,1.286842360947055,-0.11303213645323418
2021-09-13,425,1.22233012335591,1.2017554304392901,0.02057469291661993
2021-09-14,450,1.4601851195365334,1.4386404592903324,0.021544660246200966
2021-09-15,437,1.3975419042031196,1.4564103247177793,-0.05886842051465989
2021-09-16,430,1.5863876560886891,1.7761037656699772,-0.18971610958128787
2021-09-17,430,1.469284540547335,1.5498772825395188,-0.080592741992184
2021-09-20,426,1.6506525292840926,1.7545853708024826,-0.10393284151839019
2021-09-21,425,1.6697891649687124,1.7322632995008254,-0.06247413453211291
2021-09-22,424,1.4626450635330253,1.5885905295324545,-0.12594546599942913
2021-09-23,418,1.325972739919316,1.4580875850769335,-0.13211484515761732
2021-09-24,419,1.470208285644734,1.5766557139271284,-0.10644742828239437
2021-09-27,421,1.3463443602766203,1.49454127643336,-0.14819691615673958
2021-09-28,422,1.167431910474906,1.198291407898455,-0.030859497423548914
2021-09-29,440,1.145299900626372,1.1691782953915673,-0.023878394765195238
2021-09-30,444,1.324487556550865,1.147070324016473,0.17741723253439182
2021-10-01,445,1.20206400538387,1.0961750963551062,0.10588890902876381
2021-10-04,451,1.388622324692735,1.3488855738685461,0.03973675082418874
2021-10-05,454,1.2628678860585996,1.199938857881174,0.06292902817742549
2021-10-06,454,1.3143145186583682,1.22000864016882,0.09430587848954843
2021-10-07,460,1.202444976135758,1.1194496056831842,0.08299537045257376
2021-10-08,461,1.3561820569846772,1.303131141091427,0.053050915893250075
2021-10-11,460,1.5824240583069211,1.4655670272025545,0.11685703110436663
2021-10-12,459,1.5639469849236476,1.459775829568246,0.10417115535540172
2021-10-13,461,1.288851366868525,1.218296828183647,0.07055453868487803
2021-10-14,461,1.2905144883725224,1.270576917080441,0.019937571292081496
2021-10-15,449,1.3760575485343005,1.3688158097604317,0.00724173877386889
2021-10-18,446,1.2730813831803431,1.2838412967345647,-0.010759913554221663
2021-10-19,445,1.358170956226721,1.3721828771684372,-0.014011920941716278
2021-10-20,446,1.3914285352537055,1.4407016416511214,-0.04927310639741574
2021-10-21,442,1.5077603537910305,1.5067392816169183,0.001021072174112346
2021-10-22,439,1.615291568513442,1.614889892307475,0.00040167620596682433
2021-10-25,438,1.515113369543411,1.521355970074213,-0.006242600530802073
2021-10-26,430,1.577815256213902,1.6266203667770152,-0.048805110563112986
2021-10-27,412,1.436974874224225,1.414007070810682,0.02296780341354299
2021-10-28,421,1.3555162662314453,1.34522190431445,0.010294361916995098
2021-10-29,418,1.403288716144465,1.429695890619806,-0.026407174475341237
2021-11-01,415,1.2569429368216676,1.2768907605137383,-0.019947823692070526
2021-11-02,410,1.2269153195104763,1.2086922586929714,0.018223060817504865
2021-11-03,404,1.1981092434751421,1.2142630017883753,-0.016153758313233485
2021-11-04,398,1.1088171024703695,1.1268204940874416,-0.018003391617071984
2021-11-05,399,1.353413123353219,1.3640542910121705,-0.010641167658951362
2021-11-08,394,1.2500206890379093,1.2869743295513423,-0.036953640513432945
2021-11-09,399,1.1759986922358834,1.181762632823726,-0.005763940587842576
2021-11-10,411,1.1419873253784651,1.1365510295552588,0.005436295823206307
2021-11-11,407,1.4635902435088142,1.2541279156826275,0.2094623278261867
2021-11-12,413,1.491404153335074,1.347560081688026,0.14384407164704788
2021-11-15,399,2.023964977244336,1.538477658322913,0.485487318921423
2021-11-16,400,2.43275992864543,2.099912960475334,0.3328469681700959
2021-11-17,388,1.6471257878110606,1.4582387578457963,0.18888702996526413
2021-11-18,400,1.7348448366668878,1.465371293401151,0.26947354326573697
2021-11-19,399,1.3548996686161643,1.3806251033628372,-0.025725434746672805
2021-11-22,402,1.115162819532493,1.2289285665848673,-0.11376574705237424
2021-11-23,403,1.034863237846026,1.124998484115316,-0.09013524626928976
2021-11-24,395,1.1429057086213361,1.0761499900716665,0.06675571854966962
2021-11-26,397,1.2733556615707808,1.2875850839253553,-0.014229422354574419
2021-11-29,403,1.2200636797468525,1.3305204193954343,-0.1104567396485818
2021-11-30,402,1.3793646250404077,1.377363521295372,0.0020011037450356106
2021-12-01,401,1.7060599638555163,1.60043053868138,0.10562942517413651
2021-12-02,411,1.444354439867471,1.4363338140600206,0.008020625807450445
2021-12-03,408,1.1916647905513869,1.1927213277607718,-0.0010565372093847931
2021-12-06,408,1.2975873523696073,1.3386045619290132,-0.04101720955940607
2021-12-07,408,1.1595617943403818,1.1514089995556809,0.00815279478470103
2021-12-08,407,1.1444138427840551,1.2217330972411355,-0.07731925445708039
2021-12-09,422,1.0376335712303204,1.0233805281845085,0.014253043045811847
2021-12-10,422,1.0624020777813568,1.0403035818178306,0.02209849596352619
2021-12-13,426,1.0783246398595827,1.0555415678643292,0.02278307199525347
2021-12-14,446,1.2136378021711338,1.1766686287720234,0.03696917339911035
2021-12-15,436,0.994790744003694,0.9412917337630322,0.05349901024066186
2021-12-16,432,1.0113678838267899,1.031805751865177,-0.02043786803838706
2021-12-17,434,1.1295074241837713,1.3715435212932452,-0.24203609710947394
2021-12-20,435,1.8291175267691553,2.006684497652503,-0.17756697088334755
2021-12-21,437,1.2750266057723183,1.415175553476451,-0.14014894770413266
2021-12-22,434,1.395483446654849,1.4879670680597514,-0.0924836214049024
2021-12-23,428,1.6646697682919838,1.9021609559510437,-0.23749118765905983
2021-12-27,431,1.75980325908196,1.7077439839434236,0.05205927513853631
2021-12-28,431,1.6501004074235053,1.6840921259251125,-0.033991718501606975
2021-12-29,431,1.7277372919140161,1.7876982445180352,-0.05996095260401892
2021-12-30,441,2.090221843233496,2.2154666477847487,-0.1252448045512527
2021-12-31,449,2.390197505133643,2.413151935185292,-0.022954430051649204
2022-01-03,450,2.1937000653496255,2.210563903713263,-0.01686383836363769
2022-01-04,451,2.11421949003507,2.0716982685422556,0.042521221492814655
2022-01-05,446,1.8613815931712214,1.8060029474156984,0.05537864575552283
2022-01-06,454,2.251569028504192,2.111840597338248,0.13972843116594338
2022-01-07,461,1.8501640831199797,1.8852626253004368,-0.03509854218045682
2022-01-10,460,2.168763591253804,2.101203455862389,0.06756013539141457
2022-01-11,458,2.58906210666986,2.5090111879571557,0.08005091871270452
2022-01-12,458,2.885197075151614,2.9799766999643977,-0.09477962481278374
2022-01-13,454,2.161246573214968,2.066645526457068,0.09460104675790025
2022-01-14,450,1.6021289038615874,1.5104415577843127,0.09168734607727458
2022-01-18,452,1.2173329405587587,1.19086839787731,0.02646454268144878
2022-01-19,452,1.167354392486796,1.2332422030883585,-0.06588781060156261
2022-01-20,453,1.3298710855306568,1.3281964896114526,0.0016745959192040307
2022-01-21,448,1.4354312887737264,1.4290450967853143,0.006386191988412055
2022-01-24,443,1.4570537572973863,1.474234454206598,-0.017180696909211732
2022-01-25,442,1.5971739653651376,1.5995178518573623,-0.0023438864922247804
2022-01-26,437,1.973588775127409,1.8006047756468968,0.17298399948051213
2022-01-27,425,1.8528241990526637,1.494342443645218,0.3584817554074457
2022-01-28,427,1.457742039319087,1.4513775496734984,0.006364489645588498
2022-01-31,426,1.54780183004519,1.7146236547994806,-0.16682182475429091
2022-02-01,420,1.495218047299954,1.5447221773976039,-0.04950413009765007
2022-02-02,418,1.5949263762507708,1.6264922458957227,-0.031565869644951734
2022-02-03,407,1.5601977649111094,1.5445041031523155,0.015693661758794
2022-02-04,404,1.4911424085048204,1.5056110081366185,-0.014468599631798112
2022-02-07,405,1.5120946624859115,1.5998999550091115,-0.08780529252319995
2022-02-08,406,2.050366737788597,2.1588607978385954,-0.10849406004999826
2022-02-09,401,2.146503194782698,3.101254062799521,-0.9547508680168233
2022-02-10,400,1.4257381585933258,2.0218043385890603,-0.5960661799957346
2022-02-11,394,1.3819452177609697,1.8145492698522774,-0.43260405209130787
2022-02-14,395,1.691557601887235,2.509552888976246,-0.8179952870890114
2022-02-15,398,1.6413750995774683,2.12455216060511,-0.48317706102764174
2022-02-16,392,1.9256981234334876,2.216715639264482,-0.29101751583099433
2022-02-17,400,2.1839068997710225,2.7103638067438762,-0.5264569069728534
2022-02-18,404,2.751915357455434,3.4698040921487827,-0.7178887346933489
2022-02-22,403,2.4214379951760163,3.212650157736934,-0.7912121625609179
2022-02-23,387,1.8595478102876015,1.93355421983967,-0.07400640955206858
2022-02-24,385,1.9349179557946692,2.099885119542702,-0.1649671637480327
2022-02-25,397,2.2252645554788484,2.013766579412601,0.2114979760662472
2022-02-28,388,2.178185128917113,2.780123131312405,-0.6019380023952918
2022-03-01,387,1.556556221649017,1.753144067951537,-0.19658784630251996
2022-03-02,386,1.325314047695449,1.419717309650496,-0.09440326195504706
2022-03-03,391,1.197202111674375,1.2401228837466594,-0.042920772072284404
2022-03-04,397,1.4450319612030476,1.3249808500646671,0.12005111113838057
2022-03-07,398,2.0759434421683927,3.372156937346335,-1.2962134951779425
2022-03-08,403,2.296438877179222,2.5389164670795727,-0.24247758990035057
2022-03-09,417,1.2925170837632611,1.2552480895210958,0.0372689942421653
2022-03-10,424,1.5350727383461202,1.6407581656027324,-0.10568542725661231
2022-03-11,425,1.942772207647629,1.9724801047598848,-0.02970789711225583
2022-03-14,448,2.320739931902351,2.400388959898465,-0.07964902799611447
2022-03-15,456,2.245360831879896,1.9113432307950076,0.3340176010848884
2022-03-16,442,1.55634098472878,1.382674217047349,0.173666767681431
2022-03-17,438,1.2802358154887163,1.261560891838459,0.018674923650257174
2022-03-18,437,1.4204169420785309,1.513496550523025,-0.09307960844449382
2022-03-21,437,1.3282540572972223,1.3213250472341667,0.006929010063055768
2022-03-22,432,1.4303756540811519,1.5822215112977014,-0.15184585721654945
2022-03-23,434,1.5547999650940443,1.7616775529510575,-0.2068775878570133
2022-03-24,431,1.5983080993347691,1.9167876646033701,-0.31847956526860094
2022-03-25,426,1.574409267301023,1.8747149808698675,-0.30030571356884456
2022-03-28,426,1.5752625323360703,1.9413181051683834,-0.36605557283231327
2022-03-29,424,1.949091676449721,2.6607621516605855,-0.711670475210864
2022-03-30,438,1.535406042225063,1.8591238359351205,-0.3237177937100574
2022-03-31,447,1.54114975799292,1.9914330486299467,-0.4502832906370266
2022-04-01,450,1.5468353577703104,1.9141616491777664,-0.36732629140745593
2022-04-04,451,1.3791832928377956,1.4654209733040202,-0.08623768046622465
2022-04-05,454,1.4081317817744419,1.4748339233057355,-0.06670214153129363
2022-04-06,449,1.375718895626033,1.4320601007978604,-0.05634120517182757
2022-04-07,458,1.6094544412202363,1.61086927243445,-0.001414831214213599
2022-04-08,462,1.5786584339484573,1.56778835106773,0.010870082880727137
2022-04-11,460,1.7569044392041002,1.639627773028248,0.11727666617585222
2022-04-12,462,1.7302467033288977,1.6950814390558915,0.0351652642730062
2022-04-13,462,1.6825972240378835,1.6983184653810024,-0.01572124134311897
2022-04-14,452,2.136802712932663,1.8824455290815039,0.2543571838511593
2022-04-18,451,2.0285771227245886,2.072139802858276,-0.043562680133687276
2022-04-19,454,2.296639787324382,2.4772992258474633,-0.18065943852308183
2022-04-20,454,1.9633029685806036,1.9727227545434018,-0.009419785962798605
2022-04-21,453,2.3277995708727066,2.2622339892065497,0.06556558166615677
2022-04-22,447,2.066968588140137,1.9627853129513486,0.10418327518878888
2022-04-25,441,2.8648624728809504,3.4055198787117265,-0.5406574058307765
2022-04-26,441,2.2993317181846544,1.9693135783624203,0.33001813982223416
2022-04-27,437,2.6096373225474867,2.8761818314999643,-0.266544508952478
2022-04-28,427,2.883261091238299,3.997797425725815,-1.1145363344875152
2022-04-29,423,1.746596719061936,1.9936060980340011,-0.247009378972065
2022-05-02,421,1.9542964165935441,2.721927834802518,-0.7676314182089742
2022-05-03,414,1.671722562480925,2.104152007914786,-0.43242944543386097
2022-05-04,408,2.9020039317835153,2.562778072818369,0.3392258589651471
2022-05-05,401,2.0630151014160103,1.8445605354557626,0.21845456596024748
2022-05-06,406,1.8890778573102691,1.6850959907250045,0.20398186658526452
2022-05-09,408,1.5068931386825724,2.4567558623596475,-0.9498627236770749
2022-05-10,403,1.569806298518606,1.96898663266229,-0.3991803341436838
2022-05-11,406,1.5001573012524079,3.3434471158593815,-1.8432898146069732
2022-05-12,413,1.5896748825657159,2.52079167191571,-0.9311167893499945
2022-05-13,413,1.5493024675033773,1.7091677681815634,-0.15986530067818605
2022-05-16,399,1.4878808902821112,1.330782896378015,0.157097993904096
2022-05-17,401,1.2772481056037455,1.44474196646733,-0.1674938608635846
2022-05-18,393,1.9637832946549723,4.298162622211174,-2.334379327556201
2022-05-19,403,1.625680324592533,1.9460184356740193,-0.32033811108148647
2022-05-20,402,1.715370805067712,1.788300102526465,-0.07292929745875326
2022-05-23,402,1.610891622297757,1.7049312543360842,-0.09403963203832735
2022-05-24,404,1.7515301092282496,2.0789067739136886,-0.32737666468543886
2022-05-25,389,1.460215516115828,1.4404024195964535,0.019813096519374445
2022-05-26,398,1.7689687651192465,2.3511378520788684,-0.582169086959622
2022-05-27,410,3.3834381079510143,3.743489013628334,-0.3600509056773196
2022-05-31,402,3.3004291915804,4.457062228562181,-1.1566330369817814
2022-06-01,402,2.6522842307154253,3.854568809303735,-1.2022845785883098
2022-06-02,411,4.333804499791055,5.993461718888279,-1.6596572190972227
2022-06-03,411,3.8227607411547972,5.429047359620105,-1.6062866184653075
2022-06-06,411,3.426775482275259,4.706016028812098,-1.2792405465368388
2022-06-07,415,3.8152804775883795,5.38408514902449,-1.5688046714361104
2022-06-08,415,3.248736450878131,4.128416814169383,-0.8796803632912527
2022-06-09,428,2.007190879890533,2.381553582334667,-0.37436270244413405
2022-06-10,428,1.5589833081576516,2.105122733530302,-0.5461394253726505
2022-06-13,431,1.3585869223288771,3.356600489973848,-1.9980135676449708
2022-06-14,438,1.5300299500280812,2.91209828069105,-1.3820683306629686
2022-06-15,428,1.5678308958877776,2.5105425730763993,-0.9427116771886218
2022-06-16,431,1.862501854243951,4.248638122530624,-2.386136268286672
2022-06-17,430,1.7253324742320444,3.2015720326546013,-1.476239558422557
2022-06-21,430,1.6197076209312042,1.9344178820215046,-0.3147102610903004
2022-06-22,425,1.4224797162369898,1.7756691111559924,-0.35318939491900264
2022-06-23,424,1.1170332790006632,1.5169949336552664,-0.399961654654603
2022-06-24,427,1.3019290803666441,1.6454284179593812,-0.3434993375927374
2022-06-27,428,1.330700337862259,1.96813238594504,-0.637432048082781
2022-06-28,427,1.280282349214162,1.6307782687046977,-0.35049591949053577
2022-06-29,439,1.2998808660430365,1.7560511677084556,-0.4561703016654191
2022-06-30,453,1.2243189227395892,1.207224296747708,0.01709462599188124
2022-07-01,455,1.3285217031955292,1.4489857896038552,-0.12046408640832618
2022-07-05,456,1.3396419222893643,1.3278018878026807,0.011840034486683746
2022-07-06,457,1.6557392755378342,1.6844582531205639,-0.028718977582729763
2022-07-07,458,1.426895031030963,1.1873628598655779,0.23953217116538497
2022-07-08,463,1.3535234149094988,1.1804631891585193,0.17306022575097935
2022-07-11,464,1.5409874348120003,1.6213995190859152,-0.08041208427391491
2022-07-12,462,1.42398752446931,1.2293445506944995,0.1946429737748107
2022-07-13,462,1.9779756137895341,1.4601123226263386,0.5178632911631957
2022-07-14,459,2.700768043481588,2.535491464133195,0.16527657934839302
2022-07-15,446,2.5803830058244825,1.9951314579371646,0.5852515478873179
2022-07-18,447,2.615433669790687,2.3189039712682824,0.29652969852240446
2022-07-19,451,1.8209525336102295,1.5785164599423662,0.24243607366786335
2022-07-20,451,1.8475641855582212,1.586305512942687,0.261258672615534
2022-07-21,451,1.70822569604771,1.5084188014031292,0.19980689464458082
2022-07-22,446,1.850621521069399,1.588320796586038,0.26230072448336106
2022-07-25,441,1.8579092237191572,1.9203355151607098,-0.06242629144155251
2022-07-26,438,1.9275534715604048,2.1179474577599775,-0.1903939861995728
2022-07-27,435,1.9227876814111293,1.7959269713830326,0.1268607100280968
2022-07-28,428,1.6186584419473156,1.366778696859671,0.25187974508764466
2022-07-29,427,1.6685596078203995,1.358707408476449,0.30985219934395064
2022-08-01,426,1.7443369593482596,1.726615474280888,0.017721485067371676
2022-08-02,416,1.8496254685541456,1.7697077212254964,0.07991774732864934
2022-08-03,409,1.5038406957923633,1.2911350171355143,0.21270567865684933
2022-08-04,401,1.6025013696078556,1.5412663950784684,0.06123497452938742
2022-08-05,403,1.3415761251135652,1.2551410478142773,0.08643507729928793
2022-08-08,404,1.2712441025016628,1.4601907403955876,-0.188946637893925
2022-08-09,407,1.1866449842972657,1.3550431213236895,-0.16839813702642362
2022-08-10,407,1.3416890260452037,1.5396476096180838,-0.19795858357288001
2022-08-11,418,1.1389681464973491,1.305653029081605,-0.16668488258425607
2022-08-12,429,1.9125000214087406,2.255292827805914,-0.342792806397173
2022-08-15,427,2.1731367138663193,2.7177442615979026,-0.5446075477315829
2022-08-16,422,2.412321684654033,3.1009241916933696,-0.6886025070393369
2022-08-17,414,2.3304186266376257,3.162165180025912,-0.8317465533882863
2022-08-18,414,2.379198843608183,3.003541510876723,-0.6243426672685402
2022-08-19,413,2.2426551735172033,2.6891595354882174,-0.44650436197101395
2022-08-22,409,1.8003370298689276,1.7701943345496787,0.03014269531924889
2022-08-23,407,1.3725014651869503,1.2560624780050558,0.11643898718189427
2022-08-24,393,1.3530787777581283,1.2902663144915774,0.06281246326655118
2022-08-25,394,1.3120210248069941,1.217259023658452,0.09476200114854225
2022-08-26,399,1.151424450864863,1.199918061040047,-0.04849361017518391
2022-08-29,397,1.2498597279367067,1.2739456338820416,-0.024085905945334853
2022-08-30,389,1.2254839741434753,1.2529614417246615,-0.027477467581186174
2022-08-31,394,1.30294211586684,1.5951030698933997,-0.29216095402655995
2022-09-01,406,1.3141070237855965,1.5432462138768333,-0.2291391900912371
2022-09-02,408,1.1851350766352753,1.236765114406543,-0.05163003777126766
2022-09-06,413,1.305265651803676,1.3508558637658283,-0.0455902119621522
2022-09-07,414,1.8448602404370567,1.845574669853664,-0.0007144294166073397
2022-09-08,429,2.413346505547431,2.590274114485794,-0.17692760893836318
2022-09-09,429,3.341910365456719,3.400701690551786,-0.058791325095067175
2022-09-12,428,4.143252046564858,5.171258684004454,-1.0280066374395955
2022-09-13,433,2.965342138387871,2.505670448062306,0.4596716903255647
2022-09-14,455,2.4114788412366988,2.5933952694993136,-0.181916428262615
2022-09-15,443,2.6785729558972933,2.3478315743159257,0.3307413815813673
2022-09-16,436,2.675129757905377,3.3768686177555436,-0.7017388598501666
2022-09-19,436,2.1394659018690714,1.9662406468363975,0.17322525503267378
2022-09-20,436,1.2538416737342135,1.3030891815859196,-0.04924750785170607
2022-09-21,438,1.3129141136621707,1.2987377121556505,0.014176401506520523
2022-09-22,427,1.5678744983875184,1.9047266297213714,-0.336852131333853
2022-09-23,427,1.7054871182523341,1.839399231898314,-0.13391211364597974
2022-09-26,428,1.6987310325658016,1.9520795860342097,-0.25334855346840796
2022-09-27,428,1.6192968523217948,2.1811599293113697,-0.5618630769895749
2022-09-28,427,1.7322574650676532,1.8837749344423347,-0.1515174693746815
2022-09-29,445,1.4685767175203168,1.6541564417042949,-0.18557972418397792
2022-09-30,451,1.424794941954665,1.917728124906202,-0.49293318295153715
2022-10-03,453,1.2953656609612816,1.669064704288881,-0.3736990433275996
2022-10-04,454,1.3687379769321315,1.5699367284782944,-0.20119875154616274
2022-10-05,456,1.5491665775972487,1.8841033033305747,-0.334936725733326
2022-10-06,463,1.5556668376165936,1.9657258288695811,-0.41005899125298756
2022-10-07,466,1.4016939964118973,1.530933313240444,-0.12923931682854653
2022-10-10,466,1.5524956916442676,1.6337714377630679,-0.08127574611880048
2022-10-11,466,2.0253893192940255,1.7287846365151258,0.2966046827788996
2022-10-12,466,2.2547829875321233,2.2114694724012804,0.04331351513084297
2022-10-13,469,1.8213346754830602,1.4970953876150854,0.32423928786797485
2022-10-14,464,3.249286189528587,3.0085894039097942,0.2406967856187932
2022-10-17,455,2.3625501837869063,2.1117973944091086,0.25075278937779744
2022-10-18,455,2.0951081025906158,1.8951794944246148,0.19992860816600078
2022-10-19,455,1.8656827699327554,1.8645546989852981,0.0011280709474571248
2022-10-20,455,2.2393573768061303,2.220036390953264,0.019320985852866568
2022-10-21,448,2.16749319780891,2.375400788977072,-0.20790759116816251
2022-10-24,445,2.1089223760592133,2.1265783108520306,-0.017655934792817254
2022-10-25,443,2.025580716223886,2.16551911072016,-0.13993839449627352
2022-10-26,427,1.8723587242937163,2.0467766171962767,-0.17441789290256052
2022-10-27,418,2.3069003568545283,2.0736661601985413,0.23323419665598732
2022-10-28,426,2.0998274651216744,1.9777074845764973,0.12211998054517736
2022-10-31,421,2.0312546979335417,1.9081297943317386,0.12312490360180352
2022-11-01,416,2.1075783234612158,2.281060295030336,-0.17348197156912004
2022-11-02,406,2.2845959009821453,2.4039193664136422,-0.11932346543149712
2022-11-03,398,2.182083425096434,2.2437254658192716,-0.06164204072283729
2022-11-04,402,1.7961368921714582,1.779994409879281,0.016142482292177053
2022-11-07,399,1.6141330433427312,1.6953880997963235,-0.08125505645359238
2022-11-08,395,1.6444288087382586,1.8034381735723914,-0.15900936483413305
2022-11-09,407,2.19882525575247,2.4371035125716367,-0.23827825681916656
2022-11-10,413,1.1948911820917463,1.8724083464564036,-0.6775171643646575
2022-11-11,412,1.3991375634826146,1.3130262530396297,0.0861113104429848
2022-11-14,417,1.2673516685466595,1.242375559698406,0.024976108848253246
2022-11-15,401,1.3648321918178514,1.4395449962653515,-0.07471280444750013
2022-11-16,395,1.3720135439033287,1.469704087571634,-0.0976905436683053
2022-11-17,406,1.4293214906864045,1.4108661069304644,0.01845538375593969
2022-11-18,408,1.2063721327305406,1.1652733590347866,0.04109877369575393
2022-11-21,408,1.227499150662798,1.139854623507435,0.08764452715536317
2022-11-22,411,1.326263627139549,1.2294442072017093,0.09681941993783963
2022-11-23,401,1.344182915804385,1.2784537813064412,0.06572913449794397
2022-11-25,404,1.382509433625146,1.3316243747271024,0.050885058898043914
2022-11-28,404,1.2284007924199412,1.2259537332667354,0.0024470591532059264
2022-11-29,407,1.3617495608649453,1.4000734546426734,-0.03832389377772826
2022-11-30,411,1.3689946236253454,1.4784884977601038,-0.10949387413475853
2022-12-01,415,1.6797214975058503,1.510976568778024,0.1687449287278263
2022-12-02,412,1.8573519578613675,1.6693241452848202,0.18802781257654738
2022-12-05,409,1.6537437180823822,1.4588805937888876,0.1948631242934947
2022-12-06,412,1.4146551975555008,1.4097634134046895,0.0048917841508114126
2022-12-07,411,1.2285978021529471,1.1786526636381964,0.049945138514750596
2022-12-08,427,1.4309433985735125,1.3844869586741075,0.046456439899405046
2022-12-09,428,1.3166464360675474,1.2661772766275594,0.05046915943998792
2022-12-12,426,1.533599281203138,1.3211250654322604,0.21247421577087758
2022-12-13,432,1.8679917384368798,1.4562792976862309,0.4117124407506492
2022-12-14,431,1.3825142384970428,1.1720778585330298,0.21043637996401285
2022-12-15,429,1.1332026783103797,1.2294948636825727,-0.09629218537219283
2022-12-16,435,1.1182500251556509,1.1187988530635964,-0.0005488279079455925
2022-12-19,437,1.2286183530412624,1.2146970640152632,0.013921289025999267
2022-12-20,431,1.264518424737602,1.2541651960847708,0.010353228652831111
2022-12-21,433,1.325735239330359,1.3600822483132693,-0.03434700898291046
2022-12-22,426,1.4368122154867462,1.4977889022609665,-0.060976686774220405
2022-12-23,428,1.5364090267785229,1.5900521617813121,-0.053643135002789444
2022-12-27,430,1.7807638644682005,2.093136839413593,-0.31237297494539273
2022-12-28,425,2.316931770476171,2.3518273192234385,-0.034895548747266865
2022-12-29,441,1.8860729375473164,2.658765178421449,-0.7726922408741328
2022-12-30,454,1.942028029676729,2.1842101752742376,-0.24218214559750822
2023-01-03,455,1.7622603155617313,2.07130351943094,-0.30904320386920886
2023-01-04,450,1.416189371598419,1.5040567042598953,-0.0878673326614763
2023-01-05,455,1.7576419520174913,2.0793272075581775,-0.3216852555406865
2023-01-06,458,1.7502741030188151,1.8714187369127109,-0.12114463389389561
2023-01-09,461,1.4388503998322244,1.642530427496837,-0.20368002766461257
2023-01-10,460,1.3883343069901735,1.9526353105979468,-0.5643010036077734
2023-01-11,459,1.3840870854279508,1.8148636989700904,-0.4307766135421396
2023-01-12,464,1.362368931874655,1.632171822724778,-0.26980289085012293
2023-01-13,461,1.239830531302614,1.2944110329295127,-0.05458050162689873
2023-01-17,455,1.2444052573552948,1.5125002702575365,-0.2680950129022415
2023-01-18,454,1.6930039063067872,2.070899406024259,-0.37789549971747144
2023-01-19,458,2.62822066467302,3.081924523490143,-0.45370385881712316
2023-01-20,458,1.800713528402944,2.2386086403951873,-0.4378951119922435
2023-01-23,452,1.4111356558348933,1.5871268548464403,-0.1759911990115472
2023-01-24,453,1.4806638082914434,1.729721635200618,-0.2490578269091745
2023-01-25,448,1.465067303137149,1.6172268458798638,-0.15215954274271462
2023-01-26,436,1.383236672517717,1.555433560937194,-0.17219688841947706
2023-01-27,431,1.1737313606488171,1.152411859944886,0.02131950070393088
2023-01-30,433,1.2849262665751024,1.5936323756662787,-0.3087061090911763
2023-01-31,429,1.2416014718461441,1.2519554098947039,-0.010353938048559693
2023-02-01,424,1.231271067921262,1.2206855480539063,0.010585519867355656
2023-02-02,414,1.3728307376738698,1.2696602063771367,0.10317053129673312
2023-02-03,409,1.2550595741408361,1.2851996660528209,-0.030140091911984686
2023-02-06,411,1.3509751222349309,1.1816282840894714,0.16934683814545948
2023-02-07,410,1.516022942308391,1.2611462791607109,0.2548766631476801
2023-02-08,402,1.3309168553805795,1.2550306706812484,0.07588618469933109
2023-02-09,409,1.3450152653230918,1.3323831111434647,0.012632154179627196
2023-02-10,400,1.3705703095515471,1.2739975612555792,0.09657274829596807
2023-02-13,390,1.5856427261411312,1.3228157991979217,0.26282692694320947
2023-02-14,397,1.6137003061736503,1.341533401260979,0.27216690491267154
2023-02-15,392,1.5889123379954309,1.2278197504073856,0.36109258758804524
2023-02-16,399,1.240036648895309,1.1279471855968106,0.11208946329849845
2023-02-17,404,1.2654911214072033,1.211020177130414,0.05447094427678925
2023-02-21,401,1.2838145434565074,1.237338359159524,0.04647618429698339
2023-02-22,399,1.2277851008953544,1.261779927943966,-0.03399482704861176
2023-02-23,389,1.4077461738560515,1.264306496281179,0.14343967757487247
2023-02-24,392,1.651478320032815,1.495291431336817,0.15618688869599778
2023-02-27,405,1.9570572361008491,1.59857894438969,0.3584782917111591
2023-02-28,394,1.7744375953470701,1.5666371649217496,0.20780043042532031
2023-03-01,395,2.1933197505724396,1.919485396729712,0.2738343538427272
2023-03-02,391,2.0369636330461844,1.8163122567917056,0.22065137625447864
2023-03-03,393,2.7183762324499443,2.6356043696232265,0.08277186282671782
2023-03-06,396,2.2495323008539536,2.020633143628148,0.22889915722580537
2023-03-07,399,1.6045613379714396,1.5217710943517528,0.08279024361968695
2023-03-08,402,2.0181211759897075,1.8164696765730883,0.20165149941661928
2023-03-09,422,1.7705786400839958,1.854750652196551,-0.08417201211255515
2023-03-10,425,1.4838511566453778,1.5078506592803895,-0.02399950263501196
2023-03-13,427,1.0879066028030904,1.1666639051811711,-0.07875730237808065
2023-03-14,453,1.016155604274136,1.0946377168111006,-0.0784821125369645
2023-03-15,455,1.1377434051671784,1.0944777435738138,0.04326566159336477
2023-03-16,448,0.979177784667521,1.0722191703320436,-0.09304138566452254
2023-03-17,445,1.492463716042098,1.5615742991733168,-0.06911058313121908
2023-03-20,446,1.2611831703530672,1.3584323339305038,-0.09724916357743654
2023-03-21,446,1.0518322481467237,1.1475315793218992,-0.09569933117517539
2023-03-22,441,1.3962541446489405,1.448482881588302,-0.05222873693936145
2023-03-23,433,1.5127993261370396,1.5947761654300365,-0.08197683929299693
2023-03-24,432,1.281576724467657,1.4787613302985312,-0.19718460583087402
2023-03-27,432,1.2578081684606417,1.4021843910259253,-0.1443762225652836
2023-03-28,433,1.1741738002935003,1.3043165966119339,-0.13014279631843365
2023-03-29,425,1.116430633020559,1.1951828195847176,-0.07875218656415885
2023-03-30,445,1.066154828543901,1.1186475209509978,-0.05249269240709674
2023-03-31,452,1.0208653411207704,1.0545871335677834,-0.033721792447013094
2023-04-03,453,0.9742941579392703,1.0566858317908183,-0.08239167385154793
2023-04-04,457,1.0483562785804592,1.1711808849594925,-0.12282460637903325
2023-04-05,457,1.0934204898202002,1.2332456212622263,-0.1398251314420262
2023-04-06,467,1.0937618402909688,1.2997495101029264,-0.20598766981195749
2023-04-10,468,1.1042357330411599,1.2524563766592596,-0.1482206436180996
2023-04-11,463,1.2411426614751462,1.1259321198370746,0.11521054163807146
2023-04-12,463,1.286362041717327,1.1319578797822374,0.15440416193508946
2023-04-13,466,1.320531068291536,1.2350426737344378,0.08548839455709834
2023-04-14,456,1.2680221284926414,1.2957737103939608,-0.027751581901319374
2023-04-17,456,1.2388261084220433,1.2360271713571167,0.0027989370649266153
2023-04-18,454,1.486230109021842,1.3868860749188159,0.09934403410302603
2023-04-19,452,1.5943341662121144,1.4789694046948125,0.1153647615173021
2023-04-20,451,1.6649676963294084,1.5528985404205566,0.11206915590885184
2023-04-21,446,1.4256659817532833,1.3768402895538119,0.04882569219947129
2023-04-24,444,1.5265285681128369,1.4748056264622542,0.051722941650582485
2023-04-25,442,1.5164500349777514,1.5195839293908275,-0.00313389441307604
2023-04-26,439,1.6017085989641777,1.6001149890801027,0.0015936098840747628
2023-04-27,429,1.5393437686364713,1.524849304963045,0.014494463673426421
2023-04-28,427,1.6151541500231814,1.6102822600953082,0.004871889927873161
2023-05-01,425,1.568258941429508,1.4972980285831288,0.0709609128463792
2023-05-02,421,1.579137390609608,1.5118695036562675,0.06726788695334056
2023-05-03,416,1.486520374879755,1.5685565726622341,-0.08203619778247921
2023-05-04,411,1.6424947173642992,1.8222949330888973,-0.17980021572459806
2023-05-05,411,1.428217670503762,1.5417043169494815,-0.11348664644571951
2023-05-08,409,1.3694806391762788,1.5085789287783704,-0.13909828960209142
2023-05-09,410,1.3814267872703243,1.384018827647287,-0.0025920403769626853
2023-05-10,411,1.4505216668629324,1.3411816205396336,0.10934004632329879
2023-05-11,416,1.6851203522585405,1.6065870322751787,0.07853331998336198
2023-05-12,419,1.9968166264275942,2.0161963621718706,-0.019379735744276313
2023-05-15,412,1.9585833078063841,1.8969153197390574,0.061667988067326755
2023-05-16,399,1.7185855190628359,1.7158775237399948,0.002707995322841039
2023-05-17,390,1.6458175732213123,1.6517853217719427,-0.005967748550630487
2023-05-18,400,1.301410400035064,1.4620430531366333,-0.1606326531015692
2023-05-19,404,1.3341345375804183,1.4594127341849366,-0.12527819660451803
2023-05-22,404,1.3543977356519667,1.5313442162187632,-0.17694648056679652
2023-05-23,405,1.4653951849782347,1.7878586372209393,-0.3224634522427045
2023-05-24,392,1.8253832162798989,2.185854173588054,-0.3604709573081553
2023-05-25,399,1.562815147331339,1.7064738636679009,-0.14365871633656208
2023-05-26,410,1.454807177258702,1.719057330342693,-0.2642501530839911
2023-05-30,413,1.6849868827927343,2.1571925583439278,-0.4722056755511935
2023-05-31,408,1.9026780411377484,2.3300394000104254,-0.42736135887267723
2023-06-01,410,1.917529655802996,2.6308197208408797,-0.7132900650378834
2023-06-02,409,1.3530303789415834,1.8852167440570264,-0.5321863651154426
2023-06-05,408,1.305623248175949,1.646106996266112,-0.34048374809016285
2023-06-06,410,1.17135067936601,1.5459205526858582,-0.37456987331984803
2023-06-07,411,1.2237418872975585,1.5580314214481985,-0.33428953415064
2023-06-08,424,1.1332009026221623,1.237998567220258,-0.10479766459809575
2023-06-09,426,1.0512284660398228,1.1812669622441845,-0.13003849620436178
2023-06-12,426,1.1042280882412374,1.3467234619161215,-0.24249537367488416
2023-06-13,433,1.0639452265234295,1.1384525859838885,-0.07450735946045915
2023-06-14,436,1.0403315349602165,1.2525997574526755,-0.21226822249245914
2023-06-15,441,1.0048635739235623,1.111326258106743,-0.10646268418318065
2023-06-16,441,0.9915930684921109,1.2521460118890977,-0.26055294339698665
2023-06-20,441,0.9774104172760131,1.22046534893998,-0.2430549316639669
2023-06-21,435,0.929623944591997,1.3348049238351936,-0.40518097924319657
2023-06-22,430,1.0216739332017182,1.2232948374537445,-0.2016209042520262
2023-06-23,430,1.2814879308854257,1.5948703163812838,-0.3133823854958582
2023-06-26,430,1.415815224248389,2.105844451475666,-0.6900292272272769
2023-06-27,428,1.2035457206620765,1.6800226337042454,-0.4764769130421689
2023-06-28,423,1.3534517072618046,2.0637552561788124,-0.710303548917008
2023-06-29,440,1.12616027013386,1.2192646280304387,-0.09310435789657873
2023-06-30,449,1.0952032747449842,1.2362866388039018,-0.1410833640589176
2023-07-03,454,1.1530328382009747,1.421288310805812,-0.26825547260483745
2023-07-05,455,1.3428048855041739,1.6601075258956544,-0.3173026403914805
2023-07-06,456,1.419388282255283,1.6534973641986652,-0.2341090819433824
2023-07-07,465,1.3205571729707888,1.5961201191509662,-0.27556294618017735
2023-07-10,466,1.2554916392308748,1.469206351624682,-0.21371471239380713
2023-07-11,465,1.125441031044229,1.3354134469934509,-0.2099724159492219
2023-07-12,464,1.1516780387122707,1.3585458289236427,-0.20686779021137208
2023-07-13,466,1.1720037887174284,1.224669700486699,-0.05266591176927107
2023-07-14,460,1.2694432024990336,1.3870145148808786,-0.11757131238184526
2023-07-17,452,1.2630178766106106,1.3975415409861216,-0.1345236643755111
2023-07-18,451,1.1803580334882864,1.2684244296520073,-0.08806639616372108
2023-07-19,452,1.2870080330651188,1.2759995666505983,0.011008466414520466
2023-07-20,455,1.3987682584633434,1.3793861183440075,0.019382140119335606
2023-07-21,447,1.5746487540247058,1.5183100329397297,0.05633872108497609
2023-07-24,443,1.5739540192459314,1.5674926647724372,0.006461354473493871
2023-07-25,441,1.670366879927497,1.5942439839056313,0.07612289602186588
2023-07-26,436,1.660426320450336,1.5250923715122668,0.1353339489380691
2023-07-27,427,1.5230014542705652,1.4949629914166336,0.02803846285393159
2023-07-28,430,1.630693367923271,1.5556381503258516,0.07505521759741912
2023-07-31,428,1.6385672694410578,1.5451544000899349,0.09341286935112286
2023-08-01,422,1.7419093440587938,1.6182506683051445,0.12365867575364925
2023-08-02,414,1.5981123439270681,1.4334718659135797,0.16464047801348836
2023-08-03,404,1.5778310316492927,1.2321369537160871,0.34569407793320567
2023-08-04,405,1.4020070559426254,1.2385431873222303,0.1634638686203951
2023-08-07,408,1.5926033820962011,1.218573442316527,0.3740299397796739
2023-08-08,407,1.5132215962086855,1.2888536261411536,0.22436797006753198
2023-08-09,412,1.2308772631411025,1.060665524910718,0.1702117382303847
2023-08-10,419,1.3152347876392245,1.0407379561882353,0.2744968314509893
2023-08-11,419,1.2301523949756756,1.055328330932341,0.1748240640433346
2023-08-14,426,1.0946857750148427,0.9306279175301161,0.16405785748472668
2023-08-15,430,0.911989547198032,0.9515391926269429,-0.03954964542891079
2023-08-16,425,0.9549707980544526,1.0229259643482287,-0.0679551662937762
2023-08-17,412,1.1242271592060833,1.1600455996116774,-0.0358184404055942
2023-08-18,412,1.2028467135141094,1.1878241232881197,0.015022590225989908
2023-08-21,407,1.1114525633839836,1.2677045687171695,-0.15625200533318617
2023-08-22,406,1.1016027922857445,1.1608555405583185,-0.059252748272574055
2023-08-23,392,1.0539813374177789,1.0655090110800187,-0.011527673662239755
2023-08-24,394,1.1178200729906511,1.1830087456789615,-0.06518867268831059
2023-08-25,401,1.1122913899995066,1.1138717722153322,-0.0015803822158256607
2023-08-28,397,1.1192356653823323,1.127589913811889,-0.008354248429556699
2023-08-29,397,1.240016773890009,1.2193105409583256,0.020706232931683506
2023-08-30,383,1.1923347947886185,1.171069859297707,0.021264935490911546
2023-08-31,405,1.20625601720447,1.1310608665544206,0.07519515065004949
2023-09-01,408,1.264946244295685,1.1735485407693287,0.0913977035263562
2023-09-05,415,1.1422256950789327,1.0939850895983072,0.04824060548062546
2023-09-06,418,1.2001551743408723,1.1469137345046205,0.05324143983625173
2023-09-07,431,1.3861890949127296,1.2202049532473074,0.1659841416654226
2023-09-08,430,1.3673757327583735,1.1839594654699346,0.18341626728843916
2023-09-11,427,1.384658827286378,1.2392300634197593,0.14542876386661863
2023-09-12,432,1.567645973089913,1.316493158721586,0.25115281436832715
2023-09-13,434,1.469384300906791,1.2496521711715853,0.21973212973520587
2023-09-14,440,1.5471296848251035,1.3430757098600998,0.20405397496500355
2023-09-15,439,1.3889215383864453,1.15053262702343,0.23838891136301538
2023-09-18,440,1.665193542560304,1.411331176640984,0.25386236591932
2023-09-19,439,1.9003487066957256,1.606174315743814,0.29417439095191145
2023-09-20,440,1.6725151067839557,1.4044129352338792,0.2681021715500763
2023-09-21,430,1.4289992134884815,1.3198541678111757,0.10914504567730572
2023-09-22,426,1.280197563270124,1.216750269338032,0.06344729393209186
2023-09-25,429,1.22473279335453,1.1871665263397109,0.037566267014819035
2023-09-26,430,1.056654422493277,1.069637337697937,-0.012982915204659728
2023-09-27,427,1.110274009791988,1.1331868591770693,-0.022912849385081202
2023-09-28,444,1.2525263127259738,1.2579071959670385,-0.005380883241064606
2023-09-29,449,1.2342817497750103,1.2484083860356583,-0.014126636260648187
2023-10-02,449,1.2431381564873942,1.2658105639947574,-0.02267240750736327
2023-10-03,451,1.3529773507557155,1.287222594384828,0.06575475637088772
2023-10-04,453,1.2375228968036962,1.2719193020432384,-0.034396405239542384
2023-10-05,461,1.194386575528357,1.236460271413799,-0.042073695885442006
2023-10-06,466,1.3403826626095021,1.3715544349063744,-0.031171772296872277
2023-10-09,465,1.4435193661218926,1.407699936869881,0.03581942925201156
2023-10-10,464,1.4939778407149882,1.5627006908847436,-0.0687228501697553
2023-10-11,468,1.9797014180848231,1.8025709989905747,0.17713041909424831
2023-10-12,470,1.7901746712091453,1.7561354133713745,0.03403925783777067
2023-10-13,471,1.8624193324024982,1.8035483593343522,0.05887097306814604
2023-10-16,466,1.970264201475576,2.0107005011630097,-0.04043629968743344
2023-10-17,453,1.8435765026557889,1.7440255682524912,0.09955093440329747
2023-10-18,453,1.5389515174351844,1.5044015668990478,0.03454995053613665
2023-10-19,454,1.3810711467532468,1.4091681695646587,-0.028097022811411982
2023-10-20,453,1.7712802327555328,1.7693915969084573,0.0018886358470754977
2023-10-23,449,1.7947617857111524,1.7385884766130213,0.0561733090981309
2023-10-24,447,1.65714891630011,1.7969481068335078,-0.1397991905333978
2023-10-25,443,1.957168921407358,1.8698123088385712,0.08735661256878666
2023-10-26,432,1.840512546539803,1.7955649322758935,0.04494761426390908
2023-10-27,425,2.2604087221769213,2.0455267343264896,0.2148819878504318
2023-10-30,426,1.9651530574862455,2.1015697840219034,-0.13641672653565784
2023-10-31,422,2.5015530199098652,2.9319668499082776,-0.4304138299984117
2023-11-01,415,2.451197188052442,2.8395546650830688,-0.3883574770306267
2023-11-02,400,1.773006357945282,2.069541455346438,-0.29653509740115597
2023-11-03,399,1.358854533603742,1.5826043986632596,-0.22374986505951758
2023-11-06,396,1.5227714382289756,1.715352492642721,-0.19258105441374512
2023-11-07,395,1.3514898709578347,1.6574864263990186,-0.30599655544118387
2023-11-08,391,1.4003598421946186,1.6858391506860475,-0.28547930849142883
2023-11-09,399,1.673736753482554,2.1174587453197016,-0.44372199183714767
2023-11-10,404,1.3376835014363275,1.5716308804922385,-0.23394737905591106
2023-11-13,409,1.4116976046696794,1.6791870732051888,-0.26748946853550937
2023-11-14,414,1.07655833775239,1.2737608977730839,-0.19720256002069378
2023-11-15,387,1.0759142090788714,1.301789928820135,-0.22587571974126364
2023-11-16,403,1.3712791307604077,1.8110274187529911,-0.43974828799258314
2023-11-17,407,1.3431779015797147,1.5635236479990677,-0.22034574641935312
2023-11-20,407,1.2361671318880503,1.3724524921080494,-0.1362853602199992
2023-11-21,408,1.3316044069938948,1.4871965071819098,-0.15559210018801536
2023-11-22,399,1.3853929071028315,1.400396588026176,-0.015003680923344368
2023-11-24,402,1.392710270423536,1.4690093510278226,-0.07629908060428668
2023-11-27,404,1.466245165627902,1.581656410943184,-0.11541124531528221
2023-11-28,399,1.5608135937934355,1.7347984307277098,-0.1739848369342741
2023-11-29,407,1.8547957108498954,2.1051987316560505,-0.2504030208061554
2023-11-30,415,2.340501504247083,2.5290839896940445,-0.18858248544696168
2023-12-01,411,1.6621344562255183,1.935854148294082,-0.27371969206856395
2023-12-04,407,1.5462337680175757,1.7455124047026886,-0.19927863668511286
2023-12-05,412,1.9443480827726867,2.174122368424452,-0.22977428565176505
2023-12-06,410,1.5594992567192383,1.7568002670478438,-0.1973010103286059
2023-12-07,427,1.6516965155471826,1.8674734956065067,-0.21577698005932394
2023-12-08,430,1.5623892602007754,1.8482244954915859,-0.2858352352908105
2023-12-11,429,1.5498270033489383,1.883684744710109,-0.33385774136117086
2023-12-12,429,1.631111301443956,1.985849268674715,-0.354737967230759
2023-12-13,413,1.2156513086072291,1.616682625413786,-0.4010313168065569
2023-12-14,426,0.8661161924796357,0.8765373568522669,-0.010421164372631186
2023-12-15,432,0.9500853374155217,0.9676833156886588,-0.017597978273137208
2023-12-18,436,1.0275728670514637,0.9540773866336535,0.07349548041781005
2023-12-19,431,1.1055714064474922,0.9854300960459328,0.1201413104015594
2023-12-20,436,1.0311263854476316,1.041247522312726,-0.010121136865094598
2023-12-21,434,1.0005466424587917,1.0265032973251054,-0.025956654866313652
2023-12-22,428,1.0281725173191956,0.9956141270931044,0.032558390226091166
2023-12-26,429,1.0753672114283879,1.0252656284592427,0.05010158296914516
2023-12-27,431,1.1277206450853523,1.0984886074267843,0.0292320376585678
2023-12-28,446,1.1681535306767108,1.0998085042840087,0.06834502639270201
2023-12-29,457,1.2073705040547578,1.133440355199545,0.07393014885521278
2024-01-02,458,1.3156820791375416,1.1950424760135072,0.12063960312403418
2024-01-03,453,1.3041695763823025,1.29588739406456,0.008282182317742328
2024-01-04,456,1.3995190129964665,1.451682869705156,-0.05216385670868945
2024-01-05,456,1.495792861325675,1.5400735837893196,-0.04428072246364445
2024-01-08,456,1.345042885465584,1.3403835819900995,0.004659303475484566
2024-01-09,461,1.3824488301281825,1.3924307434755483,-0.009981913347365538
2024-01-10,461,1.3169247830571098,1.3577838364165327,-0.04085905335942279
2024-01-11,465,1.171273859034249,1.2201049415566514,-0.04883108252240221
2024-01-12,469,1.2100404272813363,1.3220737551481938,-0.11203332786685781
2024-01-16,463,1.2763516064117435,1.3911199248570278,-0.11476831844528429
2024-01-17,455,1.1841362480058713,1.23210857037249,-0.047972322366618705
2024-01-18,458,1.302891323078679,1.4832678567506938,-0.18037653367201517
2024-01-19,458,1.272230042396124,1.3701057738589957,-0.09787573146287172
2024-01-22,456,1.3061669482004827,1.3531138180425488,-0.04694686984206598
2024-01-23,456,1.2658253555114678,1.3724484773859167,-0.10662312187444903
2024-01-24,453,1.3985979307252219,1.4865339400288922,-0.08793600930367032
2024-01-25,442,1.4726125626103097,1.51813702772784,-0.04552446511753054
2024-01-26,437,1.5484862567942481,1.6068731107590686,-0.05838685396482038
2024-01-29,436,1.417357277231743,1.4682997223137744,-0.050942445082031315
2024-01-30,439,1.4941328209301048,1.466628077796014,0.027504743134090952
2024-01-31,438,1.6902184944037575,1.7038068158920907,-0.01358832148833315
2024-02-01,423,1.62092455857732,1.6941565795504117,-0.07323202097309184
2024-02-02,415,1.4601497759107593,1.5300854964888406,-0.0699357205780813
2024-02-05,410,1.4060108993374902,1.3989347827990621,0.007076116538428111
2024-02-06,408,1.2779660179845242,1.3456996054872077,-0.06773358750268318
2024-02-07,400,1.366145578357373,1.5224033558002736,-0.15625777744290034
2024-02-08,405,1.3126186807282927,1.5196858072546735,-0.20706712652638096
2024-02-09,405,1.2855617190743776,1.4284632509681452,-0.14290153189376753
2024-02-12,405,1.3230588500980693,1.4255197186503041,-0.10246086855223478
2024-02-13,399,1.5425021283984153,1.7052741059049912,-0.16277197750657588
2024-02-14,386,1.4077003797710739,1.5408139532808505,-0.13311357350977662
2024-02-15,396,1.3812435122281765,1.4874870066529684,-0.10624349442479193
2024-02-16,405,1.5773396718564128,1.730200014515244,-0.15286034265883106
2024-02-20,405,1.601862150304889,1.7111018948181933,-0.10923974451330415
2024-02-21,404,1.7711688446507836,1.94058730132625,-0.1694184566754665
2024-02-22,392,1.5160175360519355,1.6523341304945998,-0.13631659444266414
2024-02-23,392,1.348910184496906,1.469394404849216,-0.12048422035231005
2024-02-26,396,1.2973458245685843,1.4279789728679189,-0.1306331482993345
2024-02-27,390,1.2347255371517971,1.3987520466232495,-0.1640265094714524
2024-02-28,396,1.279204060143321,1.4540615759249949,-0.1748575157816738
2024-02-29,385,1.1114780349562596,1.2101523960674654,-0.09867436111120574
2024-03-01,391,1.1848357520610706,1.2342193449483918,-0.04938359288732115
2024-03-04,390,1.2136314725464281,1.2416340857980952,-0.02800261325166697
2024-03-05,397,1.1948570557886216,1.282520554831801,-0.08766349904317934
2024-03-06,396,1.2064427260625201,1.3532782826144212,-0.14683555655190106
2024-03-07,418,1.2117658904685285,1.3449227914784496,-0.13315690100992103
2024-03-08,422,1.1531185333481604,1.5353658633833323,-0.3822473300351718
2024-03-11,423,1.209768399756094,1.295642528694994,-0.08587412893890012
2024-03-12,431,1.1516084546480783,1.2053950992378069,-0.05378664458972855
2024-03-13,410,1.0457901661396276,1.0768247885044162,-0.031034622364788416
2024-03-14,436,1.1495758271508671,1.1508641337429246,-0.0012883065920574123
2024-03-15,436,1.0719961666368851,1.1428628361113307,-0.07086666947444552
2024-03-18,439,0.9981421755865563,1.0108960713878548,-0.012753895801298591
2024-03-19,437,1.0899966311046703,1.0922503552629532,-0.002253724158282896
2024-03-20,437,1.0700252375227675,1.0420116650887499,0.028013572434017614
2024-03-21,437,1.074203471940903,1.0260447016065726,0.04815877033433044
2024-03-22,436,0.9868742849538427,0.9733866401132982,0.013487644840544405
2024-03-25,429,0.9631164540195676,0.9635753886407884,-0.0004589346212207805
2024-03-26,428,1.0891365218672109,1.044386043460568,0.04475047840664311
2024-03-27,450,1.2579505952395151,1.2006631149770433,0.05728748026247206
2024-03-28,452,1.6016522665891835,1.5013247725350647,0.10032749405411871
2024-04-01,453,1.6147847772262087,1.5316794479266684,0.08310532929954023
2024-04-02,454,1.5260679534535861,1.4323733963502026,0.09369455710338365
2024-04-03,457,1.6234941805309064,1.4426704985989507,0.1808236819319559
2024-04-04,458,1.4599936761272856,1.482006765334968,-0.02201308920768217
2024-04-05,456,1.6719710928974942,1.6912821685430912,-0.019311075645596937
2024-04-08,459,1.5327073888825404,1.4481524180780552,0.08455497080448514
2024-04-09,462,1.3969298641762447,1.308044553659798,0.08888531051644652
2024-04-10,462,1.2119343518601218,1.2176318221734734,-0.0056974703133517894
2024-04-11,464,1.3562362974344488,1.3685420048653278,-0.01230570743087901
2024-04-12,470,1.1938172392879292,1.1939982911474514,-0.00018105185952191764
2024-04-15,466,1.2587572947826293,1.2675161836470763,-0.00875888886444707
2024-04-16,457,1.3438138180491925,1.3471223918022108,-0.0033085737530181717
2024-04-17,455,1.3211460575440304,1.3221795681313915,-0.0010335105873610097
2024-04-18,458,1.4624970253288014,1.426056696806895,0.036440328521906214
2024-04-19,455,1.602632340848773,1.5258075281103176,0.07682481273845537
2024-04-22,452,1.6669200251367633,1.5717481315321076,0.09517189360465572
2024-04-23,452,1.4887117769085234,1.4651733175395685,0.023538459368955173
2024-04-24,452,1.4367023494607132,1.4170366010310305,0.019665748429682668
2024-04-25,440,1.4163039736875425,1.3849571639618248,0.031346809725717455
2024-04-26,430,1.4233248453346412,1.4184209974750974,0.004903847859543933
2024-04-29,432,1.2877545019373837,1.3478260810593528,-0.06007157912196933
2024-04-30,429,1.5342982188038197,1.6538825423198216,-0.11958432351600184
2024-05-01,422,1.7482276962396128,1.7080044595816797,0.04022323665793302
2024-05-02,408,1.409739826791045,1.423521916570432,-0.013782089779387179
2024-05-03,407,1.2627830266287132,1.432043595451587,-0.16926056882287377
2024-05-06,407,1.1695490213242783,1.3036667128368977,-0.13411769151261926
2024-05-07,407,1.1086228316095537,1.2021402584454417,-0.09351742683588807
2024-05-08,406,1.129343856145851,1.2240161727303915,-0.09467231658454055
2024-05-09,408,1.154537439173307,1.1220518304803377,0.032485608692969216
2024-05-10,411,1.2454627040632145,1.2353772389618696,0.010085465101344867
2024-05-13,415,1.3614816265357546,1.3316555880850507,0.02982603845070394
2024-05-14,423,1.4895380281231911,1.3367606381112351,0.15277739001195612
2024-05-15,427,1.5300573951273213,1.3792597439735144,0.15079765115380708
2024-05-16,425,1.2372781690112578,1.1784210323327133,0.05885713667854428
2024-05-17,417,1.39061147064724,1.2505715885503568,0.14003988209688334
2024-05-20,414,1.4004524386061767,1.270408407643402,0.1300440309627746
2024-05-21,415,1.2890524134292198,1.1779583200863346,0.11109409334288507
2024-05-22,414,1.2572510303802364,1.160598617627916,0.09665241275232055
2024-05-23,407,1.1500399742979297,1.164829474625943,-0.014789500328013511
2024-05-24,404,1.1045133737174533,1.0662928689884716,0.03822050472898173
2024-05-28,403,1.0906905241535099,1.0936831200875665,-0.002992595934056661
2024-05-29,401,1.1477582217539941,1.1670057776647662,-0.019247555910772304
2024-05-30,404,1.1791042334567414,1.1947827565416724,-0.015678523084931194
2024-05-31,393,1.373717471861185,1.3443035961988126,0.029413875662372184
2024-06-03,400,1.3106650305911713,1.3031825390453824,0.007482491545789017
2024-06-04,399,1.3473730774106114,1.342362739454205,0.0050103379564064915
2024-06-05,401,1.0905447927169936,1.1011551137232436,-0.010610321006249934
2024-06-06,400,1.0599198789508901,1.071559014344312,-0.011639135393422116
2024-06-07,415,0.9915015519582717,1.0085519898699804,-0.017050437911708786
2024-06-10,425,0.9809939607095934,1.0130204269146417,-0.03202646620504824
2024-06-11,425,0.958735223419325,0.9899299920661518,-0.03119476864682678
2024-06-12,428,0.9554913328441125,0.9997848309281974,-0.04429349808408487
2024-06-13,407,1.0530652146860322,1.0865171488528838,-0.03345193416685161
2024-06-14,428,1.05257341380881,1.074691073770824,-0.022117659962013887
2024-06-17,435,1.060561691501518,1.085545141001224,-0.024983449499706135
2024-06-18,442,1.073299658536299,1.088418155693506,-0.01511849715720702
2024-06-20,435,1.0481738606250528,1.0582953383454936,-0.010121477720440902
2024-06-21,433,1.033923628172909,1.0714286487248135,-0.03750502055190447
2024-06-24,432,1.197458970235785,1.176557550003472,0.02090142023231296
2024-06-25,426,1.0455719718015508,1.061750192081453,-0.016178220279902063
2024-06-26,424,1.0602069661224869,1.0878656028286302,-0.027658636706143203
2024-06-27,424,1.1281045011958433,1.1218096979832635,0.006294803212579879
2024-06-28,439,1.1317840766029512,1.1678342037312308,-0.03605012712827983
2024-07-01,448,1.7301821038650635,1.6614218239878924,0.06876027987717101
2024-07-02,449,1.6663335847664775,1.6530026122393622,0.01333097252711553
2024-07-03,450,1.5912419369372843,1.5777386725886418,0.013503264348642465
2024-07-05,454,1.542128487803203,1.5416948844037486,0.0004336033994545713
2024-07-08,456,1.6014623147448883,1.627946500746175,-0.026484186001286714
2024-07-09,459,1.5550667294439442,1.5667591127703402,-0.011692383326396187
2024-07-10,464,1.4823655937647167,1.4890475637694847,-0.006681970004768043
2024-07-11,467,1.546068784018598,1.5497088827643797,-0.003640098745781793
2024-07-12,465,1.698862913070534,1.7212422808204466,-0.022379367749912733
2024-07-15,472,1.6648588068166823,1.6767834312068914,-0.01192462439020913
2024-07-16,471,1.8473145531073834,1.819678093497737,0.02763645960964623
2024-07-17,463,1.4417465433443346,1.449964655676089,-0.008218112331754358
2024-07-18,455,1.736521880787998,1.728253015416573,0.008268865371424917
2024-07-19,457,2.150597211248395,2.1565739366931576,-0.0059767254447620904
2024-07-22,456,2.5417953984155166,2.361499515395501,0.18029588302001498
2024-07-23,454,2.2679072773027067,2.0634663476250124,0.20444092967769478
2024-07-24,450,2.0056826683856444,1.9819972755489543,0.02368539283668982
2024-07-25,450,1.6293788546855286,1.6222482176528175,0.007130637032711111
2024-07-26,446,1.6114928508480766,1.6169381424112461,-0.0054452915631693615
2024-07-29,435,1.662226938199426,1.5447464343533692,0.11748050384605661
2024-07-30,434,1.5619309297076294,1.466586528206667,0.09534440150096248
2024-07-31,436,1.5907352460218995,1.4741425074507135,0.11659273857118603
2024-08-01,426,1.1815728688493756,1.1923343657077612,-0.010761496858385722
2024-08-02,414,1.392972123900015,1.2756746091979683,0.11729751470204647
2024-08-05,411,2.0706643940111533,2.027631790744418,0.04303260326673572
2024-08-06,409,1.6136945680484893,1.4469259473262792,0.16676862072221021
2024-08-07,407,2.018467015345532,1.7540197198425167,0.2644472955030153
2024-08-08,405,1.2663371638454262,1.1935511072868366,0.07278605655858982
2024-08-09,408,1.485632334224843,1.367496377381885,0.11813595684295841
2024-08-12,415,1.5488486508406643,1.456880329377403,0.09196832146326113
2024-08-13,412,1.269436083607648,1.188959755436922,0.08047632817072592
2024-08-14,418,1.1595592191751225,1.0591526952922772,0.10040652388284523
2024-08-15,434,1.1044967341922274,1.0823677602234494,0.022128973968778026
2024-08-16,427,1.1769434498040114,1.1155961676138433,0.06134728219016828
2024-08-19,417,1.180901772935363,1.188195082812921,-0.007293309877557915
2024-08-20,413,1.2040036488025687,1.2168380026447694,-0.012834353842200634
2024-08-21,413,1.230012807321941,1.232918956703717,-0.0029061493817761235
2024-08-22,402,1.309124617464339,1.2933006840120644,0.01582393345227472
2024-08-23,399,1.4007220701347651,1.379268253383667,0.021453816751098146
2024-08-26,398,1.4184168750868202,1.3626341136942521,0.055782761392568096
2024-08-27,399,1.2701941313676597,1.1686894625344069,0.10150466883325285
2024-08-28,395,1.194095271540814,1.2166633081963552,-0.02256803665554113
2024-08-29,375,1.1949256893998992,1.220902077008551,-0.02597638760865194
2024-08-30,382,1.2544937397946203,1.2650347961300947,-0.01054105633547435
2024-09-03,392,1.2393708060846196,1.2699739719012355,-0.030603165816615766
2024-09-04,399,1.2425497272503014,1.2706509211828851,-0.028101193932583653
2024-09-05,403,1.505498956282502,1.454056442138489,0.05144251414401303
2024-09-06,412,1.7532800955809171,1.771349645132243,-0.018069549551325826
2024-09-09,417,1.6314009482498404,1.6017420794538517,0.029658868795988655
2024-09-10,422,1.701521590067176,1.7736479003118641,-0.07212631024468812
2024-09-11,425,1.4178560670588347,1.469495977072881,-0.051639910014046525
2024-09-12,426,1.501372409981874,1.5234777633124386,-0.022105353330564587
2024-09-13,443,1.3088490642916415,1.3391387943129636,-0.030289730021322053
2024-09-16,439,1.1781180118609085,1.1835092527512219,-0.005391240890313501
2024-09-17,437,1.0527698480452468,1.0610573476184688,-0.008287499573221859
2024-09-18,436,1.1275422771763135,1.1296155914531556,-0.002073314276842234
2024-09-19,437,1.1567610751412658,1.1424696191756172,0.01429145596564866
2024-09-20,433,1.1607599375158708,1.1734533659089417,-0.012693428393070852
2024-09-23,432,1.1897621957089612,1.1632960870867368,0.026466108622224382
2024-09-24,431,1.057618493304103,1.0417304808567955,0.01588801244730762
2024-09-25,429,1.0845593849422326,1.070283605303816,0.014275779638416575
2024-09-26,424,1.1339563907527592,1.1226598349366346,0.011296555816124633
2024-09-27,427,1.1676852232045751,1.1655763596067292,0.0021088635978457893
2024-09-30,447,1.1357945160904839,1.1501052107054346,-0.014310694614950806
2024-10-01,451,1.137109896991153,1.123345096504753,0.01376480048640014
2024-10-02,453,1.1680699842114433,1.1745305491599245,-0.006460564948481173
2024-10-03,454,1.283469352730221,1.3895978559992639,-0.10612850326904273
2024-10-04,458,1.1981563192875802,1.2583065957407555,-0.060150276453175576
2024-10-07,459,1.2290670661769332,1.2936471314832416,-0.06458006530630847
2024-10-08,459,1.143557077806427,1.1763678165882654,-0.032810738781838225
2024-10-09,460,1.155023811030609,1.1305526180209038,0.024471193009705242
2024-10-10,469,1.2191733515937841,1.210661777209829,0.008511574383955056
2024-10-11,469,1.1928714308696824,1.1505369810333115,0.04233444983637085
2024-10-14,468,1.2136326652859235,1.1709434272224688,0.042689238063454905
2024-10-15,474,1.26936789070075,1.2232943877615952,0.046073502939154826
2024-10-16,474,1.4104564166332356,1.3357577671724434,0.07469864946079208
2024-10-17,467,1.6796665412224632,1.5748924967529117,0.10477404446955153
2024-10-18,465,1.7378533080202516,1.6496832883776984,0.08817001964255322
2024-10-21,459,1.5966267592727563,1.5692659164670357,0.02736084280572063
2024-10-22,458,1.433495497221166,1.4048387071518744,0.0286567900692917
2024-10-23,458,2.1001178870643966,2.0914154448502886,0.008702442214107653
2024-10-24,454,1.987666186809629,1.964627904486784,0.02303828232284477
2024-10-25,443,2.1188790070686343,2.096235329049335,0.02264367801929938
2024-10-28,444,2.2945632468411263,2.268003162328326,0.026560084512800345
2024-10-29,438,2.24391741952097,2.222486591356403,0.021430828164566873
2024-10-30,429,2.190949984707925,2.117844431639971,0.07310555306795334
2024-10-31,427,2.104979925560463,2.009249463912055,0.09573046164840789
2024-11-01,412,2.095584484705975,2.150404481834881,-0.05481999712890617
2024-11-04,408,2.2228230959342277,2.271017148788828,-0.04819405285460026
2024-11-05,408,2.063192515633041,2.096348168916963,-0.0331556532839217
2024-11-06,405,1.6570228203024586,1.6762379711557693,-0.01921515085331068
2024-11-07,401,1.5253724459411617,1.5371707394804277,-0.011798293539265923
2024-11-08,407,1.3594028362414943,1.3745297641273129,-0.015126927885818526
2024-11-11,403,1.2239733441696892,1.228269652120093,-0.004296307950403961
2024-11-12,405,1.2624577798485628,1.2677698318600346,-0.005312052011471734
2024-11-13,410,1.2848148341691183,1.31044609517954,-0.025631261010421673
2024-11-14,401,1.264243869341287,1.2463330964070338,0.017910772934253118
2024-11-15,405,1.3559361854670142,1.260327088281884,0.09560909718513036
2024-11-18,413,1.207188256478242,1.1717761988061475,0.03541205767209469
2024-11-19,410,1.2827423159797544,1.2409139443016424,0.041828371678111924
2024-11-20,407,1.1843357234178313,1.1686488810350066,0.015686842382824688
2024-11-21,399,1.235105302232754,1.2268887797809416,0.00821652245181246
2024-11-22,396,1.230560308584933,1.2328018717065494,-0.0022415631216161796
2024-11-25,395,1.3272116998904944,1.3334577698782206,-0.006246069987726616
2024-11-26,396,1.4042526041114263,1.3532165213221519,0.05103608278927421
2024-11-27,401,1.4966535220587214,1.421698169135484,0.07495535292323739
2024-11-29,398,1.6496883361792436,1.5658329712922532,0.0838553648869905
2024-12-02,403,1.7172683385624765,1.725348760651513,-0.00808042208903679
2024-12-03,401,1.6954358588671565,1.6249143122525225,0.07052154661463415
2024-12-04,403,2.327181959105447,2.1341565681532786,0.19302539095216842
2024-12-05,410,2.299583185237105,1.9882572621360333,0.3113259231010718
2024-12-06,417,1.8546008653588173,1.6523681298528137,0.20223273550600368
2024-12-09,426,1.6959429845573666,1.6254583845633277,0.07048459999403871
2024-12-10,431,1.3979112191345564,1.3589449488027545,0.03896627033180181
2024-12-11,430,1.3301867227836468,1.2562487925327015,0.07393793025094526
2024-12-12,423,1.3461471333118582,1.272662152813283,0.0734849804985751
2024-12-13,441,1.409861513854451,1.335762152690068,0.0740993611643829
2024-12-16,436,1.3075274539339314,1.3128134120930084,-0.00528595815907721
2024-12-17,432,1.2461386790802589,1.301146174119515,-0.0550074950392559
2024-12-18,429,0.9395336965681071,1.220229384279393,-0.28069568771128584
2024-12-19,427,1.0143614798263996,1.087397281390387,-0.07303580156398737
2024-12-20,433,1.0563035064102386,1.0563127000492927,-9.193639053877665e-06
2024-12-23,434,0.9714235207536219,0.9366222130722464,0.034801307681375585
2024-12-24,424,1.384353269139756,1.4674175685848883,-0.08306429944513243
2024-12-26,427,1.3407081153009497,1.7323923206066634,-0.3916842053057134
2024-12-27,432,1.223322427769897,1.310080382084377,-0.08675795431447976
2024-12-30,431,1.2663164878378015,1.3040476419770184,-0.03773115413921663
2024-12-31,448,1.3949664259904135,1.3803383420423878,0.014628083948025795
2025-01-02,454,1.4657034479894584,1.3961150059009788,0.0695884420884799
2025-01-03,457,1.510370362276008,1.3454259050910446,0.16494445718496328
2025-01-06,457,1.4465013316148116,1.3654576979525337,0.08104363366227794
2025-01-07,459,1.6216224156551964,1.4545749822761413,0.1670474333790552
2025-01-08,457,1.477156956818002,1.357764364117722,0.1193925927002801
2025-01-10,466,1.8905600547977934,1.6385704291554155,0.251989625642378
2025-01-13,467,1.5845340870305389,1.4614951252361876,0.12303896179435139
2025-01-14,468,1.3835775042816016,1.5132409853005657,-0.12966348101896413
2025-01-15,471,1.437893136101982,1.5351293700510618,-0.09723623394907956
2025-01-16,465,1.3130926476750568,1.5384889435541882,-0.22539629587913146
2025-01-17,459,1.3954590619216622,1.419142524405373,-0.02368346248371065
2025-01-21,461,1.4678173594436372,1.4370768078152139,0.03074055162842348
2025-01-22,462,1.4951685525945497,1.4954867719990326,-0.0003182194044826503
2025-01-23,463,1.570042383714815,1.5643756815193133,0.0056667021955016505
2025-01-24,454,1.602675626197599,1.5863584256438403,0.01631720055375863
2025-01-27,447,1.7167499053811988,1.687225811574082,0.029524093807116916
2025-01-28,445,1.5676228636188474,1.5688095304632832,-0.0011866668444355881
2025-01-29,442,1.6242772663400822,1.597375562117488,0.026901704222593883
2025-01-30,442,1.7073701562187094,1.6795381054391858,0.027832050779523568
2025-01-31,422,1.7957981661943492,1.8083757639372533,-0.012577597742903951
2025-02-03,419,1.851832301131779,1.9442398347753471,-0.09240753364356802
2025-02-04,417,1.7609030381927442,1.9018727938619335,-0.14096975566918918
2025-02-05,414,1.7177208172122378,1.7538742898781126,-0.03615347266587467
2025-02-06,404,1.7681659195834794,1.7969127512947085,-0.02874683171122898
2025-02-07,407,1.7300283402102452,1.74778862160076,-0.017760281390515106
2025-02-10,410,1.8026955874224255,1.7610000192407833,0.04169556818164225
2025-02-11,407,1.5190562655659492,1.4462722043815863,0.0727840611843629
2025-02-12,408,1.6342098501080486,1.571340921435995,0.06286892867205363
2025-02-13,392,1.5835666832670994,1.672510907372155,-0.08894422410505576
2025-02-14,402,2.0716137460623494,2.040572694783029,0.03104105127932047
2025-02-18,411,2.3238646717775326,2.2302585111383126,0.09360616063922021
2025-02-19,406,2.075233107386022,2.048494023637838,0.026739083748184237
2025-02-20,405,2.2466826845016707,2.2088259758005955,0.037856708701075145
2025-02-21,398,1.8388169943169512,1.8521323226926605,-0.013315328375709265
2025-02-24,387,2.3025692591009324,2.2891186384186817,0.01345062068225067
2025-02-25,388,2.1264761332096844,1.8479466770098558,0.2785294561998287
2025-02-26,386,2.102868357848959,1.8173983302731322,0.2854700275758267
2025-02-27,385,2.3245205037538903,2.2811846873281416,0.04333581642574841
2025-02-28,373,2.074713489760486,1.8511658982559125,0.22354759150457368
2025-03-03,382,1.5972678768691697,1.4674400431056926,0.12982783376347726
2025-03-04,380,1.4488981183160856,1.4486144523502051,0.00028366596588021327
2025-03-05,386,1.3980159715508158,1.3649362730847212,0.03307969846609462
2025-03-06,386,1.3543746768968734,1.4341812946553691,-0.07980661775849575
2025-03-07,399,1.4369112057574256,1.396609766260959,0.040301439496466855
2025-03-10,417,1.6684266102947782,1.5758200314717024,0.09260657882307607
2025-03-11,419,1.480191868947672,1.4408140644429477,0.0393778045047246
2025-03-12,426,1.1565871087690829,1.1990147091255743,-0.04242760035649155
2025-03-13,430,1.2537339803933145,1.1915831344186605,0.062150845974654076
2025-03-14,455,1.0219483515717247,1.1967557649791334,-0.17480741340740877
2025-03-17,442,1.1295832739154144,1.2480648925270277,-0.11848161861161319
2025-03-18,442,1.1216780602043372,1.172942583371756,-0.05126452316741857
2025-03-19,442,1.0790864280291943,1.1176936830127915,-0.03860725498359729
2025-03-20,443,2.2095920215994576,2.4106529794622356,-0.20106095786277792
2025-03-21,441,3.5994629414023342,3.785612159305565,-0.1861492179032312
2025-03-24,439,4.346099850233327,4.564878315537431,-0.21877846530410372
2025-03-25,441,5.024523399779131,5.264098830650359,-0.23957543087122835
2025-03-26,440,2.165864161375234,2.264265520885906,-0.09840135951067194
2025-03-27,432,3.224735741974735,3.2717062085826902,-0.04697046660795533
2025-03-28,435,2.4308364927724595,2.5581700570889234,-0.12733356431646378
2025-03-31,457,2.2867935660151577,2.2843181016621443,0.002475464353013426
2025-04-01,460,2.324374039620479,2.2843006484731525,0.04007339114732671
2025-04-02,460,2.940013598937228,2.886831889951514,0.05318170898571383
2025-04-03,458,1.4643271823557433,1.6025086695986053,-0.138181487242862
2025-04-04,460,1.3794987557291003,2.042795912606132,-0.6632971568770317
2025-04-07,461,1.6729072498179938,3.4948337187534966,-1.8219264689355033
2025-04-08,459,2.4360547331692675,4.7306981351889705,-2.294643402019703
2025-04-09,460,1.317237856823,2.9355251812261582,-1.6182873244031581
2025-04-10,467,1.8097071370580526,1.8489022658262826,-0.039195128768229746
2025-04-11,469,1.6324116330028788,1.8509163908862676,-0.21850475788338872
2025-04-14,469,1.5578840622354724,1.9214842825039342,-0.3636002202684618
2025-04-15,463,1.5566482746534884,1.7588068703068522,-0.20215859565336372
2025-04-16,460,1.9217401360159707,1.6149377580086095,0.30680237800736115
2025-04-17,462,2.1856380613335755,2.080392786415769,0.10524527491780604
2025-04-21,460,2.724861131175442,2.395407744492571,0.3294533866828708
2025-04-22,460,1.9958793737092742,1.7422959797032704,0.25358339400600366
2025-04-23,461,1.7987918251691297,1.65877811144836,0.14001371372076948
2025-04-24,460,1.5595289637091425,1.6698095839664215,-0.1102806202572792
2025-04-25,451,1.5316124638833208,1.4291068562148435,0.10250560766847722
2025-04-28,443,2.091920088090536,1.9152914925479199,0.17662859554261648
2025-04-29,441,2.318933661212814,2.3387482451514394,-0.01981458393862555
2025-04-30,443,2.41779200003406,2.214983426467504,0.20280857356655563
2025-05-01,435,2.225371653047959,2.0639486062442294,0.1614230468037297
2025-05-02,421,1.9020064579367109,1.7660862430455575,0.13592021489115327
2025-05-05,413,1.9009154122956375,1.846943230982396,0.053972181313241385
2025-05-06,412,1.9417848803852757,1.803424666866387,0.13836021351888894
2025-05-07,408,1.552044682196177,1.5186428527959557,0.03340182940022137
2025-05-08,403,1.4186684533992462,1.4423092471511818,-0.02364079375193553
2025-05-09,400,1.3877969501655676,1.4091147283429093,-0.021317778177341595
2025-05-12,402,1.3534306345852747,1.356240727113349,-0.002810092528074442
2025-05-13,401,1.343256693572314,1.3233475533773702,0.019909140194943963
2025-05-14,404,1.3392075260287513,1.3281590017696747,0.011048524259076773
2025-05-15,398,1.3289494986919206,1.203193641465999,0.1257558572259217
2025-05-16,398,1.4201238537827718,1.3797380104150985,0.0403858433676734
2025-05-19,409,1.3368488956468125,1.2971073174060164,0.0397415782407963
2025-05-20,405,1.3404202167178991,1.302611478863017,0.03780873785488208
2025-05-21,407,1.3220129553444318,1.352094952354777,-0.030081997010345217
2025-05-22,399,1.3695527961330793,1.7280830792049213,-0.35853028307184204
2025-05-23,405,1.401288190364918,1.9987842642164615,-0.5974960738515435
2025-05-27,402,1.3556158400401492,1.3359035762403104,0.01971226379983876
2025-05-28,403,1.3604064368181372,1.4303146244416716,-0.0699081876235343
2025-05-29,406,1.3334644758737733,1.431454383906086,-0.0979899080323129
2025-05-30,400,1.4027715373746539,1.4636578624251237,-0.060886325050469654
2025-06-02,404,1.4756553903272838,1.7741688114601624,-0.2985134211328786
2025-06-03,402,1.3959030491222084,1.4979562588646897,-0.10205320974248094
2025-06-04,401,1.4078142065941412,1.5030713505981608,-0.09525714400401956
2025-06-05,402,1.3809438804569234,1.5404006853045402,-0.15945680484761662
2025-06-06,412,1.3028869344941258,1.3546668463054516,-0.0517799118113258
2025-06-09,419,1.2703843084687876,1.4005769285838063,-0.13019262011501875
2025-06-10,427,1.3281523461084423,1.4365586396980399,-0.10840629358959768
2025-06-11,427,1.3565881197557486,1.4279465779985934,-0.07135845824284466
2025-06-12,422,1.3645157364718201,1.4329453163425188,-0.06842957987069864
2025-06-13,427,1.5402627036243324,1.60694836361272,-0.06668565998838771
2025-06-16,433,1.3498140400930954,1.4306123329085096,-0.08079829281541427
2025-06-17,436,1.7099787803938726,1.9577970781869771,-0.24781829779310421
2025-06-18,435,1.7274749013371606,2.2093743418181417,-0.4818994404809809
2025-06-20,433,1.5604750638906644,1.6585567101170107,-0.09808164622634627
2025-06-23,434,1.4999650644807505,1.6442678218237137,-0.14430275734296277
2025-06-24,435,1.4410565911459163,1.6066764724744584,-0.16561988132854202
2025-06-25,429,1.6166441953589874,1.7735214864732634,-0.1568772911142758
2025-06-26,430,1.4156569723776722,1.5362557419825071,-0.12059876960483486
2025-06-27,436,1.3361215893359957,1.4525829837671884,-0.11646139443119294
2025-06-30,450,1.3132730768902798,1.3319836358780281,-0.018710558987748125
2025-07-01,458,1.3074162059678147,1.3125051408770783,-0.005088934909263516
2025-07-02,459,1.2377924229093429,1.3622626299954477,-0.12447020708610472
2025-07-03,462,1.2643423516370078,1.3227210213575595,-0.05837866972055196
2025-07-07,463,1.2341094428841048,1.3239472143749744,-0.0898377714908696
2025-07-08,463,1.2857098937358333,1.4493217102229052,-0.16361181648707188
2025-07-09,463,1.272754268345132,1.4698806255597092,-0.19712635721457708
2025-07-10,470,1.3105028404581096,1.4289733979800694,-0.11847055752195992
2025-07-11,469,1.3537183625875702,1.5200615964921218,-0.16634323390455158
2025-07-14,470,1.2869880567822358,1.5287442213676896,-0.24175616458545368
2025-07-15,475,1.4219843930729872,1.6610028924099387,-0.23901849933695146
2025-07-16,473,1.4412870190404112,1.5040393416537428,-0.06275232261333162
2025-07-17,464,1.5511581600273279,1.5531066205387103,-0.0019484605113823516
2025-07-18,462,1.629368287404252,1.5614346889132327,0.06793359849101943
2025-07-21,463,1.736514497975392,1.735863958227472,0.0006505397479200518
2025-07-22,462,1.8472670671735778,1.7759481465141933,0.07131892065938444
2025-07-23,462,1.9604278209090542,1.8115024260194348,0.14892539488961956
2025-07-24,460,1.8928537596478419,1.7763555474315151,0.11649821221632674
2025-07-25,454,1.9964954148744147,1.8666988112508478,0.12979660362356682
2025-07-28,447,2.0222611282074157,1.8924573669463378,0.1298037612610776
2025-07-29,445,1.8413849873782953,1.8196928147690725,0.021692172609222737
2025-07-30,440,1.6848223573488028,1.79198183152525,-0.10715947417644724
2025-07-31,439,1.560779773495171,1.5879674504837273,-0.02718767698855655
2025-08-01,425,1.516435853751892,1.5827711047607296,-0.06633525100883733
2025-08-04,415,1.4192599304587485,1.554808512359432,-0.1355485819006834
2025-08-05,413,1.3617898825223624,1.5598144201370872,-0.19802453761472458
2025-08-06,408,1.33647979782273,1.417674118189914,-0.08119432036718366
2025-08-07,406,1.2216396076755411,1.2734631771172258,-0.051823569441684654
2025-08-08,408,1.4392793895059628,1.458365197203384,-0.019085807697421152
2025-08-11,410,1.4052997482970162,1.4905937154620776,-0.08529396716506127
2025-08-12,410,1.2121345596597666,1.2860009917361102,-0.07386643207634346
2025-08-13,417,1.1114565514244492,1.1725928478210033,-0.061136296396554046
2025-08-14,424,1.1321413781779313,1.2314405461864186,-0.09929916800848737
2025-08-15,429,1.1783488895776524,1.243188461686086,-0.06483957210843343
2025-08-18,418,1.2256037925790366,1.2838481665218422,-0.05824437394280586
2025-08-19,416,1.2282344984661906,1.2821664985867056,-0.053932000120514904
2025-08-20,414,1.3536216231375156,1.4382622020613387,-0.08464057892382316
2025-08-21,401,1.3953206468801216,1.5469506929944088,-0.15163004611428738
2025-08-22,403,1.4011509957676507,1.421213325662881,-0.020062329895230494
2025-08-25,403,1.348323809503462,1.357914767268916,-0.00959095776545398
2025-08-26,398,1.3348974433492646,1.3400608254687731,-0.005163382119508352
2025-08-27,394,1.3257965719860154,1.4319497277872248,-0.10615315580120935
2025-08-28,389,1.3136480120043004,1.3483037404789255,-0.03465572847462487
2025-08-29,383,1.5548554878902003,1.5645422637249473,-0.009686775834746954
2025-09-02,399,1.491289472240592,1.565572538678247,-0.07428306643765531
2025-09-03,404,1.374584327958056,1.5939073746858194,-0.2193230467277637
2025-09-04,409,1.4370359338641767,1.5143225983142317,-0.07728666445005505
2025-09-05,425,1.4553818279268633,1.5106526009624093,-0.05527077303554581
2025-09-08,425,1.497700275549777,1.529323837616535,-0.03162356206675791
2025-09-09,430,1.3967823910490436,1.4967063954555497,-0.09992400440650635
2025-09-10,437,1.2187375907619358,1.3445880644914652,-0.12585047372952946
2025-09-11,438,1.3897872523351393,1.3333732597913506,0.05641399254378896
2025-09-12,441,1.2419615909187327,1.40224183901818,-0.160280248099447
2025-09-15,463,1.1785665741033018,1.3876404063646566,-0.2090738322613549
2025-09-16,447,1.2685298679969648,1.494453614577224,-0.2259237465802592
2025-09-17,441,1.4465257435229495,1.5788322694842993,-0.13230652596134987
2025-09-18,441,1.3174158120927908,1.4329119654222915,-0.11549615332950089
2025-09-19,434,1.3422708011359683,1.483807853453133,-0.14153705231716449
2025-09-22,437,1.3652084710360186,1.4161160678924274,-0.05090759685640867
2025-09-23,435,1.315256993161513,1.3524298549748757,-0.03717286181336269
2025-09-24,436,1.372601437835673,1.4303791805549342,-0.057777742719261053
2025-09-25,435,1.4288947533969076,1.4504013100878619,-0.021506556690954234
2025-09-26,432,1.5920597609712486,1.5093090890603473,0.08275067191090131
2025-09-29,434,1.4323013591822822,1.387763011667154,0.044538347515127856
2025-09-30,455,1.2297727720290594,1.2140196245102794,0.01575314751877999
2025-10-01,459,1.2084406738303057,1.219572054186926,-0.011131380356620457
2025-10-02,461,1.394285232238213,1.2843160253301333,0.10996920690807983
2025-10-03,465,1.3214625619363516,1.2214244736866706,0.10003808824968095
2025-10-06,465,1.1771273799715682,1.1890863644625234,-0.011958984490955204
2025-10-07,466,1.133268858261722,1.2283270134825282,-0.09505815522080617
2025-10-08,463,1.1657775030051802,1.1580844540882156,0.007693048916964659
2025-10-09,466,1.175594272580875,1.2114078495873324,-0.03581357700645738
2025-10-10,472,1.5008316895612674,1.5126025256936952,-0.011770836132427794
2025-10-13,471,1.395356389698733,1.5014856959215814,-0.10612930622284823
2025-10-14,473,1.4715630762975613,1.5756813273808865,-0.10411825108332518
2025-10-15,476,1.6788128847490151,1.663335018124559,0.015477866624455957
2025-10-16,475,1.6215233126107171,1.6178125665373502,0.0037107460733669675
2025-10-17,469,1.699516390483942,1.686285442652726,0.013230947831216202
2025-10-20,464,1.886387187792768,1.8144415485552186,0.07194563923754937
2025-10-21,462,1.8422260697683344,1.7119662372426865,0.13025983252564768
2025-10-22,461,1.950639728220301,1.8582132095666188,0.09242651865368204
2025-10-23,462,2.0647210843636903,1.915660095524295,0.14906098883939528
2025-10-24,454,1.8722002889467138,1.7601957590541324,0.11200452989258156
2025-10-27,445,1.9851201220626302,1.8592738774107251,0.12584624465190508
2025-10-28,446,1.8338795992794195,1.8126762870137696,0.02120331226564982
2025-10-29,441,1.6782232589830013,1.7358887299096877,-0.05766547092668638
2025-10-30,433,1.5061690106586818,1.5500753867139214,-0.04390637605523969
2025-10-31,421,1.522948408121314,1.532192360561111,-0.009243952439796817
2025-11-03,410,1.6579034318899564,1.6579770498775799,-7.361798762366964e-05
2025-11-04,408,1.5071623135243495,1.5282341171023637,-0.021071803578014043
2025-11-05,404,1.48952096561771,1.4962234887440067,-0.006702523126296431
2025-11-06,398,1.5372672369225546,1.6040869888272031,-0.06681975190464844
2025-11-07,401,1.385572218283124,1.3839848898976155,0.0015873283855083232
2025-11-10,405,1.3493865166536976,1.3555900086032135,-0.006203491949515976
2025-11-11,400,1.2543927002589481,1.285537348537551,-0.031144648278602687
2025-11-12,403,1.1935473866771997,1.2372711280550799,-0.0437237413778801
2025-11-13,400,1.1754978715602995,1.2695393086461528,-0.09404143708585325
2025-11-14,402,1.1790492992881043,1.228443283421401,-0.049393984133296515
2025-11-17,415,1.3701745311663542,1.414977792739288,-0.04480326157293366
2025-11-18,413,1.6384731768667338,1.7343899621023147,-0.09591678523558089
2025-11-19,415,1.6124771918962115,1.774168931974203,-0.16169174007799123
2025-11-20,401,2.150094077590845,2.0134970826796774,0.13659699491116742
2025-11-21,404,1.753268016367042,1.7862067040874285,-0.03293868772038651
2025-11-24,407,1.6953180008042883,1.7555184068459124,-0.06020040604162412
2025-11-25,406,1.8236190481614463,1.8577725835097807,-0.034153535348334624
2025-11-26,408,1.7525232553203893,1.8013982113237983,-0.048874956003409104
2025-11-28,412,1.5585209656376473,1.6894850002439525,-0.13096403460630515
2025-12-01,410,1.4970670290160644,1.6489334208215745,-0.15186639180550995
2025-12-02,408,1.426631520034581,1.5424229553051862,-0.11579143527060522
2025-12-03,410,1.3443216000571863,1.3744698208627115,-0.030148220805525105
2025-12-04,412,1.328792069761123,1.3700645612028162,-0.04127249144169308
2025-12-05,427,1.2759997882539773,1.3169162200984155,-0.04091643184443806
2025-12-08,429,1.3102640424102825,1.449040839834931,-0.13877679742464846
2025-12-09,430,1.2162749921329514,1.349924534589664,-0.1336495424567126
2025-12-10,435,1.1472005334151436,1.2210811719869772,-0.07388063857183354
2025-12-11,429,1.0169475812130144,1.0675454167365757,-0.05059783552356115
2025-12-12,433,0.9351583210844022,1.0223947630640902,-0.0872364419796879
2025-12-15,454,0.8797964772275665,0.9486241177351864,-0.06882764050761996
2025-12-16,443,0.8794575225738497,0.8991298885653396,-0.019672365991489943
2025-12-17,430,1.0184416956892892,1.127662448041103,-0.10922075235181376
2025-12-18,431,1.1086599594373783,1.2896545052948485,-0.18099454585747035
2025-12-19,432,1.162738995244883,1.313128192339333,-0.15038919709444992
2025-12-22,434,1.0672465373508409,1.145617707557329,-0.07837117020648837
2025-12-23,436,1.1643292021444285,1.3449299219612845,-0.18060071981685608
2025-12-24,430,1.3103729262356796,1.3538757441449865,-0.04350281790930705
2025-12-26,434,1.342745217787496,1.4108427634804588,-0.06809754569296274
2025-12-29,438,1.5165045082690993,1.5590076392455812,-0.042503130976481646
2025-12-30,439,1.6848716580505578,1.700973994006494,-0.016102335955936114
2025-12-31,453,1.968827503811688,1.8777066717780888,0.09112083203359934
2026-01-02,464,1.6419172275962834,1.7667957832916172,-0.12487855569533386
2026-01-05,461,1.5289544669866317,1.5396162105328945,-0.010661743546262856
2026-01-06,463,1.6069281868588203,1.6228410766673298,-0.015912889808509422
2026-01-07,462,1.6841443506224885,1.7416217896817519,-0.05747743905926376
2026-01-08,458,1.525366399451755,1.5874311440457094,-0.06206474459395439
2026-01-09,465,1.4173231470228889,1.4773482507939313,-0.06002510377104227
2026-01-12,469,1.5629818165184715,1.6014642050716796,-0.03848238855320827
2026-01-13,467,1.4917993498262452,1.5105866826444507,-0.018787332818205712
2026-01-14,466,1.5821678788880316,1.5877565960627946,-0.005588717174763093
2026-01-15,461,1.5503620453080889,1.4971674752571733,0.05319457005091553
2026-01-16,463,1.5653507569128364,1.5678952041357077,-0.002544447222871441
2026-01-20,466,1.9842632471505381,2.021216451543898,-0.036953204393360174
2026-01-21,465,2.1246895249386357,2.1224089460134787,0.0022805789251568558
2026-01-22,465,2.48659929293933,2.426174548725023,0.06042474421430737
2026-01-23,462,2.6484130806379955,2.6864987842704213,-0.038085703632425964
2026-01-26,456,2.6363949177620527,2.661887891985933,-0.02549297422387987
2026-01-27,451,2.5295747364508845,2.62100833301479,-0.09143359656390561
2026-01-28,449,2.9659129906445116,3.11395341846505,-0.14804042782053875
2026-01-29,449,2.8433249600702,2.7892862498433773,0.054038710226823224
2026-01-30,434,2.733108342279083,2.7044409374058125,0.028667404873270217
2026-02-02,422,2.6550293243104113,2.6021423171109572,0.05288700719945403
2026-02-03,418,1.877873174826685,1.8529634977387237,0.024909677087961244
2026-02-04,415,1.8137532025401861,1.8050962369138157,0.008656965626370526
2026-02-05,409,1.8510126406591447,1.8286237350093595,0.022388905649785216
2026-02-06,408,1.9511119870249378,1.953003123125052,-0.0018911361001142859
2026-02-09,409,1.913830418051916,1.9013815567091126,0.012448861342803423
2026-02-10,407,1.8233125978046665,1.8202834832053265,0.0030291145993398987
2026-02-11,410,1.5111317662423764,1.5105833610840393,0.0005484051583371486
2026-02-12,394,1.7429472598271631,1.7568622797691997,-0.013915019942036522
2026-02-13,400,1.6238630992708942,1.6304090633698356,-0.006545964098941338
2026-02-17,414,1.575634155815263,1.5961504704823137,-0.02051631466705072
2026-02-18,412,1.561811206404268,1.554316270864375,0.007494935539893211
2026-02-19,410,1.5700484278908526,1.5379129690290814,0.03213545886177119
2026-02-20,397,2.009306349910853,1.9304596377091892,0.07884671220166398
2026-02-23,393,1.8725805760277083,1.8703496743547772,0.002230901672931167
2026-02-24,384,1.8439321931029333,1.802417182193315,0.04151501090961809
2026-02-25,383,1.91272019072024,1.9299001284807313,-0.017179937760491374
2026-02-26,383,2.485757219310932,2.3776722575678613,0.10808496174307099
2026-02-27,380,2.432330323959993,2.4001936045662458,0.032136719393747064
2026-03-02,383,2.0722591586574244,1.99824114422871,0.07401801442871439
2026-03-03,378,1.7820618094123988,1.8434367417302986,-0.06137493231789961
2026-03-04,385,2.108591683472911,2.0740790875074766,0.03451259596543442
2026-03-05,389,1.9597401063811175,2.0413730553729366,-0.0816329489918194
2026-03-06,406,1.906841683340495,1.9964467913421544,-0.08960510800165945
2026-03-09,416,1.67312644303019,1.8025729105905768,-0.12944646756038677
2026-03-10,427,1.666195743261832,1.7902654999884053,-0.12406975672657336
2026-03-11,432,1.4307206446104335,1.5366307864871405,-0.10591014187670687
2026-03-12,433,1.3451002324513726,1.4508897141737234,-0.10578948172235055
2026-03-13,450,1.527871843187597,1.5906751388536635,-0.0628032956660664
2026-03-16,463,1.6016255018859626,1.5544303974215419,0.0471951044644208
2026-03-17,449,1.308123997038347,1.3119278535027266,-0.0038038564643795626
2026-03-18,444,1.2231289754586463,1.2721354957181226,-0.04900652025947626
2026-03-19,438,1.2250862951651404,1.3559405027700675,-0.130854207604927
2026-03-20,438,1.3240660986408679,1.4428285777428935,-0.11876247910202588
2026-03-23,437,1.2881244170785024,1.4411817533832771,-0.15305733630477472
2026-03-24,440,1.448741193637251,1.6452441725701685,-0.1965029789329178
2026-03-25,437,1.5933579532694475,1.7078798541372524,-0.11452190086780496
2026-03-26,432,1.9479660944466484,1.9070015485023248,0.040964545944323395
2026-03-27,436,2.3523388364201545,2.1922534450832045,0.16008539133694968
2026-03-30,436,2.859031148542745,2.559408679787123,0.2996224687556225
2026-03-31,454,1.980989508128557,2.026448489174067,-0.04545898104550994
2026-04-01,458,1.7794335070672842,1.8845456254068265,-0.1051121183395422
2026-04-02,464,2.15465336144597,2.3314223312720372,-0.1767689698260667
2026-04-06,464,2.143424474239859,2.2270003582040725,-0.08357588396421381
2026-04-07,466,2.096200451645488,2.186315618723505,-0.09011516707801677
2026-04-08,462,1.6582786084601837,1.6351663990761294,0.023112209384054207
2026-04-09,467,1.6515749799722026,1.6797671914879346,-0.028192211515731893
2026-04-10,472,1.8134498919307775,1.8906624244755268,-0.07721253254474932
2026-04-13,472,1.5975509550542348,1.624314313612893,-0.02676335855865803
2026-04-14,473,1.5579831745486752,1.562706167780937,-0.004722993232261846
2026-04-15,476,1.8374388096092462,1.8528244249726666,-0.015385615363420528
2026-04-16,471,1.834278503848314,1.863526635796155,-0.029248131947841087
2026-04-17,469,1.9694891773536538,2.0105067515915827,-0.041017574237928456
2026-04-20,466,2.1155147482864556,2.111697786480225,0.003816961806230619
2026-04-21,463,2.0151166746213414,2.0682898205523186,-0.05317314593097744
2026-04-22,466,2.0758974243494963,2.104647132200423,-0.02874970785092663
2026-04-23,465,2.0171216109992525,2.0426317300307066,-0.02551011903145393
2026-04-24,452,2.192718990347804,2.2456030295632896,-0.05288403921548571
2026-04-27,447,2.3908960056950956,2.4407986364850713,-0.049902630789975755
2026-04-28,444,2.29119966931413,2.3477476818647482,-0.05654801255061778
2026-04-29,439,2.3566077805244263,2.3999804173063515,-0.04337263678192527
2026-04-30,439,2.188550372427073,2.19299765280589,-0.004447280378816669
2026-05-01,419,2.07099660250681,2.0942943988409244,-0.023297796334114686
2026-05-04,414,1.7655860680468374,1.8248145555028819,-0.059228487456044525
2026-05-05,414,1.7323270427862558,1.742782249224898,-0.010455206438642364
2026-05-06,409,1.6216214091969692,1.644601007208713,-0.022979598011743794
2026-05-07,405,1.443349333897188,1.4743429258159133,-0.0309935919187254
2026-05-08,399,1.3582936797194949,1.3593092691276458,-0.001015589408150896
2026-05-11,401,1.3692108059932466,1.4246881612470426,-0.05547735525379584
2026-05-12,401,1.459860603650235,1.4917282208547078,-0.031867617204472745
2026-05-13,405,1.7337909165896777,1.7038349540991504,0.029955962490527392
2026-05-14,395,2.0395525979872713,2.0279352166093725,0.011617381377898852
2026-05-15,400,2.387196204313279,2.348805154605477,0.038391049707802105
2026-05-18,409,2.465063481943172,2.438546407705281,0.026517074237890664
2026-05-19,408,2.538384057880894,2.4833111800979606,0.055072877782933516
2026-05-20,407,2.14385173400822,2.156501916119056,-0.012650182110835791
2026-05-21,394,1.6496775203276939,1.6685022029971337,-0.018824682669439603
2026-05-22,408,1.622216160936421,1.636600161801126,-0.014384000864705378
2026-05-26,406,1.5601561323171156,1.571073609354741,-0.01091747703762555
2026-05-27,403,1.5285830145267258,1.5100829559324476,0.018500058594278303
2026-05-28,403,1.4387915454522033,1.493333507081158,-0.054541961628954694
2026-05-29,408,1.5682644433498707,1.550206805963288,0.018057637386582403
2026-06-01,400,1.7933602094794379,1.770314274179173,0.023045935300264674
2026-06-02,396,1.7417203845224636,1.712455236981883,0.029265147540580475
2026-06-03,398,1.762943653285544,1.7614956064184966,0.0014480468670477495
2026-06-04,401,1.7609240958683388,1.7651619369568503,-0.00423784108851147
2026-06-05,415,1.9308487225463986,1.9320757988055812,-0.0012270762591828366
2026-06-08,418,1.6856442417543702,1.7012839896199794,-0.015639747865609142
2026-06-09,421,1.679628092509524,1.6889133954405058,-0.009285302930981799
2026-06-10,424,2.237189179003054,2.2094319636506,0.02775721535245424
2026-06-11,422,1.8174677710344178,1.8244363435563715,-0.006968572521953827
2026-06-12,431,1.9116798881009185,1.9199581837297175,-0.00827829562879915
2026-06-15,438,1.7732144880087106,1.7769355387456736,-0.003721050736963095
2026-06-16,437,1.7411332955063286,1.7530128242223657,-0.01187952871603719
2026-06-17,433,2.105756921631123,2.2093903454174613,-0.1036334237863384
2026-06-18,430,1.9979253887747774,2.027215056429025,-0.029289667654247162
2026-06-22,432,2.3402149577265603,2.321963472258514,0.018251485468046603
2026-06-23,433,1.6754296484685693,1.643059807977434,0.032369840491135296
2026-06-24,432,1.5919243333780302,1.590367212613973,0.0015571207640572684
2026-06-25,428,1.6801940962263733,1.6554462864103785,0.02474780981599481
2026-06-26,432,1.574879328540128,1.558455372483862,0.01642395605626583
2026-06-29,435,1.564670764282939,1.560181345985335,0.004489418297603849
2026-06-30,452,1.6787299501171864,1.682646849124477,-0.003916899007290749
2026-07-01,460,1.609354528843056,1.6049863936701072,0.004368135172948605
2026-07-02,463,1.4912141332756843,1.4664141501899324,0.024799983085751768
2026-07-06,465,1.531222134125121,1.514970842447449,0.016251291677671743
2026-07-07,466,1.4156933941273964,1.399357985374899,0.016335408752497442
2026-07-08,466,1.3544613898820301,1.3933809273328734,-0.03891953745084354
2026-07-09,468,1.4612624583008251,1.4540526025499836,0.007209855750841675
2026-07-10,471,1.505739228615282,1.489889460782823,0.015849767832458967
2026-07-13,471,1.419822908080533,1.4308217435721278,-0.010998835491594881
2026-07-14,469,1.9577891368021163,1.937538240268105,0.02025089653401137
2026-07-15,473,2.0710023374106465,2.0488894905742523,0.02211284683639413
2026-07-16,471,1.5458269978866166,1.5443590626207804,0.0014679352658362632
2026-07-17,465,1.5440076987083977,1.5657161110938003,-0.02170841238540247
2026-07-20,462,1.6693882571007181,1.652083130131592,0.017305126969126238
2026-07-21,462,1.9943459454583827,1.9357059414384425,0.05864000401994028
2026-07-22,462,2.168833003358162,2.137865877507214,0.030967125850948185
2026-07-23,463,2.2358079474947,2.151817483942862,0.083990463551838
2026-07-24,459,2.1856807336365365,2.1739289931931336,0.011751740443402792
2026-07-27,453,2.0433378278832013,2.0224702915259556,0.020867536357245395
2026-07-28,452,1.9807848799137022,1.9752637193676552,0.005521160546046734
2026-07-29,446,2.2985449143321013,2.256752358807421,0.041792555524680086
2026-07-30,441,1.9137867988309802,1.8481885884017084,0.06559821042927175
2026-07-31,426,1.7901142546358,1.8243650147286707,-0.03425076009287082
2026-08-03,424,1.6506985885517649,1.7249996016999285,-0.07430101314816372
2026-08-04,419,1.465250267178533,1.459784291693933,0.00546597548459999
2026-08-05,410,1.8516122144127027,1.8582020697655162,-0.0065898553528131966
2026-08-06,405,1.746934852438452,1.7681447724736619,-0.021209920035209866
2026-08-07,405,1.7073022404152787,1.7154542493996716,-0.008152008984392799
2026-08-10,405,1.5697792840539957,1.587551101334879,-0.017771817280883256
