origin_trading_day,rows,baseline_loss,candidate_loss,loss_delta_baseline_minus_candidate
2020-05-04,409,2.918724037853164,2.5726502814252377,0.3460737564279264
2020-05-05,399,2.780681746881461,2.514151739451205,0.26653000743025607
2020-05-06,396,3.0110903462476233,2.6271130339396813,0.38397731230794213
2020-05-07,401,2.716134961735495,2.4116739019724243,0.3044610597630706
2020-05-08,403,2.627394445725025,2.3726412194179787,0.2547532263070468
2020-05-11,401,2.929191165281959,2.553608966989025,0.37558219829293416
2020-05-12,400,3.8010589927320346,3.3353274576402425,0.46573153509179194
2020-05-13,392,4.17958216026676,3.6416653513301154,0.5379168089366442
2020-05-14,393,3.7341394815456126,3.2076718834012263,0.5264675981443863
2020-05-15,399,3.9903733204612974,3.4618540076155555,0.5285193128457418
2020-05-18,396,3.1558285161676345,2.7088163176800597,0.4470121984875745
2020-05-19,402,3.9233303016774532,3.381789403796522,0.5415408978809316
2020-05-20,395,3.6889796814962983,3.2207841544714806,0.46819552702481726
2020-05-21,401,4.502073860055829,3.977638108701625,0.5244357513542044
2020-05-22,407,5.240101245078069,4.710489046464836,0.5296121986132327
2020-05-26,404,3.540833860992243,3.090421056094,0.4504128048982425
2020-05-27,407,2.877071099307572,2.4751665985415103,0.40190450076606143
2020-05-28,406,2.6769183532317764,2.4623740509069574,0.21454430232481891
2020-05-29,399,2.778908565125796,2.5090889310396753,0.26981963408612053
2020-06-01,397,2.6918241192521686,2.392828714298678,0.29899540495349003
2020-06-02,399,2.663908278240232,2.3290392526433012,0.33486902559693094
2020-06-03,403,2.6333986758821784,2.4096207960537583,0.2237778798284201
2020-06-04,414,2.6705456442829574,2.4481819091460113,0.2223637351369461
2020-06-05,410,2.983799506637177,2.930065657596338,0.05373384904083905
2020-06-08,411,3.109480588067598,3.21642657128371,-0.10694598321611158
2020-06-09,419,2.857010288317678,2.814781013371139,0.04222927494653904
2020-06-10,419,2.906786330584658,2.9226114498764297,-0.0158251192917717
2020-06-11,432,2.530565705947075,2.329053761585674,0.20151194436140113
2020-06-12,452,2.5737167737419147,2.502951158014088,0.07076561572782679
2020-06-15,440,2.327933265411715,2.267739624663797,0.060193640747918206
2020-06-16,434,2.3072567157004995,2.2760966068822865,0.031160108818212955
2020-06-17,430,2.2026037927999638,2.1631585693062596,0.03944522349370411
2020-06-18,426,2.155414532816633,2.021305407952515,0.13410912486411827
2020-06-19,429,2.114485458228692,1.9326101151251238,0.18187534310356815
2020-06-22,428,2.1203604243353347,2.007987438523799,0.112372985811536
2020-06-23,428,2.0253751342635105,1.924998920832013,0.1003762134314975
2020-06-24,420,2.152270968808958,2.030120562753504,0.12215040605545413
2020-06-25,421,2.010363269234423,1.9004527836045362,0.10991048562988677
2020-06-26,424,2.037639453890535,1.8681532710039654,0.16948618288656955
2020-06-29,438,2.0707280602944067,1.9217725505599992,0.14895550973440752
2020-06-30,445,2.057856931340573,1.8825764644385459,0.1752804669020269
2020-07-01,445,2.0348972189863925,1.8611399320695186,0.1737572869168739
2020-07-02,447,2.0316476520538185,1.8664390254793153,0.16520862657450322
2020-07-06,450,1.866328272360981,1.7436545547655844,0.12267371759539669
2020-07-07,450,1.9417772484610858,1.7567871557317944,0.18499009272929137
2020-07-08,449,2.0925256941950714,1.9027146055115167,0.18981108868355476
2020-07-09,454,2.3773403982671106,2.1579000568543116,0.2194403414127987
2020-07-10,454,2.0209618865792884,1.9159137621618167,0.10504812441747143
2020-07-13,453,2.1374881073558547,2.0162300379955087,0.12125806936034625
2020-07-14,455,1.7456043645317725,1.6653667539259134,0.08023761060585909
2020-07-15,457,1.8423393993234942,1.7919639087642678,0.050375490559226486
2020-07-16,452,1.8571668460087094,1.8056504045856392,0.051516441423070505
2020-07-17,443,1.834773094215572,1.7983271211137013,0.03644597310187047
2020-07-20,441,1.833262585910945,1.778306733064465,0.05495585284648001
2020-07-21,442,1.8520788351377697,1.8145614688648266,0.03751736627294311
2020-07-22,444,1.8051585342419234,1.7372002481213114,0.0679582861206121
2020-07-23,440,1.9082143602395338,1.8268380018666772,0.08137635837285653
2020-07-24,433,1.9677947195618646,1.8582339936013088,0.10956072596055577
2020-07-27,431,2.05334138317155,1.9350281672125735,0.11831321595897658
2020-07-28,431,2.1023775786788,1.9734703121064792,0.12890726657232127
2020-07-29,428,1.9058418244303084,1.7919952505862535,0.1138465738440551
2020-07-30,412,1.8911377778604825,1.7838160144915798,0.10732176336890292
2020-07-31,417,1.9927037972027646,1.8765962038839386,0.11610759331882618
2020-08-03,415,1.8883708134758286,1.7964871155495379,0.09188369792629052
2020-08-04,407,1.742520918720643,1.6646488489463072,0.07787206977433554
2020-08-05,400,1.6111370177876398,1.559412373119534,0.051724644668105856
2020-08-06,402,1.5148100173496715,1.4612255099147269,0.053584507434944355
2020-08-07,406,1.5546910250675656,1.5166229808155487,0.038068044252016854
2020-08-10,403,1.5495381734984432,1.5001368418230399,0.04940133167540334
2020-08-11,404,1.5916749137625035,1.5405275824148899,0.05114733134761385
2020-08-12,405,1.671127946420749,1.6292841786111296,0.041843767809619195
2020-08-13,421,1.5654514776123958,1.515913173109106,0.04953830450329016
2020-08-14,418,1.6563201926593814,1.5925223433207232,0.0637978493386581
2020-08-17,405,1.5528942513031148,1.518153072408936,0.0347411788941789
2020-08-18,406,1.63044923253415,1.565746114854502,0.06470311767964781
2020-08-19,407,1.7861360026758681,1.7070174542874612,0.07911854838840694
2020-08-20,399,1.5125824458331985,1.4431163855589166,0.0694660602742816
2020-08-21,404,1.5935309273521654,1.5198381648984127,0.07369276245375274
2020-08-24,403,1.6395283911928002,1.645432443997413,-0.005904052804612916
2020-08-25,397,1.5142683004717858,1.509491601021621,0.004776699450164781
2020-08-26,393,1.6883786699878498,1.7049417086059224,-0.016563038618072706
2020-08-27,399,1.6243904480679618,1.6407287600225984,-0.016338311954636652
2020-08-28,383,1.5977892392307078,1.6069122357688226,-0.009122996538114554
2020-08-31,393,1.6373857434751593,1.6215687801079404,0.015816963367219068
2020-09-01,397,1.698834681038536,1.6802270063994211,0.018607674639114963
2020-09-02,401,1.8513241105481517,1.8580736212984772,-0.006749510750325268
2020-09-03,412,1.584490100611706,1.5860077132772585,-0.0015176126655525725
2020-09-04,410,1.6586405231367236,1.7027228023210943,-0.0440822791843706
2020-09-08,416,1.4862777651301782,1.4968621605675887,-0.010584395437410375
2020-09-09,422,1.7512054993770096,1.798882418128034,-0.0476769187510243
2020-09-10,425,1.4844089083003618,1.5212599673586074,-0.036851059058245796
2020-09-11,424,1.4041828801616543,1.4353283104291907,-0.031145430267536453
2020-09-14,451,1.3267972283979448,1.3640296770718596,-0.037232448673914995
2020-09-15,438,1.4149385977872895,1.4611230021839308,-0.046184404396641614
2020-09-16,433,1.478056309565604,1.5323310070871938,-0.05427469752159
2020-09-17,429,1.6319874513541355,1.6501490640008107,-0.018161612646675485
2020-09-18,430,1.4814465984903198,1.4891585108085872,-0.007711912318267253
2020-09-21,427,1.6963415429664517,1.634456927967258,0.06188461499919363
2020-09-22,426,1.4889452015361404,1.4608669678026176,0.028078233733522664
2020-09-23,427,2.2137941082150183,2.0889730899469847,0.12482101826803327
2020-09-24,416,2.5409408398095126,2.3768616705682213,0.16407916924129115
2020-09-25,418,2.217625467020598,2.0879418475488616,0.1296836194717366
2020-09-28,418,1.9419953003730264,1.8380127561120954,0.10398254426093083
2020-09-29,438,1.9272263835895147,1.8228844534788264,0.10434193011068812
2020-09-30,443,1.7177087999983043,1.6319703293628316,0.08573847063547253
2020-10-01,444,1.792809959775117,1.72036000155611,0.07244995821900684
2020-10-02,445,1.7461663297745358,1.6949606622496225,0.0512056675249133
2020-10-05,450,1.3929857567954202,1.396322595386406,-0.0033368385909857395
2020-10-06,450,1.4641617446305364,1.4416535262270407,0.02250821840349574
2020-10-07,449,1.3271973457608093,1.3508205844427599,-0.023623238681950914
2020-10-08,459,1.3803465115419715,1.4002757615266106,-0.01992924998463911
2020-10-09,460,1.3939673636575654,1.4059685343594075,-0.012001170701842336
2020-10-12,459,1.5554762175517869,1.6016265011854605,-0.04615028363367348
2020-10-13,456,1.6425830610427135,1.6834300107210036,-0.04084694967829038
2020-10-14,460,2.1325985926505964,2.196269098877164,-0.06367050622656739
2020-10-15,456,2.003720643054614,2.0457896104933324,-0.04206896743871829
2020-10-16,447,2.054795788339539,2.1009031485526477,-0.04610736021310887
2020-10-19,446,1.6845226363961874,1.7045419354940516,-0.02001929909786412
2020-10-20,446,1.558684118495664,1.5704688653360774,-0.011784746840413501
2020-10-21,447,1.535126258799451,1.5363696042822166,-0.0012433454827653597
2020-10-22,440,1.518992131666994,1.524018523474117,-0.005026391807123159
2020-10-23,434,1.6667070381482585,1.6795168987957425,-0.012809860647484054
2020-10-26,426,2.889325159808289,2.7825009920175883,0.10682416779070134
2020-10-27,422,3.598674799563371,3.4682285971886007,0.13044620237477053
2020-10-28,422,4.470254268484368,4.264584325989013,0.20566994249535414
2020-10-29,413,3.355698210979265,3.174572737059304,0.18112547391996053
2020-10-30,412,4.3037664786494325,4.078206865874969,0.22555961277446343
2020-11-02,411,4.376196526059529,4.15734321951823,0.21885330654129811
2020-11-03,405,3.422357369044198,3.230219661809951,0.19213770723424725
2020-11-04,399,3.270038267499521,3.097364727415435,0.17267354008408659
2020-11-05,399,2.806243027809715,2.6584887655646603,0.1477542622450543
2020-11-06,403,2.7594457648815607,2.626337488027855,0.13310827685370577
2020-11-09,407,1.9003082316161164,1.8461427006046023,0.05416553101151409
2020-11-10,409,2.156123300641151,2.0817081165443074,0.07441518409684379
2020-11-11,405,2.110850199031319,2.0601574921775168,0.05069270685380236
2020-11-12,410,2.3727335981245528,2.3060773976011406,0.06665620052341217
2020-11-13,407,1.856068357233822,1.8115037764483852,0.044564580785436736
2020-11-16,398,1.6744391873533262,1.6380785609631936,0.03636062639013249
2020-11-17,402,1.6441922048522084,1.6079458596869494,0.03624634516525887
2020-11-18,392,1.8617004632033023,1.8207942177451673,0.04090624545813491
2020-11-19,398,2.053091924408443,1.996459196787886,0.05663272762055717
2020-11-20,401,2.0451881388197317,1.9892374390274659,0.055950699792265655
2020-11-23,401,1.7841517276567689,1.7205090572315733,0.06364267042519568
2020-11-24,399,1.500103407852159,1.4682283971099623,0.03187501074219661
2020-11-25,394,1.5548258482840087,1.5150210115246188,0.03980483675938986
2020-11-27,402,1.5096371634372088,1.484183773009052,0.025453390428156954
2020-11-30,395,1.5020047292885905,1.4670686693890749,0.03493605989951557
2020-12-01,399,1.500146835678663,1.4666352448984297,0.03351159078023338
2020-12-02,402,1.5016566239865707,1.453239625089759,0.048416998896811794
2020-12-03,413,1.481694191676786,1.4390769342852716,0.04261725739151436
2020-12-04,410,1.4894220405907794,1.4743322066584732,0.015089833932306455
2020-12-07,408,1.4523629406321357,1.430644639717446,0.021718300914689737
2020-12-08,408,1.5514552463908486,1.5604192146713438,-0.008963968280495404
2020-12-09,414,1.506381212025525,1.4826201845440232,0.023761027481501776
2020-12-10,416,1.468647628459989,1.4638387428002866,0.0048088856597024165
2020-12-11,421,1.4468619402674818,1.422619706855205,0.024242233412277256
2020-12-14,443,1.3303978353756152,1.2992818709059304,0.03111596446968494
2020-12-15,432,1.30024143140236,1.2739894037121393,0.026252027690220794
2020-12-16,423,1.3006761430181457,1.27668734572174,0.02398879729640552
2020-12-17,425,1.313827824419473,1.2976690302116956,0.016158794207777563
2020-12-18,429,1.308407904803584,1.2701894912382452,0.038218413565338956
2020-12-21,430,1.6567614491538827,1.6078956386761618,0.04886581047772094
2020-12-22,423,1.9657012067343573,1.901790505110392,0.0639107016239651
2020-12-23,420,1.8033127089218453,1.7537114630825437,0.04960124583930163
2020-12-24,427,1.868966728772684,1.815981472696992,0.05298525607569222
2020-12-28,427,2.1696003678505154,2.1087721076248784,0.06082826022563727
2020-12-29,425,2.151613384284867,2.0937023063629536,0.05791107792191318
2020-12-30,438,2.207018702247114,2.1517703305787306,0.055248371668383485
2020-12-31,447,1.97530651635957,1.9160542834420469,0.059252232917523164
2021-01-04,447,2.176870674797833,2.1251509323414215,0.051719742456411595
2021-01-05,449,1.9335898635499142,1.8860987233280984,0.04749114022181566
2021-01-06,443,1.6371588480398653,1.601881442888738,0.035277405151127234
2021-01-07,454,1.5604395513085862,1.5362480015006539,0.024191549807932148
2021-01-08,458,1.6349342360240713,1.6196939591165043,0.015240276907566972
2021-01-11,457,1.7402294759809926,1.7342404357970282,0.0059890401839642745
2021-01-12,457,2.1975502183210165,2.2352637132050805,-0.037713494884063704
2021-01-13,453,1.6802288492827826,1.6866658303378492,-0.0064369810550665915
2021-01-14,445,1.9142127785050818,1.96933435420841,-0.055121575703328526
2021-01-15,446,1.6294573584824668,1.654375735347086,-0.024918376864619306
2021-01-19,449,1.4973779424282911,1.509443293433356,-0.012065351005064682
2021-01-20,449,1.4746651048947808,1.468217502610292,0.0064476022844887374
2021-01-21,446,1.4153771979748522,1.3912925135464445,0.0240846844284076
2021-01-22,443,1.4793854996467015,1.4406758657658567,0.03870963388084489
2021-01-25,438,1.6205432919024043,1.5626180539017802,0.0579252380006242
2021-01-26,433,1.7652747195855998,1.6883753622912447,0.07689935729435497
2021-01-27,430,2.370273349483879,2.2482917508462594,0.1219815986376196
2021-01-28,416,2.0905769092129365,1.9747794363165356,0.11579747289640108
2021-01-29,421,2.666009447467748,2.5049823498897004,0.16102709757804762
2021-02-01,414,2.3728794869300667,2.2376681495937647,0.1352113373363021
2021-02-02,410,1.9990286922221083,1.910794032916839,0.0882346593052695
2021-02-03,402,1.7587020924154713,1.6905582385561975,0.06814385385927389
2021-02-04,401,1.721423508941776,1.6594129966623816,0.062010512279394414
2021-02-05,402,1.7975127831330961,1.7373895818525653,0.060123201280530905
2021-02-08,402,1.73707176694456,1.6968408164794635,0.04023095046509637
2021-02-09,405,2.0438727040153863,1.9783536141874358,0.06551908982795071
2021-02-10,392,1.8541159728681893,1.8398846375017848,0.014231335366404366
2021-02-11,395,1.8557926468027381,1.8319340398166661,0.02385860698607211
2021-02-12,400,1.7762496240571681,1.7441936325916996,0.03205599146546869
2021-02-16,405,1.672643480534343,1.657125724547293,0.01551775598705005
2021-02-17,405,1.9405406800677778,1.9301893357756068,0.010351344292171202
2021-02-18,401,2.129489348779732,2.127636738456372,0.0018526103233598116
2021-02-19,403,2.002898623133671,1.9969466938821487,0.005951929251521998
2021-02-22,404,2.008314467790849,2.006614134528128,0.0017003332627211598
2021-02-23,391,1.5051678517365006,1.5177541772138319,-0.012586325477331453
2021-02-24,393,1.5707001538184602,1.5988230973164643,-0.028122943498003903
2021-02-25,396,1.5625895868745543,1.536693880366336,0.02589570650821819
2021-02-26,389,1.920544428463644,1.8849752886976336,0.03556913976601002
2021-03-01,384,1.7002039955289148,1.695210832722817,0.0049931628060981325
2021-03-02,377,1.5279840728062506,1.537108321514208,-0.009124248707957607
2021-03-03,381,1.6453808670591614,1.6114431348349514,0.03393773222420981
2021-03-04,389,1.8473261073954714,1.804004252206403,0.04332185518906802
2021-03-05,395,1.5438512080066438,1.5419119213578871,0.0019392866487567657
2021-03-08,396,1.627297167679261,1.6168839258884955,0.010413241790765353
2021-03-09,413,1.3808087214865254,1.4156285518215161,-0.03481983033499063
2021-03-10,411,1.353640388629581,1.4114480837233845,-0.05780769509380341
2021-03-11,420,1.4110004110599612,1.4646250587007377,-0.05362464764077618
2021-03-12,442,1.5123560943610592,1.5453260378353613,-0.03296994347430195
2021-03-15,450,1.5344109204721792,1.5923660476810066,-0.05795512720882754
2021-03-16,441,1.3833002151097926,1.429943528766765,-0.04664331365697219
2021-03-17,432,1.3934456458726685,1.4411672715472281,-0.047721625674559676
2021-03-18,433,1.4586854445929913,1.4603002301064423,-0.0016147855134511166
2021-03-19,432,1.5911656519852586,1.5920555594704875,-0.0008899074852286743
2021-03-22,429,1.4674202801888463,1.4650719231371028,0.0023483570517435506
2021-03-23,429,1.5876652397922395,1.5620422105800262,0.02562302921221324
2021-03-24,421,1.7263263086739609,1.6776580972564386,0.04866821141752226
2021-03-25,422,1.6568207535236081,1.6142489277698975,0.042571825753710706
2021-03-26,423,1.3410997104702798,1.3438360624905341,-0.002736352020254373
2021-03-29,423,1.4922098940009783,1.4729329991128433,0.01927689488813516
2021-03-30,437,1.3959784297136681,1.3801645680155057,0.015813861698162214
2021-03-31,444,1.4813669759941095,1.4678194267198537,0.013547549274256034
2021-04-01,447,1.4068800399977763,1.4159206722874194,-0.0090406322896429
2021-04-05,453,1.2634564529394934,1.2795785901935153,-0.016122137254021757
2021-04-06,451,1.314031729445635,1.3553568063044368,-0.04132507685880195
2021-04-07,451,1.3628962882175557,1.3792244830022085,-0.016328194784652774
2021-04-08,458,1.3428670867841992,1.3743819070990981,-0.03151482031489904
2021-04-09,458,1.3243670311145204,1.338804095489024,-0.014437064374503565
2021-04-12,459,1.2736786438432566,1.2646236027627116,0.009055041080544859
2021-04-13,458,1.287821253190543,1.2809347139226817,0.006886539267861195
2021-04-14,462,1.2891422334053673,1.2825270988966628,0.006615134508704453
2021-04-15,458,1.3145222764406188,1.3129981082334208,0.0015241682071979103
2021-04-16,447,1.2504216289753745,1.2501535157494992,0.00026811322587547566
2021-04-19,446,1.3018070952956808,1.2985473536627914,0.003259741632889567
2021-04-20,452,1.4907026493835613,1.4790065776472814,0.0116960717362801
2021-04-21,452,1.5350948781419687,1.5409791509898654,-0.005884272847896828
2021-04-22,446,1.7193893178071027,1.7185997452110884,0.0007895725960141206
2021-04-23,439,1.7209963826767654,1.7227039826792856,-0.0017076000025202664
2021-04-26,434,1.8698014037959425,1.8993829329772802,-0.029581529181337888
2021-04-27,432,1.6494166549551565,1.6807478375818734,-0.03133118262671687
2021-04-28,428,1.7485817877737138,1.7978472771764866,-0.04926548940277281
2021-04-29,417,1.6787922466377372,1.7250923464960124,-0.046300099858275316
2021-04-30,418,1.5727097320761785,1.5862740294564426,-0.013564297380263974
2021-05-03,418,1.4913030424461686,1.502288702172523,-0.010985659726354556
2021-05-04,410,1.3509659300383003,1.3526320734273827,-0.0016661433890823496
2021-05-05,404,1.2439835774613766,1.2611366300113274,-0.017153052549950844
2021-05-06,404,1.2357561659431056,1.2373316554688463,-0.0015754895257406455
2021-05-07,408,1.2617563949646773,1.2779496505161303,-0.016193255551452828
2021-05-10,407,1.2610012088118794,1.2581748781564601,0.00282633065541922
2021-05-11,405,1.1739819517759469,1.1834726762427972,-0.009490724466850196
2021-05-12,407,1.4318765168150007,1.402064881961936,0.02981163485306467
2021-05-13,406,1.4218221783343428,1.3940051132242397,0.0278170651101032
2021-05-14,398,1.2226054030306583,1.21972442567961,0.0028809773510483196
2021-05-17,393,1.2914229385035108,1.277099699958288,0.014323238545222732
2021-05-18,395,1.3390705786964665,1.3169706847206606,0.02209989397580615
2021-05-19,387,1.3322238009107603,1.310235502243481,0.021988298667279364
2021-05-20,396,1.2912447314733004,1.2676687906336588,0.0235759408396418
2021-05-21,396,1.3680448019537204,1.3399361282854,0.028108673668320566
2021-05-24,397,1.340670913018194,1.3200340168498224,0.02063689616837177
2021-05-25,395,1.3253491491903548,1.3141309169692434,0.011218232221111513
2021-05-26,388,1.3210525726455276,1.3184949495088445,0.002557623136682977
2021-05-27,405,1.2940395568029857,1.2941173588393142,-7.780203632864304e-05
2021-05-28,400,1.3039950254430928,1.300466153764339,0.00352887167875396
2021-06-01,398,1.2813179578917149,1.2875659562258064,-0.00624799833409146
2021-06-02,401,1.2562038861706133,1.2686269402810484,-0.01242305411043507
2021-06-03,412,1.539598546005394,1.5494925961752803,-0.009894050169886216
2021-06-04,410,1.7699967580833686,1.7835965238137639,-0.013599765730395334
2021-06-07,413,1.4132638436012175,1.4299275929096777,-0.016663749308460124
2021-06-08,418,1.4383724561892228,1.4478191920846584,-0.009446735895435262
2021-06-09,423,1.3792931626547245,1.3866615133279827,-0.007368350673258519
2021-06-10,427,1.2402761873020345,1.2420794731716671,-0.001803285869632492
2021-06-11,426,1.1838078560021104,1.185939942431727,-0.0021320864296167927
2021-06-14,448,1.182625083030053,1.184159039149381,-0.0015339561193281458
2021-06-15,438,1.3077761778800392,1.303545395849145,0.004230782030894378
2021-06-16,432,1.1789538691394545,1.1768174045307964,0.002136464608658348
2021-06-17,428,1.121830785713094,1.1255882311721361,-0.003757445459041963
2021-06-18,424,1.3769524053500564,1.3760023399909203,0.0009500653591361285
2021-06-21,423,1.1493804033025279,1.1738185582444651,-0.024438154941937153
2021-06-22,422,1.141641631238816,1.1691983627738998,-0.027556731535083753
2021-06-23,417,1.1379978713286938,1.1616238791633837,-0.023626007834689978
2021-06-24,420,1.0775261280394957,1.103616311025261,-0.026090182985765372
2021-06-25,424,1.046355214011043,1.0747236481163636,-0.02836843410532055
2021-06-28,425,0.989448808218313,1.0187599609638092,-0.029311152745496
2021-06-29,436,1.030933416197556,1.0609665257669267,-0.030033109569370914
2021-06-30,442,1.1585090394567872,1.1890148369916693,-0.030505797534882362
2021-07-01,449,1.3544917931688512,1.378969650102067,-0.02447785693321616
2021-07-02,454,1.5928162921257116,1.61598681320546,-0.023170521079748266
2021-07-06,453,1.1430962586952278,1.178534263153519,-0.03543800445829121
2021-07-07,453,0.9981735253411185,1.0335340178852765,-0.03536049254415804
2021-07-08,456,1.0394448031193562,1.0719595397830095,-0.032514736663653475
2021-07-09,458,1.1614155359567604,1.1973348030226112,-0.0359192670658508
2021-07-12,455,1.0793213905277836,1.1168716257517977,-0.03755023522401397
2021-07-13,454,1.1188553297688395,1.1515338291491697,-0.032678499380330385
2021-07-14,460,1.0602788582551428,1.0902215341364523,-0.029942675881309472
2021-07-15,453,1.194034114969161,1.2133101235899557,-0.019276008620794843
2021-07-16,441,1.2846138958864666,1.2909728870184518,-0.006358991131985162
2021-07-19,441,1.555475743215667,1.542012096687999,0.01346364652766795
2021-07-20,446,1.423686070960441,1.4256746152201571,-0.001988544259715946
2021-07-21,446,1.4076728713767361,1.4260224056241821,-0.01834953424744603
2021-07-22,444,1.365909580881922,1.377471382486287,-0.011561801604364983
2021-07-23,440,1.3191888942854941,1.327426672340113,-0.008237778054618781
2021-07-26,433,1.359332954066609,1.3722008131207066,-0.012867859054097415
2021-07-27,433,1.446197452905349,1.442209068174815,0.003988384730533887
2021-07-28,429,1.4613527034454068,1.4568142465745084,0.0045384568708982925
2021-07-29,417,1.3306597492533503,1.3319366036904376,-0.0012768544370871536
2021-07-30,421,1.3103270623302334,1.3159677656415236,-0.0056407033112903186
2021-08-02,420,1.278135246326343,1.2882506386309809,-0.010115392304638095
2021-08-03,410,1.01091616244628,1.0618962071236706,-0.05098004467739082
2021-08-04,405,1.0816729633591022,1.1294449613480293,-0.047771997988926916
2021-08-05,400,1.1697213273397422,1.231053906086583,-0.06133257874684081
2021-08-06,401,1.1127176368821925,1.180541389270887,-0.06782375238869451
2021-08-09,407,0.8658216989554987,0.9450460413043517,-0.079224342348853
2021-08-10,406,0.8474015672630341,0.9096106690116418,-0.06220910174860762
2021-08-11,407,0.8617199476930744,0.9036808240905132,-0.04196087639743897
2021-08-12,424,0.919001431550692,0.9441791527952889,-0.02517772124459671
2021-08-13,428,0.8552106157563228,0.8698907288830882,-0.01468011312676529
2021-08-16,420,0.9304802718094545,0.9285437645936927,0.0019365072157617408
2021-08-17,407,0.9869539181974987,0.9842493063260421,0.0027046118714565467
2021-08-18,410,1.0124889949474558,1.0345000760806333,-0.02201108113317758
2021-08-19,405,1.2094980663507318,1.2281513256792738,-0.018653259328541862
2021-08-20,405,1.1021201932736835,1.1075402764042848,-0.005420083130601188
2021-08-23,403,1.0042094887350594,0.9945803414697088,0.00962914726535057
2021-08-24,400,0.9761284186404657,1.000117224793601,-0.023988806153135388
2021-08-25,388,1.024827864683518,1.0283866544660163,-0.0035587897824982174
2021-08-26,390,0.9858703093528501,0.9805622329668843,0.005308076385965811
2021-08-27,392,1.04290050158332,1.0344085569120782,0.008491944671241541
2021-08-30,376,1.235563613844305,1.2024557587850278,0.033107855059277116
2021-08-31,391,1.1337137097781742,1.1112962478895334,0.022417461888640706
2021-09-01,390,1.1809371987034438,1.142842226318564,0.038094972384879744
2021-09-02,404,1.441653496016294,1.3569336503712224,0.08471984564507122
2021-09-03,407,1.6930536164529835,1.5855510918645668,0.10750252458841697
2021-09-07,410,1.5271496280579846,1.4430834702825206,0.08406615777546397
2021-09-08,414,1.4207900967059235,1.3199878147378874,0.10080228196803594
2021-09-09,424,1.1560233636097037,1.1043107098704972,0.05171265373920658
2021-09-10,424,1.1818450691310292,1.1446232988003295,0.03722177033069965
2021-09-13,425,1.2422199136687797,1.1751474743802428,0.06707243928853675
2021-09-14,450,1.520445889271696,1.4098032344935636,0.11064265477813258
2021-09-15,437,1.4672631247923573,1.373455909302417,0.09380721548994025
2021-09-16,430,1.7019971758460257,1.5658611435539014,0.13613603229212412
2021-09-17,430,1.5262304355867653,1.437805292993455,0.08842514259331054
2021-09-20,426,1.7031297125015947,1.6192284655652331,0.08390124693636165
2021-09-21,425,1.7079029969183779,1.6424609027243742,0.06544209419400387
2021-09-22,424,1.5110007122140807,1.4528565785574303,0.05814413365665025
2021-09-23,418,1.3693218434311136,1.3212986786873429,0.04802316474377068
2021-09-24,419,1.5279099576913704,1.4701933321803597,0.05771662551101037
2021-09-27,421,1.410845733255,1.3709283837826407,0.03991734947235911
2021-09-28,422,1.1743496280337886,1.1645438129172505,0.0098058151165382
2021-09-29,440,1.144617172206226,1.1370077614825824,0.007609410723643734
2021-09-30,444,1.278109394039304,1.2863990780567551,-0.008289684017451204
2021-10-01,445,1.1627930381947862,1.1854509395706785,-0.022657901375891958
2021-10-04,451,1.3463439982721104,1.3588579038935673,-0.012513905621457141
2021-10-05,454,1.2174944073081468,1.2503112353193075,-0.03281682801116044
2021-10-06,454,1.2595471772472249,1.287575970237904,-0.028028792990679084
2021-10-07,460,1.157476846801635,1.190621590951582,-0.033144744149946954
2021-10-08,461,1.3116006389916581,1.3384219883786939,-0.026821349387035745
2021-10-11,460,1.5357913911500183,1.5590574757998847,-0.023266084649866483
2021-10-12,459,1.5199705407809743,1.554444946918387,-0.03447440613741274
2021-10-13,461,1.2568549691227993,1.2831257295623477,-0.0262707604395484
2021-10-14,461,1.2730115688477313,1.278695928935271,-0.0056843600875396095
2021-10-15,449,1.3736654060192162,1.3695809103640568,0.004084495655159363
2021-10-18,446,1.2510325181099542,1.248790751463738,0.002241766646216276
2021-10-19,445,1.351781967872727,1.346073808894026,0.005708158978700801
2021-10-20,446,1.3896215635430196,1.377458879146831,0.012162684396188537
2021-10-21,442,1.5108574723596195,1.5060365374499576,0.0048209349096618075
2021-10-22,439,1.6180700939002133,1.6223351592064943,-0.004265065306281231
2021-10-25,438,1.509604516319059,1.5245655400051785,-0.014961023686119373
2021-10-26,430,1.5753581059933908,1.5957026230737974,-0.02034451708040674
2021-10-27,412,1.416308865659585,1.455548203457258,-0.039239337797672885
2021-10-28,421,1.3445727702955772,1.3726566836794114,-0.02808391338383409
2021-10-29,418,1.385379770073083,1.4238983353761883,-0.03851856530310534
2021-11-01,415,1.2446033292493859,1.2970176201061954,-0.0524142908568097
2021-11-02,410,1.2070888195727434,1.2585919416163442,-0.05150312204360069
2021-11-03,404,1.1988578723450012,1.2385420299112946,-0.0396841575662933
2021-11-04,398,1.1108440061025442,1.1483117444916693,-0.03746773838912487
2021-11-05,399,1.3948767527915926,1.3955325377752326,-0.0006557849836399999
2021-11-08,394,1.288778406562921,1.3014997738310214,-0.01272136726810054
2021-11-09,399,1.2048664197283765,1.212848234132923,-0.007981814404546607
2021-11-10,411,1.1502699784519683,1.1500320009457157,0.00023797750625246446
2021-11-11,407,1.552195465441765,1.4973883486544886,0.054807116787276275
2021-11-12,413,1.5787914872148763,1.5663211898301252,0.012470297384750959
2021-11-15,399,2.2154247165754417,2.1317388795379975,0.08368583703744432
2021-11-16,400,2.704299517785709,2.6166687116759224,0.08763080610978659
2021-11-17,388,1.7728013773567413,1.7598232576643986,0.012978119692342681
2021-11-18,400,1.876524368593995,1.8771151839559728,-0.0005908153619775504
2021-11-19,399,1.4273575522650264,1.4380759467626083,-0.01071839449758208
2021-11-22,402,1.1329087420349404,1.1621965595646766,-0.029287817529736256
2021-11-23,403,1.043265759291392,1.0702503654209548,-0.02698460612956258
2021-11-24,395,1.179715153213883,1.2095505339860473,-0.029835380772164286
2021-11-26,397,1.2558866752806972,1.3376257633785915,-0.0817390880978943
2021-11-29,403,1.232009003051808,1.3253317518564327,-0.09332274880462481
2021-11-30,402,1.362159279807024,1.4460052470895652,-0.0838459672825412
2021-12-01,401,1.6537718036190088,1.7130745944109764,-0.05930279079196775
2021-12-02,411,1.4284166765884252,1.5374601889457051,-0.10904351235727983
2021-12-03,408,1.1596148201789824,1.2271043655763134,-0.06748954539733105
2021-12-06,408,1.3216940010448095,1.351441904988387,-0.02974790394357758
2021-12-07,408,1.1679792458867526,1.2120219493272573,-0.04404270344050461
2021-12-08,407,1.1477621531444124,1.200040655813032,-0.05227850266861959
2021-12-09,422,1.0029145431384134,1.0484986259219962,-0.04558408278358275
2021-12-10,422,1.0148968613809224,1.0457958371302125,-0.03089897574929019
2021-12-13,426,1.015970298017144,1.039509455624521,-0.023539157607377188
2021-12-14,446,1.1408787516416856,1.1512048799115333,-0.01032612826984772
2021-12-15,436,0.9338957109582892,0.9636710114291392,-0.02977530047085003
2021-12-16,432,0.9456134161564879,0.9732602592996064,-0.027646843143118435
2021-12-17,434,1.0515593418419085,1.083882390663639,-0.032323048821730524
2021-12-20,435,1.7648410832068404,1.780085789793614,-0.015244706586773795
2021-12-21,437,1.2422666452054865,1.322425395127074,-0.08015874992158765
2021-12-22,434,1.3897949048984468,1.4483284963443837,-0.058533591445937005
2021-12-23,428,1.7003659426184121,1.7401495087944445,-0.03978356617603232
2021-12-27,431,1.8518643298395536,1.8554734119330896,-0.0036090820935358757
2021-12-28,431,1.7096871832758203,1.6897670791039063,0.01992010417191393
2021-12-29,431,1.7981339125942208,1.7822871518588894,0.015846760735331526
2021-12-30,441,2.2003969071586393,2.214984614506283,-0.014587707347643666
2021-12-31,449,2.519183643413994,2.523500565608861,-0.004316922194867213
2022-01-03,450,2.353001808914464,2.385287092308243,-0.0322852833937791
2022-01-04,451,2.3111215358477373,2.338897873609063,-0.027776337761325855
2022-01-05,446,2.0185573455800574,2.025911117878409,-0.00735377229835168
2022-01-06,454,2.4879123556999256,2.511250872213477,-0.023338516513550893
2022-01-07,461,1.9979168954278201,2.038264165332542,-0.04034726990472207
2022-01-10,460,2.3917129187815305,2.4188745141466645,-0.027161595365134277
2022-01-11,458,2.8911267802675127,2.8841896321958362,0.006937148071676723
2022-01-12,458,3.229871912423235,3.266217061636515,-0.03634514921328008
2022-01-13,454,2.3614839838043933,2.420542389102772,-0.05905840529837824
2022-01-14,450,1.7112388185196161,1.7685972215675305,-0.057358403047914536
2022-01-18,452,1.2402937619749221,1.2502463839981406,-0.009952622023218142
2022-01-19,452,1.155943497732717,1.1732088355047952,-0.017265337772078282
2022-01-20,453,1.3384852355987422,1.359206269173921,-0.020721033575178783
2022-01-21,448,1.4211638292657878,1.3860954536838521,0.035068375581935596
2022-01-24,443,1.4558356742043381,1.4341246922636046,0.021710981940733207
2022-01-25,442,1.5594281228643663,1.5293208160673246,0.030107306797041735
2022-01-26,437,1.912857219408405,1.8757201501594556,0.037137069248949654
2022-01-27,425,1.8006675679911737,1.7550976439821686,0.04556992400900489
2022-01-28,427,1.4438814481446423,1.421748569611984,0.022132878532658017
2022-01-31,426,1.5955109008425112,1.5957827765580106,-0.0002718757154992782
2022-02-01,420,1.5208926822451825,1.5283443986182847,-0.007451716373101983
2022-02-02,418,1.6341709148844255,1.6289381346982228,0.0052327801862024495
2022-02-03,407,1.5998241613034763,1.6006697079935985,-0.000845546690122268
2022-02-04,404,1.532372226014565,1.5776404566169557,-0.045268230602391
2022-02-07,405,1.5808824908340031,1.6447831193520148,-0.06390062851801158
2022-02-08,406,2.2168331073621057,2.2987021986410006,-0.08186909127889491
2022-02-09,401,2.3251055987205915,2.3826905361633868,-0.0575849374427949
2022-02-10,400,1.47257267568806,1.5557736968769995,-0.08320102118893967
2022-02-11,394,1.3977951902040562,1.426259195338458,-0.0284640051344016
2022-02-14,395,1.74787573031402,1.790334555852977,-0.04245882553895697
2022-02-15,398,1.6816026112663616,1.7516602594446422,-0.07005764817828093
2022-02-16,392,2.005246235323872,2.1128571667952905,-0.10761093147141824
2022-02-17,400,2.257152284732951,2.3716392554505417,-0.11448697071759095
2022-02-18,404,2.9379136265192822,3.0906078333288276,-0.1526942068095455
2022-02-22,403,2.5734598387136387,2.6806722520623727,-0.10721241334873396
2022-02-23,387,1.8667411267779415,1.9212442515821004,-0.05450312480415892
2022-02-24,385,1.9865451531696654,2.1415115253364703,-0.15496637216680523
2022-02-25,397,2.3789965816308443,2.578984696677886,-0.1999881150470422
2022-02-28,388,2.3321167251172277,2.601578886306322,-0.2694621611890946
2022-03-01,387,1.583366528267764,1.7934081652089282,-0.210041636941164
2022-03-02,386,1.332259264036766,1.4814005293310089,-0.1491412652942427
2022-03-03,391,1.1662077489842673,1.2221373909868674,-0.05592964200260001
2022-03-04,397,1.3876827167678074,1.3784876644697062,0.009195052298101187
2022-03-07,398,2.0029328646314575,1.9436408619123953,0.05929200271906235
2022-03-08,403,2.2064686202983887,2.1550006108561215,0.05146800944226741
2022-03-09,417,1.2090866661749058,1.2611307023351352,-0.052044036160229304
2022-03-10,424,1.4366288922937134,1.4573540969936427,-0.020725204699929306
2022-03-11,425,1.8358565657553794,1.796760193805088,0.03909637195029132
2022-03-14,448,2.2235018446975303,2.126608414085935,0.09689343061159521
2022-03-15,456,2.143604985643299,2.0474231201756767,0.09618186546762235
2022-03-16,442,1.4652294084510409,1.4257965579426353,0.039432850508405545
2022-03-17,438,1.22631432372259,1.2418080943755991,-0.015493770653009196
2022-03-18,437,1.3920950887138648,1.442192776578036,-0.050097687864171306
2022-03-21,437,1.2761413928796936,1.2771983740532067,-0.0010569811735128415
2022-03-22,432,1.4303995870332655,1.5087260243701133,-0.07832643733684753
2022-03-23,434,1.5494353165581227,1.6494550599280902,-0.10001974336996748
2022-03-24,431,1.611077827516453,1.7720161975043047,-0.16093836998785152
2022-03-25,426,1.594542643818203,1.756103515564456,-0.161560871746253
2022-03-28,426,1.618997775704547,1.8271076815224034,-0.20810990581785654
2022-03-29,424,2.0723971388730487,2.361700436102675,-0.2893032972296263
2022-03-30,438,1.5708270307788634,1.7589366916737583,-0.18810966089489498
2022-03-31,447,1.5635190388497568,1.7512712338075016,-0.18775219495774487
2022-04-01,450,1.5821466184775377,1.7837126448797418,-0.20156602640220428
2022-04-04,451,1.3734614300776877,1.5271996086136814,-0.15373817853599364
2022-04-05,454,1.3726895953775315,1.4805649019086786,-0.10787530653114717
2022-04-06,449,1.3600499661846255,1.4742345141170796,-0.11418454793245396
2022-04-07,458,1.6727202835726176,1.862523076818601,-0.18980279324598343
2022-04-08,462,1.638686447902488,1.7673319329418515,-0.12864548503936332
2022-04-11,460,1.8585633970602156,2.045780776081733,-0.18721737902151717
2022-04-12,462,1.8233208421189164,2.002180917839363,-0.1788600757204466
2022-04-13,462,1.7676484402491284,1.9416239670037156,-0.1739755267545873
2022-04-14,452,2.3115538958733315,2.530052783203815,-0.21849888733048364
2022-04-18,451,2.1820757857577555,2.3338806040439226,-0.15180481828616674
2022-04-19,454,2.4840488453888967,2.717684335744349,-0.2336354903554521
2022-04-20,454,2.091946054800096,2.1976632338994895,-0.1057171790993938
2022-04-21,453,2.5139456217427996,2.6757671397465472,-0.1618215180037477
2022-04-22,447,2.1899925015735127,2.3617219314634332,-0.1717294298899204
2022-04-25,441,3.1482540376904273,3.4520871733285903,-0.3038331356381627
2022-04-26,441,2.4795121974798504,2.7140746239013254,-0.23456242642147473
2022-04-27,437,2.8438202581174403,3.1523519278553813,-0.3085316697379411
2022-04-28,427,3.1682378376006133,3.495341734120295,-0.3271038965196817
2022-04-29,423,1.8124878443606978,2.0098261114464773,-0.1973382670857795
2022-05-02,421,2.067055560514919,2.3508116965795303,-0.2837561360646115
2022-05-03,414,1.7193844120518156,1.9485848660842056,-0.22920045403238992
2022-05-04,408,3.2067959103061012,3.508785965706345,-0.30199005540024376
2022-05-05,401,2.20613137208604,2.424047152286626,-0.21791578020058644
2022-05-06,406,1.9955677170930315,2.1958098620316244,-0.20024214493859324
2022-05-09,408,1.486796735853049,1.5514011030269053,-0.06460436717385615
2022-05-10,403,1.570126418022806,1.7479527408549684,-0.17782632283216238
2022-05-11,406,1.440121782388588,1.4160940785031635,0.024027703885424242
2022-05-12,413,1.500694967699259,1.4242372981021336,0.07645766959712545
2022-05-13,413,1.4577552766507471,1.4228244731672433,0.03493080348350379
2022-05-16,399,1.3980909917218107,1.3220108050890307,0.07608018663278016
2022-05-17,401,1.2430613305369644,1.291421041060584,-0.04835971052361943
2022-05-18,393,1.8408900212770491,1.7030919908233966,0.1377980304536524
2022-05-19,403,1.5138291435881321,1.449414566015084,0.06441457757304841
2022-05-20,402,1.6041410927118798,1.5062456243116376,0.09789546840024228
2022-05-23,402,1.4996791714010538,1.4234464553555857,0.07623271604546825
2022-05-24,404,1.6564346033174595,1.533490268705278,0.12294433461218159
2022-05-25,389,1.421743695639383,1.3612171001195967,0.06052659551978651
2022-05-26,398,1.849022858149349,2.0532516175500333,-0.20422875940068425
2022-05-27,410,3.768779277855538,4.289023106219651,-0.5202438283641128
2022-05-31,402,3.656631893108639,4.096975498710112,-0.44034360560147273
2022-06-01,402,2.876872663585743,3.203583319720067,-0.3267106561343239
2022-06-02,411,4.9054660904207354,5.476594232715602,-0.5711281422948654
2022-06-03,411,4.295280109679783,4.781831353539675,-0.4865512438598926
2022-06-06,411,3.831075073397649,4.2957067731955485,-0.4646316997978992
2022-06-07,415,4.27988596314075,4.779737895048817,-0.49985193190806715
2022-06-08,415,3.6032867377570184,3.9987596669491836,-0.3954729291921651
2022-06-09,428,2.1160342519333177,2.319789435579803,-0.20375518364648507
2022-06-10,428,1.593629709461404,1.7070692167096515,-0.11343950724824732
2022-06-13,431,1.313026488808721,1.348685007733776,-0.035658518925054866
2022-06-14,438,1.5022967490017676,1.5599298927310752,-0.057633143729307446
2022-06-15,428,1.5787912649967095,1.7911076706018987,-0.2123164056051891
2022-06-16,431,1.7875239409644097,1.776745934053464,0.010778006910945744
2022-06-17,430,1.6483257085304754,1.6645274256634837,-0.016201717133008296
2022-06-21,430,1.5755248249759242,1.6518647394036665,-0.0763399144277425
2022-06-22,425,1.326654412955167,1.3066060781064943,0.02004833484867271
2022-06-23,424,1.0269843293786296,1.0285582721542574,-0.0015739427756277455
2022-06-24,427,1.3031240774069517,1.5208105188254748,-0.2176864414185235
2022-06-27,428,1.3414849346072477,1.544541494882957,-0.20305656027570942
2022-06-28,427,1.264853046141418,1.3981555830216836,-0.13330253688026564
2022-06-29,439,1.2908573212842185,1.391659681844568,-0.10080236056034937
2022-06-30,453,1.1594071950048401,1.1273537022818587,0.03205349272298114
2022-07-01,455,1.3040429954125068,1.2564782466491773,0.04756474876332945
2022-07-05,456,1.248810686045017,1.155693039760659,0.09311764628435781
2022-07-06,457,1.5665438855369431,1.4301908941004542,0.13635299143648885
2022-07-07,458,1.3395584355108603,1.2121671237480085,0.12739131176285173
2022-07-08,463,1.2716836784504,1.1739051099230826,0.09777856852731734
2022-07-11,464,1.4417239019604042,1.3135154530167963,0.12820844894360797
2022-07-12,462,1.3293468199738148,1.2291148157267775,0.10023200424703721
2022-07-13,462,1.8704061663160552,1.7401436331472662,0.13026253316878914
2022-07-14,459,2.5968595607034772,2.5545159136023496,0.0423436471011273
2022-07-15,446,2.4850704747699135,2.3676493530514366,0.11742112171847678
2022-07-18,447,2.515832580859868,2.4553659024876926,0.06046667837217535
2022-07-19,451,1.7364367783945567,1.6646751178950752,0.07176166049948136
2022-07-20,451,1.7651192050967326,1.6871997728190251,0.07791943227770745
2022-07-21,451,1.632660649924132,1.5654376033207877,0.06722304660334448
2022-07-22,446,1.7623391248341724,1.6478353777959416,0.1145037470382308
2022-07-25,441,1.770138282437465,1.674674663335643,0.09546361910182212
2022-07-26,438,1.8388280426130508,1.742467714022946,0.09636032859010459
2022-07-27,435,1.8257465212112345,1.7370563083752486,0.08869021283598565
2022-07-28,428,1.524783018129816,1.4229568780250788,0.10182614010473745
2022-07-29,427,1.5620212506554654,1.4625430405377293,0.09947821011773597
2022-08-01,426,1.6387296280941435,1.5558942454844797,0.08283538260966374
2022-08-02,416,1.736448430111909,1.6567258256873816,0.07972260442452746
2022-08-03,409,1.420095914297836,1.3919599682786896,0.028135946019146492
2022-08-04,401,1.5160279518681132,1.493131998901838,0.02289595296627534
2022-08-05,403,1.2725516671452743,1.3094926556743802,-0.03694098852910582
2022-08-08,404,1.2480943369076722,1.3804010040653383,-0.13230666715766604
2022-08-09,407,1.1449050511820953,1.1839389198864698,-0.03903386870437464
2022-08-10,407,1.3462888131523911,1.4846510172390752,-0.13836220408668415
2022-08-11,418,1.1086554350638336,1.1712038268738278,-0.06254839180999419
2022-08-12,429,2.0109497058188315,2.2739373711223214,-0.26298766530348977
2022-08-15,427,2.3040345369103123,2.599563714637502,-0.29552917772718984
2022-08-16,422,2.586125712106404,2.964922703770445,-0.3787969916640414
2022-08-17,414,2.5023640008744104,2.8191376937726407,-0.3167736928982298
2022-08-18,414,2.586394703949465,2.912099586793934,-0.3257048828444691
2022-08-19,413,2.4258116123366325,2.6419080183054158,-0.21609640596878324
2022-08-22,409,1.9111110036602217,2.05324693668903,-0.14213593302880823
2022-08-23,407,1.4069035731185238,1.5014954093921713,-0.0945918362736476
2022-08-24,393,1.381838283961208,1.4606552783022981,-0.07881699434109038
2022-08-25,394,1.3399531796025341,1.4084798402134155,-0.06852666061088149
2022-08-26,399,1.084638242104789,1.056230452704374,0.028407789400415218
2022-08-29,397,1.256383466165675,1.3016511712499572,-0.045267705084282496
2022-08-30,389,1.203252235310932,1.2148096904105756,-0.011557455099643683
2022-08-31,394,1.289392353704639,1.3063509587529236,-0.01695860504828456
2022-09-01,406,1.3260016154361827,1.3493287139698298,-0.023327098533647114
2022-09-02,408,1.1608072583609363,1.1597948451553746,0.0010124132055617217
2022-09-06,413,1.3127670406583727,1.3240943423337375,-0.011327301675364726
2022-09-07,414,1.9686717756388117,2.062793989027429,-0.09412221338861723
2022-09-08,429,2.635286137013663,2.869070791311693,-0.23378465429802966
2022-09-09,429,3.76401678468803,4.143356462628618,-0.3793396779405881
2022-09-12,428,4.702182329118244,5.114332592676185,-0.4121502635579396
2022-09-13,433,3.307713503284805,3.424654427989081,-0.1169409247042762
2022-09-14,455,2.6277350644528483,2.7581428307493265,-0.13040776629647802
2022-09-15,443,2.957786029586814,3.116568461219546,-0.15878243163273217
2022-09-16,436,2.953459954840328,3.064683558788729,-0.11122360394840097
2022-09-19,436,2.3273538234918356,2.4235829139364986,-0.09622909044466298
2022-09-20,436,1.2672837817001887,1.284727853055316,-0.017444071355127176
2022-09-21,438,1.3079312599768114,1.2867674903685564,0.021163769608255025
2022-09-22,427,1.5637274227306923,1.5109084134951514,0.05281900923554079
2022-09-23,427,1.7265107781228581,1.6778595707923578,0.04865120733050043
2022-09-26,428,1.708494838946327,1.6683183597159288,0.040176479230398236
2022-09-27,428,1.632867252441551,1.6608716959832617,-0.02800444354171065
2022-09-28,427,1.8075166914780263,1.8950072016177675,-0.08749051013974102
2022-09-29,445,1.4450719123591511,1.4597023120959727,-0.014630399736821668
2022-09-30,451,1.428879326318492,1.4693688202411204,-0.04048949392262866
2022-10-03,453,1.2954827448942356,1.3546020415480344,-0.05911929665379887
2022-10-04,454,1.4112034432392917,1.5404944051359455,-0.12929096189665357
2022-10-05,456,1.6141768581814662,1.7455445886915626,-0.13136773051009648
2022-10-06,463,1.6208571419630917,1.7735106657132393,-0.15265352375014757
2022-10-07,466,1.3545902662656337,1.4227412674342546,-0.068151001168621
2022-10-10,466,1.4851188748296538,1.5020866530896173,-0.016967778259963692
2022-10-11,466,1.9357380412194278,1.8806644950766331,0.05507354614279484
2022-10-12,466,2.166667663790144,2.096807204486015,0.06986045930412947
2022-10-13,469,1.7509966617575567,1.7290871504368486,0.02190951132070803
2022-10-14,464,3.182733197487685,3.035462414276064,0.14727078321162165
2022-10-17,455,2.291999820320271,2.258618536405589,0.033381283914681516
2022-10-18,455,2.0357714215233336,2.0293378671612308,0.006433554362103026
2022-10-19,455,1.8155945751982585,1.8473923066976863,-0.031797731499427676
2022-10-20,455,2.201196128611808,2.224184597739158,-0.022988469127350183
2022-10-21,448,2.1453062433665453,2.2108687054099874,-0.06556246204344214
2022-10-24,445,2.086063276761413,2.147484654584632,-0.06142137782321874
2022-10-25,443,2.0333376512080177,2.1224727182698753,-0.08913506706185721
2022-10-26,427,1.9174258870243726,2.0476027992641095,-0.13017691223973704
2022-10-27,418,2.2628619568548043,2.2731611413371295,-0.01029918448232562
2022-10-28,426,2.0581151682558243,2.021744862876269,0.03637030537955518
2022-10-31,421,1.9998528695027646,1.9754411635653262,0.024411705937438518
2022-11-01,416,2.301516031103539,2.285206920303308,0.016309110800231057
2022-11-02,406,2.5298255766449467,2.4911543281026316,0.038671248542315385
2022-11-03,398,2.4409783635831204,2.414788643732012,0.02618971985110827
2022-11-04,402,2.030830758027529,2.010658870836931,0.0201718871905984
2022-11-07,399,1.807237034649045,1.8103301673324645,-0.0030931326834196518
2022-11-08,395,1.8630228276192242,1.852962260012027,0.010060567607197231
2022-11-09,407,2.532736687771824,2.481360972185979,0.051375715585845
2022-11-10,413,1.30371725358526,1.3658034758854796,-0.06208622230021992
2022-11-11,412,1.3554642614788062,1.4693116238595767,-0.11384736238077062
2022-11-14,417,1.3114774614507476,1.4033512527292766,-0.09187379127852893
2022-11-15,401,1.4848864943520803,1.5539912658312964,-0.06910477147921584
2022-11-16,395,1.5578445444476836,1.579419235694266,-0.021574691246582192
2022-11-17,406,1.6286998628475178,1.5993084155957242,0.029391447251793573
2022-11-18,408,1.2788084645608706,1.2577269992855742,0.021081465275296127
2022-11-21,408,1.2485815279924737,1.2217307380234326,0.026850789969041132
2022-11-22,411,1.26732046233741,1.2651914631320258,0.0021289992053843275
2022-11-23,401,1.3019272162373257,1.2803482311043841,0.021578985132941538
2022-11-25,404,1.292816065795393,1.2562805209301267,0.03653554486526642
2022-11-28,404,1.2951807237381536,1.2671556420846308,0.02802508165352262
2022-11-29,407,1.4441277900538805,1.4325768455918977,0.011550944461982751
2022-11-30,411,1.2863039088829054,1.2907355721478324,-0.004431663264927201
2022-12-01,415,1.459405450391744,1.489593290980284,-0.030187840588540137
2022-12-02,412,1.5734835601964345,1.6199478967401628,-0.04646433654372835
2022-12-05,409,1.4344276066162456,1.474012790508248,-0.039585183892002516
2022-12-06,412,1.271647587981495,1.2892833390037512,-0.0176357510222562
2022-12-07,411,1.1920116287841938,1.1452228123771586,0.04678881640703515
2022-12-08,427,1.2674455499239832,1.257415254142362,0.010030295781621222
2022-12-09,428,1.2385631201613094,1.2006609401921966,0.03790217996911289
2022-12-12,426,1.3724739783678457,1.366848820659466,0.005625157708379582
2022-12-13,432,1.587518109256729,1.6097191113968716,-0.02220100214014232
2022-12-14,431,1.2410111528075385,1.2071927479695834,0.033818404837955285
2022-12-15,429,1.1096140485643902,1.0671108673109235,0.04250318125346681
2022-12-16,435,1.1515852930165424,1.1057083225048738,0.04587697051166849
2022-12-19,437,1.3750750269722485,1.3290503664362334,0.046024660536015255
2022-12-20,431,1.349169378366236,1.2915091874288651,0.05766019093737086
2022-12-21,433,1.442994578992556,1.4004698935000794,0.04252468549247646
2022-12-22,426,1.61653344497604,1.5891280634222622,0.027405381553778113
2022-12-23,428,1.713849992075073,1.692527693690751,0.02132229838432184
2022-12-27,430,2.0106355458412786,2.0131864579135232,-0.00255091207224498
2022-12-28,425,2.6283904170250296,2.644404847837244,-0.016014430812214524
2022-12-29,441,2.1331832751805964,2.1065642787252457,0.02661899645535086
2022-12-30,454,2.195743212114606,2.1880598172458248,0.007683394868781788
2023-01-03,455,1.9650445050850893,1.9258621867749952,0.03918231831009391
2023-01-04,450,1.5078685049246219,1.4384269269726428,0.06944157795197912
2023-01-05,455,1.985886098968185,1.9530547539942316,0.032831344973953465
2023-01-06,458,1.923861725086106,1.8956250017058909,0.02823672338021529
2023-01-09,461,1.6028276706892677,1.5736263501954566,0.029201320493811005
2023-01-10,460,1.5231298223927117,1.4993485937642541,0.02378122862845763
2023-01-11,459,1.5046308322537472,1.4729955110110946,0.03163532124265241
2023-01-12,464,1.460253125741462,1.4412044421847228,0.019048683556739138
2023-01-13,461,1.2836415355827824,1.2338926171011224,0.04974891848165996
2023-01-17,455,1.3715306482602931,1.3496721822868116,0.021858465973481452
2023-01-18,454,1.9362049210874073,1.965145809196876,-0.028940888109469185
2023-01-19,458,2.9487931343172518,3.010719449450056,-0.06192631513280449
2023-01-20,458,1.9997386945028026,1.9891027619912602,0.010635932511542096
2023-01-23,452,1.5251629937035516,1.501628881807712,0.023534111895839746
2023-01-24,453,1.6426219731719687,1.6290581464172587,0.013563826754710103
2023-01-25,448,1.5802001146932292,1.5544106661076296,0.02578944858559982
2023-01-26,436,1.430500666893214,1.3983457698285253,0.03215489706468889
2023-01-27,431,1.2134684485031983,1.1928159978392947,0.020652450663903477
2023-01-30,433,1.428395029074704,1.4123600368329792,0.016034992241724978
2023-01-31,429,1.30419308583326,1.2755978889541113,0.028595196879148667
2023-02-01,424,1.269934657581666,1.250565445318393,0.019369212263273084
2023-02-02,414,1.2819633941101933,1.2797414687978648,0.0022219253123283737
2023-02-03,409,1.2176922542166655,1.2249018864163552,-0.007209632199689664
2023-02-06,411,1.2335395713513,1.2373290533929175,-0.003789482041617801
2023-02-07,410,1.3450533191697895,1.3529148954472134,-0.007861576277423933
2023-02-08,402,1.2354049243096863,1.2415459859264601,-0.006141061616773793
2023-02-09,409,1.2455994442661829,1.2508653501448368,-0.0052659058786542375
2023-02-10,400,1.2662575551104747,1.2506605729669962,0.015596982143478468
2023-02-13,390,1.4089275868844882,1.3828663279247109,0.026061258959777255
2023-02-14,397,1.4238661594460127,1.410212704567424,0.013653454878588817
2023-02-15,392,1.3958669328740796,1.3947388709388915,0.001128061935188329
2023-02-16,399,1.1758045628227138,1.1807964221704694,-0.004991859347755522
2023-02-17,404,1.1996404555529432,1.1897495340659885,0.009890921486954612
2023-02-21,401,1.249720800608341,1.2382188685451339,0.01150193206320713
2023-02-22,399,1.2163002650125492,1.2107922305058987,0.005508034506650385
2023-02-23,389,1.2801261581424452,1.260500223508725,0.019625934633720223
2023-02-24,392,1.478681918536996,1.4472967530286682,0.03138516550832794
2023-02-27,405,1.768136846529405,1.7304905384103566,0.03764630811904808
2023-02-28,394,1.6471449535565692,1.6223721913494695,0.02477276220709964
2023-03-01,395,2.038700585666776,2.0005131991843483,0.03818738648242784
2023-03-02,391,1.8940561143534085,1.8544551250888717,0.0396009892645371
2023-03-03,393,2.481683380463168,2.418297633437519,0.06338574702564902
2023-03-06,396,2.0683833332648107,2.020897684999792,0.047485648265018644
2023-03-07,399,1.5245322394707432,1.5127288399948102,0.011803399475932999
2023-03-08,402,1.838818128963209,1.786222000541125,0.052596128422084124
2023-03-09,422,1.6579145262394488,1.6115190995453266,0.046395426694122166
2023-03-10,425,1.4834201872643116,1.481281695934098,0.002138491330213775
2023-03-13,427,1.1608447765802445,1.1844903724638784,-0.023645595883633925
2023-03-14,453,1.026316195387911,1.0442326751172015,-0.01791647972929052
2023-03-15,455,1.2872545974435865,1.332182222923127,-0.04492762547954068
2023-03-16,448,1.095914537945647,1.1553593921581513,-0.05944485421250413
2023-03-17,445,1.7364898502484503,1.7912696189593762,-0.05477976871092604
2023-03-20,446,1.4615859596435405,1.5268721830461234,-0.06528622340258283
2023-03-21,446,1.1400972738701922,1.2095512388879759,-0.06945396501778373
2023-03-22,441,1.554795387344642,1.607081013346667,-0.052285626002025104
2023-03-23,433,1.6781087194380853,1.714586677224978,-0.03647795778689296
2023-03-24,432,1.463646181108623,1.4939621767319655,-0.03031599562334272
2023-03-27,432,1.4359328530595243,1.4773237657003175,-0.041390912640793295
2023-03-28,433,1.3276858585855382,1.3621312231949034,-0.03444536460936521
2023-03-29,425,1.2360574263719515,1.2664651083123943,-0.03040768194044289
2023-03-30,445,1.14572577571332,1.167452561492461,-0.021726785779141004
2023-03-31,452,1.0572746209697121,1.070376390635695,-0.013101769665982728
2023-04-03,453,1.0177718809660754,1.034805006859659,-0.017033125893583814
2023-04-04,457,1.145355190467156,1.1721307144422268,-0.026775523975070954
2023-04-05,457,1.1742738231983179,1.1962259196037046,-0.021952096405386652
2023-04-06,467,1.170119812051254,1.1884720285037198,-0.01835221645246586
2023-04-10,468,1.149420899218009,1.1733619615993118,-0.023941062381302725
2023-04-11,463,1.163365312272655,1.1760484102578608,-0.012683097985205652
2023-04-12,463,1.1857088711178165,1.1789471757893473,0.006761695328469342
2023-04-13,466,1.2648591622050604,1.2656957729287477,-0.0008366107236870354
2023-04-14,456,1.2734175831764614,1.2868611187398118,-0.013443535563350583
2023-04-17,456,1.2100360874195335,1.2295918492746993,-0.0195557618551656
2023-04-18,454,1.3881084261328214,1.3965595416094612,-0.008451115476639778
2023-04-19,452,1.478639492137734,1.4892412088894222,-0.010601716751688368
2023-04-20,451,1.5447149170542522,1.5575453828428558,-0.012830465788603857
2023-04-21,446,1.3826167233278144,1.3839496151887585,-0.0013328918609440295
2023-04-24,444,1.483525723243045,1.4856797952676992,-0.0021540720246541376
2023-04-25,442,1.547004163794306,1.5660239789513952,-0.01901981515708953
2023-04-26,439,1.6677290982215613,1.7018054178568804,-0.03407631963531908
2023-04-27,429,1.5183178434584503,1.5358839951203447,-0.01756615166189422
2023-04-28,427,1.5478884310344367,1.5552419470131993,-0.007353515978762354
2023-05-01,425,1.5234261589482772,1.5240165907419925,-0.0005904317937154901
2023-05-02,421,1.5347797412411432,1.5403561820256626,-0.005576440784519147
2023-05-03,416,1.5271096716788435,1.5480507970943516,-0.020941125415508317
2023-05-04,411,1.7557869632439984,1.7771386890819052,-0.021351725837906742
2023-05-05,411,1.4409129603590627,1.452181560626757,-0.011268600267694318
2023-05-08,409,1.3957582797726371,1.4006778220207394,-0.004919542248102335
2023-05-09,410,1.370254677818181,1.3553117257001595,0.014942952118021534
2023-05-10,411,1.3881099300593374,1.361484133383719,0.026625796675618107
2023-05-11,416,1.6478623337000877,1.6020005571225087,0.045861776577579054
2023-05-12,419,2.003706724470491,1.9524056273824435,0.05130109708804726
2023-05-15,412,1.9390915938522115,1.8762137025384884,0.0628778913137231
2023-05-16,399,1.7288817414442221,1.6904387908826968,0.038442950561525406
2023-05-17,390,1.6415735255871082,1.607896885645202,0.03367663994190622
2023-05-18,400,1.3632133016223578,1.353326914248534,0.009886387373823819
2023-05-19,404,1.3968528325057659,1.384875627320483,0.011977205185283172
2023-05-22,404,1.4270784138621235,1.413417928313799,0.01366048554832453
2023-05-23,405,1.6171417383337907,1.6232163029445588,-0.006074564610768188
2023-05-24,392,2.030885408444944,2.0347816163605157,-0.0038962079155716346
2023-05-25,399,1.7549787268067836,1.7707156177153587,-0.015736890908574944
2023-05-26,410,1.6340867441209228,1.6549873367616736,-0.020900592640750667
2023-05-30,413,1.9038867229267729,1.9284243951184001,-0.02453767219162743
2023-05-31,408,2.1455561453131424,2.165959880195003,-0.020403734881860407
2023-06-01,410,2.181445851613238,2.2106556546112226,-0.02920980299798444
2023-06-02,409,1.533672739424338,1.5525202320486817,-0.01884749262434389
2023-06-05,408,1.4665292040367721,1.4800715482255102,-0.01354234418873807
2023-06-06,410,1.2977799143041804,1.324449124008858,-0.026669209704677784
2023-06-07,411,1.2955871272560027,1.311945464214929,-0.016358336958926294
2023-06-08,424,1.1491939112938816,1.1737945276366537,-0.02460061634277219
2023-06-09,426,1.1020793874487513,1.124388935319679,-0.022309547870927714
2023-06-12,426,1.1873375078664548,1.2116337971758935,-0.024296289309438907
2023-06-13,433,1.0937505820100286,1.1041581798476146,-0.010407597837585984
2023-06-14,436,1.1125987393067684,1.1308848433839456,-0.01828610407717722
2023-06-15,441,1.059948096083951,1.0781794186140634,-0.01823132253011239
2023-06-16,441,1.0736635095887466,1.0936625072038593,-0.019998997615112677
2023-06-20,441,1.079702078220691,1.1210898036337613,-0.04138772541307024
2023-06-21,435,0.9994486943772769,1.0347545691911233,-0.03530587481384641
2023-06-22,430,1.1227934566512638,1.1455885936228523,-0.0227951369715884
2023-06-23,430,1.4567077762773377,1.4969539664183305,-0.0402461901409926
2023-06-26,430,1.6153094396537109,1.6530191654489967,-0.03770972579528585
2023-06-27,428,1.3729181134951087,1.397476195591212,-0.02455808209610331
2023-06-28,423,1.5456685261196441,1.5786111037710149,-0.03294257765137099
2023-06-29,440,1.2651508701173588,1.2995061855794316,-0.03435531546207289
2023-06-30,449,1.2067290970936744,1.2349643145992917,-0.028235217505617447
2023-07-03,454,1.273628043598256,1.3081098182276107,-0.03448177462935461
2023-07-05,455,1.4952480978473437,1.5350649409652122,-0.039816843117868345
2023-07-06,456,1.5960530564398008,1.6395861701193242,-0.04353311367952347
2023-07-07,465,1.4923614007692096,1.5292630987037776,-0.03690169793456783
2023-07-10,466,1.3924197526692903,1.4248123573028462,-0.032392604633555824
2023-07-11,465,1.2311945907162662,1.2595582358937027,-0.028363645177436378
2023-07-12,464,1.2441822329363699,1.2634499948281384,-0.01926776189176849
2023-07-13,466,1.1913343798519656,1.1974404624829584,-0.0061060826309931125
2023-07-14,460,1.3471807994428144,1.3563553193402351,-0.009174519897420763
2023-07-17,452,1.345864640004813,1.3506980778838529,-0.004833437879039598
2023-07-18,451,1.2261252414236419,1.2310010460009084,-0.004875804577266343
2023-07-19,452,1.2678423313075189,1.2823276263403365,-0.014485295032817456
2023-07-20,455,1.3794616508171587,1.3666393492945699,0.012822301522588701
2023-07-21,447,1.536865336900569,1.507731699382349,0.029133637518219676
2023-07-24,443,1.557084575410338,1.5447439801582332,0.012340595252104916
2023-07-25,441,1.6195528064266715,1.5988747890567874,0.020678017369884102
2023-07-26,436,1.5774528018422067,1.57172093580101,0.005731866041196511
2023-07-27,427,1.4756265784749367,1.4996068405251612,-0.023980262050224445
2023-07-28,430,1.5470162909295175,1.5874952374164804,-0.04047894648696268
2023-07-31,428,1.5422589434913163,1.5686634275551155,-0.026404484063799038
2023-08-01,422,1.6045131739232121,1.6064366624861228,-0.0019234885629107025
2023-08-02,414,1.4552668083937546,1.463889955572976,-0.008623147179221455
2023-08-03,404,1.3985552469789264,1.4023854213663514,-0.003830174387425031
2023-08-04,405,1.2505666904622028,1.2772470709611312,-0.026680380498928537
2023-08-07,408,1.4104377859695096,1.4001883836922353,0.010249402277274578
2023-08-08,407,1.3471267969191656,1.3396189641802503,0.007507832738915438
2023-08-09,412,1.1311134666833946,1.119236496421848,0.01187697026154683
2023-08-10,419,1.159611263140235,1.1372211651557924,0.022390097984442626
2023-08-11,419,1.1089698094067708,1.0886238227637013,0.020345986643069414
2023-08-14,426,1.0060661138377864,0.9986410446545978,0.007425069183188616
2023-08-15,430,0.9606677535874888,0.9864392585277959,-0.025771504940307263
2023-08-16,425,1.0453699523225977,1.0740094111864835,-0.028639458863885903
2023-08-17,412,1.2415740711978507,1.2853808283301784,-0.04380675713232772
2023-08-18,412,1.3273978146532548,1.3750318655180982,-0.04763405086484333
2023-08-21,407,1.1854741997567457,1.2104654462158024,-0.024991246459056714
2023-08-22,406,1.1743054764828436,1.1986333400908729,-0.024327863608029122
2023-08-23,392,1.0722780028816021,1.0820865487921019,-0.009808545910499882
2023-08-24,394,1.1933868357481998,1.2093628037214244,-0.01597596797322468
2023-08-25,401,1.1728967300690252,1.1816146319595902,-0.00871790189056488
2023-08-28,397,1.1328136365634742,1.1399120055131995,-0.007098368949725058
2023-08-29,397,1.1765636999216271,1.164412246488194,0.01215145343343296
2023-08-30,383,1.1613779040598153,1.1529825829478222,0.008395321111993238
2023-08-31,405,1.1337910630813035,1.1186923692323028,0.015098693849000764
2023-09-01,408,1.1775607833185477,1.1569178558401296,0.02064292747841807
2023-09-05,415,1.0799499358159133,1.0909619252350191,-0.011011989419106085
2023-09-06,418,1.1253200569789672,1.1333618788565074,-0.00804182187753998
2023-09-07,431,1.2578749453014557,1.2393919829867255,0.0184829623147302
2023-09-08,430,1.2132785251727431,1.1896366871057504,0.02364183806699286
2023-09-11,427,1.2312081231825451,1.2091652195697158,0.0220429036128293
2023-09-12,432,1.3593198404959674,1.3081437326780578,0.05117610781790934
2023-09-13,434,1.2884692154853297,1.2250383920718404,0.06343082341348938
2023-09-14,440,1.3589164467573311,1.2860568490728088,0.07285959768452245
2023-09-15,439,1.2324126039777488,1.1671753902753934,0.06523721370235536
2023-09-18,440,1.4793879199089606,1.3832044588191845,0.096183461089776
2023-09-19,439,1.6700604314940535,1.5354414036488901,0.13461902784516347
2023-09-20,440,1.4950832217030525,1.3930405432268416,0.10204267847621086
2023-09-21,430,1.3094945090892296,1.2493436339970325,0.06015087509219695
2023-09-22,426,1.2171328486396484,1.1889925946129005,0.02814025402674776
2023-09-25,429,1.182344578790651,1.161903951680436,0.020440627110215194
2023-09-26,430,1.1128963596781147,1.141776800999918,-0.028880441321803407
2023-09-27,427,1.1681277435503534,1.1919230240488667,-0.023795280498513285
2023-09-28,444,1.2158317568228003,1.2052192756044677,0.010612481218332767
2023-09-29,449,1.1875896858642179,1.1817641474486817,0.005825538415535963
2023-10-02,449,1.298642592545669,1.317519749937561,-0.01887715739189197
2023-10-03,451,1.4846973264221095,1.5181187389732564,-0.033421412551146994
2023-10-04,453,1.2681698457613455,1.2838448000350582,-0.015674954273712634
2023-10-05,461,1.1786207672718279,1.1855597334285735,-0.006938966156745555
2023-10-06,466,1.226761800603804,1.219710579050488,0.0070512215533159745
2023-10-09,465,1.27933067875885,1.2559095388916433,0.023421139867206953
2023-10-10,464,1.3308692445357755,1.3014663900934376,0.029402854442338013
2023-10-11,468,1.7627378070480264,1.6978914448712223,0.06484636217680381
2023-10-12,470,1.6234255039736418,1.5961656671618596,0.027259836811782363
2023-10-13,471,1.6637283718497575,1.5972762485800496,0.06645212326970809
2023-10-16,466,1.755428124436101,1.687526051032588,0.06790207340351313
2023-10-17,453,1.649734718015263,1.596530794837473,0.05320392317778993
2023-10-18,453,1.4359077729258862,1.4143882199704383,0.021519552955447926
2023-10-19,454,1.4205084330009914,1.432882974785173,-0.012374541784181658
2023-10-20,453,1.92539761131607,1.947534627367589,-0.022137016051519097
2023-10-23,449,1.9452436961285586,1.9871262162299184,-0.04188252010135977
2023-10-24,447,1.782612130191512,1.8232679478691947,-0.040655817677682615
2023-10-25,443,2.1191313423774956,2.1625529070478273,-0.043421564670332105
2023-10-26,432,1.9793211030770304,2.031572409779819,-0.05225130670278911
2023-10-27,425,2.4741004858465763,2.5330742289260684,-0.058973743079491825
2023-10-30,426,2.1468622916656663,2.2188951166561535,-0.07203282499048713
2023-10-31,422,2.7438015389341746,2.805129123476743,-0.06132758454256881
2023-11-01,415,2.6972194316744647,2.7713890592570154,-0.07416962758255097
2023-11-02,400,1.942256198732238,2.0129854883777107,-0.07072928964547297
2023-11-03,399,1.4897606300988313,1.5686593158764632,-0.07889868577763218
2023-11-06,396,1.6945317905356931,1.7628022482838384,-0.06827045774814523
2023-11-07,395,1.5227759493512107,1.608556764239407,-0.08578081488819646
2023-11-08,391,1.5958751996136853,1.6565109724648905,-0.06063577285120522
2023-11-09,399,1.919555865801712,1.9799995900891352,-0.06044372428742297
2023-11-10,404,1.533932259409672,1.5894421585343999,-0.055509899124727924
2023-11-13,409,1.6012294330841224,1.6539629717412028,-0.05273353865708029
2023-11-14,414,1.1682475861986528,1.2349305841912068,-0.06668299799255412
2023-11-15,387,1.1826846249974,1.2465880295865817,-0.06390340458918188
2023-11-16,403,1.5607286498489068,1.6081157932572463,-0.04738714340833933
2023-11-17,407,1.4992936221417277,1.5519775716733726,-0.05268394953164509
2023-11-20,407,1.339414632612028,1.3881509778975987,-0.04873634528557074
2023-11-21,408,1.4393046401524958,1.4861418997501998,-0.046837259597704024
2023-11-22,399,1.4951929653442793,1.534997516532494,-0.03980455118821487
2023-11-24,402,1.516775223219812,1.560557197135314,-0.043781973915502245
2023-11-27,404,1.6249052752296271,1.6802582259810264,-0.05535295075139942
2023-11-28,399,1.7265965175155087,1.793855342501223,-0.06725882498571437
2023-11-29,407,2.082810298844985,2.169339723693616,-0.08652942484863116
2023-11-30,415,2.5802818971381516,2.65322095489659,-0.07293905775843804
2023-12-01,411,1.829854721274461,1.8442138104339603,-0.014359089159499487
2023-12-04,407,1.7298871886854061,1.7611338922563597,-0.031246703570953556
2023-12-05,412,2.1879947731659652,2.2234586708601314,-0.0354638976941663
2023-12-06,410,1.7357813606786976,1.7547196385074442,-0.01893827782874642
2023-12-07,427,1.846959064044967,1.8698739128409,-0.022914848795933192
2023-12-08,430,1.7561576937188486,1.791605491644468,-0.035447797925619404
2023-12-11,429,1.737173324356051,1.767351682887537,-0.03017835853148613
2023-12-12,429,1.8135285371598,1.8530049764205643,-0.03947643926076429
2023-12-13,413,1.3283178849706527,1.3423786230458932,-0.01406073807524034
2023-12-14,426,0.9152428351229628,0.9325757679735869,-0.017332932850624146
2023-12-15,432,1.007232549629751,1.0323262059435188,-0.025093656313767827
2023-12-18,436,1.0043039993206728,1.0266762682004842,-0.022372268879811242
2023-12-19,431,1.0325964752381414,1.0496774715297068,-0.017080996291565342
2023-12-20,436,1.054568553043552,1.0821553900840366,-0.027586837040484563
2023-12-21,434,1.0243403496728316,1.0484647467858392,-0.024124397113007665
2023-12-22,428,1.0106095296576951,1.0235873391549957,-0.012977809497300595
2023-12-26,429,1.0470151233144038,1.0597404044835095,-0.0127252811691054
2023-12-27,431,1.0778010850457853,1.0878909179423757,-0.010089832896590217
2023-12-28,446,1.1014218019877036,1.1109125282336827,-0.009490726245979223
2023-12-29,457,1.1277837062288323,1.1300940377937527,-0.0023103315649205393
2024-01-02,458,1.2093562337744617,1.204391688051616,0.004964545722845754
2024-01-03,453,1.2950189214247987,1.3062660788517426,-0.011247157426943941
2024-01-04,456,1.4350242913617113,1.4542346088962383,-0.019210317534526823
2024-01-05,456,1.5446972297757022,1.5650161916876986,-0.020318961911996454
2024-01-08,456,1.346932692215864,1.3529508894396416,-0.006018197223777823
2024-01-09,461,1.3860327788429563,1.3803468112451165,0.005685967597839716
2024-01-10,461,1.351852078252027,1.357955045334713,-0.0061029670826858295
2024-01-11,465,1.221549088139011,1.2359818696285154,-0.014432781489504491
2024-01-12,469,1.2964519841762956,1.3059338810586587,-0.009481896882363432
2024-01-16,463,1.386336650650314,1.4079760060803335,-0.021639355430019307
2024-01-17,455,1.2742224194671805,1.2974167081301577,-0.023194288662977198
2024-01-18,458,1.4208121258848898,1.4500369310670609,-0.029224805182171226
2024-01-19,458,1.3488303800952817,1.364386676423127,-0.01555629632784533
2024-01-22,456,1.3166283487487045,1.3251045981391958,-0.00847624939049125
2024-01-23,456,1.3084020614758534,1.3323981134530063,-0.023996051977153002
2024-01-24,453,1.4827578341409826,1.5182703165932674,-0.03551248245228473
2024-01-25,442,1.5233913180110934,1.5486069687434747,-0.02521565073238157
2024-01-26,437,1.6055909882973574,1.6448097321105724,-0.03921874381321478
2024-01-29,436,1.4696041307616565,1.5066237055759448,-0.03701957481428828
2024-01-30,439,1.4620906126924735,1.4725479891881572,-0.010457376495683483
2024-01-31,438,1.7669407648230926,1.7896381026631076,-0.022697337840015052
2024-02-01,423,1.7072489249347016,1.727743948575165,-0.02049502364046325
2024-02-02,415,1.5218571586012373,1.5486665776972037,-0.026809419095966732
2024-02-05,410,1.4248899530604893,1.42485564365203,3.430940845928467e-05
2024-02-06,408,1.3000777976354256,1.296506683681946,0.0035711139534794732
2024-02-07,400,1.3918946873498816,1.386298495101187,0.005596192248694846
2024-02-08,405,1.3431073745632593,1.3470548932479816,-0.0039475186847222135
2024-02-09,405,1.3081494512187337,1.3122405585221817,-0.004091107303448091
2024-02-12,405,1.3457177323212968,1.3576597417502847,-0.011942009428987953
2024-02-13,399,1.5758304010173159,1.570385047341952,0.005445353675363852
2024-02-14,386,1.4393010300941407,1.436272715432591,0.0030283146615499895
2024-02-15,396,1.4073053017955004,1.4063389608175496,0.0009663409779507064
2024-02-16,405,1.6038543083079113,1.6109500345197094,-0.007095726211798221
2024-02-20,405,1.627399660076669,1.6288140819062096,-0.001414421829540698
2024-02-21,404,1.7966200679870044,1.7925947260182782,0.0040253419687260785
2024-02-22,392,1.5472653266108274,1.5419529802176748,0.0053123463931524315
2024-02-23,392,1.3829725144606628,1.3652492636121034,0.017723250848559264
2024-02-26,396,1.3363037615142819,1.3260350103431975,0.010268751171084374
2024-02-27,390,1.2759557893319287,1.269729870647415,0.006225918684513684
2024-02-28,396,1.3200113156051576,1.304920930989925,0.01509038461523267
2024-02-29,385,1.1404118429896875,1.1326069237764467,0.007804919213240956
2024-03-01,391,1.192999922598101,1.2063064217598516,-0.013306499161750711
2024-03-04,390,1.2167583794077186,1.2285520746530527,-0.01179369524533418
2024-03-05,397,1.2249476638270107,1.2428162614042506,-0.017868597577239836
2024-03-06,396,1.2392039752802673,1.240271062953347,-0.0010670876730797657
2024-03-07,418,1.2455079680025316,1.2509799579707213,-0.005471989968189442
2024-03-08,422,1.1808741196143566,1.1790526201660076,0.0018214994483489975
2024-03-11,423,1.229573729398929,1.2228085353272917,0.006765194071637286
2024-03-12,431,1.168730023440854,1.1520138364906125,0.01671618695024134
2024-03-13,410,1.0879904525637032,1.0745663186056202,0.013424133958082889
2024-03-14,436,1.2029177320999784,1.186083565413637,0.01683416668634116
2024-03-15,436,1.1242762490717109,1.1011625810252208,0.02311366804649002
2024-03-18,439,1.0385138026375278,1.0175931240020746,0.020920678635453476
2024-03-19,437,1.1183705119829173,1.0884443197576468,0.02992619222527049
2024-03-20,437,1.0681853927301304,1.046020482661592,0.02216491006853855
2024-03-21,437,1.065904909822872,1.0457527944668707,0.02015211535600121
2024-03-22,436,0.9975665137255493,0.9779447307366368,0.019621782988912463
2024-03-25,429,0.982320051164183,0.9631138646753411,0.019206186488841828
2024-03-26,428,1.0795289541366637,1.0605212751138406,0.0190076790228231
2024-03-27,450,1.226826605329086,1.1978349442235836,0.028991661105502265
2024-03-28,452,1.5303351928838946,1.5032420831615911,0.02709310972230323
2024-04-01,453,1.5325122195070446,1.5312026718429397,0.001309547664104966
2024-04-02,454,1.4515706717334897,1.426199711152198,0.02537096058129173
2024-04-03,457,1.5348290693431619,1.5315713048486168,0.0032577644945449937
2024-04-04,458,1.393903002048102,1.3782396863925783,0.015663315655523837
2024-04-05,456,1.5929915619319333,1.6127399533694653,-0.019748391437531945
2024-04-08,459,1.4653184388408045,1.4826469941395,-0.017328555298695716
2024-04-09,462,1.3497753691201702,1.3475074549678645,0.0022679141523055703
2024-04-10,462,1.1936116668345367,1.188904018639943,0.004707648194593745
2024-04-11,464,1.3255042513793054,1.3268147160826642,-0.001310464703358763
2024-04-12,470,1.1998022886713668,1.1764566511107672,0.02334563756059949
2024-04-15,466,1.2843319823799801,1.2495642881006963,0.034767694279284014
2024-04-16,457,1.3519792985800227,1.3296319638010599,0.022347334778962846
2024-04-17,455,1.327271098049573,1.308353484418839,0.018917613630734183
2024-04-18,458,1.475686471580485,1.4549777095313854,0.02070876204909959
2024-04-19,455,1.6163107661380853,1.5918549270832645,0.024455839054820946
2024-04-22,452,1.679079548112704,1.6511579125952096,0.02792163551749452
2024-04-23,452,1.4997729766062453,1.480501164565018,0.01927181204122724
2024-04-24,452,1.449091996794952,1.4451214536601984,0.003970543134753708
2024-04-25,440,1.4455909407605072,1.4450932624888673,0.0004976782716400275
2024-04-26,430,1.447631033183467,1.4567370228518575,-0.009105989668390343
2024-04-29,432,1.3127870783647437,1.3197144582559586,-0.006927379891214778
2024-04-30,429,1.5667596745229224,1.5679133980833408,-0.0011537235604183328
2024-05-01,422,1.7823255786010668,1.781933093190538,0.00039248541052888544
2024-05-02,408,1.4566726059163004,1.4571128435686516,-0.00044023765235114116
2024-05-03,407,1.3123177123794543,1.30746212926607,0.004855583113384558
2024-05-06,407,1.209762963985655,1.218708860267964,-0.00894589628230909
2024-05-07,407,1.1489889534113804,1.1422258229136888,0.0067631304976914774
2024-05-08,406,1.1660541229479255,1.1506036161694027,0.015450506778522916
2024-05-09,408,1.1512107393216742,1.1383518238584966,0.012858915463177528
2024-05-10,411,1.2466877835420664,1.2242761782695475,0.022411605272518974
2024-05-13,415,1.342895662946038,1.3189775873291025,0.023918075616935448
2024-05-14,423,1.4520614517049855,1.4239902167893104,0.028071234915675085
2024-05-15,427,1.4845230979220225,1.4685031083615905,0.016019989560432053
2024-05-16,425,1.2200317871437902,1.2147735837628684,0.005258203380921879
2024-05-17,417,1.3550531441268867,1.3490751043197224,0.00597803980716423
2024-05-20,414,1.3627881731833107,1.3697949259431064,-0.007006752759795789
2024-05-21,415,1.2670347943608042,1.2516332235219239,0.015401570838880456
2024-05-22,414,1.2372002666360846,1.2219466310206146,0.015253635615470093
2024-05-23,407,1.1556351069238657,1.152166698374957,0.0034684085489089375
2024-05-24,404,1.0997902089122849,1.1079041598322208,-0.008113950919935909
2024-05-28,403,1.0888310033478015,1.100781141044433,-0.011950137696631528
2024-05-29,401,1.1722524225196427,1.1720991129533018,0.00015330956634093264
2024-05-30,404,1.190099676674809,1.193658405651374,-0.0035587289765647684
2024-05-31,393,1.348139405267821,1.3426658010997066,0.005473604168114543
2024-06-03,400,1.3056423551495937,1.3012026412709532,0.004439713878640485
2024-06-04,399,1.3482504219623748,1.340784881267435,0.007465540694939556
2024-06-05,401,1.094353568421474,1.0976928638654118,-0.0033392954439376904
2024-06-06,400,1.0734237490700886,1.0700924144735988,0.003331334596489728
2024-06-07,415,1.0210414390952318,1.0137611218566818,0.007280317238549853
2024-06-10,425,0.9940135882956462,0.9912115977399074,0.00280199055573876
2024-06-11,425,0.9782860269372764,0.9803468821945225,-0.002060855257246
2024-06-12,428,0.9645446175703877,0.9750535483280908,-0.010508930757703127
2024-06-13,407,1.064482412207365,1.0761057539437229,-0.011623341736357698
2024-06-14,428,1.062457366833049,1.063740250268096,-0.001282883435047124
2024-06-17,435,1.0680198003499481,1.0712231027754258,-0.0032033024254776257
2024-06-18,442,1.076770272389446,1.0737697271377167,0.003000545251729204
2024-06-20,435,1.051530117409057,1.0474954275520894,0.004034689856967686
2024-06-21,433,1.0381284244791904,1.0243678009683606,0.01376062351082967
2024-06-24,432,1.1841263936075104,1.1605260515791835,0.023600342028326796
2024-06-25,426,1.0645154808352957,1.053558943305725,0.01095653752957046
2024-06-26,424,1.1023418028375047,1.085495349224178,0.016846453613326616
2024-06-27,424,1.1686664303289194,1.159077665341282,0.009588764987637256
2024-06-28,439,1.1734812643204453,1.1581181027587182,0.01536316156172698
2024-07-01,448,1.7562614734687914,1.741895748790347,0.014365724678444313
2024-07-02,449,1.6797459804057988,1.670764071611526,0.008981908794272709
2024-07-03,450,1.6020000960733323,1.6030024766571465,-0.0010023805838139939
2024-07-05,454,1.5567972028259538,1.5591727455760214,-0.002375542750067477
2024-07-08,456,1.618036977919926,1.6227950265320668,-0.004758048612140709
2024-07-09,459,1.574125393663044,1.5838024301323987,-0.009677036469354836
2024-07-10,464,1.4821207404384025,1.5104052954824592,-0.0282845550440567
2024-07-11,467,1.5330119040682744,1.5535308254069007,-0.020518921338626657
2024-07-12,465,1.6878755562292749,1.70990990892689,-0.022034352697615216
2024-07-15,472,1.652144452602167,1.6735016028022676,-0.02135715020010052
2024-07-16,471,1.816805610774952,1.8696087207396743,-0.05280310996472249
2024-07-17,463,1.438128980099022,1.440571203381358,-0.0024422232823360242
2024-07-18,455,1.7115313726504118,1.7232078808691702,-0.011676508218758515
2024-07-19,457,2.1020568131620894,2.136051978545226,-0.03399516538313671
2024-07-22,456,2.467674408103269,2.5081511882216336,-0.04047678011836482
2024-07-23,454,2.2048990483077224,2.264337374055469,-0.05943832574774659
2024-07-24,450,1.9529268748353072,2.012172013995636,-0.059245139160328385
2024-07-25,450,1.6057606388376708,1.6559959898122194,-0.05023535097454854
2024-07-26,446,1.5749757931150399,1.6281206382280593,-0.053144845113019576
2024-07-29,435,1.6180281054416328,1.6700844091790688,-0.05205630373743583
2024-07-30,434,1.5312462474822452,1.563817807686011,-0.032571560203765386
2024-07-31,436,1.5496185767547008,1.592407727817534,-0.042789151062833125
2024-08-01,426,1.2005188028870337,1.20905189761137,-0.008533094724336348
2024-08-02,414,1.4317622269853847,1.4206660131528333,0.011096213832551285
2024-08-05,411,2.1100708780026913,2.072904522493221,0.037166355509470325
2024-08-06,409,1.6644940318893604,1.6514822653946597,0.013011766494700476
2024-08-07,407,2.0636824726163323,2.029607364136901,0.034075108479431744
2024-08-08,405,1.3300536969468575,1.3356500261935718,-0.00559632924671448
2024-08-09,408,1.5508532381599502,1.5080602296984555,0.04279300846149493
2024-08-12,415,1.6123636334881803,1.5714543289617622,0.04090930452641831
2024-08-13,412,1.337695880008139,1.3013266839962405,0.03636919601189885
2024-08-14,418,1.2268873974123713,1.2007939124435516,0.026093484968819528
2024-08-15,434,1.1595013362164819,1.1513072892501683,0.008194046966313418
2024-08-16,427,1.236792217877286,1.212209309618503,0.024582908258783346
2024-08-19,417,1.1983928791926475,1.2324470932964995,-0.034054214103852
2024-08-20,413,1.2258270774362874,1.2517480344241398,-0.025920956987852132
2024-08-21,413,1.2233662886302514,1.2700094741324934,-0.04664318550224209
2024-08-22,402,1.2874101880781605,1.3346167774290318,-0.0472065893508713
2024-08-23,399,1.366330558668159,1.4361684284047622,-0.06983786973660303
2024-08-26,398,1.389983176974614,1.439503885623628,-0.049520708649013805
2024-08-27,399,1.2575111444357372,1.2663696191216425,-0.008858474685905057
2024-08-28,395,1.2028625918944749,1.1878269968458446,0.015035595048630172
2024-08-29,375,1.209634519427408,1.1724455012797956,0.0371890181476122
2024-08-30,382,1.2632416946100251,1.2363729940519141,0.026868700558111
2024-09-03,392,1.280293582040831,1.2457951727031007,0.0344984093377303
2024-09-04,399,1.2814726973534898,1.2386787805044803,0.0427939168490094
2024-09-05,403,1.5526162744467193,1.5131941517657648,0.03942212268095466
2024-09-06,412,1.7940927511933982,1.752075850069006,0.04201690112439226
2024-09-09,417,1.6734348165696558,1.633681103432154,0.039753713137501805
2024-09-10,422,1.736012263638536,1.6997875058136893,0.03622475782484653
2024-09-11,425,1.4613241677399986,1.423946027019592,0.03737814072040647
2024-09-12,426,1.541286726081575,1.5027220834413362,0.03856464264023887
2024-09-13,443,1.353470792884553,1.313826228099075,0.03964456478547828
2024-09-16,439,1.2218777803590122,1.181067787719805,0.04080999263920735
2024-09-17,437,1.0940608716359774,1.0576496505619122,0.036411221074065185
2024-09-18,436,1.1650523040196243,1.1322969006804213,0.03275540333920285
2024-09-19,437,1.165316454224298,1.1401246354402648,0.025191818784033152
2024-09-20,433,1.1887048667807745,1.1451709376787427,0.04353392910203179
2024-09-23,432,1.1961799929673533,1.1518890828502995,0.04429091011705381
2024-09-24,431,1.074575350758565,1.031924729641732,0.04265062111683295
2024-09-25,429,1.1261395292994953,1.0792652529853446,0.04687427631415081
2024-09-26,424,1.1464157020127057,1.1132820155628966,0.03313368644980931
2024-09-27,427,1.1892382814628628,1.1616605397133908,0.027577741749472074
2024-09-30,447,1.1697119017101916,1.1385387701114615,0.03117313159873005
2024-10-01,451,1.1682485115861057,1.1317708722157813,0.036477639370324506
2024-10-02,453,1.2080963740949262,1.1718922865035903,0.03620408759133591
2024-10-03,454,1.3195613534931783,1.2981442122420936,0.0214171412510847
2024-10-04,458,1.2364132253803544,1.2127977033775885,0.023615522002766103
2024-10-07,459,1.2668259252996934,1.243549236944061,0.023276688355632298
2024-10-08,459,1.172664647764433,1.1478677114694975,0.02479693629493548
2024-10-09,460,1.1671433029656249,1.1508175347410845,0.016325768224540592
2024-10-10,469,1.2375203486664288,1.2169771373257583,0.020543211340670418
2024-10-11,469,1.187303623832864,1.1672306122805896,0.02007301155227431
2024-10-14,468,1.2118845276107708,1.1820943439178324,0.029790183692938337
2024-10-15,474,1.270958079172204,1.2255851382510359,0.04537294092116798
2024-10-16,474,1.3963219645226352,1.3604528619338383,0.0358691025887969
2024-10-17,467,1.636643722203911,1.631989377529205,0.004654344674706153
2024-10-18,465,1.6987110533518441,1.682673258282552,0.01603779506929181
2024-10-21,459,1.5686935913353062,1.5559410206329476,0.012752570702358492
2024-10-22,458,1.4295794368395356,1.4202207873734303,0.00935864946610544
2024-10-23,458,2.0927994995092045,2.0857049744934724,0.007094525015732181
2024-10-24,454,1.9905108153175444,1.9879438124399829,0.0025670028775615023
2024-10-25,443,2.119310316010431,2.1540535649963495,-0.034743248985918386
2024-10-28,444,2.2875117884963987,2.3235360294946745,-0.036024240998275475
2024-10-29,438,2.235280986807035,2.2846734579930597,-0.04939247118602436
2024-10-30,429,2.183581797138283,2.225710942349779,-0.04212914521149568
2024-10-31,427,2.1057722875535965,2.137488587885543,-0.031716300331946425
2024-11-01,412,2.089786541946865,2.1063464544888544,-0.016559912541989432
2024-11-04,408,2.217992137560114,2.216400257110151,0.0015918804499629572
2024-11-05,408,2.0542702980169887,2.0505990947752055,0.0036712032417832753
2024-11-06,405,1.6467209107924388,1.688368392897567,-0.0416474821051282
2024-11-07,401,1.5286177262961589,1.5753174935227312,-0.04669976722657219
2024-11-08,407,1.3768204014447618,1.4306001028482123,-0.05377970140345056
2024-11-11,403,1.2578605715139866,1.3073972481412628,-0.04953667662727623
2024-11-12,405,1.2999760901826825,1.3489600153985033,-0.04898392521582057
2024-11-13,410,1.3179171139903463,1.302235126813445,0.01568198717690121
2024-11-14,401,1.315382657470138,1.295617887632674,0.019764769837463683
2024-11-15,405,1.4157930210749532,1.3916646623732618,0.02412835870169138
2024-11-18,413,1.2608379093271116,1.2271192300372367,0.03371867928987507
2024-11-19,410,1.3297255688454923,1.2947943864909472,0.0349311823545449
2024-11-20,407,1.2257009756906188,1.1975871350862575,0.028113840604361333
2024-11-21,399,1.2555237516843352,1.2201080660827996,0.03541568560153551
2024-11-22,396,1.230997494888477,1.2002772640933506,0.030720230795126396
2024-11-25,395,1.2964721491582119,1.2883173948823596,0.008154754275852263
2024-11-26,396,1.3769145725250453,1.3454962102941619,0.03141836223088345
2024-11-27,401,1.4680628782880303,1.4420606928495348,0.026002185438495508
2024-11-29,398,1.6029456985643293,1.5832032835347896,0.019742415029539672
2024-12-02,403,1.6668785013289138,1.6546284512378773,0.012250050091036161
2024-12-03,401,1.6408790150076433,1.6437235174448432,-0.0028445024372001164
2024-12-04,403,2.211911577307823,2.2710840494882976,-0.05917247218047464
2024-12-05,410,2.192206776735426,2.2465057654489997,-0.05429898871357367
2024-12-06,417,1.7678314642712287,1.7996055500832482,-0.031774085812019376
2024-12-09,426,1.6270518570244745,1.6363907136059526,-0.009338856581477971
2024-12-10,431,1.357683455816828,1.351750972494863,0.005932483321964777
2024-12-11,430,1.2893676333463902,1.2855783316396199,0.003789301706770465
2024-12-12,423,1.2943536515896643,1.2882753170607453,0.006078334528918847
2024-12-13,441,1.3453189395222325,1.351573476699531,-0.0062545371772986524
2024-12-16,436,1.2507815364720198,1.2643538759235968,-0.013572339451577119
2024-12-17,432,1.2044555749434434,1.196601782718177,0.007853792225266464
2024-12-18,429,0.9870366149880291,0.9512531628491615,0.035783452138867515
2024-12-19,427,1.060119288606486,1.0138676894901533,0.046251599116332844
2024-12-20,433,1.0670771338466023,1.0364288201312373,0.03064831371536499
2024-12-23,434,0.9901721936534319,0.9668338597294184,0.023338333924013504
2024-12-24,424,1.3463726178618554,1.3253427479661102,0.02102986989574536
2024-12-26,427,1.3079295751851865,1.2852451029123908,0.022684472272795693
2024-12-27,432,1.2244134288777102,1.1982836172722682,0.026129811605441994
2024-12-30,431,1.297175206281486,1.2660449274988406,0.031130278782645477
2024-12-31,448,1.4303920896737716,1.4042078431515392,0.026184246522232196
2025-01-02,454,1.5043132832310406,1.4844681582811659,0.01984512494987484
2025-01-03,457,1.5470136676876747,1.5187101964224385,0.02830347126523592
2025-01-06,457,1.485347871127193,1.4552794153554325,0.03006845577176033
2025-01-07,459,1.6620067376257865,1.6307976368062325,0.031209100819554105
2025-01-08,457,1.5233423135021495,1.4789774828833657,0.044364830618783734
2025-01-10,466,1.9130302121051372,1.8875515477392593,0.025478664365878152
2025-01-13,467,1.6158856436160205,1.5931840465972014,0.022701597018819353
2025-01-14,468,1.4177407685444967,1.3926746751957448,0.025066093348752
2025-01-15,471,1.4722316363400827,1.4373607458874458,0.03487089045263677
2025-01-16,465,1.3380348455615065,1.3150426941958813,0.022992151365625338
2025-01-17,459,1.4044512428598577,1.3997287567384602,0.004722486121397646
2025-01-21,461,1.4574639327866885,1.4639248778611236,-0.006460945074435206
2025-01-22,462,1.4915748047255513,1.5051056199562216,-0.013530815230670429
2025-01-23,463,1.5626167028088735,1.5813396973630836,-0.01872299455420958
2025-01-24,454,1.5831329633641427,1.6114996007833102,-0.0283666374191674
2025-01-27,447,1.7087817055587646,1.700903399100963,0.007878306457801366
2025-01-28,445,1.5687474990510015,1.5677472264613583,0.0010002725896433194
2025-01-29,442,1.616717894323959,1.6174157610266782,-0.0006978667027193445
2025-01-30,442,1.692613149498934,1.7115879756992887,-0.01897482620035473
2025-01-31,422,1.7813702057601872,1.7954373267045471,-0.014067120944359742
2025-02-03,419,1.8592227095648843,1.8443347101760383,0.014887999388845878
2025-02-04,417,1.7685822631938684,1.7556623467582144,0.012919916435653883
2025-02-05,414,1.709358735956249,1.7117585828434285,-0.0023998468871794542
2025-02-06,404,1.7390929537431257,1.8154133771811325,-0.07632042343800674
2025-02-07,407,1.7029134308752454,1.799010047564063,-0.09609661668881765
2025-02-10,410,1.7684050629305281,1.8783482708842207,-0.1099432079536928
2025-02-11,407,1.493921453563729,1.5719141748568606,-0.07799272129313183
2025-02-12,408,1.6033849220241188,1.7055709372886074,-0.10218601526448876
2025-02-13,392,1.5561701688289102,1.660673868743778,-0.10450369991486799
2025-02-14,402,2.004012741272362,2.176366855727388,-0.17235411445502574
2025-02-18,411,2.24666046123115,2.444506799027262,-0.19784633779611227
2025-02-19,406,2.005871155080192,2.164934787216455,-0.15906363213626265
2025-02-20,405,2.1751884704703626,2.377131433454571,-0.2019429629842082
2025-02-21,398,1.7896910837257225,1.9169634527035655,-0.12727236897784303
2025-02-24,387,2.2344639916512663,2.3964747550000514,-0.16201076334878503
2025-02-25,388,2.0435491707078794,2.144864971470745,-0.10131580076286562
2025-02-26,386,2.019657660432204,2.1133390700072265,-0.09368140957502234
2025-02-27,385,2.2432705000951536,2.323111482514684,-0.07984098241953032
2025-02-28,373,2.0019834408209016,2.070593872663342,-0.06861043184244006
2025-03-03,382,1.5679193005010883,1.5688179536746598,-0.0008986531735713103
2025-03-04,380,1.432698324230524,1.4702241390306778,-0.03752581480015384
2025-03-05,386,1.3795348474789975,1.395206691255989,-0.015671843776991625
2025-03-06,386,1.3474802454495722,1.3415105089172656,0.005969736532306828
2025-03-07,399,1.4122673016884268,1.4011094545583753,0.011157847130051825
2025-03-10,417,1.6785651431395108,1.6242684137355126,0.054296729403998094
2025-03-11,419,1.5157982437560362,1.468136069232243,0.047662174523793115
2025-03-12,426,1.2167233961114623,1.2053852486650596,0.01133814744640278
2025-03-13,430,1.3179948674008701,1.289253145097651,0.02874172230321915
2025-03-14,455,1.0423234480342174,1.0757346366854474,-0.03341118865122995
2025-03-17,442,1.1234301700447153,1.1700792702422695,-0.04664910019755394
2025-03-18,442,1.1438656375606007,1.1466881027042544,-0.002822465143653596
2025-03-19,442,1.1001870058443144,1.1061653887186633,-0.005978382874348971
2025-03-20,443,2.122677966264654,2.2648261682576707,-0.14214820199301664
2025-03-21,441,3.4651223183182247,3.7516841437041855,-0.28656182538596053
2025-03-24,439,4.194705621704291,4.482228613114951,-0.28752299141066073
2025-03-25,441,4.868143754882894,5.189103885338933,-0.3209601304560394
2025-03-26,440,2.0749429178614562,2.12381915294263,-0.048876235081173273
2025-03-27,432,3.1090712950160118,3.2183441151961882,-0.10927282018017624
2025-03-28,435,2.3502372955070423,2.400091801378172,-0.04985450587112985
2025-03-31,457,2.2081549286373927,2.2525457564425655,-0.04439082780517305
2025-04-01,460,2.2405496280360335,2.2954174136894925,-0.05486778565345896
2025-04-02,460,2.826232631771527,2.9326822474633856,-0.1064496156918582
2025-04-03,458,1.4508708551373846,1.444679799568398,0.006191055568986641
2025-04-04,460,1.4357536313124883,1.4550048508134736,-0.019251219500985284
2025-04-07,461,1.7533344202063499,1.7377909565474667,0.015543463658883103
2025-04-08,459,2.5007411881260415,2.4232032990828127,0.07753788904322885
2025-04-09,460,1.3918830530557131,1.4892702302496252,-0.09738717719391193
2025-04-10,467,1.9092269335706908,1.8877035306310959,0.02152340293959506
2025-04-11,469,1.7300973079758522,1.6865941700882787,0.0435031378875737
2025-04-14,469,1.6517695163441488,1.6126101035667235,0.0391594127774252
2025-04-15,463,1.6536666433494172,1.6262577413498367,0.027408901999580196
2025-04-16,460,2.011775102466241,1.855459425351506,0.156315677114735
2025-04-17,462,2.2684645100608094,2.200762566089943,0.06770194397086628
2025-04-21,460,2.787517255054641,2.735814940788041,0.05170231426659979
2025-04-22,460,2.072895503765364,1.9710698071131194,0.10182569665224454
2025-04-23,461,1.8793281726872206,1.7642311194651585,0.11509705322206208
2025-04-24,460,1.6440888774199303,1.5289477617724054,0.11514111564752466
2025-04-25,451,1.6219360363002058,1.5023624961562292,0.11957354014397682
2025-04-28,443,2.171843113269451,2.081485851977896,0.09035726129155497
2025-04-29,441,2.382653321724415,2.3004283854963177,0.08222493622809696
2025-04-30,443,2.4672234384549445,2.382511243623399,0.08471219483154582
2025-05-01,435,2.303141221729299,2.2657537808077435,0.03738744092155522
2025-05-02,421,1.994859084742743,1.8767148093120887,0.11814427543065427
2025-05-05,413,2.000001576784774,1.8870975906252183,0.11290398615955563
2025-05-06,412,2.0415082960624678,1.9327244030533577,0.10878389300911001
2025-05-07,408,1.6380552999896913,1.5327249760124206,0.10533032397727095
2025-05-08,403,1.5692797975655057,1.4748861541574545,0.09439364340805136
2025-05-09,400,1.5243487475763189,1.4062252483334579,0.11812349924286103
2025-05-12,402,1.4644237493687773,1.3595103734588538,0.10491337590992349
2025-05-13,401,1.4104875246328823,1.3105949150369673,0.09989260959591499
2025-05-14,404,1.4377566161337842,1.3423507137057444,0.09540590242803959
2025-05-15,398,1.3964995290667621,1.3023505343875539,0.09414899467920801
2025-05-16,398,1.444126046775546,1.3587802388176116,0.08534580795793441
2025-05-19,409,1.3964656198806291,1.256541127984247,0.13992449189638206
2025-05-20,405,1.4016229627593861,1.252144717088691,0.14947824567069506
2025-05-21,407,1.4642775068957412,1.3306467202003651,0.133630786695376
2025-05-22,399,1.5575239556511071,1.4212248111969314,0.1362991444541759
2025-05-23,405,1.5957386555528958,1.4512819837375521,0.14445667181534388
2025-05-27,402,1.5108552755567528,1.3540714345470015,0.15678384100975123
2025-05-28,403,1.5388395681269502,1.3882950116606947,0.1505445564662555
2025-05-29,406,1.5065284736097593,1.358151421499207,0.1483770521105522
2025-05-30,400,1.5217224692744895,1.3714176916070477,0.15030477766744185
2025-06-02,404,1.6251771275177582,1.4782866674226816,0.1468904600950768
2025-06-03,402,1.4809024973759943,1.3169081238966989,0.16399437347929582
2025-06-04,401,1.507531235357892,1.354061645080199,0.15346959027769302
2025-06-05,402,1.4908494954838278,1.3357883579282235,0.15506113755560413
2025-06-06,412,1.4062324715190353,1.252582715129148,0.1536497563898872
2025-06-09,419,1.4149453503966163,1.2608276284392097,0.1541177219574065
2025-06-10,427,1.4147035306914129,1.2618541086870607,0.1528494220043522
2025-06-11,427,1.490320007055827,1.3500557460430296,0.1402642610127971
2025-06-12,422,1.5028802051577754,1.3741683176071466,0.12871188755062896
2025-06-13,427,1.720395689577767,1.645853983314903,0.07454170626286388
2025-06-16,433,1.5502196182122145,1.4225212468243693,0.12769837138784532
2025-06-17,436,1.926116441497979,1.830874812959364,0.0952416285386151
2025-06-18,435,1.9581538484121073,1.8664885435048488,0.09166530490725833
2025-06-20,433,1.7795311845810267,1.666888030187865,0.11264315439316154
2025-06-23,434,1.7015790854366437,1.5909546804095087,0.11062440502713507
2025-06-24,435,1.6271603381161142,1.4903885834208965,0.13677175469521752
2025-06-25,429,1.8297799211411052,1.7446988519893678,0.08508106915173755
2025-06-26,430,1.5949568453066383,1.4725084084286457,0.12244843687799244
2025-06-27,436,1.5100719128313174,1.3653359650218702,0.14473594780944704
2025-06-30,450,1.4177820891445547,1.2599281026971643,0.15785398644739043
2025-07-01,458,1.38816804290991,1.2388926450497402,0.1492753978601698
2025-07-02,459,1.3327073008479842,1.1900076719181956,0.14269962892978857
2025-07-03,462,1.3325467190126252,1.1954419457114325,0.13710477330119275
2025-07-07,463,1.3118385587313819,1.213320302958934,0.09851825577244785
2025-07-08,463,1.3831078708252234,1.3181404731040969,0.06496739772112627
2025-07-09,463,1.3923254830139358,1.3219021087390823,0.07042337427485335
2025-07-10,470,1.3876751186429725,1.3330224614408854,0.05465265720208711
2025-07-11,469,1.4486707342956886,1.4451758137825037,0.003494920513184813
2025-07-14,470,1.3580023474277687,1.349553057653684,0.008449289774084746
2025-07-15,475,1.5254057911184342,1.5241160769180189,0.0012897142004153759
2025-07-16,473,1.5041023343411424,1.4971313773279242,0.006970957013217928
2025-07-17,464,1.5560653148977786,1.5458632169143323,0.01020209798344623
2025-07-18,462,1.5829812101476737,1.5742579595196364,0.008723250628037523
2025-07-21,463,1.7407085066375996,1.7437725906848618,-0.0030640840472623714
2025-07-22,462,1.7974755281835084,1.801616499667319,-0.004140971483810635
2025-07-23,462,1.8768619558346638,1.8771207043505111,-0.0002587485158473047
2025-07-24,460,1.8174790759996944,1.8173223387562984,0.00015673724339588946
2025-07-25,454,1.9054401839613824,1.9225511613772792,-0.017110977415896757
2025-07-28,447,1.9360602338245314,1.949613163071546,-0.013552929247014747
2025-07-29,445,1.814513020032477,1.8190333777397543,-0.004520357707277287
2025-07-30,440,1.7248020137966449,1.7351507456051443,-0.01034873180849934
2025-07-31,439,1.6196609531177841,1.6315825274582654,-0.011921574340481182
2025-08-01,425,1.610955915421849,1.6145372390169472,-0.0035813235950981305
2025-08-04,415,1.4844899260195812,1.4908890600139784,-0.006399133994397165
2025-08-05,413,1.4529799470457223,1.4606190818115592,-0.007639134765836956
2025-08-06,408,1.4357940939775182,1.446255749375196,-0.010461655397677629
2025-08-07,406,1.3208046357462147,1.3201089776329356,0.0006956581132790489
2025-08-08,408,1.5722204241475304,1.5739991678143082,-0.001778743666777623
2025-08-11,410,1.5201683370936787,1.516433887496101,0.0037344495975775746
2025-08-12,410,1.3053345857004381,1.3081905217494891,-0.0028559360490510674
2025-08-13,417,1.1769036668039299,1.1798358947775651,-0.0029322279736352227
2025-08-14,424,1.2242104413865564,1.213964683108976,0.01024575827758025
2025-08-15,429,1.262773275255225,1.2596731149033564,0.003100160351868595
2025-08-18,418,1.2846944934333837,1.296306700350949,-0.011612206917565218
2025-08-19,416,1.2751185632707105,1.2628642897349727,0.01225427353573791
2025-08-20,414,1.41891049751973,1.398928105750981,0.019982391768749042
2025-08-21,401,1.4713380533372185,1.448825036640027,0.022513016697191413
2025-08-22,403,1.4125732585304638,1.3867613672120327,0.025811891318431035
2025-08-25,403,1.381035359438839,1.3650450042039073,0.015990355234931707
2025-08-26,398,1.3490150687281528,1.3403795759675943,0.008635492760558746
2025-08-27,394,1.378291544902406,1.3779783474147334,0.00031319748767274055
2025-08-28,389,1.3394243142392572,1.3351144861174755,0.004309828121781921
2025-08-29,383,1.5603472698007688,1.530455554924047,0.029891714876721834
2025-09-02,399,1.5197405550195173,1.4880064739683294,0.031734081051188065
2025-09-03,404,1.422475007900725,1.3903503537025028,0.03212465419822226
2025-09-04,409,1.4790978024232435,1.443904090980623,0.03519371144262073
2025-09-05,425,1.484587088963964,1.450920922340543,0.03366616662342104
2025-09-08,425,1.5246216335481362,1.5024152038857634,0.022206429662372518
2025-09-09,430,1.4404327662874392,1.411497237562771,0.028935528724668112
2025-09-10,437,1.273534628620635,1.2485094512111163,0.02502517740951853
2025-09-11,438,1.3529205619178337,1.3239569906636957,0.02896357125413785
2025-09-12,441,1.2814974926017642,1.2568882091383653,0.024609283463398683
2025-09-15,463,1.238127127984142,1.2183251525146044,0.019801975469537613
2025-09-16,447,1.3355505585107574,1.3175020103600894,0.018048548150667924
2025-09-17,441,1.5013501036846364,1.4787834383812402,0.02256666530339615
2025-09-18,441,1.3672309220953078,1.3417616633277967,0.025469258767511094
2025-09-19,434,1.4083658283901188,1.3866767124900774,0.021689115900041186
2025-09-22,437,1.4224412502273833,1.394622481856685,0.027818768370698424
2025-09-23,435,1.3598591487002007,1.3338091017100813,0.02605004699011969
2025-09-24,436,1.4362979302808239,1.4102351898479644,0.02606274043285959
2025-09-25,435,1.482518421918607,1.4573203913371038,0.025198030581503
2025-09-26,432,1.5255026493290909,1.4911665858076186,0.03433606352147247
2025-09-29,434,1.4079037433445247,1.3674695234819656,0.04043421986255934
2025-09-30,455,1.2307261762511628,1.1924597473960319,0.03826642885513102
2025-10-01,459,1.209384309694613,1.1810686676148936,0.0283156420797196
2025-10-02,461,1.3296448480206893,1.2940366174518323,0.03560823056885698
2025-10-03,465,1.270219852675437,1.2405075393262868,0.02971231334915007
2025-10-06,465,1.1752385623723536,1.145968410623111,0.02927015174924278
2025-10-07,466,1.1700312588130535,1.1407709085441278,0.02926035026892593
2025-10-08,463,1.166527189619935,1.141718230629694,0.02480895899024071
2025-10-09,466,1.2292436182812974,1.2088923758038823,0.020351242477415085
2025-10-10,472,1.617833788629206,1.5929707018223118,0.024863086806894245
2025-10-13,471,1.5079072435637955,1.4777738446463877,0.030133398917407905
2025-10-14,473,1.518618434627851,1.4789791719064138,0.03963926272143725
2025-10-15,476,1.6673923073038295,1.618348202740078,0.04904410456375175
2025-10-16,475,1.6281617543501055,1.6062058848967067,0.02195586945339902
2025-10-17,469,1.7055774034365652,1.6713952267815875,0.034182176654977796
2025-10-20,464,1.8409644405020968,1.8069166959437495,0.0340477445583476
2025-10-21,462,1.7558182609727162,1.740380722770146,0.015437538202570381
2025-10-22,461,1.8985178321625962,1.8762972191413576,0.0222206130212388
2025-10-23,462,1.9590327492210107,1.9583498295072106,0.0006829197138001797
2025-10-24,454,1.7929603848057394,1.805660694814353,-0.012700310008613689
2025-10-27,445,1.9018365944864684,1.9122383169665262,-0.010401722480057813
2025-10-28,446,1.8016471177848168,1.8245660269443083,-0.022918909159491473
2025-10-29,441,1.6997585966975592,1.715315229801299,-0.015556633103739692
2025-10-30,433,1.5138362879389133,1.5399754928111642,-0.02613920487225076
2025-10-31,421,1.5039913000376393,1.5289651022084605,-0.024973802170820937
2025-11-03,410,1.595186591765152,1.6329193934838262,-0.037732801718674144
2025-11-04,408,1.482008318364662,1.5083025605826186,-0.026294242217956575
2025-11-05,404,1.4315543541766451,1.4514128340197585,-0.0198584798431134
2025-11-06,398,1.4642138438715302,1.4967186409199866,-0.032504797048456054
2025-11-07,401,1.355566971187347,1.3863770077616766,-0.030810036574329635
2025-11-10,405,1.322577964682646,1.3358861830657611,-0.013308218383115258
2025-11-11,400,1.2733010174753305,1.2707852221657858,0.00251579530954483
2025-11-12,403,1.231089469022987,1.2161778981869262,0.01491157083606078
2025-11-13,400,1.2799827326478064,1.2542944386198644,0.02568829402794194
2025-11-14,402,1.2695084253755486,1.2484616406431273,0.021046784732421338
2025-11-17,415,1.4868039220684566,1.4647999758404313,0.02200394622802521
2025-11-18,413,1.7599087473063784,1.7396935124351853,0.02021523487119281
2025-11-19,415,1.7470698424462727,1.7268510641560726,0.020218778290200225
2025-11-20,401,2.287471270588462,2.268305250710836,0.019166019877626075
2025-11-21,404,1.8365900189782074,1.811439502876826,0.025150516101381516
2025-11-24,407,1.7661778950428737,1.725491744462555,0.04068615058031839
2025-11-25,406,1.8784610008389577,1.838047147789026,0.040413853049931635
2025-11-26,408,1.8157225022635912,1.773176593725666,0.04254590853792504
2025-11-28,412,1.5924291071803898,1.5600129925982742,0.03241611458211558
2025-12-01,410,1.5568919146847382,1.541384912691312,0.015507001993426283
2025-12-02,408,1.4799486137194482,1.4584307128113392,0.02151790090810926
2025-12-03,410,1.3642719551629467,1.3525375545660907,0.011734400596855776
2025-12-04,412,1.3555689498379362,1.3430888156487724,0.012480134189163545
2025-12-05,427,1.3181547997316636,1.2952302160588096,0.022924583672854205
2025-12-08,429,1.3956080714247707,1.3754186555195689,0.02018941590520173
2025-12-09,430,1.302452777282267,1.289102321152067,0.01335045613019988
2025-12-10,435,1.2055390782400213,1.1972461195357644,0.008292958704256883
2025-12-11,429,1.0607821237447994,1.052607759599901,0.008174364144898484
2025-12-12,433,1.002947040107308,0.9910489687728304,0.011898071334477399
2025-12-15,454,0.9431381631910194,0.9256865476786094,0.017451615512410066
2025-12-16,443,0.933449161179071,0.9206235519451313,0.012825609233939496
2025-12-17,430,1.105110724178435,1.0730637955916122,0.03204692858682289
2025-12-18,431,1.2137038964880318,1.1849457131100467,0.028758183377985202
2025-12-19,432,1.2831794640649468,1.2668449439596896,0.016334520105257128
2025-12-22,434,1.128870152525954,1.1015515946408143,0.027318557885139635
2025-12-23,436,1.2484808627825132,1.2372381167746263,0.01124274600788689
2025-12-24,430,1.3901915787570582,1.3752516055575392,0.014939973199519136
2025-12-26,434,1.4252376207612363,1.4076063827846454,0.017631237976590695
2025-12-29,438,1.5918563188197354,1.577312765156017,0.014543553663718513
2025-12-30,439,1.7579414662868473,1.7633007069775073,-0.005359240690659738
2025-12-31,453,2.061545371072979,2.0894718742998597,-0.027926503226880606
2026-01-02,464,1.724661012493927,1.7229308916631096,0.0017301208308171333
2026-01-05,461,1.5385151970289992,1.5301640078397434,0.008351189189255799
2026-01-06,463,1.626413567610464,1.6146860433141492,0.01172752429631488
2026-01-07,462,1.7411712691174626,1.7281408154570332,0.013030453660429332
2026-01-08,458,1.554543224218954,1.537877842999525,0.016665381219428874
2026-01-09,465,1.440292848410329,1.4274606944058623,0.012832154004467031
2026-01-12,469,1.571374908340304,1.5528863555734578,0.01848855276684618
2026-01-13,467,1.4902975930396267,1.4825293704142148,0.007768222625411936
2026-01-14,466,1.571013960767363,1.5681044666433646,0.0029094941239984143
2026-01-15,461,1.509067352337826,1.5099491763266186,-0.000881823988792311
2026-01-16,463,1.5540108279095874,1.5542170338361039,-0.00020620592651648338
2026-01-20,466,1.988532746381663,1.997626947166483,-0.009094200784819671
2026-01-21,465,2.097711532923964,2.108511847988951,-0.01080031506498757
2026-01-22,465,2.413680576731264,2.443969217805568,-0.030288641074304533
2026-01-23,462,2.6338927701063906,2.6521026000009233,-0.01820982989453318
2026-01-26,456,2.619773574429549,2.63232052460459,-0.012546950175040832
2026-01-27,451,2.5300647896879718,2.5349334657614193,-0.004868676073447495
2026-01-28,449,2.955024268271613,2.9819441320752547,-0.026919863803641614
2026-01-29,449,2.7905588155960124,2.810859817938013,-0.020301002342000652
2026-01-30,434,2.7311377461166195,2.7275716982897706,0.0035660478268483365
2026-02-02,422,2.6437956188338507,2.6220969170466235,0.02169870178722725
2026-02-03,418,1.9325580159476203,1.9270101068110121,0.005547909136608408
2026-02-04,415,1.8459373293996668,1.8382398966775404,0.007697432722126527
2026-02-05,409,1.9283831919517402,1.9167355883144495,0.0116476036372909
2026-02-06,408,1.9194582381760648,1.9186337958366606,0.0008244423394039462
2026-02-09,409,1.8992403652658336,1.918226351656833,-0.018985986390999663
2026-02-10,407,1.8161211473131458,1.8307295289126764,-0.014608381599530488
2026-02-11,410,1.5560032759852218,1.569400512541834,-0.013397236556612254
2026-02-12,394,1.8279600983155446,1.842073693299603,-0.014113594984058066
2026-02-13,400,1.6784938022880294,1.7008684198119095,-0.02237461752388023
2026-02-17,414,1.5950771945791782,1.6274954185428192,-0.03241822396364108
2026-02-18,412,1.575103251347001,1.5913045327580888,-0.01620128141108791
2026-02-19,410,1.5543101668912418,1.5558262259578846,-0.001516059066642728
2026-02-20,397,1.9108194880994094,1.9224399899028577,-0.011620501803448128
2026-02-23,393,1.8425232352918226,1.8307468983009525,0.011776336990870079
2026-02-24,384,1.75801340850522,1.7469430172750127,0.011070391230207295
2026-02-25,383,1.8051551642028252,1.7875626449530555,0.017592519249769546
2026-02-26,383,2.2729118244457225,2.274798561447616,-0.0018867370018932701
2026-02-27,380,2.2050835854611375,2.209180296130595,-0.004096710669457251
2026-03-02,383,1.9025173913314462,1.9069265606494705,-0.004409169318024233
2026-03-03,378,1.671618524144646,1.6599241447753679,0.011694379369278014
2026-03-04,385,1.9145055070918993,1.9170362240599557,-0.0025307169680562386
2026-03-05,389,1.8196484564099598,1.8230057655972494,-0.003357309187289365
2026-03-06,406,1.7658785585859929,1.7564975998487673,0.009380958737225558
2026-03-09,416,1.5653877527623732,1.5467076513271232,0.018680101435250163
2026-03-10,427,1.5930920297011413,1.5757742998088984,0.017317729892242967
2026-03-11,432,1.4103012104779642,1.3821469092999978,0.028154301177966374
2026-03-12,433,1.356436188533056,1.3259596769784832,0.030476511554572917
2026-03-13,450,1.4669956396255799,1.4513068972154828,0.01568874241009708
2026-03-16,463,1.4867157287451243,1.490175190471625,-0.0034594617265008005
2026-03-17,449,1.284627803520812,1.267317933479639,0.017309870041172928
2026-03-18,444,1.2734800975712186,1.2491509627676383,0.02432913480358027
2026-03-19,438,1.2883690115302187,1.2575151341645656,0.030853877365652878
2026-03-20,438,1.4479235761096667,1.403437694860053,0.04448588124961371
2026-03-23,437,1.362543473319205,1.3353053541966768,0.027238119122528184
2026-03-24,440,1.5907772376391711,1.552241139400658,0.03853609823851272
2026-03-25,437,1.7066877657155315,1.6760629948605845,0.03062477085494675
2026-03-26,432,2.0391266999669417,2.010029300618711,0.02909739934823061
2026-03-27,436,2.5038048693702084,2.465871385875801,0.037933483494406846
2026-03-30,436,3.001173757575026,2.969398544569145,0.031775213005880966
2026-03-31,454,2.1254636195525265,2.0694353512360553,0.056028268316471376
2026-04-01,458,1.943253421184348,1.8843961580298723,0.05885726315447606
2026-04-02,464,2.3186704147176576,2.2628583798153445,0.05581203490231313
2026-04-06,464,2.2990828781301254,2.255216717333855,0.043866160796270155
2026-04-07,466,2.2392195014802554,2.2001872385027443,0.039032262977510813
2026-04-08,462,1.7558054317725011,1.708353156235666,0.047452275536835106
2026-04-09,467,1.7549080962333523,1.7067352792123984,0.048172817020953745
2026-04-10,472,1.9202099429114328,1.881485648511731,0.038724294399701716
2026-04-13,472,1.6726329723441118,1.6372942694879795,0.0353387028561323
2026-04-14,473,1.606469823791413,1.5763684963559321,0.03010132743548094
2026-04-15,476,1.8491980586485304,1.8415463428217682,0.007651715826762146
2026-04-16,471,1.8779073465146308,1.862027879150091,0.015879467364539705
2026-04-17,469,1.9524918889808982,1.9366286528664998,0.015863236114398195
2026-04-20,466,2.053433134562504,2.04335839695412,0.010074737608383538
2026-04-21,463,2.0079669856391025,2.001233186181885,0.006733799457217388
2026-04-22,466,2.0964467860599885,2.092261402966893,0.004185383093095372
2026-04-23,465,2.0374726774999012,2.01289912305835,0.02457355444155093
2026-04-24,452,2.2106695309311513,2.1850949599045584,0.02557457102659297
2026-04-27,447,2.3962757177546585,2.38708440997207,0.009191307782588608
2026-04-28,444,2.311039162716076,2.291096081899817,0.019943080816258785
2026-04-29,439,2.367546259297849,2.35504835746111,0.01249790183673861
2026-04-30,439,2.173990395494093,2.161405183834893,0.012585211659200186
2026-05-01,419,2.0417416245662348,2.0349737498380973,0.0067678747281372685
2026-05-04,414,1.8116227867955483,1.7900267091243132,0.021596077671234854
2026-05-05,414,1.7147686204707706,1.7037270181898372,0.01104160228093316
2026-05-06,409,1.6228205943609724,1.5995693386732674,0.023251255687704787
2026-05-07,405,1.4904866290254892,1.4533864800903598,0.037100148935129446
2026-05-08,399,1.4439545412275983,1.4069160136759555,0.03703852755164286
2026-05-11,401,1.4725307600930366,1.4340834598882415,0.03844730020479508
2026-05-12,401,1.5583171119467079,1.5039067996501145,0.05441031229659329
2026-05-13,405,1.840444274064695,1.7918439334419964,0.04860034062269815
2026-05-14,395,2.1115471360843427,2.0664211463617534,0.04512598972258931
2026-05-15,400,2.4762054438446186,2.438133597702098,0.03807184614252061
2026-05-18,409,2.5435180314947425,2.518015967440075,0.02550206405466771
2026-05-19,408,2.6066694939482864,2.5790584204463256,0.027611073501960653
2026-05-20,407,2.2337292451221904,2.199203545738025,0.03452569938416563
2026-05-21,394,1.7284677083259883,1.697840337651498,0.030627370674490277
2026-05-22,408,1.6696647291669178,1.630248628333912,0.039416100833005785
2026-05-26,406,1.6313371008777746,1.6036402329502961,0.02769686792747884
2026-05-27,403,1.5484552915758611,1.539046498376783,0.00940879319907811
2026-05-28,403,1.5024832923403508,1.4792894210925411,0.02319387124780942
2026-05-29,408,1.6411654379894278,1.6377878065840354,0.003377631405392598
2026-06-01,400,1.8684030083861538,1.8803790671063914,-0.011976058720237626
2026-06-02,396,1.7931556948874743,1.827868776590746,-0.034713081703271795
2026-06-03,398,1.7709183016751968,1.800187916992988,-0.02926961531779124
2026-06-04,401,1.7565807978218064,1.765273682147984,-0.0086928843261776
2026-06-05,415,1.9526228273870652,1.9198097170561237,0.0328131103309414
2026-06-08,418,1.719430372716152,1.707986433310698,0.011443939405454101
2026-06-09,421,1.7091527354548648,1.6953246562813855,0.013828079173479182
2026-06-10,424,2.2862460046684214,2.253479283788039,0.03276672088038232
2026-06-11,422,1.8736263642912723,1.8504066751845156,0.02321968910675675
2026-06-12,431,1.9405326461399082,1.928362463201104,0.01217018293880412
2026-06-15,438,1.7882077039190114,1.7899918526378986,-0.001784148718887144
2026-06-16,437,1.7790641452408014,1.7695006810879406,0.009563464152860619
2026-06-17,433,2.194951961152603,2.1895613656717656,0.005390595480837421
2026-06-18,430,2.082343323241886,2.074627121274747,0.007716201967138636
2026-06-22,432,2.3985373158132566,2.4135784195550887,-0.015041103741832304
2026-06-23,433,1.7567738783809321,1.7403793439670805,0.0163945344138517
2026-06-24,432,1.6744142609091834,1.6445242560504785,0.02989000485870474
2026-06-25,428,1.7546061440846639,1.7423801465305995,0.012225997554064524
2026-06-26,432,1.6436236510650089,1.6207659190086507,0.022857732056358035
2026-06-29,435,1.6091717513764696,1.6063048869642054,0.0028668644122642087
2026-06-30,452,1.7295660448469996,1.7371807635414216,-0.007614718694421884
2026-07-01,460,1.6762126446396768,1.6860594973234166,-0.009846852683739742
2026-07-02,463,1.5125898251711694,1.5138027930949705,-0.0012129679238010616
2026-07-06,465,1.5296574629771884,1.547995376006927,-0.018337913029738456
2026-07-07,466,1.4408786745074924,1.4029872665368164,0.03789140797067605
2026-07-08,466,1.417862133758206,1.3867638559721278,0.031098277786078245
2026-07-09,468,1.4799038401657925,1.4717970576931299,0.008106782472662517
2026-07-10,471,1.5252786868916628,1.5201178269497486,0.005160859941914199
2026-07-13,471,1.4818202376742133,1.4522583384182288,0.029561899255984625
2026-07-14,469,2.0176591310587537,2.024666451347447,-0.0070073202886930235
2026-07-15,473,2.1012709263069587,2.1235949607618667,-0.022324034454908156
2026-07-16,471,1.5956809230056945,1.551638681523923,0.04404224148177173
2026-07-17,465,1.6200213521412539,1.571451094969055,0.048570257172198684
2026-07-20,462,1.7844812155497645,1.7241503411614505,0.06033087438831409
2026-07-21,462,2.1217202082129973,2.066566080190323,0.05515412802267404
2026-07-22,462,2.2764963274485015,2.2250294679505775,0.05146685949792363
2026-07-23,463,2.3391920671732778,2.3060769075722645,0.03311515960101312
2026-07-24,459,2.2951783514181168,2.239393668674828,0.055784682743288475
2026-07-27,453,2.1367514487682184,2.0808509066710896,0.055900542097128775
2026-07-28,452,2.0559133517860984,2.005529052846536,0.050384298939562186
2026-07-29,446,2.387468861400028,2.3748155177959407,0.012653343604087194
2026-07-30,441,2.0662401406566793,2.008431134183419,0.057809006473260746
2026-07-31,426,1.961478800615151,1.9006778042076504,0.060800996407500425
2026-08-03,424,1.7633043117814988,1.713386087318407,0.04991822446309156
2026-08-04,419,1.5087828226042759,1.4801948793050008,0.028587943299275134
2026-08-05,410,1.9129948922231121,1.8693631589794104,0.043631733243701905
2026-08-06,405,1.8040059318355617,1.7459816798752559,0.05802425196030575
2026-08-07,405,1.7560762411466744,1.6987835193912877,0.05729272175538666
2026-08-10,405,1.636104060963842,1.5915081337603936,0.04459592720344837
