origin_trading_day,rows,baseline_loss,candidate_loss,loss_delta_baseline_minus_candidate
2020-05-06,463,0.8287296558401902,1.0264207766667193,-0.19769112082652895
2020-05-07,466,0.9362396818327097,1.0979892200920176,-0.16174953825930796
2020-05-08,474,0.7066558638413127,0.7718515989641681,-0.06519573512285531
2020-05-11,474,0.8743263779006446,0.9476698917737806,-0.07334351387313594
2020-05-12,471,0.9119397925216759,0.9691903076772936,-0.05725051515561761
2020-05-13,460,0.7910642940552596,0.8513703645651105,-0.06030607050985097
2020-05-14,466,0.7153664561003584,0.7498362515940732,-0.034469795493714796
2020-05-15,475,1.6623680067246918,1.5662604092823191,0.09610759744237256
2020-05-18,467,0.6672393230990952,0.7005291051442117,-0.033289782045116685
2020-05-19,471,0.7619038112840976,0.8542021658385227,-0.09229835455442512
2020-05-20,469,0.6133887116273963,0.7298840285804329,-0.11649531695303661
2020-05-21,469,0.5714049292262665,0.6537142139163233,-0.08230928469005677
2020-05-22,472,1.1411372778076339,1.074417078974478,0.06672019883315577
2020-05-26,474,0.8634668328130798,0.9655192691110256,-0.10205243629794593
2020-05-27,464,0.7520302985949668,0.777513428766892,-0.025483130171925154
2020-05-28,462,0.6925745400517227,0.793591468116497,-0.1010169280647742
2020-05-29,473,0.699690693061238,0.7746122224584958,-0.07492152939725782
2020-06-01,473,0.6332696296846511,0.6929103169861234,-0.059640687301472255
2020-06-02,474,0.9141193882073541,1.0676065573659523,-0.1534871691585982
2020-06-03,465,0.67953725647468,0.7840021551067898,-0.10446489863210985
2020-06-04,476,1.0751325620378558,1.0045676426404018,0.07056491939745392
2020-06-05,476,0.8476051021750183,0.8613207095093923,-0.013715607334374044
2020-06-08,469,0.739926471775551,0.7459975646210204,-0.006071092845469321
2020-06-09,477,0.7715220259392939,0.8524858414344132,-0.08096381549511934
2020-06-10,463,1.877866747625821,1.798749980504376,0.07911676712144504
2020-06-11,456,0.7997353712442107,0.9757610878538872,-0.1760257166096765
2020-06-12,472,0.6663508085346653,0.7034269467983106,-0.03707613826364529
2020-06-15,476,0.7077080313789927,0.6676584038454205,0.04004962753357222
2020-06-16,479,0.5670691280171587,0.8170855303861504,-0.25001640236899164
2020-06-17,477,0.49380595891601353,0.6198928223849923,-0.12608686346897874
2020-06-18,473,0.610366058707797,0.6271657962916799,-0.016799737583882923
2020-06-19,478,0.5973643492301993,0.6073316833413503,-0.009967334111150953
2020-06-22,478,0.47786875630240444,0.510682560442174,-0.03281380413976955
2020-06-23,478,0.9554979974679482,1.150459097797936,-0.19496110032998779
2020-06-24,476,0.5910582779327084,0.8249433149413499,-0.23388503700864144
2020-06-25,476,0.7305691258327341,1.0723242837587708,-0.3417551579260367
2020-06-26,460,0.6840379922313706,0.8644195709996554,-0.18038157876828467
2020-06-29,470,0.5688409601682184,0.4860012982595905,0.08283966190862796
2020-06-30,475,0.583245951198636,0.6000579504014635,-0.016811999202827478
2020-07-01,473,0.45928597597381626,0.5329764155942535,-0.07369043962043714
2020-07-02,476,0.5597474426666079,0.537398022980935,0.02234941968567294
2020-07-06,477,0.5926945570169976,0.7233643825705152,-0.13066982555351767
2020-07-07,478,0.5181043102067953,0.5385802891514658,-0.020475978944670604
2020-07-08,470,0.6404236836915324,0.8933798262059369,-0.2529561425144046
2020-07-09,477,0.5885153201993724,0.6031769932895569,-0.014661673090184487
2020-07-10,479,0.5513353798787318,0.5619022249632432,-0.010566845084511299
2020-07-13,474,0.6453556018523248,0.8041199172093869,-0.1587643153570622
2020-07-14,477,0.7656083546236228,0.9999551554659752,-0.23434680084235238
2020-07-15,475,0.4338183671091189,0.47546403070573445,-0.041645663596615506
2020-07-16,475,0.48120090326119974,0.5307422537611296,-0.04954135049992987
2020-07-17,479,0.5435092205855832,0.5698080640898426,-0.026298843504259616
2020-07-20,477,0.5176907683344347,0.6464537225847546,-0.1287629542503199
2020-07-21,477,0.4925830602645067,0.5917824147663755,-0.09919935450186883
2020-07-22,475,0.45874775892646247,0.49599641632027147,-0.03724865739380899
2020-07-23,477,0.45032235023348594,0.44341021931348806,0.006912130919997887
2020-07-24,478,0.5239518191591418,0.6199765443279148,-0.09602472516877315
2020-07-27,476,0.5096823863827112,0.5179487743747639,-0.008266387992052648
2020-07-28,479,0.6465367220441407,0.7067510702314476,-0.06021434818730684
2020-07-29,470,0.5370263909232539,0.5209974246565868,0.016028966266666996
2020-07-30,466,0.4675325838591141,0.5420601331416478,-0.07452754928253373
2020-07-31,477,0.5134757760166685,0.5387694651979352,-0.02529368918126661
2020-08-03,478,0.49500201685241185,0.5639053435976767,-0.06890332674526493
2020-08-04,479,0.5458632082956314,0.6108364073961143,-0.06497319910048294
2020-08-05,471,0.5130579702752841,0.5410524551436899,-0.027994484868405795
2020-08-06,470,0.5630886736002829,0.6156032856662137,-0.05251461206593069
2020-08-07,476,0.5970402043633735,0.6418938917122673,-0.04485368734889385
2020-08-10,476,0.4984779677475961,0.5212246695165209,-0.022746701768924814
2020-08-11,476,0.5100018663049302,0.6606677378966541,-0.1506658715917239
2020-08-12,454,0.4058880149634654,0.4342087922919053,-0.02832077732843996
2020-08-13,471,0.3477216365548758,0.38066528692401935,-0.03294365036914364
2020-08-14,475,0.4259812397422191,0.4648128281629263,-0.038831588420707205
2020-08-17,470,0.36783039131231765,0.3878371130195638,-0.020006721707246152
2020-08-18,472,0.36878867808555,0.3835195296260808,-0.014730851540530845
2020-08-19,473,0.4275696908242559,0.42945292856972794,-0.0018832377454720316
2020-08-20,474,0.360105719645616,0.3777905402215984,-0.01768482057598245
2020-08-21,473,0.5538200628788613,0.6497967538982447,-0.09597669101938337
2020-08-24,477,0.36209582231057286,0.4061113355188087,-0.04401551320823583
2020-08-25,477,0.45768363287982955,0.49459039866872717,-0.036906765788897664
2020-08-26,470,0.46091933178778155,0.5267789240281573,-0.06585959224037574
2020-08-27,468,0.43804693000147105,0.48762941242391944,-0.049582482422448365
2020-08-28,462,0.4248020347507798,0.4454364197673132,-0.020634385016533356
2020-08-31,471,0.47405391424668,0.510061532843953,-0.03600761859727297
2020-09-01,473,0.6208263252556864,0.7157512997720847,-0.09492497451639839
2020-09-02,465,0.8870944163165378,0.7478563942692925,0.13923802204724534
2020-09-03,479,0.4736281456674874,0.4967590662066511,-0.023130920539163703
2020-09-04,472,0.7207367724956736,0.6731612062432775,0.047575566252396034
2020-09-08,471,0.5757680496354621,0.9771635933137702,-0.401395543678308
2020-09-09,473,0.5257651584023814,0.42601127337521716,0.09975388502716419
2020-09-10,476,0.41109636883604544,0.8374388280166907,-0.42634245918064534
2020-09-11,452,0.575536527144586,0.7738772300321292,-0.19834070288754313
2020-09-14,472,0.438560007611455,0.47966008429227475,-0.041100076680819685
2020-09-15,475,0.47205762747891444,0.5061372761043067,-0.03407964862539226
2020-09-16,477,0.42076545103612023,0.4167032306618631,0.0040622203742570855
2020-09-17,476,0.4672039204187702,0.478472577894882,-0.011268657476111782
2020-09-18,478,0.8077485724066626,0.7337304773942858,0.07401809501237692
2020-09-21,479,0.46970962585117754,0.6455092486899375,-0.17579962283876
2020-09-22,478,0.6833842695573088,0.685717320016976,-0.002333050459667169
2020-09-23,477,0.396710395109831,0.3945766070129007,0.0021337880969303463
2020-09-24,476,0.5017902923714315,0.4918520975990871,0.009938194772344379
2020-09-25,480,0.5605388381619608,0.5887225937701243,-0.028183755608163476
2020-09-28,460,0.3825535957643699,0.374610784586989,0.007942811177380925
2020-09-29,471,0.4001115574918383,0.44053066916039674,-0.04041911166855843
2020-09-30,474,0.4633693986440298,0.5330927654400658,-0.06972336679603595
2020-10-01,477,0.4735553943156261,0.5180467112106448,-0.04449131689501876
2020-10-02,475,0.596800372131168,0.7142374830157648,-0.1174371108845968
2020-10-05,478,0.415087455076872,0.37258296075715924,0.04250449431971278
2020-10-06,479,0.5566951830977834,0.632789619557507,-0.07609443645972358
2020-10-07,466,0.5220339785821321,0.6587784497811721,-0.13674447119904004
2020-10-08,478,0.38473640886868,0.41923600802182837,-0.034499599153148375
2020-10-09,480,0.40447142963341765,0.5099707349042578,-0.1054993052708401
2020-10-12,480,0.48579602283334355,0.48297685434915943,0.002819168484184105
2020-10-13,476,0.3327288945367059,0.3979877650724323,-0.06525887053572635
2020-10-14,475,0.38435141061610595,0.43976587256207295,-0.05541446194596702
2020-10-15,478,0.36786194638389796,0.3795453297135345,-0.011683383329636525
2020-10-16,480,0.4653312346663736,0.46331995165309475,0.002011283013278821
2020-10-19,478,0.38937575839093247,0.41852712935926173,-0.0291513709683292
2020-10-20,478,0.39595932429096126,0.4086221739436145,-0.01266284965265325
2020-10-21,476,0.6358948461546997,0.6783089772524529,-0.04241413109775317
2020-10-22,479,0.3498439629286013,0.38003748820738364,-0.03019352527878228
2020-10-23,479,0.6912377482441081,0.647417252437861,0.04382049580624714
2020-10-26,477,0.5596219411897216,0.5123536882477007,0.04726825294202101
2020-10-27,480,0.9825768906485781,0.7832235028509514,0.1993533877976266
2020-10-28,471,0.5836880395711308,0.886050816399356,-0.30236277682822527
2020-10-29,469,0.5137865158930213,0.5364180368526583,-0.02263152095963699
2020-10-30,479,0.7314814237057636,1.2322790746706818,-0.500797650964918
2020-11-02,478,0.7312250561125776,0.8760175981301503,-0.14479254201757275
2020-11-03,479,0.9744780612012066,1.0408709832122123,-0.06639292201100552
2020-11-04,469,0.8106893885646927,0.9520046789362928,-0.1413152903716001
2020-11-05,473,0.523076134626696,0.560743621390104,-0.03766748676340802
2020-11-06,471,2.4199982156926167,2.556878912058202,-0.13688069636558545
2020-11-09,473,0.6997564632543197,0.7669092421812483,-0.06715277892692866
2020-11-10,480,0.5946441826527468,0.6180295646792267,-0.023385382026479846
2020-11-11,462,0.5101256816338416,0.6002913622281405,-0.0901656805942989
2020-11-12,468,0.6849899016145562,0.7237163707484637,-0.038726469133907496
2020-11-13,478,0.6808589176755209,0.7093666010525996,-0.02850768337707875
2020-11-16,471,0.4270485375404359,0.4381168296573626,-0.011068292116926708
2020-11-17,473,0.47872873649930625,0.5381146791597178,-0.059385942660411487
2020-11-18,470,0.41717599131584987,0.4107762691874761,0.006399722128373698
2020-11-19,477,0.3862046099167694,0.4418417767318957,-0.05563716681512628
2020-11-20,475,0.6086498181969854,0.5636358193048786,0.04501399889210672
2020-11-23,475,0.7657539292667583,0.7433290619947035,0.022424867272054852
2020-11-24,476,0.3957700294184161,0.4078099177261125,-0.012039888307696412
2020-11-25,467,0.37073278848963526,0.40062690862821687,-0.029894120138581563
2020-11-27,465,0.5267893943513584,0.6016253040957047,-0.07483590974434631
2020-11-30,469,0.4749562785675855,0.4957321447079146,-0.02077586614032908
2020-12-01,475,0.4533223499714041,0.4605027920539956,-0.007180442082591443
2020-12-02,463,0.43701259732119724,0.43939868476617,-0.002386087444972747
2020-12-03,476,0.5822214363888879,0.5370583100547702,0.04516312633411759
2020-12-04,480,0.39967710330718353,0.4158263766274425,-0.016149273320259002
2020-12-07,475,0.3716457693029445,0.3830313840773646,-0.011385614774420084
2020-12-08,473,0.4422865822280853,0.4603871290140227,-0.01810054678593729
2020-12-09,471,0.41971085410166387,0.440159038429601,-0.020448184327937106
2020-12-10,475,0.3753603272430741,0.426096145156052,-0.05073581791297781
2020-12-11,458,0.44345622521213635,0.4406772285672201,0.0027789966449162026
2020-12-14,473,0.5236958433941786,0.6197253960211863,-0.09602955262700752
2020-12-15,478,0.379405715898111,0.390623466980674,-0.011217751082562984
2020-12-16,474,0.41347379675466633,0.47036089811445175,-0.05688710135978543
2020-12-17,473,0.41922488870778035,0.43325182140557195,-0.01402693269779157
2020-12-18,478,0.4294018665005542,0.4456539174327005,-0.016252050932146316
2020-12-21,475,0.4191805217978073,0.42950373771380423,-0.010323215915996985
2020-12-22,479,0.40691213417272093,0.5157905165798902,-0.10887838240716924
2020-12-23,473,0.29072018272728745,0.3753828753181236,-0.08466269259083614
2020-12-24,480,0.36268880854942714,0.3984389010117532,-0.03575009246232611
2020-12-28,480,0.31858708709641254,0.3420093581511013,-0.0234222710546887
2020-12-29,462,0.3420927348192665,0.42180602483870294,-0.07971329001943646
2020-12-30,469,0.3666868929653393,0.4346667069440538,-0.06797981397871455
2020-12-31,475,0.6186721413936818,0.5645592496580705,0.054112891735611235
2021-01-04,478,0.48904727881546534,0.654436249324278,-0.1653889705088127
2021-01-05,479,0.9596516874595928,1.0708094218945168,-0.11115773443492401
2021-01-06,468,0.5890507476473209,0.7291053369847482,-0.14005458933742723
2021-01-07,476,0.40789714946401767,0.43703872442515124,-0.02914157496113354
2021-01-08,480,0.42819981119734923,0.4480885164097513,-0.019888705212402043
2021-01-11,480,0.5126239704772272,0.5914142344659509,-0.07879026398872367
2021-01-12,478,0.43028787586793427,0.4631123227693678,-0.03282444690143359
2021-01-13,475,0.49756667940656957,0.5744917932672621,-0.07692511386069258
2021-01-14,478,0.4604709838514854,0.4661223699907319,-0.005651386139246531
2021-01-15,475,0.4861547050436241,0.5049558719977172,-0.01880116695409301
2021-01-19,480,0.47836469039529056,0.5347936012390347,-0.05642891084374416
2021-01-20,473,0.43720348589802277,0.4495179270012638,-0.012314441103241024
2021-01-21,479,0.3931888957737463,0.4101795492750446,-0.016990653501298286
2021-01-22,480,0.44800709304100744,0.46452841531866845,-0.016521322277660972
2021-01-25,479,0.5164779892707048,0.5233040847051964,-0.006826095434491636
2021-01-26,480,0.9557151103095166,0.8815465123304221,0.0741685979790944
2021-01-27,474,0.7212657908858258,0.9350534487090351,-0.21378765782320933
2021-01-28,467,0.6355223873867053,0.6153988176651439,0.020123569721561353
2021-01-29,479,0.5794517961467767,0.9313511289952117,-0.35189933284843505
2021-02-01,478,0.5938796158215737,0.6301108744307654,-0.03623125860919164
2021-02-02,480,0.4844678924636943,0.5243467852378947,-0.03987889277420038
2021-02-03,470,0.5706328648159978,0.6714839460214236,-0.10085108120542573
2021-02-04,476,0.4389069898267959,0.5497825197417582,-0.1108755299149623
2021-02-05,475,0.5256266264383052,0.5994255986932131,-0.07379897225490784
2021-02-08,474,0.3798095977178824,0.4594273835940829,-0.07961778587620054
2021-02-09,477,0.39781499335510745,0.4223928536670468,-0.024577860311939412
2021-02-10,460,0.4544005474438995,0.46870396779896933,-0.014303420355069846
2021-02-11,472,0.39252176819661017,0.4509244840227664,-0.05840271582615625
2021-02-12,472,0.4731547238030368,0.4954424461133954,-0.022287722310358575
2021-02-16,474,0.39494039582675217,0.45462084585754303,-0.05968045003079091
2021-02-17,472,0.4300653017467273,0.4234688506977244,0.006596451049002863
2021-02-18,469,0.5415599487016297,0.5769505356832703,-0.03539058698164062
2021-02-19,477,0.6297243659773812,0.6469042430135339,-0.017179877036152626
2021-02-22,475,0.42638924535214057,0.46246124074284456,-0.03607199539070398
2021-02-23,477,0.6302496900533329,0.6922714246013824,-0.0620217345480495
2021-02-24,464,0.7249140303853873,0.6123923343843941,0.11252169600099311
2021-02-25,463,0.5331621473417345,0.5350479809115544,-0.00188583356981987
2021-02-26,477,0.7237609172030428,0.8153434656163354,-0.09158254841329254
2021-03-01,477,0.4111065180738876,0.39893997375390283,0.012166544319984792
2021-03-02,474,0.564287727206351,0.5587284973402039,0.005559229866147139
2021-03-03,468,0.6565091450937476,0.555976674755479,0.10053247033826869
2021-03-04,471,0.7532784627057972,1.0110123131362725,-0.25773385043047514
2021-03-05,478,0.6444230688563968,0.7266718080116886,-0.08224873915529189
2021-03-08,462,0.6087095847512557,0.7131879187752913,-0.10447833402403561
2021-03-09,479,0.5077196443788263,0.5875812299358736,-0.07986158555704718
2021-03-10,467,0.49051930383850223,0.5296464787975207,-0.03912717495901847
2021-03-11,456,0.4302330173171746,0.5494375460588591,-0.11920452874168448
2021-03-12,472,0.4791125802362508,0.5248553456376643,-0.04574276540141357
2021-03-15,470,0.41684173330800356,0.42422929744324306,-0.007387564135239458
2021-03-16,478,0.4334610535700292,0.4993790006454312,-0.06591794707540205
2021-03-17,476,0.5990778044266495,0.575594144728381,0.023483659698268457
2021-03-18,477,0.41007198430856673,0.4940219070814871,-0.08394992277292038
2021-03-19,481,0.42851215464726866,0.456145226794952,-0.027633072147683287
2021-03-22,481,0.5734523486558836,0.5427525648267558,0.030699783829127785
2021-03-23,479,0.458042816773894,0.5806856457042384,-0.1226428289303445
2021-03-24,478,0.4893616069596677,0.5710058865340993,-0.08164427957443168
2021-03-25,480,0.7243404199876766,0.7986665074710341,-0.07432608748335735
2021-03-26,482,0.4246070627199978,0.4086117229196204,0.01599533980037736
2021-03-29,463,0.38748913586009154,0.4049272748740428,-0.017438139013951193
2021-03-30,471,0.3979226967906351,0.4263670035110366,-0.028444306720401536
2021-03-31,479,0.4593532256947038,0.5703277098001615,-0.11097448410545756
2021-04-01,476,0.4460302648857763,0.5077131522413104,-0.06168288735553409
2021-04-05,478,0.32406797709101054,0.35220575984439323,-0.028137782753382704
2021-04-06,481,0.3246622498318561,0.3426798931257545,-0.018017643293898353
2021-04-07,471,0.32578098419321555,0.3621851885979884,-0.03640420440477287
2021-04-08,479,0.34083478803750245,0.3842925378955769,-0.04345774985807441
2021-04-09,481,0.3037027003884811,0.32766700121110864,-0.02396430082262759
2021-04-12,482,0.3528872321462585,0.3803022611605808,-0.027415029014322335
2021-04-13,477,0.35147896194950196,0.3949710650237821,-0.043492103074280176
2021-04-14,478,0.4196998566649362,0.47209087721153614,-0.05239102054659988
2021-04-15,482,0.33496274141300636,0.36236005010858,-0.02739730869557361
2021-04-16,482,0.3138053169479768,0.309514114042568,0.0042912029054088556
2021-04-19,476,0.4696015781974517,0.45127621660176725,0.0183253615956844
2021-04-20,481,0.45590098052426725,0.5501923515180539,-0.0942913709937867
2021-04-21,478,0.37951989272395936,0.36265262357132577,0.016867269152633632
2021-04-22,479,0.428010842830649,0.49800672656807554,-0.06999588373742657
2021-04-23,482,0.3495928211820329,0.3829604908453848,-0.03336766966335191
2021-04-26,481,0.3370121530189572,0.37458173176447,-0.03756957874551287
2021-04-27,481,0.3740474640542454,0.40203195482120774,-0.02798449076696234
2021-04-28,474,0.4538233684374654,0.5280392381402987,-0.07421586970283335
2021-04-29,471,0.4287467541051877,0.40173792068070663,0.027008833424481092
2021-04-30,481,0.4121507028081896,0.4979202640676658,-0.08576956125947625
2021-05-03,482,0.4484772006774432,0.45324446806686053,-0.0047672673894173165
2021-05-04,481,0.4457182092204935,0.5144729478715004,-0.06875473865100694
2021-05-05,472,0.46938613004355983,0.5129140437498096,-0.04352791370624977
2021-05-06,472,0.4498427916173476,0.6314362870159188,-0.18159349539857125
2021-05-07,477,0.4505951985746428,0.44909444918322394,0.0015007493914188286
2021-05-10,479,0.46831720480242567,0.45070577056629474,0.017611434236130978
2021-05-11,477,0.7453974513587183,0.6792831359704518,0.0661143153882665
2021-05-12,463,0.513761514934261,0.6462871578459487,-0.13252564291168778
2021-05-13,472,0.5387462853749176,0.7476244125703674,-0.20887812719544976
2021-05-14,481,0.3451798455558904,0.35518944425236026,-0.010009598696469871
2021-05-17,474,0.3946502428890054,0.3821636831961295,0.012486559692875923
2021-05-18,475,0.36794435208377374,0.3589312662122571,0.009013085871516629
2021-05-19,472,0.4124194491207045,0.45542491120345585,-0.04300546208275131
2021-05-20,476,0.31177229228382936,0.33375739194112397,-0.02198509965729462
2021-05-21,476,0.3457722033026938,0.395921559207243,-0.05014935590454914
2021-05-24,477,0.3300818954975263,0.33453504908830856,-0.004453153590782196
2021-05-25,479,0.3079676681855131,0.35380565098953703,-0.04583798280402394
2021-05-26,462,0.3570055809461566,0.4153218860330694,-0.058316305086912816
2021-05-27,464,0.29504114696006667,0.3385696501030346,-0.04352850314296789
2021-05-28,476,0.40660712436689306,0.44636914151927487,-0.03976201715238184
2021-06-01,476,0.3308076870206144,0.36049094208257154,-0.0296832550619571
2021-06-02,467,0.3418165135341284,0.3507549626481777,-0.008938449114049295
2021-06-03,481,0.3302503891271738,0.37575104340931964,-0.04550065428214586
2021-06-04,476,0.35295603943438997,0.36184328662167575,-0.008887247187285742
2021-06-07,477,0.30778573353591127,0.38534461773286954,-0.07755888419695832
2021-06-08,475,0.33472193962878183,0.33151555789852577,0.0032063817302560495
2021-06-09,472,0.3664584017698873,0.39926195449118673,-0.03280355272129937
2021-06-10,479,0.289159198363197,0.32923568932014596,-0.04007649095694894
2021-06-11,458,0.3261195751646771,0.32998621264437983,-0.0038666374797027793
2021-06-14,474,0.2940778644438517,0.3180655530819281,-0.02398768863807635
2021-06-15,479,0.3387111272122725,0.32535516247730606,0.01335596473496648
2021-06-16,479,0.5536025752750747,0.5512410104809127,0.002361564794162068
2021-06-17,479,0.5555406556694248,0.44798803387099506,0.1075526217984298
2021-06-18,479,0.5848116750382552,0.6233198938629495,-0.03850821882469441
2021-06-21,482,0.28584443423274764,0.33089895455347823,-0.04505452032073059
2021-06-22,480,0.2863521275598852,0.29366003747266195,-0.007307909912776718
2021-06-23,475,0.3348842907182367,0.3877848103678558,-0.052900519649619074
2021-06-24,478,0.3252929664802038,0.37142131617603147,-0.04612834969582764
2021-06-25,481,0.4095324235163212,0.4155466018089729,-0.006014178292651703
2021-06-28,464,0.2983338219297749,0.3097353308593258,-0.011401508929550937
2021-06-29,473,0.28586069907554806,0.3101970848527848,-0.0243363857772367
2021-06-30,474,0.31372074429647956,0.3705723664037656,-0.056851622107286025
2021-07-01,476,0.25785728385872225,0.2779336377933204,-0.02007635393459818
2021-07-02,478,0.4060917679980179,0.3876699047422022,0.018421863255815695
2021-07-06,481,0.3464073984511975,0.37020085285438414,-0.023793454403186694
2021-07-07,475,0.3912665426836171,0.36967792054667,0.02158862213694711
2021-07-08,478,0.4921253901504235,0.579070006046259,-0.08694461589583559
2021-07-09,482,0.27606890688932273,0.41093063391906787,-0.13486172702974508
2021-07-12,482,0.34468414010512066,0.3243690670313681,0.020315073073752524
2021-07-13,475,0.317537177249983,0.3241721833514077,-0.006635006101424708
2021-07-14,479,0.3197599233894907,0.3219128023199406,-0.002152878930449824
2021-07-15,481,0.39656679147532714,0.38133254578024445,0.01523424569508269
2021-07-16,481,0.6124211790115458,0.5172157397860251,0.09520543922552062
2021-07-19,477,0.6542009311593273,1.0321970456352405,-0.3779961144759132
2021-07-20,481,0.46076759900975833,0.6183534459104224,-0.15758584690066413
2021-07-21,478,0.35959854065092783,0.36443970521079827,-0.004841164559870435
2021-07-22,480,0.37244837731725505,0.4260297493055423,-0.05358137198828724
2021-07-23,479,0.32922257245273445,0.35768625451820935,-0.02846368206547489
2021-07-26,481,0.34636356031605875,0.3601757057801569,-0.013812145464098115
2021-07-27,481,0.3467254481613815,0.36233590168309776,-0.015610453521716238
2021-07-28,472,0.41729790381078946,0.46404747286107034,-0.04674956905028088
2021-07-29,469,0.3666720811683729,0.36941786088132905,-0.002745779712956169
2021-07-30,481,0.317325938579434,0.3287631514204849,-0.011437212841050938
2021-08-02,482,0.45592324127852885,0.49748439757120144,-0.041561156292672645
2021-08-03,481,0.4245691022304879,0.4146098222757838,0.00995927995470412
2021-08-04,476,0.4741375920778836,0.5507872917983673,-0.07664969972048374
2021-08-05,476,0.3343966778338883,0.3703552888809092,-0.035958611047020854
2021-08-06,472,0.309122307473159,0.3153368318193451,-0.006214524346186028
2021-08-09,481,0.3922714391725728,0.39146287885173625,0.000808560320836516
2021-08-10,477,0.3433778995910565,0.33975139304018664,0.003626506550869955
2021-08-11,460,0.27161950559919396,0.2723313530936975,-0.0007118474945035062
2021-08-12,473,0.28046405038119593,0.27603298514875557,0.004431065232440342
2021-08-13,480,0.2960619416519488,0.2908437435744848,0.005218198077463965
2021-08-16,472,0.40480288037450746,0.39870599624498937,0.00609688412951803
2021-08-17,476,0.41082267435320263,0.3931767115203329,0.017645962832869733
2021-08-18,471,0.3944412068680434,0.38790302765525625,0.006538179212787133
2021-08-19,477,0.28040473456639137,0.319594561099038,-0.03918982653264665
2021-08-20,478,0.36386288798187466,0.3606767690780675,0.003186118903807191
2021-08-23,480,0.3486127562845243,0.3544877581605672,-0.005875001876042876
2021-08-24,478,0.26812859884144985,0.2674547207053044,0.0006738781361454255
2021-08-25,477,0.3399014011139881,0.3568276883270831,-0.016926287213095016
2021-08-26,477,0.3636035325008007,0.33138047571183454,0.03222305678896616
2021-08-27,472,0.30191337962543296,0.30223971575677666,-0.0003263361313436737
2021-08-30,459,0.25876347257154925,0.2589438148105619,-0.00018034223901263176
2021-08-31,479,0.29611919232511746,0.2935464170983698,0.002572775226747649
2021-09-01,466,0.318073314221452,0.32619531426958526,-0.008122000048133226
2021-09-02,477,0.25052573801406414,0.2512230390347001,-0.0006973010206359962
2021-09-03,476,0.4038865399737138,0.4250375447240076,-0.021151004750293773
2021-09-07,477,0.3688609766537107,0.3650333928168715,0.0038275838368391204
2021-09-08,466,0.3464689567992516,0.3555484116793102,-0.009079454880058561
2021-09-09,479,0.34477353810342015,0.3499798707012937,-0.005206332597873547
2021-09-10,479,0.38549113450438144,0.3791240636253569,0.006367070879024566
2021-09-13,456,0.3894625812871369,0.36046343162221256,0.028999149664924374
2021-09-14,474,0.3809406476943809,0.39114099604708796,-0.010200348352707124
2021-09-15,478,0.29267548640499397,0.2905531083876392,0.0021223780173547486
2021-09-16,480,0.39209296104053754,0.4031389121558557,-0.011045951115318137
2021-09-17,480,0.5287628889601488,0.4986287635013105,0.030134125458838167
2021-09-20,479,0.2878061625181238,0.27891588530479944,0.008890277213324372
2021-09-21,481,0.41768030933616535,0.4039991966603845,0.013681112675780907
2021-09-22,476,0.475293327243765,0.47544424385663847,-0.00015091661287348971
2021-09-23,479,0.26436105648110503,0.25994207271851716,0.004418983762587909
2021-09-24,480,0.5036931498400875,0.5118125991969693,-0.008119449356881797
2021-09-27,481,0.5900829607557094,0.6365342271298354,-0.04645126637412588
2021-09-28,461,0.33517351416362695,0.344624523225667,-0.009451009062040001
2021-09-29,470,0.5405959946885823,0.5209532703818844,0.01964272430669795
2021-09-30,481,0.4809614788866016,0.4253144479506874,0.05564703093591422
2021-10-01,477,0.47057710460052743,0.48223203036719314,-0.011654925766665719
2021-10-04,479,0.3627472157607238,0.4587815307764895,-0.09603431501576563
2021-10-05,482,0.30763380155866726,0.30240952953407013,0.005224272024597144
2021-10-06,471,0.3450352901172296,0.3455533055113493,-0.0005180153941196757
2021-10-07,481,0.3353237781376593,0.34082507514951976,-0.005501297011860445
2021-10-08,483,0.3331782806166683,0.34138738995379814,-0.008209109337129815
2021-10-11,483,0.29255491019634583,0.28847121747474497,0.004083692721600842
2021-10-12,480,0.32041325226176337,0.3213554756219982,-0.0009422233602348085
2021-10-13,474,0.5327008898461816,0.5232838370270196,0.009417052819161985
2021-10-14,482,0.30945843803464784,0.3500723799459524,-0.04061394191130453
2021-10-15,483,0.3245204269544903,0.32574492356936596,-0.0012244966148756485
2021-10-18,482,0.3168130315734802,0.3102245573459841,0.006588474227496101
2021-10-19,482,0.3603005561699285,0.3604477950427178,-0.00014723887278925754
2021-10-20,477,0.37670433360822003,0.3843403081475541,-0.007635974539334067
2021-10-21,482,0.31832992610209704,0.31548665202486065,0.0028432740772364466
2021-10-22,482,0.29887530255862027,0.2974709149866833,0.0014043875719369377
2021-10-25,482,0.3331575233584567,0.3359475809979756,-0.0027900576395189086
2021-10-26,482,0.607402920973095,0.6113294263203803,-0.003926505347285378
2021-10-27,474,0.4917403778126231,0.5261949355354771,-0.03445455772285412
2021-10-28,470,0.39619561957525595,0.398214088625441,-0.0020184690501850165
2021-10-29,480,0.4432858960691314,0.45285832798596354,-0.009572431916832169
2021-11-01,481,0.4477910894288753,0.4443177669394656,0.00347332248940964
2021-11-02,483,0.4371646298078584,0.44039065191849674,-0.0032260221106382853
2021-11-03,473,0.5218744288622531,0.5229987565938226,-0.00112432773156947
2021-11-04,479,0.5702300519212159,0.5752981935813037,-0.005068141660087803
2021-11-05,481,0.3985660105374745,0.3981593577072939,0.00040665283018057963
2021-11-08,473,0.3149930393379227,0.3137674543226398,0.0012255850152829032
2021-11-09,464,0.43206117197245564,0.4334350993318283,-0.0013739273593726881
2021-11-10,483,0.3438141426800998,0.3388471970705339,0.004966945609565877
2021-11-11,467,0.3261028653591125,0.31688039358879644,0.009222471770316107
2021-11-12,477,0.3335099710381995,0.3315204318730823,0.001989539165117189
2021-11-15,476,0.3672109463439599,0.36534279921827545,0.0018681471256844877
2021-11-16,477,0.3588344997750716,0.3565452022954908,0.0022892974795807822
2021-11-17,468,0.3254088022554153,0.33079520276731494,-0.005386400511899637
2021-11-18,480,0.4356554139879875,0.43321563046381595,0.002439783524171559
2021-11-19,476,0.42819487508672366,0.428926636903253,-0.0007317618165293649
2021-11-22,478,0.4007838743101281,0.40475001298454555,-0.003966138674417506
2021-11-23,476,0.3125066704813476,0.31781653673166793,-0.0053098662503203616
2021-11-24,479,0.9893462681351115,0.9918490017258996,-0.00250273359078805
2021-11-26,473,0.46208157418890666,0.4569739203156122,0.005107653873294516
2021-11-29,463,0.8540560616650484,0.7956134601497645,0.0584426015152838
2021-11-30,477,0.5472907349124109,0.6693646667168767,-0.12207393180446582
2021-12-01,465,0.7195960198126381,0.7791706351782702,-0.05957461536563219
2021-12-02,480,0.45385311309227055,0.4510365362679424,0.002816576824328192
2021-12-03,479,0.5424565281283726,0.5632990907330505,-0.020842562604677962
2021-12-06,479,0.5700936946133756,0.6032484102597645,-0.03315471564638879
2021-12-07,478,0.31737642926191234,0.30897792043799344,0.008398508823918838
2021-12-08,468,0.3919266181392743,0.40069058297904797,-0.008763964839773661
2021-12-09,482,0.3672349489783843,0.36165039542048766,0.00558455355789669
2021-12-10,481,0.5018212890092666,0.48037274116217826,0.02144854784708833
2021-12-13,464,0.41399845113317424,0.42832263456604225,-0.014324183432867994
2021-12-14,478,0.480368632895274,0.5089584776828098,-0.02858984478753579
2021-12-15,478,0.5003489149181289,0.5140095738033266,-0.013660658885197704
2021-12-16,479,0.5303942424250309,0.5072469690988144,0.023147273326216564
2021-12-17,481,0.5039520151685242,0.4260980372214363,0.0778539779470879
2021-12-20,481,0.6794522022648967,0.7561233842919386,-0.0766711820270419
2021-12-21,479,0.33037687896921486,0.3258011960661017,0.00457568290311319
2021-12-22,484,0.2629273906894742,0.2496663358884962,0.013261054800977955
2021-12-23,482,0.4052676504733579,0.3601423644657266,0.045125286007631264
2021-12-27,485,0.23411990183203624,0.2673777792038241,-0.033257877371787856
2021-12-28,484,0.22763605378669458,0.23159863180798887,-0.003962578021294281
2021-12-29,468,0.22222468628321912,0.22319094517316732,-0.0009662588899481872
2021-12-30,474,0.20852473136876568,0.22644063457924168,-0.017915903210476005
2021-12-31,481,0.5784540567758218,0.6066088272611331,-0.028154770485311124
2022-01-03,482,0.5860428449573213,0.5788315726888204,0.007211272268500997
2022-01-04,483,0.6896950116392466,0.6917027425317671,-0.0020077308925204027
2022-01-05,476,0.4314767278474182,0.4576759845918506,-0.02619925674443236
2022-01-06,478,0.5132809046681055,0.5036307059871229,0.009650198680982502
2022-01-07,485,0.40853374001767034,0.40200600892427507,0.006527731093395302
2022-01-10,485,0.4305311235793471,0.44140183821522166,-0.010870714635874574
2022-01-11,484,0.3114678967781238,0.30523125964337444,0.0062366371347493685
2022-01-12,478,0.5163467031294977,0.5106878982634616,0.005658804866036133
2022-01-13,482,0.44635568008241594,0.4364609678766449,0.009894712205771088
2022-01-14,482,0.6060849285707767,0.5890001641724151,0.017084764398361565
2022-01-18,483,0.49421359214850025,0.4544328420697944,0.03978075007870584
2022-01-19,478,0.47996560168841723,0.47466718618226006,0.005298415506157131
2022-01-20,484,0.5932040954522071,0.6135907933856196,-0.020386697933412575
2022-01-21,485,0.4613102712758541,0.45655026296698636,0.004760008308867786
2022-01-24,484,0.6128361927976749,0.7002418379784412,-0.08740564518076634
2022-01-25,483,0.4795079252539648,0.4823552465436554,-0.0028473212896906346
2022-01-26,484,0.5659837070210298,0.546424156029866,0.019559550991163865
2022-01-27,474,0.6787692846859281,0.6634402729148359,0.015329011771092237
2022-01-28,478,0.6512731513659624,0.5904251843139035,0.06084796705205892
2022-01-31,484,0.43442255434626237,0.41623638256855977,0.018186171777702632
2022-02-01,483,0.4802080963739648,0.4573056754199878,0.022902420953976987
2022-02-02,479,0.708949495833288,0.671082090154221,0.03786740567906707
2022-02-03,479,0.5042343805452792,0.4988163360222994,0.005418044522979845
2022-02-04,480,0.36895249199840524,0.3590564785692076,0.009896013429197702
2022-02-07,483,0.4573711364836709,0.43895333416708954,0.018417802316581317
2022-02-08,478,0.563897068268564,0.5795109251913827,-0.015613856922818702
2022-02-09,473,0.6441409338116444,0.6577730600116979,-0.0136321262000536
2022-02-10,477,0.6765478000037867,0.6362212115043662,0.040326588499420515
2022-02-11,478,0.39232326456436534,0.35177012193586593,0.04055314262849943
2022-02-14,479,0.6042762173816383,0.5482048919830259,0.05607132539861237
2022-02-15,482,0.36764154052922376,0.36925602878925423,-0.0016144882600305334
2022-02-16,469,0.7601306203208349,0.7327730776408229,0.027357542680012083
2022-02-17,477,0.3774088827357949,0.4211064183724761,-0.043697535636681085
2022-02-18,482,0.47021304926995217,0.4981788221462085,-0.027965772876256387
2022-02-22,485,0.6669011039581301,0.731568051386077,-0.06466694742794703
2022-02-23,473,0.7487023103168421,0.7407941084825287,0.00790820183431334
2022-02-24,472,0.8916232378221778,0.9792620825740611,-0.08763884475188329
2022-02-25,471,0.5201714423294949,0.4990353307012807,0.021136111628214216
2022-02-28,479,0.8160721867540777,0.8281417661038624,-0.012069579349784625
2022-03-01,482,0.6905324888964522,0.8868657216043291,-0.19633323270787678
2022-03-02,475,0.5009616425868592,0.5058268146635558,-0.004865172076696766
2022-03-03,478,0.7348686771644913,0.7851703209912906,-0.050301643826799254
2022-03-04,481,1.2415495917625918,1.0872914554533684,0.15425813630922316
2022-03-07,481,0.7061358830361011,0.7621165509309066,-0.055980667894805505
2022-03-08,469,0.920488938650167,0.7328582028956776,0.1876307357544894
2022-03-09,471,0.46871630842486467,0.4700523754296889,-0.0013360670048241988
2022-03-10,484,0.5038599421529099,0.5776633578923587,-0.07380341573944874
2022-03-11,462,0.6276513826709473,0.625121918083146,0.0025294645878013665
2022-03-14,478,0.609495169315546,0.5834321187867788,0.026063050528767152
2022-03-15,480,0.8405189101808624,0.7413463433679633,0.09917256681289914
2022-03-16,480,0.47623921613489634,0.44333905292029097,0.03290016321460536
2022-03-17,484,0.4227216880208025,0.3921567047558977,0.03056498326490484
2022-03-18,482,0.42860782388507185,0.42977803506095985,-0.0011702111758879717
2022-03-21,486,0.36004653610840537,0.38213352980201654,-0.02208699369361121
2022-03-22,483,0.5667185203741639,0.6473941235136516,-0.08067560313948756
2022-03-23,479,0.4245664413176822,0.4117224694915615,0.012843971826120721
2022-03-24,485,0.3889629229646352,0.3712428863795727,0.017720036585062476
2022-03-25,485,0.3662975027376971,0.3624007746568073,0.0038967280808897835
2022-03-28,486,0.5514453674125499,0.5001074965895139,0.051337870823035994
2022-03-29,466,0.4294219748926726,0.4359794483174164,-0.006557473424743837
2022-03-30,476,0.5346823580936154,0.615425263291828,-0.08074290519821262
2022-03-31,483,0.4320066247620261,0.4313934714679611,0.0006131532940650165
2022-04-01,482,0.3746912338730145,0.37058820489004923,0.004103028982965318
2022-04-04,481,0.5254052841392285,0.5278364967968889,-0.0024312126576604733
2022-04-05,485,0.5858202988204919,0.5390738084857026,0.046746490334789205
2022-04-06,476,0.39599741021909884,0.4146718012737778,-0.018674391054678923
2022-04-07,480,0.3934932020275985,0.3875718612359077,0.005921340791690834
2022-04-08,485,0.46615374371008944,0.4240000472113108,0.042153696498778655
2022-04-11,484,0.34838765289614315,0.3371464860999342,0.011241166796208997
2022-04-12,480,0.4250542545305695,0.44340682109569024,-0.018352566565120708
2022-04-13,487,0.44019549350169673,0.43563382282585944,0.004561670675837335
2022-04-14,488,0.39164040040073567,0.37987761779050916,0.011762782610226554
2022-04-18,485,0.6025819970321495,0.6213427898496648,-0.018760792817515227
2022-04-19,486,0.5188912796050346,0.536475383145947,-0.017584103540912523
2022-04-20,482,0.6639489586588392,0.6661686608416194,-0.0022197021827802393
2022-04-21,487,0.9993645468901355,0.7926818626121991,0.20668268427793635
2022-04-22,486,0.42779731173292457,0.44088999188063177,-0.013092680147707193
2022-04-25,486,0.8391355335649934,0.8803336903387097,-0.041198156773716306
2022-04-26,487,0.4711382321052914,0.5169288968771533,-0.045790664771861896
2022-04-27,480,0.6979084075605968,0.7888564502800207,-0.09094804271942396
2022-04-28,477,1.0221636574877788,0.9875409134252993,0.03462274406247953
2022-04-29,487,0.4861041305959306,0.45509599496356296,0.03100813563236762
2022-05-02,488,0.5090742212119943,0.4915386923919588,0.017535528820035527
2022-05-03,486,0.9222346994851259,0.8379211988266251,0.08431350065850088
2022-05-04,481,1.107334266282675,0.9917618092951284,0.11557245698754684
2022-05-05,481,0.6597868164398988,0.6499308693765097,0.009855947063389122
2022-05-06,480,1.2776301773961258,1.1056312368229788,0.17199894057314705
2022-05-09,486,0.5624669464045062,0.7693657988480729,-0.20689885244356662
2022-05-10,483,0.620331478734902,0.9268177629794343,-0.3064862842445322
2022-05-11,470,0.5416296165875736,0.7027738803719128,-0.16114426378433924
2022-05-12,473,0.7549781229410865,0.743391264592597,0.011586858348489477
2022-05-13,485,0.4420225607580221,0.44996847148247987,-0.007945910724457798
2022-05-16,481,0.6689533613244714,0.7836774068306815,-0.11472404550621022
2022-05-17,480,1.4345579699457252,1.118975185694096,0.3155827842516292
2022-05-18,474,0.5410358289528953,0.5392616024144498,0.001774226538445572
2022-05-19,486,0.4953484573677563,0.5609516616701389,-0.06560320430238258
2022-05-20,482,0.5375845281908597,0.5389946763064501,-0.001410148115590442
2022-05-23,481,0.6693807294542106,0.6129830847042437,0.05639764474996685
2022-05-24,486,0.46158581880580585,0.4437231958363992,0.017862622969406664
2022-05-25,477,0.7120600172630894,0.6471786030515747,0.06488141421151464
2022-05-26,473,0.7268661041231116,0.8235343166045865,-0.09666821248147497
2022-05-27,471,0.4507153866825572,0.43004117278676446,0.020674213895792763
2022-05-31,483,0.5042764613053734,0.556997346053451,-0.05272088474807757
2022-06-01,472,0.6373915034591963,0.6138647777453512,0.023526725713845075
2022-06-02,484,0.4831461862897046,0.5495533783023813,-0.06640719201267659
2022-06-03,485,0.3265857729417359,0.31391601904793515,0.012669753893800697
2022-06-06,482,0.3582598814882442,0.3507360356243262,0.007523845863918056
2022-06-07,483,0.5628580608188528,0.6249662556896632,-0.06210819487081036
2022-06-08,471,0.7998491117011568,0.7143433578144497,0.08550575388670707
2022-06-09,486,1.0003949173041615,0.736491819774448,0.2639030975297134
2022-06-10,485,1.4759233217010703,1.955652309446419,-0.479728987745349
2022-06-13,463,0.5602848715320145,0.5855852521949269,-0.025300380662912354
2022-06-14,483,0.5000738821227764,0.7263566357237058,-0.2262827536009295
2022-06-15,481,1.22896081996821,0.7971133481560251,0.4318474718121848
2022-06-16,484,0.5514024775819387,0.6142450896950813,-0.06284261211314264
2022-06-17,485,0.6302648814128137,1.0322205062995073,-0.40195562488669356
2022-06-21,486,0.430679849109788,0.4714333268513771,-0.04075347774158908
2022-06-22,483,0.6404749615186266,0.6279821608227026,0.012492800695923865
2022-06-23,484,0.9666155418259316,0.9124952739609975,0.054120267864934075
2022-06-24,486,0.40571027218082495,0.42375248915224983,-0.018042216971424913
2022-06-27,488,0.6615208395750879,0.527825960789032,0.13369487878605593
2022-06-28,470,0.48116634767926236,0.5036087206747228,-0.022442372995460484
2022-06-29,473,0.45914059366661203,0.4882520938572047,-0.0291115001905927
2022-06-30,484,0.5173641493942068,0.49679527835113413,0.020568871043072767
2022-07-01,483,0.6206973845013216,0.6531889474346564,-0.03249156293333481
2022-07-05,485,0.40604149485066493,0.42763217098057527,-0.021590676129910398
2022-07-06,481,0.5023166200786926,0.6095671498405608,-0.10725052976186818
2022-07-07,482,0.32023839425918943,0.34730594604259024,-0.027067551783400798
2022-07-08,487,0.4401862717342757,0.48465861432690394,-0.044472342592628195
2022-07-11,487,0.46002081283556184,0.43093647096730614,0.02908434186825568
2022-07-12,487,0.3778649289760112,0.37874442604655423,-0.0008794970705429864
2022-07-13,482,0.4706694975000782,0.5125054675994773,-0.041835970099399086
2022-07-14,487,0.5780390457277378,0.676535071523046,-0.09849602579530818
2022-07-15,486,0.4120224394563586,0.41502083497221653,-0.0029983955158579233
2022-07-18,484,0.866468272117181,0.8895565316860906,-0.023088259568909548
2022-07-19,486,0.46400783283744734,0.5613745338343913,-0.09736670099694397
2022-07-20,482,0.47543595421791407,0.45564146046515536,0.01979449375275865
2022-07-21,487,0.4364852486514372,0.3989056309320276,0.03757961771940963
2022-07-22,488,0.37895951886723894,0.37985371648758814,-0.0008941976203491659
2022-07-25,485,0.531064943224141,0.555669750644517,-0.02460480742037589
2022-07-26,487,0.698419759395288,0.8393938067063833,-0.14097404731109545
2022-07-27,479,0.7321092997746942,0.7102697658912799,0.021839533883414225
2022-07-28,474,0.5353163082129307,0.5308976202682983,0.004418687944632518
2022-07-29,488,0.3691890978645114,0.3699983936350674,-0.0008092957705560284
2022-08-01,489,0.4747401318646826,0.48451061674692464,-0.00977048488224206
2022-08-02,487,0.5490302620500895,0.5444706905622219,0.004559571487867774
2022-08-03,483,0.4642612010406865,0.46152168202182564,0.0027395190188608492
2022-08-04,483,0.4113549048095979,0.4083256079992446,0.0030292968103532605
2022-08-05,484,0.34658104956905494,0.34221943445865366,0.004361615110401259
2022-08-08,483,0.53070002711184,0.5390474274679441,-0.00834740035610423
2022-08-09,485,0.7528552789447698,0.7074306957320692,0.04542458321270065
2022-08-10,473,0.38443154842701843,0.45608315402873173,-0.07165160560171331
2022-08-11,473,0.4830155108902428,0.4270355897982635,0.05597992109197924
2022-08-12,487,0.2940092129647406,0.31880469576767595,-0.024795482802935396
2022-08-15,479,0.30811260227022996,0.3007956209788671,0.0073169812913629045
2022-08-16,480,0.42079055940813154,0.468500288924523,-0.04770972951639146
2022-08-17,475,0.3408855488828142,0.3497331329013253,-0.008847584018511143
2022-08-18,485,0.5633186104484668,0.5536065627891227,0.009712047659344065
2022-08-19,485,0.7292981097657338,0.6984933142038946,0.030804795561839304
2022-08-22,486,0.3715923024976324,0.37230695756597754,-0.0007146550683450834
2022-08-23,485,0.2862534804769185,0.3359746410797271,-0.04972116060280855
2022-08-24,484,0.45307891824295354,0.367951609438926,0.08512730880402747
2022-08-25,484,1.1829902571004192,1.1191178324884783,0.06387242461194087
2022-08-26,485,0.37042123740432187,0.3636578475328375,0.006763389871484368
2022-08-29,474,0.4496027474947681,0.48331990967022176,-0.03371716217545365
2022-08-30,472,0.3573836588730103,0.3672645238601644,-0.009880864987154028
2022-08-31,475,0.43720219476318517,0.46206944055556337,-0.02486724579237816
2022-09-01,484,0.414916544655646,0.4314790732614097,-0.016562528605763707
2022-09-02,481,0.38833739694342184,0.41093301760893297,-0.022595620665511112
2022-09-06,484,0.6492547017141678,0.9344197363788596,-0.2851650346646919
2022-09-07,471,0.4092705724637428,0.4963196149595048,-0.08704904249576197
2022-09-08,485,0.4505688292617931,0.42272809321108856,0.027840736050704536
2022-09-09,489,0.35756960095926715,0.4137747822691361,-0.05620518130986895
2022-09-12,483,1.4440403878380432,1.282638072843676,0.16140231499436727
2022-09-13,466,0.4509106550381146,0.4366136500528859,0.01429700498522875
2022-09-14,477,0.5127736824926773,0.48687381057815426,0.02589987191452303
2022-09-15,487,0.5338552720905049,0.46777354806663746,0.06608172402386744
2022-09-16,486,0.4027685018135432,0.4997993480764668,-0.09703084626292363
2022-09-19,486,0.5613654328863564,0.6218726013718066,-0.060507168485450194
2022-09-20,485,0.5694950372640465,0.6570549193686415,-0.08755988210459495
2022-09-21,486,0.6217402067473633,0.8673695396831257,-0.24562933293576242
2022-09-22,485,0.6859335979130429,0.8771570355505096,-0.19122343763746674
2022-09-23,488,0.5669455438842288,0.9653747231583876,-0.39842917927415866
2022-09-26,488,0.41775642864166057,0.5319396737108676,-0.114183245069207
2022-09-27,488,0.7027148005481823,0.8263695140758922,-0.12365471352770992
2022-09-28,465,0.6830379706354918,0.6277928725273035,0.05524509810818825
2022-09-29,480,0.530764686180209,0.6020780912042816,-0.0713134050240725
2022-09-30,486,0.8540627561793108,0.6999661534053222,0.15409660277398857
2022-10-03,486,1.1203601969981407,1.2580585290622208,-0.13769833206408014
2022-10-04,487,0.380736787165009,0.3667013165915527,0.014035470573456279
2022-10-05,475,0.5141515898492337,0.6028830138538382,-0.0887314240046046
2022-10-06,485,0.8976323195413504,1.0810807100017767,-0.18344839046042635
2022-10-07,489,0.4854530016959666,0.5901859382868315,-0.10473293659086486
2022-10-10,488,0.4761391565627089,0.645107831951792,-0.16896867538908306
2022-10-11,487,0.471715892498903,0.47552352440832035,-0.003807631909417377
2022-10-12,483,0.7178909162689575,0.5742843307281063,0.1436065855408513
2022-10-13,486,0.7942639397986105,0.8710367644057121,-0.07677282460710168
2022-10-14,488,0.6877910195555001,0.5858737188330919,0.10191730072240825
2022-10-17,487,0.47373825717024254,0.4864029397398065,-0.01266468256956394
2022-10-18,489,0.6129971232189781,0.596614252334862,0.016382870884116236
2022-10-19,482,0.5661247582843167,0.5400211458469716,0.026103612437345124
2022-10-20,488,0.7458700096578801,0.673490391655968,0.07237961800191194
2022-10-21,489,0.46788444219401926,0.4776450982303299,-0.009760656036310664
2022-10-24,488,0.7010413714191753,0.7027982965360464,-0.0017569251168709761
2022-10-25,487,0.47634572514771234,0.47438915983147895,0.0019565653162333823
2022-10-26,486,0.5009782833315679,0.4981889409057522,0.002789342425815694
2022-10-27,481,0.8208377009042461,0.8686756793397782,-0.04783797843553194
2022-10-28,479,0.3863394162659417,0.402433971024046,-0.016094554758104323
2022-10-31,487,0.43402709749521023,0.42477289159057413,0.009254205904636058
2022-11-01,489,0.9200001962815285,0.9621831561334465,-0.042182959851917945
2022-11-02,482,0.6408712504148969,0.6204808547326947,0.020390395682202297
2022-11-03,481,0.745165607762224,0.7561565694840626,-0.01099096172183872
2022-11-04,486,0.50010446502121,0.4490358165298959,0.051068648491314136
2022-11-07,486,0.451489085365716,0.43331692099096836,0.018172164374747668
2022-11-08,471,0.7356151465062044,0.7234122784927619,0.012202868013442343
2022-11-09,477,2.22697757875321,2.4232143792702714,-0.19623680051706183
2022-11-10,489,0.8011986880105034,0.9047115079605511,-0.10351281995004763
2022-11-11,474,0.5104193136915505,0.5642053117259885,-0.05378599803443809
2022-11-14,482,0.513549419600866,0.4730261078740551,0.04052331172681085
2022-11-15,479,0.5340382403668003,0.5835014244502914,-0.04946318408349113
2022-11-16,474,0.42792098097890063,0.40316781815872826,0.02475316282017243
2022-11-17,485,0.407469747103214,0.3920959205319189,0.015373826571295162
2022-11-18,483,0.39773480920696397,0.387276033312679,0.010458775894284995
2022-11-21,482,0.4779838046084157,0.47829988058160045,-0.0003160759731847492
2022-11-22,483,0.3243479789024027,0.3302697797487121,-0.005921800846309357
2022-11-23,483,0.2623011815170236,0.260366799669407,0.0019343818476165954
2022-11-25,488,0.5509416514931378,0.5341918091955359,0.01674984229760199
2022-11-28,479,0.34845423165558803,0.35861496712554636,-0.01016073546995831
2022-11-29,466,0.861829664094344,0.8446179004668649,0.017211763627479237
2022-11-30,473,0.40664004365261963,0.47627105139479137,-0.06963100774217179
2022-12-01,485,0.3449482869037821,0.34195227807256545,0.002996008831216623
2022-12-02,487,0.6299328728281481,0.6240939112078155,0.005838961620332509
2022-12-05,483,0.49621696706090557,0.4419508132940896,0.054266153766816004
2022-12-06,485,0.42766742612889236,0.4556543753327018,-0.027986949203809477
2022-12-07,473,0.4230806292035882,0.40655014703112885,0.016530482172459362
2022-12-08,486,0.3825992034991785,0.3923306245834546,-0.00973142108427607
2022-12-09,488,0.4694414693968929,0.5059871168047615,-0.03654564740786858
2022-12-12,482,0.4766079018469773,0.4827315763535587,-0.006123674506581317
2022-12-13,470,0.38296272619663946,0.39464715899728353,-0.011684432800644046
2022-12-14,477,0.756502531562246,0.7788832992547703,-0.022380767692524273
2022-12-15,482,0.4485245777823644,0.4510947180886058,-0.0025701403062414374
2022-12-16,484,0.40845517451700614,0.42713530136546374,-0.018680126848457594
2022-12-19,486,0.330270347193981,0.3788771053444891,-0.04860675815050806
2022-12-20,484,0.4646040633953894,0.3564617696492932,0.10814229374609621
2022-12-21,489,0.43405124066783907,0.4607164005389211,-0.02666515987108207
2022-12-22,487,0.31693862987698795,0.3961164469742468,-0.07917781709725885
2022-12-23,486,0.31651856570466463,0.3561114953848843,-0.039592929680219664
2022-12-27,488,0.4504684984565283,0.4703013664112043,-0.019832867954675964
2022-12-28,469,0.5158803838041995,0.4161003303303959,0.09978005347380366
2022-12-29,475,0.2734229148893806,0.2842997175430424,-0.010876802653661786
2022-12-30,488,0.4036683963181159,0.40791620086750346,-0.004247804549387602
2023-01-03,486,0.5505133498125242,0.537581956805842,0.012931393006682322
2023-01-04,480,0.540298633479151,0.5633930659352341,-0.02309443245608317
2023-01-05,486,0.8117296481373615,0.8476121577233916,-0.035882509586030155
2023-01-06,482,0.4617399421421353,0.48296219152399217,-0.021222249381856816
2023-01-09,489,0.4023907561086618,0.3951598075657454,0.007230948542916376
2023-01-10,488,0.5046802411772732,0.49412561562193535,0.01055462555533773
2023-01-11,483,0.42325341632510616,0.4206507515651543,0.002602664759951815
2023-01-12,485,0.32068886827661824,0.33045596907151636,-0.009767100794898096
2023-01-13,488,0.3484222207287931,0.35930185648835195,-0.010879635759558831
2023-01-17,489,0.5309786621811293,0.5530261316421307,-0.022047469461001293
2023-01-18,481,0.48809437400408584,0.5355460821135802,-0.04745170810949442
2023-01-19,485,0.5728099057438888,0.5862130835388125,-0.013403177794923818
2023-01-20,490,0.5168335237253459,0.5835989716036114,-0.06676544787826548
2023-01-23,486,0.35085322706659355,0.36045776070608665,-0.009604533639493136
2023-01-24,489,0.3749142110811689,0.3763161482887928,-0.0014019372076239129
2023-01-25,488,0.45938849652382363,0.4576995730954052,0.0016889234284184036
2023-01-26,489,0.42065398864645753,0.41826894565914874,0.00238504298730888
2023-01-27,483,0.42162321308809986,0.430554842110869,-0.008931629022769099
2023-01-30,483,0.5654899325656453,0.6282644646257304,-0.06277453206008511
2023-01-31,489,0.5803375474572129,0.6685716118056175,-0.08823406434840464
2023-02-01,486,0.7586461784628177,0.7613651620135337,-0.0027189835507160304
2023-02-02,485,0.5076566513312177,0.5803022159071136,-0.07264556457589577
2023-02-03,484,0.39646735450590526,0.4350393752501755,-0.03857202074427025
2023-02-06,487,0.44359210483366524,0.448576546626686,-0.004984441793020789
2023-02-07,484,0.4480071608540168,0.43687633826210015,0.011130822591916657
2023-02-08,476,0.4886188159154381,0.4862491915274563,0.002369624387981767
2023-02-09,484,0.4707890233029784,0.5455897641313623,-0.07480074082838387
2023-02-10,484,0.40331537077220425,0.4117640839074277,-0.008448713135223421
2023-02-13,479,0.3794098444461357,0.39191848162654835,-0.012508637180412662
2023-02-14,484,0.4427497959203733,0.44867458733945376,-0.005924791419080428
2023-02-15,476,0.44369751730287865,0.43381108136696334,0.009886435935915372
2023-02-16,480,0.3767461587441663,0.37473480624656724,0.0020113524975990745
2023-02-17,486,0.6958502615912527,0.6817528619903931,0.014097399600859843
2023-02-21,486,0.32800020465472063,0.3400267618381447,-0.012026557183424012
2023-02-22,477,0.3842131702572176,0.39936048125449347,-0.015147310997275898
2023-02-23,483,0.4415346611506669,0.41297597662985,0.02855868452081696
2023-02-24,475,0.2881402743198317,0.33213390278640587,-0.04399362846657413
2023-02-27,474,0.3350429742552377,0.34982037595362153,-0.014777401698383794
2023-02-28,486,0.3765686945693341,0.39066035785631337,-0.014091663286979215
2023-03-01,479,0.4096529230974831,0.4028136788699009,0.006839244227582237
2023-03-02,483,0.438370849978607,0.4067033251029129,0.0316675248756941
2023-03-03,485,0.32422309940868926,0.33670861554053105,-0.012485516131841833
2023-03-06,483,0.5291415589988135,0.5555621969773726,-0.026420637978559248
2023-03-07,484,0.3267976277154748,0.3292376534849749,-0.002440025769500132
2023-03-08,467,0.6734070568132126,0.6922943045791948,-0.018887247765982215
2023-03-09,486,0.6938245797391984,0.778742048352265,-0.08491746861306662
2023-03-10,488,0.6505102922535246,0.6444225984080998,0.006087693845424912
2023-03-13,462,0.5161854486542866,0.5312036326091853,-0.015018183954898697
2023-03-14,488,0.6522587003140251,0.7170773494587135,-0.06481864914468838
2023-03-15,475,0.5248243861866769,0.47804546113136337,0.046778925055313544
2023-03-16,485,0.5438671911404773,0.6154042230042013,-0.07153703186372382
2023-03-17,488,0.4852815739507174,0.4740907324854685,0.011190841465248885
2023-03-20,486,0.5880319555343814,0.5427065444542022,0.04532541108017928
2023-03-21,487,0.6424293347112067,0.6916472046684333,-0.04921786995722659
2023-03-22,487,0.42723972971305435,0.4333588279454826,-0.0061190982324281626
2023-03-23,489,0.4495610777078698,0.4462048243973156,0.0033562533105541865
2023-03-24,490,0.36012356643052146,0.34337871552842575,0.016744850902095747
2023-03-27,488,0.3124520360670833,0.3132365007909835,-0.0007844647239001776
2023-03-28,490,0.4678609402337555,0.4377722690169078,0.030088671216847707
2023-03-29,468,0.27728611645479817,0.3146079945382647,-0.037321878083466556
2023-03-30,482,0.4832356194326167,0.5209649929104762,-0.03772937347785942
2023-03-31,489,0.37161737167359815,0.3927392440765949,-0.021121872402996733
2023-04-03,486,0.46693512245087204,0.44742060036832054,0.019514522082551472
2023-04-04,482,0.4713190185079693,0.4583199863631591,0.012999032144810132
2023-04-05,479,0.31130934202781774,0.31541197184430364,-0.004102629816485909
2023-04-06,488,0.3308296867449363,0.3408026633487621,-0.009972976603825788
2023-04-10,490,0.3049813109161521,0.3143776863110373,-0.00939637539488517
2023-04-11,489,0.3190629571119105,0.3269932897884322,-0.00793033267652168
2023-04-12,482,0.3450100711097769,0.34420460382141477,0.0008054672883621658
2023-04-13,488,0.31181375952175644,0.3158606171032024,-0.004046857581445949
2023-04-14,489,0.35285867243668867,0.3540980188656777,-0.0012393464289890475
2023-04-17,490,0.2758895991917524,0.2783841882053322,-0.0024945890135797443
2023-04-18,490,0.36347512820463057,0.3646827333877267,-0.0012076051830962047
2023-04-19,482,0.3915781354501607,0.3968996802300098,-0.0053215447798491645
2023-04-20,489,0.30537862572075286,0.3118943822214288,-0.0065157565006759245
2023-04-21,489,0.2806157362452943,0.2830160733214123,-0.0024003370761179646
2023-04-24,485,0.6548933743046665,0.6358624699182581,0.019030904386408334
2023-04-25,489,0.4810590701622657,0.4438848642219187,0.03717420594034696
2023-04-26,485,0.6895381340366684,0.697753295501508,-0.00821516146483958
2023-04-27,478,0.44776088411305937,0.4214185351994143,0.02634234891364506
2023-04-28,489,0.3560939105202193,0.35300160153482657,0.003092308985392754
2023-05-01,488,0.6013859816733805,0.5944253434221569,0.006960638251223649
2023-05-02,488,0.47824999208916597,0.4707199616983774,0.007530030390788575
2023-05-03,481,0.5428502534224001,0.5412324313892304,0.001617822033169804
2023-05-04,484,0.6057962226934279,0.7995126310715308,-0.19371640837810283
2023-05-05,487,0.3616143042249582,0.3823239769818737,-0.020709672756915556
2023-05-08,483,0.36689987402593144,0.3750723193794843,-0.008172445353552911
2023-05-09,486,0.3670718246203512,0.3727802075796629,-0.005708382959311711
2023-05-10,475,0.38687052472886785,0.39051067199222367,-0.0036401472633558435
2023-05-11,476,0.334399923873314,0.3475886036168838,-0.013188679743569829
2023-05-12,487,0.4037701208288707,0.41724162312109614,-0.01347150229222546
2023-05-15,484,0.4965852456332986,0.49631240161701123,0.00027284401628737467
2023-05-16,483,0.5247709495425815,0.5420739587350155,-0.01730300919243398
2023-05-17,476,0.43650175162760896,0.4299591976654373,0.006542553962171672
2023-05-18,484,0.29080565921542306,0.29902572483445583,-0.008220065619032782
2023-05-19,485,0.34062611456370007,0.32615594089087924,0.014470173672820842
2023-05-22,484,0.48857957921503564,0.5003731764679942,-0.011793597252958513
2023-05-23,487,0.42729121252568514,0.38574551068055807,0.04154570184512711
2023-05-24,480,0.5806193544017497,0.5826177965064668,-0.001998442104717025
2023-05-25,479,0.5260361252410652,0.5028838812094115,0.023152244031653745
2023-05-26,480,0.36736838358112733,0.37334343236030326,-0.0059750487791759505
2023-05-30,471,0.466895573197815,0.47095486912008283,-0.004059295922267866
2023-05-31,474,0.47771416363227787,0.6693374026197637,-0.19162323898748587
2023-06-01,486,0.7418121440245143,0.7362312366044631,0.005580907420051103
2023-06-02,488,0.3273256231887278,0.32317517267002827,0.004150450518699574
2023-06-05,485,0.4273600981010121,0.42098670203729505,0.006373396063717148
2023-06-06,485,0.5291958356843779,0.5194306731552707,0.009765162529107285
2023-06-07,474,0.3679945697312185,0.37187441723825204,-0.0038798475070335324
2023-06-08,487,0.28890145540955775,0.29729808437061434,-0.008396628961056618
2023-06-09,490,0.4024514459537433,0.3957988733124657,0.006652572641277682
2023-06-12,483,0.39138766766664235,0.39340807334324673,-0.002020405676604397
2023-06-13,466,0.38786473015285505,0.3888878985099676,-0.0010231683571125204
2023-06-14,476,0.4449277583508234,0.437630419629827,0.007297338720996306
2023-06-15,485,0.29565471076610766,0.30979214709830716,-0.014137436332199552
2023-06-16,487,0.39072686031072845,0.39821434858193744,-0.007487488271209039
2023-06-20,487,0.32969935353958363,0.33181237851828227,-0.002113024978698663
2023-06-21,486,0.3307090900053817,0.3316556386170783,-0.0009465486116965996
2023-06-22,487,0.35063168148330326,0.3498239820060868,0.0008076994772165306
2023-06-23,489,0.3719748753902248,0.37090666983663434,0.0010682055535904313
2023-06-26,490,0.49661900517891544,0.522401784951434,-0.025782779772518503
2023-06-27,490,0.3314112095525102,0.33098854163993335,0.00042266791257678296
2023-06-28,469,0.34731466585753235,0.3422696264178349,0.005045039439697449
2023-06-29,481,0.32849730322640064,0.3141706195435609,0.014326683682839705
2023-06-30,485,0.3079861379390154,0.3056802779273957,0.002305860011619693
2023-07-03,487,0.3239039517889906,0.31938428636945915,0.0045196654195314104
2023-07-05,481,0.33321090259333797,0.3254496155087236,0.007761287084614354
2023-07-06,481,0.3491573805730911,0.3583722162514668,-0.009214835678375666
2023-07-07,487,0.4265257831723939,0.41908321846850316,0.007442564703890727
2023-07-10,489,0.42117205250231815,0.3925463172466608,0.028625735255657373
2023-07-11,488,0.3527954666226302,0.35426953483570267,-0.0014740682130724668
2023-07-12,485,0.3745441261168527,0.377877559107627,-0.0033334329907742624
2023-07-13,486,0.3818641114901278,0.37734104309150907,0.004523068398618675
2023-07-14,490,0.3616368061359118,0.35760008637385865,0.004036719762053149
2023-07-17,490,0.3730293461623976,0.3685866097162283,0.00444273644616927
2023-07-18,488,0.41121744520958936,0.41065596226550316,0.0005614829440861817
2023-07-19,482,0.5202739168172912,0.5184715142881913,0.0018024025290999332
2023-07-20,490,0.30776733841651005,0.31346550097139164,-0.00569816255488158
2023-07-21,488,0.28336089354839855,0.28533581262939534,-0.0019749190809967903
2023-07-24,488,0.3583047338160357,0.35871230559116624,-0.00040757177513046585
2023-07-25,487,0.38366623101528674,0.38367882397091413,-1.2592955627398949e-05
2023-07-26,487,0.58648852977893,0.582710059132656,0.00377847064627377
2023-07-27,480,0.41364304188282197,0.4159600589714681,-0.0023170170886461536
2023-07-28,482,0.31636304192636,0.31738361722548736,-0.0010205752991273547
2023-07-31,489,0.379832441841216,0.3810721714557,-0.0012397296144840183
2023-08-01,489,0.536510958929136,0.5456984515281236,-0.009187492598987448
2023-08-02,485,0.4746609924801648,0.4903972444161612,-0.01573625193599642
2023-08-03,482,0.4681651579558515,0.4707684194489425,-0.00260326149309098
2023-08-04,484,0.38596527382154183,0.40043557946408814,-0.014470305642546333
2023-08-07,486,0.41542241743610714,0.4164477137533448,-0.0010252963172376244
2023-08-08,482,0.3967529534266422,0.3952180910527412,0.0015348623739010186
2023-08-09,478,0.3227254462213757,0.32901789220829475,-0.006292445986919072
2023-08-10,483,0.3081299035673628,0.3167873869242025,-0.008657483356839683
2023-08-11,480,0.3087784492385095,0.31233392450716896,-0.0035554752686594664
2023-08-14,483,0.43822603890302614,0.441457383451546,-0.0032313445485198586
2023-08-15,481,0.3848707238341978,0.4515225316806225,-0.06665180784642474
2023-08-16,475,0.41849509096660875,0.4521843091923523,-0.03368921822574356
2023-08-17,483,0.28562153285074093,0.33657897467755926,-0.050957441826818384
2023-08-18,487,0.3246939588621692,0.3465281908854515,-0.02183423202328236
2023-08-21,485,0.31340857123203636,0.3286511904857793,-0.015242619253742947
2023-08-22,487,0.3665377043668829,0.34713807442352773,0.019399629943355104
2023-08-23,485,0.39815380281272245,0.42921419141152867,-0.03106038859880624
2023-08-24,483,0.3058398718107034,0.32577087366642404,-0.019931001855720734
2023-08-25,487,0.296559919466595,0.2744817430993036,0.022078176367291317
2023-08-28,487,0.39922872670964094,0.35891821769655174,0.04031050901308917
2023-08-29,476,0.2647327941230357,0.26762597542490124,-0.002893181301865551
2023-08-30,462,0.3381710272333428,0.34751123931826466,-0.009340212084921879
2023-08-31,483,0.3683941310519915,0.3787357752411436,-0.010341644189152139
2023-09-01,482,0.4774874623168645,0.46818232442087815,0.009305137895986379
2023-09-05,484,0.3088386220283184,0.31323051385557826,-0.004391891827259807
2023-09-06,473,0.39003168742384287,0.3972315304206496,-0.007199842996806764
2023-09-07,487,0.32237464084392675,0.3565111683270188,-0.034136527483092025
2023-09-08,490,0.31526647123189255,0.31319651236386953,0.002069958868022999
2023-09-11,483,0.3837618822791121,0.3887752712387232,-0.0050133889596110275
2023-09-12,487,0.34519805422523175,0.3507949582655865,-0.0055969040403547055
2023-09-13,462,0.4066707432931297,0.38926773408848525,0.017403009204644413
2023-09-14,484,0.3680381154425466,0.3743782258407311,-0.006340110398184499
2023-09-15,486,0.3039432607136461,0.30932028674374434,-0.005377026030098277
2023-09-18,489,0.27575499198178427,0.2760908829199313,-0.0003358909381470539
2023-09-19,487,0.31783347404490203,0.3258313919962072,-0.007997917951305146
2023-09-20,486,0.6007270836378686,0.6010720973855367,-0.00034501374766814
2023-09-21,486,0.3046913535511542,0.34260402755308483,-0.03791267400193065
2023-09-22,487,0.2738229072389868,0.2713027755976181,0.002520131641368619
2023-09-25,488,0.49845025105020063,0.6736132847685716,-0.1751630337183711
2023-09-26,489,0.344457442015252,0.35249819957123835,-0.0080407575559863
2023-09-27,468,0.4031571449498431,0.4656408981579384,-0.062483753208095294
2023-09-28,483,0.31436328099837685,0.32774281143907796,-0.013379530440701129
2023-09-29,487,0.4605487095192374,0.49459618835547153,-0.03404747883623415
2023-10-02,488,0.5018997486413068,0.4647179332577882,0.03718181538351859
2023-10-03,488,0.3933293294075315,0.3821716937853406,0.011157635622190859
2023-10-04,476,0.35224070100488825,0.36125544754581823,-0.009014746540929916
2023-10-05,482,0.4103286926987939,0.34862522039125,0.061703472307543895
2023-10-06,490,0.41840818727831186,0.4041206231947992,0.014287564083512713
2023-10-09,489,0.32454108581895996,0.3104955429455628,0.014045542873397194
2023-10-10,485,0.40271545006934534,0.3952924363897254,0.0074230136796199055
2023-10-11,485,0.5099321949537238,0.5012949333171332,0.008637261636590588
2023-10-12,488,0.4272360590874029,0.4245254259287575,0.002710633158645341
2023-10-13,488,0.4097948903910299,0.4181538780075303,-0.008358987616500417
2023-10-16,490,0.30584568083176106,0.3060710229975756,-0.00022534216581452372
2023-10-17,490,0.6247140812007457,0.6475724706045303,-0.022858389403784637
2023-10-18,484,0.48896544096741573,0.46575228842416394,0.02321315254325181
2023-10-19,487,0.44094380511771974,0.427125272465724,0.013818532651995697
2023-10-20,489,0.3429342930853702,0.395913276690301,-0.05297898360493077
2023-10-23,488,0.439680991145239,0.40067799484346345,0.03900299630177557
2023-10-24,489,0.5764950145350829,0.5100220489354408,0.06647296559964214
2023-10-25,487,0.5576345554407,0.5775394129077605,-0.019904857467060513
2023-10-26,489,0.5580625424926074,0.5734998537843344,-0.015437311291727
2023-10-27,483,0.45998774860922476,0.5195609624715195,-0.059573213862294735
2023-10-30,477,0.4150078060990773,0.39527455740672296,0.019733248692354315
2023-10-31,490,0.48792728223467563,0.4785053122472494,0.009421969987426221
2023-11-01,485,0.8576602143707265,0.8527280205511315,0.004932193819595053
2023-11-02,486,0.6837602705922706,0.6681027169998243,0.015657553592446357
2023-11-03,485,0.37396532860772025,0.4200836770109342,-0.04611834840321393
2023-11-06,486,0.3838596516753971,0.37912848861285803,0.004731163062539106
2023-11-07,485,0.36627296289126204,0.37883546603596735,-0.012562503144705299
2023-11-08,476,0.4354642260798992,0.45896732515842065,-0.023503099078521508
2023-11-09,482,0.4605939673422196,0.5032269889210413,-0.04263302157882182
2023-11-10,484,0.30638125132023564,0.30642708765797677,-4.583633774106405e-05
2023-11-13,473,1.0679329607006705,1.0403214061125143,0.027611554588156176
2023-11-14,483,0.3773841233089192,0.45876659256508034,-0.08138246925616112
2023-11-15,470,0.3745929902701901,0.3796932627849723,-0.005100272514782138
2023-11-16,485,0.2968992834609566,0.2916548013136088,0.005244482147347773
2023-11-17,482,0.2801192533535881,0.2847491061403714,-0.004629852786783324
2023-11-20,485,0.31396637749267486,0.3185281909105307,-0.004561813417855824
2023-11-21,481,0.24623024373163752,0.260261984824828,-0.014031741093190428
2023-11-22,484,0.2015496658541688,0.1958011866794461,0.005748479174722663
2023-11-24,487,0.24970691142453857,0.2406482183605112,0.009058693064027361
2023-11-27,489,0.288042320729922,0.2877821205927402,0.0002602001371817497
2023-11-28,478,0.40381283994569234,0.40423753123341727,-0.00042469128772491333
2023-11-29,456,0.3537595504578261,0.34111251037212514,0.012647040085700938
2023-11-30,486,0.5617141060973165,0.5373024127571795,0.0244116933401371
2023-12-01,489,0.34466880220835117,0.3412573591986188,0.0034114430097323322
2023-12-04,482,0.35866284335515136,0.3853387865759588,-0.02667594322080744
2023-12-05,486,0.35887020334773023,0.3642073696982038,-0.005337166350473583
2023-12-06,472,0.32923507457723605,0.3273072960785727,0.0019277784986633589
2023-12-07,487,0.3191918165505626,0.3206637275745372,-0.0014719110239746127
2023-12-08,489,0.3944064109570245,0.3963257169334452,-0.0019193059764207167
2023-12-11,484,0.32306209438741984,0.31964798763062147,0.0034141067567983086
2023-12-12,486,0.7584239579432172,0.7577465885820616,0.0006773693611556783
2023-12-13,464,0.9261501729375194,0.949835640813967,-0.023685467876447482
2023-12-14,482,0.35780188278990444,0.4040392608238794,-0.046237378033975055
2023-12-15,485,0.31934744588812125,0.30946977187652674,0.009877674011594482
2023-12-18,488,0.33132571331426336,0.31839046721412967,0.012935246100133715
2023-12-19,485,0.5172216008545063,0.5543444226052728,-0.03712282175076651
2023-12-20,490,0.3940042467491574,0.40917298813608305,-0.015168741386925635
2023-12-21,491,0.24382515188668394,0.25400120869643567,-0.010176056809751716
2023-12-22,489,0.2380836763771759,0.2344388582196968,0.0036448181574791206
2023-12-26,485,0.19142644379992663,0.19063794021077773,0.0007885035891489023
2023-12-27,471,0.19130285730771582,0.20165909115816788,-0.010356233850452054
2023-12-28,478,0.2039417854659483,0.1845742857541684,0.01936749971177989
2023-12-29,489,0.5268337789644904,0.521284096514563,0.005549682449927332
2024-01-02,489,0.5246201194309772,0.5196069958718442,0.00501312355913298
2024-01-03,483,0.2858099718546922,0.2971259918898296,-0.011316020035137429
2024-01-04,490,0.2741835131803126,0.2716996023040507,0.0024839108762619274
2024-01-05,488,0.43786937228914136,0.44430669770751247,-0.006437325418371077
2024-01-08,485,0.32806177046010065,0.33426147489979163,-0.00619970443969097
2024-01-09,490,0.3279979642760243,0.3311666471066245,-0.003168682830600217
2024-01-10,487,0.3162764630864611,0.32048938174132346,-0.0042129186548623436
2024-01-11,486,0.33515217415812526,0.3338406382879737,0.0013115358701515387
2024-01-12,489,0.3863855950352299,0.3862071052748257,0.0001784897604041717
2024-01-16,490,0.3290404550047901,0.3272142334197789,0.0018262215850111234
2024-01-17,484,0.3814634360247075,0.3619230102981943,0.01954042572651321
2024-01-18,486,0.4446234228915143,0.43800824765840696,0.006615175233107354
2024-01-19,490,0.36399960987848684,0.36199480655646077,0.002004803322026043
2024-01-22,488,0.3495801785943997,0.3553713890911076,-0.005791210496707905
2024-01-23,490,0.41286370633815384,0.40218950607767134,0.010674200260482516
2024-01-24,490,0.4680623747124849,0.45719301667881973,0.010869358033665252
2024-01-25,491,0.31843767650598137,0.3187101045514449,-0.0002724280454635691
2024-01-26,490,0.32837344281420083,0.3249513957300268,0.003422047084174007
2024-01-29,483,0.3661810303371491,0.364184416670999,0.001996613666150078
2024-01-30,482,0.5261897073484347,0.518337922096497,0.007851785251937745
2024-01-31,487,0.557504993519893,0.5702005548704635,-0.012695561350570353
2024-02-01,486,0.4494551046053377,0.4436637000298403,0.005791404575497445
2024-02-02,488,0.4486145831444551,0.44707972457566025,0.0015348585687948613
2024-02-05,488,0.4363745458543459,0.47571430986738056,-0.039339764013034635
2024-02-06,487,0.4039701389628671,0.4073634963440234,-0.003393357381156302
2024-02-07,479,0.47917748637962554,0.4739476507086488,0.0052298356709767225
2024-02-08,486,0.37637639886773355,0.37809384393467876,-0.0017174450669452748
2024-02-09,489,0.36551710891570194,0.3578209183400672,0.007696190575634745
2024-02-12,486,0.5961876150217903,0.6152486850743948,-0.019061070052604438
2024-02-13,481,0.4841714505391076,0.5449423717888825,-0.06077092124977496
2024-02-14,472,0.5310082884623456,0.5373794815796729,-0.006371193117327223
2024-02-15,478,0.3778069557069103,0.37346156869793773,0.004345387008972615
2024-02-16,483,0.3233431454975123,0.3226307559511921,0.0007123895463201394
2024-02-20,486,0.3727558589164091,0.3714639444920109,0.0012919144243981817
2024-02-21,479,0.5629463679817559,0.5644792858160863,-0.0015329178343304129
2024-02-22,484,0.3540238116081563,0.3500374447655754,0.003986366842580911
2024-02-23,486,0.370016983665688,0.3677679714597847,0.0022490122059033468
2024-02-26,489,0.3586950837549826,0.35882782359888254,-0.00013273984389994872
2024-02-27,480,0.31583444251182147,0.3157199765990103,0.0001144659128111632
2024-02-28,468,0.3586269511842273,0.3583539963329363,0.0002729548512910415
2024-02-29,482,0.45950671819977174,0.4594486589975026,5.805920226918089e-05
2024-03-01,487,0.4283830958121689,0.4270634305215698,0.0013196652905990603
2024-03-04,483,0.43761466800910626,0.43889972996450094,-0.0012850619553946183
2024-03-05,485,0.3712863758738006,0.3695110291898374,0.0017753466839632494
2024-03-06,467,0.39065277241096075,0.39143721101205364,-0.0007844386010929401
2024-03-07,484,0.3365498431005681,0.3356375276313052,0.0009123154692629265
2024-03-08,490,0.37329293559562626,0.37287546533584964,0.00041747025977662445
2024-03-11,483,0.34457508235535717,0.34724389959437024,-0.0026688172390131244
2024-03-12,486,0.36310530315746725,0.3622088003223526,0.0008965028351146749
2024-03-13,457,0.40395350656655094,0.39962624823435333,0.004327258332197656
2024-03-14,488,0.35182691024646706,0.34926328625594494,0.002563623990522186
2024-03-15,486,0.2876846845093436,0.29329621913727255,-0.005611534627928985
2024-03-18,490,0.30070513259216364,0.29545155059460826,0.005253581997555444
2024-03-19,484,0.40346738679061,0.4141274083168033,-0.010660021526193279
2024-03-20,489,0.40046822037478463,0.40163821938212185,-0.0011699990073372175
2024-03-21,488,0.3132609532681516,0.3106710110377556,0.002589942230396047
2024-03-22,491,0.3048452748344719,0.3017499325701705,0.0030953422643013677
2024-03-25,491,0.2899206234054551,0.28750830295195995,0.0024123204534951116
2024-03-26,465,0.5296775414208307,0.5379432167873437,-0.008265675366513025
2024-03-27,483,0.25156197463596996,0.24884972208843498,0.002712252547535012
2024-03-28,488,0.36056566398208145,0.355294488536648,0.005271175445433376
2024-04-01,489,0.4011600154523148,0.3972794227604434,0.003880592691871339
2024-04-02,488,0.34035743984923666,0.3477600032474726,-0.0074025633982359495
2024-04-03,484,0.4204746792628273,0.4160636028966219,0.004411076366205354
2024-04-04,489,0.33816752938788297,0.346212005634438,-0.008044476246555056
2024-04-05,487,0.2929409263118618,0.29479911930528,-0.0018581929934182672
2024-04-08,484,0.36265096519133844,0.36259868570188786,5.227948945059859e-05
2024-04-09,490,0.6171400044496754,0.6017400961891957,0.015399908260479659
2024-04-10,487,0.36751027882414156,0.374553424416124,-0.007043145591982433
2024-04-11,484,0.5433969289358076,0.549168556867473,-0.005771627931665464
2024-04-12,489,0.38186552183183126,0.3281033861956831,0.05376213563614819
2024-04-15,491,0.34458557466631806,0.3589730117424113,-0.014387437076093171
2024-04-16,491,0.37819367845384144,0.4460661501210023,-0.06787247166716084
2024-04-17,485,0.3371729538552282,0.3518136117167721,-0.014640657861543898
2024-04-18,487,0.45853128237192076,0.4495972330786105,0.00893404929331025
2024-04-19,490,0.3270021128809462,0.3381202316799954,-0.011118118799049182
2024-04-22,487,0.4456627730431427,0.4197098943261117,0.025952878717030968
2024-04-23,490,0.3802482780361572,0.38330120257809047,-0.0030529245419332785
2024-04-24,489,0.4378181630983804,0.4351795635701982,0.002638599528182258
2024-04-25,490,0.4168954924314042,0.41835648180661794,-0.0014609893752137169
2024-04-26,485,0.353084548966935,0.3492418027779186,0.003842746189016319
2024-04-29,482,0.5909148508092208,0.6137379854055917,-0.022823134596370937
2024-04-30,489,0.5344286938059607,0.5333826556457754,0.0010460381601853786
2024-05-01,488,0.5311410679937334,0.5112089661137258,0.019932101880007477
2024-05-02,484,0.4089552933428414,0.3972173263249191,0.0117379670179224
2024-05-03,487,0.4010525605497572,0.397742633150138,0.0033099273996191557
2024-05-06,487,0.36309301519774995,0.3630921286009532,8.865967967550325e-07
2024-05-07,491,0.31631302104848164,0.3165154858725647,-0.00020246482408307418
2024-05-08,478,0.4115481884977326,0.41543393349185864,-0.0038857449941260237
2024-05-09,481,0.31873855273061036,0.3185136823645324,0.00022487036607790647
2024-05-10,488,0.29780359065842127,0.2990328066575128,-0.0012292159990915262
2024-05-13,480,0.3043208144646548,0.3081539258163362,-0.003833111351681381
2024-05-14,483,0.44559019395729893,0.45220811796933963,-0.006617924012040687
2024-05-15,475,0.3594962380402855,0.3594688438020948,2.7394238190659622e-05
2024-05-16,484,0.26238127114977344,0.26258231487002454,-0.00020104372025107626
2024-05-17,488,0.34047626547720283,0.33941477381933066,0.001061491657872213
2024-05-20,487,0.3020858141043597,0.2997086091796165,0.002377204924743229
2024-05-21,490,0.40541838182499834,0.4052543353434435,0.00016404648155480753
2024-05-22,480,0.5299552810700129,0.5141073292878731,0.015847951782139828
2024-05-23,484,0.37875614392565016,0.3887577366746309,-0.01000159274898079
2024-05-24,492,0.4306325963689003,0.42015533688774775,0.010477259481152515
2024-05-28,488,0.40629977447137633,0.38387432703951524,0.0224254474318611
2024-05-29,487,0.46397423885967176,0.4561933321826222,0.007780906677049552
2024-05-30,473,0.5601949277233027,0.5584883044909612,0.0017066232323414644
2024-05-31,476,0.4263902017084755,0.42290115464619343,0.0034890470622821143
2024-06-03,485,0.3526080504752978,0.3486825804121666,0.003925470063131162
2024-06-04,488,0.4194238928941322,0.4266892165073405,-0.0072653236132083614
2024-06-05,489,0.3180658378701446,0.3194547021254133,-0.0013888642552687587
2024-06-06,473,0.2949062824894869,0.2893966568897774,0.005509625599709561
2024-06-07,481,0.3644697795456487,0.3619108892912704,0.002558890254378262
2024-06-10,490,0.3251230842482215,0.32203903144795243,0.003084052800269041
2024-06-11,486,0.46286959389545446,0.45913227624723374,0.0037373176482207145
2024-06-12,490,0.34513819801773377,0.3420327074374799,0.0031054905802538903
2024-06-13,462,0.3796030953519255,0.3746404085074274,0.004962686844498092
2024-06-14,483,0.3970661230959985,0.4069365109006123,-0.009870387804613804
2024-06-17,483,0.3223346597964015,0.32090820204990683,0.0014264577464946793
2024-06-18,490,0.38500293495732263,0.3874408992773041,-0.002437964319981441
2024-06-20,488,0.2790071069780715,0.2776764756726765,0.0013306313053950216
2024-06-21,488,0.40124545847446547,0.3966736621186179,0.004571796355847583
2024-06-24,492,0.40150435168070003,0.3952962371607288,0.006208114519971226
2024-06-25,490,0.32824254563356675,0.31719296769577476,0.01104957793779198
2024-06-26,490,0.30142434591476985,0.3036061411534962,-0.00218179523872639
2024-06-27,469,0.3689091433377387,0.36819543748764794,0.000713705850090791
2024-06-28,483,0.3826711442187585,0.37281059889808205,0.009860545320676423
2024-07-01,490,0.2889906108093926,0.28191128292782286,0.007079327881569733
2024-07-02,490,0.2752154152555949,0.2762797344883624,-0.0010643192327675069
2024-07-03,483,0.3067344628506221,0.30366448399825163,0.003069978852370436
2024-07-05,486,0.3105636228212099,0.3143758819660555,-0.0038122591448455606
2024-07-08,487,0.3030297232415439,0.30416069933530343,-0.0011309760937595556
2024-07-09,486,0.3558904786046189,0.36309585144295176,-0.007205372838332839
2024-07-10,488,0.6049227916757026,0.6022604682966234,0.002662323379079198
2024-07-11,490,0.34662832554104045,0.3563981294225248,-0.009769803881484357
2024-07-12,484,0.43666678664986447,0.43921687882758764,-0.002550092177723135
2024-07-15,492,0.6443283427911801,0.6522402920872674,-0.007911949296087349
2024-07-16,491,0.6863392160345695,0.6890346362709079,-0.002695420236338271
2024-07-17,491,0.4419364414680697,0.44175668745670676,0.0001797540113628746
2024-07-18,486,0.39600190511637845,0.3915784109813175,0.004423494135061002
2024-07-19,488,0.42638158170802803,0.43686776053074666,-0.010486178822718642
2024-07-22,491,0.4005175570835094,0.39912232780424095,0.00139522927926849
2024-07-23,491,0.7395601762484094,0.7246933883596175,0.014866787888791949
2024-07-24,491,0.6371859048292472,0.6305752821117037,0.006610622717543487
2024-07-25,488,0.6135104217948805,0.609623768379501,0.003886653415379499
2024-07-26,491,0.31570676979332435,0.310468262373604,0.005238507419720347
2024-07-29,491,0.5071061555066945,0.4999444212677831,0.007161734238911386
2024-07-30,483,0.5065012627902074,0.527086203425705,-0.02058494063549757
2024-07-31,483,0.8365226175057499,0.8441133000885239,-0.007590682582774101
2024-08-01,488,0.8977416730455337,0.8541077225706651,0.04363395047486854
2024-08-02,487,0.7995375982464721,0.8438485907927519,-0.044310992546279834
2024-08-05,489,0.5340586053229884,0.4817167784617102,0.052341826861278196
2024-08-06,487,0.4973776049775797,0.5295629560179256,-0.0321853510403459
2024-08-07,491,0.6738778963009585,0.6155630199587315,0.058314876342226894
2024-08-08,484,0.33473189110427387,0.3417677197112025,-0.007035828606928583
2024-08-09,480,0.34357573364893124,0.34814370509513903,-0.004567971446207822
2024-08-12,490,0.4701295594590404,0.49208998638470414,-0.02196042692566377
2024-08-13,485,0.3056444265725411,0.3020299848622567,0.0036144417102843807
2024-08-14,473,0.5456422016822015,0.5560790386672102,-0.01043683698500873
2024-08-15,476,0.26509841871512846,0.25984865363465526,0.005249765080473242
2024-08-16,484,0.2939439214895727,0.2655574626703992,0.02838645881917356
2024-08-19,487,0.29330550261735094,0.3385943290862784,-0.04528882646892742
2024-08-20,485,0.32682338242426795,0.32353692267130324,0.0032864597529647208
2024-08-21,489,0.28839908463430974,0.29823016947440206,-0.00983108484009228
2024-08-22,487,0.4689670598853099,0.4571193556369537,0.011847704248356185
2024-08-23,487,0.26030126790509595,0.26653103473983375,-0.006229766834737785
2024-08-26,487,0.279089131239037,0.2761834531053493,0.002905678133687693
2024-08-27,491,0.2978819884140333,0.29396787636955357,0.0039141120444797445
2024-08-28,489,0.35832153836079866,0.36231959581191525,-0.0039980574511165766
2024-08-29,469,0.31448780871347365,0.32696438858185733,-0.012476579868383698
2024-08-30,474,0.7747376397515193,0.7606016281933277,0.014136011558191592
2024-09-03,483,0.34542684891163866,0.36676089435405684,-0.021334045442418216
2024-09-04,485,0.3808169524184955,0.3733152382779979,0.007501714140497678
2024-09-05,478,0.48288222163931815,0.4761142935415201,0.006767928097798083
2024-09-06,484,0.40363237445608136,0.4208164213277739,-0.017184046871692563
2024-09-09,486,0.36755473575390885,0.3660215781378603,0.0015331576160485757
2024-09-10,488,0.4231191259688669,0.4279760193152065,-0.0048568933463395934
2024-09-11,487,0.3521233987571171,0.3639562098255168,-0.011832811068399693
2024-09-12,469,0.3820802962890141,0.3829814755237597,-0.0009011792347456367
2024-09-13,476,0.335000638906738,0.33669138622088646,-0.0016907473141484625
2024-09-16,484,0.3429701366127142,0.3465047379707775,-0.0035346013580633043
2024-09-17,490,0.2727185306680591,0.2733758455865545,-0.0006573149184953681
2024-09-18,489,0.5402651295586531,0.5562169587241003,-0.01595182916544723
2024-09-19,487,0.38687858007183445,0.38854439242443956,-0.0016658123526051335
2024-09-20,489,0.31255533539147556,0.3178373274565153,-0.0052819920650396856
2024-09-23,491,0.3277856556561631,0.327775706292559,9.949363604103055e-06
2024-09-24,491,0.3440506422534583,0.34154031713895155,0.0025103251145067815
2024-09-25,488,0.5431750941524882,0.5505208692249164,-0.007345775072428179
2024-09-26,486,0.3248985091855112,0.3243323253946859,0.0005661837908252869
2024-09-27,472,0.27533440103467727,0.2750599759972713,0.0002744250374060115
2024-09-30,482,0.4113542819467528,0.4098784887823278,0.0014757931644249363
2024-10-01,489,0.3159692486946856,0.3192918874052781,-0.003322638710592524
2024-10-02,490,0.34129249076634405,0.3358472773659088,0.005445213400435251
2024-10-03,483,0.3797570104826162,0.38320664160992635,-0.003449631127310156
2024-10-04,489,0.4137971025592501,0.41188875338797165,0.0019083491712784777
2024-10-07,491,0.3790630039270618,0.3828818931993577,-0.003818889272295934
2024-10-08,490,0.33595037838915853,0.34046943669190927,-0.004519058302750725
2024-10-09,484,0.2986934524487293,0.2918467745789958,0.006846677869733498
2024-10-10,490,0.38727926856896255,0.388145761570336,-0.0008664930013734176
2024-10-11,493,0.30509043618718307,0.3108815553196954,-0.005791119132512311
2024-10-14,487,0.4492461402951497,0.44897698508386463,0.0002691552112851239
2024-10-15,492,0.36442042562425053,0.37123548956591895,-0.006815063941668421
2024-10-16,492,0.3572216327743045,0.35892530425751723,-0.0017036714832127675
2024-10-17,487,0.2977946894162926,0.2995555639512676,-0.001760874534974937
2024-10-18,490,0.3600314170686899,0.358603042779629,0.001428374289060938
2024-10-21,491,0.38265177888165897,0.3713242273397986,0.011327551541860374
2024-10-22,491,0.3564167796106385,0.35277211573637535,0.0036446638742631487
2024-10-23,493,0.44134984897022983,0.446318904070701,-0.00496905510047115
2024-10-24,490,0.4182074496946356,0.40341151566686945,0.014795934027766149
2024-10-25,492,0.3206743070546328,0.34221169482415176,-0.021537387769518926
2024-10-28,493,0.43752501082423323,0.4338866443948943,0.003638366429338911
2024-10-29,492,0.44974272680823746,0.4467270644875251,0.0030156623207123873
2024-10-30,485,0.7147702767900024,0.7057082816576464,0.009061995132355994
2024-10-31,485,0.43824466050981575,0.45067078244118897,-0.012426121931373222
2024-11-01,484,0.3480684422539318,0.3438152754273395,0.0042531668265923285
2024-11-04,490,0.482618277099487,0.48949074548313115,-0.006872468383644168
2024-11-05,491,1.5000267734473194,1.472718727839226,0.027308045608093683
2024-11-06,489,0.5616715992832436,0.5702192094397565,-0.008547610156512921
2024-11-07,479,0.5603400934310371,0.5476712937155251,0.012668799715511863
2024-11-08,493,0.5067871340922357,0.4905583551743497,0.016228778917886058
2024-11-11,487,0.3962987585079864,0.4131155062348492,-0.016816747726862792
2024-11-12,483,0.34159685574785414,0.34078104316446534,0.0008158125833887803
2024-11-13,483,0.4558664965091132,0.4551529365108582,0.0007135599982549791
2024-11-14,470,0.5482846647607544,0.5292165388142439,0.019068125946510514
2024-11-15,480,0.3631689760579049,0.36151358406392475,0.0016553919939801753
2024-11-18,490,0.39381982353136263,0.4007155688594659,-0.006895745328103373
2024-11-19,488,0.34597001335169636,0.3488859214010932,-0.0029159080493968556
2024-11-20,485,0.46367043877211495,0.44824526384670677,0.015425174925408234
2024-11-21,485,0.390961780681606,0.3801809541129299,0.010780826568676054
2024-11-22,489,0.4909707708204908,0.48175917412878433,0.009211596691706408
2024-11-25,489,0.37467242021890174,0.3776018381560781,-0.0029294179371763297
2024-11-26,488,0.3132891609181994,0.3144341753638995,-0.0011450144457000827
2024-11-27,474,0.23612801410363954,0.24165954989336344,-0.005531535789723893
2024-11-29,474,0.4052969539100878,0.4120554328872049,-0.006758478977117047
2024-12-02,488,0.3299896355509666,0.33409229411854846,-0.0041026585675818916
2024-12-03,487,0.4309090927595996,0.43056313044108546,0.00034596231851412643
2024-12-04,485,0.3764246614186594,0.37778519950839334,-0.0013605380897339595
2024-12-05,477,0.3713104625998007,0.36995785555968536,0.0013526070401153906
2024-12-06,482,0.5592832370746618,0.5455046448335943,0.013778592241067414
2024-12-09,488,0.4173503514167204,0.42092173706168323,-0.003571385644962837
2024-12-10,490,0.39569674685224643,0.40084850941162836,-0.005151762559381911
2024-12-11,493,0.36140264483117146,0.3620285029250463,-0.0006258580938748414
2024-12-12,471,0.33904691473852966,0.33462027364104024,0.004426641097489377
2024-12-13,479,0.39021798361066246,0.3928368048244299,-0.0026188212137674815
2024-12-16,486,0.36663211266690987,0.35742509295416375,0.009207019712746114
2024-12-17,489,1.0545317677563892,1.0801075865950707,-0.025575818838681617
2024-12-18,492,0.4123580375188792,0.40344727549502546,0.008910762023853741
2024-12-19,484,0.4371213955206647,0.4721805839116903,-0.035059188391025696
2024-12-20,491,0.2971811995097054,0.28226995248454745,0.014911247025157953
2024-12-23,493,0.2625549785723996,0.1997761062453676,0.062778872327032
2024-12-24,489,0.19111242164890327,0.19921830107741964,-0.008105879428516358
2024-12-26,486,0.2673449899383208,0.24750676554372403,0.019838224394596753
2024-12-27,489,0.3332648429014848,0.27280451796432736,0.060460324937157355
2024-12-30,474,0.22300083478254473,0.2383561970727471,-0.015355362290202373
2024-12-31,482,0.3254700580592771,0.36015918743848024,-0.03468912937920317
2025-01-02,486,0.38841854352936284,0.3647477491745373,0.02367079435482554
2025-01-03,490,0.45197401240997287,0.4533151524085714,-0.0013411399985985097
2025-01-06,490,0.3667912684429615,0.36993507799443337,-0.0031438095514718495
2025-01-07,492,0.35475221501425375,0.35946049786214873,-0.004708282847894958
2025-01-08,483,0.6727941649394635,0.6570178358098128,0.01577632912965078
2025-01-10,492,0.46276653567602627,0.4556265021202111,0.007140033555815175
2025-01-13,491,0.39214653748533906,0.38434432440855737,0.00780221307678171
2025-01-14,488,0.46883481511945735,0.4660763660566624,0.002758449062794941
2025-01-15,491,0.42380238396047665,0.42040815151511196,0.0033942324453646753
2025-01-16,488,0.33410631531368173,0.32806020081622594,0.006046114497455783
2025-01-17,489,0.51821226645692,0.5106385512249374,0.007573715231982465
2025-01-21,490,0.4681010496458211,0.4704978601128228,-0.002396810467001702
2025-01-22,492,0.3393354656277104,0.3366238267852948,0.00271163884241565
2025-01-23,490,0.3131561970431669,0.31515806546251746,-0.002001868419350572
2025-01-24,492,1.0627287447485014,1.0613435721338853,0.0013851726146161974
2025-01-27,493,0.5233567195316848,0.5557042905058647,-0.03234757097417981
2025-01-28,491,0.38885725836004004,0.3805806790216785,0.008276579338361604
2025-01-29,491,0.5600128827588602,0.5649218460563216,-0.004908963297461385
2025-01-30,485,0.4025007024631304,0.38545638914494107,0.01704431331818933
2025-01-31,482,0.4381594902190656,0.43530579851603496,0.002853691703030642
2025-02-03,492,0.45136821317475145,0.44690087447653043,0.004467338698220998
2025-02-04,491,0.44131081940976363,0.4484395218711511,-0.007128702461387477
2025-02-05,493,0.5221559445731675,0.5233587071244136,-0.0012027625512462355
2025-02-06,481,0.4014776843401349,0.4290435560429988,-0.027565871702863867
2025-02-07,485,0.4348390549522603,0.433038311083619,0.0018007438686412098
2025-02-10,491,0.3836565727966066,0.3790303681514518,0.004626204645154804
2025-02-11,488,0.4638976237707307,0.457951441663323,0.00594618210740771
2025-02-12,491,0.5639317282225353,0.5521313927751099,0.011800335447425344
2025-02-13,465,0.465179579480393,0.4660016248777688,-0.0008220453973758053
2025-02-14,479,0.4291352943493248,0.4209069203888273,0.008228373960497422
2025-02-18,490,0.4176800835222332,0.4159146163229994,0.0017654671992337703
2025-02-19,488,0.44379221956863174,0.44440973638937364,-0.000617516820741915
2025-02-20,483,0.7052177721298902,0.7065495399028676,-0.0013317677729774277
2025-02-21,484,0.39775848373664163,0.4003326698032375,-0.002574186066595816
2025-02-24,488,0.48019193176132696,0.4704541293960726,0.009737802365254322
2025-02-25,488,0.46412044026914984,0.4651762361000849,-0.0010557958309350961
2025-02-26,489,0.5665286006825725,0.5669599456970785,-0.00043134501450604434
2025-02-27,475,0.4776191837671727,0.48713039164856936,-0.00951120788139667
2025-02-28,475,0.639588709213229,0.629360591468798,0.010228117744431086
2025-03-03,488,0.6717673338372608,0.654355813962309,0.01741151987495186
2025-03-04,485,0.4834171209878202,0.49166903251099303,-0.008251911523172815
2025-03-05,487,0.7149625891209958,0.7318617478576113,-0.016899158736615568
2025-03-06,476,0.5539647503063433,0.5369495947651685,0.017015155541174873
2025-03-07,473,0.8184351167877039,0.8709162728302056,-0.05248115604250166
2025-03-10,489,0.6946259209741299,0.7157326673996165,-0.021106746425486583
2025-03-11,486,0.5003110551300806,0.46446034937977076,0.03585070575030979
2025-03-12,488,0.5625729768359297,0.6731975179196078,-0.11062454108367814
2025-03-13,463,0.608631829413371,0.5769416963426183,0.03169013307075276
2025-03-14,484,0.4598630849209055,0.61854377995564,-0.15868069503473453
2025-03-17,486,0.35828125823437923,0.3507077724296631,0.007573485804716136
2025-03-18,491,0.3963315882527562,0.38452206586486487,0.011809522387891399
2025-03-19,487,0.3105342002986527,0.3110186443119423,-0.00048444401328960596
2025-03-20,489,0.3448990353772905,0.3405501291533781,0.004348906223912391
2025-03-21,491,0.5711617791903577,0.5702998469526671,0.0008619322376905835
2025-03-24,491,0.335440887085851,0.334777883445604,0.000663003640246989
2025-03-25,494,0.4535063712910394,0.4473325464876469,0.00617382480339244
2025-03-26,493,0.3952604537435592,0.39800017320266634,-0.002739719459107098
2025-03-27,489,0.611046764082015,0.5985430122804449,0.01250375180156998
2025-03-28,473,0.374406659012242,0.3709533858838717,0.003453273128370293
2025-03-31,489,0.3168298096809059,0.3163488310823904,0.00048097859851544295
2025-04-01,494,0.3587588866433164,0.35731850063516285,0.0014403860081535298
2025-04-02,491,2.404746037157115,2.4159474865117665,-0.011201449354651226
2025-04-03,490,2.26494846446833,2.513265270903834,-0.24831680643550405
2025-04-04,492,0.6620860872636949,0.6476517598396074,0.014434327424087474
2025-04-07,495,0.7210644661181029,1.0791146060077417,-0.3580501398896388
2025-04-08,495,3.017248428480704,2.5663672929374854,0.45088113554321885
2025-04-09,487,0.8458324748047666,0.7422381831240937,0.10359429168067293
2025-04-10,493,0.613272062352407,0.44391153317183013,0.16936052918057704
2025-04-11,495,0.5035693682032537,0.4318255946994924,0.07174377350376133
2025-04-14,492,0.39557901887590385,0.4212116411006583,-0.025632622224754462
2025-04-15,494,0.5023928620554234,0.39224287228684823,0.11014998976857518
2025-04-16,489,0.49505158548669753,0.4901403742967382,0.004911211189959421
2025-04-17,492,0.7132304107964244,0.7448794077513274,-0.03164899695490315
2025-04-21,493,0.7523530061795419,0.7585957797574072,-0.006242773577865139
2025-04-22,493,0.5149950611895762,0.42403681926648334,0.0909582419230928
2025-04-23,496,0.710646639001671,0.6291562241359911,0.08149041486567984
2025-04-24,494,0.4188464201927438,0.40606995965842174,0.012776460534322043
2025-04-25,495,0.2879463930550493,0.27862989047876036,0.00931650257628893
2025-04-28,495,0.37801094304178423,0.3991518115953371,-0.02114086855355285
2025-04-29,486,0.4301940109596722,0.4264961507498005,0.003697860209871681
2025-04-30,491,0.4984722217321534,0.4927081031994721,0.005764118532681281
2025-05-01,491,0.5983449456879283,0.558246602839909,0.04009834284801935
2025-05-02,490,0.3418985963629645,0.34304040179519063,-0.0011418054322261484
2025-05-05,493,0.43272059739597335,0.42164451612917825,0.011076081266795074
2025-05-06,494,0.41763771905356634,0.3891241322047166,0.028513586848849717
2025-05-07,495,0.5196129861508356,0.4972536472074963,0.022359338943339288
2025-05-08,485,0.36663013153335394,0.3721472288985561,-0.005517097365202179
2025-05-09,487,1.313409574322304,1.3322743495336682,-0.018864775211364225
2025-05-12,493,0.5514480209010426,0.544919265601786,0.006528755299256446
2025-05-13,488,0.43137020919579194,0.43914261658465237,-0.00777240738886041
2025-05-14,483,0.48034673380375664,0.4789092628684148,0.0014374709353418254
2025-05-15,477,0.36248868517495164,0.3250238968242479,0.037464788350703736
2025-05-16,482,0.28708459365480227,0.29555536920157205,-0.008470775546769808
2025-05-19,492,0.2980586487315194,0.29930530644276243,-0.0012466577112430167
2025-05-20,490,0.7093897041850533,0.7144191607518228,-0.005029456566769462
2025-05-21,490,0.32332534007761493,0.3482918735645685,-0.024966533486953536
2025-05-22,481,0.3584724960589324,0.34640167627464113,0.012070819784291259
2025-05-23,489,0.580252284703044,0.5787065573892571,0.0015457273137868676
2025-05-27,492,0.3739605392583405,0.3752314035040315,-0.00127086424569097
2025-05-28,491,0.34014246315006064,0.3385390057883732,0.0016034573616874115
2025-05-29,477,0.3677133295644099,0.36490406687303617,0.0028092626913737177
2025-05-30,478,0.3586641891300908,0.36529502457377006,-0.006630835443679226
2025-06-02,493,0.4231870641629285,0.44245811916468997,-0.019271055001761465
2025-06-03,488,0.3485155074210064,0.35245452562074325,-0.003939018199736903
2025-06-04,492,0.35225456319922765,0.3549552137923579,-0.0027006505931301936
2025-06-05,482,0.3885980050816681,0.41494721639873133,-0.026349211317063203
2025-06-06,487,0.37774395828463814,0.3798757066390227,-0.0021317483543845904
2025-06-09,486,0.4114413035463315,0.4232789222767752,-0.01183761873044372
2025-06-10,493,0.3346268057896923,0.34112368436460533,-0.006496878574913031
2025-06-11,494,0.3235128919283623,0.3338596203236175,-0.010346728395255203
2025-06-12,471,0.5626066683812163,0.5459026273763656,0.016704041004850755
2025-06-13,482,0.5317785275366046,0.5091559208341603,0.022622606702444432
2025-06-16,491,0.4248926794913625,0.42914488123547556,-0.004252201744113065
2025-06-17,487,0.3253072076912818,0.3442225147158085,-0.01891530702452674
2025-06-18,493,0.30804411022406836,0.3225485471985782,-0.01450443697450979
2025-06-20,492,0.45358683248101234,0.47579407298662096,-0.022207240505608634
2025-06-23,494,0.4432055985912948,0.44906216860643744,-0.005856570015142609
2025-06-24,494,0.40846588999330113,0.4051906444067147,0.0032752455865864313
2025-06-25,493,0.3744224645881467,0.3853415056904246,-0.010919041102277862
2025-06-26,489,0.33880328638943386,0.3441065512506061,-0.005303264861172277
2025-06-27,476,0.3468070594242313,0.35844883882077744,-0.011641779396546174
2025-06-30,488,0.6006161011514091,0.604469423851336,-0.0038533226999268094
2025-07-01,494,0.4909132054957538,0.5042718574872096,-0.013358651991455816
2025-07-02,486,0.3246718616878858,0.33758521317611556,-0.012913351488229783
2025-07-03,491,0.366859869529901,0.36048188551078914,0.006377984019111939
2025-07-07,493,0.3948088164809436,0.39837229925635137,-0.0035634827754077486
2025-07-08,495,0.3325580684359049,0.33742701954397225,-0.004868951108067317
2025-07-09,488,0.42304769344713017,0.42880469374702,-0.005757000299889877
2025-07-10,494,0.34371288317251975,0.33792995471541026,0.005782928457109511
2025-07-11,495,0.35222382697178856,0.35698180947894576,-0.0047579825071572025
2025-07-14,490,0.5143885303738921,0.49473430249001377,0.019654227883878318
2025-07-15,496,0.3206608610836188,0.3164253609101148,0.0042355001735039964
2025-07-16,495,0.4146393839123284,0.42006229863437045,-0.00542291472204207
2025-07-17,489,0.33933012790783973,0.339050343333632,0.0002797845742077614
2025-07-18,492,0.33217728423437964,0.3235117170816737,0.008665567152705961
2025-07-21,493,0.6322204509305794,0.6481771285590457,-0.0159566776284662
2025-07-22,495,0.4903409637201112,0.4975096549501608,-0.00716869123004962
2025-07-23,495,0.5000069259661393,0.4967633869419835,0.0032435390241557574
2025-07-24,493,0.39291847014773595,0.3965752405466596,-0.003656770398923676
2025-07-25,496,0.39893850576037154,0.391504559604897,0.007433946155474551
2025-07-28,495,0.4750650096121818,0.4759665982964223,-0.0009015886842405164
2025-07-29,494,0.5209692040890628,0.511430674457841,0.009538529631221811
2025-07-30,486,0.7046493906329302,0.6913804343404388,0.0132689562924914
2025-07-31,487,0.6065985434213687,0.5542687450634124,0.052329798357956196
2025-08-01,493,0.5198033626824384,0.5653989846231504,-0.045595621940712074
2025-08-04,492,0.4884821950434096,0.48826367949181465,0.0002185155515949398
2025-08-05,495,0.48652908263611616,0.48710070337683775,-0.0005716207407215158
2025-08-06,493,0.49574463302478283,0.49483133742438073,0.0009132956004021062
2025-08-07,487,0.4326306645880262,0.4362343180663678,-0.003603653478341679
2025-08-08,489,0.30866567327962646,0.31531446234290034,-0.006648789063273862
2025-08-11,493,0.5587082029670357,0.5226271588744277,0.03608104409260812
2025-08-12,489,0.5868407481576808,0.5753672913437244,0.011473456813956354
2025-08-13,485,0.3875231138174501,0.3937097367204274,-0.006186622902977374
2025-08-14,473,0.3759451752014763,0.3733862736311349,0.0025589015703413906
2025-08-15,483,0.28297768681084756,0.2844929838598796,-0.001515297049032027
2025-08-18,490,0.4171377234435339,0.409045339328817,0.008092384114716892
2025-08-19,490,0.33667150219709724,0.3384395517983523,-0.0017680496012550397
2025-08-20,491,0.29877412942669046,0.30405825201410885,-0.005284122587418445
2025-08-21,489,0.7291364883300907,0.7538072406372374,-0.02467075230714675
2025-08-22,491,0.37138704399494654,0.38135183766608705,-0.009964793671140474
2025-08-25,493,0.3527393115073672,0.35701581069747906,-0.00427649919011191
2025-08-26,496,0.2823428755749651,0.29457471349023434,-0.012231837915269201
2025-08-27,492,0.34273707955461924,0.344276334660568,-0.0015392551059488523
2025-08-28,478,0.3375223114455676,0.3349353612440531,0.0025869502015144733
2025-08-29,472,0.402864906377439,0.3855660366570986,0.01729886972034044
2025-09-02,488,0.3382845281661086,0.34105423714755084,-0.0027697089814422834
2025-09-03,488,0.4139738969943145,0.4256535039167099,-0.011679606922395407
2025-09-04,478,0.4386582477600909,0.43904557713081943,-0.000387329370728515
2025-09-05,491,0.3624055366480558,0.3624645826923233,-5.9046044267485324e-05
2025-09-08,491,0.39358770865665565,0.3872799932925203,0.00630771536413539
2025-09-09,488,0.5382566777390154,0.5340918363340402,0.004164841404975125
2025-09-10,492,0.564139072722883,0.5710329281009334,-0.006893855378050456
2025-09-11,487,0.39675903424251535,0.39560654916165233,0.0011524850808630604
2025-09-12,472,0.3843455559485383,0.3827347070622539,0.0016108488862844198
2025-09-15,488,0.3608463910046489,0.3579335108206047,0.002912880184044162
2025-09-16,493,0.31337172706369465,0.3180477111998082,-0.004675984136113597
2025-09-17,493,0.4818139605663115,0.4902107528576504,-0.008396792291338965
2025-09-18,494,0.3248887426847341,0.3270169673864443,-0.0021282247017101823
2025-09-19,491,0.3752724967695317,0.37842574787590577,-0.003153251106374027
2025-09-22,496,0.35920020019549115,0.36122771805377524,-0.002027517858284109
2025-09-23,495,0.39961497038736665,0.3949507680512616,0.004664202336105021
2025-09-24,493,0.39499337585414707,0.3823562961125975,0.012637079741549564
2025-09-25,490,0.36443629327722193,0.36976104665844267,-0.005324753381220735
2025-09-26,494,0.3388369277729402,0.33473989398332615,0.004097033789614036
2025-09-29,472,0.4055365162172528,0.4083265480769641,-0.002790031859711306
2025-09-30,487,0.5855243234948428,0.5865175191083213,-0.0009931956134783
2025-10-01,493,0.36832955636657244,0.3658788264637255,0.0024507299028469712
2025-10-02,487,0.34480429715886657,0.3473542522719884,-0.002549955113121875
2025-10-03,494,0.41068068712780414,0.4118241925234831,-0.0011435053956789561
2025-10-06,494,0.4006069438046826,0.39813867394067043,0.002468269864012117
2025-10-07,496,0.4289312600007867,0.43585423845229415,-0.006922978451507512
2025-10-08,492,0.4004416959298131,0.39471635580617753,0.005725340123635553
2025-10-09,487,0.8640361964363349,0.8403710621064372,0.023665134329897766
2025-10-10,496,0.4897146790081851,0.4678891123998251,0.021825566608359943
2025-10-13,493,0.45050554888200794,0.4639780074370828,-0.013472458555074859
2025-10-14,491,0.42740536461061535,0.4263361114392523,0.0010692531713629918
2025-10-15,495,0.5588986046325469,0.542195651989077,0.016702952643469788
2025-10-16,491,0.33644080321014874,0.37413132896086526,-0.037690525750716526
2025-10-17,494,0.39810569853596417,0.3960797138632859,0.002025984672678268
2025-10-20,495,0.4207587429389734,0.4205905346283233,0.00016820831065011223
2025-10-21,493,0.43466652137126666,0.4302550600638087,0.004411461307457934
2025-10-22,495,0.4933044612947924,0.5061643717381351,-0.01285991044334271
2025-10-23,493,0.42233977596621625,0.4251186502742864,-0.0027788743080701616
2025-10-24,495,0.36976311969171577,0.374931096551779,-0.005167976860063258
2025-10-27,495,0.5015973616952621,0.5043474633306636,-0.0027501016354014264
2025-10-28,494,0.7336336675970107,0.7143860857521319,0.019247581844878747
2025-10-29,494,0.6244976637263007,0.6233321317979751,0.0011655319283255356
2025-10-30,485,0.4234060318007784,0.4205146282571619,0.002891403543616565
2025-10-31,489,0.4371624970351856,0.4445942420844045,-0.00743174504921883
2025-11-03,493,0.5938835020214334,0.5993206041031083,-0.005437102081674873
2025-11-04,492,0.5355842699489444,0.527996968357669,0.007587301591275407
2025-11-05,496,0.5634210696089377,0.5900708635622304,-0.026649793953292797
2025-11-06,485,0.47648156668807284,0.4672675852710847,0.009213981416988141
2025-11-07,486,0.41682584851169163,0.40766529250034467,0.009160556011346974
2025-11-10,496,0.4332825658716661,0.4295161354282688,0.0037664304433972667
2025-11-11,489,0.35861181317344276,0.3569120622255198,0.0016997509479229698
2025-11-12,486,0.554544956373766,0.5498907199017969,0.004654236471969161
2025-11-13,473,0.3427048882032725,0.3433900999370093,-0.0006852117337367848
2025-11-14,478,0.5485339949677541,0.5843894628609756,-0.03585546789322144
2025-11-17,491,0.3440483774883362,0.3385602394871259,0.005488138001210273
2025-11-18,488,0.4025252202943204,0.4067790932843765,-0.0042538729900560976
2025-11-19,490,0.543475132125036,0.5191675609126856,0.024307571212350373
2025-11-20,488,0.6891886084472924,0.651725083446621,0.03746352500067132
2025-11-21,490,0.4899273738447488,0.48856849977111305,0.001358874073635786
2025-11-24,491,0.5506014617080025,0.5500871574551894,0.0005143042528130918
2025-11-25,492,0.34828095122693037,0.3421414937798954,0.006139457447035012
2025-11-26,483,0.26260260346735115,0.2625143835886551,8.821987869605064e-05
2025-11-28,475,0.39220116492484797,0.37893524169166737,0.01326592323318064
2025-12-01,491,0.3681165719195107,0.3650885735790555,0.0030279983404552387
2025-12-02,489,0.48879040776760313,0.4970083756265648,-0.008217967858961645
2025-12-03,490,0.36906390952689727,0.3711400403435319,-0.002076130816634566
2025-12-04,476,0.3882519157661245,0.3880010221166621,0.0002508936494623699
2025-12-05,491,0.4343664243643114,0.433762452554769,0.00060397180954243
2025-12-08,493,0.3629740775323046,0.36229010861098304,0.0006839689213215736
2025-12-09,490,0.5982221601440606,0.6103605935009713,-0.012138433356910618
2025-12-10,494,0.46606978736885873,0.4650849441396243,0.0009848432292344294
2025-12-11,487,0.48576969612445914,0.4831153976063385,0.0026542985181206803
2025-12-12,473,0.3719609256944793,0.3700037249209518,0.001957200773527548
2025-12-15,489,0.3757658381897825,0.37053666026279114,0.005229177926991385
2025-12-16,491,0.4575443160684104,0.4477080750842691,0.009836240984141362
2025-12-17,492,0.35304820031292256,0.3603754731180353,-0.007327272805112662
2025-12-18,491,0.39170424958007266,0.38804771881771255,0.0036565307623600937
2025-12-19,493,0.36360153271246587,0.38497927365623724,-0.021377740943771397
2025-12-22,494,0.2565439044018411,0.25207992837682086,0.004463976025020224
2025-12-23,495,0.20127221223669384,0.20232506754417026,-0.0010528553074764327
2025-12-24,488,0.1783410550769679,0.16809415251633256,0.010246902560635346
2025-12-26,491,0.21297207332551027,0.2033569564756773,0.009615116849832957
2025-12-29,494,0.20186836759517862,0.18945612781594479,0.012412239779233855
2025-12-30,478,0.2801152647041599,0.2933852471313169,-0.013269982427157
2025-12-31,478,0.5719670628147415,0.5851542024107915,-0.013187139596050045
2026-01-02,493,0.5959279565071164,0.5946199802851787,0.0013079762219376386
2026-01-05,492,0.6044280144062167,0.6001531916590203,0.004274822747196593
2026-01-06,495,0.5533572686816998,0.5530231225801896,0.00033414610151023697
2026-01-07,496,0.62048120467812,0.6228670230425835,-0.0023858183644636047
2026-01-08,489,0.4815810510954291,0.4854782729501929,-0.003897221854763801
2026-01-09,492,0.3794709759632554,0.37617722568890416,0.0032937502743512303
2026-01-12,495,0.45155224032612223,0.4515033133810738,4.8926945048446324e-05
2026-01-13,494,0.4565555414954055,0.4590539316097318,-0.0024983901143262282
2026-01-14,492,0.4270608916714781,0.42879896875213175,-0.001738077080653637
2026-01-15,489,0.4240411528709364,0.4220875281416122,0.001953624729324192
2026-01-16,491,0.6599322195349282,0.648016775697719,0.011915443837209235
2026-01-20,494,0.621045113119465,0.649484466436575,-0.028439353317110037
2026-01-21,494,0.4062594999169557,0.40880641360078096,-0.0025469136838252643
2026-01-22,492,0.3926979249638509,0.3860040875934689,0.0066938373703820005
2026-01-23,496,0.3356012717509374,0.335670247194794,-6.897544385652025e-05
2026-01-26,496,0.5353371166009325,0.53409254935968,0.001244567241252623
2026-01-27,493,0.4921079528504001,0.4817927240411778,0.010315228809222256
2026-01-28,493,0.6051543958556842,0.6037741587547478,0.0013802371009362438
2026-01-29,487,0.5002777938111793,0.5041684119338918,-0.0038906181227124467
2026-01-30,491,0.5062477739960781,0.49769783551573227,0.00854993848034581
2026-02-02,494,0.9562283244276637,0.9478901324615929,0.008338191966070746
2026-02-03,493,0.8998505345930371,0.8905750606696664,0.009275473923370784
2026-02-04,494,0.698914736162655,0.7253747157740729,-0.026459979611417796
2026-02-05,489,0.8126550774723355,0.8509583687969875,-0.03830329132465206
2026-02-06,490,0.5421679273705463,0.518776088777062,0.02339183859348414
2026-02-09,491,0.5656309526219123,0.5530256028505978,0.012605349771314531
2026-02-10,491,0.7102673751076246,0.707451308704315,0.0028160664033095983
2026-02-11,493,0.8878194354875022,0.879839786657744,0.007979648829758247
2026-02-12,472,0.5617480351659787,0.6909981091541173,-0.1292500739881387
2026-02-13,479,0.4999609196339546,0.4862336954907676,0.013727224143186991
2026-02-17,491,0.5101404052016246,0.49884578817941366,0.011294617022210969
2026-02-18,491,0.4474779405220216,0.45170636017145316,-0.004228419649431565
2026-02-19,489,0.40352605565681404,0.413684017898425,-0.010157962241610995
2026-02-20,489,0.6970532613248436,0.7007183068541665,-0.003665045529322837
2026-02-23,492,0.4644333402268656,0.459739690152592,0.004693650074273648
2026-02-24,490,0.5517386316432745,0.5503103542479295,0.001428277395344951
2026-02-25,495,0.5473492343731485,0.5312279639835283,0.016121270389620246
2026-02-26,478,0.6275380646386505,0.6261943409524959,0.0013437236861545342
2026-02-27,479,0.5142993843900628,0.5131240011295984,0.0011753832604643234
2026-03-02,493,0.5573014840958743,0.5853137320104658,-0.028012247914591382
2026-03-03,489,0.4322078922000779,0.4498875002050704,-0.01767960800499252
2026-03-04,489,0.6125451449516613,0.5996271468387353,0.012917998112926023
2026-03-05,476,0.623841099387532,0.5785026364797714,0.04533846290776064
2026-03-06,485,0.44306260641011863,0.47128650764350066,-0.028223901233382014
2026-03-09,483,0.5184281986730332,0.5252889542877909,-0.006860755614757655
2026-03-10,489,0.4551346964744595,0.45184665459151413,0.003288041882945348
2026-03-11,495,0.7403540449950988,0.7698049076265788,-0.029450862631480015
2026-03-12,475,0.4024903199957719,0.4289792170632781,-0.02648889706750611
2026-03-13,482,0.388708383809871,0.3862275435243401,0.0024808402855308787
2026-03-16,488,0.37653630483759504,0.37356825497866664,0.002968049858928416
2026-03-17,496,0.5564461371502036,0.5779385943987766,-0.02149245724857288
2026-03-18,493,0.3993943955192124,0.4021872621950177,-0.0027928666758052366
2026-03-19,493,0.5905858628807877,0.5858938220871103,0.0046920407936774725
2026-03-20,495,0.48792346167972855,0.5075761798523067,-0.01965271817257819
2026-03-23,494,0.5384466392522523,0.5295257309739754,0.008920908278276901
2026-03-24,494,0.39268801166120826,0.39056071251648594,0.0021272991447223054
2026-03-25,496,0.5773231477986223,0.5992875576846539,-0.02196440988603166
2026-03-26,492,0.617547946714309,0.6124484345061832,0.005099512208125768
2026-03-27,495,0.5233371053471234,0.5499244264554528,-0.02658732110832925
2026-03-30,474,0.7610200624946587,0.7003305147645769,0.06068954773008176
2026-03-31,491,0.495874400224947,0.4825401985681336,0.013334201656813337
2026-04-01,487,0.4087732077923062,0.41162848848264094,-0.0028552806903348244
2026-04-02,493,0.35512639103342847,0.3528964014162519,0.002229989617176578
2026-04-06,494,0.39127284973541004,0.3969088534001377,-0.005636003664727692
2026-04-07,497,1.0612906082913636,1.068640753186862,-0.007350144895498406
2026-04-08,491,0.4964042248004604,0.49147728127188733,0.004926943528573052
2026-04-09,491,0.4678955151457547,0.47075270594298607,-0.0028571907972314036
2026-04-10,496,0.5827338097260653,0.6154098569255745,-0.032676047199509145
2026-04-13,495,0.4282393114294728,0.4236645861758635,0.004574725253609316
2026-04-14,492,0.49440708563733327,0.49666340952890786,-0.0022563238915745427
2026-04-15,495,0.4714470688739666,0.4681397190357538,0.003307349838212835
2026-04-16,493,0.6292158477627804,0.6163411345426938,0.012874713220086565
2026-04-17,493,0.3659663721613297,0.3646581011999614,0.001308270961368327
2026-04-20,496,0.5280553783548789,0.5371403362144002,-0.00908495785952129
2026-04-21,493,0.47970260950468774,0.47396347077209006,0.00573913873259765
2026-04-22,496,0.7786308115655619,0.7722359804943612,0.006394831071200744
2026-04-23,496,0.5332821012909684,0.5307974450291514,0.0024846562618170607
2026-04-24,496,0.3954061695037894,0.3969842555470114,-0.001578086043222047
2026-04-27,496,0.5232587927090289,0.5223477273379287,0.0009110653711003132
2026-04-28,495,0.6597955144672456,0.6597985468935027,-3.0324262570747056e-06
2026-04-29,490,0.7380683360184401,0.7330176390279813,0.005050696990458717
2026-04-30,491,0.4649010846828727,0.46360745743295206,0.0012936272499206208
2026-05-01,490,0.5003187230726917,0.5026839327537742,-0.0023652096810826066
2026-05-04,493,0.5423742010393373,0.5271460421844235,0.01522815885491382
2026-05-05,496,0.8914682440739199,0.8766430629007628,0.014825181173157178
2026-05-06,495,0.6361831068413826,0.7065846405222265,-0.07040153368084377
2026-05-07,483,0.6315047164305791,0.6269243558008285,0.004580360629750594
2026-05-08,491,0.6298684845025924,0.6185919027453747,0.011276581757217642
2026-05-11,493,0.429023500734857,0.43715361412549153,-0.008130113390634469
2026-05-12,490,0.5417566472069161,0.5292264069082784,0.01253024029863772
2026-05-13,490,0.4429574150289874,0.44192807771057213,0.0010293373184152737
2026-05-14,471,0.5791946039313244,0.5701521906039821,0.009042413327342215
2026-05-15,485,0.5694435480977814,0.5930707904364069,-0.023627242338625544
2026-05-18,493,0.46054520022750456,0.4698209783852503,-0.009275778157745752
2026-05-19,491,0.5982156423823234,0.5981997171680276,1.5925214295727035e-05
2026-05-20,491,0.4570103375083599,0.4596620985184043,-0.0026517610100443524
2026-05-21,477,0.4684113617705838,0.4674009648379632,0.0010103969326205897
2026-05-22,493,0.5222844801532809,0.5156223853374571,0.006662094815823743
2026-05-26,493,0.4831086430998746,0.4834845800409229,-0.0003759369410482452
2026-05-27,494,0.5526062788229014,0.5504183137755334,0.002187965047367999
2026-05-28,480,0.6016986089373049,0.6091948952915394,-0.0074962863542345475
2026-05-29,476,0.7489239766853213,0.740313314642274,0.008610662043047264
2026-06-01,494,0.6739011229420496,0.6618075891205688,0.012093533821480745
2026-06-02,492,0.5429157401248275,0.5508902209636257,-0.007974480838798245
2026-06-03,490,0.5868440611191117,0.5773436367190209,0.009500424400090714
2026-06-04,478,0.7975009696184175,0.806326039841337,-0.008825070222919394
2026-06-05,491,0.48418757325999473,0.4891672249488125,-0.004979651688817767
2026-06-08,491,0.6094299536354157,0.6115450919791005,-0.0021151383436846787
2026-06-09,490,0.691159293825368,0.7044117608257525,-0.013252467000384379
2026-06-10,494,0.7694425932466841,0.8225811027768806,-0.05313850953019642
2026-06-11,485,0.43554847259808044,0.4239702934667738,0.01157817913130671
2026-06-12,468,0.6055229410821834,0.6049275900576904,0.0005953510244930821
2026-06-15,490,0.44066718349091755,0.4469435608240223,-0.0062763773331048255
2026-06-16,494,0.679131636051012,0.662132783859168,0.016998852191844098
2026-06-17,493,0.5854925461143614,0.5936731031154394,-0.008180557001078082
2026-06-18,492,0.5489220840493693,0.5527016490284881,-0.00377956497911879
2026-06-22,494,0.6581857181424413,0.6404934047870983,0.01769231335534299
2026-06-23,494,0.6064031152239805,0.6200470401526429,-0.013643924928662381
2026-06-24,493,0.6296400579290353,0.6275762817176352,0.002063776211400067
2026-06-25,492,0.7320266987559115,0.7455182720495359,-0.013491573293624307
2026-06-26,494,0.5270967036365023,0.5298453605610669,-0.0027486569245647333
2026-06-29,475,0.5292572840158136,0.5281639187250289,0.0010933652907848064
2026-06-30,489,0.7150473781747643,0.7090572870389212,0.005990091135842894
2026-07-01,490,0.7974312802787707,0.7817576436414811,0.015673636637289583
2026-07-02,490,0.49161039916813515,0.49175036468241246,-0.0001399655142773588
2026-07-06,494,0.5348142343459539,0.5324882818877359,0.002325952458217861
2026-07-07,495,0.6200588004118885,0.6123656301191478,0.007693170292740672
2026-07-08,493,0.4645029430745237,0.47780584418607086,-0.013302901111547106
2026-07-09,489,0.3587909347514159,0.35442660522193503,0.004364329529480901
2026-07-10,496,0.527660891034542,0.5208355227030594,0.006825368331482527
2026-07-13,497,0.5263106371464948,0.5344766747084059,-0.008166037561911109
2026-07-14,492,0.5400771484041658,0.5376927093109198,0.0023844390932459855
2026-07-15,497,0.817246819352037,0.7943133733841348,0.02293344596790224
2026-07-16,493,0.482269784843437,0.4832474135487733,-0.0009776287053362266
2026-07-17,492,0.3958307286435212,0.3824758659514954,0.013354862692025798
2026-07-20,495,0.5620586550928026,0.5726583944994119,-0.010599739406609276
2026-07-21,495,0.4959297405820647,0.5056957897483952,-0.009766049166330542
2026-07-22,495,0.5730847583130732,0.5666231879162141,0.006461570396859
2026-07-23,492,0.6164888714805734,0.6097173210388604,0.006771550441712925
2026-07-24,496,0.6221299469249717,0.6080935934008206,0.014036353524151099
2026-07-27,495,0.8221577106571183,0.796728841327564,0.025428869329554266
2026-07-28,496,0.7551804308701735,0.7469744146451822,0.008206016224991298
2026-07-29,495,0.8827398697437927,0.9055185032104558,-0.02277863346666304
2026-07-30,487,0.5482293984328664,0.6288668556719967,-0.08063745723913018
2026-07-31,489,0.5910205708201087,0.6006107927803855,-0.009590221960276885
2026-08-03,495,0.7476993598746839,0.7437584662466135,0.0039408936280705105
2026-08-04,495,0.5007577886194962,0.5063671705174301,-0.005609381897933896
2026-08-05,496,0.5326431012655014,0.5288529142318292,0.0037901870336722004
2026-08-06,488,0.5332481424901027,0.5464140645069991,-0.013165922016896451
2026-08-07,490,0.5520556507224792,0.5517360815401147,0.00031956918236446323
2026-08-10,494,0.3932053019076239,0.395303904171385,-0.0020986022637611112
2026-08-11,490,0.4585676004142519,0.4706997522052241,-0.012132151790972198
2026-08-12,490,0.49738966186755346,0.5163805759972826,-0.018990914129729135
2026-08-13,472,0.38999720279840433,0.40099074755310893,-0.010993544754704586
2026-08-14,487,0.508034590456963,0.5096894632790483,-0.0016548728220853856
2026-08-17,490,0.5154481868116575,0.5081452241595109,0.007302962652146481
2026-08-18,486,0.8701478254760404,0.8654886717180684,0.004659153757971979
2026-08-19,491,0.4975814899669951,0.5905061300261439,-0.09292464005914879
2026-08-20,488,0.43099352470447955,0.4409126608165346,-0.009919136112055093
2026-08-21,490,0.43253978001991894,0.41968864690305824,0.012851133116860725
