origin_trading_day,rows,baseline_loss,candidate_loss,loss_delta_baseline_minus_candidate
2020-05-06,463,0.9323524648261371,0.8489705888496553,0.08338187597648178
2020-05-07,466,1.021874687996748,0.9548177289593297,0.06705695903741836
2020-05-08,474,0.8195692689026912,0.7342633289327007,0.0853059399699904
2020-05-11,474,0.9441307149090504,0.8919472031226556,0.0521835117863947
2020-05-12,471,0.9560054181432517,0.9172020257801137,0.038803392363138026
2020-05-13,460,0.8387120536842244,0.7419528033082062,0.09675925037601833
2020-05-14,466,0.7695359526620569,0.67347077556783,0.09606517709422689
2020-05-15,475,1.6697153768949573,1.6583971159804582,0.011318260914499115
2020-05-18,467,0.7923770157543282,0.7162107458218946,0.07616626993243357
2020-05-19,471,0.8751385765492087,0.7826697847597274,0.09246879178948128
2020-05-20,469,0.7765009831433399,0.6757602486253542,0.10074073451798572
2020-05-21,469,0.7261374777507865,0.6175505208172252,0.10858695693356138
2020-05-22,472,1.196125557966597,1.1182105872889707,0.0779149706776265
2020-05-26,474,0.9717028171969857,0.8822170454741748,0.08948577172281087
2020-05-27,464,0.8592461126522761,0.7721729575127408,0.08707315513953538
2020-05-28,462,0.8163608368040925,0.7138534625537656,0.10250737425032705
2020-05-29,473,0.7968978881524416,0.6766640827789623,0.12023380537347927
2020-06-01,473,0.7930689165307591,0.6785889552268496,0.1144799613039095
2020-06-02,474,1.019558575038898,0.9360498587889475,0.0835087162499505
2020-06-03,465,0.8264892742284223,0.7146430293417161,0.1118462448867062
2020-06-04,476,1.1314889009713385,1.0700642465979577,0.061424654373380856
2020-06-05,476,0.9342300258953999,0.8349673607435736,0.09926266515182634
2020-06-08,469,0.8634466973452127,0.7820708551555597,0.08137584218965291
2020-06-09,477,0.8918377884053309,0.8265941910646994,0.06524359734063151
2020-06-10,463,1.8450019660584385,1.8953451768497225,-0.05034321079128406
2020-06-11,456,0.8718680413795885,0.7939791581090693,0.0778888832705193
2020-06-12,472,0.7374826064651194,0.663015324261889,0.07446728220323051
2020-06-15,476,0.7689210735775499,0.7052283554459564,0.06369271813159348
2020-06-16,479,0.6441063581051838,0.5968020582294087,0.04730429987577516
2020-06-17,477,0.5806868938020431,0.5293115723288822,0.051375321473160915
2020-06-18,473,0.6877908941701285,0.6308315835074403,0.056959310662688244
2020-06-19,478,0.5997803388870856,0.5274237692294693,0.07235656965761623
2020-06-22,478,0.5533172496966524,0.47781661559241495,0.07550063410423755
2020-06-23,478,0.9581179204420693,0.9686026200643971,-0.010484699622327938
2020-06-24,476,0.6156932011548405,0.573431433267655,0.04226176788718545
2020-06-25,476,0.7537899606442925,0.7434108588455117,0.01037910179878076
2020-06-26,460,0.6995425258435676,0.6728604182630673,0.02668210758050019
2020-06-29,470,0.6260362114679144,0.595262795473666,0.03077341599424851
2020-06-30,475,0.6113843124004227,0.597360687611646,0.014023624788776671
2020-07-01,473,0.5014048790558094,0.4689708980039431,0.03243398105186637
2020-07-02,476,0.598347344849554,0.5685693559417168,0.029777988907837276
2020-07-06,477,0.6287750225247227,0.6160570881257378,0.01271793439898508
2020-07-07,478,0.5349465650151739,0.506339751127194,0.02860681388797993
2020-07-08,470,0.6510554775074309,0.6419387916710014,0.009116685836429484
2020-07-09,477,0.6525702502404173,0.6309380603613356,0.02163218987908178
2020-07-10,479,0.5840853872173726,0.561021694284608,0.0230636929327645
2020-07-13,474,0.668345033926825,0.6488674606527882,0.019477573274036798
2020-07-14,477,0.7881239863231064,0.7775569102846209,0.010567076038485652
2020-07-15,475,0.47260697143366154,0.45153872458470107,0.021068246848960453
2020-07-16,475,0.5265561170815136,0.500202354035141,0.0263537630463726
2020-07-17,479,0.5761148339234097,0.5579292672875951,0.018185566635814502
2020-07-20,477,0.5634926972365608,0.5411098438258157,0.0223828534107451
2020-07-21,477,0.5282982272032896,0.5077936941599125,0.020504533043377068
2020-07-22,475,0.4988908473407553,0.47385849732933316,0.0250323500114221
2020-07-23,477,0.4916263415739428,0.4620535321745413,0.029572809399401465
2020-07-24,478,0.5581432912080757,0.5351795190967568,0.022963772111318965
2020-07-27,476,0.545534918062721,0.5251750572075073,0.02035986085521353
2020-07-28,479,0.6655764270837125,0.6503663321707454,0.015210094912967086
2020-07-29,470,0.5610933469749034,0.5452790149728877,0.015814332002015676
2020-07-30,466,0.49252619994300734,0.471586800083426,0.02093939985958128
2020-07-31,477,0.5285269158200022,0.5082338197827627,0.020293096037239434
2020-08-03,478,0.5201993793767687,0.5017370845092766,0.01846229486749216
2020-08-04,479,0.5743294979508369,0.5579192902174566,0.0164102077333804
2020-08-05,471,0.5440229952910234,0.5280897949991175,0.01593320029190598
2020-08-06,470,0.5846937311550658,0.5706766896372583,0.014017041517807593
2020-08-07,476,0.6128054650469846,0.5990876019328147,0.01371786311416993
2020-08-10,476,0.5272283503857572,0.5053770858922557,0.021851264493501558
2020-08-11,476,0.5291640498912656,0.5093097974428107,0.019854252448454932
2020-08-12,454,0.4382762146156962,0.41798248207844363,0.020293732537252574
2020-08-13,471,0.39322936368094963,0.36769752743880324,0.025531836242146368
2020-08-14,475,0.4603107385110898,0.44060861223718556,0.019702126273904153
2020-08-17,470,0.39988077144851275,0.3802738372507122,0.01960693419780057
2020-08-18,472,0.4051474592924803,0.37553963591794454,0.029607823374535696
2020-08-19,473,0.4537403438591232,0.4267370736312531,0.02700327022787002
2020-08-20,474,0.3911756828742774,0.3622789950659683,0.028896687808309063
2020-08-21,473,0.5734155279605158,0.5674675494539143,0.005947978506601426
2020-08-24,477,0.386930004035342,0.36431011530978347,0.02261988872555849
2020-08-25,477,0.4841617922413177,0.4675448445767993,0.016616947664518433
2020-08-26,470,0.48904293624526846,0.47313601463093824,0.015906921614330244
2020-08-27,468,0.4584154987983097,0.44145729008325735,0.016958208715052332
2020-08-28,462,0.45202004579120153,0.4387661924507071,0.01325385334049436
2020-08-31,471,0.49170981043160017,0.4758818430444805,0.01582796738711963
2020-09-01,473,0.6314606313600415,0.6258238401107968,0.005636791249244712
2020-09-02,465,0.8938975498910592,0.8876410122935421,0.006256537597517156
2020-09-03,479,0.4684335686939816,0.4565728119603703,0.011860756733611307
2020-09-04,472,0.7480768743033575,0.7443109410388954,0.0037659332644620733
2020-09-08,471,0.5820703555898493,0.5667573983683305,0.015312957221518729
2020-09-09,473,0.5486789220020745,0.5418824089642407,0.006796513037833791
2020-09-10,476,0.39854783782643355,0.3967507328859091,0.0017971049405243749
2020-09-11,452,0.589392757456697,0.5826083232014952,0.006784434255201716
2020-09-14,472,0.44790512793571974,0.44576668620243587,0.002138441733283861
2020-09-15,475,0.48523322050997314,0.48357429141421776,0.0016589290957553502
2020-09-16,477,0.42713289055215947,0.42484291654376993,0.0022899740083895032
2020-09-17,476,0.4755034284583562,0.47031093940908386,0.005192489049272298
2020-09-18,478,0.8236200907135554,0.8209719479784138,0.0026481427351416264
2020-09-21,479,0.4681682240580186,0.46645581575308354,0.0017124083049350654
2020-09-22,478,0.703653298194911,0.7008554202806675,0.0027978779142435834
2020-09-23,477,0.3815205117552272,0.3827596022844252,-0.001239090529197986
2020-09-24,476,0.5149456235859796,0.5095679092322541,0.00537771435372541
2020-09-25,480,0.5924497876429897,0.5818706370059151,0.010579150637074672
2020-09-28,460,0.3969872875691897,0.4038162328729797,-0.0068289453037899735
2020-09-29,471,0.4131095513156814,0.41448918079891806,-0.0013796294832366801
2020-09-30,474,0.4617847452109801,0.458920691361238,0.0028640538497421504
2020-10-01,477,0.4796718901858827,0.47659212157092884,0.003079768614953839
2020-10-02,475,0.6053679618041163,0.5977351787177007,0.007632783086415576
2020-10-05,478,0.4332844946188499,0.4314545491187944,0.001829945500055503
2020-10-06,479,0.5602961876404511,0.5530314571366151,0.007264730503836135
2020-10-07,466,0.5313576825497563,0.5258063558344166,0.005551326715339743
2020-10-08,478,0.40236544562114795,0.4003984525819099,0.0019669930392380306
2020-10-09,480,0.4130783279000314,0.41195050939427635,0.0011278185057551021
2020-10-12,480,0.5016376017966943,0.49942275935039077,0.0022148424463034728
2020-10-13,476,0.3499186811213348,0.34937497017738656,0.0005437109439482329
2020-10-14,475,0.3979314454784422,0.3966058082772132,0.0013256372012290447
2020-10-15,478,0.37795592632995517,0.37755983029023044,0.00039609603972472587
2020-10-16,480,0.48567988870639434,0.4762145190603577,0.009465369646036611
2020-10-19,478,0.392198312840007,0.3878344520111596,0.004363860828847448
2020-10-20,478,0.41045243811585425,0.4052465553847522,0.005205882731102075
2020-10-21,476,0.6382585510550055,0.6339456131890777,0.00431293786592781
2020-10-22,479,0.36083139912578693,0.3550849989044557,0.0057464002213311995
2020-10-23,479,0.7007307272178486,0.6960360846796676,0.004694642538181011
2020-10-26,477,0.5661476315559689,0.5610456218410584,0.005102009714910556
2020-10-27,480,0.9940087764146619,0.9869034767733302,0.00710529964133165
2020-10-28,471,0.5859229017977707,0.5808376710783834,0.005085230719387353
2020-10-29,469,0.5052645022810179,0.5065326711021441,-0.0012681688211261275
2020-10-30,479,0.7375149070303328,0.7251220892693325,0.01239281776100031
2020-11-02,478,0.7408387536708895,0.7275408924307044,0.013297861240185097
2020-11-03,479,0.9716478750339199,0.9654720966900678,0.006175778343852089
2020-11-04,469,0.8135925536642193,0.8050032563795392,0.008589297284680095
2020-11-05,473,0.5326214883525843,0.5359453124375766,-0.0033238240849923187
2020-11-06,471,2.4013124389348324,2.3783004591595787,0.02301197977525382
2020-11-09,473,0.7069064675448589,0.6962517678094516,0.010654699735407334
2020-11-10,480,0.6094910378924008,0.6081596216596626,0.0013314162327380903
2020-11-11,462,0.5394961664573252,0.5413753637395152,-0.0018791972821899682
2020-11-12,468,0.681054467651039,0.6695484673947634,0.011506000256275703
2020-11-13,478,0.6773380213628823,0.6667319760207223,0.010606045342160043
2020-11-16,471,0.4530012281316995,0.4512033112401016,0.0017979168915979186
2020-11-17,473,0.5105565282211245,0.5073211808589989,0.0032353473621256615
2020-11-18,470,0.4354140199783304,0.43032955031616277,0.005084469662167562
2020-11-19,477,0.41207361758701466,0.4063380135911486,0.005735603995866059
2020-11-20,475,0.6023488545354901,0.5976983867182336,0.004650467817256447
2020-11-23,475,0.754490680437,0.7488741806257102,0.0056164998112897095
2020-11-24,476,0.42451632902184205,0.4169144208438344,0.007601908178007639
2020-11-25,467,0.40888457236010195,0.4000767770493856,0.008807795310716331
2020-11-27,465,0.5477757077087246,0.5442751472680792,0.003500560440645445
2020-11-30,469,0.4866402695750356,0.47767736396141636,0.008962905613619261
2020-12-01,475,0.47580170768934815,0.46512870849062116,0.010672999198727003
2020-12-02,463,0.45932411964090536,0.44903646092959126,0.010287658711314134
2020-12-03,476,0.5856291424276033,0.5790532599026961,0.006575882524907298
2020-12-04,480,0.4323908275188218,0.42226095554458337,0.0101298719742384
2020-12-07,475,0.40765787257702485,0.3916835248962927,0.015974347680732148
2020-12-08,473,0.4711846747906698,0.45863831584123527,0.012546358949434563
2020-12-09,471,0.4395094475564868,0.42259151799142247,0.016917929565064382
2020-12-10,475,0.40109607829375427,0.38791206748552476,0.013184010808229523
2020-12-11,458,0.4633092156221345,0.44936988724804866,0.013939328374085912
2020-12-14,473,0.5310929097960709,0.5218356433981065,0.00925726639796439
2020-12-15,478,0.40450929084261766,0.3857019045928923,0.018807386249725375
2020-12-16,474,0.43829147431052906,0.42282329866172863,0.01546817564880045
2020-12-17,473,0.44152581793163265,0.42548208712966923,0.016043730801963405
2020-12-18,478,0.43111615423990124,0.41250199203351706,0.018614162206384167
2020-12-21,475,0.43146250682300674,0.41648116814155633,0.014981338681450332
2020-12-22,479,0.43275491281012163,0.42205381593419833,0.010701096875923325
2020-12-23,473,0.3286045753525004,0.3052293356297994,0.02337523972270099
2020-12-24,480,0.3983540706189565,0.38010898842989266,0.018245082189063858
2020-12-28,480,0.3546875313765318,0.32918706088435074,0.025500470492181158
2020-12-29,462,0.3744883255811751,0.35224545186068384,0.02224287372049131
2020-12-30,469,0.40203774929022573,0.3816323888555551,0.020405360434670606
2020-12-31,475,0.6384463579244815,0.6220521414892249,0.01639421643525642
2021-01-04,478,0.4883236394153472,0.47533850418691476,0.012985135228432386
2021-01-05,479,0.9305696780418697,0.9553674191787481,-0.024797741136878396
2021-01-06,468,0.5880608677570612,0.5764522010896296,0.011608666667431596
2021-01-07,476,0.4278970069237062,0.41435706925228083,0.013539937671425407
2021-01-08,480,0.4476966290322665,0.4361677757730493,0.011528853259217155
2021-01-11,480,0.5234067014186277,0.510174093076342,0.01323260834228574
2021-01-12,478,0.4563159523734189,0.44454372363538014,0.011772228738038768
2021-01-13,475,0.5146475346920889,0.5035196886739401,0.011127846018148778
2021-01-14,478,0.4787178220081842,0.46971867293944947,0.008999149068734719
2021-01-15,475,0.49541785614632566,0.4818408396226177,0.013577016523707991
2021-01-19,480,0.4954690067017664,0.484738651165085,0.010730355536681375
2021-01-20,473,0.4546295349113902,0.44192334575611675,0.012706189155273393
2021-01-21,479,0.41325157779697447,0.3986259532582103,0.014625624538764086
2021-01-22,480,0.46164245742424953,0.4501107963508453,0.011531661073404207
2021-01-25,479,0.5305905785185171,0.5156475396293081,0.014943038889208962
2021-01-26,480,0.9636638012628118,0.9604435457378021,0.0032202555250097076
2021-01-27,474,0.754446617526765,0.7449888835202103,0.00945773400655469
2021-01-28,467,0.6525851906060683,0.6502134398726407,0.00237175073342772
2021-01-29,479,0.5880234729293321,0.5766979370726527,0.011325535856679461
2021-02-01,478,0.6175823835875913,0.6047561003861132,0.01282628320147814
2021-02-02,480,0.4965836152904979,0.4931911091687089,0.003392506121788989
2021-02-03,470,0.5872815929744686,0.5774393352945586,0.009842257679909993
2021-02-04,476,0.4568828707229796,0.45067147931238744,0.0062113914105921455
2021-02-05,475,0.5328434714780095,0.5254197068796417,0.007423764598367818
2021-02-08,474,0.4040822594126752,0.39667895519345336,0.007403304219221853
2021-02-09,477,0.41691669235076106,0.411392419147867,0.0055242732028940285
2021-02-10,460,0.46257505514654607,0.4592694027156817,0.0033056524308643447
2021-02-11,472,0.40070121445906876,0.39827139472459,0.0024298197344787224
2021-02-12,472,0.4851060548964528,0.48122751698998406,0.0038785379064687946
2021-02-16,474,0.4064560776850608,0.4029049799977311,0.003551097687329615
2021-02-17,472,0.441470608653433,0.4406918284225797,0.0007787802308532651
2021-02-18,469,0.5498071826111663,0.544179820400038,0.00562736221112837
2021-02-19,477,0.632324159509432,0.6304127114959703,0.001911448013461687
2021-02-22,475,0.4256372440243166,0.4262114494041057,-0.0005742053797890987
2021-02-23,477,0.6241353890004472,0.6187398460859507,0.005395542914496484
2021-02-24,464,0.7441746265722297,0.7430008818501593,0.001173744722070307
2021-02-25,463,0.5441591652825467,0.5408299552971318,0.0033292099854148128
2021-02-26,477,0.723527410832267,0.7120030285603933,0.011524382271873758
2021-03-01,477,0.4230964158525805,0.4280136080519913,-0.0049171921994107535
2021-03-02,474,0.5697330857505859,0.569845978493515,-0.00011289274292929349
2021-03-03,468,0.652600640051779,0.6516428318588656,0.0009578081929131958
2021-03-04,471,0.7547623549011235,0.7448852279333142,0.00987712696780925
2021-03-05,478,0.6479192433487883,0.647832083410597,8.715993819126708e-05
2021-03-08,462,0.6507817475797957,0.6484314139287025,0.0023503336510930944
2021-03-09,479,0.5120091647493272,0.5097339230039015,0.0022752417454256903
2021-03-10,467,0.5135921526862463,0.5118090205884902,0.0017831320977560725
2021-03-11,456,0.4406853037008369,0.4400335081580314,0.0006517955428055876
2021-03-12,472,0.4926859731348143,0.4922769763965067,0.00040899673830759715
2021-03-15,470,0.4364140512488543,0.4365472024460509,-0.00013315119719659017
2021-03-16,478,0.444672138544289,0.4428279418516209,0.001844196692668117
2021-03-17,476,0.615994269508619,0.6167892917772136,-0.0007950222685945623
2021-03-18,477,0.4285209695692735,0.4262740125610258,0.0022469570082476803
2021-03-19,481,0.4240475319664657,0.42369615645643455,0.0003513755100312194
2021-03-22,481,0.5767682907201898,0.5743917759765973,0.00237651474359247
2021-03-23,479,0.4572779600048526,0.45946950537136333,-0.0021915453665107606
2021-03-24,478,0.5007921706516218,0.49894270695567783,0.0018494636959441113
2021-03-25,480,0.7162623369635883,0.7129815946471714,0.0032807423164170064
2021-03-26,482,0.435775125444712,0.43917259797085434,-0.0033974725261424203
2021-03-29,463,0.41325244761572577,0.4093049865666836,0.003947461049042143
2021-03-30,471,0.4235834847341628,0.4201549868090083,0.0034284979251544556
2021-03-31,479,0.4710431637626983,0.466930330718444,0.004112833044254376
2021-04-01,476,0.45625653850115566,0.4533077486189547,0.0029487898822009814
2021-04-05,478,0.3524948932657237,0.3464359859256465,0.006058907340077208
2021-04-06,481,0.35390173463512375,0.34524263480482914,0.008659099830294519
2021-04-07,471,0.3536070933428783,0.34301394011477443,0.01059315322810395
2021-04-08,479,0.3612785947656483,0.35376112689067796,0.007517467874970356
2021-04-09,481,0.32858802393690106,0.3194810990333779,0.009106924903523163
2021-04-12,482,0.3746257933233475,0.36177332480589053,0.012852468517456975
2021-04-13,477,0.37460443860971043,0.3631225883396682,0.011481850270042218
2021-04-14,478,0.42954414869425,0.42077444729537034,0.008769701398879698
2021-04-15,482,0.3569209099578115,0.34537345326897817,0.011547456688833403
2021-04-16,482,0.3386139104036997,0.3261187345989846,0.012495175804715094
2021-04-19,476,0.48327303139495187,0.47472715026929263,0.008545881125659271
2021-04-20,481,0.475932669109047,0.4714897030739747,0.004442966035072362
2021-04-21,478,0.4020663106031954,0.392385414151527,0.009680896451668352
2021-04-22,479,0.4416053506681338,0.43286998786246705,0.008735362805666756
2021-04-23,482,0.376726942871275,0.3639100439696227,0.012816898901652333
2021-04-26,481,0.3625814946363519,0.3498602239148292,0.012721270721522697
2021-04-27,481,0.3994173735405421,0.3870358993341423,0.012381474206399798
2021-04-28,474,0.46539241081686067,0.4608380235220216,0.004554387294839032
2021-04-29,471,0.4457153542229141,0.44081385788246125,0.004901496340452861
2021-04-30,481,0.42211818729170764,0.41532192425293624,0.006796263038771418
2021-05-03,482,0.45727955149989546,0.45377128364704966,0.003508267852845825
2021-05-04,481,0.4468043233707042,0.44088759530939664,0.005916728061307538
2021-05-05,472,0.46725260764509574,0.46746724596735906,-0.00021463832226334788
2021-05-06,472,0.4539290214118003,0.45150512273494836,0.002423898676851945
2021-05-07,477,0.46202163447392913,0.4595198239082211,0.002501810565707965
2021-05-10,479,0.481315447914687,0.47216011047208556,0.009155337442601474
2021-05-11,477,0.7654886858981276,0.7612323341376681,0.004256351760459552
2021-05-12,463,0.5195904666739766,0.5134373471047505,0.006153119569226153
2021-05-13,472,0.5375803300226873,0.535495974875521,0.002084355147166309
2021-05-14,481,0.35300992596916847,0.35770596378187086,-0.00469603781270241
2021-05-17,474,0.40045370610251957,0.4007054086646057,-0.0002517025620861036
2021-05-18,475,0.3748611996392433,0.3768734917932085,-0.0020122921539652496
2021-05-19,472,0.4145409369923887,0.4164289145537402,-0.001887977561351563
2021-05-20,476,0.3204689097619296,0.3187106711401226,0.0017582386218069925
2021-05-21,476,0.3560764405463015,0.3525820754839955,0.003494365062306001
2021-05-24,477,0.3485042881394945,0.3418789806563122,0.00662530748318231
2021-05-25,479,0.3189394096565608,0.31417616703906037,0.004763242617500411
2021-05-26,462,0.3712308865204971,0.36633561921852226,0.004895267301974846
2021-05-27,464,0.29852785208286214,0.2928599232333614,0.005667928849500686
2021-05-28,476,0.41536883925648865,0.40818670279405544,0.007182136462433195
2021-06-01,476,0.3433596298980882,0.33642098810577636,0.006938641792311901
2021-06-02,467,0.35036485548147617,0.3466178027768081,0.003747052704668031
2021-06-03,481,0.3404074624054265,0.33902203429418604,0.0013854281112405241
2021-06-04,476,0.369260500038823,0.3656268732202827,0.0036336268185403163
2021-06-07,477,0.31720183318112005,0.31543503156735614,0.001766801613763889
2021-06-08,475,0.3466670034098887,0.3414332693539083,0.0052337340559803465
2021-06-09,472,0.3753301608299817,0.37303610396254117,0.0022940568674405977
2021-06-10,479,0.2970304264024168,0.29220361938162864,0.004826807020788096
2021-06-11,458,0.33965686029843994,0.3336648480113035,0.005992012287136427
2021-06-14,474,0.3025607285410406,0.2982551116422666,0.0043056168987740135
2021-06-15,479,0.35156346733186994,0.34180439820836017,0.00975906912350975
2021-06-16,479,0.5632390171973599,0.5624048754990456,0.0008341416983142785
2021-06-17,479,0.5650939483378462,0.5538161000858479,0.011277848251998275
2021-06-18,479,0.5926104521296486,0.5866387115891174,0.0059717405405310215
2021-06-21,482,0.28710639091407014,0.2912724894516776,-0.0041660985376074525
2021-06-22,480,0.2895028223802046,0.2908957611050908,-0.001392938724886225
2021-06-23,475,0.3434259360888607,0.34907215259475716,-0.005646216505896486
2021-06-24,478,0.3372062776881808,0.33857018819574314,-0.0013639105075623729
2021-06-25,481,0.40886458933919584,0.4076215355556989,0.0012430537834969052
2021-06-28,464,0.3009246720467388,0.29971377316722025,0.0012108988795184678
2021-06-29,473,0.29465658167876524,0.29299427575819437,0.0016623059205708275
2021-06-30,474,0.3229287177059444,0.3227759301189022,0.000152787587042199
2021-07-01,476,0.26438776936153513,0.26570108627913036,-0.0013133169175952209
2021-07-02,478,0.41510155517906083,0.4121854159155713,0.0029161392634895755
2021-07-06,481,0.3468304033846146,0.3473690909209439,-0.0005386875363292255
2021-07-07,475,0.4011076297241875,0.3948765300751519,0.006231099649035608
2021-07-08,478,0.500272573408045,0.49587472047385245,0.004397852934192581
2021-07-09,482,0.2860947536995885,0.28851122679829116,-0.0024164730987027367
2021-07-12,482,0.35416221267099407,0.35241415689823447,0.001748055772759571
2021-07-13,475,0.3199020387011034,0.32398200292340573,-0.0040799642223023624
2021-07-14,479,0.32067686214365504,0.3242053849775497,-0.0035285228338946687
2021-07-15,481,0.4027085956053226,0.4009017555285984,0.0018068400767241057
2021-07-16,481,0.623105499065935,0.611755455272237,0.011350043793698097
2021-07-19,477,0.6645518783814266,0.6598871091058891,0.004664769275537409
2021-07-20,481,0.4616118713660797,0.45752305102481455,0.004088820341265098
2021-07-21,478,0.3678975819217737,0.37148753356411846,-0.0035899516423447183
2021-07-22,480,0.3719082293557047,0.3754812296014583,-0.003573000245753568
2021-07-23,479,0.3457107343510303,0.3495734062560764,-0.003862671905046122
2021-07-26,481,0.3527599747347481,0.3570583496382671,-0.004298374903518996
2021-07-27,481,0.35133712612858076,0.3504242244044837,0.0009129017240970672
2021-07-28,472,0.41744693119777454,0.4183019533667374,-0.0008550221689628936
2021-07-29,469,0.37315706473597615,0.3714738069483879,0.0016832577875882763
2021-07-30,481,0.31800579201716683,0.3190034562214758,-0.00099766420430894
2021-08-02,482,0.45539685651805867,0.4555006000848068,-0.00010374356674813479
2021-08-03,481,0.4336801324339561,0.429877575835986,0.0038025565979700636
2021-08-04,476,0.477362361819043,0.47922702526981015,-0.0018646634507671993
2021-08-05,476,0.3400514333113853,0.3411630090256136,-0.0011115757142282196
2021-08-06,472,0.3163080673131448,0.3191839815620772,-0.0028759142489324005
2021-08-09,481,0.3949584006667742,0.3977510381177317,-0.002792637450957515
2021-08-10,477,0.3406825786434282,0.34308670580691736,-0.00240412716348906
2021-08-11,460,0.2727544541363457,0.2772221315790519,-0.0044676774427062525
2021-08-12,473,0.2765310371734162,0.28151948861838894,-0.004988451444972689
2021-08-13,480,0.29362760572758406,0.29708030099931537,-0.0034526952717313505
2021-08-16,472,0.40313798310939647,0.4022054421944061,0.0009325409149903335
2021-08-17,476,0.42127365701328784,0.41258207733033314,0.008691579682954705
2021-08-18,471,0.3928387853559209,0.39736532705247907,-0.004526541696558161
2021-08-19,477,0.27104102222565385,0.2721876406218304,-0.0011466183961765268
2021-08-20,478,0.37298185230985637,0.37367798670439634,-0.0006961343945399415
2021-08-23,480,0.3520550490707643,0.3458175334567342,0.006237515614030057
2021-08-24,478,0.2666119387803318,0.27424160231759587,-0.007629663537264094
2021-08-25,477,0.34002868369066436,0.3414593987892116,-0.001430715098547193
2021-08-26,477,0.36386742007254014,0.36699439233216913,-0.003126972259629016
2021-08-27,472,0.30319673639473355,0.3080439508979324,-0.0048472145031988705
2021-08-30,459,0.2626720097743445,0.26554184461666985,-0.0028698348423252928
2021-08-31,479,0.2951055521041596,0.29557342005551407,-0.0004678679513544088
2021-09-01,466,0.3199384113327137,0.31823864635846744,0.0016997649742463395
2021-09-02,477,0.2531556162514951,0.2529071684735436,0.00024844777795146475
2021-09-03,476,0.41074191557661843,0.40192709938240107,0.008814816194217381
2021-09-07,477,0.3667751683243179,0.36618483182236033,0.0005903365019575561
2021-09-08,466,0.352395026302278,0.3453114217124344,0.0070836045898436
2021-09-09,479,0.34473240014717904,0.3385115178792417,0.006220882267937306
2021-09-10,479,0.3841926472055732,0.39001114321284663,-0.005818496007273405
2021-09-13,456,0.3865392231841655,0.38843832809761986,-0.0018991049134542653
2021-09-14,474,0.3802171184148048,0.3789088895598295,0.0013082288549752712
2021-09-15,478,0.28700310848757127,0.29158360480990847,-0.004580496322337166
2021-09-16,480,0.39932762681897344,0.39433908335282897,0.0049885434661444995
2021-09-17,480,0.5493213216035661,0.5421608285762077,0.00716049302735831
2021-09-20,479,0.27271982761234936,0.2748766499609553,-0.002156822348605952
2021-09-21,481,0.4144941146699913,0.4142768344044781,0.00021728026551319485
2021-09-22,476,0.4738451226092038,0.4687189958878496,0.005126126721354186
2021-09-23,479,0.2590247849238857,0.26424684119833375,-0.00522205627444805
2021-09-24,480,0.5098995046813183,0.4944414327922001,0.01545807188911819
2021-09-27,481,0.6149032417935767,0.5956350424032233,0.01926819939035347
2021-09-28,461,0.3250998224722113,0.32957503165956104,-0.004475209187349668
2021-09-29,470,0.543644871421632,0.5276646820309957,0.015980189390636293
2021-09-30,481,0.4682165560932085,0.4697051717617611,-0.0014886156685525492
2021-10-01,477,0.475284466787307,0.4702569149627352,0.005027551824571851
2021-10-04,479,0.3630362265300057,0.3610441314648435,0.001992095065162286
2021-10-05,482,0.30477486047197216,0.31306138474727185,-0.008286524275299707
2021-10-06,471,0.3475525113937268,0.3491697838555911,-0.001617272461864291
2021-10-07,481,0.3337705242508055,0.3345037171199816,-0.0007331928691761677
2021-10-08,483,0.33193309671711124,0.3308354525572458,0.0010976441598655128
2021-10-11,483,0.29263915232768695,0.2931513674378738,-0.0005122151101868541
2021-10-12,480,0.31628011135645273,0.31940905232750644,-0.003128940971053732
2021-10-13,474,0.5430792793668213,0.539564816190507,0.0035144631763142785
2021-10-14,482,0.309347181655348,0.3106523993813436,-0.0013052177259955165
2021-10-15,483,0.32783274074310265,0.3284431905509016,-0.000610449807798954
2021-10-18,482,0.3175674663856656,0.31954110754707044,-0.0019736411614048196
2021-10-19,482,0.35825084703273424,0.35787284970482686,0.00037799732790740244
2021-10-20,477,0.3800257629467843,0.3818178684706563,-0.0017921055238719521
2021-10-21,482,0.3181806159572885,0.31971019974776727,-0.001529583790478727
2021-10-22,482,0.29907400949332147,0.3007426852779363,-0.0016686757846148302
2021-10-25,482,0.33866022126794004,0.33596653907703583,0.00269368219090425
2021-10-26,482,0.608684392116567,0.6034369772799667,0.005247414836600337
2021-10-27,474,0.4889265096000573,0.48960742352290065,-0.000680913922843367
2021-10-28,470,0.40155334028548123,0.40242061849638733,-0.0008672782109060153
2021-10-29,480,0.44744531857971476,0.449290118588858,-0.001844800009143179
2021-11-01,481,0.44875839417090585,0.4500997497966746,-0.0013413556257687454
2021-11-02,483,0.44120163658257355,0.44432134573199467,-0.00311970914942106
2021-11-03,473,0.5185528425145323,0.5199416503646276,-0.001388807850095347
2021-11-04,479,0.5736125254287866,0.576131654069899,-0.00251912864111228
2021-11-05,481,0.4020260083030268,0.40678095278927545,-0.004754944486248578
2021-11-08,473,0.31224002957645003,0.3222939201031454,-0.010053890526695305
2021-11-09,464,0.4309210935663494,0.4360537532003343,-0.005132659633984931
2021-11-10,483,0.3400620372991415,0.34632281217226313,-0.00626077487312167
2021-11-11,467,0.3175172511357268,0.3209470017746083,-0.0034297506388814183
2021-11-12,477,0.335319255999128,0.33614751221013206,-0.0008282562110040737
2021-11-15,476,0.3663594980319116,0.3650605843373268,0.0012989136945847637
2021-11-16,477,0.3565060073772359,0.36086418165031314,-0.004358174273077229
2021-11-17,468,0.3243671907439793,0.3236053609598251,0.0007618297841541685
2021-11-18,480,0.44067606259785386,0.4407851934198217,-0.00010913082196781981
2021-11-19,476,0.4338887569335517,0.4295755997761865,0.004313157157365285
2021-11-22,478,0.3982948672752143,0.400807447830085,-0.0025125805548706966
2021-11-23,476,0.3054662421825896,0.30758592550584324,-0.002119683323253623
2021-11-24,479,0.9883541856220863,0.9710560418986552,0.0172981437234311
2021-11-26,473,0.45275940216496713,0.45214972893489463,0.0006096732300725487
2021-11-29,463,0.9205349157287582,0.8811247896318389,0.03941012609691934
2021-11-30,477,0.575151313777659,0.5679613248340326,0.00718998894362643
2021-12-01,465,0.8178639446413287,0.7872249215491071,0.030639023092221586
2021-12-02,480,0.46896350841652795,0.47513955857071516,-0.006176050154187189
2021-12-03,479,0.5588751883547715,0.5392721369420178,0.019603051412753664
2021-12-06,479,0.5874085268182964,0.5869731945017524,0.0004353323165439084
2021-12-07,478,0.30714037662747223,0.31910307881015015,-0.011962702182677917
2021-12-08,468,0.38793954386457835,0.39577314828006416,-0.007833604415485834
2021-12-09,482,0.3616382659810198,0.3681853908306383,-0.006547124849618493
2021-12-10,481,0.4918154581404048,0.4986235097486982,-0.006808051608293388
2021-12-13,464,0.4110465942896315,0.40867865344582965,0.002367940843801816
2021-12-14,478,0.48040840967636067,0.47879015013324927,0.0016182595431113792
2021-12-15,478,0.5117991922407538,0.5118568538490315,-5.766160827774128e-05
2021-12-16,479,0.5395065446673151,0.5247915200491073,0.014715024618207733
2021-12-17,481,0.5152378638831662,0.516697484042586,-0.0014596201594197552
2021-12-20,481,0.7114220949672024,0.7030253417581683,0.008396753209034087
2021-12-21,479,0.3175521039257008,0.33091098383240697,-0.013358879906706176
2021-12-22,484,0.27167985217863166,0.28470257366731144,-0.013022721488679832
2021-12-23,482,0.40612602082147925,0.40499302502018103,0.0011329958012982228
2021-12-27,485,0.2447655670559139,0.2558167904451545,-0.011051223389240614
2021-12-28,484,0.24006653027365732,0.24109033377319572,-0.0010238034995384056
2021-12-29,468,0.24814481409449224,0.23680440409618245,0.011340409998309816
2021-12-30,474,0.22559831631999883,0.21901199249943848,0.006586323820560351
2021-12-31,481,0.5659903836890171,0.5678326700548423,-0.001842286365825101
2022-01-03,482,0.5786641810610397,0.5842652090581131,-0.005601027997073455
2022-01-04,483,0.7013512234734844,0.7175491427420327,-0.016197919268548213
2022-01-05,476,0.4190122115305077,0.4186546457551519,0.00035756577535581466
2022-01-06,478,0.5148847766940017,0.5125072923719927,0.0023774843220090184
2022-01-07,485,0.40548449598071135,0.4078566019471828,-0.0023721059664714344
2022-01-10,485,0.4280181435656483,0.4268405493524808,0.0011775942131675076
2022-01-11,484,0.2981690154497849,0.30465883043770303,-0.006489814987918058
2022-01-12,478,0.5123591410796745,0.5217836934592848,-0.009424552379610198
2022-01-13,482,0.44107010128740487,0.4365727795831595,0.004497321704245404
2022-01-14,482,0.6190117609757213,0.6266781950779468,-0.00766643410222544
2022-01-18,483,0.48118157378566356,0.4883026856795606,-0.007121111893897076
2022-01-19,478,0.4772499862606317,0.4789117041070385,-0.0016617178464068464
2022-01-20,484,0.5980885931909018,0.6123327263038513,-0.014244133112949486
2022-01-21,485,0.46395338298368416,0.46151291563559727,0.0024404673480868913
2022-01-24,484,0.6509501548204087,0.6576041725416368,-0.006654017721228085
2022-01-25,483,0.4619546161737028,0.45993401457855787,0.0020206015951449927
2022-01-26,484,0.5510844342767938,0.560485381478407,-0.009400947201613224
2022-01-27,474,0.705038092534279,0.6988561767755195,0.006181915758759513
2022-01-28,478,0.6635282488981791,0.6485018791628242,0.015026369735354957
2022-01-31,484,0.4138003301753865,0.4225563789241767,-0.00875604874879018
2022-02-01,483,0.48267590355422063,0.48537133945929384,-0.0026954359050732567
2022-02-02,479,0.7075156410649557,0.7055249176166123,0.001990723448343394
2022-02-03,479,0.5060500136800498,0.5106764060753418,-0.004626392395292099
2022-02-04,480,0.35249918002138725,0.36097446292231733,-0.008475282900930057
2022-02-07,483,0.45025021449611374,0.4581822872724993,-0.00793207277638558
2022-02-08,478,0.5771752641590913,0.5740520573031686,0.0031232068559226486
2022-02-09,473,0.6412273482495671,0.6316030379822564,0.009624310267310714
2022-02-10,477,0.6660693521833254,0.6771494579634054,-0.011080105780079948
2022-02-11,478,0.36884687015521467,0.37921719163547135,-0.010370321480256722
2022-02-14,479,0.6177559103577365,0.6015270951688484,0.016228815188888097
2022-02-15,482,0.361335130474573,0.37270674251607955,-0.01137161204150656
2022-02-16,469,0.7283288748435904,0.7356954573020964,-0.007366582458505983
2022-02-17,477,0.35466031634967454,0.36609328482190995,-0.011432968472235402
2022-02-18,482,0.4524717307395075,0.462774337242402,-0.010302606502894497
2022-02-22,485,0.6702407552154299,0.6753210595366576,-0.005080304321227664
2022-02-23,473,0.8040453924080663,0.79916758357805,0.004877808830016375
2022-02-24,472,0.9050123355523834,0.8974536206296252,0.0075587149227580855
2022-02-25,471,0.5306363353015578,0.5340594463535367,-0.003423111051978917
2022-02-28,479,0.81787752714014,0.8185535227459758,-0.0006759956058358266
2022-03-01,482,0.7430508310123266,0.7213452006144082,0.021705630397918365
2022-03-02,475,0.49975935180719605,0.5204872047840591,-0.020727852976863075
2022-03-03,478,0.7392984733900001,0.724771434218892,0.014527039171108107
2022-03-04,481,1.247147652042738,1.2380133399595206,0.009134312083217418
2022-03-07,481,0.6908990286809163,0.6869500558311039,0.003948972849812338
2022-03-08,469,0.8919682784636429,0.8507588327322559,0.04120944573138701
2022-03-09,471,0.45344388195990243,0.47937737270794045,-0.025933490748038045
2022-03-10,484,0.45867661507771557,0.49023967019111914,-0.0315630551134036
2022-03-11,462,0.5890143591379997,0.6116082105439149,-0.0225938514059153
2022-03-14,478,0.6266887034810876,0.6056108188080891,0.021077884672998388
2022-03-15,480,0.8278835962579196,0.7937970351273729,0.03408656113054672
2022-03-16,480,0.4761299857379837,0.47140844148062105,0.0047215442573626245
2022-03-17,484,0.4387463231298496,0.42885455923286825,0.009891763896981424
2022-03-18,482,0.4297542157061952,0.43253489761859937,-0.0027806819124041415
2022-03-21,486,0.3647989842586674,0.36662809116301176,-0.0018291069043443215
2022-03-22,483,0.5584532919329922,0.5662969327404729,-0.007843640807480715
2022-03-23,479,0.4311238911631325,0.4288543351193377,0.0022695560437948252
2022-03-24,485,0.3915754673682117,0.3925784303906186,-0.0010029630224069725
2022-03-25,485,0.3784723303610851,0.37648570618581384,0.001986624175271255
2022-03-28,486,0.5545797704247918,0.5529806020494289,0.0015991683753629042
2022-03-29,466,0.43214876738904157,0.4398176400393489,-0.007668872650307337
2022-03-30,476,0.5223142370096087,0.5275612719459768,-0.0052470349363680745
2022-03-31,483,0.4344256758073391,0.42992526213628546,0.0045004136710535955
2022-04-01,482,0.3852766401965144,0.37626513526662986,0.009011504929884525
2022-04-04,481,0.5004026863979204,0.5233740594663396,-0.022971373068419138
2022-04-05,485,0.5539401813672836,0.5718446419230773,-0.01790446055579351
2022-04-06,476,0.39636464552925504,0.3868466582890528,0.009517987240202266
2022-04-07,480,0.3847339343676993,0.38274516688817084,0.001988767479528467
2022-04-08,485,0.45523113324581893,0.4535465278337748,0.001684605412044125
2022-04-11,484,0.34537720271720124,0.3338731528800492,0.011504049837152046
2022-04-12,480,0.4317423764760159,0.42915662160178736,0.0025857548742285385
2022-04-13,487,0.4438295984983541,0.4476289482864896,-0.0037993497881354124
2022-04-14,488,0.38638217031289357,0.37759364356365105,0.008788526749242487
2022-04-18,485,0.6212268571801074,0.629767453386314,-0.00854059620620674
2022-04-19,486,0.5073299303101245,0.5130289384912431,-0.005699008181118636
2022-04-20,482,0.6292435025100175,0.6704444318408607,-0.041200929330843176
2022-04-21,487,0.9631981286214036,0.98975909161649,-0.026560962995086437
2022-04-22,486,0.4255987854010806,0.42372655158425115,0.0018722338168294214
2022-04-25,486,0.8739334115552014,0.9130512665774384,-0.0391178550222369
2022-04-26,487,0.43250756984591293,0.4305451808017422,0.0019623890441707675
2022-04-27,480,0.7386268381610647,0.7395046123399313,-0.0008777741788665165
2022-04-28,477,1.0699242460617648,1.0863053070924746,-0.016381061030709913
2022-04-29,487,0.48248275325019213,0.47155068966753955,0.010932063582652607
2022-05-02,488,0.48456948668772604,0.48957478419881334,-0.0050052975110873475
2022-05-03,486,0.9408016922173705,0.9161311673306956,0.02467052488667498
2022-05-04,481,1.1488509209091389,1.1744663217229099,-0.025615400813770787
2022-05-05,481,0.6058014234924336,0.6290257703265226,-0.02322434683408892
2022-05-06,480,1.2972325996117235,1.3410982265898077,-0.04386562697808434
2022-05-09,486,0.4995249316185887,0.5106259411541264,-0.011101009535537606
2022-05-10,483,0.6259443403838584,0.6588949963012652,-0.0329506559174069
2022-05-11,470,0.5290722597911245,0.5365400277542336,-0.007467767963109049
2022-05-12,473,0.8058684031001918,0.788885411067305,0.01698299203288679
2022-05-13,485,0.4361250704456553,0.4577877344482865,-0.021662664002631216
2022-05-16,481,0.7038772145187179,0.6918740932649688,0.012003121253749097
2022-05-17,480,1.382318734429891,1.4168257979577197,-0.034507063527828445
2022-05-18,474,0.49726512179068566,0.5056392063407353,-0.008374084550049649
2022-05-19,486,0.47346659839838406,0.4870072789561861,-0.013540680557802103
2022-05-20,482,0.5168432402945008,0.5096854903822623,0.007157749912238491
2022-05-23,481,0.6267331909369018,0.6674890469231319,-0.040755855986230105
2022-05-24,486,0.4910801490947806,0.4878438233720737,0.003236325722706891
2022-05-25,477,0.7165273623540476,0.7017816224596295,0.0147457398944181
2022-05-26,473,0.7229015322323391,0.7121587440745615,0.010742788157777721
2022-05-27,471,0.45663013339077574,0.46522905832747874,-0.008598924936703048
2022-05-31,483,0.4903219317686587,0.5076617958357301,-0.01733986406707148
2022-06-01,472,0.6735706164891222,0.6541898440968282,0.019380772392293997
2022-06-02,484,0.4872665094198094,0.505319560912255,-0.018053051492445637
2022-06-03,485,0.34273712119954536,0.3388895143009408,0.003847606898604565
2022-06-06,482,0.37768755707975066,0.36981206472865585,0.007875492351094821
2022-06-07,483,0.5572638067592106,0.562609944628262,-0.0053461378690513005
2022-06-08,471,0.7550600230413544,0.7790518102887729,-0.023991787247418433
2022-06-09,486,0.9235620236787625,0.9698807449189352,-0.04631872124017264
2022-06-10,485,1.4402948318542061,1.5048190827476045,-0.06452425089339846
2022-06-13,463,0.5074690885362424,0.4998579657599515,0.007611122776290862
2022-06-14,483,0.483497273037535,0.4756423664138156,0.007854906623719352
2022-06-15,481,1.2834978506326937,1.3423294031901092,-0.05883155255741519
2022-06-16,484,0.5300906427222312,0.5280795327067659,0.0020111100154652814
2022-06-17,485,0.6324088594506183,0.6242712183293422,0.008137641121276086
2022-06-21,486,0.44028395444601676,0.4469389890897963,-0.006655034643779531
2022-06-22,483,0.6604626516846646,0.6596850341162712,0.0007776175683932438
2022-06-23,484,1.035395925941565,0.9979446992300116,0.03745122671155355
2022-06-24,486,0.36999019235389907,0.3702444195712485,-0.00025422721734944117
2022-06-27,488,0.613234106329631,0.6410381478471676,-0.027804041517536567
2022-06-28,470,0.44936388994355275,0.46056253683980036,-0.011198646896247614
2022-06-29,473,0.43435068885531836,0.4487374821258243,-0.01438679327050598
2022-06-30,484,0.5102521360023564,0.5093358473597344,0.0009162886426220756
2022-07-01,483,0.6392630389534677,0.640151954306786,-0.0008889153533182539
2022-07-05,485,0.37948335909165626,0.3718117048900279,0.0076716542016283884
2022-07-06,481,0.5509613107029565,0.5445322418120768,0.0064290688908795746
2022-07-07,482,0.32786935201383255,0.3186282635560475,0.009241088457785058
2022-07-08,487,0.4293741218846504,0.4401807661772345,-0.010806644292584069
2022-07-11,487,0.44536230991799985,0.44639054619435886,-0.0010282362763589716
2022-07-12,487,0.37611842371357057,0.3617045852541988,0.014413838459371798
2022-07-13,482,0.4661034341440436,0.46095543566379166,0.005147998480251912
2022-07-14,487,0.6064795855692946,0.6084453279080803,-0.0019657423387857242
2022-07-15,486,0.4315342175415838,0.4169061917572805,0.01462802578430332
2022-07-18,484,0.8670932561010005,0.8899737785584129,-0.0228805224574124
2022-07-19,486,0.4796069964114918,0.47135448440937794,0.008252512002113853
2022-07-20,482,0.48045842191012617,0.4732146492403723,0.007243772669753831
2022-07-21,487,0.44595845798593275,0.4530196926891099,-0.007061234703177121
2022-07-22,488,0.3989616594247178,0.38795230118750734,0.011009358237210498
2022-07-25,485,0.5126191154687941,0.533882000760981,-0.021262885292186864
2022-07-26,487,0.7099827669199509,0.7206410636047174,-0.01065829668476646
2022-07-27,479,0.7229935980763247,0.7282067379324619,-0.005213139856137288
2022-07-28,474,0.5394539514521309,0.5239927660692097,0.01546118538292115
2022-07-29,488,0.38634413974604653,0.37762307455436794,0.008721065191678515
2022-08-01,489,0.4899106239142881,0.49073682122036294,-0.0008261973060748333
2022-08-02,487,0.5502769792837998,0.5482480369492448,0.002028942334554936
2022-08-03,483,0.4718816936819695,0.470128054144193,0.001753639537776471
2022-08-04,483,0.4273010952914465,0.41463416205062403,0.012666933240822423
2022-08-05,484,0.36317362614989146,0.3512147813577035,0.011958844792187989
2022-08-08,483,0.5304156329127921,0.5504650055665823,-0.020049372653790254
2022-08-09,485,0.7277405665536961,0.7394626761938765,-0.01172210964018042
2022-08-10,473,0.4002483287597963,0.39387038365473914,0.006377945105057206
2022-08-11,473,0.4837198133949214,0.473299256271331,0.010420557123590381
2022-08-12,487,0.3203454889611728,0.3071745237468573,0.013170965214315555
2022-08-15,479,0.33106521362884656,0.3223247005416624,0.00874051308718419
2022-08-16,480,0.4345651842711676,0.4372308237922801,-0.002665639521112484
2022-08-17,475,0.3604628428639778,0.34244586623878004,0.01801697662519774
2022-08-18,485,0.5350456624286939,0.5543047405863991,-0.019259078157705254
2022-08-19,485,0.6778643889035245,0.7064982810479286,-0.028633892144404035
2022-08-22,486,0.37403454703457234,0.36167581576353425,0.012358731271038075
2022-08-23,485,0.30228356192651024,0.2872474357220673,0.015036126204442985
2022-08-24,484,0.4656556253217107,0.4593797715530211,0.006275853768689576
2022-08-25,484,1.0935872387670595,1.1513187137183665,-0.05773147495130708
2022-08-26,485,0.3390721941749889,0.3385609037473134,0.0005112904276754835
2022-08-29,474,0.4347119868975432,0.44826069202661806,-0.013548705129074853
2022-08-30,472,0.35147445865075067,0.3506649131316983,0.0008095455190524182
2022-08-31,475,0.4223031354575122,0.4282752984782243,-0.005972163020712185
2022-09-01,484,0.3897125938350896,0.3820822509244997,0.007630342910589929
2022-09-02,481,0.3740487090197795,0.3660439866845853,0.008004722335194163
2022-09-06,484,0.6574057193664014,0.6765456087222095,-0.01913988935580807
2022-09-07,471,0.41195563707028343,0.4015869011069061,0.010368735963377394
2022-09-08,485,0.4609540857039525,0.4611021832418447,-0.0001480975378922048
2022-09-09,489,0.3633935854845156,0.35501566478587776,0.008377920698637902
2022-09-12,483,1.3875926630415851,1.4531280989556918,-0.06553543591410681
2022-09-13,466,0.42506862640641163,0.4331717040551595,-0.00810307764874786
2022-09-14,477,0.5077501533222504,0.5105909097848097,-0.0028407564625593414
2022-09-15,487,0.5231179393385262,0.5384962769188069,-0.015378337580280635
2022-09-16,486,0.39234998866743914,0.3900720636136224,0.0022779250538167515
2022-09-19,486,0.5503751282035055,0.5555144961874046,-0.005139367983899049
2022-09-20,485,0.5488318427909402,0.5547491420049521,-0.005917299214011868
2022-09-21,486,0.596705304048532,0.6192288526878403,-0.022523548639308305
2022-09-22,485,0.6501856536461192,0.666008477505191,-0.015822823859071695
2022-09-23,488,0.5490653453299932,0.5461565840191093,0.002908761310883824
2022-09-26,488,0.40057652319434134,0.3883770597546513,0.0121994634396901
2022-09-27,488,0.7183087768572273,0.7191141521833138,-0.0008053753260865073
2022-09-28,465,0.7004972198713764,0.7150867877115311,-0.014589567840154662
2022-09-29,480,0.5038855321752848,0.5104936404166377,-0.006608108241353021
2022-09-30,486,0.9180335555472721,0.8922334216266772,0.025800133920595002
2022-10-03,486,1.1320578316041463,1.082101536370157,0.04995629523398932
2022-10-04,487,0.3843757008951793,0.3924062974776379,-0.008030596582458624
2022-10-05,475,0.5129118266445685,0.506930286810321,0.005981539834247485
2022-10-06,485,0.87714604547605,0.8864394432013641,-0.009293397725314114
2022-10-07,489,0.46143819709916134,0.48284743607508884,-0.021409238975927527
2022-10-10,488,0.456463773397744,0.47150363132392403,-0.015039857926179978
2022-10-11,487,0.4654027095096572,0.45676077754860606,0.008641931961051078
2022-10-12,483,0.7575711295288066,0.75445283214444,0.00311829738436653
2022-10-13,486,0.8144131114112428,0.8354302752666608,-0.021017163855417995
2022-10-14,488,0.7629858763488739,0.7433538244363385,0.019632051912535385
2022-10-17,487,0.46752573340587783,0.4609109779848782,0.006614755420999636
2022-10-18,489,0.6061881558556091,0.6202700868850567,-0.014081931029447542
2022-10-19,482,0.560339052373886,0.5572223871142417,0.003116665259644368
2022-10-20,488,0.7652091751339583,0.7433123599125312,0.02189681522142706
2022-10-21,489,0.44743123197094364,0.4471011432423006,0.0003300887286430318
2022-10-24,488,0.7171936754929322,0.7090905363695187,0.008103139123413598
2022-10-25,487,0.4730186809116185,0.48707901916289315,-0.014060338251274639
2022-10-26,486,0.5012213128796824,0.5059180451345582,-0.004696732254875845
2022-10-27,481,0.818163469131299,0.8115884265174507,0.006575042613848399
2022-10-28,479,0.39518242397117687,0.4050901272735324,-0.009907703302355537
2022-10-31,487,0.44277507435320795,0.4450908743059822,-0.0023157999527742006
2022-11-01,489,0.8910088805034038,0.916270001711367,-0.02526112120796321
2022-11-02,482,0.6358506178442646,0.6442699187716547,-0.008419300927390136
2022-11-03,481,0.7499285286293981,0.7505256638984856,-0.0005971352690875396
2022-11-04,486,0.472547072163779,0.47407891018530696,-0.0015318380215279099
2022-11-07,486,0.44982692544163966,0.4566110424525916,-0.006784117010951885
2022-11-08,471,0.7142386968306826,0.7368460210499396,-0.022607324219257003
2022-11-09,477,2.211996755367203,2.1763313779861737,0.035665377381030004
2022-11-10,489,0.7813792976059329,0.7681788378783295,0.013200459727603453
2022-11-11,474,0.5222638564498457,0.5352174353239676,-0.012953578874121791
2022-11-14,482,0.5034240279362288,0.5187159915800122,-0.015291963643783546
2022-11-15,479,0.5419991600932003,0.5641578522738702,-0.022158692180669865
2022-11-16,474,0.4335201014455275,0.45835775395185235,-0.024837652506324838
2022-11-17,485,0.4192833048812937,0.4236035316151738,-0.004320226733880091
2022-11-18,483,0.40376082823081766,0.4033926435378859,0.00036818469293174
2022-11-21,482,0.4879798355357811,0.48184006880820535,0.006139766727575697
2022-11-22,483,0.3677515967205022,0.35253558463531204,0.015216012085190246
2022-11-23,483,0.3045846320209354,0.28893945460247605,0.015645177418459347
2022-11-25,488,0.5285067995625577,0.5300202298471816,-0.0015134302846237873
2022-11-28,479,0.3635708826867117,0.35170310468590543,0.011867778000806281
2022-11-29,466,0.8315832575345877,0.839897761367773,-0.008314503833185466
2022-11-30,473,0.3990869310947946,0.39279194815227414,0.006294982942520497
2022-12-01,485,0.3659828871677199,0.3624174595783802,0.0035654275893397137
2022-12-02,487,0.6228954975160103,0.6311186204719874,-0.008223122955977168
2022-12-05,483,0.4960344866630552,0.5002283959463654,-0.004193909283310158
2022-12-06,485,0.4275225691903318,0.4290193655366736,-0.0014967963463417614
2022-12-07,473,0.44623436085075546,0.4313450066843439,0.014889354166411604
2022-12-08,486,0.39324820599328775,0.3840751003400868,0.009173105653200914
2022-12-09,488,0.48482553122780986,0.48081496898250453,0.0040105622453053555
2022-12-12,482,0.4777509922616472,0.47140919236279344,0.006341799898853757
2022-12-13,470,0.38536609453382203,0.36705047414123515,0.018315620392586895
2022-12-14,477,0.7462429521746817,0.7687016513108431,-0.02245869913616144
2022-12-15,482,0.4346212553447211,0.42834335226917625,0.006277903075544852
2022-12-16,484,0.4002894573006947,0.3970443736452991,0.003245083655395598
2022-12-19,486,0.3341492306223095,0.3133916073474775,0.02075762327483197
2022-12-20,484,0.4827889412182948,0.4768784985517899,0.005910442666504939
2022-12-21,489,0.43534098900560675,0.4308759934564507,0.004464995549156083
2022-12-22,487,0.3323218599372648,0.30903119611446345,0.023290663822801365
2022-12-23,486,0.3416689108000566,0.3231687848156489,0.01850012598440765
2022-12-27,488,0.44473769123102086,0.43138310727668766,0.013354583954333173
2022-12-28,469,0.5456069299013457,0.5479980474021607,-0.002391117500815048
2022-12-29,475,0.30245389512861387,0.2786039922200402,0.023849902908573663
2022-12-30,488,0.4136784090953288,0.397270339463518,0.01640806963181079
2023-01-03,486,0.555858703861742,0.5601336120825077,-0.004274908220765585
2023-01-04,480,0.5447198412811468,0.546358084130764,-0.0016382428496171963
2023-01-05,486,0.787834676830022,0.8044747716654456,-0.01664009483542358
2023-01-06,482,0.4683541589281974,0.4654734943505108,0.002880664577686523
2023-01-09,489,0.4041447694591893,0.3982869778865067,0.005857791572682641
2023-01-10,488,0.5065471744730581,0.5044044163414724,0.002142758131585698
2023-01-11,483,0.4331001382005431,0.4252101540183818,0.007889984182161285
2023-01-12,485,0.33522649605143706,0.32526999293051495,0.009956503120922099
2023-01-13,488,0.36847813961694126,0.35357809354854625,0.014900046068395038
2023-01-17,489,0.5457660648127445,0.5353802873462884,0.010385777466456018
2023-01-18,481,0.49149827383666067,0.4904851188786995,0.0010131549579611783
2023-01-19,485,0.561971333447822,0.5742412041330578,-0.012269870685235829
2023-01-20,490,0.5018008487656033,0.5022738136345227,-0.0004729648689194272
2023-01-23,486,0.36773506483260904,0.3617391322827165,0.005995932549892524
2023-01-24,489,0.3887771662670034,0.3824555804754421,0.006321585791561335
2023-01-25,488,0.46062739284283016,0.4584159603819677,0.002211432460862495
2023-01-26,489,0.42514438850945335,0.4203614783625219,0.004782910146931452
2023-01-27,483,0.43272839418069636,0.4256801371372126,0.007048257043483746
2023-01-30,483,0.5571580206365377,0.5606688914508763,-0.003510870814338546
2023-01-31,489,0.5638709626483284,0.5606100365172825,0.0032609261310458373
2023-02-01,486,0.7510859699646065,0.7509231924288492,0.0001627775357574024
2023-02-02,485,0.5199552958862422,0.5258296252644368,-0.0058743293781945245
2023-02-03,484,0.40394954136268696,0.40879396294022047,-0.004844421577533497
2023-02-06,487,0.4521236548977997,0.4548734472578708,-0.002749792360071089
2023-02-07,484,0.45544137888389685,0.45698625880954286,-0.0015448799256459797
2023-02-08,476,0.48952043972270615,0.4926377962158661,-0.0031173564931600054
2023-02-09,484,0.4679255610276601,0.4689033912756893,-0.0009778302480292044
2023-02-10,484,0.407853431485349,0.4124786138563266,-0.004625182370977584
2023-02-13,479,0.3874736480400415,0.3893374249404817,-0.0018637769004402184
2023-02-14,484,0.4447834032022694,0.44421399692873204,0.0005694062735373601
2023-02-15,476,0.45036056949944453,0.45415745005433256,-0.0037968805548880364
2023-02-16,480,0.38411529981260234,0.3860185889184241,-0.0019032891058217872
2023-02-17,486,0.6932702747821934,0.6930938238467909,0.00017645093540258786
2023-02-21,486,0.3235196966191485,0.3293331748651319,-0.005813478245983402
2023-02-22,477,0.3852800904760607,0.39140502880356765,-0.006124938327506943
2023-02-23,483,0.4311384304422864,0.438880201163609,-0.007741770721322559
2023-02-24,475,0.2957431886055047,0.2967923203441608,-0.0010491317386561018
2023-02-27,474,0.33794122267580073,0.3371919782574868,0.00074924441831391
2023-02-28,486,0.383806924251925,0.37934498838394326,0.00446193586798171
2023-03-01,479,0.41551110079293857,0.41613453286672636,-0.0006234320737877972
2023-03-02,483,0.4355544452529408,0.4382901625939809,-0.0027357173410400867
2023-03-03,485,0.32681549772115287,0.3239006404195839,0.0029148573015690335
2023-03-06,483,0.5320103335680436,0.5232728075918923,0.008737525976151392
2023-03-07,484,0.32663518760129234,0.32589224248956367,0.0007429451117286527
2023-03-08,467,0.6716304739919686,0.669771339712524,0.0018591342794445841
2023-03-09,486,0.7023019714345878,0.690425488514469,0.011876482920118805
2023-03-10,488,0.6656812577519381,0.6564307907666336,0.009250466985304661
2023-03-13,462,0.5236902702394035,0.5216837477647053,0.002006522474698259
2023-03-14,488,0.6824568442566212,0.6649640671952683,0.01749277706135297
2023-03-15,475,0.5244883094488548,0.5279060300004925,-0.0034177205516377
2023-03-16,485,0.580689302134931,0.5542345968723427,0.026454705262588286
2023-03-17,488,0.4708189200052783,0.4719265399527508,-0.0011076199474724941
2023-03-20,486,0.5878635255506445,0.5815867998266167,0.006276725724027953
2023-03-21,487,0.6669861304962532,0.6469793158382039,0.02000681465804933
2023-03-22,487,0.41736537885536795,0.42452032717986826,-0.007154948324500246
2023-03-23,489,0.442554164702108,0.4469829543852767,-0.00442878968316866
2023-03-24,490,0.35882096078266557,0.36220858067804107,-0.003387619895375524
2023-03-27,488,0.3163861547600236,0.325202498669054,-0.008816343909030388
2023-03-28,490,0.47920969360116794,0.47892737959314563,0.0002823140080222194
2023-03-29,468,0.29273672243195226,0.28978076727989505,0.002955955152057274
2023-03-30,482,0.4697846873659758,0.4781575311665185,-0.008372843800542696
2023-03-31,489,0.38039426783934494,0.3766005928592125,0.0037936749801324144
2023-04-03,486,0.4684381760656049,0.469728817000151,-0.0012906409345461072
2023-04-04,482,0.4627058632990419,0.46440285457179137,-0.0016969912727494846
2023-04-05,479,0.3136330780764049,0.31279724092601924,0.0008358371503856363
2023-04-06,488,0.3507882229359964,0.34924361409775556,0.001544608838240786
2023-04-10,490,0.316226007579126,0.31596523626982426,0.0002607713093017552
2023-04-11,489,0.33571068552358374,0.33400045960103425,0.0017102259225494313
2023-04-12,482,0.35089529931317875,0.3499108509004552,0.0009844484127235335
2023-04-13,488,0.32578863971454997,0.31622037072015896,0.009568268994390958
2023-04-14,489,0.3664852237518605,0.36252773243442277,0.003957491317437733
2023-04-17,490,0.29032812375170736,0.2821578544107284,0.00817026934097898
2023-04-18,490,0.37614228322703386,0.36810846782933315,0.0080338153977007
2023-04-19,482,0.399427365295276,0.3968752096145496,0.002552155680726389
2023-04-20,489,0.3141966285871217,0.30576611685351873,0.008430511733603005
2023-04-21,489,0.29353167671769864,0.2857333105520279,0.007798366165670764
2023-04-24,485,0.6333876492277554,0.6433137480371866,-0.00992609880943122
2023-04-25,489,0.4813917002386258,0.4749561933634939,0.006435506875131908
2023-04-26,485,0.6870336385534406,0.7003060681479002,-0.01327242959445962
2023-04-27,478,0.4383403333604651,0.4413215884539545,-0.0029812550934894743
2023-04-28,489,0.35489236976185945,0.3591474932133646,-0.0042551234515051045
2023-05-01,488,0.5968080666377358,0.6006609207172718,-0.0038528540795359973
2023-05-02,488,0.476550938752308,0.47893534147660366,-0.0023844027242957175
2023-05-03,481,0.5440168833557275,0.5484327120796513,-0.004415828723923662
2023-05-04,484,0.6142172379480093,0.6249044667913521,-0.0106872288433429
2023-05-05,487,0.36113686707866305,0.3689381644153311,-0.007801297336668065
2023-05-08,483,0.3668981870486049,0.3766025401847667,-0.009704353136161819
2023-05-09,486,0.36509193389313604,0.37042163619493906,-0.00532970230180301
2023-05-10,475,0.39211073797153856,0.39419445498861305,-0.002083717017074429
2023-05-11,476,0.3411293545910982,0.34429634023347777,-0.0031669856423795443
2023-05-12,487,0.4091336780471389,0.4097994432560589,-0.0006657652089199903
2023-05-15,484,0.5007708888210046,0.4979850654922075,0.002785823328797142
2023-05-16,483,0.5304384137160053,0.5350172604732859,-0.00457884675728055
2023-05-17,476,0.4269584303361018,0.4294480050128157,-0.002489574676713897
2023-05-18,484,0.29328553020442066,0.2973720617517144,-0.0040865315472937355
2023-05-19,485,0.34480248027388016,0.3427250293907817,0.002077450883098455
2023-05-22,484,0.49247149651059874,0.4882607395639413,0.004210756946657508
2023-05-23,487,0.42811897473218863,0.4265971312207956,0.0015218435113929648
2023-05-24,480,0.5769390373413337,0.5744285473975419,0.0025104899437917863
2023-05-25,479,0.5236368456581587,0.5160532559600175,0.007583589698141203
2023-05-26,480,0.36349300696912784,0.361968742727485,0.001524264241642835
2023-05-30,471,0.4688625214925383,0.4673247528270276,0.0015377686655106634
2023-05-31,474,0.46316485055126844,0.4691787159079845,-0.006013865356716122
2023-06-01,486,0.744787301802079,0.7568748164634231,-0.012087514661344138
2023-06-02,488,0.3374650023167138,0.3396958742487516,-0.0022308719320378
2023-06-05,485,0.42972366259818146,0.43151834502258746,-0.0017946824244059933
2023-06-06,485,0.5227087627206738,0.5218211766928714,0.0008875860278023657
2023-06-07,474,0.37448403620418697,0.3744435646262922,4.047157789480388e-05
2023-06-08,487,0.301156445199595,0.30037004655541394,0.0007863986441811284
2023-06-09,490,0.4016261247759445,0.4007024953308362,0.0009236294451082912
2023-06-12,483,0.3862513946040425,0.38798399504111,-0.0017326004370674208
2023-06-13,466,0.395142336135823,0.39400622315116196,0.0011361129846609792
2023-06-14,476,0.4362960910842823,0.43627854221035245,1.7548873929835527e-05
2023-06-15,485,0.30828444406992167,0.3055054609081481,0.002778983161773518
2023-06-16,487,0.3963611003725787,0.39385644091678285,0.0025046594557958765
2023-06-20,487,0.33557813725033264,0.3392910643421888,-0.0037129270918561633
2023-06-21,486,0.33609449710948586,0.3352482672777423,0.000846229831743486
2023-06-22,487,0.3534980596750373,0.35113191758465034,0.0023661420903869504
2023-06-23,489,0.37330937698760996,0.37266118993231123,0.0006481870552987486
2023-06-26,490,0.48713543111656404,0.4901791816255381,-0.003043750508974048
2023-06-27,490,0.3374904863815629,0.3306404731938365,0.006850013187726386
2023-06-28,469,0.34653931348269246,0.34948390116076156,-0.002944587678069092
2023-06-29,481,0.3322317952714216,0.3307503591761495,0.0014814360952721737
2023-06-30,485,0.3174141808318016,0.3151484122440609,0.002265768587740648
2023-07-03,487,0.33381235023868366,0.3308932823047012,0.002919067933982431
2023-07-05,481,0.342180255901073,0.3386543514709935,0.003525904430079509
2023-07-06,481,0.35848214732496986,0.3506191604632492,0.00786298686172067
2023-07-07,487,0.41913954992280805,0.41995175332769585,-0.0008122034048877966
2023-07-10,489,0.41426755915629826,0.41535219580724053,-0.0010846366509423343
2023-07-11,488,0.35622595463935,0.35208439664264546,0.004141557996704494
2023-07-12,485,0.3738314378474788,0.3736509111000264,0.00018052674745236717
2023-07-13,486,0.3876358040306123,0.3883460196175055,-0.000710215586893178
2023-07-14,490,0.3647859903586391,0.36510020418018757,-0.0003142138215484445
2023-07-17,490,0.37081721986068794,0.370384308788772,0.00043291107191593416
2023-07-18,488,0.41273860355206404,0.4120498438437496,0.0006887597083144714
2023-07-19,482,0.5214591140566982,0.5240960098635016,-0.0026368958068033847
2023-07-20,490,0.31554242990010983,0.3127159977783885,0.0028264321217213776
2023-07-21,488,0.2893665030557018,0.28704664057472573,0.0023198624809760557
2023-07-24,488,0.36710457542595154,0.36630209078274545,0.000802484643206149
2023-07-25,487,0.3912567599256493,0.39021592887437084,0.0010408310512784672
2023-07-26,487,0.5915512861901877,0.5844902449993579,0.007061041190829807
2023-07-27,480,0.4128651615080166,0.41609468194262844,-0.0032295204346118257
2023-07-28,482,0.322012592047713,0.3231887117529699,-0.0011761197052569316
2023-07-31,489,0.3850435081161402,0.38796987912760666,-0.002926371011466522
2023-08-01,489,0.5282623446045269,0.532788838004472,-0.004526493399945025
2023-08-02,485,0.48293461319173925,0.4824481831038625,0.0004864300878767631
2023-08-03,482,0.46906322768339154,0.47192142141254845,-0.002858193729156894
2023-08-04,484,0.3836907944359881,0.3919538339039657,-0.008263039467977618
2023-08-07,486,0.41774479427060324,0.42483281536565587,-0.0070880210950525725
2023-08-08,482,0.3817813216545415,0.39694530527679056,-0.015163983622249114
2023-08-09,478,0.3200576355033353,0.32828077871050615,-0.008223143207170857
2023-08-10,483,0.3048128821713325,0.31147012563588045,-0.006657243464547955
2023-08-11,480,0.3153753536506044,0.3208915763059477,-0.005516222655343368
2023-08-14,483,0.43944929625992885,0.4362610872858286,0.0031882089741002637
2023-08-15,481,0.3769497719210616,0.37766157494174313,-0.0007118030206815505
2023-08-16,475,0.4129311207999343,0.41113942534947423,0.0017916954504601
2023-08-17,483,0.2785182412738589,0.2764302912440845,0.0020879500297743703
2023-08-18,487,0.32053719304564404,0.3205524946925664,-1.530164692238207e-05
2023-08-21,485,0.31333747443602067,0.3124731300688021,0.0008643443672185368
2023-08-22,487,0.37137009544890404,0.3736677279041676,-0.0022976324552635347
2023-08-23,485,0.40117727327243363,0.4008684373424438,0.0003088359299898715
2023-08-24,483,0.3033901419756701,0.3027704382869221,0.0006197036887480182
2023-08-25,487,0.29652666947000317,0.298997993742939,-0.0024713242729358
2023-08-28,487,0.40300738478350084,0.40477932659049815,-0.0017719418069973563
2023-08-29,476,0.2677169294277349,0.2662443996603638,0.0014725297673710972
2023-08-30,462,0.3485829617320012,0.3464284306931442,0.002154531038857027
2023-08-31,483,0.3709994673538785,0.36788254231046164,0.0031169250434168704
2023-09-01,482,0.486582230632291,0.47629388912129056,0.010288341511000396
2023-09-05,484,0.3070139922689173,0.30866529592122305,-0.001651303652305777
2023-09-06,473,0.39372314646476786,0.3922600225107697,0.0014631239539981368
2023-09-07,487,0.3196661854347648,0.3216287498735405,-0.001962564438775674
2023-09-08,490,0.3124948715701366,0.31437296681368004,-0.0018780952435434699
2023-09-11,483,0.3842319251260808,0.3798050608766342,0.0044268642494466205
2023-09-12,487,0.34575375271892783,0.34498104591655343,0.0007727068023743796
2023-09-13,462,0.40656668069493784,0.4103910477137781,-0.003824367018840292
2023-09-14,484,0.3687894379011658,0.3691317632707814,-0.0003423253696156056
2023-09-15,486,0.2957502220720532,0.29669363950604954,-0.0009434174339963649
2023-09-18,489,0.2752487751517249,0.2781824302457091,-0.0029336550939842157
2023-09-19,487,0.3153345779318772,0.3155259300780256,-0.00019135214614839056
2023-09-20,486,0.6100370175700061,0.5973205295503431,0.012716488019663033
2023-09-21,486,0.29358131094455503,0.29226025034866443,0.0013210605958906252
2023-09-22,487,0.2681637195675036,0.26951444918890655,-0.0013507296214029176
2023-09-25,488,0.502944980022537,0.49262077840461177,0.010324201617925178
2023-09-26,489,0.34629596218238823,0.3444994916901128,0.0017964704922754206
2023-09-27,468,0.4091691762483917,0.40569275104002134,0.0034764252083704108
2023-09-28,483,0.31227395505682637,0.3083059002737214,0.0039680547831049675
2023-09-29,487,0.4812236532017702,0.4669943749759331,0.014229278225837085
2023-10-02,488,0.5061992844101435,0.5024695226030107,0.0037297618071327017
2023-10-03,488,0.38938784501135265,0.3849388253845776,0.004449019626775079
2023-10-04,476,0.3501395711137637,0.34813689925445557,0.002002671859308072
2023-10-05,482,0.4123817914568525,0.40998194462216914,0.0023998468346832853
2023-10-06,490,0.41839897958594197,0.41298704085012383,0.005411938735818123
2023-10-09,489,0.32969032294737155,0.3332287570003831,-0.00353843405301154
2023-10-10,485,0.40176323443716644,0.40397841450902017,-0.002215180071853693
2023-10-11,485,0.5160822653310443,0.5103878079488193,0.005694457382224867
2023-10-12,488,0.42006882089774256,0.4211133709624629,-0.001044550064720298
2023-10-13,488,0.4105840446542938,0.4149907139749341,-0.004406669320640241
2023-10-16,490,0.3036833672294909,0.3091690298204483,-0.005485662590957408
2023-10-17,490,0.6405683768572943,0.6236277557555723,0.01694062110172189
2023-10-18,484,0.49224345931480984,0.4867086695674788,0.005534789747330992
2023-10-19,487,0.438619395804038,0.43674094990430895,0.0018784458997290916
2023-10-20,489,0.3367292146775932,0.3387038646845299,-0.0019746500069366796
2023-10-23,488,0.43718959796652546,0.4418090908694559,-0.004619492902930401
2023-10-24,489,0.5832497746500354,0.5812786370398744,0.0019711376101609708
2023-10-25,487,0.5579815217398135,0.5562992433626498,0.0016822783771636833
2023-10-26,489,0.5673258697658178,0.5551172081654264,0.012208661600391347
2023-10-27,483,0.45881479217144766,0.4589564154256687,-0.00014162325422106353
2023-10-30,477,0.40853111489523813,0.4146225921082828,-0.006091477213044676
2023-10-31,490,0.4852080930308254,0.49073864130480205,-0.005530548273976657
2023-11-01,485,0.8847802361075725,0.8782858572518674,0.006494378855705164
2023-11-02,486,0.6829007797523865,0.6772451581750661,0.00565562157732041
2023-11-03,485,0.38367389488963766,0.39241287858326107,-0.008738983693623414
2023-11-06,486,0.38360573517058755,0.3968870891426557,-0.013281353972068113
2023-11-07,485,0.3706410697772366,0.3860848486326749,-0.015443778855438267
2023-11-08,476,0.4383031816695117,0.4426251120109895,-0.0043219303414777895
2023-11-09,482,0.452724818514739,0.4649426730339501,-0.012217854519211044
2023-11-10,484,0.3079081588198093,0.31274322558341405,-0.004835066763604786
2023-11-13,473,1.0511866781147927,1.0471835529417246,0.004003125173068068
2023-11-14,483,0.3722587770488512,0.382043291321445,-0.009784514272593825
2023-11-15,470,0.37849768275788753,0.3915409112336747,-0.013043228475787172
2023-11-16,485,0.3043529395455455,0.31458787737834526,-0.010234937832799752
2023-11-17,482,0.28658080584104934,0.2982176403878345,-0.011636834546785187
2023-11-20,485,0.3230098309085735,0.33213081544592515,-0.009120984537351677
2023-11-21,481,0.2621236668310812,0.26152776160906555,0.0005959052220156353
2023-11-22,484,0.22418012966784853,0.21980693216908587,0.0043731974987626585
2023-11-24,487,0.27312489877793655,0.2659337158965336,0.007191182881402962
2023-11-27,489,0.3044044279164191,0.29556851171384096,0.0088359162025781
2023-11-28,478,0.40975139070083616,0.4063005566324407,0.0034508340683955187
2023-11-29,456,0.3561088878398524,0.3524910456203412,0.003617842219511214
2023-11-30,486,0.5456880022698251,0.5559965897386617,-0.010308587468836602
2023-12-01,489,0.3475323953926735,0.3457640414806543,0.0017683539120191703
2023-12-04,482,0.36921862916942877,0.36513336345370045,0.0040852657157283215
2023-12-05,486,0.3613041141255165,0.36019957632636546,0.001104537799151038
2023-12-06,472,0.3302772331277782,0.3315609039449501,-0.001283670817171878
2023-12-07,487,0.3229902370870678,0.3210055090911656,0.00198472799590226
2023-12-08,489,0.3961186698487756,0.3929626600234822,0.003156009825293415
2023-12-11,484,0.3326686869720568,0.3293444198975808,0.003324267074476
2023-12-12,486,0.7201527267256972,0.7378128486373399,-0.01766012191164264
2023-12-13,464,0.9196946691792698,0.9363546254317625,-0.01665995625249264
2023-12-14,482,0.36527089488309183,0.35854007176317493,0.006730823119916935
2023-12-15,485,0.31075916372445456,0.3113005649702716,-0.000541401245817035
2023-12-18,488,0.33290829930228133,0.336783366435674,-0.003875067133392686
2023-12-19,485,0.5106971289222204,0.5070922726870968,0.0036048562351235717
2023-12-20,490,0.3919114987687006,0.39638812054950356,-0.00447662178080296
2023-12-21,491,0.2641411864065532,0.2622644806780382,0.0018767057285149476
2023-12-22,489,0.2596774810293804,0.2563520695087522,0.003325411520628089
2023-12-26,485,0.2265158875671816,0.2207788915338038,0.005736996033377802
2023-12-27,471,0.2273015645052284,0.22158193337762502,0.005719631127603347
2023-12-28,478,0.23819478383486603,0.22321961164569018,0.014975172189175844
2023-12-29,489,0.506635217089429,0.5140533397586475,-0.007418122669218417
2024-01-02,489,0.5173363856178375,0.5222286877133947,-0.0048923020955572456
2024-01-03,483,0.2903155173590255,0.2847096467403059,0.005605870618719572
2024-01-04,490,0.2766152550438216,0.2721087196206142,0.004506535423207368
2024-01-05,488,0.4379273702038753,0.44198248577484733,-0.004055115570972034
2024-01-08,485,0.33742032741755407,0.3361247367591162,0.0012955906584378373
2024-01-09,490,0.3363956184755085,0.3357027318252873,0.0006928866502211832
2024-01-10,487,0.32269058798054656,0.3179548995571383,0.004735688423408284
2024-01-11,486,0.33831159271689915,0.33656285668632385,0.0017487360305752438
2024-01-12,489,0.38707023003525515,0.3835450359088038,0.0035251941264513404
2024-01-16,490,0.3270802589976009,0.32179760789505674,0.005282651102544144
2024-01-17,484,0.37965416922501066,0.3765308134425919,0.00312335578241873
2024-01-18,486,0.4431667814272696,0.44510284689423385,-0.0019360654669642095
2024-01-19,490,0.3600726483489917,0.3601247654600999,-5.2117111108257336e-05
2024-01-22,488,0.3537808940171834,0.35228849069967005,0.0014924033175133288
2024-01-23,490,0.4158711125630291,0.4150323863964073,0.0008387261666217812
2024-01-24,490,0.47031012892019686,0.4741430996297253,-0.0038329707095284375
2024-01-25,491,0.3174000105285415,0.31728235044987463,0.00011766007866689046
2024-01-26,490,0.33077808224996313,0.33450242264002966,-0.003724340390066562
2024-01-29,483,0.3682209690063389,0.3712815377047675,-0.0030605686984286483
2024-01-30,482,0.5206672901378999,0.5203073191010771,0.00035997103682289234
2024-01-31,487,0.5628443548553936,0.5643754517145231,-0.0015310968591294753
2024-02-01,486,0.44353403959927196,0.44424357667531145,-0.000709537076039463
2024-02-02,488,0.4476802713644425,0.44859769435180447,-0.0009174229873620336
2024-02-05,488,0.4376274313327385,0.4476029628039677,-0.009975531471229213
2024-02-06,487,0.40276700510488206,0.4087556747664249,-0.0059886696615428425
2024-02-07,479,0.480210854074289,0.48644199037973107,-0.006231136305442048
2024-02-08,486,0.3794491181252785,0.3850170165908846,-0.005567898465606149
2024-02-09,489,0.36237924963988977,0.37169581491046333,-0.00931656527057354
2024-02-12,486,0.6016141499836765,0.6022012391774042,-0.0005870891937277792
2024-02-13,481,0.4794340403253573,0.4840995173129918,-0.004665476987634495
2024-02-14,472,0.5365186692235784,0.5352708951527935,0.0012477740707849498
2024-02-15,478,0.37782451440849707,0.38438186952036973,-0.0065573551118726404
2024-02-16,483,0.32811279216216777,0.33064680323725243,-0.002534011075084682
2024-02-20,486,0.3744828656738471,0.3782750335641948,-0.0037921678903477503
2024-02-21,479,0.5627604723013734,0.5579743732164748,0.004786099084898572
2024-02-22,484,0.35506178834138646,0.3603487887878062,-0.005287000446419734
2024-02-23,486,0.3726530539282722,0.37183904109061044,0.0008140128376617513
2024-02-26,489,0.3643397351060662,0.3641767412571086,0.00016299384895762867
2024-02-27,480,0.32488439688592996,0.3280472942300783,-0.003162897344148323
2024-02-28,468,0.36087243088724935,0.3591991944524072,0.0016732364348420454
2024-02-29,482,0.4556822209669725,0.45332922310533474,0.0023529978616376986
2024-03-01,487,0.4244825764646173,0.4296927809246376,-0.005210204460020264
2024-03-04,483,0.4396923044206195,0.44214016632013736,-0.0024478618995178144
2024-03-05,485,0.37297167983896773,0.3730228933201579,-5.1213481190190855e-05
2024-03-06,467,0.3930833475505987,0.39227002093344915,0.0008133266171496061
2024-03-07,484,0.339984813699194,0.3415038420245601,-0.0015190283253661173
2024-03-08,490,0.3739187220917314,0.3773461186005406,-0.003427396508809249
2024-03-11,483,0.3517830028947904,0.3482877968390673,0.003495206055723141
2024-03-12,486,0.3655845212588172,0.3641714957593741,0.0014130254994430753
2024-03-13,457,0.40005566634627826,0.40599321432150215,-0.005937547975223894
2024-03-14,488,0.35102314905170284,0.35108847627238504,-6.532722068220098e-05
2024-03-15,486,0.28380798300495796,0.2824673185798615,0.0013406644250964818
2024-03-18,490,0.3036611317679958,0.3035675137998221,9.361796817368972e-05
2024-03-19,484,0.3994545685562702,0.40220236348927946,-0.0027477949330092575
2024-03-20,489,0.40038655770409315,0.39775224980968715,0.00263430789440596
2024-03-21,488,0.3233260989107527,0.3176768066458777,0.005649292264874941
2024-03-22,491,0.3064378900068133,0.30313973073092143,0.003298159275891927
2024-03-25,491,0.2970279559862455,0.29498983274357804,0.002038123242667411
2024-03-26,465,0.5287306553708448,0.530716173673521,-0.0019855183026759875
2024-03-27,483,0.25939203150915213,0.2587444438550564,0.0006475876540956867
2024-03-28,488,0.36267539982875807,0.3554822750823057,0.007193124746452409
2024-04-01,489,0.39682764224719375,0.39893515032586563,-0.0021075080786719055
2024-04-02,488,0.3447254307257177,0.34121266950143186,0.003512761224285815
2024-04-03,484,0.41736617670418935,0.4188282555834884,-0.00146207887929904
2024-04-04,489,0.3406258092984216,0.3355203948903944,0.005105414408027129
2024-04-05,487,0.3022401839177304,0.29676302327973675,0.0054771606379936414
2024-04-08,484,0.3642147762048811,0.36062834424473844,0.0035864319601426418
2024-04-09,490,0.6047485278505034,0.603356879438575,0.0013916484119284483
2024-04-10,487,0.37118970631580317,0.368861811798173,0.002327894517630134
2024-04-11,484,0.5397793858005386,0.5423820041927491,-0.002602618392210439
2024-04-12,489,0.3762308331913264,0.3793077728275162,-0.0030769396361898338
2024-04-15,491,0.3398463921194287,0.33238848743298605,0.007457904686442642
2024-04-16,491,0.37662451297952027,0.3731985619097602,0.003425951069760081
2024-04-17,485,0.3365755061007187,0.33223250463890464,0.004343001461814026
2024-04-18,487,0.44731226679617275,0.4522505597876279,-0.004938292991455125
2024-04-19,490,0.32683991601153595,0.322769493289015,0.004070422722520871
2024-04-22,487,0.455803745620976,0.45647243708850066,-0.0006686914675247016
2024-04-23,490,0.3872357161083476,0.3810085752636506,0.00622714084469701
2024-04-24,489,0.43875530523801604,0.4368588331766724,0.0018964720613436285
2024-04-25,490,0.4211194076295176,0.4177165453967898,0.003402862232727752
2024-04-26,485,0.3534631853659173,0.35166046276372204,0.0018027226021952421
2024-04-29,482,0.5921120990228201,0.5937571877877044,-0.0016450887648843129
2024-04-30,489,0.5355054729179345,0.5419895852732494,-0.006484112355314907
2024-05-01,488,0.5296018178435042,0.535661424963901,-0.006059607120396834
2024-05-02,484,0.4081779174212217,0.4150419596600917,-0.006864042238870031
2024-05-03,487,0.3957378591304122,0.40083402284062347,-0.005096163710211224
2024-05-06,487,0.36788672003199274,0.3787731078854907,-0.010886387853497947
2024-05-07,491,0.3196773337764092,0.3257428110067479,-0.006065477230338699
2024-05-08,478,0.41432071846685004,0.4166545186075672,-0.002333800140717133
2024-05-09,481,0.32728706734739,0.3264272054705691,0.0008598618768209425
2024-05-10,488,0.30729059514694795,0.3034491165996029,0.003841478547345058
2024-05-13,480,0.3083871218293129,0.30715234356369503,0.0012347782656178803
2024-05-14,483,0.43385520031791713,0.43720791034627693,-0.0033527100283598284
2024-05-15,475,0.36480219910265915,0.3634862779058451,0.0013159211968140007
2024-05-16,484,0.27156249842271907,0.26816109613462163,0.0034014022880974864
2024-05-17,488,0.34153279724086005,0.33930679673945374,0.002226000501406313
2024-05-20,487,0.30783541685935306,0.30668733008898696,0.00114808677036609
2024-05-21,490,0.4068280944040652,0.4051386003539599,0.0016894940501052983
2024-05-22,480,0.5193095885764616,0.5245132784711347,-0.00520368989467318
2024-05-23,484,0.3763136155254235,0.37232086143200904,0.00399275409341439
2024-05-24,492,0.4278394543410043,0.4210126126272885,0.006826841713715746
2024-05-28,488,0.40695478450012057,0.405260539284647,0.0016942452154735871
2024-05-29,487,0.46529551620255616,0.4701264748596945,-0.004830958657138359
2024-05-30,473,0.5734392969233224,0.5690045403588427,0.004434756564479633
2024-05-31,476,0.4233236452477175,0.42040324911564336,0.0029203961320741077
2024-06-03,485,0.3512911287597822,0.35180813851703885,-0.0005170097572566454
2024-06-04,488,0.42095224919113394,0.4252640635811166,-0.004311814389982709
2024-06-05,489,0.3208638824699,0.3242312376696272,-0.0033673551997271682
2024-06-06,473,0.29450852203321126,0.2951817514679343,-0.0006732294347230184
2024-06-07,481,0.36926787962562874,0.3635269780132237,0.005740901612405011
2024-06-10,490,0.32411465029083525,0.324327234639807,-0.0002125843489717552
2024-06-11,486,0.4626883271709785,0.4617328032269674,0.0009555239440110956
2024-06-12,490,0.3408714584100511,0.34537184344461547,-0.004500385034564346
2024-06-13,462,0.3747344792102824,0.3771031128032577,-0.0023686335929753205
2024-06-14,483,0.3976187630350658,0.396264760854021,0.0013540021810447974
2024-06-17,483,0.3216057257132215,0.32002090918079007,0.0015848165324314138
2024-06-18,490,0.392418053053937,0.3911636037217664,0.0012544493321706006
2024-06-20,488,0.2786619299053241,0.27869330302998135,-3.137312465728587e-05
2024-06-21,488,0.4026988127011633,0.40385924664432954,-0.0011604339431662643
2024-06-24,492,0.40240186626362684,0.3992827337823706,0.0031191324812562403
2024-06-25,490,0.3305008807910676,0.3289619383137757,0.0015389424772919165
2024-06-26,490,0.304902857966487,0.3027774918554721,0.002125366111014907
2024-06-27,469,0.37044907289703943,0.36984243946067663,0.0006066334363628077
2024-06-28,483,0.3855813502383901,0.38281363668982643,0.002767713548563683
2024-07-01,490,0.29088090487458024,0.28771336517647195,0.0031675396981083524
2024-07-02,490,0.2826363235968597,0.27772692310676683,0.004909400490092779
2024-07-03,483,0.30827825181533813,0.3052414704573302,0.0030367813580079047
2024-07-05,486,0.3166895063308968,0.3124554040048639,0.0042341023260328865
2024-07-08,487,0.30849721754873005,0.3047608643127761,0.003736353235953961
2024-07-09,486,0.35693797280901596,0.35602519584546444,0.0009127769635515459
2024-07-10,488,0.5947779069466608,0.603371281505984,-0.008593374559323238
2024-07-11,490,0.3504108867800107,0.3464989854962709,0.003911901283739737
2024-07-12,484,0.4341074373968744,0.43403888139850844,6.85559983659893e-05
2024-07-15,492,0.634288202888304,0.6335506220603152,0.0007375808279888336
2024-07-16,491,0.6726195339287463,0.6811692177444338,-0.008549683815687652
2024-07-17,491,0.4405021364756988,0.4396026694628736,0.0008994670128252477
2024-07-18,486,0.3930946752728868,0.3932936851837439,-0.00019900991085712038
2024-07-19,488,0.4351692777493051,0.43224373595749127,0.0029255417918137945
2024-07-22,491,0.40538353156566426,0.40348330886378614,0.0019002227018781296
2024-07-23,491,0.7231121179134167,0.7155904967029505,0.007521621210466218
2024-07-24,491,0.6408099593576243,0.6389683522046998,0.0018416071529243705
2024-07-25,488,0.6192816514400777,0.6184066668989416,0.0008749845411359718
2024-07-26,491,0.3148083568063017,0.32257181823383113,-0.00776346142752941
2024-07-29,491,0.4986599835482035,0.5027955683121562,-0.004135584763952732
2024-07-30,483,0.538517084651612,0.5372361892041709,0.0012808954474410488
2024-07-31,483,0.859343095897834,0.8521456240731626,0.007197471824671381
2024-08-01,488,0.9461581539979536,0.9286919173445101,0.017466236653443542
2024-08-02,487,0.8382310387517603,0.8173290333631971,0.020902005388563197
2024-08-05,489,0.5181333745686717,0.5189514073113939,-0.000818032742722277
2024-08-06,487,0.4904176640718213,0.5046388562878035,-0.014221192215982111
2024-08-07,491,0.7465021699406788,0.7263580851110909,0.020144084829587853
2024-08-08,484,0.3257189025799552,0.3488527300644905,-0.023133827484535296
2024-08-09,480,0.34556693597179156,0.3573888920641402,-0.011821956092348661
2024-08-12,490,0.47747147960234937,0.473266008053172,0.004205471549177358
2024-08-13,485,0.30689770037254677,0.31642605814105695,-0.009528357768510182
2024-08-14,473,0.5532075852582569,0.5497588690399229,0.003448716218333942
2024-08-15,476,0.2744333600104991,0.2747497314452265,-0.0003163714347274029
2024-08-16,484,0.30532977856713295,0.3015322436927004,0.003797534874432528
2024-08-19,487,0.3088016188487515,0.30607920776162206,0.0027224110871294457
2024-08-20,485,0.33999888024906677,0.3339710100386054,0.0060278702104613335
2024-08-21,489,0.3031163058473791,0.30289399553369717,0.00022231031368186635
2024-08-22,487,0.4679800205860947,0.467601641292729,0.00037837929336573885
2024-08-23,487,0.2743626961987448,0.2722178460398953,0.0021448501588495106
2024-08-26,487,0.29027775753400326,0.28430938942554423,0.00596836810845907
2024-08-27,491,0.30889798727222195,0.30671307735072734,0.0021849099214946445
2024-08-28,489,0.3664301526721861,0.3630638591171722,0.003366293555013876
2024-08-29,469,0.3228105457428212,0.31993488658587577,0.002875659156945396
2024-08-30,474,0.7350496595799982,0.7729263646246882,-0.03787670504468996
2024-09-03,483,0.34346217913622573,0.33892997786543166,0.0045322012707941
2024-09-04,485,0.3827349921644637,0.3826249643162799,0.00011002784818385213
2024-09-05,478,0.4713853574803947,0.47747153504395484,-0.006086177563560169
2024-09-06,484,0.4095239027881768,0.4087955378636314,0.0007283649245453778
2024-09-09,486,0.36754936510618064,0.3650718384340716,0.0024775266721091082
2024-09-10,488,0.42770530586373184,0.4258617380953864,0.0018435677683453751
2024-09-11,487,0.3480936063681962,0.3466982618718206,0.0013953444963755494
2024-09-12,469,0.38324652317211677,0.3798049353024131,0.003441587869703636
2024-09-13,476,0.34134365504948,0.3365854527249289,0.0047582023245510445
2024-09-16,484,0.35210738971468175,0.3445948953850906,0.007512494329591192
2024-09-17,490,0.28403581887206975,0.2724461282713337,0.011589690600736072
2024-09-18,489,0.5416479946717051,0.547657161235374,-0.006009166563668898
2024-09-19,487,0.3926692788062754,0.38864893429388375,0.004020344512391639
2024-09-20,489,0.3129220023653688,0.30665837177956934,0.006263630585799444
2024-09-23,491,0.33952720199822134,0.3322948113874166,0.007232390610804688
2024-09-24,491,0.34864638078458227,0.3456720652244564,0.0029743155601258467
2024-09-25,488,0.542533710344816,0.5399694618545898,0.0025642484902261894
2024-09-26,486,0.33213501844754634,0.3274590862824509,0.00467593216509548
2024-09-27,472,0.2867885595550009,0.28150609952151184,0.0052824600334890675
2024-09-30,482,0.41225560500881775,0.4098903211419394,0.002365283866878318
2024-10-01,489,0.3236068267545088,0.31679842798200797,0.006808398772500833
2024-10-02,490,0.3473483618316658,0.3395082692177249,0.007840092613940815
2024-10-03,483,0.38456314266474995,0.3803003217630017,0.004262820901748292
2024-10-04,489,0.4232648113590558,0.4141397744628697,0.009125036896186064
2024-10-07,491,0.38039131041960833,0.377258445557541,0.003132864862067317
2024-10-08,490,0.3419085869569484,0.3344102113893533,0.007498375567595094
2024-10-09,484,0.3090579928032943,0.30038277802099267,0.00867521478230167
2024-10-10,490,0.3928104392662382,0.3889014363606012,0.003909002905637
2024-10-11,493,0.31757163062735083,0.31039442572857384,0.007177204898776969
2024-10-14,487,0.4394646858223974,0.4457435114357549,-0.006278825613357471
2024-10-15,492,0.37108545704946844,0.3635329852117517,0.007552471837716764
2024-10-16,492,0.3673036305568425,0.3612288770611008,0.00607475349574165
2024-10-17,487,0.31020065948167785,0.3003009240698522,0.00989973541182566
2024-10-18,490,0.3667938914529082,0.36051462681553675,0.006279264637371486
2024-10-21,491,0.3897463116602416,0.3849656129420451,0.004780698718196473
2024-10-22,491,0.3602491619498053,0.3571656810524499,0.0030834808973554018
2024-10-23,493,0.455331414838729,0.4467333363859738,0.008598078452755224
2024-10-24,490,0.42788699324694823,0.416523560457645,0.011363432789303263
2024-10-25,492,0.32648142745339614,0.32215446706658557,0.0043269603868105085
2024-10-28,493,0.44184381795017824,0.437592588301589,0.004251229648589225
2024-10-29,492,0.44934146434037425,0.4534917218675518,-0.004150257527177557
2024-10-30,485,0.7136221100072062,0.7197295338558752,-0.006107423848669022
2024-10-31,485,0.43685302432215944,0.4369017183025301,-4.869398037060866e-05
2024-11-01,484,0.342908619906341,0.3525446701757359,-0.00963605026939488
2024-11-04,490,0.4855622456897991,0.4908211550052884,-0.005258909315489279
2024-11-05,491,1.4973433786330244,1.4953666232372365,0.0019767553957880392
2024-11-06,489,0.5718971112189104,0.5673855256363262,0.004511585582584242
2024-11-07,479,0.5630705897594058,0.5647671871985593,-0.0016965974391536253
2024-11-08,493,0.4975332511935009,0.5104093680616231,-0.012876116868122175
2024-11-11,487,0.3963616247943613,0.4106202356470252,-0.014258610852663896
2024-11-12,483,0.34158094955971496,0.36284137875422484,-0.021260429194509864
2024-11-13,483,0.45891151568789945,0.4614930316094113,-0.002581515921511895
2024-11-14,470,0.5490191256086817,0.545870254711789,0.0031488708968927725
2024-11-15,480,0.36488851988255633,0.3628027718338443,0.0020857480487120467
2024-11-18,490,0.40102640489398494,0.3976779097825625,0.003348495111422416
2024-11-19,488,0.3502448417920033,0.35027040696130385,-2.5565169300549776e-05
2024-11-20,485,0.4665709604142157,0.46626373426340384,0.0003072261508118235
2024-11-21,485,0.39422878748983564,0.3911263457173508,0.003102441772484922
2024-11-22,489,0.4925060719901404,0.4895495791970605,0.00295649279307995
2024-11-25,489,0.3784259600990802,0.3805055161996658,-0.0020795561005856242
2024-11-26,488,0.3221354667322697,0.32136456037773814,0.0007709063545315493
2024-11-27,474,0.25486593760568843,0.25349349277679,0.0013724448288984403
2024-11-29,474,0.40726054070091033,0.40134435713795463,0.005916183562955661
2024-12-02,488,0.33595954856382365,0.3332592460505869,0.0027003025132367594
2024-12-03,487,0.4297348450223425,0.42730745300855666,0.0024273920137859034
2024-12-04,485,0.3789805834154832,0.3787034346437932,0.00027714877169002103
2024-12-05,477,0.3747805485185047,0.3714171250159223,0.0033634235025823715
2024-12-06,482,0.5498812569810257,0.5587273939945555,-0.008846137013529817
2024-12-09,488,0.41267558851061437,0.41367362747806286,-0.000998038967448458
2024-12-10,490,0.3981912333899633,0.39558063454911147,0.0026105988408519085
2024-12-11,493,0.3605062699810798,0.3594153675327015,0.0010909024483783231
2024-12-12,471,0.3395571135656427,0.3353346834087228,0.004222430156919846
2024-12-13,479,0.3884490031343967,0.3854150218662419,0.0030339812681548493
2024-12-16,486,0.36287042801187214,0.3623860063219244,0.00048442168994775617
2024-12-17,489,1.0520919594287357,1.0913922569813783,-0.03930029755264266
2024-12-18,492,0.39239095361915527,0.3898351336846377,0.002555819934517544
2024-12-19,484,0.44626393199482506,0.4438852904990311,0.002378641495793947
2024-12-20,491,0.269448314495339,0.2703237840154533,-0.0008754695201142805
2024-12-23,493,0.27204180660086785,0.270973362027954,0.0010684445729138574
2024-12-24,489,0.21488448727526982,0.21434290001310533,0.0005415872621645025
2024-12-26,486,0.2786516164943489,0.27005362410141853,0.008597992392930387
2024-12-27,489,0.3342173940561074,0.32845078629978064,0.005766607756326762
2024-12-30,474,0.23201762826332326,0.21799378691178858,0.014023841351534682
2024-12-31,482,0.33500383652840415,0.3247659471595593,0.010237889368844804
2025-01-02,486,0.39848185602996355,0.39706131660114463,0.0014205394288188972
2025-01-03,490,0.45738966548585536,0.4491328663797371,0.008256799106118212
2025-01-06,490,0.36403994788373734,0.3613288931276064,0.0027110547561309617
2025-01-07,492,0.35837431240866113,0.3517616242614147,0.006612688147246412
2025-01-08,483,0.6802719380945508,0.6784585931923935,0.0018133449021571944
2025-01-10,492,0.4711388584280564,0.4653755749127457,0.0057632835153106484
2025-01-13,491,0.3980373608056659,0.39576702246088424,0.0022703383447816128
2025-01-14,488,0.4729162686623337,0.46979681677238366,0.003119451889950044
2025-01-15,491,0.42643377207666505,0.42312510694240263,0.0033086651342624095
2025-01-16,488,0.3374026912449403,0.3371739102266557,0.00022878101828456888
2025-01-17,489,0.5161381154492961,0.5153524717236773,0.0007856437256189613
2025-01-21,490,0.4748112497160014,0.4692279921959348,0.005583257520066555
2025-01-22,492,0.34495532862380257,0.3387529780804854,0.00620235054331718
2025-01-23,490,0.3249608850065773,0.31612085348755636,0.008840031519020922
2025-01-24,492,1.0418395270270318,1.0624811488720376,-0.020641621845005776
2025-01-27,493,0.5344416726796417,0.5351974937222724,-0.0007558210426307898
2025-01-28,491,0.3839710720934353,0.3884155906735836,-0.00444451858014831
2025-01-29,491,0.5612932530375411,0.5598032042672312,0.0014900487703099123
2025-01-30,485,0.40363053495241447,0.41207100749695313,-0.008440472544538695
2025-01-31,482,0.44012092323966373,0.4416196099296449,-0.0014986866899811535
2025-02-03,492,0.45086253318781244,0.45317642617824483,-0.002313892990432382
2025-02-04,491,0.44364581890757115,0.4435802565559933,6.556235157784516e-05
2025-02-05,493,0.5286533460012808,0.5248690668864417,0.0037842791148389805
2025-02-06,481,0.4031040250229681,0.4069015272539724,-0.003797502231004303
2025-02-07,485,0.43509608391515725,0.4383800158999495,-0.0032839319847921974
2025-02-10,491,0.38354280784679234,0.3896171958378784,-0.006074387991086115
2025-02-11,488,0.46379111825784264,0.46637991118112654,-0.0025887929232839314
2025-02-12,491,0.5697267743176393,0.570607877075686,-0.000881102758046727
2025-02-13,465,0.46874468375503786,0.47007225480318315,-0.0013275710481452853
2025-02-14,479,0.43148985034786136,0.4309596263784919,0.0005302239693695289
2025-02-18,490,0.4207849353588835,0.4225289584280509,-0.0017440230691674122
2025-02-19,488,0.44357229451855285,0.44238170443938074,0.0011905900791720921
2025-02-20,483,0.6969347517834252,0.7052742889121646,-0.00833953712873935
2025-02-21,484,0.37745126184161565,0.3835586738254556,-0.0061074119838400035
2025-02-24,488,0.46610744106184393,0.4745636848223761,-0.008456243760532207
2025-02-25,488,0.47210753933983246,0.47103517379751075,0.0010723655423216876
2025-02-26,489,0.5526879221768134,0.5675255568187922,-0.014837634641978924
2025-02-27,475,0.48021664748638293,0.4794294371586696,0.0007872103277132622
2025-02-28,475,0.6309860082864606,0.6482050991500049,-0.017219090863544412
2025-03-03,488,0.680544778600458,0.6746992211792397,0.005845557421218134
2025-03-04,485,0.4837681224409155,0.4856197000954463,-0.0018515776545308174
2025-03-05,487,0.7122900495339538,0.7269475965192149,-0.014657546985261094
2025-03-06,476,0.5479229669287786,0.5460073713848307,0.0019155955439478808
2025-03-07,473,0.8610300690557727,0.8631468117688745,-0.0021167427131017105
2025-03-10,489,0.7134528080573714,0.704905800070648,0.008547007986723375
2025-03-11,486,0.4854095797449713,0.48255879271846175,0.002850787026509562
2025-03-12,488,0.5687326354468706,0.5701988799782672,-0.0014662445313967413
2025-03-13,463,0.6546506127641668,0.6419632557137634,0.012687357050403355
2025-03-14,484,0.4637350247020738,0.4618017519777811,0.0019332727242926738
2025-03-17,486,0.3541443841406795,0.3640620890442381,-0.00991770490355856
2025-03-18,491,0.40960142621947543,0.40505207272651933,0.004549353492956083
2025-03-19,487,0.308630790671379,0.3103337886545642,-0.0017029979831852068
2025-03-20,489,0.346971217729187,0.34444772127756074,0.0025234964516262417
2025-03-21,491,0.5877544976916361,0.5830522237741368,0.004702273917499397
2025-03-24,491,0.3432434215368049,0.3415509223820995,0.0016924991547054454
2025-03-25,494,0.43956574133228843,0.45285489754439884,-0.013289156212110449
2025-03-26,493,0.3898370768261127,0.39102522089170366,-0.0011881440655909467
2025-03-27,489,0.5897706211018895,0.5950445398540305,-0.005273918752140956
2025-03-28,473,0.36885876267937195,0.36504752683110153,0.003811235848270455
2025-03-31,489,0.31780331875530565,0.3113888597173578,0.006414459037947821
2025-04-01,494,0.382147499151865,0.3744350059927816,0.007712493159083385
2025-04-02,491,2.3499078437496097,2.39206098062129,-0.04215313687168042
2025-04-03,490,2.3011320947104377,2.2253697603782943,0.07576233433214351
2025-04-04,492,0.6238136546390284,0.6247440863365211,-0.0009304316974927551
2025-04-07,495,0.7270165468826993,0.7106803201695003,0.016336226713199044
2025-04-08,495,3.562540970018144,3.4101087099775,0.15243226004064378
2025-04-09,487,1.2376605203239786,1.0125438323514895,0.2251166879724891
2025-04-10,493,0.544977185665769,0.6523771958676761,-0.10740001020190702
2025-04-11,495,0.46665183205100846,0.5557954284744233,-0.08914359642341486
2025-04-14,492,0.3807507252523723,0.46754939352121566,-0.08679866826884333
2025-04-15,494,0.5082986652606359,0.5508114828114518,-0.042512817550815735
2025-04-16,489,0.4960626411794919,0.491329724541977,0.004732916637514929
2025-04-17,492,0.6796145078340515,0.7029323494610827,-0.023317841627031294
2025-04-21,493,0.800497404275063,0.7849095574710342,0.015587846804028858
2025-04-22,493,0.5317560664911108,0.5296860511892082,0.0020700153019026606
2025-04-23,496,0.7349186887612552,0.727342959604716,0.007575729156539246
2025-04-24,494,0.4341137233372702,0.43276726901539847,0.0013464543218717987
2025-04-25,495,0.3219493981376075,0.31884167097694593,0.0031077271606615043
2025-04-28,495,0.3944826065439856,0.37735384845423176,0.017128758089753865
2025-04-29,486,0.44556702228766676,0.43889505015862273,0.006671972129044061
2025-04-30,491,0.5052913052640992,0.4956382305029299,0.00965307476116933
2025-05-01,491,0.6145927265084025,0.6134143483652995,0.0011783781431030013
2025-05-02,490,0.37438764389353235,0.35853925253946006,0.015848391354072247
2025-05-05,493,0.4508285645095543,0.4439993310913969,0.006829233418157357
2025-05-06,494,0.44162929433327114,0.4290949362639186,0.012534358069352573
2025-05-07,495,0.5343311803756953,0.5238113964320811,0.010519783943614244
2025-05-08,485,0.3973661838795369,0.3754663155340507,0.021899868345486306
2025-05-09,487,1.2144138697298141,1.290936182233704,-0.07652231250388972
2025-05-12,493,0.5576625475249025,0.5441328153056719,0.01352973221923054
2025-05-13,488,0.45531242139198375,0.4351086589583336,0.020203762433650158
2025-05-14,483,0.5223435470673162,0.5021253894137839,0.02021815765353222
2025-05-15,477,0.3962224137262769,0.3672192360407749,0.02900317768550204
2025-05-16,482,0.33710731557153617,0.3076838962232447,0.029423419348291433
2025-05-19,492,0.3480031390862592,0.3120873162930789,0.03591582279318033
2025-05-20,490,0.6732722504295742,0.6872646935993101,-0.01399244316973598
2025-05-21,490,0.3647186467308123,0.32504914078185126,0.039669505948961
2025-05-22,481,0.4010453372797613,0.3630174422797126,0.03802789500004873
2025-05-23,489,0.583996862023446,0.583786690494289,0.0002101715291569626
2025-05-27,492,0.41756908312698565,0.38663160177691935,0.030937481350066263
2025-05-28,491,0.38579748259051844,0.352345939568304,0.03345154302221446
2025-05-29,477,0.4018016481105321,0.374220139331841,0.02758150877869105
2025-05-30,478,0.3833448222013605,0.3506960138491525,0.032648808352208014
2025-06-02,493,0.45510408120174783,0.42913197430532646,0.02597210689642135
2025-06-03,488,0.3853592344991003,0.35077576224136425,0.034583472257736086
2025-06-04,492,0.4014309100270039,0.3653604870182068,0.03607042300879709
2025-06-05,482,0.4195811071870859,0.3939778991043287,0.025603208082757217
2025-06-06,487,0.4111323619736306,0.3829110565399985,0.028221305433632066
2025-06-09,486,0.4394386925993308,0.41636657524031206,0.023072117359018745
2025-06-10,493,0.3722599898510671,0.33630004662688673,0.035959943224180405
2025-06-11,494,0.3672464510168913,0.3231256958421844,0.044120755174706865
2025-06-12,471,0.5579790484164909,0.5642173763094125,-0.006238327892921609
2025-06-13,482,0.5331833414308662,0.525915496907994,0.007267844522872321
2025-06-16,491,0.447219379386888,0.4288665707354488,0.018352808651439165
2025-06-17,487,0.36266379977364815,0.32428082102150685,0.03838297875214127
2025-06-18,493,0.3501256927149888,0.3085883691063902,0.04153732360859857
2025-06-20,492,0.47052466211931104,0.45435589132533,0.016168770793981102
2025-06-23,494,0.4561873110653757,0.442137800621912,0.014049510443463671
2025-06-24,494,0.4419757751160128,0.4099303180147707,0.03204545710124218
2025-06-25,493,0.40051711846773314,0.37116183411757064,0.029355284350162505
2025-06-26,489,0.3771307776678574,0.33940114180742686,0.03772963586043055
2025-06-27,476,0.377883688384245,0.33644207518339264,0.04144161320085234
2025-06-30,488,0.5917239978762694,0.6004932098511597,-0.008769211974890376
2025-07-01,494,0.5029505358808705,0.4827889338017331,0.020161602079137357
2025-07-02,486,0.36318704021333187,0.32336423774391027,0.03982280246942155
2025-07-03,491,0.40549242198557034,0.38317570171028964,0.022316720275280692
2025-07-07,493,0.4114080063560225,0.39572398382017315,0.01568402253584931
2025-07-08,495,0.3602530059706347,0.33545571127796664,0.024797294692668108
2025-07-09,488,0.4334079587686144,0.41958128712103054,0.01382667164758379
2025-07-10,494,0.3676537516293815,0.3514902548216924,0.016163496807689106
2025-07-11,495,0.36676462331634846,0.3601838534550184,0.006580769861330082
2025-07-14,490,0.5106931721182549,0.511946050364188,-0.0012528782459331797
2025-07-15,496,0.3243197307661059,0.3191894931494377,0.005130237616668219
2025-07-16,495,0.4172802453010267,0.41365475007652475,0.0036254952245019325
2025-07-17,489,0.34899316146280895,0.34260460517779934,0.006388556285009657
2025-07-18,492,0.3363966705316646,0.3293633137898472,0.007033356741817433
2025-07-21,493,0.6299717245147493,0.6297767581142236,0.0001949664005255483
2025-07-22,495,0.49635373134123506,0.4952110835416124,0.001142647799622609
2025-07-23,495,0.5058249755101102,0.5058044777759262,2.0497734184054057e-05
2025-07-24,493,0.39917899223419623,0.3978396786299487,0.0013393136042475565
2025-07-25,496,0.40046723313011306,0.39977178614210696,0.0006954469880061315
2025-07-28,495,0.48249515860003733,0.4828772312626129,-0.00038207266257551416
2025-07-29,494,0.5236196547305111,0.5236766771451457,-5.702241463441938e-05
2025-07-30,486,0.7090285770823873,0.7150275422222467,-0.005998965139859443
2025-07-31,487,0.6021615184680499,0.6143844325890835,-0.012222914121033516
2025-08-01,493,0.5194567547851995,0.5216493744814962,-0.002192619696296593
2025-08-04,492,0.4948065975601698,0.49632255408227294,-0.0015159565221031356
2025-08-05,495,0.4881639217867745,0.49623823729007244,-0.008074315503297944
2025-08-06,493,0.5033739846065444,0.5053615694269307,-0.001987584820386308
2025-08-07,487,0.4375180625185285,0.43585348210551067,0.001664580413017761
2025-08-08,489,0.3152902487613813,0.31689120895991424,-0.0016009601985329711
2025-08-11,493,0.5604066119723677,0.5621824901732505,-0.0017758782008827135
2025-08-12,489,0.5833883091954891,0.5796389948621518,0.0037493143333372854
2025-08-13,485,0.3940076075275273,0.3926818716175749,0.0013257359099524092
2025-08-14,473,0.385062481703716,0.3858605344221959,-0.0007980527184799708
2025-08-15,483,0.29415161714562044,0.29364108130414796,0.0005105358414724333
2025-08-18,490,0.42058206347229565,0.4205628124960043,1.925097629135209e-05
2025-08-19,490,0.3421543902977391,0.3402956731191732,0.0018587171785659183
2025-08-20,491,0.30097485099360055,0.2944822385080397,0.0064926124855608685
2025-08-21,489,0.7084564980104148,0.71547570326074,-0.007019205250325216
2025-08-22,491,0.37812554268092874,0.37421666914314794,0.003908873537780809
2025-08-25,493,0.36262761736991284,0.36265323244780967,-2.5615077896858185e-05
2025-08-26,496,0.29211678980298966,0.2889016751978333,0.003215114605156411
2025-08-27,492,0.35766908703990685,0.3565758467056483,0.00109324033425857
2025-08-28,478,0.34849668157923785,0.34973421648142045,-0.0012375349021826305
2025-08-29,472,0.4068889299538929,0.4019241296673878,0.004964800286505111
2025-09-02,488,0.3453847604502617,0.34034423716250917,0.005040523287752528
2025-09-03,488,0.4165315548477024,0.4124624906012219,0.004069064246480423
2025-09-04,478,0.4389812974060402,0.4338908259483045,0.005090471457735666
2025-09-05,491,0.3642872344401317,0.3593791413659282,0.004908093074203514
2025-09-08,491,0.39270329729975856,0.3923640843823512,0.0003392129174073185
2025-09-09,488,0.5340815137867285,0.5373370077686298,-0.00325549398190128
2025-09-10,492,0.5653756366794548,0.5645700942400984,0.0008055424393564165
2025-09-11,487,0.40279095338143434,0.4001249654868402,0.0026659878945941994
2025-09-12,472,0.3891668651927752,0.3842523127986028,0.004914552394172424
2025-09-15,488,0.3683224035141665,0.36088046090391407,0.007441942610252443
2025-09-16,493,0.32197268364504156,0.31710872919919847,0.004863954445843114
2025-09-17,493,0.4825823355203751,0.4795482281004572,0.003034107419917909
2025-09-18,494,0.3282440154997926,0.32290803999056533,0.005335975509227254
2025-09-19,491,0.3752208551426073,0.36860587813413187,0.006614977008475382
2025-09-22,496,0.3684835762069855,0.35998146940084236,0.008502106806143165
2025-09-23,495,0.40025783322726316,0.39725263525031745,0.003005197976945707
2025-09-24,493,0.39599057957762235,0.39281067681444953,0.003179902763172831
2025-09-25,490,0.37028454800282484,0.36282278570414944,0.007461762298675429
2025-09-26,494,0.34826244463081096,0.3420192281493403,0.006243216481470633
2025-09-29,472,0.40947775345370246,0.40486205320420426,0.004615700249498206
2025-09-30,487,0.5895151019384595,0.5860102392212829,0.0035048627171765786
2025-10-01,493,0.3689294396039309,0.36601907559739777,0.00291036400653306
2025-10-02,487,0.34949169652295964,0.34611583153138886,0.003375864991570777
2025-10-03,494,0.41826710084726487,0.41234143409955,0.005925666747714928
2025-10-06,494,0.40524259518642697,0.40308488674544307,0.0021577084409839242
2025-10-07,496,0.4358155294212856,0.42846434163543484,0.007351187785850755
2025-10-08,492,0.4060140384839205,0.40203757182767647,0.003976466656244
2025-10-09,487,0.8382806692483105,0.8587514540126018,-0.020470784764291296
2025-10-10,496,0.5180518999925814,0.5091357770524532,0.00891612294012827
2025-10-13,493,0.4561846929191044,0.4514679049966245,0.0047167879224799345
2025-10-14,491,0.4269540209988195,0.4200855233179482,0.0068684976808713084
2025-10-15,495,0.5748716571072094,0.5623935924974631,0.012478064609746308
2025-10-16,491,0.34130022128092596,0.3376407302861889,0.003659490994737012
2025-10-17,494,0.40552602659640596,0.3994593737326862,0.006066652863719747
2025-10-20,495,0.4273430145824938,0.42531643138579683,0.0020265831966969285
2025-10-21,493,0.44085941415349433,0.43997298896304604,0.0008864251904482489
2025-10-22,495,0.5116881626990715,0.5070310445026712,0.004657118196400298
2025-10-23,493,0.42873683205310265,0.4188924563901958,0.009844375662906905
2025-10-24,495,0.3768008636175936,0.37107166739379893,0.005729196223794627
2025-10-27,495,0.5137872710770799,0.5109275837699456,0.0028596873071343068
2025-10-28,494,0.7442388717516326,0.7387207257897648,0.005518145961867783
2025-10-29,494,0.6301469893536997,0.6322470130509507,-0.0021000236972509414
2025-10-30,485,0.420832027082518,0.42289643920288644,-0.002064412120368407
2025-10-31,489,0.44375318671272385,0.4404386008056845,0.0033145859070393574
2025-11-03,493,0.5841069499014394,0.5946365652731476,-0.010529615371708061
2025-11-04,492,0.5430464685923142,0.5441876882314312,-0.0011412196391168408
2025-11-05,496,0.5683317036698924,0.573344580015562,-0.005012876345669527
2025-11-06,485,0.48261424902456157,0.4823611803653932,0.0002530686591683096
2025-11-07,486,0.41433392976231626,0.41073312738868617,0.0036008023736300646
2025-11-10,496,0.4388161189434757,0.44245869485391787,-0.0036425759104421213
2025-11-11,489,0.3625350951212891,0.3639064783881156,-0.0013713832668264413
2025-11-12,486,0.5439345804139962,0.5491971979315227,-0.005262617517526419
2025-11-13,473,0.3425697399471146,0.3415913951151845,0.0009783448319300625
2025-11-14,478,0.5433013901209349,0.5475023806772434,-0.004200990556308429
2025-11-17,491,0.3323490520810716,0.33136213527055475,0.000986916810516887
2025-11-18,488,0.40878101411687967,0.4027296083456716,0.006051405771208109
2025-11-19,490,0.5284941879355257,0.5386964700297994,-0.010202282094273535
2025-11-20,488,0.7127339221379646,0.7124839642078484,0.00024995793011617405
2025-11-21,490,0.49412566065201735,0.4904966038428852,0.003629056809132166
2025-11-24,491,0.5569322599580372,0.5483863733488993,0.008545886609137887
2025-11-25,492,0.35650686606680404,0.3547718849967457,0.0017349810700583038
2025-11-26,483,0.2755265503617289,0.275335774961564,0.00019077540016490375
2025-11-28,475,0.4063987707355533,0.40053091395061574,0.005867856784937542
2025-12-01,491,0.37228342410296567,0.3676845094433849,0.004598914659580794
2025-12-02,489,0.48757733556450106,0.48331074494212795,0.004266590622373092
2025-12-03,490,0.3741027706374834,0.3686820255497821,0.005420745087701311
2025-12-04,476,0.3956665916784024,0.3896947359218886,0.005971855756513833
2025-12-05,491,0.445086988754541,0.43654696681335015,0.00854002194119079
2025-12-08,493,0.3680602180628409,0.36187776911711306,0.006182448945727866
2025-12-09,490,0.5929570133973625,0.5926286205402058,0.00032839285715658643
2025-12-10,494,0.4700238510887061,0.4676121895612757,0.0024116615274304126
2025-12-11,487,0.4812291060349165,0.4926905549202574,-0.011461448885340899
2025-12-12,473,0.3716244725070197,0.3721511344280372,-0.0005266619210175212
2025-12-15,489,0.3837676525298614,0.3799304381611948,0.00383721436866656
2025-12-16,491,0.45354945246253286,0.4544578600616023,-0.0009084075990694338
2025-12-17,492,0.3633023579928524,0.35694989198012533,0.00635246601272705
2025-12-18,491,0.3944016614217957,0.3866236881789882,0.007777973242807604
2025-12-19,493,0.3640411600299512,0.3594177451970616,0.004623414832889591
2025-12-22,494,0.2740486873149096,0.26639019709448986,0.007658490220419776
2025-12-23,495,0.23086853585702954,0.2181237244379631,0.012744811419066446
2025-12-24,488,0.2220349367967169,0.20340811891199878,0.018626817884718132
2025-12-26,491,0.2495359268558507,0.23279081328734952,0.016745113568501172
2025-12-29,494,0.23361898004288245,0.21207856813731732,0.021540411905565125
2025-12-30,478,0.299277683346111,0.2806609453302893,0.018616738015821675
2025-12-31,478,0.5454053577109718,0.5611406433023488,-0.01573528559137709
2026-01-02,493,0.5861323759897032,0.5940244325250059,-0.007892056535302774
2026-01-05,492,0.596421878300808,0.6059329335497694,-0.009511055248961418
2026-01-06,495,0.556569506113865,0.5559554049613231,0.0006141011525419817
2026-01-07,496,0.624421841144298,0.6244616081451506,-3.9767000852530415e-05
2026-01-08,489,0.4866619233860041,0.48182051807040716,0.004841405315596934
2026-01-09,492,0.37901318251495586,0.378801727238187,0.00021145527676883768
2026-01-12,495,0.45439438505658175,0.4538066637017829,0.0005877213547988455
2026-01-13,494,0.4595696326127288,0.45339206007064714,0.006177572542081691
2026-01-14,492,0.4252535954922416,0.4251261811654699,0.00012741432677169812
2026-01-15,489,0.42664962417635455,0.4242473879972289,0.002402236179125665
2026-01-16,491,0.6529358540261383,0.6584450399499728,-0.005509185923834487
2026-01-20,494,0.6231229181710156,0.6213461893511333,0.0017767288198824228
2026-01-21,494,0.40998685430491694,0.40668098068633335,0.003305873618583561
2026-01-22,492,0.3948403433758651,0.39124257195238965,0.0035977714234754483
2026-01-23,496,0.3390700564684204,0.337946215143682,0.0011238413247384236
2026-01-26,496,0.5345273200838164,0.536455152715036,-0.001927832631219575
2026-01-27,493,0.48776513030406776,0.48813904303283184,-0.0003739127287640707
2026-01-28,493,0.6076438849452028,0.6109085968150366,-0.003264711869833854
2026-01-29,487,0.49142877196294776,0.4969013683518991,-0.005472596388951292
2026-01-30,491,0.5021793916511117,0.5037112128073122,-0.0015318211562004994
2026-02-02,494,0.9624190030022058,0.9639541416650431,-0.0015351386628372583
2026-02-03,493,0.9149845864156922,0.9132711592012258,0.001713427214466452
2026-02-04,494,0.7158907342849816,0.717778394473776,-0.0018876601887943762
2026-02-05,489,0.8408829216117302,0.8260552213951324,0.014827700216597703
2026-02-06,490,0.5235789774868973,0.5267053277494395,-0.0031263502625421893
2026-02-09,491,0.5612027886614185,0.5653868021846732,-0.004184013523254751
2026-02-10,491,0.7063332416204648,0.704198057338262,0.0021351842822028796
2026-02-11,493,0.8961186836512153,0.8838410224332639,0.01227766121795127
2026-02-12,472,0.5678462697734116,0.5681294132984305,-0.00028314352501889654
2026-02-13,479,0.4878280435957552,0.494732876234642,-0.006904832638886728
2026-02-17,491,0.5187828634900226,0.5185715287362739,0.00021133475374866825
2026-02-18,491,0.4467694123892814,0.4574183694026802,-0.010648957013398793
2026-02-19,489,0.4073669397907185,0.41335974284801974,-0.0059928030573012875
2026-02-20,489,0.7018625609960049,0.7113004395638791,-0.009437878567874215
2026-02-23,492,0.4656444499447499,0.4673999438586755,-0.0017554939139256234
2026-02-24,490,0.556719102968309,0.5563808924764964,0.0003382104918126079
2026-02-25,495,0.5577753303799408,0.5575658489092779,0.0002094814706629188
2026-02-26,478,0.6255827794051829,0.6252562358729126,0.0003265435322703027
2026-02-27,479,0.5086945614886185,0.519344535940242,-0.010649974451623547
2026-03-02,493,0.5472241823199994,0.5593562929425311,-0.012132110622531785
2026-03-03,489,0.4310951087873644,0.4307673470925753,0.0003277616947891159
2026-03-04,489,0.6083549062734064,0.6127721694009958,-0.004417263127589474
2026-03-05,476,0.6186140675133468,0.6277547698780799,-0.009140702364733185
2026-03-06,485,0.4565846181865634,0.4527120150724497,0.003872603114113751
2026-03-09,483,0.49367687618154826,0.4960108684922357,-0.0023339923106873413
2026-03-10,489,0.4532530734700815,0.45098377285844854,0.0022693006116329493
2026-03-11,495,0.7215261271824495,0.7292549406979266,-0.00772881351547715
2026-03-12,475,0.3996331058827909,0.3944823079309974,0.005150797951793511
2026-03-13,482,0.39876557485229347,0.3912396055032013,0.0075259693490921575
2026-03-16,488,0.3840842837151834,0.3801598167089887,0.003924467006194739
2026-03-17,496,0.554970690823029,0.5521527166928908,0.0028179741301381897
2026-03-18,493,0.3969472983377899,0.3922102661715216,0.004737032166268269
2026-03-19,493,0.5890277807287582,0.589452303660825,-0.0004245229320667764
2026-03-20,495,0.4977946327813142,0.49037893152935214,0.007415701251962069
2026-03-23,494,0.5205927340631836,0.5242440867379711,-0.0036513526747874924
2026-03-24,494,0.38985166206546773,0.38522743831888484,0.00462422374658291
2026-03-25,496,0.5527550356394043,0.5646933933332368,-0.01193835769383249
2026-03-26,492,0.5956858051789105,0.6052556498589452,-0.009569844680034821
2026-03-27,495,0.5174401792314045,0.5178516318273052,-0.0004114525959007407
2026-03-30,474,0.800777059416778,0.8026192152226129,-0.0018421558058349275
2026-03-31,491,0.477464592802557,0.4729526422271826,0.004511950575374387
2026-04-01,487,0.41112285571320334,0.4075444879633602,0.0035783677498431093
2026-04-02,493,0.36422693436375525,0.35868254991172055,0.005544384452034756
2026-04-06,494,0.40298279475119764,0.3980209685861855,0.004961826165012109
2026-04-07,497,1.0207003298392359,1.032158097197662,-0.011457767358426142
2026-04-08,491,0.4923340590091449,0.4951576130918657,-0.002823554082720774
2026-04-09,491,0.474491399102166,0.4730076350049938,0.0014837640971721504
2026-04-10,496,0.5925762572052997,0.5941671097947885,-0.001590852589488743
2026-04-13,495,0.427836930141956,0.42524641776405625,0.0025905123778997975
2026-04-14,492,0.504031253095267,0.5009681917414476,0.003063061353819409
2026-04-15,495,0.47335743332661806,0.4707330932554362,0.0026243400711818392
2026-04-16,493,0.6193491426361735,0.6212234670109675,-0.001874324374794088
2026-04-17,493,0.37484573232957247,0.36459600588152813,0.010249726448044361
2026-04-20,496,0.5374969731659053,0.5308137757316982,0.00668319743420702
2026-04-21,493,0.48313185666035996,0.4775556274093737,0.005576229250986242
2026-04-22,496,0.7629684632006632,0.7772871287807179,-0.014318665580054672
2026-04-23,496,0.5368939633948673,0.5343530851709883,0.002540878223878879
2026-04-24,496,0.40243894076066183,0.39751807262813565,0.00492086813252615
2026-04-27,496,0.5258892462092312,0.5254475054303805,0.00044174077885063
2026-04-28,495,0.6592366354000084,0.6602409289011549,-0.0010042935011464413
2026-04-29,490,0.7452223911473054,0.7453644479632455,-0.00014205681594008958
2026-04-30,491,0.4684948663699981,0.46581158831522435,0.0026832780547737596
2026-05-01,490,0.5048031776621454,0.502551944210629,0.0022512334515163903
2026-05-04,493,0.5432485119473454,0.5411572030045098,0.0020913089428356915
2026-05-05,496,0.8827139712647303,0.8819148919483764,0.0007990793163538777
2026-05-06,495,0.6400903628188626,0.6481465078572275,-0.008056145038364928
2026-05-07,483,0.6247588388481691,0.622398908266966,0.002359930581203089
2026-05-08,491,0.6201313752854221,0.6289969573444626,-0.008865582059040623
2026-05-11,493,0.43755378463819344,0.4413487037805741,-0.003794919142380603
2026-05-12,490,0.5358943198905852,0.5425574658662445,-0.006663145975659202
2026-05-13,490,0.4481681013100093,0.44559859772385074,0.002569503586158542
2026-05-14,471,0.572819831057753,0.5772143702368212,-0.004394539179068081
2026-05-15,485,0.5738574839490429,0.5705439683236385,0.0033135156254044105
2026-05-18,493,0.45302765619450736,0.45157850172967684,0.0014491544648304946
2026-05-19,491,0.6106719866008429,0.6120373087662969,-0.001365322165453955
2026-05-20,491,0.4560970634083559,0.4551770895483243,0.000919973860031585
2026-05-21,477,0.4721958592369966,0.465857156949238,0.006338702287758564
2026-05-22,493,0.5164276920046603,0.5114327990597336,0.004994892944926689
2026-05-26,493,0.48441159224519453,0.48199393790970224,0.002417654335492347
2026-05-27,494,0.5560012362752779,0.5494756077410268,0.006525628534251036
2026-05-28,480,0.6064583443224529,0.5993848271184828,0.007073517203970045
2026-05-29,476,0.7619391261774001,0.7517948125898262,0.010144313587573846
2026-06-01,494,0.6670036830170899,0.6703046515929046,-0.0033009685758147614
2026-06-02,492,0.5436698860010646,0.5511331782956599,-0.007463292294595212
2026-06-03,490,0.590058762723786,0.5945154403081783,-0.004456677584392305
2026-06-04,478,0.7781313765176875,0.7987426319329144,-0.02061125541522692
2026-06-05,491,0.49942074916693907,0.4932143027809518,0.006206446385987303
2026-06-08,491,0.6065915242889282,0.6085911254636017,-0.0019996011746736186
2026-06-09,490,0.6780083410707402,0.6911743131961721,-0.01316597212543188
2026-06-10,494,0.7887771976249242,0.7851647976542581,0.0036123999706660524
2026-06-11,485,0.4278230424797581,0.43076896254821584,-0.0029459200684577515
2026-06-12,468,0.6025888960527644,0.5970893946589081,0.005499501393856447
2026-06-15,490,0.4390149524686119,0.44022103808463214,-0.001206085616020264
2026-06-16,494,0.6650250326098668,0.67487495315467,-0.009849920544803227
2026-06-17,493,0.5805251832023288,0.573305590264413,0.007219592937915889
2026-06-18,492,0.5435720651512235,0.5413518266512999,0.0022202384999236466
2026-06-22,494,0.6409976825916356,0.6539927816353509,-0.01299509904371529
2026-06-23,494,0.6014578895000976,0.5986244903478224,0.002833399152275219
2026-06-24,493,0.6215010423302334,0.6169550969954807,0.004545945334752615
2026-06-25,492,0.7405771617297329,0.740279852411432,0.0002973093183009566
2026-06-26,494,0.5284032799055846,0.522475472346078,0.005927807559506495
2026-06-29,475,0.5325090640012606,0.5269241143516837,0.005584949649576917
2026-06-30,489,0.7084134627875787,0.7109270469440426,-0.002513584156463928
2026-07-01,490,0.7783176667994819,0.7697795934083526,0.008538073391129287
2026-07-02,490,0.5011822545328074,0.4931043691477159,0.008077885385091473
2026-07-06,494,0.5333639055667163,0.5320958504959329,0.0012680550707833732
2026-07-07,495,0.6212120544579982,0.6199574889308905,0.0012545655271076208
2026-07-08,493,0.48220243836603893,0.47566078010778007,0.006541658258258848
2026-07-09,489,0.3735558565736604,0.3711262302912861,0.002429626282374323
2026-07-10,496,0.5205236579908654,0.5216125234393454,-0.0010888654484799568
2026-07-13,497,0.5332295930369516,0.5305745436000335,0.00265504943691799
2026-07-14,492,0.5452109778520161,0.540050687790555,0.005160290061461064
2026-07-15,497,0.797867971146326,0.801661519498599,-0.00379354835227296
2026-07-16,493,0.4843802484638607,0.47644045133855517,0.007939797125305499
2026-07-17,492,0.3919576046695001,0.38586125197921284,0.006096352690287262
2026-07-20,495,0.5721423190057817,0.5728238028093897,-0.000681483803607911
2026-07-21,495,0.5000254041349519,0.5022719860603077,-0.0022465819253557006
2026-07-22,495,0.5747379296873119,0.5732561663228144,0.0014817633644976067
2026-07-23,492,0.6206339588586927,0.6232537764813171,-0.002619817622624449
2026-07-24,496,0.6180721326789947,0.6124414600496874,0.005630672629307353
2026-07-27,495,0.8060335350346703,0.8063529082351192,-0.00031937320044886684
2026-07-28,496,0.7377071868432522,0.7489468348618755,-0.011239648018623323
2026-07-29,495,0.9479558959934319,0.9625788274095246,-0.014622931416092612
2026-07-30,487,0.5398444229883747,0.5429613394178975,-0.003116916429522794
2026-07-31,489,0.5986930007676059,0.5918363455654196,0.006856655202186213
2026-08-03,495,0.7443677463480545,0.7495719657428529,-0.005204219394798388
2026-08-04,495,0.5095436599278148,0.5172347613812766,-0.007691101453461761
2026-08-05,496,0.5404733060400638,0.546241108267758,-0.00576780222769409
2026-08-06,488,0.5370776982266586,0.5344392955183278,0.002638402708330828
2026-08-07,490,0.5575151928115172,0.5539101866963556,0.0036050061151615253
2026-08-10,494,0.4090123691113156,0.4023368604741265,0.0066755086371891245
2026-08-11,490,0.47489112149975904,0.47026870347457767,0.004622418025181395
2026-08-12,490,0.5104094085140201,0.5001607820509313,0.010248626463088838
2026-08-13,472,0.40954849478918476,0.4000010696314339,0.009547425157750913
2026-08-14,487,0.5121627519612022,0.5080568288959533,0.004105923065248843
2026-08-17,490,0.5118380375598485,0.5199735719178524,-0.008135534358004062
2026-08-18,486,0.8614995200636412,0.8643840219963672,-0.002884501932726009
2026-08-19,491,0.5060143314558743,0.5034180168336542,0.00259631462222005
2026-08-20,488,0.454093141840923,0.44281747655117026,0.011275665289752684
2026-08-21,490,0.43021417549947477,0.42776854274312187,0.002445632756352942
