origin_trading_day,rows,baseline_loss,candidate_loss,loss_delta_baseline_minus_candidate
2020-05-06,463,0.9323524648261371,0.8287296558401902,0.10362280898594688
2020-05-07,466,1.021874687996748,0.9362396818327097,0.0856350061640384
2020-05-08,474,0.8195692689026912,0.7066558638413127,0.11291340506137841
2020-05-11,474,0.9441307149090504,0.8743263779006446,0.06980433700840569
2020-05-12,471,0.9560054181432517,0.9119397925216759,0.04406562562157567
2020-05-13,460,0.8387120536842244,0.7910642940552596,0.047647759628964836
2020-05-14,466,0.7695359526620569,0.7153664561003584,0.054169496561698484
2020-05-15,475,1.6697153768949573,1.6623680067246918,0.007347370170265719
2020-05-18,467,0.7923770157543282,0.6672393230990952,0.1251376926552331
2020-05-19,471,0.8751385765492087,0.7619038112840976,0.11323476526511111
2020-05-20,469,0.7765009831433399,0.6133887116273963,0.16311227151594365
2020-05-21,469,0.7261374777507865,0.5714049292262665,0.15473254852451998
2020-05-22,472,1.196125557966597,1.1411372778076339,0.05498828015896331
2020-05-26,474,0.9717028171969857,0.8634668328130798,0.10823598438390597
2020-05-27,464,0.8592461126522761,0.7520302985949668,0.10721581405730939
2020-05-28,462,0.8163608368040925,0.6925745400517227,0.1237862967523698
2020-05-29,473,0.7968978881524416,0.699690693061238,0.09720719509120353
2020-06-01,473,0.7930689165307591,0.6332696296846511,0.15979928684610797
2020-06-02,474,1.019558575038898,0.9141193882073541,0.10543918683154391
2020-06-03,465,0.8264892742284223,0.67953725647468,0.14695201775374236
2020-06-04,476,1.1314889009713385,1.0751325620378558,0.056356338933482804
2020-06-05,476,0.9342300258953999,0.8476051021750183,0.08662492372038172
2020-06-08,469,0.8634466973452127,0.739926471775551,0.12352022556966168
2020-06-09,477,0.8918377884053309,0.7715220259392939,0.12031576246603708
2020-06-10,463,1.8450019660584385,1.877866747625821,-0.032864781567382755
2020-06-11,456,0.8718680413795885,0.7997353712442107,0.07213267013537791
2020-06-12,472,0.7374826064651194,0.6663508085346653,0.0711317979304542
2020-06-15,476,0.7689210735775499,0.7077080313789927,0.061213042198557215
2020-06-16,479,0.6441063581051838,0.5670691280171587,0.07703723008802507
2020-06-17,477,0.5806868938020431,0.49380595891601353,0.08688093488602958
2020-06-18,473,0.6877908941701285,0.610366058707797,0.07742483546233153
2020-06-19,478,0.5997803388870856,0.5973643492301993,0.002415989656886144
2020-06-22,478,0.5533172496966524,0.47786875630240444,0.07544849339424803
2020-06-23,478,0.9581179204420693,0.9554979974679482,0.002619922974121024
2020-06-24,476,0.6156932011548405,0.5910582779327084,0.024634923222132107
2020-06-25,476,0.7537899606442925,0.7305691258327341,0.02322083481155836
2020-06-26,460,0.6995425258435676,0.6840379922313706,0.01550453361219689
2020-06-29,470,0.6260362114679144,0.5688409601682184,0.05719525129969602
2020-06-30,475,0.6113843124004227,0.583245951198636,0.028138361201786644
2020-07-01,473,0.5014048790558094,0.45928597597381626,0.04211890308199319
2020-07-02,476,0.598347344849554,0.5597474426666079,0.03859990218294609
2020-07-06,477,0.6287750225247227,0.5926945570169976,0.036080465507725236
2020-07-07,478,0.5349465650151739,0.5181043102067953,0.016842254808378677
2020-07-08,470,0.6510554775074309,0.6404236836915324,0.01063179381589866
2020-07-09,477,0.6525702502404173,0.5885153201993724,0.06405493004104489
2020-07-10,479,0.5840853872173726,0.5513353798787318,0.032750007338640655
2020-07-13,474,0.668345033926825,0.6453556018523248,0.022989432074500223
2020-07-14,477,0.7881239863231064,0.7656083546236228,0.022515631699483726
2020-07-15,475,0.47260697143366154,0.4338183671091189,0.0387886043245426
2020-07-16,475,0.5265561170815136,0.48120090326119974,0.04535521382031396
2020-07-17,479,0.5761148339234097,0.5435092205855832,0.03260561333782653
2020-07-20,477,0.5634926972365608,0.5176907683344347,0.045801928902126116
2020-07-21,477,0.5282982272032896,0.4925830602645067,0.03571516693878288
2020-07-22,475,0.4988908473407553,0.45874775892646247,0.040143088414292816
2020-07-23,477,0.4916263415739428,0.45032235023348594,0.04130399134045681
2020-07-24,478,0.5581432912080757,0.5239518191591418,0.03419147204893394
2020-07-27,476,0.545534918062721,0.5096823863827112,0.03585253168000966
2020-07-28,479,0.6655764270837125,0.6465367220441407,0.01903970503957172
2020-07-29,470,0.5610933469749034,0.5370263909232539,0.024066956051649532
2020-07-30,466,0.49252619994300734,0.4675325838591141,0.024993616083893257
2020-07-31,477,0.5285269158200022,0.5134757760166685,0.015051139803333615
2020-08-03,478,0.5201993793767687,0.49500201685241185,0.025197362524356892
2020-08-04,479,0.5743294979508369,0.5458632082956314,0.028466289655205517
2020-08-05,471,0.5440229952910234,0.5130579702752841,0.030965025015739236
2020-08-06,470,0.5846937311550658,0.5630886736002829,0.021605057554782956
2020-08-07,476,0.6128054650469846,0.5970402043633735,0.015765260683611126
2020-08-10,476,0.5272283503857572,0.4984779677475961,0.028750382638161143
2020-08-11,476,0.5291640498912656,0.5100018663049302,0.019162183586335476
2020-08-12,454,0.4382762146156962,0.4058880149634654,0.03238819965223086
2020-08-13,471,0.39322936368094963,0.3477216365548758,0.04550772712607385
2020-08-14,475,0.4603107385110898,0.4259812397422191,0.03432949876887064
2020-08-17,470,0.39988077144851275,0.36783039131231765,0.03205038013619506
2020-08-18,472,0.4051474592924803,0.36878867808555,0.03635878120693027
2020-08-19,473,0.4537403438591232,0.4275696908242559,0.026170653034867278
2020-08-20,474,0.3911756828742774,0.360105719645616,0.031069963228661394
2020-08-21,473,0.5734155279605158,0.5538200628788613,0.019595465081654467
2020-08-24,477,0.386930004035342,0.36209582231057286,0.02483418172476913
2020-08-25,477,0.4841617922413177,0.45768363287982955,0.026478159361488236
2020-08-26,470,0.48904293624526846,0.46091933178778155,0.028123604457486864
2020-08-27,468,0.4584154987983097,0.43804693000147105,0.020368568796838606
2020-08-28,462,0.45202004579120153,0.4248020347507798,0.027218011040421645
2020-08-31,471,0.49170981043160017,0.47405391424668,0.01765589618492019
2020-09-01,473,0.6314606313600415,0.6208263252556864,0.010634306104355196
2020-09-02,465,0.8938975498910592,0.8870944163165378,0.0068031335745213205
2020-09-03,479,0.4684335686939816,0.4736281456674874,-0.005194576973505805
2020-09-04,472,0.7480768743033575,0.7207367724956736,0.02734010180768386
2020-09-08,471,0.5820703555898493,0.5757680496354621,0.006302305954387059
2020-09-09,473,0.5486789220020745,0.5257651584023814,0.022913763599693184
2020-09-10,476,0.39854783782643355,0.41109636883604544,-0.01254853100961193
2020-09-11,452,0.589392757456697,0.575536527144586,0.013856230312110914
2020-09-14,472,0.44790512793571974,0.438560007611455,0.009345120324264683
2020-09-15,475,0.48523322050997314,0.47205762747891444,0.013175593031058693
2020-09-16,477,0.42713289055215947,0.42076545103612023,0.006367439516039232
2020-09-17,476,0.4755034284583562,0.4672039204187702,0.008299508039585991
2020-09-18,478,0.8236200907135554,0.8077485724066626,0.015871518306892637
2020-09-21,479,0.4681682240580186,0.46970962585117754,-0.0015414017931589614
2020-09-22,478,0.703653298194911,0.6833842695573088,0.020269028637602188
2020-09-23,477,0.3815205117552272,0.396710395109831,-0.01518988335460382
2020-09-24,476,0.5149456235859796,0.5017902923714315,0.013155331214548089
2020-09-25,480,0.5924497876429897,0.5605388381619608,0.031910949481028954
2020-09-28,460,0.3969872875691897,0.3825535957643699,0.014433691804819774
2020-09-29,471,0.4131095513156814,0.4001115574918383,0.012997993823843063
2020-09-30,474,0.4617847452109801,0.4633693986440298,-0.0015846534330496778
2020-10-01,477,0.4796718901858827,0.4735553943156261,0.006116495870256527
2020-10-02,475,0.6053679618041163,0.596800372131168,0.008567589672948328
2020-10-05,478,0.4332844946188499,0.415087455076872,0.018197039541977874
2020-10-06,479,0.5602961876404511,0.5566951830977834,0.0036010045426677025
2020-10-07,466,0.5313576825497563,0.5220339785821321,0.009323703967624334
2020-10-08,478,0.40236544562114795,0.38473640886868,0.01762903675246795
2020-10-09,480,0.4130783279000314,0.40447142963341765,0.008606898266613792
2020-10-12,480,0.5016376017966943,0.48579602283334355,0.01584157896335075
2020-10-13,476,0.3499186811213348,0.3327288945367059,0.01718978658462888
2020-10-14,475,0.3979314454784422,0.38435141061610595,0.01358003486233629
2020-10-15,478,0.37795592632995517,0.36786194638389796,0.0100939799460572
2020-10-16,480,0.48567988870639434,0.4653312346663736,0.020348654040020737
2020-10-19,478,0.392198312840007,0.38937575839093247,0.0028225544490745194
2020-10-20,478,0.41045243811585425,0.39595932429096126,0.014493113824892991
2020-10-21,476,0.6382585510550055,0.6358948461546997,0.002363704900305853
2020-10-22,479,0.36083139912578693,0.3498439629286013,0.010987436197185582
2020-10-23,479,0.7007307272178486,0.6912377482441081,0.009492978973740452
2020-10-26,477,0.5661476315559689,0.5596219411897216,0.006525690366247311
2020-10-27,480,0.9940087764146619,0.9825768906485781,0.011431885766083902
2020-10-28,471,0.5859229017977707,0.5836880395711308,0.0022348622266399444
2020-10-29,469,0.5052645022810179,0.5137865158930213,-0.008522013612003318
2020-10-30,479,0.7375149070303328,0.7314814237057636,0.006033483324569181
2020-11-02,478,0.7408387536708895,0.7312250561125776,0.00961369755831197
2020-11-03,479,0.9716478750339199,0.9744780612012066,-0.002830186167286752
2020-11-04,469,0.8135925536642193,0.8106893885646927,0.0029031650995265954
2020-11-05,473,0.5326214883525843,0.523076134626696,0.009545353725888252
2020-11-06,471,2.4013124389348324,2.4199982156926167,-0.01868577675778397
2020-11-09,473,0.7069064675448589,0.6997564632543197,0.007150004290539213
2020-11-10,480,0.6094910378924008,0.5946441826527468,0.014846855239653926
2020-11-11,462,0.5394961664573252,0.5101256816338416,0.02937048482348369
2020-11-12,468,0.681054467651039,0.6849899016145562,-0.003935433963517101
2020-11-13,478,0.6773380213628823,0.6808589176755209,-0.0035208963126384767
2020-11-16,471,0.4530012281316995,0.4270485375404359,0.02595269059126362
2020-11-17,473,0.5105565282211245,0.47872873649930625,0.0318277917218183
2020-11-18,470,0.4354140199783304,0.41717599131584987,0.018238028662480543
2020-11-19,477,0.41207361758701466,0.3862046099167694,0.025869007670245234
2020-11-20,475,0.6023488545354901,0.6086498181969854,-0.0063009636614951535
2020-11-23,475,0.754490680437,0.7657539292667583,-0.011263248829758488
2020-11-24,476,0.42451632902184205,0.3957700294184161,0.028746299603425902
2020-11-25,467,0.40888457236010195,0.37073278848963526,0.03815178387046666
2020-11-27,465,0.5477757077087246,0.5267893943513584,0.020986313357366285
2020-11-30,469,0.4866402695750356,0.4749562785675855,0.011683991007450108
2020-12-01,475,0.47580170768934815,0.4533223499714041,0.022479357717944026
2020-12-02,463,0.45932411964090536,0.43701259732119724,0.02231152231970811
2020-12-03,476,0.5856291424276033,0.5822214363888879,0.003407706038715474
2020-12-04,480,0.4323908275188218,0.39967710330718353,0.032713724211638276
2020-12-07,475,0.40765787257702485,0.3716457693029445,0.036012103274080345
2020-12-08,473,0.4711846747906698,0.4422865822280853,0.028898092562584455
2020-12-09,471,0.4395094475564868,0.41971085410166387,0.019798593454822936
2020-12-10,475,0.40109607829375427,0.3753603272430741,0.02573575105068016
2020-12-11,458,0.4633092156221345,0.44345622521213635,0.019852990409998196
2020-12-14,473,0.5310929097960709,0.5236958433941786,0.007397066401892265
2020-12-15,478,0.40450929084261766,0.379405715898111,0.025103574944506622
2020-12-16,474,0.43829147431052906,0.41347379675466633,0.024817677555862814
2020-12-17,473,0.44152581793163265,0.41922488870778035,0.022300929223852243
2020-12-18,478,0.43111615423990124,0.4294018665005542,0.001714287739347068
2020-12-21,475,0.43146250682300674,0.4191805217978073,0.012281985025199426
2020-12-22,479,0.43275491281012163,0.40691213417272093,0.025842778637400733
2020-12-23,473,0.3286045753525004,0.29072018272728745,0.037884392625212995
2020-12-24,480,0.3983540706189565,0.36268880854942714,0.03566526206952937
2020-12-28,480,0.3546875313765318,0.31858708709641254,0.036100444280119305
2020-12-29,462,0.3744883255811751,0.3420927348192665,0.032395590761908656
2020-12-30,469,0.40203774929022573,0.3666868929653393,0.03535085632488643
2020-12-31,475,0.6384463579244815,0.6186721413936818,0.01977421653079963
2021-01-04,478,0.4883236394153472,0.48904727881546534,-0.0007236394001182073
2021-01-05,479,0.9305696780418697,0.9596516874595928,-0.029082009417723126
2021-01-06,468,0.5880608677570612,0.5890507476473209,-0.0009898798902596958
2021-01-07,476,0.4278970069237062,0.40789714946401767,0.019999857459688544
2021-01-08,480,0.4476966290322665,0.42819981119734923,0.019496817834917243
2021-01-11,480,0.5234067014186277,0.5126239704772272,0.01078273094140054
2021-01-12,478,0.4563159523734189,0.43028787586793427,0.02602807650548465
2021-01-13,475,0.5146475346920889,0.49756667940656957,0.01708085528551936
2021-01-14,478,0.4787178220081842,0.4604709838514854,0.01824683815669877
2021-01-15,475,0.49541785614632566,0.4861547050436241,0.009263151102701575
2021-01-19,480,0.4954690067017664,0.47836469039529056,0.017104316306475843
2021-01-20,473,0.4546295349113902,0.43720348589802277,0.017426049013367344
2021-01-21,479,0.41325157779697447,0.3931888957737463,0.02006268202322815
2021-01-22,480,0.46164245742424953,0.44800709304100744,0.013635364383242062
2021-01-25,479,0.5305905785185171,0.5164779892707048,0.014112589247812314
2021-01-26,480,0.9636638012628118,0.9557151103095166,0.007948690953295262
2021-01-27,474,0.754446617526765,0.7212657908858258,0.033180826640939215
2021-01-28,467,0.6525851906060683,0.6355223873867053,0.017062803219363095
2021-01-29,479,0.5880234729293321,0.5794517961467767,0.008571676782555476
2021-02-01,478,0.6175823835875913,0.5938796158215737,0.02370276776601756
2021-02-02,480,0.4965836152904979,0.4844678924636943,0.01211572282680356
2021-02-03,470,0.5872815929744686,0.5706328648159978,0.016648728158470707
2021-02-04,476,0.4568828707229796,0.4389069898267959,0.017975880896183755
2021-02-05,475,0.5328434714780095,0.5256266264383052,0.0072168450397042845
2021-02-08,474,0.4040822594126752,0.3798095977178824,0.024272661694792846
2021-02-09,477,0.41691669235076106,0.39781499335510745,0.019101698995653647
2021-02-10,460,0.46257505514654607,0.4544005474438995,0.008174507702646517
2021-02-11,472,0.40070121445906876,0.39252176819661017,0.008179446262458609
2021-02-12,472,0.4851060548964528,0.4731547238030368,0.011951331093416036
2021-02-16,474,0.4064560776850608,0.39494039582675217,0.011515681858308657
2021-02-17,472,0.441470608653433,0.4300653017467273,0.011405306906705716
2021-02-18,469,0.5498071826111663,0.5415599487016297,0.008247233909536727
2021-02-19,477,0.632324159509432,0.6297243659773812,0.0025997935320507927
2021-02-22,475,0.4256372440243166,0.42638924535214057,-0.0007520013278240088
2021-02-23,477,0.6241353890004472,0.6302496900533329,-0.006114301052885668
2021-02-24,464,0.7441746265722297,0.7249140303853873,0.019260596186842425
2021-02-25,463,0.5441591652825467,0.5331621473417345,0.010997017940812261
2021-02-26,477,0.723527410832267,0.7237609172030428,-0.0002335063707758353
2021-03-01,477,0.4230964158525805,0.4111065180738876,0.011989897778692901
2021-03-02,474,0.5697330857505859,0.564287727206351,0.005445358544234808
2021-03-03,468,0.652600640051779,0.6565091450937476,-0.00390850504196863
2021-03-04,471,0.7547623549011235,0.7532784627057972,0.001483892195326283
2021-03-05,478,0.6479192433487883,0.6444230688563968,0.0034961744923914964
2021-03-08,462,0.6507817475797957,0.6087095847512557,0.04207216282853996
2021-03-09,479,0.5120091647493272,0.5077196443788263,0.0042895203705008685
2021-03-10,467,0.5135921526862463,0.49051930383850223,0.02307284884774403
2021-03-11,456,0.4406853037008369,0.4302330173171746,0.010452286383662364
2021-03-12,472,0.4926859731348143,0.4791125802362508,0.013573392898563515
2021-03-15,470,0.4364140512488543,0.41684173330800356,0.019572317940850705
2021-03-16,478,0.444672138544289,0.4334610535700292,0.011211084974259858
2021-03-17,476,0.615994269508619,0.5990778044266495,0.0169164650819696
2021-03-18,477,0.4285209695692735,0.41007198430856673,0.018448985260706815
2021-03-19,481,0.4240475319664657,0.42851215464726866,-0.004464622680802939
2021-03-22,481,0.5767682907201898,0.5734523486558836,0.0033159420643062757
2021-03-23,479,0.4572779600048526,0.458042816773894,-0.0007648567690414063
2021-03-24,478,0.5007921706516218,0.4893616069596677,0.011430563691954183
2021-03-25,480,0.7162623369635883,0.7243404199876766,-0.008078083024088363
2021-03-26,482,0.435775125444712,0.4246070627199978,0.011168062724714137
2021-03-29,463,0.41325244761572577,0.38748913586009154,0.02576331175563423
2021-03-30,471,0.4235834847341628,0.3979226967906351,0.02566078794352771
2021-03-31,479,0.4710431637626983,0.4593532256947038,0.011689938067994489
2021-04-01,476,0.45625653850115566,0.4460302648857763,0.010226273615379297
2021-04-05,478,0.3524948932657237,0.32406797709101054,0.028426916174713164
2021-04-06,481,0.35390173463512375,0.3246622498318561,0.02923948480326761
2021-04-07,471,0.3536070933428783,0.32578098419321555,0.027826109149662822
2021-04-08,479,0.3612785947656483,0.34083478803750245,0.020443806728145844
2021-04-09,481,0.32858802393690106,0.3037027003884811,0.024885323548419998
2021-04-12,482,0.3746257933233475,0.3528872321462585,0.021738561177089034
2021-04-13,477,0.37460443860971043,0.35147896194950196,0.02312547666020853
2021-04-14,478,0.42954414869425,0.4196998566649362,0.00984429202931381
2021-04-15,482,0.3569209099578115,0.33496274141300636,0.021958168544805156
2021-04-16,482,0.3386139104036997,0.3138053169479768,0.02480859345572285
2021-04-19,476,0.48327303139495187,0.4696015781974517,0.013671453197500167
2021-04-20,481,0.475932669109047,0.45590098052426725,0.02003168858477979
2021-04-21,478,0.4020663106031954,0.37951989272395936,0.022546417879235996
2021-04-22,479,0.4416053506681338,0.428010842830649,0.01359450783748479
2021-04-23,482,0.376726942871275,0.3495928211820329,0.02713412168924213
2021-04-26,481,0.3625814946363519,0.3370121530189572,0.025569341617394735
2021-04-27,481,0.3994173735405421,0.3740474640542454,0.025369909486296686
2021-04-28,474,0.46539241081686067,0.4538233684374654,0.011569042379395225
2021-04-29,471,0.4457153542229141,0.4287467541051877,0.01696860011772636
2021-04-30,481,0.42211818729170764,0.4121507028081896,0.009967484483518052
2021-05-03,482,0.45727955149989546,0.4484772006774432,0.008802350822452279
2021-05-04,481,0.4468043233707042,0.4457182092204935,0.001086114150210666
2021-05-05,472,0.46725260764509574,0.46938613004355983,-0.002133522398464076
2021-05-06,472,0.4539290214118003,0.4498427916173476,0.004086229794452755
2021-05-07,477,0.46202163447392913,0.4505951985746428,0.011426435899286297
2021-05-10,479,0.481315447914687,0.46831720480242567,0.012998243112261318
2021-05-11,477,0.7654886858981276,0.7453974513587183,0.020091234539409305
2021-05-12,463,0.5195904666739766,0.513761514934261,0.0058289517397156
2021-05-13,472,0.5375803300226873,0.5387462853749176,-0.0011659553522302604
2021-05-14,481,0.35300992596916847,0.3451798455558904,0.007830080413278035
2021-05-17,474,0.40045370610251957,0.3946502428890054,0.005803463213514156
2021-05-18,475,0.3748611996392433,0.36794435208377374,0.0069168475554695
2021-05-19,472,0.4145409369923887,0.4124194491207045,0.0021214878716841615
2021-05-20,476,0.3204689097619296,0.31177229228382936,0.008696617478100218
2021-05-21,476,0.3560764405463015,0.3457722033026938,0.01030423724360764
2021-05-24,477,0.3485042881394945,0.3300818954975263,0.018422392641968186
2021-05-25,479,0.3189394096565608,0.3079676681855131,0.010971741471047729
2021-05-26,462,0.3712308865204971,0.3570055809461566,0.014225305574340498
2021-05-27,464,0.29852785208286214,0.29504114696006667,0.0034867051227954675
2021-05-28,476,0.41536883925648865,0.40660712436689306,0.00876171488959558
2021-06-01,476,0.3433596298980882,0.3308076870206144,0.012551942877473774
2021-06-02,467,0.35036485548147617,0.3418165135341284,0.008548341947347713
2021-06-03,481,0.3404074624054265,0.3302503891271738,0.010157073278252724
2021-06-04,476,0.369260500038823,0.35295603943438997,0.016304460604432993
2021-06-07,477,0.31720183318112005,0.30778573353591127,0.00941609964520879
2021-06-08,475,0.3466670034098887,0.33472193962878183,0.011945063781106833
2021-06-09,472,0.3753301608299817,0.3664584017698873,0.008871759060094382
2021-06-10,479,0.2970304264024168,0.289159198363197,0.007871228039219752
2021-06-11,458,0.33965686029843994,0.3261195751646771,0.013537285133762865
2021-06-14,474,0.3025607285410406,0.2940778644438517,0.008482864097188927
2021-06-15,479,0.35156346733186994,0.3387111272122725,0.012852340119597398
2021-06-16,479,0.5632390171973599,0.5536025752750747,0.009636441922285202
2021-06-17,479,0.5650939483378462,0.5555406556694248,0.009553292668421382
2021-06-18,479,0.5926104521296486,0.5848116750382552,0.007798777091393423
2021-06-21,482,0.28710639091407014,0.28584443423274764,0.0012619566813225106
2021-06-22,480,0.2895028223802046,0.2863521275598852,0.0031506948203193687
2021-06-23,475,0.3434259360888607,0.3348842907182367,0.008541645370623963
2021-06-24,478,0.3372062776881808,0.3252929664802038,0.01191331120797693
2021-06-25,481,0.40886458933919584,0.4095324235163212,-0.0006678341771253726
2021-06-28,464,0.3009246720467388,0.2983338219297749,0.0025908501169638145
2021-06-29,473,0.29465658167876524,0.28586069907554806,0.008795882603217172
2021-06-30,474,0.3229287177059444,0.31372074429647956,0.00920797340946485
2021-07-01,476,0.26438776936153513,0.25785728385872225,0.0065304855028128625
2021-07-02,478,0.41510155517906083,0.4060917679980179,0.009009787181042967
2021-07-06,481,0.3468304033846146,0.3464073984511975,0.00042300493341719373
2021-07-07,475,0.4011076297241875,0.3912665426836171,0.009841087040570393
2021-07-08,478,0.500272573408045,0.4921253901504235,0.008147183257621503
2021-07-09,482,0.2860947536995885,0.27606890688932273,0.010025846810265669
2021-07-12,482,0.35416221267099407,0.34468414010512066,0.009478072565873411
2021-07-13,475,0.3199020387011034,0.317537177249983,0.002364861451120387
2021-07-14,479,0.32067686214365504,0.3197599233894907,0.000916938754164282
2021-07-15,481,0.4027085956053226,0.39656679147532714,0.0061418041299954275
2021-07-16,481,0.623105499065935,0.6124211790115458,0.010684320054389282
2021-07-19,477,0.6645518783814266,0.6542009311593273,0.010350947222099128
2021-07-20,481,0.4616118713660797,0.46076759900975833,0.0008442723563213291
2021-07-21,478,0.3678975819217737,0.35959854065092783,0.008299041270845891
2021-07-22,480,0.3719082293557047,0.37244837731725505,-0.0005401479615503391
2021-07-23,479,0.3457107343510303,0.32922257245273445,0.016488161898295856
2021-07-26,481,0.3527599747347481,0.34636356031605875,0.0063964144186893345
2021-07-27,481,0.35133712612858076,0.3467254481613815,0.004611677967199218
2021-07-28,472,0.41744693119777454,0.41729790381078946,0.00014902738698508876
2021-07-29,469,0.37315706473597615,0.3666720811683729,0.00648498356760327
2021-07-30,481,0.31800579201716683,0.317325938579434,0.0006798534377328383
2021-08-02,482,0.45539685651805867,0.45592324127852885,-0.0005263847604701561
2021-08-03,481,0.4336801324339561,0.4245691022304879,0.00911103020346817
2021-08-04,476,0.477362361819043,0.4741375920778836,0.0032247697411594543
2021-08-05,476,0.3400514333113853,0.3343966778338883,0.005654755477496974
2021-08-06,472,0.3163080673131448,0.309122307473159,0.007185759839985768
2021-08-09,481,0.3949584006667742,0.3922714391725728,0.0026869614942013564
2021-08-10,477,0.3406825786434282,0.3433778995910565,-0.002695320947628323
2021-08-11,460,0.2727544541363457,0.27161950559919396,0.0011349485371517085
2021-08-12,473,0.2765310371734162,0.28046405038119593,-0.003933013207779682
2021-08-13,480,0.29362760572758406,0.2960619416519488,-0.002434335924364765
2021-08-16,472,0.40313798310939647,0.40480288037450746,-0.0016648972651109718
2021-08-17,476,0.42127365701328784,0.41082267435320263,0.010450982660085225
2021-08-18,471,0.3928387853559209,0.3944412068680434,-0.0016024215121224897
2021-08-19,477,0.27104102222565385,0.28040473456639137,-0.009363712340737506
2021-08-20,478,0.37298185230985637,0.36386288798187466,0.00911896432798174
2021-08-23,480,0.3520550490707643,0.3486127562845243,0.0034422927862399564
2021-08-24,478,0.2666119387803318,0.26812859884144985,-0.001516660061118077
2021-08-25,477,0.34002868369066436,0.3399014011139881,0.00012728257667628975
2021-08-26,477,0.36386742007254014,0.3636035325008007,0.0002638875717394216
2021-08-27,472,0.30319673639473355,0.30191337962543296,0.0012833567693005196
2021-08-30,459,0.2626720097743445,0.25876347257154925,0.003908537202795301
2021-08-31,479,0.2951055521041596,0.29611919232511746,-0.0010136402209578062
2021-09-01,466,0.3199384113327137,0.318073314221452,0.0018650971112617314
2021-09-02,477,0.2531556162514951,0.25052573801406414,0.0026298782374309403
2021-09-03,476,0.41074191557661843,0.4038865399737138,0.00685537560290459
2021-09-07,477,0.3667751683243179,0.3688609766537107,-0.002085808329392781
2021-09-08,466,0.352395026302278,0.3464689567992516,0.005926069503026398
2021-09-09,479,0.34473240014717904,0.34477353810342015,-4.1137956241109966e-05
2021-09-10,479,0.3841926472055732,0.38549113450438144,-0.0012984872988082152
2021-09-13,456,0.3865392231841655,0.3894625812871369,-0.0029233581029713563
2021-09-14,474,0.3802171184148048,0.3809406476943809,-0.0007235292795760879
2021-09-15,478,0.28700310848757127,0.29267548640499397,-0.005672377917422624
2021-09-16,480,0.39932762681897344,0.39209296104053754,0.0072346657784359445
2021-09-17,480,0.5493213216035661,0.5287628889601488,0.02055843264341734
2021-09-20,479,0.27271982761234936,0.2878061625181238,-0.015086334905774448
2021-09-21,481,0.4144941146699913,0.41768030933616535,-0.0031861946661740585
2021-09-22,476,0.4738451226092038,0.475293327243765,-0.0014482046345611998
2021-09-23,479,0.2590247849238857,0.26436105648110503,-0.005336271557219354
2021-09-24,480,0.5098995046813183,0.5036931498400875,0.006206354841230745
2021-09-27,481,0.6149032417935767,0.5900829607557094,0.02482028103786718
2021-09-28,461,0.3250998224722113,0.33517351416362695,-0.01007369169141565
2021-09-29,470,0.543644871421632,0.5405959946885823,0.003048876733049675
2021-09-30,481,0.4682165560932085,0.4809614788866016,-0.01274492279339313
2021-10-01,477,0.475284466787307,0.47057710460052743,0.00470736218677963
2021-10-04,479,0.3630362265300057,0.3627472157607238,0.00028901076928193674
2021-10-05,482,0.30477486047197216,0.30763380155866726,-0.0028589410866951322
2021-10-06,471,0.3475525113937268,0.3450352901172296,0.00251722127649718
2021-10-07,481,0.3337705242508055,0.3353237781376593,-0.0015532538868538353
2021-10-08,483,0.33193309671711124,0.3331782806166683,-0.0012451838995570827
2021-10-11,483,0.29263915232768695,0.29255491019634583,8.424213134110054e-05
2021-10-12,480,0.31628011135645273,0.32041325226176337,-0.00413314090531061
2021-10-13,474,0.5430792793668213,0.5327008898461816,0.010378389520639705
2021-10-14,482,0.309347181655348,0.30945843803464784,-0.00011125637929982494
2021-10-15,483,0.32783274074310265,0.3245204269544903,0.0033123137886123567
2021-10-18,482,0.3175674663856656,0.3168130315734802,0.000754434812185412
2021-10-19,482,0.35825084703273424,0.3603005561699285,-0.0020497091371942957
2021-10-20,477,0.3800257629467843,0.37670433360822003,0.0033214293385643106
2021-10-21,482,0.3181806159572885,0.31832992610209704,-0.00014931014480853633
2021-10-22,482,0.29907400949332147,0.29887530255862027,0.00019870693470117626
2021-10-25,482,0.33866022126794004,0.3331575233584567,0.0055026979094833775
2021-10-26,482,0.608684392116567,0.607402920973095,0.0012814711434720263
2021-10-27,474,0.4889265096000573,0.4917403778126231,-0.0028138682125658
2021-10-28,470,0.40155334028548123,0.39619561957525595,0.005357720710225311
2021-10-29,480,0.44744531857971476,0.4432858960691314,0.004159422510583391
2021-11-01,481,0.44875839417090585,0.4477910894288753,0.000967304742030574
2021-11-02,483,0.44120163658257355,0.4371646298078584,0.00403700677471512
2021-11-03,473,0.5185528425145323,0.5218744288622531,-0.0033215863477208513
2021-11-04,479,0.5736125254287866,0.5702300519212159,0.0033824735075707922
2021-11-05,481,0.4020260083030268,0.3985660105374745,0.003459997765552355
2021-11-08,473,0.31224002957645003,0.3149930393379227,-0.002753009761472642
2021-11-09,464,0.4309210935663494,0.43206117197245564,-0.0011400784061062375
2021-11-10,483,0.3400620372991415,0.3438141426800998,-0.003752105380958358
2021-11-11,467,0.3175172511357268,0.3261028653591125,-0.008585614223385678
2021-11-12,477,0.335319255999128,0.3335099710381995,0.0018092849609285284
2021-11-15,476,0.3663594980319116,0.3672109463439599,-0.0008514483120483839
2021-11-16,477,0.3565060073772359,0.3588344997750716,-0.002328492397835649
2021-11-17,468,0.3243671907439793,0.3254088022554153,-0.001041611511436027
2021-11-18,480,0.44067606259785386,0.4356554139879875,0.00502064860986636
2021-11-19,476,0.4338887569335517,0.42819487508672366,0.005693881846828112
2021-11-22,478,0.3982948672752143,0.4007838743101281,-0.002489007034913746
2021-11-23,476,0.3054662421825896,0.3125066704813476,-0.007040428298757991
2021-11-24,479,0.9883541856220863,0.9893462681351115,-0.000992082513025183
2021-11-26,473,0.45275940216496713,0.46208157418890666,-0.009322172023939543
2021-11-29,463,0.9205349157287582,0.8540560616650484,0.06647885406370978
2021-11-30,477,0.575151313777659,0.5472907349124109,0.027860578865248224
2021-12-01,465,0.8178639446413287,0.7195960198126381,0.0982679248286906
2021-12-02,480,0.46896350841652795,0.45385311309227055,0.015110395324257406
2021-12-03,479,0.5588751883547715,0.5424565281283726,0.016418660226398835
2021-12-06,479,0.5874085268182964,0.5700936946133756,0.017314832204920753
2021-12-07,478,0.30714037662747223,0.31737642926191234,-0.010236052634440045
2021-12-08,468,0.38793954386457835,0.3919266181392743,-0.0039870742746959936
2021-12-09,482,0.3616382659810198,0.3672349489783843,-0.00559668299736455
2021-12-10,481,0.4918154581404048,0.5018212890092666,-0.010005830868861814
2021-12-13,464,0.4110465942896315,0.41399845113317424,-0.0029518568435428255
2021-12-14,478,0.48040840967636067,0.480368632895274,3.9776781086665616e-05
2021-12-15,478,0.5117991922407538,0.5003489149181289,0.011450277322624847
2021-12-16,479,0.5395065446673151,0.5303942424250309,0.009112302242284168
2021-12-17,481,0.5152378638831662,0.5039520151685242,0.01128584871464199
2021-12-20,481,0.7114220949672024,0.6794522022648967,0.031969892702305755
2021-12-21,479,0.3175521039257008,0.33037687896921486,-0.012824775043514054
2021-12-22,484,0.27167985217863166,0.2629273906894742,0.008752461489157462
2021-12-23,482,0.40612602082147925,0.4052676504733579,0.000858370348121317
2021-12-27,485,0.2447655670559139,0.23411990183203624,0.010645665223877651
2021-12-28,484,0.24006653027365732,0.22763605378669458,0.012430476486962707
2021-12-29,468,0.24814481409449224,0.22222468628321912,0.025920127811273112
2021-12-30,474,0.22559831631999883,0.20852473136876568,0.017073584951233175
2021-12-31,481,0.5659903836890171,0.5784540567758218,-0.012463673086804707
2022-01-03,482,0.5786641810610397,0.5860428449573213,-0.007378663896281682
2022-01-04,483,0.7013512234734844,0.6896950116392466,0.011656211834237819
2022-01-05,476,0.4190122115305077,0.4314767278474182,-0.012464516316910531
2022-01-06,478,0.5148847766940017,0.5132809046681055,0.0016038720258961948
2022-01-07,485,0.40548449598071135,0.40853374001767034,-0.0030492440369590157
2022-01-10,485,0.4280181435656483,0.4305311235793471,-0.0025129800136987944
2022-01-11,484,0.2981690154497849,0.3114678967781238,-0.013298881328338884
2022-01-12,478,0.5123591410796745,0.5163467031294977,-0.003987562049823119
2022-01-13,482,0.44107010128740487,0.44635568008241594,-0.005285578795011117
2022-01-14,482,0.6190117609757213,0.6060849285707767,0.012926832404944662
2022-01-18,483,0.48118157378566356,0.49421359214850025,-0.013032018362836684
2022-01-19,478,0.4772499862606317,0.47996560168841723,-0.002715615427785527
2022-01-20,484,0.5980885931909018,0.5932040954522071,0.004884497738694748
2022-01-21,485,0.46395338298368416,0.4613102712758541,0.0026431117078300303
2022-01-24,484,0.6509501548204087,0.6128361927976749,0.03811396202273385
2022-01-25,483,0.4619546161737028,0.4795079252539648,-0.01755330908026198
2022-01-26,484,0.5510844342767938,0.5659837070210298,-0.014899272744236202
2022-01-27,474,0.705038092534279,0.6787692846859281,0.02626880784835094
2022-01-28,478,0.6635282488981791,0.6512731513659624,0.012255097532216711
2022-01-31,484,0.4138003301753865,0.43442255434626237,-0.020622224170875857
2022-02-01,483,0.48267590355422063,0.4802080963739648,0.0024678071802558214
2022-02-02,479,0.7075156410649557,0.708949495833288,-0.0014338547683324075
2022-02-03,479,0.5060500136800498,0.5042343805452792,0.001815633134770506
2022-02-04,480,0.35249918002138725,0.36895249199840524,-0.016453311977018003
2022-02-07,483,0.45025021449611374,0.4573711364836709,-0.007120921987557147
2022-02-08,478,0.5771752641590913,0.563897068268564,0.013278195890527221
2022-02-09,473,0.6412273482495671,0.6441409338116444,-0.002913585562077313
2022-02-10,477,0.6660693521833254,0.6765478000037867,-0.01047844782046129
2022-02-11,478,0.36884687015521467,0.39232326456436534,-0.023476394409150666
2022-02-14,479,0.6177559103577365,0.6042762173816383,0.01347969297609817
2022-02-15,482,0.361335130474573,0.36764154052922376,-0.006306410054650733
2022-02-16,469,0.7283288748435904,0.7601306203208349,-0.031801745477244535
2022-02-17,477,0.35466031634967454,0.3774088827357949,-0.022748566386120425
2022-02-18,482,0.4524717307395075,0.47021304926995217,-0.017741318530444597
2022-02-22,485,0.6702407552154299,0.6669011039581301,0.003339651257299931
2022-02-23,473,0.8040453924080663,0.7487023103168421,0.05534308209122421
2022-02-24,472,0.9050123355523834,0.8916232378221778,0.013389097730205513
2022-02-25,471,0.5306363353015578,0.5201714423294949,0.010464892972062942
2022-02-28,479,0.81787752714014,0.8160721867540777,0.001805340386062294
2022-03-01,482,0.7430508310123266,0.6905324888964522,0.052518342115874236
2022-03-02,475,0.49975935180719605,0.5009616425868592,-0.0012022907796630951
2022-03-03,478,0.7392984733900001,0.7348686771644913,0.004429796225508774
2022-03-04,481,1.247147652042738,1.2415495917625918,0.005598060280146208
2022-03-07,481,0.6908990286809163,0.7061358830361011,-0.015236854355184752
2022-03-08,469,0.8919682784636429,0.920488938650167,-0.028520660186524032
2022-03-09,471,0.45344388195990243,0.46871630842486467,-0.015272426464962281
2022-03-10,484,0.45867661507771557,0.5038599421529099,-0.045183327075194374
2022-03-11,462,0.5890143591379997,0.6276513826709473,-0.03863702353294778
2022-03-14,478,0.6266887034810876,0.609495169315546,0.017193534165541566
2022-03-15,480,0.8278835962579196,0.8405189101808624,-0.01263531392294284
2022-03-16,480,0.4761299857379837,0.47623921613489634,-0.00010923039691264064
2022-03-17,484,0.4387463231298496,0.4227216880208025,0.016024635109047166
2022-03-18,482,0.4297542157061952,0.42860782388507185,0.0011463918211233426
2022-03-21,486,0.3647989842586674,0.36004653610840537,0.004752448150262086
2022-03-22,483,0.5584532919329922,0.5667185203741639,-0.008265228441171748
2022-03-23,479,0.4311238911631325,0.4245664413176822,0.006557449845450283
2022-03-24,485,0.3915754673682117,0.3889629229646352,0.002612544403576493
2022-03-25,485,0.3784723303610851,0.3662975027376971,0.01217482762338799
2022-03-28,486,0.5545797704247918,0.5514453674125499,0.0031344030122418673
2022-03-29,466,0.43214876738904157,0.4294219748926726,0.0027267924963689685
2022-03-30,476,0.5223142370096087,0.5346823580936154,-0.012368121084006735
2022-03-31,483,0.4344256758073391,0.4320066247620261,0.0024190510453129827
2022-04-01,482,0.3852766401965144,0.3746912338730145,0.010585406323499864
2022-04-04,481,0.5004026863979204,0.5254052841392285,-0.025002597741307975
2022-04-05,485,0.5539401813672836,0.5858202988204919,-0.03188011745320809
2022-04-06,476,0.39636464552925504,0.39599741021909884,0.0003672353101562243
2022-04-07,480,0.3847339343676993,0.3934932020275985,-0.008759267659899195
2022-04-08,485,0.45523113324581893,0.46615374371008944,-0.010922610464270545
2022-04-11,484,0.34537720271720124,0.34838765289614315,-0.003010450178941918
2022-04-12,480,0.4317423764760159,0.4250542545305695,0.006688121945446385
2022-04-13,487,0.4438295984983541,0.44019549350169673,0.0036341049966573755
2022-04-14,488,0.38638217031289357,0.39164040040073567,-0.005258230087842128
2022-04-18,485,0.6212268571801074,0.6025819970321495,0.018644860147957736
2022-04-19,486,0.5073299303101245,0.5188912796050346,-0.011561349294910046
2022-04-20,482,0.6292435025100175,0.6639489586588392,-0.034705456148821666
2022-04-21,487,0.9631981286214036,0.9993645468901355,-0.03616641826873192
2022-04-22,486,0.4255987854010806,0.42779731173292457,-0.002198526331843988
2022-04-25,486,0.8739334115552014,0.8391355335649934,0.034797877990208136
2022-04-26,487,0.43250756984591293,0.4711382321052914,-0.038630662259378376
2022-04-27,480,0.7386268381610647,0.6979084075605968,0.040718430600468
2022-04-28,477,1.0699242460617648,1.0221636574877788,0.04776058857398596
2022-04-29,487,0.48248275325019213,0.4861041305959306,-0.0036213773457384637
2022-05-02,488,0.48456948668772604,0.5090742212119943,-0.024504734524268292
2022-05-03,486,0.9408016922173705,0.9222346994851259,0.01856699273224457
2022-05-04,481,1.1488509209091389,1.107334266282675,0.0415166546264638
2022-05-05,481,0.6058014234924336,0.6597868164398988,-0.053985392947465204
2022-05-06,480,1.2972325996117235,1.2776301773961258,0.019602422215597652
2022-05-09,486,0.4995249316185887,0.5624669464045062,-0.06294201478591749
2022-05-10,483,0.6259443403838584,0.620331478734902,0.00561286164895634
2022-05-11,470,0.5290722597911245,0.5416296165875736,-0.012557356796449023
2022-05-12,473,0.8058684031001918,0.7549781229410865,0.05089028015910531
2022-05-13,485,0.4361250704456553,0.4420225607580221,-0.005897490312366808
2022-05-16,481,0.7038772145187179,0.6689533613244714,0.03492385319424663
2022-05-17,480,1.382318734429891,1.4345579699457252,-0.052239235515833905
2022-05-18,474,0.49726512179068566,0.5410358289528953,-0.043770707162209634
2022-05-19,486,0.47346659839838406,0.4953484573677563,-0.021881858969372215
2022-05-20,482,0.5168432402945008,0.5375845281908597,-0.020741287896358845
2022-05-23,481,0.6267331909369018,0.6693807294542106,-0.04264753851730874
2022-05-24,486,0.4910801490947806,0.46158581880580585,0.029494330288974798
2022-05-25,477,0.7165273623540476,0.7120600172630894,0.004467345090958196
2022-05-26,473,0.7229015322323391,0.7268661041231116,-0.003964571890772418
2022-05-27,471,0.45663013339077574,0.4507153866825572,0.005914746708218499
2022-05-31,483,0.4903219317686587,0.5042764613053734,-0.013954529536714722
2022-06-01,472,0.6735706164891222,0.6373915034591963,0.03617911302992595
2022-06-02,484,0.4872665094198094,0.4831461862897046,0.004120323130104801
2022-06-03,485,0.34273712119954536,0.3265857729417359,0.016151348257809454
2022-06-06,482,0.37768755707975066,0.3582598814882442,0.019427675591506415
2022-06-07,483,0.5572638067592106,0.5628580608188528,-0.00559425405964216
2022-06-08,471,0.7550600230413544,0.7998491117011568,-0.04478908865980224
2022-06-09,486,0.9235620236787625,1.0003949173041615,-0.0768328936253989
2022-06-10,485,1.4402948318542061,1.4759233217010703,-0.035628489846864134
2022-06-13,463,0.5074690885362424,0.5602848715320145,-0.052815782995772075
2022-06-14,483,0.483497273037535,0.5000738821227764,-0.01657660908524138
2022-06-15,481,1.2834978506326937,1.22896081996821,0.05453703066448389
2022-06-16,484,0.5300906427222312,0.5514024775819387,-0.021311834859707543
2022-06-17,485,0.6324088594506183,0.6302648814128137,0.0021439780378045246
2022-06-21,486,0.44028395444601676,0.430679849109788,0.009604105336228746
2022-06-22,483,0.6604626516846646,0.6404749615186266,0.019987690166038005
2022-06-23,484,1.035395925941565,0.9666155418259316,0.06878038411563354
2022-06-24,486,0.36999019235389907,0.40571027218082495,-0.035720079826925856
2022-06-27,488,0.613234106329631,0.6615208395750879,-0.04828673324545687
2022-06-28,470,0.44936388994355275,0.48116634767926236,-0.031802457735709604
2022-06-29,473,0.43435068885531836,0.45914059366661203,-0.02478990481129367
2022-06-30,484,0.5102521360023564,0.5173641493942068,-0.007112013391850435
2022-07-01,483,0.6392630389534677,0.6206973845013216,0.018565654452146096
2022-07-05,485,0.37948335909165626,0.40604149485066493,-0.026558135759008592
2022-07-06,481,0.5509613107029565,0.5023166200786926,0.04864469062426387
2022-07-07,482,0.32786935201383255,0.32023839425918943,0.007630957754643119
2022-07-08,487,0.4293741218846504,0.4401862717342757,-0.010812149849625285
2022-07-11,487,0.44536230991799985,0.46002081283556184,-0.014658502917561964
2022-07-12,487,0.37611842371357057,0.3778649289760112,-0.0017465052624406647
2022-07-13,482,0.4661034341440436,0.4706694975000782,-0.004566063356034622
2022-07-14,487,0.6064795855692946,0.5780390457277378,0.02844053984155674
2022-07-15,486,0.4315342175415838,0.4120224394563586,0.0195117780852252
2022-07-18,484,0.8670932561010005,0.866468272117181,0.0006249839838194167
2022-07-19,486,0.4796069964114918,0.46400783283744734,0.015599163574044454
2022-07-20,482,0.48045842191012617,0.47543595421791407,0.005022467692212155
2022-07-21,487,0.44595845798593275,0.4364852486514372,0.009473209334495592
2022-07-22,488,0.3989616594247178,0.37895951886723894,0.02000214055747886
2022-07-25,485,0.5126191154687941,0.531064943224141,-0.018445827755346877
2022-07-26,487,0.7099827669199509,0.698419759395288,0.011563007524662952
2022-07-27,479,0.7229935980763247,0.7321092997746942,-0.009115701698369514
2022-07-28,474,0.5394539514521309,0.5353163082129307,0.004137643239200092
2022-07-29,488,0.38634413974604653,0.3691890978645114,0.01715504188153508
2022-08-01,489,0.4899106239142881,0.4747401318646826,0.015170492049605522
2022-08-02,487,0.5502769792837998,0.5490302620500895,0.0012467172337102465
2022-08-03,483,0.4718816936819695,0.4642612010406865,0.007620492641283012
2022-08-04,483,0.4273010952914465,0.4113549048095979,0.01594619048184854
2022-08-05,484,0.36317362614989146,0.34658104956905494,0.01659257658083659
2022-08-08,483,0.5304156329127921,0.53070002711184,-0.00028439419904785214
2022-08-09,485,0.7277405665536961,0.7528552789447698,-0.025114712391073633
2022-08-10,473,0.4002483287597963,0.38443154842701843,0.015816780332777933
2022-08-11,473,0.4837198133949214,0.4830155108902428,0.0007043025046785984
2022-08-12,487,0.3203454889611728,0.2940092129647406,0.026336275996432255
2022-08-15,479,0.33106521362884656,0.30811260227022996,0.022952611358616554
2022-08-16,480,0.4345651842711676,0.42079055940813154,0.01377462486303608
2022-08-17,475,0.3604628428639778,0.3408855488828142,0.019577293981163625
2022-08-18,485,0.5350456624286939,0.5633186104484668,-0.02827294801977283
2022-08-19,485,0.6778643889035245,0.7292981097657338,-0.051433720862209306
2022-08-22,486,0.37403454703457234,0.3715923024976324,0.002442244536939912
2022-08-23,485,0.30228356192651024,0.2862534804769185,0.016030081449591727
2022-08-24,484,0.4656556253217107,0.45307891824295354,0.012576707078757141
2022-08-25,484,1.0935872387670595,1.1829902571004192,-0.08940301833335967
2022-08-26,485,0.3390721941749889,0.37042123740432187,-0.031349043229333
2022-08-29,474,0.4347119868975432,0.4496027474947681,-0.014890760597224932
2022-08-30,472,0.35147445865075067,0.3573836588730103,-0.005909200222259662
2022-08-31,475,0.4223031354575122,0.43720219476318517,-0.014899059305673078
2022-09-01,484,0.3897125938350896,0.414916544655646,-0.02520395082055639
2022-09-02,481,0.3740487090197795,0.38833739694342184,-0.014288687923642318
2022-09-06,484,0.6574057193664014,0.6492547017141678,0.008151017652233684
2022-09-07,471,0.41195563707028343,0.4092705724637428,0.002685064606540628
2022-09-08,485,0.4609540857039525,0.4505688292617931,0.010385256442159443
2022-09-09,489,0.3633935854845156,0.35756960095926715,0.005823984525248501
2022-09-12,483,1.3875926630415851,1.4440403878380432,-0.056447724796458064
2022-09-13,466,0.42506862640641163,0.4509106550381146,-0.02584202863170301
2022-09-14,477,0.5077501533222504,0.5127736824926773,-0.005023529170426994
2022-09-15,487,0.5231179393385262,0.5338552720905049,-0.010737332751978664
2022-09-16,486,0.39234998866743914,0.4027685018135432,-0.010418513146104013
2022-09-19,486,0.5503751282035055,0.5613654328863564,-0.010990304682850872
2022-09-20,485,0.5488318427909402,0.5694950372640465,-0.02066319447310631
2022-09-21,486,0.596705304048532,0.6217402067473633,-0.0250349026988313
2022-09-22,485,0.6501856536461192,0.6859335979130429,-0.035747944266923494
2022-09-23,488,0.5490653453299932,0.5669455438842288,-0.017880198554235664
2022-09-26,488,0.40057652319434134,0.41775642864166057,-0.017179905447319198
2022-09-27,488,0.7183087768572273,0.7027148005481823,0.015593976309044983
2022-09-28,465,0.7004972198713764,0.6830379706354918,0.01745924923588462
2022-09-29,480,0.5038855321752848,0.530764686180209,-0.026879154004924362
2022-09-30,486,0.9180335555472721,0.8540627561793108,0.06397079936796131
2022-10-03,486,1.1320578316041463,1.1203601969981407,0.011697634606005767
2022-10-04,487,0.3843757008951793,0.380736787165009,0.0036389137301702564
2022-10-05,475,0.5129118266445685,0.5141515898492337,-0.0012397632046652182
2022-10-06,485,0.87714604547605,0.8976323195413504,-0.020486274065300347
2022-10-07,489,0.46143819709916134,0.4854530016959666,-0.024014804596805276
2022-10-10,488,0.456463773397744,0.4761391565627089,-0.019675383164964786
2022-10-11,487,0.4654027095096572,0.471715892498903,-0.006313182989245824
2022-10-12,483,0.7575711295288066,0.7178909162689575,0.03968021325984901
2022-10-13,486,0.8144131114112428,0.7942639397986105,0.02014917161263233
2022-10-14,488,0.7629858763488739,0.6877910195555001,0.0751948567933737
2022-10-17,487,0.46752573340587783,0.47373825717024254,-0.006212523764364745
2022-10-18,489,0.6061881558556091,0.6129971232189781,-0.0068089673633690215
2022-10-19,482,0.560339052373886,0.5661247582843167,-0.0057857059104307025
2022-10-20,488,0.7652091751339583,0.7458700096578801,0.01933916547607826
2022-10-21,489,0.44743123197094364,0.46788444219401926,-0.02045321022307557
2022-10-24,488,0.7171936754929322,0.7010413714191753,0.016152304073756927
2022-10-25,487,0.4730186809116185,0.47634572514771234,-0.0033270442360938176
2022-10-26,486,0.5012213128796824,0.5009782833315679,0.00024302954811446746
2022-10-27,481,0.818163469131299,0.8208377009042461,-0.002674231772947103
2022-10-28,479,0.39518242397117687,0.3863394162659417,0.008843007705235191
2022-10-31,487,0.44277507435320795,0.43402709749521023,0.008747976857997762
2022-11-01,489,0.8910088805034038,0.9200001962815285,-0.02899131577812487
2022-11-02,482,0.6358506178442646,0.6408712504148969,-0.005020632570632293
2022-11-03,481,0.7499285286293981,0.745165607762224,0.0047629208671741115
2022-11-04,486,0.472547072163779,0.50010446502121,-0.027557392857430973
2022-11-07,486,0.44982692544163966,0.451489085365716,-0.0016621599240763958
2022-11-08,471,0.7142386968306826,0.7356151465062044,-0.021376449675521752
2022-11-09,477,2.211996755367203,2.22697757875321,-0.014980823386006205
2022-11-10,489,0.7813792976059329,0.8011986880105034,-0.019819390404570432
2022-11-11,474,0.5222638564498457,0.5104193136915505,0.011844542758295272
2022-11-14,482,0.5034240279362288,0.513549419600866,-0.010125391664637187
2022-11-15,479,0.5419991600932003,0.5340382403668003,0.007960919726400001
2022-11-16,474,0.4335201014455275,0.42792098097890063,0.005599120466626799
2022-11-17,485,0.4192833048812937,0.407469747103214,0.011813557778079624
2022-11-18,483,0.40376082823081766,0.39773480920696397,0.006026019023853671
2022-11-21,482,0.4879798355357811,0.4779838046084157,0.009996030927365377
2022-11-22,483,0.3677515967205022,0.3243479789024027,0.04340361781809954
2022-11-23,483,0.3045846320209354,0.2623011815170236,0.04228345050391186
2022-11-25,488,0.5285067995625577,0.5509416514931378,-0.02243485193058003
2022-11-28,479,0.3635708826867117,0.34845423165558803,0.015116651031123701
2022-11-29,466,0.8315832575345877,0.861829664094344,-0.030246406559756432
2022-11-30,473,0.3990869310947946,0.40664004365261963,-0.007553112557824971
2022-12-01,485,0.3659828871677199,0.3449482869037821,0.021034600263937796
2022-12-02,487,0.6228954975160103,0.6299328728281481,-0.007037375312137786
2022-12-05,483,0.4960344866630552,0.49621696706090557,-0.00018248039785043868
2022-12-06,485,0.4275225691903318,0.42766742612889236,-0.00014485693856049293
2022-12-07,473,0.44623436085075546,0.4230806292035882,0.023153731647167226
2022-12-08,486,0.39324820599328775,0.3825992034991785,0.010649002494109204
2022-12-09,488,0.48482553122780986,0.4694414693968929,0.015384061830916946
2022-12-12,482,0.4777509922616472,0.4766079018469773,0.0011430904146698434
2022-12-13,470,0.38536609453382203,0.38296272619663946,0.0024033683371825366
2022-12-14,477,0.7462429521746817,0.756502531562246,-0.010259579387564317
2022-12-15,482,0.4346212553447211,0.4485245777823644,-0.013903322437643278
2022-12-16,484,0.4002894573006947,0.40845517451700614,-0.008165717216311461
2022-12-19,486,0.3341492306223095,0.330270347193981,0.003878883428328482
2022-12-20,484,0.4827889412182948,0.4646040633953894,0.01818487782290541
2022-12-21,489,0.43534098900560675,0.43405124066783907,0.0012897483377677184
2022-12-22,487,0.3323218599372648,0.31693862987698795,0.015383230060276908
2022-12-23,486,0.3416689108000566,0.31651856570466463,0.025150345095391973
2022-12-27,488,0.44473769123102086,0.4504684984565283,-0.0057308072255075355
2022-12-28,469,0.5456069299013457,0.5158803838041995,0.029726546097146193
2022-12-29,475,0.30245389512861387,0.2734229148893806,0.029030980239233273
2022-12-30,488,0.4136784090953288,0.4036683963181159,0.01001001277721291
2023-01-03,486,0.555858703861742,0.5505133498125242,0.005345354049217753
2023-01-04,480,0.5447198412811468,0.540298633479151,0.004421207801995934
2023-01-05,486,0.787834676830022,0.8117296481373615,-0.02389497130733954
2023-01-06,482,0.4683541589281974,0.4617399421421353,0.006614216786062008
2023-01-09,489,0.4041447694591893,0.4023907561086618,0.0017540133505275226
2023-01-10,488,0.5065471744730581,0.5046802411772732,0.0018669332957850146
2023-01-11,483,0.4331001382005431,0.42325341632510616,0.00984672187543691
2023-01-12,485,0.33522649605143706,0.32068886827661824,0.014537627774818747
2023-01-13,488,0.36847813961694126,0.3484222207287931,0.020055918888148127
2023-01-17,489,0.5457660648127445,0.5309786621811293,0.014787402631615142
2023-01-18,481,0.49149827383666067,0.48809437400408584,0.0034038998325748465
2023-01-19,485,0.561971333447822,0.5728099057438888,-0.01083857229606679
2023-01-20,490,0.5018008487656033,0.5168335237253459,-0.015032674959742613
2023-01-23,486,0.36773506483260904,0.35085322706659355,0.016881837766015508
2023-01-24,489,0.3887771662670034,0.3749142110811689,0.013862955185834554
2023-01-25,488,0.46062739284283016,0.45938849652382363,0.0012388963190065974
2023-01-26,489,0.42514438850945335,0.42065398864645753,0.00449039986299579
2023-01-27,483,0.43272839418069636,0.42162321308809986,0.01110518109259651
2023-01-30,483,0.5571580206365377,0.5654899325656453,-0.00833191192910751
2023-01-31,489,0.5638709626483284,0.5803375474572129,-0.016466584808884556
2023-02-01,486,0.7510859699646065,0.7586461784628177,-0.007560208498211086
2023-02-02,485,0.5199552958862422,0.5076566513312177,0.012298644555024428
2023-02-03,484,0.40394954136268696,0.39646735450590526,0.0074821868567817185
2023-02-06,487,0.4521236548977997,0.44359210483366524,0.008531550064134478
2023-02-07,484,0.45544137888389685,0.4480071608540168,0.007434218029880038
2023-02-08,476,0.48952043972270615,0.4886188159154381,0.0009016238072680088
2023-02-09,484,0.4679255610276601,0.4707890233029784,-0.002863462275318315
2023-02-10,484,0.407853431485349,0.40331537077220425,0.00453806071314475
2023-02-13,479,0.3874736480400415,0.3794098444461357,0.00806380359390577
2023-02-14,484,0.4447834032022694,0.4427497959203733,0.002033607281896103
2023-02-15,476,0.45036056949944453,0.44369751730287865,0.00666305219656583
2023-02-16,480,0.38411529981260234,0.3767461587441663,0.007369141068436038
2023-02-17,486,0.6932702747821934,0.6958502615912527,-0.002579986809059369
2023-02-21,486,0.3235196966191485,0.32800020465472063,-0.004480508035572094
2023-02-22,477,0.3852800904760607,0.3842131702572176,0.0010669202188431485
2023-02-23,483,0.4311384304422864,0.4415346611506669,-0.010396230708380543
2023-02-24,475,0.2957431886055047,0.2881402743198317,0.007602914285672969
2023-02-27,474,0.33794122267580073,0.3350429742552377,0.0028982484205629785
2023-02-28,486,0.383806924251925,0.3765686945693341,0.007238229682590832
2023-03-01,479,0.41551110079293857,0.4096529230974831,0.005858177695455427
2023-03-02,483,0.4355544452529408,0.438370849978607,-0.002816404725666172
2023-03-03,485,0.32681549772115287,0.32422309940868926,0.0025923983124636757
2023-03-06,483,0.5320103335680436,0.5291415589988135,0.002868774569230172
2023-03-07,484,0.32663518760129234,0.3267976277154748,-0.00016244011418248662
2023-03-08,467,0.6716304739919686,0.6734070568132126,-0.0017765828212439607
2023-03-09,486,0.7023019714345878,0.6938245797391984,0.008477391695389523
2023-03-10,488,0.6656812577519381,0.6505102922535246,0.015170965498413496
2023-03-13,462,0.5236902702394035,0.5161854486542866,0.007504821585116853
2023-03-14,488,0.6824568442566212,0.6522587003140251,0.030198143942596206
2023-03-15,475,0.5244883094488548,0.5248243861866769,-0.0003360767378220749
2023-03-16,485,0.580689302134931,0.5438671911404773,0.03682211099445353
2023-03-17,488,0.4708189200052783,0.4852815739507174,-0.014462653945439115
2023-03-20,486,0.5878635255506445,0.5880319555343814,-0.00016842998373687378
2023-03-21,487,0.6669861304962532,0.6424293347112067,0.02455679578504658
2023-03-22,487,0.41736537885536795,0.42723972971305435,-0.009874350857686396
2023-03-23,489,0.442554164702108,0.4495610777078698,-0.007006913005761782
2023-03-24,490,0.35882096078266557,0.36012356643052146,-0.0013026056478559307
2023-03-27,488,0.3163861547600236,0.3124520360670833,0.003934118692940267
2023-03-28,490,0.47920969360116794,0.4678609402337555,0.01134875336741235
2023-03-29,468,0.29273672243195226,0.27728611645479817,0.0154506059771541
2023-03-30,482,0.4697846873659758,0.4832356194326167,-0.01345093206664097
2023-03-31,489,0.38039426783934494,0.37161737167359815,0.008776896165746728
2023-04-03,486,0.4684381760656049,0.46693512245087204,0.0015030536147328198
2023-04-04,482,0.4627058632990419,0.4713190185079693,-0.00861315520892736
2023-04-05,479,0.3136330780764049,0.31130934202781774,0.0023237360485871173
2023-04-06,488,0.3507882229359964,0.3308296867449363,0.019958536191060076
2023-04-10,490,0.316226007579126,0.3049813109161521,0.011244696662973879
2023-04-11,489,0.33571068552358374,0.3190629571119105,0.016647728411673224
2023-04-12,482,0.35089529931317875,0.3450100711097769,0.005885228203401835
2023-04-13,488,0.32578863971454997,0.31181375952175644,0.01397488019279347
2023-04-14,489,0.3664852237518605,0.35285867243668867,0.013626551315171802
2023-04-17,490,0.29032812375170736,0.2758895991917524,0.014438524559954959
2023-04-18,490,0.37614228322703386,0.36347512820463057,0.012667155022403308
2023-04-19,482,0.399427365295276,0.3915781354501607,0.007849229845115331
2023-04-20,489,0.3141966285871217,0.30537862572075286,0.008818002866368855
2023-04-21,489,0.29353167671769864,0.2806157362452943,0.012915940472404283
2023-04-24,485,0.6333876492277554,0.6548933743046665,-0.021505725076911123
2023-04-25,489,0.4813917002386258,0.4810590701622657,0.0003326300763601625
2023-04-26,485,0.6870336385534406,0.6895381340366684,-0.0025044954832279687
2023-04-27,478,0.4383403333604651,0.44776088411305937,-0.009420550752594315
2023-04-28,489,0.35489236976185945,0.3560939105202193,-0.0012015407583598778
2023-05-01,488,0.5968080666377358,0.6013859816733805,-0.004577915035644667
2023-05-02,488,0.476550938752308,0.47824999208916597,-0.0016990533368579854
2023-05-03,481,0.5440168833557275,0.5428502534224001,0.0011666299333273514
2023-05-04,484,0.6142172379480093,0.6057962226934279,0.008421015254581337
2023-05-05,487,0.36113686707866305,0.3616143042249582,-0.00047743714629511414
2023-05-08,483,0.3668981870486049,0.36689987402593144,-1.6869773265205477e-06
2023-05-09,486,0.36509193389313604,0.3670718246203512,-0.0019798907272151516
2023-05-10,475,0.39211073797153856,0.38687052472886785,0.005240213242670742
2023-05-11,476,0.3411293545910982,0.334399923873314,0.0067294307177842095
2023-05-12,487,0.4091336780471389,0.4037701208288707,0.005363557218268213
2023-05-15,484,0.5007708888210046,0.4965852456332986,0.004185643187705988
2023-05-16,483,0.5304384137160053,0.5247709495425815,0.005667464173423842
2023-05-17,476,0.4269584303361018,0.43650175162760896,-0.009543321291507154
2023-05-18,484,0.29328553020442066,0.29080565921542306,0.002479870988997633
2023-05-19,485,0.34480248027388016,0.34062611456370007,0.004176365710180032
2023-05-22,484,0.49247149651059874,0.48857957921503564,0.00389191729556313
2023-05-23,487,0.42811897473218863,0.42729121252568514,0.0008277622065034337
2023-05-24,480,0.5769390373413337,0.5806193544017497,-0.0036803170604160487
2023-05-25,479,0.5236368456581587,0.5260361252410652,-0.002399279582906527
2023-05-26,480,0.36349300696912784,0.36736838358112733,-0.00387537661199943
2023-05-30,471,0.4688625214925383,0.466895573197815,0.001966948294723319
2023-05-31,474,0.46316485055126844,0.47771416363227787,-0.014549313081009497
2023-06-01,486,0.744787301802079,0.7418121440245143,0.002975157777564764
2023-06-02,488,0.3374650023167138,0.3273256231887278,0.01013937912798593
2023-06-05,485,0.42972366259818146,0.4273600981010121,0.002363564497169304
2023-06-06,485,0.5227087627206738,0.5291958356843779,-0.006487072963704096
2023-06-07,474,0.37448403620418697,0.3679945697312185,0.006489466472968434
2023-06-08,487,0.301156445199595,0.28890145540955775,0.012254989790037333
2023-06-09,490,0.4016261247759445,0.4024514459537433,-0.000825321177798884
2023-06-12,483,0.3862513946040425,0.39138766766664235,-0.00513627306259977
2023-06-13,466,0.395142336135823,0.38786473015285505,0.007277605982967931
2023-06-14,476,0.4362960910842823,0.4449277583508234,-0.008631667266541064
2023-06-15,485,0.30828444406992167,0.29565471076610766,0.012629733303813971
2023-06-16,487,0.3963611003725787,0.39072686031072845,0.005634240061850282
2023-06-20,487,0.33557813725033264,0.32969935353958363,0.005878783710749055
2023-06-21,486,0.33609449710948586,0.3307090900053817,0.005385407104104143
2023-06-22,487,0.3534980596750373,0.35063168148330326,0.0028663781917339956
2023-06-23,489,0.37330937698760996,0.3719748753902248,0.0013345015973851586
2023-06-26,490,0.48713543111656404,0.49661900517891544,-0.009483574062351363
2023-06-27,490,0.3374904863815629,0.3314112095525102,0.006079276829052745
2023-06-28,469,0.34653931348269246,0.34731466585753235,-0.0007753523748398981
2023-06-29,481,0.3322317952714216,0.32849730322640064,0.003734492045020962
2023-06-30,485,0.3174141808318016,0.3079861379390154,0.009428042892786181
2023-07-03,487,0.33381235023868366,0.3239039517889906,0.009908398449693087
2023-07-05,481,0.342180255901073,0.33321090259333797,0.008969353307735003
2023-07-06,481,0.35848214732496986,0.3491573805730911,0.009324766751878745
2023-07-07,487,0.41913954992280805,0.4265257831723939,-0.0073862332495858675
2023-07-10,489,0.41426755915629826,0.42117205250231815,-0.006904493346019933
2023-07-11,488,0.35622595463935,0.3527954666226302,0.0034304880167197183
2023-07-12,485,0.3738314378474788,0.3745441261168527,-0.0007126882693739113
2023-07-13,486,0.3876358040306123,0.3818641114901278,0.005771692540484561
2023-07-14,490,0.3647859903586391,0.3616368061359118,0.0031491842227273073
2023-07-17,490,0.37081721986068794,0.3730293461623976,-0.0022121263017096772
2023-07-18,488,0.41273860355206404,0.41121744520958936,0.0015211583424746759
2023-07-19,482,0.5214591140566982,0.5202739168172912,0.00118519723940695
2023-07-20,490,0.31554242990010983,0.30776733841651005,0.007775091483599815
2023-07-21,488,0.2893665030557018,0.28336089354839855,0.006005609507303189
2023-07-24,488,0.36710457542595154,0.3583047338160357,0.008799841609915834
2023-07-25,487,0.3912567599256493,0.38366623101528674,0.0075905289103625545
2023-07-26,487,0.5915512861901877,0.58648852977893,0.005062756411257766
2023-07-27,480,0.4128651615080166,0.41364304188282197,-0.0007778803748053449
2023-07-28,482,0.322012592047713,0.31636304192636,0.005649550121352947
2023-07-31,489,0.3850435081161402,0.379832441841216,0.005211066274924211
2023-08-01,489,0.5282623446045269,0.536510958929136,-0.00824861432460912
2023-08-02,485,0.48293461319173925,0.4746609924801648,0.008273620711574456
2023-08-03,482,0.46906322768339154,0.4681651579558515,0.0008980697275400461
2023-08-04,484,0.3836907944359881,0.38596527382154183,-0.002274479385553762
2023-08-07,486,0.41774479427060324,0.41542241743610714,0.002322376834496132
2023-08-08,482,0.3817813216545415,0.3967529534266422,-0.014971631772100726
2023-08-09,478,0.3200576355033353,0.3227254462213757,-0.0026678107180403907
2023-08-10,483,0.3048128821713325,0.3081299035673628,-0.003317021396030346
2023-08-11,480,0.3153753536506044,0.3087784492385095,0.00659690441209491
2023-08-14,483,0.43944929625992885,0.43822603890302614,0.0012232573569027213
2023-08-15,481,0.3769497719210616,0.3848707238341978,-0.007920951913136192
2023-08-16,475,0.4129311207999343,0.41849509096660875,-0.005563970166674407
2023-08-17,483,0.2785182412738589,0.28562153285074093,-0.007103291576882023
2023-08-18,487,0.32053719304564404,0.3246939588621692,-0.0041567658165251155
2023-08-21,485,0.31333747443602067,0.31340857123203636,-7.109679601565896e-05
2023-08-22,487,0.37137009544890404,0.3665377043668829,0.004832391082021174
2023-08-23,485,0.40117727327243363,0.39815380281272245,0.003023470459711211
2023-08-24,483,0.3033901419756701,0.3058398718107034,-0.002449729835033245
2023-08-25,487,0.29652666947000317,0.296559919466595,-3.3249996591792346e-05
2023-08-28,487,0.40300738478350084,0.39922872670964094,0.0037786580738599167
2023-08-29,476,0.2677169294277349,0.2647327941230357,0.0029841353046991615
2023-08-30,462,0.3485829617320012,0.3381710272333428,0.010411934498658423
2023-08-31,483,0.3709994673538785,0.3683941310519915,0.0026053363018870438
2023-09-01,482,0.486582230632291,0.4774874623168645,0.009094768315426462
2023-09-05,484,0.3070139922689173,0.3088386220283184,-0.0018246297594011925
2023-09-06,473,0.39372314646476786,0.39003168742384287,0.0036914590409249833
2023-09-07,487,0.3196661854347648,0.32237464084392675,-0.002708455409161946
2023-09-08,490,0.3124948715701366,0.31526647123189255,-0.0027715996617559357
2023-09-11,483,0.3842319251260808,0.3837618822791121,0.0004700428469686524
2023-09-12,487,0.34575375271892783,0.34519805422523175,0.0005556984936960836
2023-09-13,462,0.40656668069493784,0.4066707432931297,-0.00010406259819182892
2023-09-14,484,0.3687894379011658,0.3680381154425466,0.0007513224586192185
2023-09-15,486,0.2957502220720532,0.3039432607136461,-0.008193038641592872
2023-09-18,489,0.2752487751517249,0.27575499198178427,-0.0005062168300593821
2023-09-19,487,0.3153345779318772,0.31783347404490203,-0.0024988961130248373
2023-09-20,486,0.6100370175700061,0.6007270836378686,0.009309933932137483
2023-09-21,486,0.29358131094455503,0.3046913535511542,-0.011110042606599138
2023-09-22,487,0.2681637195675036,0.2738229072389868,-0.005659187671483138
2023-09-25,488,0.502944980022537,0.49845025105020063,0.004494728972336355
2023-09-26,489,0.34629596218238823,0.344457442015252,0.0018385201671361844
2023-09-27,468,0.4091691762483917,0.4031571449498431,0.006012031298548618
2023-09-28,483,0.31227395505682637,0.31436328099837685,-0.0020893259415504725
2023-09-29,487,0.4812236532017702,0.4605487095192374,0.02067494368253284
2023-10-02,488,0.5061992844101435,0.5018997486413068,0.004299535768836623
2023-10-03,488,0.38938784501135265,0.3933293294075315,-0.0039414843961788565
2023-10-04,476,0.3501395711137637,0.35224070100488825,-0.0021011298911245936
2023-10-05,482,0.4123817914568525,0.4103286926987939,0.002053098758058573
2023-10-06,490,0.41839897958594197,0.41840818727831186,-9.207692369942722e-06
2023-10-09,489,0.32969032294737155,0.32454108581895996,0.00514923712841156
2023-10-10,485,0.40176323443716644,0.40271545006934534,-0.0009522156321788687
2023-10-11,485,0.5160822653310443,0.5099321949537238,0.006150070377320508
2023-10-12,488,0.42006882089774256,0.4272360590874029,-0.0071672381896602825
2023-10-13,488,0.4105840446542938,0.4097948903910299,0.0007891542632639464
2023-10-16,490,0.3036833672294909,0.30584568083176106,-0.0021623136022701837
2023-10-17,490,0.6405683768572943,0.6247140812007457,0.0158542956565486
2023-10-18,484,0.49224345931480984,0.48896544096741573,0.0032780183473940724
2023-10-19,487,0.438619395804038,0.44094380511771974,-0.0023244093136816687
2023-10-20,489,0.3367292146775932,0.3429342930853702,-0.006205078407777028
2023-10-23,488,0.43718959796652546,0.439680991145239,-0.0024913931787135363
2023-10-24,489,0.5832497746500354,0.5764950145350829,0.006754760114952366
2023-10-25,487,0.5579815217398135,0.5576345554407,0.0003469662991135372
2023-10-26,489,0.5673258697658178,0.5580625424926074,0.00926332727321031
2023-10-27,483,0.45881479217144766,0.45998774860922476,-0.001172956437777131
2023-10-30,477,0.40853111489523813,0.4150078060990773,-0.006476691203839151
2023-10-31,490,0.4852080930308254,0.48792728223467563,-0.002719189203850268
2023-11-01,485,0.8847802361075725,0.8576602143707265,0.027120021736846023
2023-11-02,486,0.6829007797523865,0.6837602705922706,-0.0008594908398840637
2023-11-03,485,0.38367389488963766,0.37396532860772025,0.00970856628191742
2023-11-06,486,0.38360573517058755,0.3838596516753971,-0.00025391650480952597
2023-11-07,485,0.3706410697772366,0.36627296289126204,0.0043681068859745716
2023-11-08,476,0.4383031816695117,0.4354642260798992,0.0028389555896125647
2023-11-09,482,0.452724818514739,0.4605939673422196,-0.007869148827480505
2023-11-10,484,0.3079081588198093,0.30638125132023564,0.0015269074995736187
2023-11-13,473,1.0511866781147927,1.0679329607006705,-0.016746282585877723
2023-11-14,483,0.3722587770488512,0.3773841233089192,-0.0051253462600680645
2023-11-15,470,0.37849768275788753,0.3745929902701901,0.003904692487697358
2023-11-16,485,0.3043529395455455,0.2968992834609566,0.007453656084588878
2023-11-17,482,0.28658080584104934,0.2801192533535881,0.0064615524874611875
2023-11-20,485,0.3230098309085735,0.31396637749267486,0.009043453415898612
2023-11-21,481,0.2621236668310812,0.24623024373163752,0.015893423099443648
2023-11-22,484,0.22418012966784853,0.2015496658541688,0.022630463813679735
2023-11-24,487,0.27312489877793655,0.24970691142453857,0.023417987353398017
2023-11-27,489,0.3044044279164191,0.288042320729922,0.016362107186497075
2023-11-28,478,0.40975139070083616,0.40381283994569234,0.005938550755143878
2023-11-29,456,0.3561088878398524,0.3537595504578261,0.0023493373820263285
2023-11-30,486,0.5456880022698251,0.5617141060973165,-0.016026103827491547
2023-12-01,489,0.3475323953926735,0.34466880220835117,0.002863593184322299
2023-12-04,482,0.36921862916942877,0.35866284335515136,0.010555785814277411
2023-12-05,486,0.3613041141255165,0.35887020334773023,0.002433910777786279
2023-12-06,472,0.3302772331277782,0.32923507457723605,0.0010421585505421484
2023-12-07,487,0.3229902370870678,0.3191918165505626,0.003798420536505238
2023-12-08,489,0.3961186698487756,0.3944064109570245,0.0017122588917510698
2023-12-11,484,0.3326686869720568,0.32306209438741984,0.00960659258463698
2023-12-12,486,0.7201527267256972,0.7584239579432172,-0.038271231217519845
2023-12-13,464,0.9196946691792698,0.9261501729375194,-0.006455503758249628
2023-12-14,482,0.36527089488309183,0.35780188278990444,0.00746901209318748
2023-12-15,485,0.31075916372445456,0.31934744588812125,-0.008588282163666671
2023-12-18,488,0.33290829930228133,0.33132571331426336,0.0015825859880179668
2023-12-19,485,0.5106971289222204,0.5172216008545063,-0.0065244719322859555
2023-12-20,490,0.3919114987687006,0.3940042467491574,-0.00209274798045688
2023-12-21,491,0.2641411864065532,0.24382515188668394,0.02031603451986925
2023-12-22,489,0.2596774810293804,0.2380836763771759,0.021593804652204424
2023-12-26,485,0.2265158875671816,0.19142644379992663,0.03508944376725496
2023-12-27,471,0.2273015645052284,0.19130285730771582,0.035998707197512546
2023-12-28,478,0.23819478383486603,0.2039417854659483,0.03425299836891772
2023-12-29,489,0.506635217089429,0.5268337789644904,-0.020198561875061288
2024-01-02,489,0.5173363856178375,0.5246201194309772,-0.007283733813139815
2024-01-03,483,0.2903155173590255,0.2858099718546922,0.004505545504333331
2024-01-04,490,0.2766152550438216,0.2741835131803126,0.0024317418635089877
2024-01-05,488,0.4379273702038753,0.43786937228914136,5.799791473392741e-05
2024-01-08,485,0.33742032741755407,0.32806177046010065,0.009358556957453402
2024-01-09,490,0.3363956184755085,0.3279979642760243,0.008397654199484217
2024-01-10,487,0.32269058798054656,0.3162764630864611,0.0064141248940854535
2024-01-11,486,0.33831159271689915,0.33515217415812526,0.003159418558773841
2024-01-12,489,0.38707023003525515,0.3863855950352299,0.0006846350000252438
2024-01-16,490,0.3270802589976009,0.3290404550047901,-0.001960196007189206
2024-01-17,484,0.37965416922501066,0.3814634360247075,-0.0018092667996968458
2024-01-18,486,0.4431667814272696,0.4446234228915143,-0.0014566414642447037
2024-01-19,490,0.3600726483489917,0.36399960987848684,-0.003926961529495147
2024-01-22,488,0.3537808940171834,0.3495801785943997,0.004200715422783697
2024-01-23,490,0.4158711125630291,0.41286370633815384,0.003007406224875272
2024-01-24,490,0.47031012892019686,0.4680623747124849,0.002247754207711859
2024-01-25,491,0.3174000105285415,0.31843767650598137,-0.001037665977439824
2024-01-26,490,0.33077808224996313,0.32837344281420083,0.0024046394357622727
2024-01-29,483,0.3682209690063389,0.3661810303371491,0.0020399386691897954
2024-01-30,482,0.5206672901378999,0.5261897073484347,-0.005522417210534832
2024-01-31,487,0.5628443548553936,0.557504993519893,0.005339361335500541
2024-02-01,486,0.44353403959927196,0.4494551046053377,-0.005921065006065764
2024-02-02,488,0.4476802713644425,0.4486145831444551,-0.0009343117800126584
2024-02-05,488,0.4376274313327385,0.4363745458543459,0.0012528854783926283
2024-02-06,487,0.40276700510488206,0.4039701389628671,-0.001203133857985037
2024-02-07,479,0.480210854074289,0.47917748637962554,0.001033367694663478
2024-02-08,486,0.3794491181252785,0.37637639886773355,0.0030727192575449504
2024-02-09,489,0.36237924963988977,0.36551710891570194,-0.0031378592758121893
2024-02-12,486,0.6016141499836765,0.5961876150217903,0.005426534961886101
2024-02-13,481,0.4794340403253573,0.4841714505391076,-0.0047374102137502936
2024-02-14,472,0.5365186692235784,0.5310082884623456,0.005510380761232779
2024-02-15,478,0.37782451440849707,0.3778069557069103,1.7558701586779355e-05
2024-02-16,483,0.32811279216216777,0.3233431454975123,0.004769646664655504
2024-02-20,486,0.3744828656738471,0.3727558589164091,0.001727006757437979
2024-02-21,479,0.5627604723013734,0.5629463679817559,-0.00018589568038253928
2024-02-22,484,0.35506178834138646,0.3540238116081563,0.0010379767332301636
2024-02-23,486,0.3726530539282722,0.370016983665688,0.0026360702625841392
2024-02-26,489,0.3643397351060662,0.3586950837549826,0.0056446513510836835
2024-02-27,480,0.32488439688592996,0.31583444251182147,0.009049954374108455
2024-02-28,468,0.36087243088724935,0.3586269511842273,0.0022454797030219925
2024-02-29,482,0.4556822209669725,0.45950671819977174,-0.0038244972327993267
2024-03-01,487,0.4244825764646173,0.4283830958121689,-0.0039005193475516076
2024-03-04,483,0.4396923044206195,0.43761466800910626,0.0020776364115131984
2024-03-05,485,0.37297167983896773,0.3712863758738006,0.0016853039651671402
2024-03-06,467,0.3930833475505987,0.39065277241096075,0.0024305751396379994
2024-03-07,484,0.339984813699194,0.3365498431005681,0.0034349705986258367
2024-03-08,490,0.3739187220917314,0.37329293559562626,0.000625786496105116
2024-03-11,483,0.3517830028947904,0.34457508235535717,0.007207920539433308
2024-03-12,486,0.3655845212588172,0.36310530315746725,0.0024792181013498986
2024-03-13,457,0.40005566634627826,0.40395350656655094,-0.0038978402202727055
2024-03-14,488,0.35102314905170284,0.35182691024646706,-0.0008037611947642507
2024-03-15,486,0.28380798300495796,0.2876846845093436,-0.0038767015043855877
2024-03-18,490,0.3036611317679958,0.30070513259216364,0.002955999175832103
2024-03-19,484,0.3994545685562702,0.40346738679061,-0.004012818234339792
2024-03-20,489,0.40038655770409315,0.40046822037478463,-8.166267069153053e-05
2024-03-21,488,0.3233260989107527,0.3132609532681516,0.010065145642601112
2024-03-22,491,0.3064378900068133,0.3048452748344719,0.001592615172341486
2024-03-25,491,0.2970279559862455,0.2899206234054551,0.0071073325807903725
2024-03-26,465,0.5287306553708448,0.5296775414208307,-0.0009468860499857408
2024-03-27,483,0.25939203150915213,0.25156197463596996,0.007830056873182143
2024-03-28,488,0.36267539982875807,0.36056566398208145,0.002109735846676611
2024-04-01,489,0.39682764224719375,0.4011600154523148,-0.0043323732051210595
2024-04-02,488,0.3447254307257177,0.34035743984923666,0.004367990876481024
2024-04-03,484,0.41736617670418935,0.4204746792628273,-0.0031085025586378872
2024-04-04,489,0.3406258092984216,0.33816752938788297,0.0024582799105386318
2024-04-05,487,0.3022401839177304,0.2929409263118618,0.009299257605868626
2024-04-08,484,0.3642147762048811,0.36265096519133844,0.001563811013542582
2024-04-09,490,0.6047485278505034,0.6171400044496754,-0.012391476599172006
2024-04-10,487,0.37118970631580317,0.36751027882414156,0.00367942749166161
2024-04-11,484,0.5397793858005386,0.5433969289358076,-0.0036175431352689093
2024-04-12,489,0.3762308331913264,0.38186552183183126,-0.0056346886405048875
2024-04-15,491,0.3398463921194287,0.34458557466631806,-0.00473918254688942
2024-04-16,491,0.37662451297952027,0.37819367845384144,-0.001569165474321165
2024-04-17,485,0.3365755061007187,0.3371729538552282,-0.000597447754509564
2024-04-18,487,0.44731226679617275,0.45853128237192076,-0.01121901557574803
2024-04-19,490,0.32683991601153595,0.3270021128809462,-0.00016219686941030558
2024-04-22,487,0.455803745620976,0.4456627730431427,0.010140972577833295
2024-04-23,490,0.3872357161083476,0.3802482780361572,0.00698743807219044
2024-04-24,489,0.43875530523801604,0.4378181630983804,0.0009371421396355768
2024-04-25,490,0.4211194076295176,0.4168954924314042,0.004223915198113374
2024-04-26,485,0.3534631853659173,0.353084548966935,0.000378636398982379
2024-04-29,482,0.5921120990228201,0.5909148508092208,0.001197248213599361
2024-04-30,489,0.5355054729179345,0.5344286938059607,0.0010767791119738138
2024-05-01,488,0.5296018178435042,0.5311410679937334,-0.001539250150229051
2024-05-02,484,0.4081779174212217,0.4089552933428414,-0.0007773759216197799
2024-05-03,487,0.3957378591304122,0.4010525605497572,-0.005314701419344939
2024-05-06,487,0.36788672003199274,0.36309301519774995,0.0047937048342427705
2024-05-07,491,0.3196773337764092,0.31631302104848164,0.0033643127279276257
2024-05-08,478,0.41432071846685004,0.4115481884977326,0.0027725299691174292
2024-05-09,481,0.32728706734739,0.31873855273061036,0.008548514616779643
2024-05-10,488,0.30729059514694795,0.29780359065842127,0.009487004488526744
2024-05-13,480,0.3083871218293129,0.3043208144646548,0.004066307364658117
2024-05-14,483,0.43385520031791713,0.44559019395729893,-0.011734993639381816
2024-05-15,475,0.36480219910265915,0.3594962380402855,0.005305961062373627
2024-05-16,484,0.27156249842271907,0.26238127114977344,0.009181227272945645
2024-05-17,488,0.34153279724086005,0.34047626547720283,0.001056531763657184
2024-05-20,487,0.30783541685935306,0.3020858141043597,0.00574960275499335
2024-05-21,490,0.4068280944040652,0.40541838182499834,0.0014097125790668388
2024-05-22,480,0.5193095885764616,0.5299552810700129,-0.01064569249355125
2024-05-23,484,0.3763136155254235,0.37875614392565016,-0.0024425284002266958
2024-05-24,492,0.4278394543410043,0.4306325963689003,-0.0027931420278959587
2024-05-28,488,0.40695478450012057,0.40629977447137633,0.000655010028744255
2024-05-29,487,0.46529551620255616,0.46397423885967176,0.0013212773428844297
2024-05-30,473,0.5734392969233224,0.5601949277233027,0.013244369200019606
2024-05-31,476,0.4233236452477175,0.4263902017084755,-0.003066556460758078
2024-06-03,485,0.3512911287597822,0.3526080504752978,-0.0013169217155156246
2024-06-04,488,0.42095224919113394,0.4194238928941322,0.0015283562970017988
2024-06-05,489,0.3208638824699,0.3180658378701446,0.0027980445997554
2024-06-06,473,0.29450852203321126,0.2949062824894869,-0.00039776045627565505
2024-06-07,481,0.36926787962562874,0.3644697795456487,0.004798100079980035
2024-06-10,490,0.32411465029083525,0.3251230842482215,-0.0010084339573862822
2024-06-11,486,0.4626883271709785,0.46286959389545446,-0.00018126672447591846
2024-06-12,490,0.3408714584100511,0.34513819801773377,-0.004266739607682653
2024-06-13,462,0.3747344792102824,0.3796030953519255,-0.004868616141643129
2024-06-14,483,0.3976187630350658,0.3970661230959985,0.0005526399390673647
2024-06-17,483,0.3216057257132215,0.3223346597964015,-0.0007289340831800512
2024-06-18,490,0.392418053053937,0.38500293495732263,0.007415118096614375
2024-06-20,488,0.2786619299053241,0.2790071069780715,-0.00034517707274742083
2024-06-21,488,0.4026988127011633,0.40124545847446547,0.0014533542266978578
2024-06-24,492,0.40240186626362684,0.40150435168070003,0.0008975145829268008
2024-06-25,490,0.3305008807910676,0.32824254563356675,0.0022583351575008416
2024-06-26,490,0.304902857966487,0.30142434591476985,0.0034785120517171315
2024-06-27,469,0.37044907289703943,0.3689091433377387,0.0015399295593007244
2024-06-28,483,0.3855813502383901,0.3826711442187585,0.0029102060196316455
2024-07-01,490,0.29088090487458024,0.2889906108093926,0.0018902940651876379
2024-07-02,490,0.2826363235968597,0.2752154152555949,0.007420908341264745
2024-07-03,483,0.30827825181533813,0.3067344628506221,0.0015437889647160294
2024-07-05,486,0.3166895063308968,0.3105636228212099,0.006125883509686821
2024-07-08,487,0.30849721754873005,0.3030297232415439,0.00546749430718616
2024-07-09,486,0.35693797280901596,0.3558904786046189,0.0010474942043970934
2024-07-10,488,0.5947779069466608,0.6049227916757026,-0.010144884729041825
2024-07-11,490,0.3504108867800107,0.34662832554104045,0.003782561238970237
2024-07-12,484,0.4341074373968744,0.43666678664986447,-0.0025593492529900385
2024-07-15,492,0.634288202888304,0.6443283427911801,-0.010040139902876033
2024-07-16,491,0.6726195339287463,0.6863392160345695,-0.01371968210582334
2024-07-17,491,0.4405021364756988,0.4419364414680697,-0.0014343049923708775
2024-07-18,486,0.3930946752728868,0.39600190511637845,-0.002907229843491707
2024-07-19,488,0.4351692777493051,0.42638158170802803,0.008787696041277054
2024-07-22,491,0.40538353156566426,0.4005175570835094,0.004865974482154857
2024-07-23,491,0.7231121179134167,0.7395601762484094,-0.016448058334992806
2024-07-24,491,0.6408099593576243,0.6371859048292472,0.0036240545283771175
2024-07-25,488,0.6192816514400777,0.6135104217948805,0.005771229645197155
2024-07-26,491,0.3148083568063017,0.31570676979332435,-0.0008984129870226183
2024-07-29,491,0.4986599835482035,0.5071061555066945,-0.008446171958490949
2024-07-30,483,0.538517084651612,0.5065012627902074,0.032015821861404524
2024-07-31,483,0.859343095897834,0.8365226175057499,0.02282047839208417
2024-08-01,488,0.9461581539979536,0.8977416730455337,0.048416480952419814
2024-08-02,487,0.8382310387517603,0.7995375982464721,0.038693440505288286
2024-08-05,489,0.5181333745686717,0.5340586053229884,-0.015925230754316764
2024-08-06,487,0.4904176640718213,0.4973776049775797,-0.006959940905758363
2024-08-07,491,0.7465021699406788,0.6738778963009585,0.0726242736397203
2024-08-08,484,0.3257189025799552,0.33473189110427387,-0.009012988524318654
2024-08-09,480,0.34556693597179156,0.34357573364893124,0.0019912023228603306
2024-08-12,490,0.47747147960234937,0.4701295594590404,0.007341920143308939
2024-08-13,485,0.30689770037254677,0.3056444265725411,0.0012532738000056512
2024-08-14,473,0.5532075852582569,0.5456422016822015,0.007565383576055449
2024-08-15,476,0.2744333600104991,0.26509841871512846,0.009334941295370642
2024-08-16,484,0.30532977856713295,0.2939439214895727,0.011385857077560202
2024-08-19,487,0.3088016188487515,0.29330550261735094,0.015496116231400518
2024-08-20,485,0.33999888024906677,0.32682338242426795,0.01317549782479881
2024-08-21,489,0.3031163058473791,0.28839908463430974,0.014717221213069277
2024-08-22,487,0.4679800205860947,0.4689670598853099,-0.0009870392992151222
2024-08-23,487,0.2743626961987448,0.26030126790509595,0.014061428293648886
2024-08-26,487,0.29027775753400326,0.279089131239037,0.011188626294966277
2024-08-27,491,0.30889798727222195,0.2978819884140333,0.011015998858188672
2024-08-28,489,0.3664301526721861,0.35832153836079866,0.008108614311387449
2024-08-29,469,0.3228105457428212,0.31448780871347365,0.008322737029347518
2024-08-30,474,0.7350496595799982,0.7747376397515193,-0.03968798017152106
2024-09-03,483,0.34346217913622573,0.34542684891163866,-0.0019646697754128607
2024-09-04,485,0.3827349921644637,0.3808169524184955,0.0019180397459681842
2024-09-05,478,0.4713853574803947,0.48288222163931815,-0.011496864158923483
2024-09-06,484,0.4095239027881768,0.40363237445608136,0.005891528332095413
2024-09-09,486,0.36754936510618064,0.36755473575390885,-5.37064772819538e-06
2024-09-10,488,0.42770530586373184,0.4231191259688669,0.004586179894864881
2024-09-11,487,0.3480936063681962,0.3521233987571171,-0.004029792388920915
2024-09-12,469,0.38324652317211677,0.3820802962890141,0.001166226883102703
2024-09-13,476,0.34134365504948,0.335000638906738,0.00634301614274195
2024-09-16,484,0.35210738971468175,0.3429701366127142,0.009137253101967533
2024-09-17,490,0.28403581887206975,0.2727185306680591,0.011317288204010591
2024-09-18,489,0.5416479946717051,0.5402651295586531,0.0013828651130520417
2024-09-19,487,0.3926692788062754,0.38687858007183445,0.005790698734440937
2024-09-20,489,0.3129220023653688,0.31255533539147556,0.0003666669738931876
2024-09-23,491,0.33952720199822134,0.3277856556561631,0.01174154634205824
2024-09-24,491,0.34864638078458227,0.3440506422534583,0.004595738531123951
2024-09-25,488,0.542533710344816,0.5431750941524882,-0.0006413838076721779
2024-09-26,486,0.33213501844754634,0.3248985091855112,0.007236509262035168
2024-09-27,472,0.2867885595550009,0.27533440103467727,0.011454158520323637
2024-09-30,482,0.41225560500881775,0.4113542819467528,0.0009013230620649639
2024-10-01,489,0.3236068267545088,0.3159692486946856,0.007637578059823199
2024-10-02,490,0.3473483618316658,0.34129249076634405,0.006055871065321688
2024-10-03,483,0.38456314266474995,0.3797570104826162,0.00480613218213381
2024-10-04,489,0.4232648113590558,0.4137971025592501,0.009467708799805668
2024-10-07,491,0.38039131041960833,0.3790630039270618,0.001328306492546493
2024-10-08,490,0.3419085869569484,0.33595037838915853,0.005958208567789875
2024-10-09,484,0.3090579928032943,0.2986934524487293,0.010364540354565018
2024-10-10,490,0.3928104392662382,0.38727926856896255,0.0055311706972756836
2024-10-11,493,0.31757163062735083,0.30509043618718307,0.012481194440167724
2024-10-14,487,0.4394646858223974,0.4492461402951497,-0.009781454472752301
2024-10-15,492,0.37108545704946844,0.36442042562425053,0.006665031425217894
2024-10-16,492,0.3673036305568425,0.3572216327743045,0.010081997782537969
2024-10-17,487,0.31020065948167785,0.2977946894162926,0.012405970065385219
2024-10-18,490,0.3667938914529082,0.3600314170686899,0.006762474384218266
2024-10-21,491,0.3897463116602416,0.38265177888165897,0.007094532778582634
2024-10-22,491,0.3602491619498053,0.3564167796106385,0.0038323823391668093
2024-10-23,493,0.455331414838729,0.44134984897022983,0.013981565868499158
2024-10-24,490,0.42788699324694823,0.4182074496946356,0.009679543552312635
2024-10-25,492,0.32648142745339614,0.3206743070546328,0.005807120398763335
2024-10-28,493,0.44184381795017824,0.43752501082423323,0.0043188071259449776
2024-10-29,492,0.44934146434037425,0.44974272680823746,-0.0004012624678631825
2024-10-30,485,0.7136221100072062,0.7147702767900024,-0.0011481667827961388
2024-10-31,485,0.43685302432215944,0.43824466050981575,-0.001391636187656281
2024-11-01,484,0.342908619906341,0.3480684422539318,-0.005159822347590816
2024-11-04,490,0.4855622456897991,0.482618277099487,0.0029439685903120644
2024-11-05,491,1.4973433786330244,1.5000267734473194,-0.002683394814295108
2024-11-06,489,0.5718971112189104,0.5616715992832436,0.010225511935666813
2024-11-07,479,0.5630705897594058,0.5603400934310371,0.002730496328368709
2024-11-08,493,0.4975332511935009,0.5067871340922357,-0.009253882898734878
2024-11-11,487,0.3963616247943613,0.3962987585079864,6.286628637491104e-05
2024-11-12,483,0.34158094955971496,0.34159685574785414,-1.590618813917338e-05
2024-11-13,483,0.45891151568789945,0.4558664965091132,0.0030450191787862128
2024-11-14,470,0.5490191256086817,0.5482846647607544,0.0007344608479271905
2024-11-15,480,0.36488851988255633,0.3631689760579049,0.0017195438246513969
2024-11-18,490,0.40102640489398494,0.39381982353136263,0.007206581362622369
2024-11-19,488,0.3502448417920033,0.34597001335169636,0.004274828440306937
2024-11-20,485,0.4665709604142157,0.46367043877211495,0.0029005216421007307
2024-11-21,485,0.39422878748983564,0.390961780681606,0.0032670068082296926
2024-11-22,489,0.4925060719901404,0.4909707708204908,0.0015353011696496806
2024-11-25,489,0.3784259600990802,0.37467242021890174,0.0037535398801784464
2024-11-26,488,0.3221354667322697,0.3132891609181994,0.008846305814070296
2024-11-27,474,0.25486593760568843,0.23612801410363954,0.01873792350204891
2024-11-29,474,0.40726054070091033,0.4052969539100878,0.001963586790822461
2024-12-02,488,0.33595954856382365,0.3299896355509666,0.005969913012857074
2024-12-03,487,0.4297348450223425,0.4309090927595996,-0.001174247737257093
2024-12-04,485,0.3789805834154832,0.3764246614186594,0.0025559219968238
2024-12-05,477,0.3747805485185047,0.3713104625998007,0.0034700859187039293
2024-12-06,482,0.5498812569810257,0.5592832370746618,-0.009401980093635983
2024-12-09,488,0.41267558851061437,0.4173503514167204,-0.004674762906106008
2024-12-10,490,0.3981912333899633,0.39569674685224643,0.0024944865377169003
2024-12-11,493,0.3605062699810798,0.36140264483117146,-0.0008963748500917091
2024-12-12,471,0.3395571135656427,0.33904691473852966,0.0005101988271130651
2024-12-13,479,0.3884490031343967,0.39021798361066246,-0.0017689804762657392
2024-12-16,486,0.36287042801187214,0.36663211266690987,-0.0037616846550377297
2024-12-17,489,1.0520919594287357,1.0545317677563892,-0.002439808327653434
2024-12-18,492,0.39239095361915527,0.4123580375188792,-0.019967083899723966
2024-12-19,484,0.44626393199482506,0.4371213955206647,0.00914253647416036
2024-12-20,491,0.269448314495339,0.2971811995097054,-0.027732885014366326
2024-12-23,493,0.27204180660086785,0.2625549785723996,0.009486828028468303
2024-12-24,489,0.21488448727526982,0.19111242164890327,0.02377206562636654
2024-12-26,486,0.2786516164943489,0.2673449899383208,0.011306626556028111
2024-12-27,489,0.3342173940561074,0.3332648429014848,0.0009525511546226683
2024-12-30,474,0.23201762826332326,0.22300083478254473,0.00901679348077852
2024-12-31,482,0.33500383652840415,0.3254700580592771,0.00953377846912703
2025-01-02,486,0.39848185602996355,0.38841854352936284,0.010063312500600725
2025-01-03,490,0.45738966548585536,0.45197401240997287,0.00541565307588249
2025-01-06,490,0.36403994788373734,0.3667912684429615,-0.0027513205592241494
2025-01-07,492,0.35837431240866113,0.35475221501425375,0.003622097394407363
2025-01-08,483,0.6802719380945508,0.6727941649394635,0.0074777731550872435
2025-01-10,492,0.4711388584280564,0.46276653567602627,0.008372322752030117
2025-01-13,491,0.3980373608056659,0.39214653748533906,0.005890823320326774
2025-01-14,488,0.4729162686623337,0.46883481511945735,0.004081453542876379
2025-01-15,491,0.42643377207666505,0.42380238396047665,0.0026313881161883993
2025-01-16,488,0.3374026912449403,0.33410631531368173,0.0032963759312585324
2025-01-17,489,0.5161381154492961,0.51821226645692,-0.0020741510076237547
2025-01-21,490,0.4748112497160014,0.4681010496458211,0.006710200070180295
2025-01-22,492,0.34495532862380257,0.3393354656277104,0.005619862996092174
2025-01-23,490,0.3249608850065773,0.3131561970431669,0.011804687963410422
2025-01-24,492,1.0418395270270318,1.0627287447485014,-0.02088921772146959
2025-01-27,493,0.5344416726796417,0.5233567195316848,0.011084953147956775
2025-01-28,491,0.3839710720934353,0.38885725836004004,-0.004886186266604765
2025-01-29,491,0.5612932530375411,0.5600128827588602,0.0012803702786808899
2025-01-30,485,0.40363053495241447,0.4025007024631304,0.0011298324892840476
2025-01-31,482,0.44012092323966373,0.4381594902190656,0.0019614330205981086
2025-02-03,492,0.45086253318781244,0.45136821317475145,-0.0005056799869389624
2025-02-04,491,0.44364581890757115,0.44131081940976363,0.0023349994978075295
2025-02-05,493,0.5286533460012808,0.5221559445731675,0.006497401428113258
2025-02-06,481,0.4031040250229681,0.4014776843401349,0.0016263406828331598
2025-02-07,485,0.43509608391515725,0.4348390549522603,0.00025702896289706516
2025-02-10,491,0.38354280784679234,0.3836565727966066,-0.00011376494981426598
2025-02-11,488,0.46379111825784264,0.4638976237707307,-0.00010650551288805215
2025-02-12,491,0.5697267743176393,0.5639317282225353,0.00579504609510398
2025-02-13,465,0.46874468375503786,0.465179579480393,0.003565104274644852
2025-02-14,479,0.43148985034786136,0.4291352943493248,0.002354555998536655
2025-02-18,490,0.4207849353588835,0.4176800835222332,0.003104851836650306
2025-02-19,488,0.44357229451855285,0.44379221956863174,-0.00021992505007889106
2025-02-20,483,0.6969347517834252,0.7052177721298902,-0.008283020346464979
2025-02-21,484,0.37745126184161565,0.39775848373664163,-0.020307221895026033
2025-02-24,488,0.46610744106184393,0.48019193176132696,-0.014084490699483036
2025-02-25,488,0.47210753933983246,0.46412044026914984,0.007987099070682664
2025-02-26,489,0.5526879221768134,0.5665286006825725,-0.013840678505759131
2025-02-27,475,0.48021664748638293,0.4776191837671727,0.0025974637192101874
2025-02-28,475,0.6309860082864606,0.639588709213229,-0.008602700926768517
2025-03-03,488,0.680544778600458,0.6717673338372608,0.008777444763197147
2025-03-04,485,0.4837681224409155,0.4834171209878202,0.0003510014530952906
2025-03-05,487,0.7122900495339538,0.7149625891209958,-0.002672539587041818
2025-03-06,476,0.5479229669287786,0.5539647503063433,-0.006041783377564743
2025-03-07,473,0.8610300690557727,0.8184351167877039,0.04259495226806878
2025-03-10,489,0.7134528080573714,0.6946259209741299,0.01882688708324155
2025-03-11,486,0.4854095797449713,0.5003110551300806,-0.014901475385109284
2025-03-12,488,0.5687326354468706,0.5625729768359297,0.006159658610940925
2025-03-13,463,0.6546506127641668,0.608631829413371,0.04601878335079569
2025-03-14,484,0.4637350247020738,0.4598630849209055,0.0038719397811682816
2025-03-17,486,0.3541443841406795,0.35828125823437923,-0.004136874093699709
2025-03-18,491,0.40960142621947543,0.3963315882527562,0.013269837966719196
2025-03-19,487,0.308630790671379,0.3105342002986527,-0.0019034096272736738
2025-03-20,489,0.346971217729187,0.3448990353772905,0.0020721823518964804
2025-03-21,491,0.5877544976916361,0.5711617791903577,0.016592718501278393
2025-03-24,491,0.3432434215368049,0.335440887085851,0.007802534450953939
2025-03-25,494,0.43956574133228843,0.4535063712910394,-0.013940629958750936
2025-03-26,493,0.3898370768261127,0.3952604537435592,-0.005423376917446542
2025-03-27,489,0.5897706211018895,0.611046764082015,-0.021276142980125482
2025-03-28,473,0.36885876267937195,0.374406659012242,-0.005547896332870039
2025-03-31,489,0.31780331875530565,0.3168298096809059,0.000973509074399762
2025-04-01,494,0.382147499151865,0.3587588866433164,0.02338861250854863
2025-04-02,491,2.3499078437496097,2.404746037157115,-0.05483819340750574
2025-04-03,490,2.3011320947104377,2.26494846446833,0.03618363024210795
2025-04-04,492,0.6238136546390284,0.6620860872636949,-0.03827243262466646
2025-04-07,495,0.7270165468826993,0.7210644661181029,0.005952080764596384
2025-04-08,495,3.562540970018144,3.017248428480704,0.5452925415374399
2025-04-09,487,1.2376605203239786,0.8458324748047666,0.39182804551921185
2025-04-10,493,0.544977185665769,0.613272062352407,-0.06829487668663818
2025-04-11,495,0.46665183205100846,0.5035693682032537,-0.03691753615224529
2025-04-14,492,0.3807507252523723,0.39557901887590385,-0.014828293623531557
2025-04-15,494,0.5082986652606359,0.5023928620554234,0.005905803205212584
2025-04-16,489,0.4960626411794919,0.49505158548669753,0.0010110556927943215
2025-04-17,492,0.6796145078340515,0.7132304107964244,-0.03361590296237284
2025-04-21,493,0.800497404275063,0.7523530061795419,0.04814439809552101
2025-04-22,493,0.5317560664911108,0.5149950611895762,0.016761005301534668
2025-04-23,496,0.7349186887612552,0.710646639001671,0.024272049759584097
2025-04-24,494,0.4341137233372702,0.4188464201927438,0.01526730314452643
2025-04-25,495,0.3219493981376075,0.2879463930550493,0.03400300508255817
2025-04-28,495,0.3944826065439856,0.37801094304178423,0.016471663502201417
2025-04-29,486,0.44556702228766676,0.4301940109596722,0.015373011327994634
2025-04-30,491,0.5052913052640992,0.4984722217321534,0.006819083531945823
2025-05-01,491,0.6145927265084025,0.5983449456879283,0.016247780820474136
2025-05-02,490,0.37438764389353235,0.3418985963629645,0.03248904753056781
2025-05-05,493,0.4508285645095543,0.43272059739597335,0.018107967113580932
2025-05-06,494,0.44162929433327114,0.41763771905356634,0.023991575279704865
2025-05-07,495,0.5343311803756953,0.5196129861508356,0.014718194224859682
2025-05-08,485,0.3973661838795369,0.36663013153335394,0.03073605234618299
2025-05-09,487,1.2144138697298141,1.313409574322304,-0.09899570459248974
2025-05-12,493,0.5576625475249025,0.5514480209010426,0.006214526623860001
2025-05-13,488,0.45531242139198375,0.43137020919579194,0.023942212196191828
2025-05-14,483,0.5223435470673162,0.48034673380375664,0.04199681326355961
2025-05-15,477,0.3962224137262769,0.36248868517495164,0.03373372855132525
2025-05-16,482,0.33710731557153617,0.28708459365480227,0.050022721916733924
2025-05-19,492,0.3480031390862592,0.2980586487315194,0.049944490354739815
2025-05-20,490,0.6732722504295742,0.7093897041850533,-0.03611745375547932
2025-05-21,490,0.3647186467308123,0.32332534007761493,0.041393306653197334
2025-05-22,481,0.4010453372797613,0.3584724960589324,0.0425728412208289
2025-05-23,489,0.583996862023446,0.580252284703044,0.0037445773204019765
2025-05-27,492,0.41756908312698565,0.3739605392583405,0.04360854386864508
2025-05-28,491,0.38579748259051844,0.34014246315006064,0.04565501944045783
2025-05-29,477,0.4018016481105321,0.3677133295644099,0.03408831854612219
2025-05-30,478,0.3833448222013605,0.3586641891300908,0.024680633071269678
2025-06-02,493,0.45510408120174783,0.4231870641629285,0.031917017038819356
2025-06-03,488,0.3853592344991003,0.3485155074210064,0.03684372707809397
2025-06-04,492,0.4014309100270039,0.35225456319922765,0.0491763468277762
2025-06-05,482,0.4195811071870859,0.3885980050816681,0.030983102105417777
2025-06-06,487,0.4111323619736306,0.37774395828463814,0.033388403688992534
2025-06-09,486,0.4394386925993308,0.4114413035463315,0.027997389052999293
2025-06-10,493,0.3722599898510671,0.3346268057896923,0.037633184061374815
2025-06-11,494,0.3672464510168913,0.3235128919283623,0.043733559088528974
2025-06-12,471,0.5579790484164909,0.5626066683812163,-0.004627619964725443
2025-06-13,482,0.5331833414308662,0.5317785275366046,0.001404813894261626
2025-06-16,491,0.447219379386888,0.4248926794913625,0.02232669989552545
2025-06-17,487,0.36266379977364815,0.3253072076912818,0.037356592082366295
2025-06-18,493,0.3501256927149888,0.30804411022406836,0.04208158249092041
2025-06-20,492,0.47052466211931104,0.45358683248101234,0.016937829638298735
2025-06-23,494,0.4561873110653757,0.4432055985912948,0.012981712474080863
2025-06-24,494,0.4419757751160128,0.40846588999330113,0.033509885122711684
2025-06-25,493,0.40051711846773314,0.3744224645881467,0.02609465387958647
2025-06-26,489,0.3771307776678574,0.33880328638943386,0.03832749127842355
2025-06-27,476,0.377883688384245,0.3468070594242313,0.03107662896001375
2025-06-30,488,0.5917239978762694,0.6006161011514091,-0.008892103275139708
2025-07-01,494,0.5029505358808705,0.4909132054957538,0.012037330385116682
2025-07-02,486,0.36318704021333187,0.3246718616878858,0.038515178525446066
2025-07-03,491,0.40549242198557034,0.366859869529901,0.03863255245566925
2025-07-07,493,0.4114080063560225,0.3948088164809436,0.016599189875078853
2025-07-08,495,0.3602530059706347,0.3325580684359049,0.027694937534729815
2025-07-09,488,0.4334079587686144,0.42304769344713017,0.0103602653214842
2025-07-10,494,0.3676537516293815,0.34371288317251975,0.023940868456861764
2025-07-11,495,0.36676462331634846,0.35222382697178856,0.014540796344559908
2025-07-14,490,0.5106931721182549,0.5143885303738921,-0.003695358255637178
2025-07-15,496,0.3243197307661059,0.3206608610836188,0.00365886968248707
2025-07-16,495,0.4172802453010267,0.4146393839123284,0.0026408613886982975
2025-07-17,489,0.34899316146280895,0.33933012790783973,0.00966303355496923
2025-07-18,492,0.3363966705316646,0.33217728423437964,0.0042193862972849695
2025-07-21,493,0.6299717245147493,0.6322204509305794,-0.0022487264158302604
2025-07-22,495,0.49635373134123506,0.4903409637201112,0.006012767621123853
2025-07-23,495,0.5058249755101102,0.5000069259661393,0.005818049543970976
2025-07-24,493,0.39917899223419623,0.39291847014773595,0.006260522086460283
2025-07-25,496,0.40046723313011306,0.39893850576037154,0.0015287273697415307
2025-07-28,495,0.48249515860003733,0.4750650096121818,0.007430148987855547
2025-07-29,494,0.5236196547305111,0.5209692040890628,0.002650450641448352
2025-07-30,486,0.7090285770823873,0.7046493906329302,0.004379186449457059
2025-07-31,487,0.6021615184680499,0.6065985434213687,-0.004437024953318678
2025-08-01,493,0.5194567547851995,0.5198033626824384,-0.00034660789723880227
2025-08-04,492,0.4948065975601698,0.4884821950434096,0.006324402516760194
2025-08-05,495,0.4881639217867745,0.48652908263611616,0.0016348391506583002
2025-08-06,493,0.5033739846065444,0.49574463302478283,0.007629351581761563
2025-08-07,487,0.4375180625185285,0.4326306645880262,0.004887397930502322
2025-08-08,489,0.3152902487613813,0.30866567327962646,0.006624575481754822
2025-08-11,493,0.5604066119723677,0.5587082029670357,0.0016984090053320236
2025-08-12,489,0.5833883091954891,0.5868407481576808,-0.003452438962191737
2025-08-13,485,0.3940076075275273,0.3875231138174501,0.006484493710077252
2025-08-14,473,0.385062481703716,0.3759451752014763,0.00911730650223964
2025-08-15,483,0.29415161714562044,0.28297768681084756,0.011173930334772866
2025-08-18,490,0.42058206347229565,0.4171377234435339,0.003444340028761779
2025-08-19,490,0.3421543902977391,0.33667150219709724,0.005482888100641868
2025-08-20,491,0.30097485099360055,0.29877412942669046,0.002200721566910085
2025-08-21,489,0.7084564980104148,0.7291364883300907,-0.020679990319675896
2025-08-22,491,0.37812554268092874,0.37138704399494654,0.006738498685982204
2025-08-25,493,0.36262761736991284,0.3527393115073672,0.009888305862545639
2025-08-26,496,0.29211678980298966,0.2823428755749651,0.009773914228024578
2025-08-27,492,0.35766908703990685,0.34273707955461924,0.014932007485287679
2025-08-28,478,0.34849668157923785,0.3375223114455676,0.010974370133670277
2025-08-29,472,0.4068889299538929,0.402864906377439,0.0040240235764538905
2025-09-02,488,0.3453847604502617,0.3382845281661086,0.007100232284153075
2025-09-03,488,0.4165315548477024,0.4139738969943145,0.002557657853387882
2025-09-04,478,0.4389812974060402,0.4386582477600909,0.0003230496459492755
2025-09-05,491,0.3642872344401317,0.3624055366480558,0.0018816977920758733
2025-09-08,491,0.39270329729975856,0.39358770865665565,-0.0008844113568971187
2025-09-09,488,0.5340815137867285,0.5382566777390154,-0.004175163952286875
2025-09-10,492,0.5653756366794548,0.564139072722883,0.0012365639565718326
2025-09-11,487,0.40279095338143434,0.39675903424251535,0.006031919138918993
2025-09-12,472,0.3891668651927752,0.3843455559485383,0.00482130924423695
2025-09-15,488,0.3683224035141665,0.3608463910046489,0.0074760125095176015
2025-09-16,493,0.32197268364504156,0.31337172706369465,0.008600956581346937
2025-09-17,493,0.4825823355203751,0.4818139605663115,0.0007683749540636736
2025-09-18,494,0.3282440154997926,0.3248887426847341,0.0033552728150584568
2025-09-19,491,0.3752208551426073,0.3752724967695317,-5.1641626924483825e-05
2025-09-22,496,0.3684835762069855,0.35920020019549115,0.00928337601149441
2025-09-23,495,0.40025783322726316,0.39961497038736665,0.0006428628398965232
2025-09-24,493,0.39599057957762235,0.39499337585414707,0.0009972037234752737
2025-09-25,490,0.37028454800282484,0.36443629327722193,0.005848254725602897
2025-09-26,494,0.34826244463081096,0.3388369277729402,0.00942551685787074
2025-09-29,472,0.40947775345370246,0.4055365162172528,0.003941237236449674
2025-09-30,487,0.5895151019384595,0.5855243234948428,0.003990778443616566
2025-10-01,493,0.3689294396039309,0.36832955636657244,0.0005998832373583674
2025-10-02,487,0.34949169652295964,0.34480429715886657,0.004687399364093038
2025-10-03,494,0.41826710084726487,0.41068068712780414,0.007586413719460716
2025-10-06,494,0.40524259518642697,0.4006069438046826,0.004635651381744427
2025-10-07,496,0.4358155294212856,0.4289312600007867,0.006884269420498948
2025-10-08,492,0.4060140384839205,0.4004416959298131,0.005572342554107373
2025-10-09,487,0.8382806692483105,0.8640361964363349,-0.025755527188024478
2025-10-10,496,0.5180518999925814,0.4897146790081851,0.028337220984396366
2025-10-13,493,0.4561846929191044,0.45050554888200794,0.005679144037096461
2025-10-14,491,0.4269540209988195,0.42740536461061535,-0.0004513436117958547
2025-10-15,495,0.5748716571072094,0.5588986046325469,0.015973052474662644
2025-10-16,491,0.34130022128092596,0.33644080321014874,0.004859418070777199
2025-10-17,494,0.40552602659640596,0.39810569853596417,0.007420328060441767
2025-10-20,495,0.4273430145824938,0.4207587429389734,0.006584271643520324
2025-10-21,493,0.44085941415349433,0.43466652137126666,0.006192892782227626
2025-10-22,495,0.5116881626990715,0.4933044612947924,0.018383701404279123
2025-10-23,493,0.42873683205310265,0.42233977596621625,0.006397056086886447
2025-10-24,495,0.3768008636175936,0.36976311969171577,0.007037743925877838
2025-10-27,495,0.5137872710770799,0.5015973616952621,0.01218990938181776
2025-10-28,494,0.7442388717516326,0.7336336675970107,0.01060520415462189
2025-10-29,494,0.6301469893536997,0.6244976637263007,0.005649325627399188
2025-10-30,485,0.420832027082518,0.4234060318007784,-0.0025740047182604363
2025-10-31,489,0.44375318671272385,0.4371624970351856,0.006590689677538168
2025-11-03,493,0.5841069499014394,0.5938835020214334,-0.009776552119993913
2025-11-04,492,0.5430464685923142,0.5355842699489444,0.007462198643369852
2025-11-05,496,0.5683317036698924,0.5634210696089377,0.004910634060954857
2025-11-06,485,0.48261424902456157,0.47648156668807284,0.006132682336488713
2025-11-07,486,0.41433392976231626,0.41682584851169163,-0.0024919187493754012
2025-11-10,496,0.4388161189434757,0.4332825658716661,0.005533553071809646
2025-11-11,489,0.3625350951212891,0.35861181317344276,0.00392328194784637
2025-11-12,486,0.5439345804139962,0.554544956373766,-0.01061037595976984
2025-11-13,473,0.3425697399471146,0.3427048882032725,-0.00013514825615792034
2025-11-14,478,0.5433013901209349,0.5485339949677541,-0.005232604846819229
2025-11-17,491,0.3323490520810716,0.3440483774883362,-0.011699325407264599
2025-11-18,488,0.40878101411687967,0.4025252202943204,0.0062557938225592975
2025-11-19,490,0.5284941879355257,0.543475132125036,-0.014980944189510195
2025-11-20,488,0.7127339221379646,0.6891886084472924,0.02354531369067234
2025-11-21,490,0.49412566065201735,0.4899273738447488,0.0041982868072685245
2025-11-24,491,0.5569322599580372,0.5506014617080025,0.0063307982500346
2025-11-25,492,0.35650686606680404,0.34828095122693037,0.00822591483987364
2025-11-26,483,0.2755265503617289,0.26260260346735115,0.012923946894377729
2025-11-28,475,0.4063987707355533,0.39220116492484797,0.014197605810705295
2025-12-01,491,0.37228342410296567,0.3681165719195107,0.004166852183454955
2025-12-02,489,0.48757733556450106,0.48879040776760313,-0.0012130722031021036
2025-12-03,490,0.3741027706374834,0.36906390952689727,0.005038861110586101
2025-12-04,476,0.3956665916784024,0.3882519157661245,0.007414675912277907
2025-12-05,491,0.445086988754541,0.4343664243643114,0.010720564390229566
2025-12-08,493,0.3680602180628409,0.3629740775323046,0.005086140530536291
2025-12-09,490,0.5929570133973625,0.5982221601440606,-0.005265146746698231
2025-12-10,494,0.4700238510887061,0.46606978736885873,0.003954063719847364
2025-12-11,487,0.4812291060349165,0.48576969612445914,-0.004540590089542654
2025-12-12,473,0.3716244725070197,0.3719609256944793,-0.00033645318745962216
2025-12-15,489,0.3837676525298614,0.3757658381897825,0.0080018143400789
2025-12-16,491,0.45354945246253286,0.4575443160684104,-0.003994863605877546
2025-12-17,492,0.3633023579928524,0.35304820031292256,0.010254157679929814
2025-12-18,491,0.3944016614217957,0.39170424958007266,0.0026974118417230682
2025-12-19,493,0.3640411600299512,0.36360153271246587,0.0004396273174853136
2025-12-22,494,0.2740486873149096,0.2565439044018411,0.01750478291306851
2025-12-23,495,0.23086853585702954,0.20127221223669384,0.029596323620335704
2025-12-24,488,0.2220349367967169,0.1783410550769679,0.04369388171974899
2025-12-26,491,0.2495359268558507,0.21297207332551027,0.036563853530340404
2025-12-29,494,0.23361898004288245,0.20186836759517862,0.03175061244770384
2025-12-30,478,0.299277683346111,0.2801152647041599,0.01916241864195106
2025-12-31,478,0.5454053577109718,0.5719670628147415,-0.026561705103769772
2026-01-02,493,0.5861323759897032,0.5959279565071164,-0.009795580517413213
2026-01-05,492,0.596421878300808,0.6044280144062167,-0.00800613610540885
2026-01-06,495,0.556569506113865,0.5533572686816998,0.0032122374321653584
2026-01-07,496,0.624421841144298,0.62048120467812,0.003940636466178148
2026-01-08,489,0.4866619233860041,0.4815810510954291,0.005080872290574966
2026-01-09,492,0.37901318251495586,0.3794709759632554,-0.00045779344829952143
2026-01-12,495,0.45439438505658175,0.45155224032612223,0.002842144730459525
2026-01-13,494,0.4595696326127288,0.4565555414954055,0.0030140911173233077
2026-01-14,492,0.4252535954922416,0.4270608916714781,-0.001807296179236497
2026-01-15,489,0.42664962417635455,0.4240411528709364,0.002608471305418183
2026-01-16,491,0.6529358540261383,0.6599322195349282,-0.006996365508789892
2026-01-20,494,0.6231229181710156,0.621045113119465,0.0020778050515507835
2026-01-21,494,0.40998685430491694,0.4062594999169557,0.0037273543879612525
2026-01-22,492,0.3948403433758651,0.3926979249638509,0.0021424184120141993
2026-01-23,496,0.3390700564684204,0.3356012717509374,0.003468784717483018
2026-01-26,496,0.5345273200838164,0.5353371166009325,-0.0008097965171161549
2026-01-27,493,0.48776513030406776,0.4921079528504001,-0.0043428225463323054
2026-01-28,493,0.6076438849452028,0.6051543958556842,0.0024894890895186144
2026-01-29,487,0.49142877196294776,0.5002777938111793,-0.008849021848231605
2026-01-30,491,0.5021793916511117,0.5062477739960781,-0.004068382344966389
2026-02-02,494,0.9624190030022058,0.9562283244276637,0.006190678574542183
2026-02-03,493,0.9149845864156922,0.8998505345930371,0.015134051822655098
2026-02-04,494,0.7158907342849816,0.698914736162655,0.016975998122326537
2026-02-05,489,0.8408829216117302,0.8126550774723355,0.028227844139394637
2026-02-06,490,0.5235789774868973,0.5421679273705463,-0.018588949883648894
2026-02-09,491,0.5612027886614185,0.5656309526219123,-0.004428163960493909
2026-02-10,491,0.7063332416204648,0.7102673751076246,-0.003934133487159776
2026-02-11,493,0.8961186836512153,0.8878194354875022,0.00829924816371298
2026-02-12,472,0.5678462697734116,0.5617480351659787,0.006098234607432961
2026-02-13,479,0.4878280435957552,0.4999609196339546,-0.012132876038199363
2026-02-17,491,0.5187828634900226,0.5101404052016246,0.008642458288397877
2026-02-18,491,0.4467694123892814,0.4474779405220216,-0.0007085281327401537
2026-02-19,489,0.4073669397907185,0.40352605565681404,0.003840884133904383
2026-02-20,489,0.7018625609960049,0.6970532613248436,0.004809299671161292
2026-02-23,492,0.4656444499447499,0.4644333402268656,0.0012111097178842509
2026-02-24,490,0.556719102968309,0.5517386316432745,0.004980471325034507
2026-02-25,495,0.5577753303799408,0.5473492343731485,0.010426096006792158
2026-02-26,478,0.6255827794051829,0.6275380646386505,-0.0019552852334676065
2026-02-27,479,0.5086945614886185,0.5142993843900628,-0.005604822901444356
2026-03-02,493,0.5472241823199994,0.5573014840958743,-0.010077301775874924
2026-03-03,489,0.4310951087873644,0.4322078922000779,-0.0011127834127134645
2026-03-04,489,0.6083549062734064,0.6125451449516613,-0.004190238678255031
2026-03-05,476,0.6186140675133468,0.623841099387532,-0.0052270318741852746
2026-03-06,485,0.4565846181865634,0.44306260641011863,0.01352201177644475
2026-03-09,483,0.49367687618154826,0.5184281986730332,-0.024751322491484935
2026-03-10,489,0.4532530734700815,0.4551346964744595,-0.001881623004378001
2026-03-11,495,0.7215261271824495,0.7403540449950988,-0.018827917812649354
2026-03-12,475,0.3996331058827909,0.4024903199957719,-0.0028572141129809825
2026-03-13,482,0.39876557485229347,0.388708383809871,0.010057191042422534
2026-03-16,488,0.3840842837151834,0.37653630483759504,0.007547978877588367
2026-03-17,496,0.554970690823029,0.5564461371502036,-0.0014754463271747012
2026-03-18,493,0.3969472983377899,0.3993943955192124,-0.002447097181422533
2026-03-19,493,0.5890277807287582,0.5905858628807877,-0.001558082152029501
2026-03-20,495,0.4977946327813142,0.48792346167972855,0.009871171101585623
2026-03-23,494,0.5205927340631836,0.5384466392522523,-0.017853905189068674
2026-03-24,494,0.38985166206546773,0.39268801166120826,-0.0028363495957404983
2026-03-25,496,0.5527550356394043,0.5773231477986223,-0.024568112159217902
2026-03-26,492,0.5956858051789105,0.617547946714309,-0.021862141535398654
2026-03-27,495,0.5174401792314045,0.5233371053471234,-0.005896926115719011
2026-03-30,474,0.800777059416778,0.7610200624946587,0.03975699692211929
2026-03-31,491,0.477464592802557,0.495874400224947,-0.01840980742238997
2026-04-01,487,0.41112285571320334,0.4087732077923062,0.0023496479208971926
2026-04-02,493,0.36422693436375525,0.35512639103342847,0.009100543330326795
2026-04-06,494,0.40298279475119764,0.39127284973541004,0.011709945015787596
2026-04-07,497,1.0207003298392359,1.0612906082913636,-0.04059027845212775
2026-04-08,491,0.4923340590091449,0.4964042248004604,-0.004070165791315484
2026-04-09,491,0.474491399102166,0.4678955151457547,0.006595883956411238
2026-04-10,496,0.5925762572052997,0.5827338097260653,0.009842447479234415
2026-04-13,495,0.427836930141956,0.4282393114294728,-0.0004023812875168306
2026-04-14,492,0.504031253095267,0.49440708563733327,0.00962416745793366
2026-04-15,495,0.47335743332661806,0.4714470688739666,0.0019103644526514158
2026-04-16,493,0.6193491426361735,0.6292158477627804,-0.009866705126606892
2026-04-17,493,0.37484573232957247,0.3659663721613297,0.008879360168242778
2026-04-20,496,0.5374969731659053,0.5280553783548789,0.009441594811026372
2026-04-21,493,0.48313185666035996,0.47970260950468774,0.003429247155672203
2026-04-22,496,0.7629684632006632,0.7786308115655619,-0.015662348364898673
2026-04-23,496,0.5368939633948673,0.5332821012909684,0.003611862103898844
2026-04-24,496,0.40243894076066183,0.3954061695037894,0.007032771256872461
2026-04-27,496,0.5258892462092312,0.5232587927090289,0.0026304535002022148
2026-04-28,495,0.6592366354000084,0.6597955144672456,-0.0005588790672372559
2026-04-29,490,0.7452223911473054,0.7380683360184401,0.007154055128865298
2026-04-30,491,0.4684948663699981,0.4649010846828727,0.0035937816871254745
2026-05-01,490,0.5048031776621454,0.5003187230726917,0.004484454589453784
2026-05-04,493,0.5432485119473454,0.5423742010393373,0.0008743109080081347
2026-05-05,496,0.8827139712647303,0.8914682440739199,-0.008754272809189735
2026-05-06,495,0.6400903628188626,0.6361831068413826,0.0039072559774799365
2026-05-07,483,0.6247588388481691,0.6315047164305791,-0.006745877582410055
2026-05-08,491,0.6201313752854221,0.6298684845025924,-0.009737109217170357
2026-05-11,493,0.43755378463819344,0.429023500734857,0.008530283903336423
2026-05-12,490,0.5358943198905852,0.5417566472069161,-0.005862327316330875
2026-05-13,490,0.4481681013100093,0.4429574150289874,0.005210686281021933
2026-05-14,471,0.572819831057753,0.5791946039313244,-0.006374772873571283
2026-05-15,485,0.5738574839490429,0.5694435480977814,0.004413935851261496
2026-05-18,493,0.45302765619450736,0.46054520022750456,-0.007517544032997195
2026-05-19,491,0.6106719866008429,0.5982156423823234,0.012456344218519539
2026-05-20,491,0.4560970634083559,0.4570103375083599,-0.0009132741000040213
2026-05-21,477,0.4721958592369966,0.4684113617705838,0.0037844974664127578
2026-05-22,493,0.5164276920046603,0.5222844801532809,-0.005856788148620558
2026-05-26,493,0.48441159224519453,0.4831086430998746,0.0013029491453199287
2026-05-27,494,0.5560012362752779,0.5526062788229014,0.0033949574523764892
2026-05-28,480,0.6064583443224529,0.6016986089373049,0.004759735385148003
2026-05-29,476,0.7619391261774001,0.7489239766853213,0.013015149492078767
2026-06-01,494,0.6670036830170899,0.6739011229420496,-0.006897439924959718
2026-06-02,492,0.5436698860010646,0.5429157401248275,0.0007541458762371647
2026-06-03,490,0.590058762723786,0.5868440611191117,0.0032147016046743613
2026-06-04,478,0.7781313765176875,0.7975009696184175,-0.019369593100730123
2026-06-05,491,0.49942074916693907,0.48418757325999473,0.015233175906944329
2026-06-08,491,0.6065915242889282,0.6094299536354157,-0.0028384293464876476
2026-06-09,490,0.6780083410707402,0.691159293825368,-0.013150952754627876
2026-06-10,494,0.7887771976249242,0.7694425932466841,0.019334604378239983
2026-06-11,485,0.4278230424797581,0.43554847259808044,-0.007725430118322363
2026-06-12,468,0.6025888960527644,0.6055229410821834,-0.0029340450294189067
2026-06-15,490,0.4390149524686119,0.44066718349091755,-0.0016522310223056366
2026-06-16,494,0.6650250326098668,0.679131636051012,-0.014106603441145265
2026-06-17,493,0.5805251832023288,0.5854925461143614,-0.004967362912032462
2026-06-18,492,0.5435720651512235,0.5489220840493693,-0.00535001889814575
2026-06-22,494,0.6409976825916356,0.6581857181424413,-0.017188035550805673
2026-06-23,494,0.6014578895000976,0.6064031152239805,-0.0049452257238829025
2026-06-24,493,0.6215010423302334,0.6296400579290353,-0.008139015598801928
2026-06-25,492,0.7405771617297329,0.7320266987559115,0.008550462973821402
2026-06-26,494,0.5284032799055846,0.5270967036365023,0.0013065762690823255
2026-06-29,475,0.5325090640012606,0.5292572840158136,0.0032517799854469343
2026-06-30,489,0.7084134627875787,0.7150473781747643,-0.006633915387185477
2026-07-01,490,0.7783176667994819,0.7974312802787707,-0.01911361347928885
2026-07-02,490,0.5011822545328074,0.49161039916813515,0.009571855364672208
2026-07-06,494,0.5333639055667163,0.5348142343459539,-0.0014503287792374951
2026-07-07,495,0.6212120544579982,0.6200588004118885,0.0011532540461096632
2026-07-08,493,0.48220243836603893,0.4645029430745237,0.01769949529151519
2026-07-09,489,0.3735558565736604,0.3587909347514159,0.014764921822244505
2026-07-10,496,0.5205236579908654,0.527660891034542,-0.007137233043676456
2026-07-13,497,0.5332295930369516,0.5263106371464948,0.006918955890456775
2026-07-14,492,0.5452109778520161,0.5400771484041658,0.00513382944785028
2026-07-15,497,0.797867971146326,0.817246819352037,-0.01937884820571104
2026-07-16,493,0.4843802484638607,0.482269784843437,0.0021104636204235905
2026-07-17,492,0.3919576046695001,0.3958307286435212,-0.003873123974021108
2026-07-20,495,0.5721423190057817,0.5620586550928026,0.01008366391297914
2026-07-21,495,0.5000254041349519,0.4959297405820647,0.00409566355288724
2026-07-22,495,0.5747379296873119,0.5730847583130732,0.0016531713742387558
2026-07-23,492,0.6206339588586927,0.6164888714805734,0.004145087378119212
2026-07-24,496,0.6180721326789947,0.6221299469249717,-0.004057814245976992
2026-07-27,495,0.8060335350346703,0.8221577106571183,-0.01612417562244804
2026-07-28,496,0.7377071868432522,0.7551804308701735,-0.01747324402692127
2026-07-29,495,0.9479558959934319,0.8827398697437927,0.06521602624963925
2026-07-30,487,0.5398444229883747,0.5482293984328664,-0.008384975444491873
2026-07-31,489,0.5986930007676059,0.5910205708201087,0.007672429947497165
2026-08-03,495,0.7443677463480545,0.7476993598746839,-0.003331613526629434
2026-08-04,495,0.5095436599278148,0.5007577886194962,0.008785871308318568
2026-08-05,496,0.5404733060400638,0.5326431012655014,0.007830204774562532
2026-08-06,488,0.5370776982266586,0.5332481424901027,0.003829555736555912
2026-08-07,490,0.5575151928115172,0.5520556507224792,0.005459542089037929
2026-08-10,494,0.4090123691113156,0.3932053019076239,0.01580706720369173
2026-08-11,490,0.47489112149975904,0.4585676004142519,0.01632352108550716
2026-08-12,490,0.5104094085140201,0.49738966186755346,0.013019746646466634
2026-08-13,472,0.40954849478918476,0.38999720279840433,0.019551291990780414
2026-08-14,487,0.5121627519612022,0.508034590456963,0.00412816150423921
2026-08-17,490,0.5118380375598485,0.5154481868116575,-0.0036101492518090207
2026-08-18,486,0.8614995200636412,0.8701478254760404,-0.008648305412399209
2026-08-19,491,0.5060143314558743,0.4975814899669951,0.008432841488879194
2026-08-20,488,0.454093141840923,0.43099352470447955,0.023099617136443443
2026-08-21,490,0.43021417549947477,0.43253978001991894,-0.0023256045204441706
