origin_trading_day,rows,baseline_loss,candidate_loss,loss_delta_baseline_minus_candidate
2020-05-06,463,0.8298654385755956,0.9323524648261371,-0.10248702625054144
2020-05-07,466,0.9197087751675513,1.021874687996748,-0.10216591282919664
2020-05-08,474,0.7371679320005102,0.8195692689026912,-0.08240133690218085
2020-05-11,474,0.8940569190565428,0.9441307149090504,-0.05007379585250759
2020-05-12,471,0.9145781148295034,0.9560054181432517,-0.04142730331374832
2020-05-13,460,0.7275553234367674,0.8387120536842244,-0.11115673024745697
2020-05-14,466,0.6652285832308772,0.7695359526620569,-0.10430736943117967
2020-05-15,475,1.6144882020196525,1.6697153768949573,-0.05522717487530494
2020-05-18,467,0.7051295166136515,0.7923770157543282,-0.08724749914067664
2020-05-19,471,0.7628489924029401,0.8751385765492087,-0.11228958414626854
2020-05-20,469,0.6811933965509159,0.7765009831433399,-0.09530758659242397
2020-05-21,469,0.6171449069647208,0.7261374777507865,-0.10899257078606572
2020-05-22,472,1.104240773493581,1.196125557966597,-0.09188478447301601
2020-05-26,474,0.8645893551477489,0.9717028171969857,-0.10711346204923686
2020-05-27,464,0.7741222304895197,0.8592461126522761,-0.08512388216275656
2020-05-28,462,0.7167625889842061,0.8163608368040925,-0.0995982478198866
2020-05-29,473,0.6867848993569186,0.7968978881524416,-0.11011298879552307
2020-06-01,473,0.6801156754509526,0.7930689165307591,-0.11295324107980646
2020-06-02,474,0.9172314254797908,1.019558575038898,-0.10232714955910722
2020-06-03,465,0.7301710595512222,0.8264892742284223,-0.09631821467720007
2020-06-04,476,1.0352920816960751,1.1314889009713385,-0.09619681927526334
2020-06-05,476,0.8290951927739812,0.9342300258953999,-0.10513483312141876
2020-06-08,469,0.803599431142234,0.8634466973452127,-0.05984726620297876
2020-06-09,477,0.833257562299787,0.8918377884053309,-0.058580226105543906
2020-06-10,463,1.8847499120802294,1.8450019660584385,0.03974794602179116
2020-06-11,456,0.7715048947692044,0.8718680413795885,-0.10036314661038422
2020-06-12,472,0.6350216745825539,0.7374826064651194,-0.10246093188256558
2020-06-15,476,0.6742325051246381,0.7689210735775499,-0.09468856845291192
2020-06-16,479,0.5725089500941573,0.6441063581051838,-0.07159740801102661
2020-06-17,477,0.49951980153560094,0.5806868938020431,-0.08116709226644213
2020-06-18,473,0.6310688961450278,0.6877908941701285,-0.056721998025100744
2020-06-19,478,0.5239188179772105,0.5997803388870856,-0.07586152090987497
2020-06-22,478,0.477479423298073,0.5533172496966524,-0.07583782639857947
2020-06-23,478,0.966932972522637,0.9581179204420693,0.00881505208056773
2020-06-24,476,0.546969478849658,0.6156932011548405,-0.0687237223051825
2020-06-25,476,0.7373416765689297,0.7537899606442925,-0.01644828407536282
2020-06-26,460,0.6357425792419916,0.6995425258435676,-0.06379994660157591
2020-06-29,470,0.559641113114305,0.6260362114679144,-0.06639509835360949
2020-06-30,475,0.5647076536713895,0.6113843124004227,-0.046676658729033094
2020-07-01,473,0.43530544542553273,0.5014048790558094,-0.06609943363027673
2020-07-02,476,0.5386542137182505,0.598347344849554,-0.059693131131303465
2020-07-06,477,0.6051192328076741,0.6287750225247227,-0.02365578971704873
2020-07-07,478,0.48133409263737437,0.5349465650151739,-0.053612472377799605
2020-07-08,470,0.6305978647471518,0.6510554775074309,-0.020457612760279107
2020-07-09,477,0.6009291218599487,0.6525702502404173,-0.0516411283804686
2020-07-10,479,0.5501251060210465,0.5840853872173726,-0.03396028119632601
2020-07-13,474,0.6196682433000199,0.668345033926825,-0.04867679062680507
2020-07-14,477,0.753869456937734,0.7881239863231064,-0.034254529385372524
2020-07-15,475,0.4259282053210805,0.47260697143366154,-0.046678766112581045
2020-07-16,475,0.47733181100238525,0.5265561170815136,-0.04922430607912841
2020-07-17,479,0.5447129397305072,0.5761148339234097,-0.031401894192902444
2020-07-20,477,0.5164256134153139,0.5634926972365608,-0.04706708382124698
2020-07-21,477,0.47906936926623,0.5282982272032896,-0.049228857937059556
2020-07-22,475,0.46007754906631954,0.4988908473407553,-0.03881329827443576
2020-07-23,477,0.45590998515310677,0.4916263415739428,-0.03571635642083596
2020-07-24,478,0.5168812653677504,0.5581432912080757,-0.04126202584032535
2020-07-27,476,0.5175427562419265,0.545534918062721,-0.027992161820794472
2020-07-28,479,0.6239034139137744,0.6655764270837125,-0.04167301316993802
2020-07-29,470,0.5350818288045587,0.5610933469749034,-0.02601151817034479
2020-07-30,466,0.4531233498450511,0.49252619994300734,-0.03940285009795623
2020-07-31,477,0.4899173706172376,0.5285269158200022,-0.03860954520276452
2020-08-03,478,0.47932054903123555,0.5201993793767687,-0.04087883034553321
2020-08-04,479,0.5371679103536828,0.5743294979508369,-0.037161587597154044
2020-08-05,471,0.5103943305832425,0.5440229952910234,-0.03362866470778095
2020-08-06,470,0.5492751822787901,0.5846937311550658,-0.03541854887627567
2020-08-07,476,0.5797389017400564,0.6128054650469846,-0.03306656330692824
2020-08-10,476,0.4966642100645386,0.5272283503857572,-0.030564140321218694
2020-08-11,476,0.488593776411333,0.5291640498912656,-0.04057027347993257
2020-08-12,454,0.4015981231952244,0.4382762146156962,-0.03667809142047178
2020-08-13,471,0.346600102211163,0.39322936368094963,-0.0466292614697866
2020-08-14,475,0.42529347457209193,0.4603107385110898,-0.035017263938997845
2020-08-17,470,0.36292871910167596,0.39988077144851275,-0.03695205234683673
2020-08-18,472,0.36765084550111754,0.4051474592924803,-0.03749661379136274
2020-08-19,473,0.42480076990128957,0.4537403438591232,-0.028939573957833635
2020-08-20,474,0.3519069474326699,0.3911756828742774,-0.03926873544160747
2020-08-21,473,0.5358964002346849,0.5734155279605158,-0.03751912772583084
2020-08-24,477,0.34637355435852735,0.386930004035342,-0.04055644967681462
2020-08-25,477,0.4538358390038344,0.4841617922413177,-0.030325953237483393
2020-08-26,470,0.45573732751994533,0.48904293624526846,-0.033305608725323094
2020-08-27,468,0.41869416662925707,0.4584154987983097,-0.03972133216905255
2020-08-28,462,0.4292016356620541,0.45202004579120153,-0.02281841012914742
2020-08-31,471,0.46022979782061496,0.49170981043160017,-0.03148001261098521
2020-09-01,473,0.6062721517606273,0.6314606313600415,-0.025188479599414212
2020-09-02,465,0.9430794237066417,0.8938975498910592,0.049181873815582464
2020-09-03,479,0.4445123839547037,0.4684335686939816,-0.023921184739277904
2020-09-04,472,0.7697116552379449,0.7480768743033575,0.021634780934587445
2020-09-08,471,0.5567058456938311,0.5820703555898493,-0.025364509896018312
2020-09-09,473,0.5414899159074561,0.5486789220020745,-0.007189006094618489
2020-09-10,476,0.36604336865254766,0.39854783782643355,-0.03250446917388589
2020-09-11,452,0.5685430793646497,0.589392757456697,-0.020849678092047342
2020-09-14,472,0.4226852104746266,0.44790512793571974,-0.02521991746109311
2020-09-15,475,0.4635725585926129,0.48523322050997314,-0.021660661917360262
2020-09-16,477,0.4086797687729953,0.42713289055215947,-0.01845312177916416
2020-09-17,476,0.4618628209110843,0.4755034284583562,-0.013640607547271867
2020-09-18,478,0.8700821613642009,0.8236200907135554,0.04646207065064555
2020-09-21,479,0.4395654323982161,0.4681682240580186,-0.028602791659802455
2020-09-22,478,0.7214788979514568,0.703653298194911,0.01782559975654574
2020-09-23,477,0.35021226462963906,0.3815205117552272,-0.031308247125588155
2020-09-24,476,0.48784418998304346,0.5149456235859796,-0.0271014336029361
2020-09-25,480,0.5680661668941723,0.5924497876429897,-0.024383620748817548
2020-09-28,460,0.37461993621458134,0.3969872875691897,-0.022367351354608437
2020-09-29,471,0.3822387985619715,0.4131095513156814,-0.0308707527537099
2020-09-30,474,0.4403270241349837,0.4617847452109801,-0.021457721075996444
2020-10-01,477,0.4576194258070866,0.4796718901858827,-0.022052464378796023
2020-10-02,475,0.5843954505418769,0.6053679618041163,-0.020972511262239292
2020-10-05,478,0.4186219664759074,0.4332844946188499,-0.01466252814294251
2020-10-06,479,0.5356370712075114,0.5602961876404511,-0.02465911643293982
2020-10-07,466,0.5075673256576585,0.5313576825497563,-0.023790356892097828
2020-10-08,478,0.3749871516327873,0.40236544562114795,-0.027378293988360676
2020-10-09,480,0.3853997604401235,0.4130783279000314,-0.02767856745990798
2020-10-12,480,0.4936875203890874,0.5016376017966943,-0.007950081407606863
2020-10-13,476,0.3250629244248436,0.3499186811213348,-0.02485575669649124
2020-10-14,475,0.36924149856193744,0.3979314454784422,-0.028689946916504803
2020-10-15,478,0.3520132190872042,0.37795592632995517,-0.02594270724275101
2020-10-16,480,0.480442296781814,0.48567988870639434,-0.005237591924580357
2020-10-19,478,0.3623449350205219,0.392198312840007,-0.029853377819485164
2020-10-20,478,0.393342282808341,0.41045243811585425,-0.01711015530751329
2020-10-21,476,0.6312669403592426,0.6382585510550055,-0.006991610695762986
2020-10-22,479,0.3276591998495639,0.36083139912578693,-0.03317219927622304
2020-10-23,479,0.7254305893488184,0.7007307272178486,0.024699862130969877
2020-10-26,477,0.5660919801487411,0.5661476315559689,-5.5651407227902833e-05
2020-10-27,480,1.0762740863067997,0.9940087764146619,0.08226530989213775
2020-10-28,471,0.573043991784488,0.5859229017977707,-0.012878910013282794
2020-10-29,469,0.4952948346232139,0.5052645022810179,-0.009969667657804066
2020-10-30,479,0.7383278464568738,0.7375149070303328,0.000812939426540957
2020-11-02,478,0.7371642809400775,0.7408387536708895,-0.003674472730812073
2020-11-03,479,1.0011546342330708,0.9716478750339199,0.02950675919915077
2020-11-04,469,0.818777866225487,0.8135925536642193,0.005185312561267738
2020-11-05,473,0.5153977832234675,0.5326214883525843,-0.01722370512911678
2020-11-06,471,2.4899207702366497,2.4013124389348324,0.08860833130181707
2020-11-09,473,0.7008527028337026,0.7069064675448589,-0.006053764711156328
2020-11-10,480,0.5943644549185332,0.6094910378924008,-0.015126582973867627
2020-11-11,462,0.5318080247755989,0.5394961664573252,-0.007688141681726474
2020-11-12,468,0.6528751367526682,0.681054467651039,-0.028179330898370998
2020-11-13,478,0.6546223073878212,0.6773380213628823,-0.02271571397506116
2020-11-16,471,0.42489071622090596,0.4530012281316995,-0.02811051191079356
2020-11-17,473,0.49669118278420665,0.5105565282211245,-0.013865345436917854
2020-11-18,470,0.39524748926838404,0.4354140199783304,-0.04016653070994632
2020-11-19,477,0.38104263861117355,0.41207361758701466,-0.031030978975841093
2020-11-20,475,0.5757818319741497,0.6023488545354901,-0.026567022561340446
2020-11-23,475,0.7385065969263859,0.754490680437,-0.015984083510614013
2020-11-24,476,0.3950758692072223,0.42451632902184205,-0.029440459814619742
2020-11-25,467,0.37089054341668004,0.40888457236010195,-0.03799402894342195
2020-11-27,465,0.5320893817890378,0.5477757077087246,-0.015686325919686914
2020-11-30,469,0.44788306839002157,0.4866402695750356,-0.03875720118501407
2020-12-01,475,0.44287767840164993,0.47580170768934815,-0.03292402928769822
2020-12-02,463,0.4236337143513807,0.45932411964090536,-0.03569040528952463
2020-12-03,476,0.5571528620131382,0.5856291424276033,-0.02847628041446516
2020-12-04,480,0.40367320976311494,0.4323908275188218,-0.028717617755706863
2020-12-07,475,0.36816631561902385,0.40765787257702485,-0.039491556958001016
2020-12-08,473,0.4455647091030886,0.4711846747906698,-0.025619965687581195
2020-12-09,471,0.40946339825171124,0.4395094475564868,-0.030046049304775575
2020-12-10,475,0.37046460521655783,0.40109607829375427,-0.030631473077196464
2020-12-11,458,0.4426360645520392,0.4633092156221345,-0.02067315107009529
2020-12-14,473,0.49521538169236756,0.5310929097960709,-0.035877528103703385
2020-12-15,478,0.37160487247635365,0.40450929084261766,-0.03290441836626399
2020-12-16,474,0.40164698905966384,0.43829147431052906,-0.03664448525086523
2020-12-17,473,0.4135457550627903,0.44152581793163265,-0.027980062868842342
2020-12-18,478,0.40646685807831706,0.43111615423990124,-0.024649296161584195
2020-12-21,475,0.4032564399842691,0.43146250682300674,-0.028206066838737647
2020-12-22,479,0.399194749113128,0.43275491281012163,-0.03356016369699364
2020-12-23,473,0.28546622022877366,0.3286045753525004,-0.04313835512372678
2020-12-24,480,0.36455731458336177,0.3983540706189565,-0.03379675603559473
2020-12-28,480,0.32280246587847444,0.3546875313765318,-0.03188506549805743
2020-12-29,462,0.3328171540868747,0.3744883255811751,-0.041671171494300524
2020-12-30,469,0.36212697714550784,0.40203774929022573,-0.039910772144717846
2020-12-31,475,0.6462139740964439,0.6384463579244815,0.007767616171962556
2021-01-04,478,0.45677372896276025,0.4883236394153472,-0.0315499104525869
2021-01-05,479,0.9478626187081824,0.9305696780418697,0.017292940666312658
2021-01-06,468,0.5684685212842104,0.5880608677570612,-0.019592346472850793
2021-01-07,476,0.39502453823094724,0.4278970069237062,-0.03287246869275902
2021-01-08,480,0.41847533902902245,0.4476966290322665,-0.029221290003244037
2021-01-11,480,0.4986980063103181,0.5234067014186277,-0.024708695108309576
2021-01-12,478,0.43096500351241224,0.4563159523734189,-0.025350948861006663
2021-01-13,475,0.49120171008081476,0.5146475346920889,-0.023445824611274143
2021-01-14,478,0.46144758792413215,0.4787178220081842,-0.01727023408405202
2021-01-15,475,0.4680873359381836,0.49541785614632566,-0.02733052020814212
2021-01-19,480,0.4646446936998891,0.4954690067017664,-0.030824313001877383
2021-01-20,473,0.43156864680673745,0.4546295349113902,-0.02306088810465267
2021-01-21,479,0.3848890613932622,0.41325157779697447,-0.028362516403712273
2021-01-22,480,0.43859868290873366,0.46164245742424953,-0.023043774515515866
2021-01-25,479,0.5173010222221756,0.5305905785185171,-0.013289556296341513
2021-01-26,480,1.0309837701327564,0.9636638012628118,0.06731996886994455
2021-01-27,474,0.7536814030307641,0.754446617526765,-0.0007652144960009065
2021-01-28,467,0.6602908736553107,0.6525851906060683,0.007705683049242355
2021-01-29,479,0.5608681600178691,0.5880234729293321,-0.027155312911462958
2021-02-01,478,0.5932917025875943,0.6175823835875913,-0.024290680999997063
2021-02-02,480,0.4694967496857108,0.4965836152904979,-0.027086865604787087
2021-02-03,470,0.5619644778423896,0.5872815929744686,-0.025317115132079022
2021-02-04,476,0.42441795879494176,0.4568828707229796,-0.03246491192803785
2021-02-05,475,0.5046879533706631,0.5328434714780095,-0.0281555181073464
2021-02-08,474,0.37292011355642735,0.4040822594126752,-0.031162145856247894
2021-02-09,477,0.38453833602390725,0.41691669235076106,-0.03237835632685381
2021-02-10,460,0.44456639028393424,0.46257505514654607,-0.018008664862611812
2021-02-11,472,0.3751222958772282,0.40070121445906876,-0.025578918581840592
2021-02-12,472,0.47309564412785865,0.4851060548964528,-0.01201041076859422
2021-02-16,474,0.3849006588226242,0.4064560776850608,-0.021555418862436587
2021-02-17,472,0.4298819632564082,0.441470608653433,-0.011588645397024795
2021-02-18,469,0.5407100361933287,0.5498071826111663,-0.009097146417837751
2021-02-19,477,0.6383705993694244,0.632324159509432,0.006046439859992414
2021-02-22,475,0.40571351079406465,0.4256372440243166,-0.019923733230251924
2021-02-23,477,0.6182412271866802,0.6241353890004472,-0.005894161813767023
2021-02-24,464,0.7808800558803577,0.7441746265722297,0.03670542930812802
2021-02-25,463,0.5395549570016691,0.5441591652825467,-0.004604208280877646
2021-02-26,477,0.7205251501138658,0.723527410832267,-0.003002260718401307
2021-03-01,477,0.4054796249862158,0.4230964158525805,-0.01761679086636469
2021-03-02,474,0.5726387732891389,0.5697330857505859,0.002905687538553169
2021-03-03,468,0.6679847773482175,0.652600640051779,0.01538413729643863
2021-03-04,471,0.7580145510590925,0.7547623549011235,0.003252196157969034
2021-03-05,478,0.6512211547951534,0.6479192433487883,0.0033019114463651764
2021-03-08,462,0.6511814438278011,0.6507817475797957,0.0003996962480054852
2021-03-09,479,0.4891853428091093,0.5120091647493272,-0.022823821940217946
2021-03-10,467,0.49434328672836436,0.5135921526862463,-0.0192488659578819
2021-03-11,456,0.4131616740006182,0.4406853037008369,-0.02752362970021877
2021-03-12,472,0.4680502366756807,0.4926859731348143,-0.024635736459133598
2021-03-15,470,0.4193332119455241,0.4364140512488543,-0.017080839303330243
2021-03-16,478,0.4186839342122822,0.444672138544289,-0.02598820433200684
2021-03-17,476,0.6186698440826902,0.615994269508619,0.0026755745740711483
2021-03-18,477,0.40755469428412006,0.4285209695692735,-0.020966275285153456
2021-03-19,481,0.39907265141243986,0.4240475319664657,-0.024974880554025924
2021-03-22,481,0.5791409062491384,0.5767682907201898,0.002372615528948689
2021-03-23,479,0.4360127869784285,0.4572779600048526,-0.021265173026424125
2021-03-24,478,0.47219450306353156,0.5007921706516218,-0.028597667588090334
2021-03-25,480,0.7105701538643232,0.7162623369635883,-0.005692183099265126
2021-03-26,482,0.41646125792359645,0.435775125444712,-0.019313867521115496
2021-03-29,463,0.3827510568510807,0.41325244761572577,-0.030501390764645166
2021-03-30,471,0.3971642208840073,0.4235834847341628,-0.02641926385015543
2021-03-31,479,0.43978082177729544,0.4710431637626983,-0.03126234198540289
2021-04-01,476,0.42402477716709414,0.45625653850115566,-0.032231761334061505
2021-04-05,478,0.31802110542786904,0.3524948932657237,-0.03447378783785467
2021-04-06,481,0.3237569318052039,0.35390173463512375,-0.03014480282991983
2021-04-07,471,0.3183017550017204,0.3536070933428783,-0.03530533834115797
2021-04-08,479,0.32484352843038394,0.3612785947656483,-0.03643506633526435
2021-04-09,481,0.2940279610877033,0.32858802393690106,-0.03456006284919774
2021-04-12,482,0.3467609642255391,0.3746257933233475,-0.027864829097808453
2021-04-13,477,0.34478155011522527,0.37460443860971043,-0.02982288849448517
2021-04-14,478,0.3999843931749718,0.42954414869425,-0.029559755519278228
2021-04-15,482,0.32204918686031575,0.3569209099578115,-0.03487172309749581
2021-04-16,482,0.3122105295661727,0.3386139104036997,-0.02640338083752701
2021-04-19,476,0.47219997151253373,0.48327303139495187,-0.011073059882418102
2021-04-20,481,0.4455119721916003,0.475932669109047,-0.030420696917446723
2021-04-21,478,0.3852748043356245,0.4020663106031954,-0.016791506267570897
2021-04-22,479,0.40921522633959495,0.4416053506681338,-0.032390124328538834
2021-04-23,482,0.3467798028588767,0.376726942871275,-0.0299471400123983
2021-04-26,481,0.3327420917250982,0.3625814946363519,-0.02983940291125366
2021-04-27,481,0.37528271535178953,0.3994173735405421,-0.024134658188752517
2021-04-28,474,0.4444404598132524,0.46539241081686067,-0.020951951003608162
2021-04-29,471,0.4382638715887471,0.4457153542229141,-0.00745148263416698
2021-04-30,481,0.39897212051317665,0.42211818729170764,-0.023146066778531
2021-05-03,482,0.4444798558266796,0.45727955149989546,-0.012799695673215872
2021-05-04,481,0.4305309023091785,0.4468043233707042,-0.016273421061525645
2021-05-05,472,0.4514778605437644,0.46725260764509574,-0.015774747101331334
2021-05-06,472,0.4311964213545804,0.4539290214118003,-0.022732600057219936
2021-05-07,477,0.44899831912547666,0.46202163447392913,-0.013023315348452464
2021-05-10,479,0.47679852309351606,0.481315447914687,-0.004516924821170943
2021-05-11,477,0.8072928702955585,0.7654886858981276,0.04180418439743095
2021-05-12,463,0.49897830160453566,0.5195904666739766,-0.020612165069440958
2021-05-13,472,0.5151309352962944,0.5375803300226873,-0.022449394726392975
2021-05-14,481,0.32916355813458814,0.35300992596916847,-0.023846367834580308
2021-05-17,474,0.3857571416423429,0.40045370610251957,-0.014696564460176687
2021-05-18,475,0.35520350519347643,0.3748611996392433,-0.019657694445766843
2021-05-19,472,0.3848866430104476,0.4145409369923887,-0.029654293981941082
2021-05-20,476,0.2901423397974598,0.3204689097619296,-0.030326569964469814
2021-05-21,476,0.32456264478120705,0.3560764405463015,-0.03151379576509441
2021-05-24,477,0.3266913191723359,0.3485042881394945,-0.02181296896715863
2021-05-25,479,0.28677957412688526,0.3189394096565608,-0.03215983552967558
2021-05-26,462,0.3456633505493698,0.3712308865204971,-0.02556753597112728
2021-05-27,464,0.26811193684787454,0.29852785208286214,-0.03041591523498761
2021-05-28,476,0.3994004238770085,0.41536883925648865,-0.01596841537948012
2021-06-01,476,0.3192161427105417,0.3433596298980882,-0.024143487187546508
2021-06-02,467,0.3303022804087536,0.35036485548147617,-0.020062575072722556
2021-06-03,481,0.31211384051637414,0.3404074624054265,-0.028293621889052416
2021-06-04,476,0.34874868706099044,0.369260500038823,-0.02051181297783256
2021-06-07,477,0.2922957200888909,0.31720183318112005,-0.024906113092229187
2021-06-08,475,0.3312265309356109,0.3466670034098887,-0.015440472474277793
2021-06-09,472,0.3583532552518752,0.3753301608299817,-0.016976905578106532
2021-06-10,479,0.26883521077094347,0.2970304264024168,-0.02819521563147328
2021-06-11,458,0.32326651471087864,0.33965686029843994,-0.016390345587561316
2021-06-14,474,0.2808049013816445,0.3025607285410406,-0.02175582715939611
2021-06-15,479,0.34116188363741107,0.35156346733186994,-0.010401583694458847
2021-06-16,479,0.5857209740737869,0.5632390171973599,0.022481956876427005
2021-06-17,479,0.5897488741968603,0.5650939483378462,0.024654925859014024
2021-06-18,479,0.5929398854042686,0.5926104521296486,0.00032943327461995434
2021-06-21,482,0.2612427184753041,0.28710639091407014,-0.025863672438766035
2021-06-22,480,0.26658230394818333,0.2895028223802046,-0.022920518432021243
2021-06-23,475,0.32025502758263075,0.3434259360888607,-0.02317090850622992
2021-06-24,478,0.3119617485696924,0.3372062776881808,-0.025244529118488315
2021-06-25,481,0.4028974247412471,0.40886458933919584,-0.005967164597948683
2021-06-28,464,0.2823930094069379,0.3009246720467388,-0.018531662639800797
2021-06-29,473,0.27249755618554505,0.29465658167876524,-0.022159025493220165
2021-06-30,474,0.29903156331536707,0.3229287177059444,-0.02389715439057734
2021-07-01,476,0.2387484240366919,0.26438776936153513,-0.02563934532484327
2021-07-02,478,0.4117276066875387,0.41510155517906083,-0.0033739484915221085
2021-07-06,481,0.3296697609543167,0.3468304033846146,-0.01716064243029796
2021-07-07,475,0.4003082144251943,0.4011076297241875,-0.0007994152989932025
2021-07-08,478,0.492177505034028,0.500272573408045,-0.00809506837401699
2021-07-09,482,0.26250909701973374,0.2860947536995885,-0.023585656679854725
2021-07-12,482,0.3467342085145735,0.35416221267099407,-0.007428004156420559
2021-07-13,475,0.30305709851607027,0.3199020387011034,-0.016844940185033134
2021-07-14,479,0.30512991007569673,0.32067686214365504,-0.015546952067958274
2021-07-15,481,0.39651135770274204,0.4027085956053226,-0.006197237902580467
2021-07-16,481,0.6628052707627314,0.623105499065935,0.03969977169679643
2021-07-19,477,0.6733106655864776,0.6645518783814266,0.008758787205050973
2021-07-20,481,0.4487724604235917,0.4616118713660797,-0.012839410942488005
2021-07-21,478,0.3549282374450331,0.3678975819217737,-0.012969344476740594
2021-07-22,480,0.3512105987427389,0.3719082293557047,-0.020697630612965808
2021-07-23,479,0.32518150728832135,0.3457107343510303,-0.02052922706270898
2021-07-26,481,0.34017191514292766,0.3527599747347481,-0.012588059591820478
2021-07-27,481,0.3349392834363674,0.35133712612858076,-0.016397842692213366
2021-07-28,472,0.4027250295131013,0.41744693119777454,-0.014721901684673182
2021-07-29,469,0.36133100973988436,0.37315706473597615,-0.011826054996091752
2021-07-30,481,0.2991629269280233,0.31800579201716683,-0.018842865089143568
2021-08-02,482,0.4428356007654059,0.45539685651805867,-0.012561255752652776
2021-08-03,481,0.43312507457836463,0.4336801324339561,-0.0005550578555914453
2021-08-04,476,0.46839134007299,0.477362361819043,-0.008971021746053002
2021-08-05,476,0.32075892554319524,0.3400514333113853,-0.01929250776819011
2021-08-06,472,0.2987430742127729,0.3163080673131448,-0.017564993100371906
2021-08-09,481,0.39637105984413334,0.3949584006667742,0.0014126591773591574
2021-08-10,477,0.344326334158418,0.3406825786434282,0.003643755514989761
2021-08-11,460,0.2739208681495597,0.2727544541363457,0.0011664140132140377
2021-08-12,473,0.2779929053082682,0.2765310371734162,0.0014618681348519938
2021-08-13,480,0.29519871747247683,0.29362760572758406,0.0015711117448928042
2021-08-16,472,0.39686607990311124,0.40313798310939647,-0.006271903206285236
2021-08-17,476,0.41336858858793957,0.42127365701328784,-0.007905068425348343
2021-08-18,471,0.39024499437694826,0.3928387853559209,-0.002593790978972673
2021-08-19,477,0.27657347469885935,0.27104102222565385,0.005532452473205491
2021-08-20,478,0.377335030763922,0.37298185230985637,0.004353178454065591
2021-08-23,480,0.3551422508926644,0.3520550490707643,0.003087201821900032
2021-08-24,478,0.2713957503520744,0.2666119387803318,0.004783811571742646
2021-08-25,477,0.3375926736393782,0.34002868369066436,-0.002436010051286192
2021-08-26,477,0.3709000001603109,0.36386742007254014,0.0070325800877707465
2021-08-27,472,0.30365730351685705,0.30319673639473355,0.00046056712212354245
2021-08-30,459,0.26367804704707537,0.2626720097743445,0.0010060372727308336
2021-08-31,479,0.2964970178283284,0.2951055521041596,0.0013914657241686894
2021-09-01,466,0.3244059740977154,0.3199384113327137,0.004467562765001621
2021-09-02,477,0.2534297760919199,0.2531556162514951,0.0002741598404248229
2021-09-03,476,0.40338020846043604,0.41074191557661843,-0.007361707116182434
2021-09-07,477,0.36571449343965395,0.3667751683243179,-0.0010606748846639458
2021-09-08,466,0.3500643142282483,0.352395026302278,-0.00233071207402969
2021-09-09,479,0.34026275779862214,0.34473240014717904,-0.004469642348556906
2021-09-10,479,0.3864762826066676,0.3841926472055732,0.0022836354010944103
2021-09-13,456,0.38169702563154034,0.3865392231841655,-0.004842197552625191
2021-09-14,474,0.38473923563085466,0.3802171184148048,0.004522117216049884
2021-09-15,478,0.28674562536819076,0.28700310848757127,-0.00025748311938055023
2021-09-16,480,0.3927530143307358,0.39932762681897344,-0.006574612488237657
2021-09-17,480,0.5332008609973312,0.5493213216035661,-0.016120460606234854
2021-09-20,479,0.2727971198269711,0.27271982761234936,7.729221462169596e-05
2021-09-21,481,0.42054616043944953,0.4144941146699913,0.006052045769458245
2021-09-22,476,0.4796143933178201,0.4738451226092038,0.005769270708616254
2021-09-23,479,0.2606353890553884,0.2590247849238857,0.0016106041315027066
2021-09-24,480,0.5066945356109916,0.5098995046813183,-0.0032049690703266588
2021-09-27,481,0.5970468255774124,0.6149032417935767,-0.017856416216164284
2021-09-28,461,0.32596617767974284,0.3250998224722113,0.0008663552075314976
2021-09-29,470,0.5296035214991882,0.543644871421632,-0.014041349922443781
2021-09-30,481,0.47334899555547405,0.4682165560932085,0.005132439462265572
2021-10-01,477,0.467164788861669,0.475284466787307,-0.00811967792563803
2021-10-04,479,0.3677377258210779,0.3630362265300057,0.0047014992910721105
2021-10-05,482,0.3066422536702974,0.30477486047197216,0.0018673931983252412
2021-10-06,471,0.35413330553461864,0.3475525113937268,0.00658079414089187
2021-10-07,481,0.3329058784527254,0.3337705242508055,-0.0008646457980800471
2021-10-08,483,0.329403923479085,0.33193309671711124,-0.0025291732380262654
2021-10-11,483,0.29394513781335696,0.29263915232768695,0.0013059854856700215
2021-10-12,480,0.31870224270236125,0.31628011135645273,0.002422131345908513
2021-10-13,474,0.5498805529188383,0.5430792793668213,0.006801273552017028
2021-10-14,482,0.3120668897975524,0.309347181655348,0.0027197081422044196
2021-10-15,483,0.32856363357141105,0.32783274074310265,0.0007308928283084021
2021-10-18,482,0.32207093590639424,0.3175674663856656,0.004503469520728643
2021-10-19,482,0.3622658214079051,0.35825084703273424,0.004014974375170798
2021-10-20,477,0.3809314661999519,0.3800257629467843,0.0009057032531675991
2021-10-21,482,0.32035335937150605,0.3181806159572885,0.0021727434142174836
2021-10-22,482,0.3017818456777898,0.29907400949332147,0.0027078361844683715
2021-10-25,482,0.3382240975959731,0.33866022126794004,-0.00043612367196695746
2021-10-26,482,0.5957383479651466,0.608684392116567,-0.01294604415142049
2021-10-27,474,0.4931024195055942,0.4889265096000573,0.004175909905536925
2021-10-28,470,0.4001173117619398,0.40155334028548123,-0.0014360285235414348
2021-10-29,480,0.4501102897141826,0.44744531857971476,0.002664971134467846
2021-11-01,481,0.44871340788958863,0.44875839417090585,-4.4986281317212485e-05
2021-11-02,483,0.4434101520824401,0.44120163658257355,0.002208515499866507
2021-11-03,473,0.5155072158148384,0.5185528425145323,-0.003045626699693852
2021-11-04,479,0.5740781343178967,0.5736125254287866,0.00046560888911008954
2021-11-05,481,0.40223982633239824,0.4020260083030268,0.00021381802937137613
2021-11-08,473,0.3134574967023885,0.31224002957645003,0.0012174671259383982
2021-11-09,464,0.42385897332163436,0.4309210935663494,-0.007062120244715051
2021-11-10,483,0.3416630108250821,0.3400620372991415,0.0016009735259406878
2021-11-11,467,0.32161661939388597,0.3175172511357268,0.004099368258159106
2021-11-12,477,0.33746527090928513,0.335319255999128,0.0021460149101571236
2021-11-15,476,0.3677899629202429,0.3663594980319116,0.0014304648883313397
2021-11-16,477,0.3543426458781283,0.3565060073772359,-0.002163361499107593
2021-11-17,468,0.3234984319888695,0.3243671907439793,-0.0008687587551097094
2021-11-18,480,0.4351746494598237,0.44067606259785386,-0.005501413138030156
2021-11-19,476,0.4322146649846283,0.4338887569335517,-0.0016740919489234788
2021-11-22,478,0.3997859689065136,0.3982948672752143,0.0014911016312992562
2021-11-23,476,0.30754228603558587,0.3054662421825896,0.0020760438529962835
2021-11-24,479,0.9559694469732513,0.9883541856220863,-0.032384738648835155
2021-11-26,473,0.4564463398173699,0.45275940216496713,0.003686937652402741
2021-11-29,463,0.8881145702043961,0.9205349157287582,-0.03242034552436211
2021-11-30,477,0.5615522692357365,0.575151313777659,-0.013599044541922614
2021-12-01,465,0.8235762318171489,0.8178639446413287,0.005712287175820241
2021-12-02,480,0.46477508224042424,0.46896350841652795,-0.0041884261761037395
2021-12-03,479,0.5642341187344153,0.5588751883547715,0.005358930379643836
2021-12-06,479,0.5948890823874509,0.5874085268182964,0.007480555569154521
2021-12-07,478,0.3104977286406794,0.30714037662747223,0.003357352013207174
2021-12-08,468,0.3852329397013832,0.38793954386457835,-0.002706604163195106
2021-12-09,482,0.36599633933384956,0.3616382659810198,0.004358073352829819
2021-12-10,481,0.4863821632219447,0.4918154581404048,-0.005433294918460064
2021-12-13,464,0.40537151292251766,0.4110465942896315,-0.00567508136711379
2021-12-14,478,0.4862247281223048,0.48040840967636067,0.0058163184459440916
2021-12-15,478,0.5067714000411645,0.5117991922407538,-0.005027792199589296
2021-12-16,479,0.5299908440221432,0.5395065446673151,-0.00951570064517185
2021-12-17,481,0.5043740692266004,0.5152378638831662,-0.010863794656565754
2021-12-20,481,0.7187057640975667,0.7114220949672024,0.007283669130364277
2021-12-21,479,0.32423753752615436,0.3175521039257008,0.006685433600453551
2021-12-22,484,0.2782172503362522,0.27167985217863166,0.006537398157620537
2021-12-23,482,0.41525102530815733,0.40612602082147925,0.00912500448667808
2021-12-27,485,0.2474959004058806,0.2447655670559139,0.0027303333499666903
2021-12-28,484,0.24377384261375926,0.24006653027365732,0.0037073123401019444
2021-12-29,468,0.24964528085213425,0.24814481409449224,0.0015004667576420025
2021-12-30,474,0.22807995548428045,0.22559831631999883,0.002481639164281616
2021-12-31,481,0.5621168333982234,0.5659903836890171,-0.0038735502907938507
2022-01-03,482,0.5783729089274644,0.5786641810610397,-0.0002912721335752996
2022-01-04,483,0.6816868160627251,0.7013512234734844,-0.019664407410759352
2022-01-05,476,0.4211818707600375,0.4190122115305077,0.00216965922952981
2022-01-06,478,0.5095179385384613,0.5148847766940017,-0.005366838155540375
2022-01-07,485,0.40363616944571434,0.40548449598071135,-0.0018483265349970182
2022-01-10,485,0.4339126258518183,0.4280181435656483,0.005894482286169945
2022-01-11,484,0.3001898630937617,0.2981690154497849,0.002020847643976758
2022-01-12,478,0.5049525700688536,0.5123591410796745,-0.007406571010820911
2022-01-13,482,0.43958094928065006,0.44107010128740487,-0.001489152006754787
2022-01-14,482,0.6031368402963646,0.6190117609757213,-0.015874920679356745
2022-01-18,483,0.4735341795158055,0.48118157378566356,-0.007647394269858065
2022-01-19,478,0.46931256873910243,0.4772499862606317,-0.00793741752152924
2022-01-20,484,0.5861897898458062,0.5980885931909018,-0.011898803345095603
2022-01-21,485,0.4683648457531655,0.46395338298368416,0.004411462769481349
2022-01-24,484,0.6370868703137627,0.6509501548204087,-0.013863284506646069
2022-01-25,483,0.45632365628488164,0.4619546161737028,-0.005630959888821171
2022-01-26,484,0.545537020181136,0.5510844342767938,-0.005547414095657669
2022-01-27,474,0.712224645877143,0.705038092534279,0.007186553342863897
2022-01-28,478,0.6711816042829452,0.6635282488981791,0.007653355384765962
2022-01-31,484,0.4188831696677614,0.4138003301753865,0.005082839492374914
2022-02-01,483,0.4868336588912097,0.48267590355422063,0.004157755336989138
2022-02-02,479,0.693336243981016,0.7075156410649557,-0.014179397083939654
2022-02-03,479,0.5054476556805976,0.5060500136800498,-0.0006023579994522062
2022-02-04,480,0.35462360531945225,0.35249918002138725,0.002124425298064923
2022-02-07,483,0.45662450512419217,0.45025021449611374,0.006374290628078399
2022-02-08,478,0.5866493059049355,0.5771752641590913,0.009474041745844248
2022-02-09,473,0.6243987805680139,0.6412273482495671,-0.016828567681553115
2022-02-10,477,0.6527136045112117,0.6660693521833254,-0.01335574767211367
2022-02-11,478,0.36631964497732245,0.36884687015521467,-0.0025272251778922015
2022-02-14,479,0.6253471527086092,0.6177559103577365,0.0075912423508727855
2022-02-15,482,0.36493602003827524,0.361335130474573,0.003600889563702235
2022-02-16,469,0.7098459931211066,0.7283288748435904,-0.01848288172248373
2022-02-17,477,0.3538707554396514,0.35466031634967454,-0.0007895609100231233
2022-02-18,482,0.4474726679300998,0.4524717307395075,-0.004999062809407712
2022-02-22,485,0.6577402943198307,0.6702407552154299,-0.012500460895599244
2022-02-23,473,0.8060437804614726,0.8040453924080663,0.0019983880534063902
2022-02-24,472,0.9132697887249774,0.9050123355523834,0.008257453172594175
2022-02-25,471,0.52929688002054,0.5306363353015578,-0.0013394552810178685
2022-02-28,479,0.7967422167806215,0.81787752714014,-0.021135310359518503
2022-03-01,482,0.7526116389100627,0.7430508310123266,0.009560807897736093
2022-03-02,475,0.4976537420634732,0.49975935180719605,-0.002105609743722825
2022-03-03,478,0.7274496854186076,0.7392984733900001,-0.011848787971392436
2022-03-04,481,1.2072417458487779,1.247147652042738,-0.03990590619396005
2022-03-07,481,0.682817968304749,0.6908990286809163,-0.008081060376167395
2022-03-08,469,0.8993242644910221,0.8919682784636429,0.007355986027379066
2022-03-09,471,0.4530738341768118,0.45344388195990243,-0.0003700477830905768
2022-03-10,484,0.45361703326616537,0.45867661507771557,-0.005059581811550187
2022-03-11,462,0.582917184040034,0.5890143591379997,-0.006097175097965612
2022-03-14,478,0.6364890808085651,0.6266887034810876,0.009800377327477539
2022-03-15,480,0.8358920826340682,0.8278835962579196,0.008008486376148618
2022-03-16,480,0.4854483157912064,0.4761299857379837,0.009318330053222685
2022-03-17,484,0.4470663226218499,0.4387463231298496,0.008319999492000291
2022-03-18,482,0.43057077029985114,0.4297542157061952,0.0008165545936559304
2022-03-21,486,0.3729308962876631,0.3647989842586674,0.008131912028995674
2022-03-22,483,0.5510365047937386,0.5584532919329922,-0.007416787139253597
2022-03-23,479,0.44104468482720244,0.4311238911631325,0.009920793664069897
2022-03-24,485,0.39717303545322585,0.3915754673682117,0.005597568085014172
2022-03-25,485,0.3833089278445719,0.3784723303610851,0.004836597483486795
2022-03-28,486,0.5654479140507487,0.5545797704247918,0.010868143625956861
2022-03-29,466,0.4299679183794925,0.43214876738904157,-0.0021808490095490208
2022-03-30,476,0.5148530397861297,0.5223142370096087,-0.007461197223478884
2022-03-31,483,0.43912728431953635,0.4344256758073391,0.0047016085121972685
2022-04-01,482,0.3891223827890814,0.3852766401965144,0.0038457425925669617
2022-04-04,481,0.4957836731457518,0.5004026863979204,-0.004619013252168711
2022-04-05,485,0.5502771737735133,0.5539401813672836,-0.0036630075937704467
2022-04-06,476,0.40066292863847264,0.39636464552925504,0.004298283109217535
2022-04-07,480,0.38861269720722824,0.3847339343676993,0.003878762839528915
2022-04-08,485,0.45027546964476073,0.45523113324581893,-0.00495566360105817
2022-04-11,484,0.3468844224337926,0.34537720271720124,0.0015072197165913474
2022-04-12,480,0.4419635830741452,0.4317423764760159,0.01022120659812931
2022-04-13,487,0.44200140768844626,0.4438295984983541,-0.0018281908099079204
2022-04-14,488,0.3871946617052521,0.38638217031289357,0.0008124913923585002
2022-04-18,485,0.6333553013545481,0.6212268571801074,0.012128444174440756
2022-04-19,486,0.5120784805830985,0.5073299303101245,0.004748550272973971
2022-04-20,482,0.6178554513105939,0.6292435025100175,-0.011388051199423542
2022-04-21,487,0.9347753575201272,0.9631981286214036,-0.028422771101276452
2022-04-22,486,0.4295832323579924,0.4255987854010806,0.0039844469569118544
2022-04-25,486,0.8500439174478822,0.8739334115552014,-0.023889494107319297
2022-04-26,487,0.43530389023999544,0.43250756984591293,0.002796320394082489
2022-04-27,480,0.7476310623323414,0.7386268381610647,0.009004224171276668
2022-04-28,477,1.0357115756624036,1.0699242460617648,-0.03421267039936131
2022-04-29,487,0.4861183013201768,0.48248275325019213,0.003635548069984667
2022-05-02,488,0.49055465723861924,0.48456948668772604,0.005985170550893182
2022-05-03,486,0.9515862091707988,0.9408016922173705,0.010784516953428264
2022-05-04,481,1.107316381298794,1.1488509209091389,-0.04153453961034492
2022-05-05,481,0.598113446196012,0.6058014234924336,-0.007687977296421519
2022-05-06,480,1.2546024801362001,1.2972325996117235,-0.04263011947552321
2022-05-09,486,0.5009323524715142,0.4995249316185887,0.0014074208529255372
2022-05-10,483,0.6170481914680033,0.6259443403838584,-0.008896148915855143
2022-05-11,470,0.5337028382243036,0.5290722597911245,0.004630578433179153
2022-05-12,473,0.8188619883274584,0.8058684031001918,0.012993585227266544
2022-05-13,485,0.4363013776681965,0.4361250704456553,0.00017630722254116456
2022-05-16,481,0.7165622181875011,0.7038772145187179,0.012685003668783083
2022-05-17,480,1.3386437317137718,1.382318734429891,-0.04367500271611935
2022-05-18,474,0.4987977627665077,0.49726512179068566,0.001532640975822051
2022-05-19,486,0.47632363236350594,0.47346659839838406,0.0028570339651219083
2022-05-20,482,0.5272492003894279,0.5168432402945008,0.010405960094927124
2022-05-23,481,0.6211462903894873,0.6267331909369018,-0.005586900547414508
2022-05-24,486,0.5023695199347238,0.4910801490947806,0.01128937083994324
2022-05-25,477,0.7305054014895901,0.7165273623540476,0.013978039135542455
2022-05-26,473,0.7380046067739168,0.7229015322323391,0.015103074541577562
2022-05-27,471,0.4543581016541858,0.45663013339077574,-0.002272031736589934
2022-05-31,483,0.48754378088425726,0.4903219317686587,-0.0027781508844014207
2022-06-01,472,0.6857713876767377,0.6735706164891222,0.012200771187615526
2022-06-02,484,0.48335040838771687,0.4872665094198094,-0.0039161010320925395
2022-06-03,485,0.34754419128678926,0.34273712119954536,0.004807070087243898
2022-06-06,482,0.38677617256833186,0.37768755707975066,0.00908861548858115
2022-06-07,483,0.5492073036113747,0.5572638067592106,-0.008056503147835998
2022-06-08,471,0.7368870039293534,0.7550600230413544,-0.01817301911200118
2022-06-09,486,0.896445823147267,0.9235620236787625,-0.02711620053149549
2022-06-10,485,1.3809172459611785,1.4402948318542061,-0.05937758589302761
2022-06-13,463,0.5034322290869957,0.5074690885362424,-0.004036859449246696
2022-06-14,483,0.4939337566655477,0.483497273037535,0.01043648362801269
2022-06-15,481,1.2360823881105751,1.2834978506326937,-0.04741546252211882
2022-06-16,484,0.5331862935244769,0.5300906427222312,0.0030956508022457647
2022-06-17,485,0.6439465312713317,0.6324088594506183,0.011537671820713387
2022-06-21,486,0.44064268271948936,0.44028395444601676,0.000358728273472583
2022-06-22,483,0.6639926251620308,0.6604626516846646,0.0035299734773662807
2022-06-23,484,1.0486712692787883,1.035395925941565,0.013275343337223067
2022-06-24,486,0.37325767251204817,0.36999019235389907,0.003267480158149125
2022-06-27,488,0.6069283630135286,0.613234106329631,-0.006305743316102404
2022-06-28,470,0.44719420796726556,0.44936388994355275,-0.0021696819762872088
2022-06-29,473,0.4330198574918152,0.43435068885531836,-0.001330831363503121
2022-06-30,484,0.5195742208173458,0.5102521360023564,0.009322084814989428
2022-07-01,483,0.6360916424085405,0.6392630389534677,-0.003171396544927124
2022-07-05,485,0.38307416767348124,0.37948335909165626,0.0035908085818249507
2022-07-06,481,0.5634858330589481,0.5509613107029565,0.012524522355991587
2022-07-07,482,0.3295678753609944,0.32786935201383255,0.0016985233471618828
2022-07-08,487,0.4277360188942021,0.4293741218846504,-0.0016381029904483444
2022-07-11,487,0.44494751919979686,0.44536230991799985,-0.00041479071820297756
2022-07-12,487,0.3763908943785118,0.37611842371357057,0.0002724706649412243
2022-07-13,482,0.4638228883991113,0.4661034341440436,-0.0022805457449323148
2022-07-14,487,0.6209653239806959,0.6064795855692946,0.01448573841140132
2022-07-15,486,0.43316107402431914,0.4315342175415838,0.0016268564827353308
2022-07-18,484,0.8821358024479697,0.8670932561010005,0.01504254634696921
2022-07-19,486,0.4870496843599327,0.4796069964114918,0.007442687948440912
2022-07-20,482,0.4872932423016464,0.48045842191012617,0.006834820391520197
2022-07-21,487,0.4440327557894496,0.44595845798593275,-0.0019257021964832193
2022-07-22,488,0.40408873215629765,0.3989616594247178,0.005127072731579827
2022-07-25,485,0.5090721344734418,0.5126191154687941,-0.003546980995352392
2022-07-26,487,0.7232550320765428,0.7099827669199509,0.013272265156591936
2022-07-27,479,0.7315199119746529,0.7229935980763247,0.00852631389832827
2022-07-28,474,0.5480135833440255,0.5394539514521309,0.008559631891894638
2022-07-29,488,0.3884038734769355,0.38634413974604653,0.0020597337308889923
2022-08-01,489,0.48906406405831054,0.4899106239142881,-0.0008465598559775595
2022-08-02,487,0.5596218585036437,0.5502769792837998,0.00934487921984381
2022-08-03,483,0.472696731558191,0.4718816936819695,0.0008150378762214689
2022-08-04,483,0.43110858900725874,0.4273010952914465,0.0038074937158123295
2022-08-05,484,0.36795877264985155,0.36317362614989146,0.004785146499960071
2022-08-08,483,0.5267281053745966,0.5304156329127921,-0.003687527538195516
2022-08-09,485,0.7410658035978157,0.7277405665536961,0.013325237044119646
2022-08-10,473,0.4048913501799938,0.4002483287597963,0.004643021420197388
2022-08-11,473,0.49741106135951285,0.4837198133949214,0.013691247964591466
2022-08-12,487,0.32481883331439215,0.3203454889611728,0.004473344353219295
2022-08-15,479,0.3363950069910662,0.33106521362884656,0.0053297933622196685
2022-08-16,480,0.4326914725236947,0.4345651842711676,-0.0018737117474729198
2022-08-17,475,0.36536310228076635,0.3604628428639778,0.004900259416788557
2022-08-18,485,0.5294387973868325,0.5350456624286939,-0.005606865041861472
2022-08-19,485,0.6646812882864155,0.6778643889035245,-0.013183100617109091
2022-08-22,486,0.3760036145144767,0.37403454703457234,0.0019690674799043785
2022-08-23,485,0.30877754557717163,0.30228356192651024,0.006493983650661376
2022-08-24,484,0.47854945280212197,0.4656556253217107,0.012893827480411254
2022-08-25,484,1.0518382292043982,1.0935872387670595,-0.041749009562661386
2022-08-26,485,0.3390179555504089,0.3390721941749889,-5.4238624579942986e-05
2022-08-29,474,0.4301098938690642,0.4347119868975432,-0.004602093028478942
2022-08-30,472,0.3509540785521618,0.35147445865075067,-0.0005203800985888218
2022-08-31,475,0.42398252272632175,0.4223031354575122,0.0016793872688096157
2022-09-01,484,0.3883588469602237,0.3897125938350896,-0.0013537468748659241
2022-09-02,481,0.3748358410109061,0.3740487090197795,0.0007871319911265463
2022-09-06,484,0.6696052744676488,0.6574057193664014,0.012199555101247478
2022-09-07,471,0.41958428774508233,0.41195563707028343,0.007628650674798861
2022-09-08,485,0.4734366413306179,0.4609540857039525,0.012482555626665373
2022-09-09,489,0.3720284754199319,0.3633935854845156,0.008634889935416223
2022-09-12,483,1.3309293276300735,1.3875926630415851,-0.05666333541151146
2022-09-13,466,0.4276702462254999,0.42506862640641163,0.0026016198190882945
2022-09-14,477,0.5025766258995495,0.5077501533222504,-0.005173527422700744
2022-09-15,487,0.516786091863234,0.5231179393385262,-0.006331847475292283
2022-09-16,486,0.39843622233980447,0.39234998866743914,0.0060862336723653656
2022-09-19,486,0.5408925641810121,0.5503751282035055,-0.009482564022493414
2022-09-20,485,0.5387250037865847,0.5488318427909402,-0.010106839004355418
2022-09-21,486,0.5857706101144414,0.596705304048532,-0.010934693934090547
2022-09-22,485,0.636358533918951,0.6501856536461192,-0.013827119727168262
2022-09-23,488,0.5384212273922231,0.5490653453299932,-0.010644117937770033
2022-09-26,488,0.4004439327201473,0.40057652319434134,-0.00013259047419407266
2022-09-27,488,0.7305193348796888,0.7183087768572273,0.012210558022461508
2022-09-28,465,0.6841271470938649,0.7004972198713764,-0.0163700727775116
2022-09-29,480,0.4983953381779077,0.5038855321752848,-0.005490193997377014
2022-09-30,486,0.9266171065318424,0.9180335555472721,0.00858355098457024
2022-10-03,486,1.1403901033354777,1.1320578316041463,0.008332271731331354
2022-10-04,487,0.38241347787658897,0.3843757008951793,-0.0019622230185902916
2022-10-05,475,0.5054194910946365,0.5129118266445685,-0.007492335549932014
2022-10-06,485,0.8490986202822454,0.87714604547605,-0.028047425193804612
2022-10-07,489,0.45877935347904275,0.46143819709916134,-0.002658843620118598
2022-10-10,488,0.45520570499910923,0.456463773397744,-0.0012580683986348257
2022-10-11,487,0.46131739715076314,0.4654027095096572,-0.004085312358893974
2022-10-12,483,0.7676721140134974,0.7575711295288066,0.010100984484690831
2022-10-13,486,0.7916179380766689,0.8144131114112428,-0.022795173334573905
2022-10-14,488,0.7750120854894855,0.7629858763488739,0.012026209140611602
2022-10-17,487,0.47879125745875184,0.46752573340587783,0.011265524052874053
2022-10-18,489,0.5977931547914155,0.6061881558556091,-0.008395001064193693
2022-10-19,482,0.5531653257124699,0.560339052373886,-0.0071737266614161025
2022-10-20,488,0.776025587799069,0.7652091751339583,0.01081641266511073
2022-10-21,489,0.4551454589571705,0.44743123197094364,0.007714226986226872
2022-10-24,488,0.7279968404292163,0.7171936754929322,0.010803164936284023
2022-10-25,487,0.47427946702082674,0.4730186809116185,0.0012607861092082443
2022-10-26,486,0.5029442009498265,0.5012213128796824,0.001722888070144106
2022-10-27,481,0.8281265498031262,0.818163469131299,0.009963080671827078
2022-10-28,479,0.3946350427052374,0.39518242397117687,-0.0005473812659394553
2022-10-31,487,0.4457472650785592,0.44277507435320795,0.0029721907253512448
2022-11-01,489,0.8674511391943623,0.8910088805034038,-0.023557741309041428
2022-11-02,482,0.6326292376992467,0.6358506178442646,-0.003221380145017927
2022-11-03,481,0.75560812714863,0.7499285286293981,0.005679598519231919
2022-11-04,486,0.4785671516625644,0.472547072163779,0.006020079498785388
2022-11-07,486,0.45437488450700103,0.44982692544163966,0.004547959065361351
2022-11-08,471,0.6982740908786695,0.7142386968306826,-0.01596460595201303
2022-11-09,477,2.2037962915262086,2.211996755367203,-0.008200463840994668
2022-11-10,489,0.7782312622233802,0.7813792976059329,-0.0031480353825526657
2022-11-11,474,0.5318281648503658,0.5222638564498457,0.009564308400520019
2022-11-14,482,0.49464059005636785,0.5034240279362288,-0.008783437879860868
2022-11-15,479,0.5505472648460297,0.5419991600932003,0.008548104752829315
2022-11-16,474,0.4354762786089929,0.4335201014455275,0.0019561771634654048
2022-11-17,485,0.4109623509273584,0.4192833048812937,-0.008320953953935296
2022-11-18,483,0.40172121740473676,0.40376082823081766,-0.0020396108260809045
2022-11-21,482,0.47729838046140327,0.4879798355357811,-0.010681455074377769
2022-11-22,483,0.35722511756458847,0.3677515967205022,-0.010526479155913789
2022-11-23,483,0.29392337343076497,0.3045846320209354,-0.010661258590170473
2022-11-25,488,0.5441750311995883,0.5285067995625577,0.01566823163703049
2022-11-28,479,0.3571891277082642,0.3635708826867117,-0.0063817549784475295
2022-11-29,466,0.8228069848124977,0.8315832575345877,-0.008776272722089981
2022-11-30,473,0.3934794647875096,0.3990869310947946,-0.005607466307285019
2022-12-01,485,0.3614830985681883,0.3659828871677199,-0.004499788599531623
2022-12-02,487,0.6404623423141639,0.6228954975160103,0.017566844798153663
2022-12-05,483,0.5045784811655064,0.4960344866630552,0.00854399450245128
2022-12-06,485,0.42433006302487575,0.4275225691903318,-0.0031925061654561205
2022-12-07,473,0.437404888524713,0.44623436085075546,-0.00882947232604246
2022-12-08,486,0.3949995418494045,0.39324820599328775,0.001751335856116802
2022-12-09,488,0.4746914961807566,0.48482553122780986,-0.010134035047053258
2022-12-12,482,0.4714199830563655,0.4777509922616472,-0.006331009205281673
2022-12-13,470,0.38653116894206696,0.38536609453382203,0.0011650744082449462
2022-12-14,477,0.7649178752498544,0.7462429521746817,0.01867492307517272
2022-12-15,482,0.4420623749295649,0.4346212553447211,0.0074411195848437936
2022-12-16,484,0.40586075330014815,0.4002894573006947,0.005571295999453405
2022-12-19,486,0.3262992629938148,0.3341492306223095,-0.007849967628494756
2022-12-20,484,0.47300018738871163,0.4827889412182948,-0.009788753829583151
2022-12-21,489,0.4433041497894534,0.43534098900560675,0.007963160783846655
2022-12-22,487,0.3208812073936229,0.3323218599372648,-0.011440652543641907
2022-12-23,486,0.33547947382956084,0.3416689108000566,-0.006189436970495783
2022-12-27,488,0.4564143998879887,0.44473769123102086,0.011676708656967887
2022-12-28,469,0.536421271176008,0.5456069299013457,-0.009185658725337682
2022-12-29,475,0.2995348014622267,0.30245389512861387,-0.0029190936663871306
2022-12-30,488,0.41057424666369946,0.4136784090953288,-0.0031041624316293526
2023-01-03,486,0.5485292789192632,0.555858703861742,-0.007329424942478939
2023-01-04,480,0.5537864255281487,0.5447198412811468,0.00906658424700185
2023-01-05,486,0.7804398209952963,0.787834676830022,-0.007394855834725571
2023-01-06,482,0.46472075471806357,0.4683541589281974,-0.003633404210133757
2023-01-09,489,0.3959586760078677,0.4041447694591893,-0.00818609345132157
2023-01-10,488,0.49838503271427376,0.5065471744730581,-0.008162141758784392
2023-01-11,483,0.4266668834492872,0.4331001382005431,-0.006433254751255878
2023-01-12,485,0.32809592332723636,0.33522649605143706,-0.0071305727242006265
2023-01-13,488,0.36579828355771066,0.36847813961694126,-0.002679856059230581
2023-01-17,489,0.5566330391801755,0.5457660648127445,0.010866974367430934
2023-01-18,481,0.49901451651425877,0.49149827383666067,0.007516242677598082
2023-01-19,485,0.5539601537523867,0.561971333447822,-0.008011179695435276
2023-01-20,490,0.49389300628049493,0.5018008487656033,-0.007907842485108368
2023-01-23,486,0.3663174380555677,0.36773506483260904,-0.0014176267770412963
2023-01-24,489,0.3842530160967367,0.3887771662670034,-0.00452415017026674
2023-01-25,488,0.4536235372534552,0.46062739284283016,-0.007003855589374976
2023-01-26,489,0.42192760490490056,0.42514438850945335,-0.003216783604552812
2023-01-27,483,0.44127442289595825,0.43272839418069636,0.008546028715261885
2023-01-30,483,0.5489530653701794,0.5571580206365377,-0.008204955266358279
2023-01-31,489,0.5583837030304015,0.5638709626483284,-0.005487259617926803
2023-02-01,486,0.7481377749840201,0.7510859699646065,-0.0029481949805864175
2023-02-02,485,0.5289729072320004,0.5199552958862422,0.009017611345758219
2023-02-03,484,0.40976950509589005,0.40394954136268696,0.005819963733203136
2023-02-06,487,0.44592994698181687,0.4521236548977997,-0.006193707915982805
2023-02-07,484,0.46195871179734055,0.45544137888389685,0.006517332913443687
2023-02-08,476,0.4959313663285977,0.48952043972270615,0.006410926605891563
2023-02-09,484,0.4659850115962775,0.4679255610276601,-0.00194054943138256
2023-02-10,484,0.4000012536175976,0.407853431485349,-0.007852177867751458
2023-02-13,479,0.38710191685564277,0.3874736480400415,-0.0003717311843987019
2023-02-14,484,0.4388719043377042,0.4447834032022694,-0.005911498864565227
2023-02-15,476,0.4605839547781121,0.45036056949944453,0.010223385278667554
2023-02-16,480,0.38505689215267136,0.38411529981260234,0.0009415923400690674
2023-02-17,486,0.7086316020331171,0.6932702747821934,0.015361327250923741
2023-02-21,486,0.3205164119872424,0.3235196966191485,-0.003003284631906116
2023-02-22,477,0.3800715847861808,0.3852800904760607,-0.005208505689879896
2023-02-23,483,0.43816286219455425,0.4311384304422864,0.007024431752267817
2023-02-24,475,0.29156909734911296,0.2957431886055047,-0.004174091256391711
2023-02-27,474,0.3360386290476206,0.33794122267580073,-0.0019025936281801183
2023-02-28,486,0.383939537983572,0.383806924251925,0.00013261373164703718
2023-03-01,479,0.4097253699498039,0.41551110079293857,-0.0057857308431346465
2023-03-02,483,0.42860043634901523,0.4355544452529408,-0.0069540089039255995
2023-03-03,485,0.32843073307933973,0.32681549772115287,0.0016152353581867865
2023-03-06,483,0.543180704385385,0.5320103335680436,0.01117037081734134
2023-03-07,484,0.323066576164651,0.32663518760129234,-0.003568611436641314
2023-03-08,467,0.68667046272825,0.6716304739919686,0.01503998873628143
2023-03-09,486,0.7171256755399127,0.7023019714345878,0.014823704105324773
2023-03-10,488,0.6687599500746532,0.6656812577519381,0.003078692322714875
2023-03-13,462,0.5177719741904085,0.5236902702394035,-0.005918296048994982
2023-03-14,488,0.6893279406413653,0.6824568442566212,0.006871096384743976
2023-03-15,475,0.5183558662390318,0.5244883094488548,-0.006132443209823028
2023-03-16,485,0.5921328484236841,0.580689302134931,0.011443546288753147
2023-03-17,488,0.4644825764185881,0.4708189200052783,-0.006336343586690189
2023-03-20,486,0.582955069188166,0.5878635255506445,-0.004908456362478558
2023-03-21,487,0.6834669049944001,0.6669861304962532,0.01648077449814689
2023-03-22,487,0.41896353730434527,0.41736537885536795,0.0015981584489773014
2023-03-23,489,0.43860030125854854,0.442554164702108,-0.003953863443559461
2023-03-24,490,0.3538401588247606,0.35882096078266557,-0.004980801957904935
2023-03-27,488,0.3115893788162534,0.3163861547600236,-0.0047967759437701875
2023-03-28,490,0.471973662948174,0.47920969360116794,-0.0072360306529938795
2023-03-29,468,0.2851712827004413,0.29273672243195226,-0.007565439731510965
2023-03-30,482,0.4624819171269107,0.4697846873659758,-0.007302770239065035
2023-03-31,489,0.37915432838634683,0.38039426783934494,-0.0012399394529980549
2023-04-03,486,0.47444334279468925,0.4684381760656049,0.006005166729084371
2023-04-04,482,0.46651668231109933,0.4627058632990419,0.0038108190120574267
2023-04-05,479,0.30965642653932896,0.3136330780764049,-0.003976651537075874
2023-04-06,488,0.34438819089076567,0.3507882229359964,-0.006400032045230752
2023-04-10,490,0.3094029992307095,0.316226007579126,-0.0068230083484164894
2023-04-11,489,0.3363955363068962,0.33571068552358374,0.0006848507833125071
2023-04-12,482,0.34381215088489864,0.35089529931317875,-0.007083148428280131
2023-04-13,488,0.325489736258294,0.32578863971454997,-0.0002989034562559553
2023-04-14,489,0.36053199049667556,0.3664852237518605,-0.005953233255184864
2023-04-17,490,0.28601401798816967,0.29032812375170736,-0.004314105763537687
2023-04-18,490,0.3742684812250076,0.37614228322703386,-0.0018738020020262105
2023-04-19,482,0.40258017934187984,0.399427365295276,0.0031528140466038196
2023-04-20,489,0.3110845790740593,0.3141966285871217,-0.0031120495130624584
2023-04-21,489,0.28915336048339413,0.29353167671769864,-0.004378316234304492
2023-04-24,485,0.6456863358036589,0.6333876492277554,0.012298686575903444
2023-04-25,489,0.4872327315812764,0.4813917002386258,0.00584103134265053
2023-04-26,485,0.6816450986848722,0.6870336385534406,-0.00538853986856835
2023-04-27,478,0.4328365233945571,0.4383403333604651,-0.0055038099659079995
2023-04-28,489,0.35294562633458443,0.35489236976185945,-0.0019467434272749632
2023-05-01,488,0.6059310423214632,0.5968080666377358,0.009122975683727289
2023-05-02,488,0.4792612909600535,0.476550938752308,0.0027103522077455344
2023-05-03,481,0.5490576041587992,0.5440168833557275,0.005040720803071695
2023-05-04,484,0.607962118033942,0.6142172379480093,-0.006255119914067385
2023-05-05,487,0.3595579197820089,0.36113686707866305,-0.0015789472966541618
2023-05-08,483,0.36654969417070665,0.3668981870486049,-0.00034849287789826336
2023-05-09,486,0.3638618869174021,0.36509193389313604,-0.0012300469757339052
2023-05-10,475,0.3944988600187908,0.39211073797153856,0.0023881220472521925
2023-05-11,476,0.3395594238110699,0.3411293545910982,-0.0015699307800282915
2023-05-12,487,0.40411455510750083,0.4091336780471389,-0.005019122939638111
2023-05-15,484,0.5116695824550436,0.5007708888210046,0.010898693634038975
2023-05-16,483,0.525771937114628,0.5304384137160053,-0.004666476601377331
2023-05-17,476,0.4219858301331446,0.4269584303361018,-0.004972600202957219
2023-05-18,484,0.29384830165080583,0.29328553020442066,0.0005627714463851941
2023-05-19,485,0.3406576115925608,0.34480248027388016,-0.0041448686813193745
2023-05-22,484,0.49825192615061475,0.49247149651059874,0.005780429640015984
2023-05-23,487,0.43575968671866167,0.42811897473218863,0.007640711986473059
2023-05-24,480,0.5781593861963118,0.5769390373413337,0.0012203488549780727
2023-05-25,479,0.5184558267138238,0.5236368456581587,-0.0051810189443348385
2023-05-26,480,0.36271528504911826,0.36349300696912784,-0.0007777219200096087
2023-05-30,471,0.4753720488960433,0.4688625214925383,0.006509527403505004
2023-05-31,474,0.4577644528482636,0.46316485055126844,-0.005400397703004768
2023-06-01,486,0.7393156561207062,0.744787301802079,-0.005471645681372931
2023-06-02,488,0.3382577632291674,0.3374650023167138,0.0007927609124536487
2023-06-05,485,0.4258923029823031,0.42972366259818146,-0.003831359615878404
2023-06-06,485,0.520510581060484,0.5227087627206738,-0.002198181660189773
2023-06-07,474,0.37130632813426945,0.37448403620418697,-0.003177708069917524
2023-06-08,487,0.299503912268142,0.301156445199595,-0.0016525329314530605
2023-06-09,490,0.3972193185031859,0.4016261247759445,-0.004406806272758536
2023-06-12,483,0.3798475868587951,0.3862513946040425,-0.00640380774524746
2023-06-13,466,0.39472634362475895,0.395142336135823,-0.000415992511064025
2023-06-14,476,0.4310776917265136,0.4362960910842823,-0.005218399357768632
2023-06-15,485,0.30718676528184896,0.30828444406992167,-0.0010976787880726507
2023-06-16,487,0.40349884016297255,0.3963611003725787,0.007137739790393883
2023-06-20,487,0.3345451437189247,0.33557813725033264,-0.0010329935314079878
2023-06-21,486,0.3380932563944025,0.33609449710948586,0.0019987592849166737
2023-06-22,487,0.3591472144197842,0.3534980596750373,0.00564915474474694
2023-06-23,489,0.36974388107023476,0.37330937698760996,-0.003565495917375202
2023-06-26,490,0.4820082308196384,0.48713543111656404,-0.005127200296925667
2023-06-27,490,0.3361104471751958,0.3374904863815629,-0.001380039206367156
2023-06-28,469,0.34214834122087545,0.34653931348269246,-0.004390972261816998
2023-06-29,481,0.32535140639653776,0.3322317952714216,-0.006880388874883837
2023-06-30,485,0.3134169841990355,0.3174141808318016,-0.003997196632766075
2023-07-03,487,0.33525759358723506,0.33381235023868366,0.001445243348551412
2023-07-05,481,0.3480622777677046,0.342180255901073,0.005882021866631594
2023-07-06,481,0.355801671312796,0.35848214732496986,-0.002680476012173865
2023-07-07,487,0.4151352238724861,0.41913954992280805,-0.004004326050321942
2023-07-10,489,0.4089316904995053,0.41426755915629826,-0.005335868656792939
2023-07-11,488,0.352752770669342,0.35622595463935,-0.003473183970007884
2023-07-12,485,0.3689285028044642,0.3738314378474788,-0.004902935043014588
2023-07-13,486,0.39073598070126464,0.3876358040306123,0.0031001766706523328
2023-07-14,490,0.36242412806810215,0.3647859903586391,-0.002361862290536938
2023-07-17,490,0.36726561887005726,0.37081721986068794,-0.003551600990630665
2023-07-18,488,0.41025894244805067,0.41273860355206404,-0.002479661104013353
2023-07-19,482,0.5242201145732207,0.5214591140566982,0.0027610005165224906
2023-07-20,490,0.3129071381500085,0.31554242990010983,-0.0026352917501013605
2023-07-21,488,0.28543670260140536,0.2893665030557018,-0.003929800454296416
2023-07-24,488,0.3644486449217084,0.36710457542595154,-0.0026559305042431567
2023-07-25,487,0.38903097574750695,0.3912567599256493,-0.0022257841781423734
2023-07-26,487,0.5972020263846266,0.5915512861901877,0.005650740194438898
2023-07-27,480,0.40848877028463276,0.4128651615080166,-0.004376391223383876
2023-07-28,482,0.31740798960534305,0.322012592047713,-0.004604602442369938
2023-07-31,489,0.3851863659029887,0.3850435081161402,0.00014285778684856312
2023-08-01,489,0.5355076265252375,0.5282623446045269,0.007245281920710567
2023-08-02,485,0.48324864863261174,0.48293461319173925,0.0003140354408725374
2023-08-03,482,0.47190593675777376,0.46906322768339154,0.0028427090743822266
2023-08-04,484,0.3781731735759488,0.3836907944359881,-0.005517620860039251
2023-08-07,486,0.4216555857878169,0.41774479427060324,0.003910791517213692
2023-08-08,482,0.3845854373654607,0.3817813216545415,0.0028041157109191714
2023-08-09,478,0.3177891105723517,0.3200576355033353,-0.002268524930983555
2023-08-10,483,0.3034321035046567,0.3048128821713325,-0.0013807786666757674
2023-08-11,480,0.31378609148234593,0.3153753536506044,-0.001589262168258458
2023-08-14,483,0.4490500121902313,0.43944929625992885,0.009600715930302414
2023-08-15,481,0.38185983729812245,0.3769497719210616,0.004910065377060875
2023-08-16,475,0.4182938478898266,0.4129311207999343,0.0053627270898922875
2023-08-17,483,0.274414376672584,0.2785182412738589,-0.004103864601274896
2023-08-18,487,0.31849036583095947,0.32053719304564404,-0.0020468272146845533
2023-08-21,485,0.31348527460371545,0.31333747443602067,0.0001478001676947526
2023-08-22,487,0.3659956434940361,0.37137009544890404,-0.005374451954867946
2023-08-23,485,0.40878662423775536,0.40117727327243363,0.0076093509653216975
2023-08-24,483,0.29849856885817805,0.3033901419756701,-0.004891573117492014
2023-08-25,487,0.2897623276371987,0.29652666947000317,-0.006764341832804469
2023-08-28,487,0.39680124665557076,0.40300738478350084,-0.006206138127930022
2023-08-29,476,0.26279941096499876,0.2677169294277349,-0.0049175184627361195
2023-08-30,462,0.34865873139258374,0.3485829617320012,7.576966058250921e-05
2023-08-31,483,0.3673138811029122,0.3709994673538785,-0.003685586250966322
2023-09-01,482,0.4927498078832752,0.486582230632291,0.0061675772509842556
2023-09-05,484,0.307581341771896,0.3070139922689173,0.0005673495029787082
2023-09-06,473,0.39704530523033793,0.39372314646476786,0.0033221587655700995
2023-09-07,487,0.31847315507715684,0.3196661854347648,-0.0011930303576080175
2023-09-08,490,0.30943122614563884,0.3124948715701366,-0.0030636454244977913
2023-09-11,483,0.3856671169675784,0.3842319251260808,0.0014351918414975658
2023-09-12,487,0.3474661086081887,0.34575375271892783,0.0017123558892608633
2023-09-13,462,0.40194224072322493,0.40656668069493784,-0.004624439971712883
2023-09-14,484,0.3753814066979184,0.3687894379011658,0.006591968796752599
2023-09-15,486,0.2955464874790788,0.2957502220720532,-0.0002037345929743932
2023-09-18,489,0.27544352021215046,0.2752487751517249,0.00019474506042560044
2023-09-19,487,0.31856750107403653,0.3153345779318772,0.0032329231421593654
2023-09-20,486,0.6210091602781382,0.6100370175700061,0.010972142708132099
2023-09-21,486,0.2946859123743737,0.29358131094455503,0.0011046014298186318
2023-09-22,487,0.26442247020098497,0.2681637195675036,-0.0037412493665186504
2023-09-25,488,0.5126151360902832,0.502944980022537,0.009670156067746277
2023-09-26,489,0.34504671201012516,0.34629596218238823,-0.0012492501722630592
2023-09-27,468,0.40499182314456766,0.4091691762483917,-0.004177353103824038
2023-09-28,483,0.31283895090341457,0.31227395505682637,0.0005649958465881544
2023-09-29,487,0.48679317476149425,0.4812236532017702,0.005569521559724051
2023-10-02,488,0.5154611198870591,0.5061992844101435,0.009261835476915703
2023-10-03,488,0.3859075420963091,0.38938784501135265,-0.003480302915043502
2023-10-04,476,0.3502673300102837,0.3501395711137637,0.00012775889652002855
2023-10-05,482,0.4080794914238907,0.4123817914568525,-0.00430230003296175
2023-10-06,490,0.41459496202720775,0.41839897958594197,-0.00380401755873422
2023-10-09,489,0.32461904378147216,0.32969032294737155,-0.005071279165899415
2023-10-10,485,0.4000774352851541,0.40176323443716644,-0.0016857991520123833
2023-10-11,485,0.5238434153356316,0.5160822653310443,0.007761150004587327
2023-10-12,488,0.422871472804463,0.42006882089774256,0.002802651906720448
2023-10-13,488,0.4052218839312114,0.4105840446542938,-0.005362160723082502
2023-10-16,490,0.29978981013520717,0.3036833672294909,-0.0038935570942837004
2023-10-17,490,0.6502018743114164,0.6405683768572943,0.00963349745412217
2023-10-18,484,0.5006538635745285,0.49224345931480984,0.008410404259718608
2023-10-19,487,0.44723211010481934,0.438619395804038,0.008612714300781294
2023-10-20,489,0.340164702296045,0.3367292146775932,0.003435487618451784
2023-10-23,488,0.43427896689971385,0.43718959796652546,-0.0029106310668116082
2023-10-24,489,0.5913678698475235,0.5832497746500354,0.00811809519748824
2023-10-25,487,0.5595412545923041,0.5579815217398135,0.0015597328524906292
2023-10-26,489,0.5736432466732755,0.5673258697658178,0.006317376907457733
2023-10-27,483,0.45496798489475965,0.45881479217144766,-0.0038468072766879697
2023-10-30,477,0.4031771283870607,0.40853111489523813,-0.005353986508177435
2023-10-31,490,0.48244035358394305,0.4852080930308254,-0.002767739446882367
2023-11-01,485,0.8801017030922729,0.8847802361075725,-0.004678533015299644
2023-11-02,486,0.6784420774581886,0.6829007797523865,-0.004458702294197897
2023-11-03,485,0.38689494900999205,0.38367389488963766,0.003221054120354375
2023-11-06,486,0.383280249217566,0.38360573517058755,-0.0003254859530216234
2023-11-07,485,0.3702347266015232,0.3706410697772366,-0.0004063431757134129
2023-11-08,476,0.4436847819235149,0.4383031816695117,0.005381600254003181
2023-11-09,482,0.4474898660900332,0.452724818514739,-0.005234952424705848
2023-11-10,484,0.3070841113176569,0.3079081588198093,-0.0008240475021524349
2023-11-13,473,1.0462758916968102,1.0511866781147927,-0.004910786417982417
2023-11-14,483,0.3694428981593526,0.3722587770488512,-0.002815878889498548
2023-11-15,470,0.3796860902869817,0.37849768275788753,0.0011884075290942214
2023-11-16,485,0.29891227448599583,0.3043529395455455,-0.0054406650595497106
2023-11-17,482,0.2806463059347257,0.28658080584104934,-0.005934499906323584
2023-11-20,485,0.3235866181654617,0.3230098309085735,0.0005767872568882255
2023-11-21,481,0.2543156006199242,0.2621236668310812,-0.007808066211156981
2023-11-22,484,0.2156702848718515,0.22418012966784853,-0.008509844795997031
2023-11-24,487,0.27142066962262873,0.27312489877793655,-0.001704229155307859
2023-11-27,489,0.30268501821091914,0.3044044279164191,-0.001719409705499908
2023-11-28,478,0.40671971802789325,0.40975139070083616,-0.0030316726729429887
2023-11-29,456,0.3507633161371943,0.3561088878398524,-0.005345571702658194
2023-11-30,486,0.5400765557906861,0.5456880022698251,-0.005611446479138912
2023-12-01,489,0.34591991536188815,0.3475323953926735,-0.0016124800307853416
2023-12-04,482,0.3749267696824236,0.36921862916942877,0.005708140512994842
2023-12-05,486,0.3603528415348243,0.3613041141255165,-0.0009512725906921864
2023-12-06,472,0.3248799090197039,0.3302772331277782,-0.005397324108074298
2023-12-07,487,0.3189739115906478,0.3229902370870678,-0.004016325496420053
2023-12-08,489,0.39090764754620855,0.3961186698487756,-0.005211022302567004
2023-12-11,484,0.32987847134139886,0.3326686869720568,-0.002790215630657946
2023-12-12,486,0.7148964323579521,0.7201527267256972,-0.005256294367745183
2023-12-13,464,0.9179728977442041,0.9196946691792698,-0.0017217714350657887
2023-12-14,482,0.3684186772032604,0.36527089488309183,0.003147782320168492
2023-12-15,485,0.30732378327917204,0.31075916372445456,-0.0034353804452825496
2023-12-18,488,0.32565847211763554,0.33290829930228133,-0.007249827184645821
2023-12-19,485,0.5253257955714521,0.5106971289222204,0.014628666649231799
2023-12-20,490,0.3848548222015477,0.3919114987687006,-0.007056676567152888
2023-12-21,491,0.25688141916723384,0.2641411864065532,-0.007259767239319343
2023-12-22,489,0.2507485377082504,0.2596774810293804,-0.008928943321129954
2023-12-26,485,0.2192919950919576,0.2265158875671816,-0.0072238924752239956
2023-12-27,471,0.22071118906806234,0.2273015645052284,-0.006590375437166024
2023-12-28,478,0.2373789321427719,0.23819478383486603,-0.0008158516920941051
2023-12-29,489,0.5097734606717864,0.506635217089429,0.003138243582357344
2024-01-02,489,0.5275796186531961,0.5173363856178375,0.010243233035358595
2024-01-03,483,0.2876802651038361,0.2903155173590255,-0.0026352522551894297
2024-01-04,490,0.27235384007471025,0.2766152550438216,-0.004261414969111337
2024-01-05,488,0.4320458336608696,0.4379273702038753,-0.005881536543005692
2024-01-08,485,0.3396289536472753,0.33742032741755407,0.002208626229721237
2024-01-09,490,0.333230171428901,0.3363956184755085,-0.003165447046607508
2024-01-10,487,0.3224726917812905,0.32269058798054656,-0.00021789619925603038
2024-01-11,486,0.33701309763868526,0.33831159271689915,-0.0012984950782138915
2024-01-12,489,0.39097107644634277,0.38707023003525515,0.003900846411087597
2024-01-16,490,0.33301264337700553,0.3270802589976009,0.00593238437940463
2024-01-17,484,0.37614740225082033,0.37965416922501066,-0.0035067669741903258
2024-01-18,486,0.4383314317091561,0.4431667814272696,-0.00483534971811348
2024-01-19,490,0.35582417920670545,0.3600726483489917,-0.004248469142286229
2024-01-22,488,0.35167557748216993,0.3537808940171834,-0.002105316535013483
2024-01-23,490,0.41988849422764624,0.4158711125630291,0.004017381664617129
2024-01-24,490,0.4661484165540939,0.47031012892019686,-0.004161712366102948
2024-01-25,491,0.3143149138175744,0.3174000105285415,-0.0030850967109670954
2024-01-26,490,0.32555349686490986,0.33077808224996313,-0.005224585385053282
2024-01-29,483,0.3676445632326206,0.3682209690063389,-0.000576405773718262
2024-01-30,482,0.5294018710716732,0.5206672901378999,0.00873458093377339
2024-01-31,487,0.5589333313820967,0.5628443548553936,-0.003911023473296971
2024-02-01,486,0.44347609654550124,0.44353403959927196,-5.794305377072881e-05
2024-02-02,488,0.4549962034258811,0.4476802713644425,0.007315932061438655
2024-02-05,488,0.4345239649877381,0.4376274313327385,-0.0031034663450004297
2024-02-06,487,0.3998642711050778,0.40276700510488206,-0.0029027339998042336
2024-02-07,479,0.47760644097499416,0.480210854074289,-0.0026044130992948448
2024-02-08,486,0.37664632328153824,0.3794491181252785,-0.0028027948437402243
2024-02-09,489,0.36038500549100455,0.36237924963988977,-0.0019942441488852275
2024-02-12,486,0.6135863251105422,0.6016141499836765,0.011972175126865863
2024-02-13,481,0.474171078209509,0.4794340403253573,-0.00526296211584834
2024-02-14,472,0.5328105998439295,0.5365186692235784,-0.003708069379648863
2024-02-15,478,0.3802272611927185,0.37782451440849707,0.00240274678422138
2024-02-16,483,0.33047605296293864,0.32811279216216777,0.0023632608007708345
2024-02-20,486,0.37450516990185817,0.3744828656738471,2.230422801107638e-05
2024-02-21,479,0.5590531528328456,0.5627604723013734,-0.0037073194685277857
2024-02-22,484,0.3557201239248869,0.35506178834138646,0.0006583355835004568
2024-02-23,486,0.37422456010101535,0.3726530539282722,0.0015715061727431833
2024-02-26,489,0.3637204400562748,0.3643397351060662,-0.0006192950497914829
2024-02-27,480,0.32629087514018246,0.32488439688592996,0.0014064782542525087
2024-02-28,468,0.35970649017111084,0.36087243088724935,-0.001165940716138503
2024-02-29,482,0.4540592647338385,0.4556822209669725,-0.0016229562331339183
2024-03-01,487,0.4233819360857356,0.4244825764646173,-0.00110064037888168
2024-03-04,483,0.4419841770803821,0.4396923044206195,0.0022918726597626433
2024-03-05,485,0.3711974589447011,0.37297167983896773,-0.0017742208942666928
2024-03-06,467,0.39116787723818275,0.3930833475505987,-0.0019154703124159597
2024-03-07,484,0.3414362301944105,0.339984813699194,0.0014514164952164883
2024-03-08,490,0.37440049464092345,0.3739187220917314,0.0004817725491920772
2024-03-11,483,0.35168689047899365,0.3517830028947904,-9.611241579676448e-05
2024-03-12,486,0.3662240286103294,0.3655845212588172,0.0006395073515122221
2024-03-13,457,0.4039261910356722,0.40005566634627826,0.0038705246893938894
2024-03-14,488,0.35279033840451274,0.35102314905170284,0.001767189352809889
2024-03-15,486,0.2844354916403646,0.28380798300495796,0.0006275086354065708
2024-03-18,490,0.3032351816811364,0.3036611317679958,-0.00042595008685940565
2024-03-19,484,0.39646039832664515,0.3994545685562702,-0.0029941702296250343
2024-03-20,489,0.3981615871042589,0.40038655770409315,-0.0022249705998342124
2024-03-21,488,0.326675417651347,0.3233260989107527,0.0033493187405943202
2024-03-22,491,0.3081808759608,0.3064378900068133,0.0017429859539866927
2024-03-25,491,0.2991423035359797,0.2970279559862455,0.002114347549734228
2024-03-26,465,0.5240630928071505,0.5287306553708448,-0.00466756256369452
2024-03-27,483,0.25953470395669215,0.25939203150915213,0.0001426724475400613
2024-03-28,488,0.36552283690354187,0.36267539982875807,0.0028474370747838176
2024-04-01,489,0.400213036711251,0.39682764224719375,0.003385394464057273
2024-04-02,488,0.3447577770825769,0.3447254307257177,3.23463568591635e-05
2024-04-03,484,0.42126708774100974,0.41736617670418935,0.003900911036820378
2024-04-04,489,0.33889417817503553,0.3406258092984216,-0.001731631123386077
2024-04-05,487,0.30272733089034626,0.3022401839177304,0.00048714697261583844
2024-04-08,484,0.36364803634566656,0.3642147762048811,-0.0005667398592144979
2024-04-09,490,0.6056172208699531,0.6047485278505034,0.0008686930194495735
2024-04-10,487,0.37162358890759145,0.37118970631580317,0.0004338825917882995
2024-04-11,484,0.5435025041926007,0.5397793858005386,0.0037231183920621268
2024-04-12,489,0.3810006338859706,0.3762308331913264,0.004769800694644241
2024-04-15,491,0.3425899928574389,0.3398463921194287,0.0027436007380102216
2024-04-16,491,0.3783224173390964,0.37662451297952027,0.0016979043595761391
2024-04-17,485,0.3381616307031108,0.3365755061007187,0.0015861246023921255
2024-04-18,487,0.4470335547538798,0.44731226679617275,-0.0002787120422929161
2024-04-19,490,0.3246648054649824,0.32683991601153595,-0.002175110546553469
2024-04-22,487,0.4520931436921004,0.455803745620976,-0.003710601928875577
2024-04-23,490,0.3878177886223629,0.3872357161083476,0.0005820725140152443
2024-04-24,489,0.4399673112796848,0.43875530523801604,0.0012120060416687915
2024-04-25,490,0.42083084607807125,0.4211194076295176,-0.0002885615514463866
2024-04-26,485,0.35241001345736045,0.3534631853659173,-0.001053171908556897
2024-04-29,482,0.5956381470725921,0.5921120990228201,0.00352604804977199
2024-04-30,489,0.5359224004740537,0.5355054729179345,0.0004169275561191946
2024-05-01,488,0.5267433197755057,0.5296018178435042,-0.0028584980679985566
2024-05-02,484,0.40611151335563644,0.4081779174212217,-0.0020664040655852425
2024-05-03,487,0.3929985538969269,0.3957378591304122,-0.002739305233485313
2024-05-06,487,0.36819956359072226,0.36788672003199274,0.0003128435587295147
2024-05-07,491,0.321067304455925,0.3196773337764092,0.001389970679515786
2024-05-08,478,0.411521353300019,0.41432071846685004,-0.0027993651668310054
2024-05-09,481,0.32837563590954105,0.32728706734739,0.0010885685621510172
2024-05-10,488,0.3093258531410435,0.30729059514694795,0.0020352579940955216
2024-05-13,480,0.30795567457084794,0.3083871218293129,-0.0004314472584649838
2024-05-14,483,0.4310763722364268,0.43385520031791713,-0.0027788280814902613
2024-05-15,475,0.3661611916382649,0.36480219910265915,0.0013589925356057681
2024-05-16,484,0.2725964054816544,0.27156249842271907,0.0010339070589353305
2024-05-17,488,0.3423875295140069,0.34153279724086005,0.0008547322731468804
2024-05-20,487,0.30930835046703387,0.30783541685935306,0.0014729336076808445
2024-05-21,490,0.40843364679748856,0.4068280944040652,0.0016055523934233613
2024-05-22,480,0.521974943158366,0.5193095885764616,0.0026653545819043754
2024-05-23,484,0.3744862786235922,0.3763136155254235,-0.0018273369018312093
2024-05-24,492,0.4295047935354966,0.4278394543410043,0.0016653391944922479
2024-05-28,488,0.4112344136479753,0.40695478450012057,0.0042796291478547615
2024-05-29,487,0.46353744894571675,0.46529551620255616,-0.001758067256839429
2024-05-30,473,0.5692791006645774,0.5734392969233224,-0.0041601962587449245
2024-05-31,476,0.42483223457827324,0.4233236452477175,0.0015085893305558176
2024-06-03,485,0.35319388201071766,0.3512911287597822,0.0019027532509355003
2024-06-04,488,0.41880641906856997,0.42095224919113394,-0.002145830122563999
2024-06-05,489,0.322767600269104,0.3208638824699,0.0019037177992039871
2024-06-06,473,0.297430286061839,0.29450852203321126,0.002921764028627743
2024-06-07,481,0.36918870744851556,0.36926787962562874,-7.917217711315951e-05
2024-06-10,490,0.32638603842359826,0.32411465029083525,0.002271388132763059
2024-06-11,486,0.4608322586064865,0.4626883271709785,-0.0018560685644920076
2024-06-12,490,0.343086952888939,0.3408714584100511,0.002215494478887841
2024-06-13,462,0.3771558638166889,0.3747344792102824,0.0024213846064065282
2024-06-14,483,0.39556776293726575,0.3976187630350658,-0.0020510000978001164
2024-06-17,483,0.321644347790479,0.3216057257132215,3.8622077257558793e-05
2024-06-18,490,0.3923863124394208,0.392418053053937,-3.174061451621818e-05
2024-06-20,488,0.2797134167694675,0.2786619299053241,0.0010514868641433568
2024-06-21,488,0.40164177980784244,0.4026988127011633,-0.0010570328933209075
2024-06-24,492,0.4045439124256714,0.40240186626362684,0.0021420461620445213
2024-06-25,490,0.3331564288390481,0.3305008807910676,0.0026555480479804818
2024-06-26,490,0.30519906108456707,0.304902857966487,0.00029620311808008427
2024-06-27,469,0.37108975466026145,0.37044907289703943,0.0006406817632219684
2024-06-28,483,0.3876174527554472,0.3855813502383901,0.002036102517057094
2024-07-01,490,0.29046943171683276,0.29088090487458024,-0.0004114731577475297
2024-07-02,490,0.2838372678460693,0.2826363235968597,0.0012009442492096204
2024-07-03,483,0.30980314343188065,0.30827825181533813,0.0015248916165425412
2024-07-05,486,0.3171195113664023,0.3166895063308968,0.0004300050355055464
2024-07-08,487,0.31026115572477814,0.30849721754873005,0.0017639381760481093
2024-07-09,486,0.35444910796687057,0.35693797280901596,-0.002488864842145399
2024-07-10,488,0.5903879497676052,0.5947779069466608,-0.004389957179055557
2024-07-11,490,0.3482364840666645,0.3504108867800107,-0.002174402713346112
2024-07-12,484,0.43307228509067025,0.4341074373968744,-0.0010351523062041767
2024-07-15,492,0.6284552204573309,0.634288202888304,-0.005832982430973112
2024-07-16,491,0.6712681363920322,0.6726195339287463,-0.0013513975367139973
2024-07-17,491,0.4434442311009586,0.4405021364756988,0.002942094625259806
2024-07-18,486,0.3955908525304064,0.3930946752728868,0.0024961772575195942
2024-07-19,488,0.43185871755170135,0.4351692777493051,-0.003310560197603767
2024-07-22,491,0.406974328063603,0.40538353156566426,0.0015907964979387282
2024-07-23,491,0.7218759583564909,0.7231121179134167,-0.0012361595569256895
2024-07-24,491,0.6399309181827012,0.6408099593576243,-0.0008790411749230612
2024-07-25,488,0.6145165878683678,0.6192816514400777,-0.004765063571709889
2024-07-26,491,0.3160264137971385,0.3148083568063017,0.0012180569908367784
2024-07-29,491,0.49772878404544985,0.4986599835482035,-0.0009311995027536124
2024-07-30,483,0.5365955570294249,0.538517084651612,-0.001921527622187071
2024-07-31,483,0.8571134889550811,0.859343095897834,-0.0022296069427528388
2024-08-01,488,0.9435454924126276,0.9461581539979536,-0.0026126615853258495
2024-08-02,487,0.8376535839636515,0.8382310387517603,-0.0005774547881088123
2024-08-05,489,0.5147668883940784,0.5181333745686717,-0.0033664861745932822
2024-08-06,487,0.49376571269419256,0.4904176640718213,0.003348048622371276
2024-08-07,491,0.7387647589177272,0.7465021699406788,-0.007737411022951588
2024-08-08,484,0.32681162198574665,0.3257189025799552,0.0010927194057914278
2024-08-09,480,0.3485776005625013,0.34556693597179156,0.003010664590709755
2024-08-12,490,0.4732001620357325,0.47747147960234937,-0.004271317566616884
2024-08-13,485,0.3078960977087946,0.30689770037254677,0.000998397336247894
2024-08-14,473,0.547885448368548,0.5532075852582569,-0.00532213688970885
2024-08-15,476,0.27535409366692915,0.2744333600104991,0.0009207336564300116
2024-08-16,484,0.30403424322966266,0.30532977856713295,-0.0012955353374702635
2024-08-19,487,0.31224976112348923,0.3088016188487515,0.0034481422747377286
2024-08-20,485,0.3383923060613618,0.33999888024906677,-0.0016065741877050058
2024-08-21,489,0.3068764168507494,0.3031163058473791,0.0037601110033703444
2024-08-22,487,0.46353977939815444,0.4679800205860947,-0.004440241187940334
2024-08-23,487,0.27690758736214854,0.2743626961987448,0.002544891163403662
2024-08-26,487,0.29206935786941274,0.29027775753400326,0.0017916003354094634
2024-08-27,491,0.3119069172386539,0.30889798727222195,0.003008929966431889
2024-08-28,489,0.36643297006809317,0.3664301526721861,2.8173959070941676e-06
2024-08-29,469,0.32062590891599085,0.3228105457428212,-0.002184636826830326
2024-08-30,474,0.7343954798618606,0.7350496595799982,-0.0006541797181376671
2024-09-03,483,0.345315577112528,0.34346217913622573,0.0018533979763023132
2024-09-04,485,0.3859152732753371,0.3827349921644637,0.0031802811108733813
2024-09-05,478,0.475380995216488,0.4713853574803947,0.0039956377360933605
2024-09-06,484,0.40629288237094646,0.4095239027881768,-0.0032310204172303174
2024-09-09,486,0.3684253636057212,0.36754936510618064,0.0008759984995405105
2024-09-10,488,0.4271152041834327,0.42770530586373184,-0.0005901016802991235
2024-09-11,487,0.3470404604652425,0.3480936063681962,-0.0010531459029536592
2024-09-12,469,0.37997501604769746,0.38324652317211677,-0.0032715071244193428
2024-09-13,476,0.33979071941613037,0.34134365504948,-0.0015529356333496345
2024-09-16,484,0.3521252421561442,0.35210738971468175,1.7852441462480458e-05
2024-09-17,490,0.2862671046358907,0.28403581887206975,0.002231285763821022
2024-09-18,489,0.5372963361256525,0.5416479946717051,-0.004351658546052642
2024-09-19,487,0.39493943107980595,0.3926692788062754,0.0022701522735305364
2024-09-20,489,0.31266260090350334,0.3129220023653688,-0.00025940146186544555
2024-09-23,491,0.3406538789355555,0.33952720199822134,0.0011266769373341073
2024-09-24,491,0.35206550856735114,0.34864638078458227,0.003419127782768831
2024-09-25,488,0.5396491584743758,0.542533710344816,-0.0028845518704402975
2024-09-26,486,0.33227657408872296,0.33213501844754634,0.00014155564117658345
2024-09-27,472,0.28812597174155424,0.2867885595550009,0.0013374121865533386
2024-09-30,482,0.41549058741560996,0.41225560500881775,0.0032349824067922106
2024-10-01,489,0.3251137697679805,0.3236068267545088,0.001506943013471726
2024-10-02,490,0.35050906477224153,0.3473483618316658,0.003160702940575806
2024-10-03,483,0.3825840281534196,0.38456314266474995,-0.001979114511330441
2024-10-04,489,0.4262659996857101,0.4232648113590558,0.0030011883266543482
2024-10-07,491,0.3795745964301453,0.38039131041960833,-0.0008167139894630339
2024-10-08,490,0.34052702834499254,0.3419085869569484,-0.001381558611955864
2024-10-09,484,0.31219762319658606,0.3090579928032943,0.0031396303932917516
2024-10-10,490,0.39008451600365635,0.3928104392662382,-0.002725923262581919
2024-10-11,493,0.31645036258270987,0.31757163062735083,-0.0011212680446409443
2024-10-14,487,0.4407194327465168,0.4394646858223974,0.0012547469241193968
2024-10-15,492,0.3699227044928732,0.37108545704946844,-0.0011627525565952694
2024-10-16,492,0.3689088957669037,0.3673036305568425,0.0016052652100611972
2024-10-17,487,0.3106552376961438,0.31020065948167785,0.00045457821446593587
2024-10-18,490,0.3705521960244745,0.3667938914529082,0.003758304571566311
2024-10-21,491,0.39212391496847837,0.3897463116602416,0.0023776033082367185
2024-10-22,491,0.36329935773645244,0.3602491619498053,0.0030501957866471505
2024-10-23,493,0.4557718750814907,0.455331414838729,0.00044046024276165073
2024-10-24,490,0.4297991602496794,0.42788699324694823,0.0019121670027311363
2024-10-25,492,0.3254831852536274,0.32648142745339614,-0.0009982421997687106
2024-10-28,493,0.44302304333331183,0.44184381795017824,0.0011792253831335692
2024-10-29,492,0.4504953968780519,0.44934146434037425,0.0011539325376776492
2024-10-30,485,0.7158416544546551,0.7136221100072062,0.0022195444474487876
2024-10-31,485,0.4368557535718989,0.43685302432215944,2.729249739454858e-06
2024-11-01,484,0.3433613870854241,0.342908619906341,0.00045276717908310595
2024-11-04,490,0.4810232064019677,0.4855622456897991,-0.004539039287831346
2024-11-05,491,1.4896769901783409,1.4973433786330244,-0.007666388454683608
2024-11-06,489,0.5705742120598101,0.5718971112189104,-0.001322899159100452
2024-11-07,479,0.5611103083656938,0.5630705897594058,-0.001960281393711931
2024-11-08,493,0.4960334934755324,0.4975332511935009,-0.0014997577179684954
2024-11-11,487,0.39980252552761836,0.3963616247943613,0.003440900733257004
2024-11-12,483,0.34292066942124944,0.34158094955971496,0.0013397198615344697
2024-11-13,483,0.4615415590070878,0.45891151568789945,0.0026300433191883935
2024-11-14,470,0.549566030592778,0.5490191256086817,0.0005469049840964012
2024-11-15,480,0.3639880250134046,0.36488851988255633,-0.0009004948691517452
2024-11-18,490,0.40235198301678315,0.40102640489398494,0.0013255781227982022
2024-11-19,488,0.3508607230256056,0.3502448417920033,0.0006158812336022791
2024-11-20,485,0.4621591589305184,0.4665709604142157,-0.004411801483697302
2024-11-21,485,0.3920645442736232,0.39422878748983564,-0.002164243216212516
2024-11-22,489,0.489244291814893,0.4925060719901404,-0.003261780175247442
2024-11-25,489,0.37967713608776377,0.3784259600990802,0.0012511759886835562
2024-11-26,488,0.32373721061631067,0.3221354667322697,0.0016017438840409655
2024-11-27,474,0.2557215615468591,0.25486593760568843,0.0008556239411706486
2024-11-29,474,0.40878178942932086,0.40726054070091033,0.0015212487284105975
2024-12-02,488,0.338450900015729,0.33595954856382365,0.0024913514519053184
2024-12-03,487,0.42990489051152864,0.4297348450223425,0.00017004548918607982
2024-12-04,485,0.38169889201287427,0.3789805834154832,0.002718308597391078
2024-12-05,477,0.3759476394380846,0.3747805485185047,0.0011670909195799087
2024-12-06,482,0.549795866864787,0.5498812569810257,-8.53901162387993e-05
2024-12-09,488,0.4159499545694108,0.41267558851061437,0.003274366058796371
2024-12-10,490,0.39819012297016604,0.3981912333899633,-1.1104197973008044e-06
2024-12-11,493,0.3632919731036416,0.3605062699810798,0.0027857031225618422
2024-12-12,471,0.3427828491291339,0.3395571135656427,0.0032257355634912124
2024-12-13,479,0.3900936117487292,0.3884490031343967,0.0016446086143325084
2024-12-16,486,0.36712904351412284,0.36287042801187214,0.004258615502250693
2024-12-17,489,1.0488208965103498,1.0520919594287357,-0.0032710629183857034
2024-12-18,492,0.39438509999533783,0.39239095361915527,0.0019941463761826064
2024-12-19,484,0.4416311846815146,0.44626393199482506,-0.004632747313310503
2024-12-20,491,0.2708337466675996,0.269448314495339,0.0013854321722605153
2024-12-23,493,0.27053691447269496,0.27204180660086785,-0.0015048921281729827
2024-12-24,489,0.21700481283283446,0.21488448727526982,0.0021203255575646656
2024-12-26,486,0.2841725309398023,0.2786516164943489,0.0055209144454534675
2024-12-27,489,0.34007554653151767,0.3342173940561074,0.005858152475410252
2024-12-30,474,0.23403234151769867,0.23201762826332326,0.0020147132543754105
2024-12-31,482,0.3371104771522781,0.33500383652840415,0.002106640623873979
2025-01-02,486,0.39509703596261153,0.39848185602996355,-0.003384820067352026
2025-01-03,490,0.45669293021584356,0.45738966548585536,-0.0006967352700118095
2025-01-06,490,0.3668848982843921,0.36403994788373734,0.0028449504006547305
2025-01-07,492,0.3587744935665119,0.35837431240866113,0.0004001811578508164
2025-01-08,483,0.6822897002389404,0.6802719380945508,0.002017762144389587
2025-01-10,492,0.4690206020766584,0.4711388584280564,-0.0021182563513979583
2025-01-13,491,0.3954768122030279,0.3980373608056659,-0.002560548602637969
2025-01-14,488,0.4697052328593616,0.4729162686623337,-0.003211035802972116
2025-01-15,491,0.42424649260512043,0.42643377207666505,-0.0021872794715446153
2025-01-16,488,0.33639816605869344,0.3374026912449403,-0.0010045251862468318
2025-01-17,489,0.5115681550492522,0.5161381154492961,-0.004569960400043875
2025-01-21,490,0.4755825899758266,0.4748112497160014,0.0007713402598252077
2025-01-22,492,0.34463086141385124,0.34495532862380257,-0.0003244672099513681
2025-01-23,490,0.3265189938774899,0.3249608850065773,0.0015581088709125373
2025-01-24,492,1.036568922758636,1.0418395270270318,-0.005270604268395743
2025-01-27,493,0.5350104880627413,0.5344416726796417,0.0005688153830997212
2025-01-28,491,0.3860753115994565,0.3839710720934353,0.0021042395060211685
2025-01-29,491,0.5571114978732756,0.5612932530375411,-0.004181755164265479
2025-01-30,485,0.40736402251608944,0.40363053495241447,0.003733487563674948
2025-01-31,482,0.4433161633978807,0.44012092323966373,0.0031952401582169923
2025-02-03,492,0.45097084911680657,0.45086253318781244,0.00010831592899406601
2025-02-04,491,0.4414126378352592,0.44364581890757115,-0.002233181072311983
2025-02-05,493,0.5285050443814309,0.5286533460012808,-0.00014830161984988124
2025-02-06,481,0.4069465424175953,0.4031040250229681,0.003842517394627251
2025-02-07,485,0.4345897879882857,0.43509608391515725,-0.0005062959268716202
2025-02-10,491,0.3853163096368216,0.38354280784679234,0.0017735017900293196
2025-02-11,488,0.46575742525623437,0.46379111825784264,0.0019663069983917284
2025-02-12,491,0.5669324116066999,0.5697267743176393,-0.002794362710939343
2025-02-13,465,0.4689993297233401,0.46874468375503786,0.00025464596830222216
2025-02-14,479,0.4293312012533045,0.43148985034786136,-0.0021586490945569342
2025-02-18,490,0.42099945405551586,0.4207849353588835,0.0002145186966323867
2025-02-19,488,0.4448373080867156,0.44357229451855285,0.0012650135681627826
2025-02-20,483,0.6985100697532617,0.6969347517834252,0.0015753179698364678
2025-02-21,484,0.3789044674240961,0.37745126184161565,0.0014532055824805442
2025-02-24,488,0.466856598215814,0.46610744106184393,0.0007491571539700438
2025-02-25,488,0.47234941873161096,0.47210753933983246,0.00024187939177847925
2025-02-26,489,0.5542800642844439,0.5526879221768134,0.0015921421076306314
2025-02-27,475,0.4757913746066848,0.48021664748638293,-0.00442527287969807
2025-02-28,475,0.6321894681290702,0.6309860082864606,0.001203459842609689
2025-03-03,488,0.681696441963115,0.680544778600458,0.0011516633626570542
2025-03-04,485,0.480926561176819,0.4837681224409155,-0.0028415612640965435
2025-03-05,487,0.7123540919413335,0.7122900495339538,6.404240737961704e-05
2025-03-06,476,0.5450959678377753,0.5479229669287786,-0.0028269990910033357
2025-03-07,473,0.8599229731693961,0.8610300690557727,-0.0011070958863765713
2025-03-10,489,0.7126175958303086,0.7134528080573714,-0.0008352122270627474
2025-03-11,486,0.48556245832017103,0.4854095797449713,0.00015287857519973564
2025-03-12,488,0.5717996144553624,0.5687326354468706,0.003066979008491875
2025-03-13,463,0.6467666015116781,0.6546506127641668,-0.00788401125248866
2025-03-14,484,0.4589003010874352,0.4637350247020738,-0.004834723614638627
2025-03-17,486,0.3584450591678771,0.3541443841406795,0.004300675027197574
2025-03-18,491,0.4069857118548619,0.40960142621947543,-0.00261571436461355
2025-03-19,487,0.31199688733044456,0.308630790671379,0.0033660966590655533
2025-03-20,489,0.3501223049129486,0.346971217729187,0.0031510871837615965
2025-03-21,491,0.5813007991608174,0.5877544976916361,-0.006453698530818638
2025-03-24,491,0.3456086412637669,0.3432434215368049,0.002365219726961914
2025-03-25,494,0.44231219745883754,0.43956574133228843,0.002746456126549115
2025-03-26,493,0.3931891779963019,0.3898370768261127,0.0033521011701891563
2025-03-27,489,0.593147289492635,0.5897706211018895,0.003376668390745345
2025-03-28,473,0.36776499678926367,0.36885876267937195,-0.0010937658901083336
2025-03-31,489,0.3183689233825596,0.31780331875530565,0.0005656046272539518
2025-04-01,494,0.37929825990053256,0.382147499151865,-0.002849239251332421
2025-04-02,491,2.34111191923621,2.3499078437496097,-0.0087959245133997
2025-04-03,490,2.2909946418618916,2.3011320947104377,-0.010137452848546169
2025-04-04,492,0.6236329790061945,0.6238136546390284,-0.00018067563283390568
2025-04-07,495,0.730586063840104,0.7270165468826993,0.0035695169574047076
2025-04-08,495,3.543198020366044,3.562540970018144,-0.019342949652100087
2025-04-09,487,1.2368132767251803,1.2376605203239786,-0.0008472435987981748
2025-04-10,493,0.5402533070650845,0.544977185665769,-0.0047238786006845055
2025-04-11,495,0.4639493063411956,0.46665183205100846,-0.00270252570981283
2025-04-14,492,0.3847319330392693,0.3807507252523723,0.003981207786896966
2025-04-15,494,0.5164390954463554,0.5082986652606359,0.00814043018571938
2025-04-16,489,0.494778931710955,0.4960626411794919,-0.001283709468536913
2025-04-17,492,0.6877556970481035,0.6796145078340515,0.008141189214051955
2025-04-21,493,0.7902685529226071,0.800497404275063,-0.010228851352455812
2025-04-22,493,0.5274016460013279,0.5317560664911108,-0.004354420489782905
2025-04-23,496,0.7273623943247075,0.7349186887612552,-0.007556294436547614
2025-04-24,494,0.436736140557999,0.4341137233372702,0.002622417220728728
2025-04-25,495,0.3241927429744868,0.3219493981376075,0.00224334483687935
2025-04-28,495,0.3950066003891142,0.3944826065439856,0.0005239938451286131
2025-04-29,486,0.44713603576628397,0.44556702228766676,0.0015690134786171914
2025-04-30,491,0.5072136989588807,0.5052913052640992,0.0019223936947815343
2025-05-01,491,0.6076509928826853,0.6145927265084025,-0.0069417336257170175
2025-05-02,490,0.37871400015927603,0.37438764389353235,0.0043263562657436935
2025-05-05,493,0.45532370220144497,0.4508285645095543,0.0044951376918907
2025-05-06,494,0.4418379743221149,0.44162929433327114,0.00020867998884373538
2025-05-07,495,0.5317038027140111,0.5343311803756953,-0.0026273776616842414
2025-05-08,485,0.40048647267364634,0.3973661838795369,0.0031202887941094186
2025-05-09,487,1.2017668928702572,1.2144138697298141,-0.012646976859556914
2025-05-12,493,0.5576962216483712,0.5576625475249025,3.367412346867983e-05
2025-05-13,488,0.459475346333393,0.45531242139198375,0.004162924941409222
2025-05-14,483,0.5212475276692828,0.5223435470673162,-0.0010960193980333937
2025-05-15,477,0.3948254691140251,0.3962224137262769,-0.0013969446122517996
2025-05-16,482,0.3403984296146782,0.33710731557153617,0.003291114043141996
2025-05-19,492,0.35261236274163904,0.3480031390862592,0.004609223655379786
2025-05-20,490,0.6833352257182805,0.6732722504295742,0.010062975288706455
2025-05-21,490,0.36201485933679145,0.3647186467308123,-0.002703787394020848
2025-05-22,481,0.39871570774607307,0.4010453372797613,-0.0023296295336882886
2025-05-23,489,0.5720327588627326,0.583996862023446,-0.011964103160713321
2025-05-27,492,0.4175953803287691,0.41756908312698565,2.6297201783447043e-05
2025-05-28,491,0.3800891219684946,0.38579748259051844,-0.0057083606220238396
2025-05-29,477,0.3982869819921123,0.4018016481105321,-0.0035146661184196995
2025-05-30,478,0.37884475439921267,0.3833448222013605,-0.004500067802147809
2025-06-02,493,0.4477476517927577,0.45510408120174783,-0.007356429408990113
2025-06-03,488,0.3820260534674958,0.3853592344991003,-0.0033331810316045364
2025-06-04,492,0.3991541804924714,0.4014309100270039,-0.002276729534532432
2025-06-05,482,0.41178785755076397,0.4195811071870859,-0.007793249636321959
2025-06-06,487,0.40787185354310707,0.4111323619736306,-0.0032605084305235977
2025-06-09,486,0.4331213983274348,0.4394386925993308,-0.0063172942718959955
2025-06-10,493,0.3701096754328411,0.3722599898510671,-0.002150314418226037
2025-06-11,494,0.3617298324549596,0.3672464510168913,-0.005516618561931687
2025-06-12,471,0.5623985694082785,0.5579790484164909,0.004419520991787685
2025-06-13,482,0.5249197357396217,0.5331833414308662,-0.008263605691244605
2025-06-16,491,0.4485557080049822,0.447219379386888,0.0013363286180942133
2025-06-17,487,0.3585079644084728,0.36266379977364815,-0.004155835365175252
2025-06-18,493,0.34554689276436956,0.3501256927149888,-0.004578799950619242
2025-06-20,492,0.46371020315416844,0.47052466211931104,-0.006814458965142611
2025-06-23,494,0.44785945006831557,0.4561873110653757,-0.008327860997060078
2025-06-24,494,0.4421356280098416,0.4419757751160128,0.00015985289382874332
2025-06-25,493,0.39283998579248314,0.40051711846773314,-0.007677132675250059
2025-06-26,489,0.37122639580603994,0.3771307776678574,-0.00590438186181744
2025-06-27,476,0.3707115143866386,0.377883688384245,-0.007172173997606453
2025-06-30,488,0.5842299000916809,0.5917239978762694,-0.00749409778458855
2025-07-01,494,0.4985504413435018,0.5029505358808705,-0.004400094537368669
2025-07-02,486,0.35645847393838537,0.36318704021333187,-0.006728566274946462
2025-07-03,491,0.405890616799572,0.40549242198557034,0.0003981948140017084
2025-07-07,493,0.40709026299109924,0.4114080063560225,-0.004317743364923276
2025-07-08,495,0.3556259511597574,0.3602530059706347,-0.004627054810877308
2025-07-09,488,0.4284009304965399,0.4334079587686144,-0.005007028272074532
2025-07-10,494,0.36826752756055187,0.3676537516293815,0.0006137759311703273
2025-07-11,495,0.363852450219074,0.36676462331634846,-0.002912173097274516
2025-07-14,490,0.5183522514370268,0.5106931721182549,0.0076590793187718805
2025-07-15,496,0.319935796206598,0.3243197307661059,-0.004383934559507862
2025-07-16,495,0.411981171892693,0.4172802453010267,-0.005299073408333723
2025-07-17,489,0.34669648660391267,0.34899316146280895,-0.0022966748588962964
2025-07-18,492,0.3362254265645169,0.3363966705316646,-0.0001712439671476654
2025-07-21,493,0.6237447006983909,0.6299717245147493,-0.006227023816358389
2025-07-22,495,0.49155131869332186,0.49635373134123506,-0.004802412647913207
2025-07-23,495,0.5071306180129321,0.5058249755101102,0.0013056425028219552
2025-07-24,493,0.3945978031715413,0.39917899223419623,-0.004581189062654913
2025-07-25,496,0.4025622920481988,0.40046723313011306,0.0020950589180857653
2025-07-28,495,0.4829611371046404,0.48249515860003733,0.0004659785046030941
2025-07-29,494,0.5269394753093657,0.5236196547305111,0.003319820578854479
2025-07-30,486,0.7154930005714899,0.7090285770823873,0.0064644234891026876
2025-07-31,487,0.6108032673562075,0.6021615184680499,0.008641748888157597
2025-08-01,493,0.5117243347979041,0.5194567547851995,-0.007732419987295444
2025-08-04,492,0.49534289124830944,0.4948065975601698,0.0005362936881396384
2025-08-05,495,0.4888412008407416,0.4881639217867745,0.000677279053967107
2025-08-06,493,0.5027597679403368,0.5033739846065444,-0.0006142166662076227
2025-08-07,487,0.43486451571126616,0.4375180625185285,-0.0026535468072623105
2025-08-08,489,0.31447029991467024,0.3152902487613813,-0.0008199488467110669
2025-08-11,493,0.5522787288848481,0.5604066119723677,-0.008127883087519744
2025-08-12,489,0.576557080752208,0.5833883091954891,-0.006831228443281001
2025-08-13,485,0.3961752006693399,0.3940076075275273,0.002167593141812618
2025-08-14,473,0.38408282902307445,0.385062481703716,-0.0009796526806415142
2025-08-15,483,0.2919716265612588,0.29415161714562044,-0.002179990584361642
2025-08-18,490,0.41816597639234676,0.42058206347229565,-0.002416087079948866
2025-08-19,490,0.34072282271515664,0.3421543902977391,-0.0014315675825824778
2025-08-20,491,0.30049275705521666,0.30097485099360055,-0.00048209393838390325
2025-08-21,489,0.6983484366493191,0.7084564980104148,-0.010108061361095598
2025-08-22,491,0.3809691612480056,0.37812554268092874,0.002843618567076885
2025-08-25,493,0.35967187288893504,0.36262761736991284,-0.0029557444809777955
2025-08-26,496,0.2879432705826728,0.29211678980298966,-0.004173519220316944
2025-08-27,492,0.3555791158245531,0.35766908703990685,-0.0020899712153537547
2025-08-28,478,0.3480828821465321,0.34849668157923785,-0.00041379943270576246
2025-08-29,472,0.4095705593931452,0.4068889299538929,0.0026816294392522744
2025-09-02,488,0.34493798586504326,0.3453847604502617,-0.0004467745852183744
2025-09-03,488,0.4112205868682801,0.4165315548477024,-0.005310967979422231
2025-09-04,478,0.4386117296216928,0.4389812974060402,-0.0003695677843473781
2025-09-05,491,0.36251919409296185,0.3642872344401317,-0.0017680403471698359
2025-09-08,491,0.39283338842410315,0.39270329729975856,0.00013009112434459756
2025-09-09,488,0.5343628745854271,0.5340815137867285,0.0002813607986987105
2025-09-10,492,0.5571323634295571,0.5653756366794548,-0.008243273249897685
2025-09-11,487,0.40552177685079943,0.40279095338143434,0.00273082346936505
2025-09-12,472,0.38889284695215504,0.3891668651927752,-0.0002740182406202301
2025-09-15,488,0.36824784371801456,0.3683224035141665,-7.455979615193602e-05
2025-09-16,493,0.3192136062535272,0.32197268364504156,-0.0027590773915143426
2025-09-17,493,0.47859158376862676,0.4825823355203751,-0.003990751751748385
2025-09-18,494,0.3273958697194791,0.3282440154997926,-0.0008481457803134819
2025-09-19,491,0.3731894250365477,0.3752208551426073,-0.0020314301060596262
2025-09-22,496,0.3666370174129468,0.3684835762069855,-0.001846558794038724
2025-09-23,495,0.40027564986152636,0.40025783322726316,1.781663426320485e-05
2025-09-24,493,0.39954865466605965,0.39599057957762235,0.0035580750884373078
2025-09-25,490,0.36332237819286484,0.37028454800282484,-0.006962169809960003
2025-09-26,494,0.3451521189463354,0.34826244463081096,-0.0031103256844755216
2025-09-29,472,0.40684049952688844,0.40947775345370246,-0.002637253926814063
2025-09-30,487,0.5896414282462032,0.5895151019384595,0.00012632630774383306
2025-10-01,493,0.36669525316472645,0.3689294396039309,-0.002234186439204391
2025-10-02,487,0.3461297400104848,0.34949169652295964,-0.0033619565124748145
2025-10-03,494,0.41777439730773075,0.41826710084726487,-0.0004927035395341535
2025-10-06,494,0.40669562551622285,0.40524259518642697,0.001453030329795883
2025-10-07,496,0.4330529713137727,0.4358155294212856,-0.0027625581075129044
2025-10-08,492,0.409706381415715,0.4060140384839205,0.0036923429317945356
2025-10-09,487,0.8614653958612958,0.8382806692483105,0.023184726612985273
2025-10-10,496,0.5115728593041681,0.5180518999925814,-0.006479040688413289
2025-10-13,493,0.4505087869407519,0.4561846929191044,-0.005675905978352477
2025-10-14,491,0.4254039204347332,0.4269540209988195,-0.0015501005640862848
2025-10-15,495,0.5820495420965259,0.5748716571072094,0.007177884989316492
2025-10-16,491,0.33679970033635015,0.34130022128092596,-0.004500520944575734
2025-10-17,494,0.3990053424858111,0.40552602659640596,-0.006520684110594845
2025-10-20,495,0.4235103543034576,0.4273430145824938,-0.003832660279036171
2025-10-21,493,0.44304956942445506,0.44085941415349433,0.002190155270960755
2025-10-22,495,0.5084208207955622,0.5116881626990715,-0.0032673419035093203
2025-10-23,493,0.42546135252553374,0.42873683205310265,-0.003275479527568925
2025-10-24,495,0.3729201660676351,0.3768008636175936,-0.0038806975499584774
2025-10-27,495,0.5191597109833249,0.5137872710770799,0.005372439906245055
2025-10-28,494,0.7549757537195604,0.7442388717516326,0.010736881967927749
2025-10-29,494,0.6328860579796148,0.6301469893536997,0.0027390686259149673
2025-10-30,485,0.41833853949976463,0.420832027082518,-0.0024934875827533898
2025-10-31,489,0.44459455745355103,0.44375318671272385,0.0008413707408271932
2025-11-03,493,0.5897078919436027,0.5841069499014394,0.005600942042163389
2025-11-04,492,0.5396671613697002,0.5430464685923142,-0.003379307222614169
2025-11-05,496,0.5723788962317228,0.5683317036698924,0.004047192561830294
2025-11-06,485,0.47711655528202246,0.48261424902456157,-0.005497693742539075
2025-11-07,486,0.4102536516956897,0.41433392976231626,-0.004080278066626516
2025-11-10,496,0.43449401221062156,0.4388161189434757,-0.0043221067328541194
2025-11-11,489,0.3595966442598497,0.3625350951212891,-0.002938450861439416
2025-11-12,486,0.5533535609675648,0.5439345804139962,0.009418980553568608
2025-11-13,473,0.3422064459914484,0.3425697399471146,-0.00036329395566623136
2025-11-14,478,0.552709535923045,0.5433013901209349,0.009408145802109994
2025-11-17,491,0.33019789101183505,0.3323490520810716,-0.002151161069236538
2025-11-18,488,0.4084638506305137,0.40878101411687967,-0.0003171634863659906
2025-11-19,490,0.5370385622001855,0.5284941879355257,0.008544374264659843
2025-11-20,488,0.7021469376795865,0.7127339221379646,-0.010586984458378095
2025-11-21,490,0.4914196911970948,0.49412566065201735,-0.0027059694549225848
2025-11-24,491,0.5482030569111954,0.5569322599580372,-0.008729203046841749
2025-11-25,492,0.351047857955311,0.35650686606680404,-0.005459008111493034
2025-11-26,483,0.2700264611121585,0.2755265503617289,-0.005500089249570429
2025-11-28,475,0.40931827981534774,0.4063987707355533,0.002919509079794483
2025-12-01,491,0.370826152862325,0.37228342410296567,-0.0014572712406406712
2025-12-02,489,0.4830292808890752,0.48757733556450106,-0.004548054675425824
2025-12-03,490,0.37181181757934373,0.3741027706374834,-0.002290953058139659
2025-12-04,476,0.3929737600893572,0.3956665916784024,-0.002692831589045198
2025-12-05,491,0.44807394372714865,0.445086988754541,0.0029869549726076455
2025-12-08,493,0.3673434263253784,0.3680602180628409,-0.00071679173746249
2025-12-09,490,0.58566788478036,0.5929570133973625,-0.0072891286170023726
2025-12-10,494,0.46462894481218997,0.4700238510887061,-0.005394906276516126
2025-12-11,487,0.4857327700493265,0.4812291060349165,0.004503664014410068
2025-12-12,473,0.3694025560405225,0.3716244725070197,-0.0022219164664971803
2025-12-15,489,0.3866135864669549,0.3837676525298614,0.002845933937093399
2025-12-16,491,0.45518481268416694,0.45354945246253286,0.0016353602216340327
2025-12-17,492,0.36014225274741923,0.3633023579928524,-0.003160105245433193
2025-12-18,491,0.3905331233907547,0.3944016614217957,-0.0038685380310410395
2025-12-19,493,0.3580226967761414,0.3640411600299512,-0.00601846325380978
2025-12-22,494,0.27268809389028464,0.2740486873149096,-0.0013605934246249214
2025-12-23,495,0.22613772104941116,0.23086853585702954,-0.004730814807618393
2025-12-24,488,0.21887838909401403,0.2220349367967169,-0.00315654770270289
2025-12-26,491,0.24781180012707682,0.2495359268558507,-0.0017241267287738651
2025-12-29,494,0.23145498507056247,0.23361898004288245,-0.002163994972319957
2025-12-30,478,0.30098535368596085,0.299277683346111,0.0017076703398498402
2025-12-31,478,0.5414686853636206,0.5454053577109718,-0.003936672347351144
2026-01-02,493,0.5814489331955984,0.5861323759897032,-0.004683442794104702
2026-01-05,492,0.5898185314644461,0.596421878300808,-0.006603346836361807
2026-01-06,495,0.5645710167237468,0.556569506113865,0.00800151060988164
2026-01-07,496,0.6206038346060536,0.624421841144298,-0.003818006538244397
2026-01-08,489,0.4827835604244142,0.4866619233860041,-0.0038783629615898713
2026-01-09,492,0.377062577949894,0.37901318251495586,-0.0019506045650618561
2026-01-12,495,0.45387616733831204,0.45439438505658175,-0.0005182177182697443
2026-01-13,494,0.4574632567552268,0.4595696326127288,-0.0021063758575020058
2026-01-14,492,0.4225215558598644,0.4252535954922416,-0.0027320396323772204
2026-01-15,489,0.427834362061749,0.42664962417635455,0.0011847378853944257
2026-01-16,491,0.6673074224883995,0.6529358540261383,0.014371568462261158
2026-01-20,494,0.6143730979784878,0.6231229181710156,-0.008749820192527853
2026-01-21,494,0.40767176668437133,0.40998685430491694,-0.002315087620545602
2026-01-22,492,0.39536092699948466,0.3948403433758651,0.0005205836236195977
2026-01-23,496,0.3359987654936436,0.3390700564684204,-0.003071290974776815
2026-01-26,496,0.5343601518154139,0.5345273200838164,-0.0001671682684024706
2026-01-27,493,0.48895819285323605,0.48776513030406776,0.0011930625491682664
2026-01-28,493,0.6085771171743799,0.6076438849452028,0.0009332322291771417
2026-01-29,487,0.4924096557146948,0.49142877196294776,0.0009808837517470777
2026-01-30,491,0.4992163363644097,0.5021793916511117,-0.0029630552867020107
2026-02-02,494,0.9682398698355776,0.9624190030022058,0.005820866833371735
2026-02-03,493,0.9146364759168265,0.9149845864156922,-0.0003481104988657509
2026-02-04,494,0.7264231580003954,0.7158907342849816,0.010532423715413774
2026-02-05,489,0.8313241513767358,0.8408829216117302,-0.009558770234994355
2026-02-06,490,0.5223786675510109,0.5235789774868973,-0.001200309935886379
2026-02-09,491,0.5591260735021921,0.5612027886614185,-0.002076715159226278
2026-02-10,491,0.7101826976914991,0.7063332416204648,0.0038494560710343228
2026-02-11,493,0.9116303817091902,0.8961186836512153,0.015511698057974978
2026-02-12,472,0.5615452900840359,0.5678462697734116,-0.006300979689375658
2026-02-13,479,0.48793140620227426,0.4878280435957552,0.00010336260651899175
2026-02-17,491,0.5146870270179528,0.5187828634900226,-0.004095836472069757
2026-02-18,491,0.4465666349167941,0.4467694123892814,-0.0002027774724873158
2026-02-19,489,0.4028827448918203,0.4073669397907185,-0.004484194898898109
2026-02-20,489,0.713711990720541,0.7018625609960049,0.011849429724536243
2026-02-23,492,0.45948661089672593,0.4656444499447499,-0.006157839048023924
2026-02-24,490,0.5558275502761361,0.556719102968309,-0.0008915526921729381
2026-02-25,495,0.5531502300687436,0.5577753303799408,-0.004625100311197087
2026-02-26,478,0.626672598214286,0.6255827794051829,0.0010898188091032013
2026-02-27,479,0.5090521940112595,0.5086945614886185,0.00035763252264108057
2026-03-02,493,0.5534738324486015,0.5472241823199994,0.006249650128602041
2026-03-03,489,0.42716702157688513,0.4310951087873644,-0.003928087210479288
2026-03-04,489,0.6154657139519081,0.6083549062734064,0.00711080767850169
2026-03-05,476,0.6288033205893379,0.6186140675133468,0.010189253075991058
2026-03-06,485,0.45300679615141587,0.4565846181865634,-0.0035778220351475303
2026-03-09,483,0.49697905002277293,0.49367687618154826,0.0033021738412246466
2026-03-10,489,0.4532164662850132,0.4532530734700815,-3.6607185068245766e-05
2026-03-11,495,0.736050370685829,0.7215261271824495,0.01452424350337947
2026-03-12,475,0.3972391020431455,0.3996331058827909,-0.0023940038396454625
2026-03-13,482,0.3925951225996786,0.39876557485229347,-0.006170452252614884
2026-03-16,488,0.3790415921600685,0.3840842837151834,-0.0050426915551149065
2026-03-17,496,0.5625238560099382,0.554970690823029,0.007553165186909137
2026-03-18,493,0.39556722865309035,0.3969472983377899,-0.0013800696846995705
2026-03-19,493,0.5973031265194351,0.5890277807287582,0.008275345790676812
2026-03-20,495,0.49042005835212454,0.4977946327813142,-0.007374574429189599
2026-03-23,494,0.5206724479049831,0.5205927340631836,7.971384179948601e-05
2026-03-24,494,0.38477309695398737,0.38985166206546773,-0.005078565111480372
2026-03-25,496,0.5599759995099295,0.5527550356394043,0.007220963870525132
2026-03-26,492,0.6036348479772052,0.5956858051789105,0.007949042798294828
2026-03-27,495,0.5183744103645732,0.5174401792314045,0.0009342311331688265
2026-03-30,474,0.7891527227888258,0.800777059416778,-0.01162433662795231
2026-03-31,491,0.47421128634351595,0.477464592802557,-0.003253306459041001
2026-04-01,487,0.40726243562083525,0.41112285571320334,-0.0038604200923680423
2026-04-02,493,0.3590575307766921,0.36422693436375525,-0.005169403587063117
2026-04-06,494,0.40211071922621144,0.40298279475119764,-0.0008720755249861929
2026-04-07,497,1.0101454711850422,1.0207003298392359,-0.010554858654193781
2026-04-08,491,0.4910694279803218,0.4923340590091449,-0.001264631028823062
2026-04-09,491,0.47745688021872623,0.474491399102166,0.0029654811165602877
2026-04-10,496,0.5846193214118545,0.5925762572052997,-0.007956935793445233
2026-04-13,495,0.42339051268866096,0.427836930141956,-0.0044464174532950415
2026-04-14,492,0.5019117088301663,0.504031253095267,-0.0021195442651006126
2026-04-15,495,0.4687077400977823,0.47335743332661806,-0.004649693228835754
2026-04-16,493,0.6132488626697782,0.6193491426361735,-0.006100279966395253
2026-04-17,493,0.37022348926437915,0.37484573232957247,-0.004622243065193349
2026-04-20,496,0.5400842473988116,0.5374969731659053,0.002587274232906232
2026-04-21,493,0.4819275734524979,0.48313185666035996,-0.0012042832078619995
2026-04-22,496,0.7659004413372161,0.7629684632006632,0.0029319781365529088
2026-04-23,496,0.5357550575525507,0.5368939633948673,-0.0011389058423165424
2026-04-24,496,0.40069944201271884,0.40243894076066183,-0.00173949874794295
2026-04-27,496,0.5263562985572063,0.5258892462092312,0.0004670523479751792
2026-04-28,495,0.6608935606442429,0.6592366354000084,0.0016569252442344108
2026-04-29,490,0.7379787694656277,0.7452223911473054,-0.007243621681677666
2026-04-30,491,0.4673028949376634,0.4684948663699981,-0.0011919714323347231
2026-05-01,490,0.5073284406431479,0.5048031776621454,0.0025252629810024393
2026-05-04,493,0.5381409402963411,0.5432485119473454,-0.005107571651004314
2026-05-05,496,0.8808037601947877,0.8827139712647303,-0.0019102110699425387
2026-05-06,495,0.6423075031371591,0.6400903628188626,0.0022171403182965873
2026-05-07,483,0.6237369549624531,0.6247588388481691,-0.0010218838857159603
2026-05-08,491,0.6213825581597583,0.6201313752854221,0.0012511828743362245
2026-05-11,493,0.435176758891665,0.43755378463819344,-0.0023770257465284433
2026-05-12,490,0.5372781176258086,0.5358943198905852,0.001383797735223282
2026-05-13,490,0.4438439263002021,0.4481681013100093,-0.004324175009807246
2026-05-14,471,0.5779768144604027,0.572819831057753,0.005156983402649646
2026-05-15,485,0.5686227668669612,0.5738574839490429,-0.005234717082081741
2026-05-18,493,0.4533087093825673,0.45302765619450736,0.00028105318805993543
2026-05-19,491,0.603746413811464,0.6106719866008429,-0.00692557278937892
2026-05-20,491,0.45212048392660437,0.4560970634083559,-0.003976579481751501
2026-05-21,477,0.4659150819122823,0.4721958592369966,-0.006280777324714245
2026-05-22,493,0.5135516224059263,0.5164276920046603,-0.0028760695987339745
2026-05-26,493,0.48323667218900873,0.48441159224519453,-0.001174920056185777
2026-05-27,494,0.5528460386919356,0.5560012362752779,-0.003155197583342329
2026-05-28,480,0.6050627623252341,0.6064583443224529,-0.0013955819972186992
2026-05-29,476,0.7632486923838093,0.7619391261774001,0.0013095662064091758
2026-06-01,494,0.6664921383524578,0.6670036830170899,-0.0005115446646321176
2026-06-02,492,0.5460152544593713,0.5436698860010646,0.002345368458306667
2026-06-03,490,0.5833165051497703,0.590058762723786,-0.0067422575740157765
2026-06-04,478,0.79041052994942,0.7781313765176875,0.012279153431732522
2026-06-05,491,0.49926354040280474,0.49942074916693907,-0.0001572087641343345
2026-06-08,491,0.6002761673975876,0.6065915242889282,-0.006315356891340542
2026-06-09,490,0.6877029563026514,0.6780083410707402,0.009694615231911273
2026-06-10,494,0.7811078682411229,0.7887771976249242,-0.007669329383801145
2026-06-11,485,0.42216307741360654,0.4278230424797581,-0.005659965066151555
2026-06-12,468,0.5999304367972376,0.6025888960527644,-0.0026584592555268815
2026-06-15,490,0.43720508639243816,0.4390149524686119,-0.0018098660761737624
2026-06-16,494,0.677185604514453,0.6650250326098668,0.01216057190458622
2026-06-17,493,0.5775607519981464,0.5805251832023288,-0.0029644312041825333
2026-06-18,492,0.5431124352481795,0.5435720651512235,-0.00045962990304388986
2026-06-22,494,0.6447457937770261,0.6409976825916356,0.0037481111853904835
2026-06-23,494,0.5966565114445013,0.6014578895000976,-0.004801378055596335
2026-06-24,493,0.617903030010373,0.6215010423302334,-0.0035980123198604544
2026-06-25,492,0.73799257659407,0.7405771617297329,-0.0025845851356628554
2026-06-26,494,0.5262470321816705,0.5284032799055846,-0.0021562477239140594
2026-06-29,475,0.5314716163086795,0.5325090640012606,-0.0010374476925810807
2026-06-30,489,0.7059868185057366,0.7084134627875787,-0.0024266442818420423
2026-07-01,490,0.7758092381085826,0.7783176667994819,-0.002508428690899277
2026-07-02,490,0.4990905044826665,0.5011822545328074,-0.0020917500501408453
2026-07-06,494,0.53136324677878,0.5333639055667163,-0.0020006587879362325
2026-07-07,495,0.6275708562659056,0.6212120544579982,0.0063588018079074856
2026-07-08,493,0.4764429938803167,0.48220243836603893,-0.005759444485722225
2026-07-09,489,0.36846215329943305,0.3735558565736604,-0.005093703274227387
2026-07-10,496,0.5187896760276771,0.5205236579908654,-0.0017339819631883042
2026-07-13,497,0.5344177204826793,0.5332295930369516,0.0011881274457276744
2026-07-14,492,0.5448178344935829,0.5452109778520161,-0.0003931433584331948
2026-07-15,497,0.7923981114852089,0.797867971146326,-0.005469859661117072
2026-07-16,493,0.48563429295977345,0.4843802484638607,0.001254044495912807
2026-07-17,492,0.39101827494317704,0.3919576046695001,-0.0009393297263230326
2026-07-20,495,0.5692077171360069,0.5721423190057817,-0.002934601869774914
2026-07-21,495,0.4985864247487247,0.5000254041349519,-0.001438979386227241
2026-07-22,495,0.5757510602078528,0.5747379296873119,0.0010131305205409369
2026-07-23,492,0.6148488022411762,0.6206339588586927,-0.005785156617516387
2026-07-24,496,0.6133556644264049,0.6180721326789947,-0.004716468252589822
2026-07-27,495,0.80012574694511,0.8060335350346703,-0.005907788089560366
2026-07-28,496,0.7442094200852254,0.7377071868432522,0.0065022332419731495
2026-07-29,495,0.9519507890633183,0.9479558959934319,0.003994893069886374
2026-07-30,487,0.5385586322703942,0.5398444229883747,-0.0012857907179804015
2026-07-31,489,0.5911363935634744,0.5986930007676059,-0.007556607204131399
2026-08-03,495,0.7362161929174981,0.7443677463480545,-0.008151553430556397
2026-08-04,495,0.5091080974339237,0.5095436599278148,-0.0004355624938910466
2026-08-05,496,0.5413729536835901,0.5404733060400638,0.0008996476435261442
2026-08-06,488,0.5311135396017581,0.5370776982266586,-0.005964158624900432
2026-08-07,490,0.5556119449646996,0.5575151928115172,-0.0019032478468174838
2026-08-10,494,0.4053484235437282,0.4090123691113156,-0.0036639455675874007
2026-08-11,490,0.47101284405978067,0.47489112149975904,-0.003878277439978397
2026-08-12,490,0.5038964953157667,0.5104094085140201,-0.006512913198253398
2026-08-13,472,0.4057876518473088,0.40954849478918476,-0.0037608429418759743
2026-08-14,487,0.5152319749630848,0.5121627519612022,0.0030692230018827178
2026-08-17,490,0.5129811832027683,0.5118380375598485,0.001143145642919961
2026-08-18,486,0.8581074197149458,0.8614995200636412,-0.0033921003486954097
2026-08-19,491,0.5075162329928403,0.5060143314558743,0.001501901536966081
2026-08-20,488,0.4493519893842655,0.454093141840923,-0.004741152456657424
2026-08-21,490,0.4266833726931536,0.43021417549947477,-0.0035308028063211804
