origin_trading_day,rows,baseline_loss,candidate_loss,loss_delta_baseline_minus_candidate
2020-05-06,463,0.7614780698163385,1.0264207766667193,-0.2649427068503806
2020-05-07,466,0.867262479914376,1.0979892200920176,-0.23072674017764172
2020-05-08,474,0.6346087889702227,0.7718515989641681,-0.13724280999394545
2020-05-11,474,0.8529864485442444,0.9476698917737806,-0.09468344322953616
2020-05-12,471,0.859248565874043,0.9691903076772936,-0.10994174180325061
2020-05-13,460,0.613483524363065,0.8513703645651105,-0.2378868402020457
2020-05-14,466,0.5311155984716114,0.7498362515940732,-0.21872065312246178
2020-05-15,475,1.8128358874519521,1.5662604092823191,0.24657547816963302
2020-05-18,467,0.5931692053045363,0.7005291051442117,-0.10735989983967549
2020-05-19,471,0.6664299890661651,0.8542021658385227,-0.18777217677235755
2020-05-20,469,0.5409127613562835,0.7298840285804329,-0.18897126722414945
2020-05-21,469,0.4527790302146155,0.6537142139163233,-0.20093518370170782
2020-05-22,472,1.099489353239619,1.074417078974478,0.025072274265141022
2020-05-26,474,0.7909231891582515,0.9655192691110256,-0.1745960799527741
2020-05-27,464,0.6776812951826635,0.777513428766892,-0.0998321335842285
2020-05-28,462,0.5871167219613198,0.793591468116497,-0.20647474615517722
2020-05-29,473,0.5332971232933357,0.7746122224584958,-0.24131509916516017
2020-06-01,473,0.5342593668073365,0.6929103169861234,-0.15865095017878678
2020-06-02,474,0.8589606901439529,1.0676065573659523,-0.2086458672219994
2020-06-03,465,0.610396614724727,0.7840021551067898,-0.1736055403820628
2020-06-04,476,1.0536781096787262,1.0045676426404018,0.049110467038324425
2020-06-05,476,0.7512641783426337,0.8613207095093923,-0.11005653116675868
2020-06-08,469,0.7328625981137727,0.7459975646210204,-0.01313496650724761
2020-06-09,477,0.7481850829863254,0.8524858414344132,-0.10430075844808784
2020-06-10,463,2.199699352705334,1.798749980504376,0.40094937220095794
2020-06-11,456,0.6934122871167262,0.9757610878538872,-0.28234880073716095
2020-06-12,472,0.54350132323398,0.7034269467983106,-0.1599256235643306
2020-06-15,476,0.6206938479155281,0.6676584038454205,-0.046964555929892356
2020-06-16,479,0.4893950151422695,0.8170855303861504,-0.3276905152438809
2020-06-17,477,0.4192533801578152,0.6198928223849923,-0.20063944222717706
2020-06-18,473,0.5955448451991515,0.6271657962916799,-0.031620951092528465
2020-06-19,478,0.4700952414980672,0.6073316833413503,-0.13723644184328312
2020-06-22,478,0.4193501797308145,0.510682560442174,-0.0913323807113595
2020-06-23,478,0.9768557829446649,1.150459097797936,-0.1736033148532712
2020-06-24,476,0.5233232714035249,0.8249433149413499,-0.30162004353782507
2020-06-25,476,0.731277760388874,1.0723242837587708,-0.3410465233698968
2020-06-26,460,0.6239043524537047,0.8644195709996554,-0.24051521854595054
2020-06-29,470,0.5456236654472859,0.4860012982595905,0.05962236718769542
2020-06-30,475,0.5567243209756453,0.6000579504014635,-0.04333362942581818
2020-07-01,473,0.41483925810733674,0.5329764155942535,-0.11813715748691672
2020-07-02,476,0.5261105324972767,0.537398022980935,-0.011287490483658283
2020-07-06,477,0.59443249042797,0.7233643825705152,-0.12893189214254522
2020-07-07,478,0.4612257226045218,0.5385802891514658,-0.07735456654694407
2020-07-08,470,0.6238603691616653,0.8933798262059369,-0.2695194570442716
2020-07-09,477,0.596906403850778,0.6031769932895569,-0.006270589438778963
2020-07-10,479,0.5303933363214104,0.5619022249632432,-0.031508888641832745
2020-07-13,474,0.6190664287811017,0.8041199172093869,-0.18505348842828523
2020-07-14,477,0.7825100462703779,0.9999551554659752,-0.21744510919559726
2020-07-15,475,0.3883827201911774,0.47546403070573445,-0.087081310514557
2020-07-16,475,0.4496243919435089,0.5307422537611296,-0.08111786181762064
2020-07-17,479,0.527692251504557,0.5698080640898426,-0.04211581258528573
2020-07-20,477,0.4973571995794813,0.6464537225847546,-0.14909652300527332
2020-07-21,477,0.4566980511216148,0.5917824147663755,-0.13508436364476076
2020-07-22,475,0.43382344321563554,0.49599641632027147,-0.062172973104635924
2020-07-23,477,0.4271045514156037,0.44341021931348806,-0.016305667897884374
2020-07-24,478,0.5047175280846401,0.6199765443279148,-0.1152590162432748
2020-07-27,476,0.5056819530547574,0.5179487743747639,-0.01226682132000652
2020-07-28,479,0.627811608932112,0.7067510702314476,-0.07893946129933554
2020-07-29,470,0.5283415475410359,0.5209974246565868,0.007344122884448978
2020-07-30,466,0.43054515664226595,0.5420601331416478,-0.11151497649938186
2020-07-31,477,0.47588914584121356,0.5387694651979352,-0.06288031935672159
2020-08-03,478,0.4614014732107452,0.5639053435976767,-0.1025038703869316
2020-08-04,479,0.5338540063640643,0.6108364073961143,-0.07698240103205006
2020-08-05,471,0.495275684897303,0.5410524551436899,-0.04577677024638697
2020-08-06,470,0.5464431367072407,0.6156032856662137,-0.06916014895897296
2020-08-07,476,0.5879619797009132,0.6418938917122673,-0.05393191201135412
2020-08-10,476,0.48284725584402083,0.5212246695165209,-0.038377413672500076
2020-08-11,476,0.4697955947369912,0.6606677378966541,-0.19087214315966283
2020-08-12,454,0.3810975413237285,0.4342087922919053,-0.05311125096817685
2020-08-13,471,0.31240668896298895,0.38066528692401935,-0.06825859796103044
2020-08-14,475,0.4052422792155017,0.4648128281629263,-0.059570548947424584
2020-08-17,470,0.34153270829122784,0.3878371130195638,-0.046304404728335954
2020-08-18,472,0.33859029567971133,0.3835195296260808,-0.044929233946369516
2020-08-19,473,0.408163387161676,0.42945292856972794,-0.021289541408051935
2020-08-20,474,0.3240071669443746,0.3777905402215984,-0.05378337327722384
2020-08-21,473,0.5617298629069029,0.6497967538982447,-0.08806689099134188
2020-08-24,477,0.3212828823768479,0.4061113355188087,-0.0848284531419608
2020-08-25,477,0.44102273251039426,0.49459039866872717,-0.053567666158332965
2020-08-26,470,0.450693737109979,0.5267789240281573,-0.07608518691817834
2020-08-27,468,0.4025635838557629,0.48762941242391944,-0.08506582856815649
2020-08-28,462,0.42093384541010603,0.4454364197673132,-0.02450257435720719
2020-08-31,471,0.45275190846501256,0.510061532843953,-0.057309624378940396
2020-09-01,473,0.6319348621291156,0.7157512997720847,-0.0838164376429691
2020-09-02,465,0.98704147525443,0.7478563942692925,0.2391850809851375
2020-09-03,479,0.43022776172502,0.4967590662066511,-0.06653130448163115
2020-09-04,472,0.796219093256178,0.6731612062432775,0.12305788701290045
2020-09-08,471,0.5488986053195917,0.9771635933137702,-0.4282649879941786
2020-09-09,473,0.5488384862945195,0.42601127337521716,0.12282721291930229
2020-09-10,476,0.3651421440849063,0.8374388280166907,-0.4722966839317845
2020-09-11,452,0.5742573228673776,0.7738772300321292,-0.19961990716475145
2020-09-14,472,0.42286920182988563,0.47966008429227475,-0.05679088246238905
2020-09-15,475,0.47205978728350345,0.5061372761043067,-0.03407748882080326
2020-09-16,477,0.4111821550554418,0.4167032306618631,-0.005521075606421308
2020-09-17,476,0.4659476860812819,0.478472577894882,-0.01252489181360005
2020-09-18,478,0.88675109464559,0.7337304773942858,0.15302061725130417
2020-09-21,479,0.44712168526526963,0.6455092486899375,-0.19838756342466793
2020-09-22,478,0.7251512814928448,0.685717320016976,0.039433961475868834
2020-09-23,477,0.3598581869116931,0.3945766070129007,-0.034718420101207605
2020-09-24,476,0.4923603040858271,0.4918520975990871,0.000508206486739994
2020-09-25,480,0.5667364606784429,0.5887225937701243,-0.021986133091681462
2020-09-28,460,0.3882393538123902,0.374610784586989,0.01362856922540118
2020-09-29,471,0.3921039091334628,0.44053066916039674,-0.048426760026933934
2020-09-30,474,0.4431642296007622,0.5330927654400658,-0.08992853583930359
2020-10-01,477,0.46039708690114867,0.5180467112106448,-0.057649624309496245
2020-10-02,475,0.5834437622774332,0.7142374830157648,-0.13079372073833148
2020-10-05,478,0.41978094595965487,0.37258296075715924,0.04719798520249565
2020-10-06,479,0.5334803704107187,0.632789619557507,-0.0993092491467883
2020-10-07,466,0.5038638768191501,0.6587784497811721,-0.15491457296202193
2020-10-08,478,0.37770609796243493,0.41923600802182837,-0.04152991005939346
2020-10-09,480,0.38744943562145817,0.5099707349042578,-0.12252129928279959
2020-10-12,480,0.4927782231889953,0.48297685434915943,0.00980136883983582
2020-10-13,476,0.32946838938572476,0.3979877650724323,-0.06851937568670753
2020-10-14,475,0.3709975653908516,0.43976587256207295,-0.06876830717122143
2020-10-15,478,0.35336696931993183,0.3795453297135345,-0.026178360393602655
2020-10-16,480,0.48213823649202986,0.46331995165309475,0.018818284838935093
2020-10-19,478,0.3568366078570159,0.41852712935926173,-0.06169052150224586
2020-10-20,478,0.3885425788471066,0.4086221739436145,-0.020079595096507946
2020-10-21,476,0.6374285119159097,0.6783089772524529,-0.040880465336543145
2020-10-22,479,0.3208245516294719,0.38003748820738364,-0.05921293657791172
2020-10-23,479,0.7458391443893386,0.647417252437861,0.09842189195147755
2020-10-26,477,0.5677976895436163,0.5123536882477007,0.05544400129591564
2020-10-27,480,1.0993015205604106,0.7832235028509514,0.31607801770945937
2020-10-28,471,0.5763139352110024,0.886050816399356,-0.30973688118835363
2020-10-29,469,0.5003951890596557,0.5364180368526583,-0.03602284779300254
2020-10-30,479,0.7316086660260387,1.2322790746706818,-0.500670408644643
2020-11-02,478,0.7307398884888412,0.8760175981301503,-0.1452777096413091
2020-11-03,479,0.9945806386469034,1.0408709832122123,-0.04629034456530879
2020-11-04,469,0.8140453650378795,0.9520046789362928,-0.13795931389841326
2020-11-05,473,0.5257740213336596,0.560743621390104,-0.03496960005644446
2020-11-06,471,2.4267635617883383,2.556878912058202,-0.13011535026986362
2020-11-09,473,0.7069758340705394,0.7669092421812483,-0.05993340811070887
2020-11-10,480,0.6094834165216124,0.6180295646792267,-0.008546148157614222
2020-11-11,462,0.549427485028552,0.6002913622281405,-0.05086387719958857
2020-11-12,468,0.6520760812493641,0.7237163707484637,-0.07164028949909963
2020-11-13,478,0.6536322649268332,0.7093666010525996,-0.05573433612576633
2020-11-16,471,0.4741257666151929,0.4381168296573626,0.03600893695783032
2020-11-17,473,0.5336235065868767,0.5381146791597178,-0.004491172572840953
2020-11-18,470,0.4446693502565294,0.4107762691874761,0.033893081069053276
2020-11-19,477,0.430035962066255,0.4418417767318957,-0.011805814665640735
2020-11-20,475,0.591788469367633,0.5636358193048786,0.028152650062754456
2020-11-23,475,0.7293289499947719,0.7433290619947035,-0.01400011199993159
2020-11-24,476,0.4362622950437203,0.4078099177261125,0.0284523773176078
2020-11-25,467,0.40867363404771173,0.40062690862821687,0.008046725419494888
2020-11-27,465,0.5442375703598294,0.6016253040957047,-0.05738773373587528
2020-11-30,469,0.47727702769317104,0.4957321447079146,-0.018455117014743578
2020-12-01,475,0.4713228353069488,0.4605027920539956,0.010820043252953266
2020-12-02,463,0.4474906969596169,0.43939868476617,0.008092012193446945
2020-12-03,476,0.5649759125759966,0.5370583100547702,0.02791760252122625
2020-12-04,480,0.4231418786751976,0.4158263766274425,0.007315502047755046
2020-12-07,475,0.3885331349005099,0.3830313840773646,0.0055017508231453155
2020-12-08,473,0.4360981844019738,0.4603871290140227,-0.024288944612048873
2020-12-09,471,0.39415771890237045,0.440159038429601,-0.04600131952723055
2020-12-10,475,0.35476047720054954,0.426096145156052,-0.07133566795550238
2020-12-11,458,0.4355249257788397,0.4406772285672201,-0.005152302788380353
2020-12-14,473,0.49640887449654325,0.6197253960211863,-0.12331652152464295
2020-12-15,478,0.34917885234712137,0.390623466980674,-0.04144461463355262
2020-12-16,474,0.38267098209918904,0.47036089811445175,-0.08768991601526267
2020-12-17,473,0.4002203797091485,0.43325182140557195,-0.03303144169642347
2020-12-18,478,0.3928824295394454,0.4456539174327005,-0.05277148789325511
2020-12-21,475,0.3836128809939482,0.42950373771380423,-0.045890856719856064
2020-12-22,479,0.38737345886084773,0.5157905165798902,-0.12841705771904238
2020-12-23,473,0.24481233381408912,0.3753828753181236,-0.13057054150403447
2020-12-24,480,0.34140642400607807,0.3984389010117532,-0.05703247700567522
2020-12-28,480,0.2918218843899418,0.3420093581511013,-0.05018747376115946
2020-12-29,462,0.3055093067741216,0.42180602483870294,-0.11629671806458138
2020-12-30,469,0.33411365390673914,0.4346667069440538,-0.10055305303731467
2020-12-31,475,0.6785121444156865,0.5645592496580705,0.11395289475761607
2021-01-04,478,0.4504569169254455,0.654436249324278,-0.20397933239883265
2021-01-05,479,1.0313157763779996,1.0708094218945168,-0.039493645516517295
2021-01-06,468,0.5730969528893587,0.7291053369847482,-0.15600838409538945
2021-01-07,476,0.37355851799522605,0.43703872442515124,-0.06348020642992515
2021-01-08,480,0.4084018294055353,0.4480885164097513,-0.0396866870042159
2021-01-11,480,0.5005087812878027,0.5914142344659509,-0.09090545317814812
2021-01-12,478,0.41380173411893695,0.4631123227693678,-0.049310588650430906
2021-01-13,475,0.4907177334348085,0.5744917932672621,-0.08377405983245358
2021-01-14,478,0.45672419584703383,0.4661223699907319,-0.009398174143698116
2021-01-15,475,0.4551089517775982,0.5049558719977172,-0.04984692022011895
2021-01-19,480,0.4571549238343139,0.5347936012390347,-0.0776386774047209
2021-01-20,473,0.4187753568109944,0.4495179270012638,-0.03074257019026939
2021-01-21,479,0.365749463806112,0.4101795492750446,-0.04443008546893258
2021-01-22,480,0.4296565616559204,0.46452841531866845,-0.034871853662748004
2021-01-25,479,0.5058794907677148,0.5233040847051964,-0.017424593937481598
2021-01-26,480,1.060762036364123,0.8815465123304221,0.17921552403370083
2021-01-27,474,0.7496693564464897,0.9350534487090351,-0.1853840922625455
2021-01-28,467,0.6707971015138768,0.6153988176651439,0.05539828384873282
2021-01-29,479,0.5490834529838317,0.9313511289952117,-0.38226767601138006
2021-02-01,478,0.5880133512984357,0.6301108744307654,-0.042097523132329645
2021-02-02,480,0.472446620329359,0.5243467852378947,-0.051900164908535655
2021-02-03,470,0.5641803870209197,0.6714839460214236,-0.107303559000504
2021-02-04,476,0.419001501352098,0.5497825197417582,-0.13078101838966014
2021-02-05,475,0.5076063149296122,0.5994255986932131,-0.0918192837636009
2021-02-08,474,0.37371157409430605,0.4594273835940829,-0.08571580949977692
2021-02-09,477,0.3863438133366996,0.4223928536670468,-0.03604904033034721
2021-02-10,460,0.4500304256778462,0.46870396779896933,-0.018673542121123144
2021-02-11,472,0.38554712783040473,0.4509244840227664,-0.06537735619236158
2021-02-12,472,0.48337665258746126,0.4954424461133954,-0.012065793525934154
2021-02-16,474,0.3920749683011497,0.45462084585754303,-0.06254587755639335
2021-02-17,472,0.4399960517027242,0.4234688506977244,0.01652720100499984
2021-02-18,469,0.5383139800036597,0.5769505356832703,-0.03863655567961061
2021-02-19,477,0.6376611020513115,0.6469042430135339,-0.00924314096222226
2021-02-22,475,0.4186130003671256,0.46246124074284456,-0.04384824037571894
2021-02-23,477,0.6157643444433294,0.6922714246013824,-0.07650708015805296
2021-02-24,464,0.7646719016382494,0.6123923343843941,0.1522795672538553
2021-02-25,463,0.5470386917167848,0.5350479809115544,0.011990710805230405
2021-02-26,477,0.7105989282883897,0.8153434656163354,-0.1047445373279457
2021-03-01,477,0.40947108298754953,0.39893997375390283,0.01053110923364672
2021-03-02,474,0.5742595380475507,0.5587284973402039,0.015531040707346865
2021-03-03,468,0.6616446761870467,0.555976674755479,0.10566800143156783
2021-03-04,471,0.7546415539576912,1.0110123131362725,-0.2563707591785812
2021-03-05,478,0.6439892324284934,0.7266718080116886,-0.08268257558319524
2021-03-08,462,0.6407715123914183,0.7131879187752913,-0.07241640638387298
2021-03-09,479,0.49530001934768114,0.5875812299358736,-0.09228121058819246
2021-03-10,467,0.49248373390420097,0.5296464787975207,-0.03716274489331969
2021-03-11,456,0.4231619824072667,0.5494375460588591,-0.12627556365159234
2021-03-12,472,0.4730068102369708,0.5248553456376643,-0.05184853540069358
2021-03-15,470,0.43013103116552526,0.42422929744324306,0.0059017337222821925
2021-03-16,478,0.4256291628083429,0.4993790006454312,-0.07374983783708836
2021-03-17,476,0.6161929463385919,0.575594144728381,0.04059880161021088
2021-03-18,477,0.4188601551869586,0.4940219070814871,-0.07516175189452842
2021-03-19,481,0.40785284431348406,0.456145226794952,-0.04829238248146792
2021-03-22,481,0.5802500147137893,0.5427525648267558,0.03749744988703366
2021-03-23,479,0.44311807194063035,0.5806856457042384,-0.13756757376360818
2021-03-24,478,0.4815610575360062,0.5710058865340993,-0.08944482899809315
2021-03-25,480,0.6998222937443622,0.7986665074710341,-0.0988442137266717
2021-03-26,482,0.4220133933720628,0.4086117229196204,0.013401670452442307
2021-03-29,463,0.3890413464341836,0.4049272748740428,-0.0158859284398592
2021-03-30,471,0.4002843303106282,0.4263670035110366,-0.02608267320040841
2021-03-31,479,0.44289818495939254,0.5703277098001615,-0.12742952484076886
2021-04-01,476,0.425154179016127,0.5077131522413104,-0.08255897322518345
2021-04-05,478,0.3127038170662453,0.35220575984439323,-0.03950194277814797
2021-04-06,481,0.3183333831872778,0.3426798931257545,-0.024346509938476632
2021-04-07,471,0.30749110685270037,0.3621851885979884,-0.05469408174528803
2021-04-08,479,0.3183883308286825,0.3842925378955769,-0.0659042070668944
2021-04-09,481,0.2814498505240045,0.32766700121110864,-0.046217150687104115
2021-04-12,482,0.3404631922156576,0.3803022611605808,-0.03983906894492323
2021-04-13,477,0.3354112965168605,0.3949710650237821,-0.05955976850692154
2021-04-14,478,0.3970874637616716,0.47209087721153614,-0.07500341344986448
2021-04-15,482,0.30833263816235934,0.36236005010858,-0.054027411946220655
2021-04-16,482,0.29572785292063647,0.309514114042568,-0.013786261121931537
2021-04-19,476,0.47616182232657744,0.45127621660176725,0.024885605724810154
2021-04-20,481,0.4460989496098595,0.5501923515180539,-0.10409340190819444
2021-04-21,478,0.37673026419401134,0.36265262357132577,0.014077640622685569
2021-04-22,479,0.4051460055908447,0.49800672656807554,-0.09286072097723092
2021-04-23,482,0.3354865626481088,0.3829604908453848,-0.047473928197275965
2021-04-26,481,0.31131922929138567,0.37458173176447,-0.06326250247308436
2021-04-27,481,0.3624961858282699,0.40203195482120774,-0.03953576899293777
2021-04-28,474,0.4463584707002738,0.5280392381402987,-0.08168076744002498
2021-04-29,471,0.44263090462042287,0.40173792068070663,0.04089298393971623
2021-04-30,481,0.39583822652242556,0.4979202640676658,-0.10208203754524028
2021-05-03,482,0.44962936607027415,0.45324446806686053,-0.003615101996586359
2021-05-04,481,0.43178644636578745,0.5144729478715004,-0.08268650150571297
2021-05-05,472,0.4610391174254104,0.5129140437498096,-0.05187492632439918
2021-05-06,472,0.4310791227765783,0.6314362870159188,-0.2003571642393405
2021-05-07,477,0.4575850682002379,0.44909444918322394,0.008490619017013916
2021-05-10,479,0.4863474747470441,0.45070577056629474,0.03564170418074936
2021-05-11,477,0.8447943953604001,0.6792831359704518,0.16551125938994823
2021-05-12,463,0.5005943817462738,0.6462871578459487,-0.14569277609967504
2021-05-13,472,0.5250839978554359,0.7476244125703674,-0.2225404147149315
2021-05-14,481,0.32671494612935187,0.35518944425236026,-0.028474498123008382
2021-05-17,474,0.3845181906646343,0.3821636831961295,0.002354507468504772
2021-05-18,475,0.35548327039888694,0.3589312662122571,-0.0034479958133702073
2021-05-19,472,0.38610491544420966,0.45542491120345585,-0.06931999575924616
2021-05-20,476,0.2873392919976078,0.33375739194112397,-0.046418099943516186
2021-05-21,476,0.3218265903117534,0.395921559207243,-0.07409496889548957
2021-05-24,477,0.3265226404022738,0.33453504908830856,-0.008012408686034754
2021-05-25,479,0.28488936903106643,0.35380565098953703,-0.06891628195847053
2021-05-26,462,0.3480475265293762,0.4153218860330694,-0.0672743595036932
2021-05-27,464,0.2675367978359611,0.3385696501030346,-0.07103285226707344
2021-05-28,476,0.39914110037819167,0.44636914151927487,-0.04722804114108323
2021-06-01,476,0.3175907697612319,0.36049094208257154,-0.04290017232133965
2021-06-02,467,0.33194089471854626,0.3507549626481777,-0.018814067929631445
2021-06-03,481,0.31214112954956763,0.37575104340931964,-0.06360991385975201
2021-06-04,476,0.3495231963662962,0.36184328662167575,-0.01232009025537959
2021-06-07,477,0.29299137449249185,0.38534461773286954,-0.09235324324037773
2021-06-08,475,0.33064092235048603,0.33151555789852577,-0.0008746355480397678
2021-06-09,472,0.3621795650662752,0.39926195449118673,-0.03708238942491154
2021-06-10,479,0.2576648147049177,0.32923568932014596,-0.07157087461522826
2021-06-11,458,0.32144305796961103,0.32998621264437983,-0.008543154674768832
2021-06-14,474,0.27420500873522474,0.3180655530819281,-0.04386054434670334
2021-06-15,479,0.34340553171822397,0.32535516247730606,0.018050369240917966
2021-06-16,479,0.6152084124215088,0.5512410104809127,0.06396740194059607
2021-06-17,479,0.6169097853912687,0.44798803387099506,0.1689217515202737
2021-06-18,479,0.6099070973135036,0.6233198938629495,-0.01341279654944591
2021-06-21,482,0.2589838099349352,0.33089895455347823,-0.07191514461854301
2021-06-22,480,0.26315697157386836,0.29366003747266195,-0.03050306589879354
2021-06-23,475,0.3192491003547751,0.3877848103678558,-0.06853571001308066
2021-06-24,478,0.3099317454581821,0.37142131617603147,-0.06148957071784935
2021-06-25,481,0.40743815408439527,0.4155466018089729,-0.008108447724577613
2021-06-28,464,0.28030908309417835,0.3097353308593258,-0.02942624776514752
2021-06-29,473,0.27160461780459627,0.3101970848527848,-0.03859246704818848
2021-06-30,474,0.2989074162004919,0.3705723664037656,-0.0716649502032737
2021-07-01,476,0.23828071708116103,0.2779336377933204,-0.03965292071215944
2021-07-02,478,0.41269601668203126,0.3876699047422022,0.025026111939829062
2021-07-06,481,0.3328756461625805,0.37020085285438414,-0.03732520669180369
2021-07-07,475,0.3989853533237913,0.36967792054667,0.029307432777121292
2021-07-08,478,0.485670894878186,0.579070006046259,-0.09339911116807313
2021-07-09,482,0.2646521020994327,0.41093063391906787,-0.14627853181963515
2021-07-12,482,0.34230347844800507,0.3243690670313681,0.01793441141663693
2021-07-13,475,0.30063184785848757,0.3241721833514077,-0.02354033549292014
2021-07-14,479,0.31135026532166143,0.3219128023199406,-0.010562536998279151
2021-07-15,481,0.3944057966326877,0.38133254578024445,0.013073250852443314
2021-07-16,481,0.6538739380862875,0.5172157397860251,0.13665819830026238
2021-07-19,477,0.6732719840843175,1.0321970456352405,-0.35892506155092313
2021-07-20,481,0.44545679890444106,0.6183534459104224,-0.17289664700598142
2021-07-21,478,0.35509265084999325,0.36443970521079827,-0.009347054360805063
2021-07-22,480,0.3581649085459588,0.4260297493055423,-0.06786484075958352
2021-07-23,479,0.32554066834956946,0.35768625451820935,-0.03214558616863988
2021-07-26,481,0.34688671518360975,0.3601757057801569,-0.013288990596547123
2021-07-27,481,0.33847444601686616,0.36233590168309776,-0.023861455666231633
2021-07-28,472,0.40538419014762905,0.46404747286107034,-0.058663282713441234
2021-07-29,469,0.36359068915499543,0.36941786088132905,-0.005827171726333607
2021-07-30,481,0.30400549475340216,0.3287631514204849,-0.024757656667082767
2021-08-02,482,0.4461002599070717,0.49748439757120144,-0.05138413766412979
2021-08-03,481,0.43294758063235234,0.4146098222757838,0.01833775835656855
2021-08-04,476,0.46650652573580625,0.5507872917983673,-0.08428076606256105
2021-08-05,476,0.3248352419328971,0.3703552888809092,-0.04552004694801211
2021-08-06,472,0.3033670836005276,0.3153368318193451,-0.011969748218817494
2021-08-09,481,0.4018360237990848,0.39146287885173625,0.010373144947348527
2021-08-10,477,0.3504244648476639,0.33975139304018664,0.010673071807477296
2021-08-11,460,0.2866525927706656,0.2723313530936975,0.01432123967696811
2021-08-12,473,0.2889079696302485,0.27603298514875557,0.012874984481492909
2021-08-13,480,0.3034893524896056,0.2908437435744848,0.012645608915120779
2021-08-16,472,0.39950230117557156,0.39870599624498937,0.00079630493058222
2021-08-17,476,0.41818007577857175,0.3931767115203329,0.025003364258238885
2021-08-18,471,0.3941488572130255,0.38790302765525625,0.006245829557769272
2021-08-19,477,0.2827056899481014,0.319594561099038,-0.036888871150936614
2021-08-20,478,0.3794983829045137,0.3606767690780675,0.018821613826446263
2021-08-23,480,0.353654615228274,0.3544877581605672,-0.0008331429322932305
2021-08-24,478,0.2793104612622752,0.2674547207053044,0.011855740556970824
2021-08-25,477,0.34018810930796756,0.3568276883270831,-0.01663957901911555
2021-08-26,477,0.3761603322255879,0.33138047571183454,0.044779856513753394
2021-08-27,472,0.3094420446553486,0.30223971575677666,0.007202328898571942
2021-08-30,459,0.26773268221580454,0.2589438148105619,0.008788867405242661
2021-08-31,479,0.30031023664792406,0.2935464170983698,0.006763819549554213
2021-09-01,466,0.3258670578973212,0.32619531426958526,-0.00032825637226406926
2021-09-02,477,0.25175900625782843,0.2512230390347001,0.0005359672231283004
2021-09-03,476,0.4103040003653875,0.4250375447240076,-0.014733544358620133
2021-09-07,477,0.36779932469315757,0.3650333928168715,0.0027659318762859966
2021-09-08,466,0.3504683116695756,0.3555484116793102,-0.005080100009734572
2021-09-09,479,0.3418972710752093,0.3499798707012937,-0.008082599626084427
2021-09-10,479,0.3931720796660946,0.3791240636253569,0.014048016040737741
2021-09-13,456,0.3878237958568208,0.36046343162221256,0.027360364234608282
2021-09-14,474,0.38625062361896684,0.39114099604708796,-0.004890372428121178
2021-09-15,478,0.29038743000781425,0.2905531083876392,-0.00016567837982489676
2021-09-16,480,0.3958941496227195,0.4031389121558557,-0.007244762533136154
2021-09-17,480,0.5427374812796931,0.4986287635013105,0.04410871777838255
2021-09-20,479,0.27427372032570735,0.27891588530479944,-0.004642164979092088
2021-09-21,481,0.42606517404566885,0.4039991966603845,0.02206597738528443
2021-09-22,476,0.4795464906015134,0.47544424385663847,0.004102246744874922
2021-09-23,479,0.2630043209656489,0.25994207271851716,0.003062248247131798
2021-09-24,480,0.5000416997462191,0.5118125991969693,-0.011770899450750178
2021-09-27,481,0.597423646331383,0.6365342271298354,-0.0391105807984523
2021-09-28,461,0.3273694509851284,0.344624523225667,-0.017255072240538617
2021-09-29,470,0.5306269829779509,0.5209532703818844,0.009673712596066477
2021-09-30,481,0.4739828751553496,0.4253144479506874,0.04866842720466218
2021-10-01,477,0.46589204361365477,0.48223203036719314,-0.016339986753538375
2021-10-04,479,0.3671813286829326,0.4587815307764895,-0.0916002020935569
2021-10-05,482,0.3141025740441007,0.30240952953407013,0.011693044510030597
2021-10-06,471,0.35664278324684173,0.3455533055113493,0.011089477735492466
2021-10-07,481,0.33635233860609653,0.34082507514951976,-0.004472736543423212
2021-10-08,483,0.3330119378717815,0.34138738995379814,-0.008375452082016628
2021-10-11,483,0.30126237768863356,0.28847121747474497,0.012791160213888535
2021-10-12,480,0.32584606011260075,0.3213554756219982,0.004490584490602595
2021-10-13,474,0.5333681269527438,0.5232838370270196,0.010084289925724268
2021-10-14,482,0.3202431183704722,0.3500723799459524,-0.029829261575480243
2021-10-15,483,0.33511395904864427,0.32574492356936596,0.009369035479278365
2021-10-18,482,0.3271737380344947,0.3102245573459841,0.016949180688510614
2021-10-19,482,0.3639139328688907,0.3604477950427178,0.0034661378261728907
2021-10-20,477,0.38160248255516477,0.3843403081475541,-0.002737825592389307
2021-10-21,482,0.32322933456128833,0.31548665202486065,0.007742682536427707
2021-10-22,482,0.30996247929844506,0.2974709149866833,0.012491564311761709
2021-10-25,482,0.34041549827264217,0.3359475809979756,0.00446791727466653
2021-10-26,482,0.5971706274690968,0.6113294263203803,-0.014158798851283615
2021-10-27,474,0.4898069614875681,0.5261949355354771,-0.03638797404790909
2021-10-28,470,0.4018725688332773,0.398214088625441,0.0036584802078363284
2021-10-29,480,0.45820281488038267,0.45285832798596354,0.005344486894419139
2021-11-01,481,0.4484360354996157,0.4443177669394656,0.004118268560150024
2021-11-02,483,0.44718186843991475,0.44039065191849674,0.006791216521417995
2021-11-03,473,0.5215526543640827,0.5229987565938226,-0.0014461022297399193
2021-11-04,479,0.5761357254978526,0.5752981935813037,0.0008375319165489511
2021-11-05,481,0.41102952964224476,0.3981593577072939,0.01287017193495084
2021-11-08,473,0.32234946577644397,0.3137674543226398,0.008582011453804148
2021-11-09,464,0.4316616162314036,0.4334350993318283,-0.0017734831004247598
2021-11-10,483,0.3549876194981136,0.3388471970705339,0.01614042242757968
2021-11-11,467,0.3302551308989985,0.31688039358879644,0.013374737310202086
2021-11-12,477,0.347127545370687,0.3315204318730823,0.015607113497604724
2021-11-15,476,0.3734480701246525,0.36534279921827545,0.008105270906377061
2021-11-16,477,0.36347352494685736,0.3565452022954908,0.006928322651366573
2021-11-17,468,0.33230643664662496,0.33079520276731494,0.001511233879310016
2021-11-18,480,0.44170485443966795,0.43321563046381595,0.00848922397585202
2021-11-19,476,0.43322615482126764,0.428926636903253,0.00429951791801465
2021-11-22,478,0.40976571182380495,0.40475001298454555,0.005015698839259411
2021-11-23,476,0.3212286827422443,0.31781653673166793,0.0034121460105763684
2021-11-24,479,0.943801186585138,0.9918490017258996,-0.0480478151407617
2021-11-26,473,0.45633370659771416,0.4569739203156122,-0.0006402137178980356
2021-11-29,463,0.8773531217391156,0.7956134601497645,0.0817396615893511
2021-11-30,477,0.5490121835085782,0.6693646667168767,-0.12035248320829861
2021-12-01,465,0.7920369078887011,0.7791706351782702,0.012866272710430792
2021-12-02,480,0.4695666273984781,0.4510365362679424,0.018530091130535702
2021-12-03,479,0.5453625019513637,0.5632990907330505,-0.017936588781686958
2021-12-06,479,0.5905571381367869,0.6032484102597645,-0.012691272122977638
2021-12-07,478,0.32509803806698107,0.30897792043799344,0.01612011762898761
2021-12-08,468,0.39539038328542475,0.40069058297904797,-0.005300199693623254
2021-12-09,482,0.37905553910342066,0.36165039542048766,0.01740514368293299
2021-12-10,481,0.48459141096451086,0.48037274116217826,0.004218669802332569
2021-12-13,464,0.4128966592700029,0.42832263456604225,-0.015425975296039314
2021-12-14,478,0.4863071878603753,0.5089584776828098,-0.02265128982243447
2021-12-15,478,0.5068381737909309,0.5140095738033266,-0.0071714000123958115
2021-12-16,479,0.5229378890764041,0.5072469690988144,0.015690919977589736
2021-12-17,481,0.5068204822005151,0.4260980372214363,0.08072244497907878
2021-12-20,481,0.690596385102817,0.7561233842919386,-0.06552699918912161
2021-12-21,479,0.34631974318175096,0.3258011960661017,0.020518547115649304
2021-12-22,484,0.30680903539860904,0.2496663358884962,0.05714269951011284
2021-12-23,482,0.4239337734743961,0.3601423644657266,0.06379140900866945
2021-12-27,485,0.27136933788850925,0.2673777792038241,0.003991558684685135
2021-12-28,484,0.26853264081458617,0.23159863180798887,0.03693400900659728
2021-12-29,468,0.2613706245110522,0.22319094517316732,0.03817967933788488
2021-12-30,474,0.2416513541214327,0.22644063457924168,0.015210719542191041
2021-12-31,481,0.555953344125097,0.6066088272611331,-0.050655483136036024
2022-01-03,482,0.5772833203292811,0.5788315726888204,-0.0015482523595392401
2022-01-04,483,0.6722467409638024,0.6917027425317671,-0.019456001567964704
2022-01-05,476,0.4247138081064303,0.4576759845918506,-0.032962176485420325
2022-01-06,478,0.5077181516284376,0.5036307059871229,0.004087445641314576
2022-01-07,485,0.41034427403334495,0.40200600892427507,0.00833826510906986
2022-01-10,485,0.4382194984781211,0.44140183821522166,-0.003182339737100595
2022-01-11,484,0.3038108933045884,0.30523125964337444,-0.0014203663387860265
2022-01-12,478,0.4992991134854399,0.5106878982634616,-0.011388784778021637
2022-01-13,482,0.439876046851715,0.4364609678766449,0.00341507897507013
2022-01-14,482,0.6023806592588125,0.5890001641724151,0.01338049508639732
2022-01-18,483,0.47511302173701925,0.4544328420697944,0.02068017966722481
2022-01-19,478,0.473754612254063,0.47466718618226006,-0.0009125739281970686
2022-01-20,484,0.5905900577741907,0.6135907933856196,-0.02300073561142899
2022-01-21,485,0.4684260867049918,0.45655026296698636,0.011875823738005437
2022-01-24,484,0.6392561683139675,0.7002418379784412,-0.060985669664473725
2022-01-25,483,0.45486994280962517,0.4823552465436554,-0.027485303734030273
2022-01-26,484,0.5497205730694381,0.546424156029866,0.003296417039571993
2022-01-27,474,0.7177643596866976,0.6634402729148359,0.05432408677186181
2022-01-28,478,0.6594736299284403,0.5904251843139035,0.06904844561453674
2022-01-31,484,0.4307289037462275,0.41623638256855977,0.014492521177667805
2022-02-01,483,0.4908637371780127,0.4573056754199878,0.03355806175802493
2022-02-02,479,0.681064158555927,0.671082090154221,0.009982068401705827
2022-02-03,479,0.5100222742340034,0.4988163360222994,0.011205938211703865
2022-02-04,480,0.37070188276558447,0.3590564785692076,0.011645404196376892
2022-02-07,483,0.4697463092911092,0.43895333416708954,0.030792975124019673
2022-02-08,478,0.5810158962276607,0.5795109251913827,0.0015049710362779688
2022-02-09,473,0.6177555058429773,0.6577730600116979,-0.04001755416872057
2022-02-10,477,0.6460925986440087,0.6362212115043662,0.009871387139642534
2022-02-11,478,0.3865571777283246,0.35177012193586593,0.03478705579245869
2022-02-14,479,0.6205695669997141,0.5482048919830259,0.07236467501668824
2022-02-15,482,0.38351652120410884,0.36925602878925423,0.014260492414854564
2022-02-16,469,0.702853018628344,0.7327730776408229,-0.029920059012478756
2022-02-17,477,0.3698315676911273,0.4211064183724761,-0.05127485068134878
2022-02-18,482,0.4594812770096294,0.4981788221462085,-0.03869754513657919
2022-02-22,485,0.655622607725092,0.731568051386077,-0.0759454436609851
2022-02-23,473,0.7915579428126095,0.7407941084825287,0.05076383433008084
2022-02-24,472,0.905112991815851,0.9792620825740611,-0.07414909075821002
2022-02-25,471,0.5381088886337763,0.4990353307012807,0.03907355793249555
2022-02-28,479,0.7871880964348187,0.8281417661038624,-0.04095366966904358
2022-03-01,482,0.7367134726801152,0.8868657216043291,-0.15015224892421386
2022-03-02,475,0.508015676862464,0.5058268146635558,0.0021888621989081046
2022-03-03,478,0.7064769037679316,0.7851703209912906,-0.07869341722335903
2022-03-04,481,1.1525433013728257,1.0872914554533684,0.0652518459194569
2022-03-07,481,0.6792346121307047,0.7621165509309066,-0.08288193880020191
2022-03-08,469,0.8554713895236982,0.7328582028956776,0.1226131866280205
2022-03-09,471,0.4758546673998932,0.4700523754296889,0.005802291970204284
2022-03-10,484,0.4753996497355832,0.5776633578923587,-0.10226370815677548
2022-03-11,462,0.5866922406954004,0.625121918083146,-0.03842967738774569
2022-03-14,478,0.6293210516846013,0.5834321187867788,0.04588893289782245
2022-03-15,480,0.8009788462358587,0.7413463433679633,0.05963250286789536
2022-03-16,480,0.502320325732306,0.44333905292029097,0.05898127281201508
2022-03-17,484,0.46916609619061783,0.3921567047558977,0.07700939143472019
2022-03-18,482,0.4516336954150443,0.42977803506095985,0.021855660354084414
2022-03-21,486,0.402169453832391,0.38213352980201654,0.02003592403037446
2022-03-22,483,0.5608600829103563,0.6473941235136516,-0.08653404060329528
2022-03-23,479,0.4634791900923779,0.4117224694915615,0.05175672060081642
2022-03-24,485,0.418710035016845,0.3712428863795727,0.04746714863727226
2022-03-25,485,0.40390950134829007,0.3624007746568073,0.04150872669148277
2022-03-28,486,0.565955773007872,0.5001074965895139,0.06584827641835804
2022-03-29,466,0.4412182912546158,0.4359794483174164,0.00523884293719944
2022-03-30,476,0.5190627668491874,0.615425263291828,-0.0963624964426406
2022-03-31,483,0.451249202101305,0.4313934714679611,0.019855730633343904
2022-04-01,482,0.40060793492605395,0.37058820489004923,0.030019730036004708
2022-04-04,481,0.49765120646439126,0.5278364967968889,-0.030185290332497627
2022-04-05,485,0.5578564120346856,0.5390738084857026,0.018782603548982892
2022-04-06,476,0.39727000923548467,0.4146718012737778,-0.017401792038293153
2022-04-07,480,0.3842846357968636,0.3875718612359077,-0.0032872254390440346
2022-04-08,485,0.4481839329056735,0.4240000472113108,0.024183885694362677
2022-04-11,484,0.3384984592907757,0.3371464860999342,0.0013519731908415607
2022-04-12,480,0.4459777175316105,0.44340682109569024,0.0025708964359202574
2022-04-13,487,0.43583172687039795,0.43563382282585944,0.00019790404453851865
2022-04-14,488,0.37557330740455774,0.37987761779050916,-0.004304310385951413
2022-04-18,485,0.6523227878102417,0.6213427898496648,0.030979997960576783
2022-04-19,486,0.5121766060181477,0.536475383145947,-0.02429877712779933
2022-04-20,482,0.6347105581927549,0.6661686608416194,-0.031458102648864415
2022-04-21,487,0.9668049622775394,0.7926818626121991,0.17412309966534018
2022-04-22,486,0.4246318648883487,0.44088999188063177,-0.016258126992283108
2022-04-25,486,0.8727311397155373,0.8803336903387097,-0.007602550623172429
2022-04-26,487,0.43391833483332154,0.5169288968771533,-0.08301056204383167
2022-04-27,480,0.7609197053609409,0.7888564502800207,-0.027936744919079815
2022-04-28,477,1.0462512662815782,0.9875409134252993,0.05871035285627892
2022-04-29,487,0.4857800660679694,0.45509599496356296,0.030684071104406376
2022-05-02,488,0.49659258392874184,0.4915386923919588,0.0050538915367830265
2022-05-03,486,0.9407091520219203,0.8379211988266251,0.10278795319529527
2022-05-04,481,1.0942298533362083,0.9917618092951284,0.10246804404108005
2022-05-05,481,0.6043968578898516,0.6499308693765097,-0.04553401148665804
2022-05-06,480,1.2353289128890497,1.1056312368229788,0.12969767606607097
2022-05-09,486,0.5135910770201582,0.7693657988480729,-0.2557747218279147
2022-05-10,483,0.6252815115830394,0.9268177629794343,-0.30153625139639495
2022-05-11,470,0.5511534725789117,0.7027738803719128,-0.15162040779300107
2022-05-12,473,0.8067516855222374,0.743391264592597,0.06336042092964038
2022-05-13,485,0.4602733636343705,0.44996847148247987,0.010304892151890583
2022-05-16,481,0.719860001878829,0.7836774068306815,-0.06381740495185241
2022-05-17,480,1.2859692967572833,1.118975185694096,0.16699411106318754
2022-05-18,474,0.5241663615573214,0.5392616024144498,-0.015095240857128262
2022-05-19,486,0.5064641115063963,0.5609516616701389,-0.054487550163742536
2022-05-20,482,0.5458010000736543,0.5389946763064501,0.006806323767204159
2022-05-23,481,0.6259084464139346,0.6129830847042437,0.012925361709690926
2022-05-24,486,0.5187777455360235,0.4437231958363992,0.07505454969962433
2022-05-25,477,0.7229503463721795,0.6471786030515747,0.07577174332060474
2022-05-26,473,0.7271406867897909,0.8235343166045865,-0.0963936298147957
2022-05-27,471,0.4774985360409381,0.43004117278676446,0.047457363254173636
2022-05-31,483,0.5068756795399344,0.556997346053451,-0.05012166651351659
2022-06-01,472,0.6802612988387154,0.6138647777453512,0.06639652109336426
2022-06-02,484,0.4992849142050112,0.5495533783023813,-0.050268464097370014
2022-06-03,485,0.37217739225504476,0.31391601904793515,0.05826137320710956
2022-06-06,482,0.4095659863874492,0.3507360356243262,0.05882995076312301
2022-06-07,483,0.5567985754702098,0.6249662556896632,-0.06816768021945328
2022-06-08,471,0.7365800419919397,0.7143433578144497,0.02223668417749011
2022-06-09,486,0.8876363470560891,0.736491819774448,0.15114452728164104
2022-06-10,485,1.3449402811667126,1.955652309446419,-0.6107120282797066
2022-06-13,463,0.5150075139212777,0.5855852521949269,-0.07057773827364905
2022-06-14,483,0.5082082134932698,0.7263566357237058,-0.21814842223043604
2022-06-15,481,1.2014354255828332,0.7971133481560251,0.40432207742680815
2022-06-16,484,0.5372447366426648,0.6142450896950813,-0.07700035305241645
2022-06-17,485,0.6484656060641595,1.0322205062995073,-0.38375490023534775
2022-06-21,486,0.45349099357438194,0.4714333268513771,-0.017942333276995206
2022-06-22,483,0.6623557292412364,0.6279821608227026,0.0343735684185338
2022-06-23,484,1.0197015659221678,0.9124952739609975,0.10720629196117033
2022-06-24,486,0.3933005499038808,0.42375248915224983,-0.030451939248369045
2022-06-27,488,0.6122861518015388,0.527825960789032,0.08446019101250685
2022-06-28,470,0.45219909658950347,0.5036087206747228,-0.05140962408521937
2022-06-29,473,0.44169154639333086,0.4882520938572047,-0.046560547463873864
2022-06-30,484,0.5252580886200281,0.49679527835113413,0.02846281026889399
2022-07-01,483,0.6264051485236881,0.6531889474346564,-0.02678379891096826
2022-07-05,485,0.38980559853251107,0.42763217098057527,-0.037826572448064213
2022-07-06,481,0.5659685071861803,0.6095671498405608,-0.043598642654380446
2022-07-07,482,0.3461180994479701,0.34730594604259024,-0.0011878465946201192
2022-07-08,487,0.4399659869760637,0.48465861432690394,-0.04469262735084024
2022-07-11,487,0.4553406854037806,0.43093647096730614,0.02440421443647449
2022-07-12,487,0.3820181851814451,0.37874442604655423,0.003273759134890875
2022-07-13,482,0.4611542134369555,0.5125054675994773,-0.0513512541625218
2022-07-14,487,0.6298502839172568,0.676535071523046,-0.04668478760578922
2022-07-15,486,0.42687670042114106,0.41502083497221653,0.011855865448924512
2022-07-18,484,0.929685174590977,0.8895565316860906,0.04012864290488644
2022-07-19,486,0.4837474214400556,0.5613745338343913,-0.07762711239433571
2022-07-20,482,0.4856883587329749,0.45564146046515536,0.03004689826781951
2022-07-21,487,0.436142965307814,0.3989056309320276,0.03723733437578644
2022-07-22,488,0.3881693555652812,0.37985371648758814,0.008315639077693037
2022-07-25,485,0.5104879662704744,0.555669750644517,-0.04518178437404254
2022-07-26,487,0.7475991359198026,0.8393938067063833,-0.09179467078658075
2022-07-27,479,0.748183953879381,0.7102697658912799,0.037914187988101054
2022-07-28,474,0.542190207333623,0.5308976202682983,0.011292587065324681
2022-07-29,488,0.3776926208449371,0.3699983936350674,0.007694227209869648
2022-08-01,489,0.48955337718713426,0.48451061674692464,0.005042760440209633
2022-08-02,487,0.5625221533102946,0.5444706905622219,0.018051462748072913
2022-08-03,483,0.46716805565373376,0.46152168202182564,0.005646373631908114
2022-08-04,483,0.4226805569457537,0.4083256079992446,0.014354948946509
2022-08-05,484,0.36321645821912407,0.34221943445865366,0.02099702376047045
2022-08-08,483,0.5349278592234845,0.5390474274679441,-0.004119568244459704
2022-08-09,485,0.75338290146932,0.7074306957320692,0.045952205737250826
2022-08-10,473,0.40488212708785243,0.45608315402873173,-0.05120102694087932
2022-08-11,473,0.49953322784108656,0.4270355897982635,0.07249763804282301
2022-08-12,487,0.3176083566405039,0.31880469576767595,-0.0011963391271720466
2022-08-15,479,0.33203514835060366,0.3007956209788671,0.03123952737173655
2022-08-16,480,0.42597819969196604,0.468500288924523,-0.042522089232556924
2022-08-17,475,0.35512911873347813,0.3497331329013253,0.005395985832152767
2022-08-18,485,0.5308518250730201,0.5536065627891227,-0.022754737716102504
2022-08-19,485,0.6813134877230607,0.6984933142038946,-0.017179826480833955
2022-08-22,486,0.37890227150630695,0.37230695756597754,0.0065953139403294395
2022-08-23,485,0.3072198341904134,0.3359746410797271,-0.02875480688931368
2022-08-24,484,0.48537565536835936,0.367951609438926,0.11742404592943333
2022-08-25,484,1.1118976535793383,1.1191178324884783,-0.007220178909140156
2022-08-26,485,0.3332248920594278,0.3636578475328375,-0.030432955473409715
2022-08-29,474,0.4372131481333325,0.48331990967022176,-0.0461067615368892
2022-08-30,472,0.3472714956467369,0.3672645238601644,-0.019993028213427473
2022-08-31,475,0.4224240509988818,0.46206944055556337,-0.039645389556681565
2022-09-01,484,0.3848574973225773,0.4314790732614097,-0.04662157593883242
2022-09-02,481,0.3707648022903321,0.41093301760893297,-0.04016821531860086
2022-09-06,484,0.6932021513385702,0.9344197363788596,-0.2412175850402894
2022-09-07,471,0.41781842090426613,0.4963196149595048,-0.07850119405523864
2022-09-08,485,0.4780741072287885,0.42272809321108856,0.055346014017699986
2022-09-09,489,0.36813252008601044,0.4137747822691361,-0.04564226218312568
2022-09-12,483,1.3784627387432897,1.282638072843676,0.0958246658996139
2022-09-13,466,0.43186505648794293,0.4366136500528859,-0.004748593564942946
2022-09-14,477,0.5042997536952687,0.48687381057815426,0.017425943117114397
2022-09-15,487,0.5198317833224358,0.46777354806663746,0.05205823525579836
2022-09-16,486,0.3995188403970036,0.4997993480764668,-0.10028050767946317
2022-09-19,486,0.5363447764182531,0.6218726013718066,-0.08552782495355354
2022-09-20,485,0.5371846198246554,0.6570549193686415,-0.1198702995439861
2022-09-21,486,0.5861385418726242,0.8673695396831257,-0.28123099781050165
2022-09-22,485,0.6403867208968842,0.8771570355505096,-0.23677031465362539
2022-09-23,488,0.5318386140582069,0.9653747231583876,-0.43353610910018064
2022-09-26,488,0.4002093495639839,0.5319396737108676,-0.1317303241468836
2022-09-27,488,0.7242197188426077,0.8263695140758922,-0.10214979523328441
2022-09-28,465,0.6778254662823067,0.6277928725273035,0.05003259375500318
2022-09-29,480,0.5042160892856122,0.6020780912042816,-0.09786200191866933
2022-09-30,486,0.9001560833521827,0.6999661534053222,0.20018992994686052
2022-10-03,486,1.0866643061828336,1.2580585290622208,-0.17139422287938716
2022-10-04,487,0.4001765732402978,0.3667013165915527,0.033475256648745094
2022-10-05,475,0.5073673602873633,0.6028830138538382,-0.09551565356647505
2022-10-06,485,0.83503160096497,1.0810807100017767,-0.24604910903680674
2022-10-07,489,0.47164076181256226,0.5901859382868315,-0.11854517647426924
2022-10-10,488,0.4682505034826643,0.645107831951792,-0.17685732846912763
2022-10-11,487,0.45962719931937057,0.47552352440832035,-0.015896325088949784
2022-10-12,483,0.7493785965145492,0.5742843307281063,0.17509426578644294
2022-10-13,486,0.7844048609599299,0.8710367644057121,-0.08663190344578223
2022-10-14,488,0.7620701958271702,0.5858737188330919,0.17619647699407823
2022-10-17,487,0.485680236742413,0.4864029397398065,-0.0007227029973934894
2022-10-18,489,0.6045726116691896,0.596614252334862,0.00795835933432757
2022-10-19,482,0.5565158084308144,0.5400211458469716,0.016494662583842818
2022-10-20,488,0.7527257086116974,0.673490391655968,0.0792353169557293
2022-10-21,489,0.4679245284851541,0.4776450982303299,-0.009720569745175786
2022-10-24,488,0.714730300943303,0.7027982965360464,0.01193200440725659
2022-10-25,487,0.4966827792774522,0.47438915983147895,0.02229361944597324
2022-10-26,486,0.5216920936965157,0.4981889409057522,0.02350315279076346
2022-10-27,481,0.8038798334611503,0.8686756793397782,-0.06479584587862774
2022-10-28,479,0.41758910476026617,0.402433971024046,0.015155133736220157
2022-10-31,487,0.46228785393849375,0.42477289159057413,0.03751496234791957
2022-11-01,489,0.8608299653096904,0.9621831561334465,-0.10135319082375625
2022-11-02,482,0.640482013670323,0.6204808547326947,0.020001158937628473
2022-11-03,481,0.7479001218207838,0.7561565694840626,-0.008256447663278817
2022-11-04,486,0.49131237807227685,0.4490358165298959,0.042276561542380964
2022-11-07,486,0.4683345297662262,0.43331692099096836,0.03501760877525779
2022-11-08,471,0.701517349692857,0.7234122784927619,-0.021894928799904984
2022-11-09,477,2.1201619119186734,2.4232143792702714,-0.3030524673515981
2022-11-10,489,0.7668452843276768,0.9047115079605511,-0.13786622363287415
2022-11-11,474,0.5428070268085362,0.5642053117259885,-0.021398284917452427
2022-11-14,482,0.5071507439311745,0.4730261078740551,0.03412463605711942
2022-11-15,479,0.5648411994187386,0.5835014244502914,-0.018660225031552832
2022-11-16,474,0.4564877031138577,0.40316781815872826,0.05331988495512947
2022-11-17,485,0.4385509350666184,0.3920959205319189,0.046455014534699524
2022-11-18,483,0.4199354493397541,0.387276033312679,0.032659416027075075
2022-11-21,482,0.49888029982239823,0.47829988058160045,0.020580419240797735
2022-11-22,483,0.37816222777125036,0.3302697797487121,0.04789244802253828
2022-11-23,483,0.3214474673030371,0.260366799669407,0.06108066763363011
2022-11-25,488,0.5556190857539494,0.5341918091955359,0.02142727655841351
2022-11-28,479,0.3773502794663407,0.35861496712554636,0.018735312340794376
2022-11-29,466,0.810905571451529,0.8446179004668649,-0.03371232901533583
2022-11-30,473,0.4101495393643503,0.47627105139479137,-0.06612151203044113
2022-12-01,485,0.3750149736787012,0.34195227807256545,0.03306269560613569
2022-12-02,487,0.6458667040298027,0.6240939112078155,0.021772792821987186
2022-12-05,483,0.5071521113627018,0.4419508132940896,0.06520129806861218
2022-12-06,485,0.43302614017876606,0.4556543753327018,-0.022628235153935757
2022-12-07,473,0.438025781146895,0.40655014703112885,0.03147563411576613
2022-12-08,486,0.40711757121790576,0.3923306245834546,0.014786946634451183
2022-12-09,488,0.47306581614603194,0.5059871168047615,-0.03292130065872954
2022-12-12,482,0.46703030639809273,0.4827315763535587,-0.015701269955465925
2022-12-13,470,0.3654325303104322,0.39464715899728353,-0.02921462868685128
2022-12-14,477,0.8076254256486198,0.7788832992547703,0.028742126393849547
2022-12-15,482,0.43535885404892327,0.4510947180886058,-0.015735864039682575
2022-12-16,484,0.39443101707905864,0.42713530136546374,-0.032704284286405094
2022-12-19,486,0.2972711138722256,0.3788771053444891,-0.0816059914722635
2022-12-20,484,0.47293561044416854,0.3564617696492932,0.11647384079487534
2022-12-21,489,0.43403187901622864,0.4607164005389211,-0.026684521522692472
2022-12-22,487,0.29512399898375785,0.3961164469742468,-0.10099244799048893
2022-12-23,486,0.3080802082007167,0.3561114953848843,-0.048031287184167645
2022-12-27,488,0.45055588189636187,0.4703013664112043,-0.01974548451484251
2022-12-28,469,0.5407039007625345,0.4161003303303959,0.12460357043213864
2022-12-29,475,0.27121255314748993,0.2842997175430424,-0.013087164395552405
2022-12-30,488,0.39400316454504797,0.40791620086750346,-0.013913036322455481
2023-01-03,486,0.5637432282873124,0.537581956805842,0.02616127148147042
2023-01-04,480,0.5660001581342626,0.5633930659352341,0.0026070921990285637
2023-01-05,486,0.8306579261555701,0.8476121577233916,-0.016954231567821488
2023-01-06,482,0.4631943390964752,0.48296219152399217,-0.019767852427516924
2023-01-09,489,0.3817869703747839,0.3951598075657454,-0.013372837190961512
2023-01-10,488,0.5046217709760782,0.49412561562193535,0.010496155354142826
2023-01-11,483,0.4165294201839597,0.4206507515651543,-0.00412133138119462
2023-01-12,485,0.31306512994322155,0.33045596907151636,-0.017390839128294856
2023-01-13,488,0.35412178941114136,0.35930185648835195,-0.005180067077210605
2023-01-17,489,0.5624903517448538,0.5530261316421307,0.009464220102723136
2023-01-18,481,0.5031162760518102,0.5355460821135802,-0.03242980606177003
2023-01-19,485,0.5730759033081355,0.5862130835388125,-0.013137180230677139
2023-01-20,490,0.4962173981476324,0.5835989716036114,-0.08738157345597904
2023-01-23,486,0.35788406740488654,0.36045776070608665,-0.002573693301200086
2023-01-24,489,0.37295251345263636,0.3763161482887928,-0.003363634836156496
2023-01-25,488,0.451214900372008,0.4576995730954052,-0.006484672723397181
2023-01-26,489,0.4161470923966879,0.41826894565914874,-0.0021218532624607627
2023-01-27,483,0.43869685853615176,0.430554842110869,0.008142016425282807
2023-01-30,483,0.5540405398824367,0.6282644646257304,-0.07422392474329362
2023-01-31,489,0.562185553734812,0.6685716118056175,-0.10638605807080542
2023-02-01,486,0.7574767827361492,0.7613651620135337,-0.0038883792773844435
2023-02-02,485,0.5336250266796869,0.5803022159071136,-0.04667718922742672
2023-02-03,484,0.41252524914322786,0.4350393752501755,-0.02251412610694768
2023-02-06,487,0.44804565154251674,0.448576546626686,-0.0005308950841692827
2023-02-07,484,0.465981183240306,0.43687633826210015,0.029104844978205865
2023-02-08,476,0.49974385823023654,0.4862491915274563,0.01349466670278023
2023-02-09,484,0.4702146423430503,0.5455897641313623,-0.07537512178831192
2023-02-10,484,0.40597786085852156,0.4117640839074277,-0.005786223048906102
2023-02-13,479,0.3953624639108987,0.39191848162654835,0.003443982284350289
2023-02-14,484,0.4440396132341421,0.44867458733945376,-0.004634974105311641
2023-02-15,476,0.4646844918469169,0.43381108136696334,0.030873410479953574
2023-02-16,480,0.39334585700850944,0.37473480624656724,0.018611050761942236
2023-02-17,486,0.7102376583273422,0.6817528619903931,0.028484796336949236
2023-02-21,486,0.33493637395112935,0.3400267618381447,-0.005090387887015306
2023-02-22,477,0.3952262518701064,0.39936048125449347,-0.004134229384387068
2023-02-23,483,0.44849054388567894,0.41297597662985,0.035514567255828924
2023-02-24,475,0.30409619538060606,0.33213390278640587,-0.02803770740579982
2023-02-27,474,0.3471315788448251,0.34982037595362153,-0.0026887971087964663
2023-02-28,486,0.3952162138649963,0.39066035785631337,0.004555856008682951
2023-03-01,479,0.4184681946103886,0.4028136788699009,0.015654515740487707
2023-03-02,483,0.4361018449793948,0.4067033251029129,0.02939851987648192
2023-03-03,485,0.33016157174878413,0.33670861554053105,-0.006547043791746887
2023-03-06,483,0.5550170249764695,0.5555621969773726,-0.0005451720009032067
2023-03-07,484,0.32686986644067745,0.3292376534849749,-0.002367787044297462
2023-03-08,467,0.699781065168077,0.6922943045791948,0.007486760588882329
2023-03-09,486,0.7226569720752908,0.778742048352265,-0.05608507627697412
2023-03-10,488,0.6649137787806708,0.6444225984080998,0.02049118037257112
2023-03-13,462,0.5198027954357399,0.5312036326091853,-0.01140083717344534
2023-03-14,488,0.6854880206124105,0.7170773494587135,-0.031589328846303014
2023-03-15,475,0.5250251678337042,0.47804546113136337,0.046979706702340855
2023-03-16,485,0.5814800071051972,0.6154042230042013,-0.03392421589900401
2023-03-17,488,0.4619182692134425,0.4740907324854685,-0.012172463272026023
2023-03-20,486,0.5731978823409144,0.5427065444542022,0.030491337886712305
2023-03-21,487,0.6746513726918734,0.6916472046684333,-0.016995831976559846
2023-03-22,487,0.4260930315527163,0.4333588279454826,-0.007265796392766242
2023-03-23,489,0.4411750053759146,0.4462048243973156,-0.005029819021401037
2023-03-24,490,0.3582726048047132,0.34337871552842575,0.014893889276287457
2023-03-27,488,0.32330103602902155,0.3132365007909835,0.010064535238038066
2023-03-28,490,0.4759798133244805,0.4377722690169078,0.03820754430757269
2023-03-29,468,0.2977408835687784,0.3146079945382647,-0.016867110969486294
2023-03-30,482,0.47690073077318396,0.5209649929104762,-0.04406426213729221
2023-03-31,489,0.3874650425426439,0.3927392440765949,-0.005274201533951004
2023-04-03,486,0.4773755793412888,0.44742060036832054,0.029954978972968192
2023-04-04,482,0.47415272665672403,0.4583199863631591,0.01583274029356492
2023-04-05,479,0.32426377740375817,0.31541197184430364,0.00885180555945453
2023-04-06,488,0.3547015969423063,0.3408026633487621,0.013898933593544261
2023-04-10,490,0.3201518829439882,0.3143776863110373,0.005774196632950923
2023-04-11,489,0.3435070324962996,0.3269932897884322,0.016513742707867447
2023-04-12,482,0.35151929455913544,0.34420460382141477,0.007314690737720681
2023-04-13,488,0.32151569125006807,0.3158606171032024,0.005655074146865679
2023-04-14,489,0.3543590203593147,0.3540980188656777,0.0002610014936370107
2023-04-17,490,0.278223702388102,0.2783841882053322,-0.000160485817230132
2023-04-18,490,0.3656851704205915,0.3646827333877267,0.0010024370328647698
2023-04-19,482,0.39985554561035547,0.3968996802300098,0.002955865380345648
2023-04-20,489,0.30063923187990793,0.3118943822214288,-0.01125515034152082
2023-04-21,489,0.2732338442493784,0.2830160733214123,-0.009782229072033861
2023-04-24,485,0.6747312954601182,0.6358624699182581,0.038868825541860094
2023-04-25,489,0.4933875664760011,0.4438848642219187,0.049502702254082424
2023-04-26,485,0.7058523091646547,0.697753295501508,0.008099013663146588
2023-04-27,478,0.4369087149919884,0.4214185351994143,0.015490179792574105
2023-04-28,489,0.3516114143965993,0.35300160153482657,-0.001390187138227196
2023-05-01,488,0.6238265150051636,0.5944253434221569,0.029401171583006702
2023-05-02,488,0.4803061123782529,0.4707199616983774,0.00958615067987549
2023-05-03,481,0.5549897468152668,0.5412324313892304,0.013757315426036417
2023-05-04,484,0.6280379821036017,0.7995126310715308,-0.17147464896792905
2023-05-05,487,0.364633623081971,0.3823239769818737,-0.017690353899902724
2023-05-08,483,0.3738292442775033,0.3750723193794843,-0.001243075101981013
2023-05-09,486,0.37047030584115964,0.3727802075796629,-0.0023099017385032707
2023-05-10,475,0.4007317503351473,0.39051067199222367,0.010221078342923575
2023-05-11,476,0.34681124879573233,0.3475886036168838,-0.0007773548211514907
2023-05-12,487,0.4137106954081618,0.41724162312109614,-0.003530927712934383
2023-05-15,484,0.5224243334343374,0.49631240161701123,0.026111931817326114
2023-05-16,483,0.5324032258785748,0.5420739587350155,-0.009670732856440795
2023-05-17,476,0.42932025466557205,0.4299591976654373,-0.0006389429998652333
2023-05-18,484,0.30407207665545455,0.29902572483445583,0.005046351820998719
2023-05-19,485,0.3514626846635877,0.32615594089087924,0.02530674377270846
2023-05-22,484,0.5067241778577977,0.5003731764679942,0.006351001389803475
2023-05-23,487,0.4475568211599115,0.38574551068055807,0.061811310479353475
2023-05-24,480,0.5831967883536087,0.5826177965064668,0.0005789918471417857
2023-05-25,479,0.5143244927149656,0.5028838812094115,0.011440611505554164
2023-05-26,480,0.3635461859239775,0.37334343236030326,-0.009797246436325756
2023-05-30,471,0.4837842078228145,0.47095486912008283,0.012829338702731646
2023-05-31,474,0.4687552230549764,0.6693374026197637,-0.20058217956478736
2023-06-01,486,0.7599449821559763,0.7362312366044631,0.023713745551513087
2023-06-02,488,0.33910362900800955,0.32317517267002827,0.01592845633798129
2023-06-05,485,0.4310930238969697,0.42098670203729505,0.010106321859674638
2023-06-06,485,0.5261063518202461,0.5194306731552707,0.006675678664975458
2023-06-07,474,0.37526504944757166,0.37187441723825204,0.0033906322093196152
2023-06-08,487,0.3007844377981535,0.29729808437061434,0.003486353427539218
2023-06-09,490,0.3960635097254096,0.3957988733124657,0.00026463641294390125
2023-06-12,483,0.38152325813088184,0.39340807334324673,-0.011884815212364841
2023-06-13,466,0.39727737821398057,0.3888878985099676,0.00838947970401301
2023-06-14,476,0.4339008593628333,0.437630419629827,-0.0037295602669937147
2023-06-15,485,0.3122940203485242,0.30979214709830716,0.0025018732502170194
2023-06-16,487,0.40810030444784423,0.39821434858193744,0.009885955865906758
2023-06-20,487,0.3382821533226046,0.33181237851828227,0.006469774804322309
2023-06-21,486,0.345538269186725,0.3316556386170783,0.013882630569646698
2023-06-22,487,0.3657531219316891,0.3498239820060868,0.015929139925602354
2023-06-23,489,0.3749722979433849,0.37090666983663434,0.004065628106750527
2023-06-26,490,0.4858934457630963,0.522401784951434,-0.036508339188337624
2023-06-27,490,0.33322979381353496,0.33098854163993335,0.0022412521736015698
2023-06-28,469,0.34558439073349206,0.3422696264178349,0.003314764315657185
2023-06-29,481,0.32803645644202906,0.3141706195435609,0.013865836898468126
2023-06-30,485,0.3134388341018112,0.3056802779273957,0.007758556174415534
2023-07-03,487,0.3352659701132185,0.31938428636945915,0.01588168374375933
2023-07-05,481,0.35016159543670855,0.3254496155087236,0.02471197992798492
2023-07-06,481,0.34856636792595946,0.3583722162514668,-0.009805848325507334
2023-07-07,487,0.4203031890174733,0.41908321846850316,0.001219970548970115
2023-07-10,489,0.4125770475117436,0.3925463172466608,0.020030730265082838
2023-07-11,488,0.3467067356400138,0.35426953483570267,-0.007562799195688847
2023-07-12,485,0.36565354110127096,0.377877559107627,-0.012224018006356028
2023-07-13,486,0.3910247498393776,0.37734104309150907,0.0136837067478685
2023-07-14,490,0.36222161874709946,0.35760008637385865,0.004621532373240795
2023-07-17,490,0.3671183276287954,0.3685866097162283,-0.0014682820874329264
2023-07-18,488,0.4126979771455884,0.41065596226550316,0.0020420148800852915
2023-07-19,482,0.5285961386368954,0.5184715142881913,0.010124624348704035
2023-07-20,490,0.30839899737688703,0.31346550097139164,-0.005066503594504645
2023-07-21,488,0.2783853895287699,0.28533581262939534,-0.0069504231006254705
2023-07-24,488,0.36207027313781925,0.35871230559116624,0.003357967546653035
2023-07-25,487,0.38899270612260584,0.38367882397091413,0.005313882151691694
2023-07-26,487,0.6076683553006839,0.582710059132656,0.024958296168027774
2023-07-27,480,0.4128283385156083,0.4159600589714681,-0.0031317204558598713
2023-07-28,482,0.317978657426385,0.31738361722548736,0.0005950402008975922
2023-07-31,489,0.38944953650269254,0.3810721714557,0.008377365046992534
2023-08-01,489,0.5480093224005882,0.5456984515281236,0.0023108708724646704
2023-08-02,485,0.48659963835249187,0.4903972444161612,-0.003797606063669316
2023-08-03,482,0.4748475135092975,0.4707684194489425,0.0040790940603549885
2023-08-04,484,0.38582900060547837,0.40043557946408814,-0.014606578858609772
2023-08-07,486,0.4287560311630834,0.4164477137533448,0.012308317409738674
2023-08-08,482,0.40070228897302124,0.3952180910527412,0.00548419792028004
2023-08-09,478,0.3301113683871132,0.32901789220829475,0.0010934761788184517
2023-08-10,483,0.31472836503482554,0.3167873869242025,-0.0020590218893769634
2023-08-11,480,0.3260518119470271,0.31233392450716896,0.013717887439858151
2023-08-14,483,0.4547795885066958,0.441457383451546,0.013322205055149857
2023-08-15,481,0.39012659957705226,0.4515225316806225,-0.06139593210357023
2023-08-16,475,0.42434573667386377,0.4521843091923523,-0.027838572518488595
2023-08-17,483,0.28075668328343445,0.33657897467755926,-0.05582229139412483
2023-08-18,487,0.32772691016663724,0.3465281908854515,-0.018801280718814272
2023-08-21,485,0.3280328868971402,0.3286511904857793,-0.0006183035886390994
2023-08-22,487,0.37684790075000907,0.34713807442352773,0.029709826326481312
2023-08-23,485,0.41648208753814914,0.42921419141152867,-0.012732103873379546
2023-08-24,483,0.30321693262030003,0.32577087366642404,-0.022553941046124012
2023-08-25,487,0.29861499640694217,0.2744817430993036,0.02413325330763849
2023-08-28,487,0.4084281307596919,0.35891821769655174,0.04950991306314021
2023-08-29,476,0.2663096299515412,0.26762597542490124,-0.0013163454733600552
2023-08-30,462,0.35125038125804686,0.34751123931826466,0.00373914193978221
2023-08-31,483,0.36895158582959614,0.3787357752411436,-0.009784189411547451
2023-09-01,482,0.5018272180223488,0.46818232442087815,0.03364489360147063
2023-09-05,484,0.310331473940133,0.31323051385557826,-0.002899039915445264
2023-09-06,473,0.4002479915639806,0.3972315304206496,0.003016461143330979
2023-09-07,487,0.3214629266026249,0.3565111683270188,-0.03504824172439389
2023-09-08,490,0.31091215650890935,0.31319651236386953,-0.002284355854960186
2023-09-11,483,0.38536706299580575,0.3887752712387232,-0.0034082082429174464
2023-09-12,487,0.34913062202492967,0.3507949582655865,-0.0016643362406567846
2023-09-13,462,0.4137313999661972,0.38926773408848525,0.02446366587771192
2023-09-14,484,0.37902799313425006,0.3743782258407311,0.004649767293518959
2023-09-15,486,0.29616788640820246,0.30932028674374434,-0.01315240033554184
2023-09-18,489,0.2789411326021668,0.2760908829199313,0.002850249682235467
2023-09-19,487,0.3203277397642864,0.3258313919962072,-0.005503652231920761
2023-09-20,486,0.6306231422403483,0.6010720973855367,0.029551044854811578
2023-09-21,486,0.2948219336987568,0.34260402755308483,-0.04778209385432801
2023-09-22,487,0.26190160536852114,0.2713027755976181,-0.009401170229097032
2023-09-25,488,0.5163201651787452,0.6736132847685716,-0.15729311958982645
2023-09-26,489,0.34709006875198295,0.35249819957123835,-0.005408130819255369
2023-09-27,468,0.40524877314917285,0.4656408981579384,-0.06039212500876551
2023-09-28,483,0.31271603388367963,0.32774281143907796,-0.01502677755539833
2023-09-29,487,0.4778157152252546,0.49459618835547153,-0.0167804731302169
2023-10-02,488,0.5202083736741188,0.4647179332577882,0.05549044041633047
2023-10-03,488,0.38442477457953805,0.3821716937853406,0.0022530807941974276
2023-10-04,476,0.3488921746497409,0.36125544754581823,-0.012363272896077264
2023-10-05,482,0.41004195372451063,0.34862522039125,0.06141673333326062
2023-10-06,490,0.4050542495032615,0.4041206231947992,0.0009336263084623242
2023-10-09,489,0.3270087862341359,0.3104955429455628,0.01651324328857307
2023-10-10,485,0.39946192669360514,0.3952924363897254,0.004169490303879736
2023-10-11,485,0.5239961295239994,0.5012949333171332,0.02270119620686627
2023-10-12,488,0.4237211615706017,0.4245254259287575,-0.0008042643581558841
2023-10-13,488,0.4088823274102388,0.4181538780075303,-0.009271550597291536
2023-10-16,490,0.30619417260988735,0.3060710229975756,0.0001231496123117814
2023-10-17,490,0.644289428501866,0.6475724706045303,-0.0032830421026642472
2023-10-18,484,0.5003748831754419,0.46575228842416394,0.03462259475127787
2023-10-19,487,0.451476875409828,0.427125272465724,0.024351602944104
2023-10-20,489,0.34482781063621326,0.395913276690301,-0.051085466054087716
2023-10-23,488,0.432434201940182,0.40067799484346345,0.03175620709671852
2023-10-24,489,0.5920231836990331,0.5100220489354408,0.08200113476359226
2023-10-25,487,0.5606791444467526,0.5775394129077605,-0.016860268461007907
2023-10-26,489,0.5666210147007429,0.5734998537843344,-0.006878839083591576
2023-10-27,483,0.45263450935108523,0.5195609624715195,-0.06692645312043424
2023-10-30,477,0.4087207297679206,0.39527455740672296,0.013446172361197608
2023-10-31,490,0.48728498478494897,0.4785053122472494,0.008779672537699528
2023-11-01,485,0.8520369176292859,0.8527280205511315,-0.0006911029218455465
2023-11-02,486,0.6661821270506588,0.6681027169998243,-0.0019205899491654566
2023-11-03,485,0.4047220053233984,0.4200836770109342,-0.015361671687535775
2023-11-06,486,0.4050349548966693,0.37912848861285803,0.02590646628381132
2023-11-07,485,0.39225004966544647,0.37883546603596735,0.013414583629479159
2023-11-08,476,0.4526355289983373,0.45896732515842065,-0.006331796160083376
2023-11-09,482,0.454824618017296,0.5032269889210413,-0.04840237090374539
2023-11-10,484,0.3339249883872002,0.30642708765797677,0.02749790072922349
2023-11-13,473,0.9903259941775787,1.0403214061125143,-0.04999541193493554
2023-11-14,483,0.38919890907086047,0.45876659256508034,-0.06956768349421989
2023-11-15,470,0.40543707729331635,0.3796932627849723,0.025743814508344082
2023-11-16,485,0.3229102325182415,0.2916548013136088,0.031255431204632665
2023-11-17,482,0.3033810545357853,0.2847491061403714,0.018631948395413826
2023-11-20,485,0.3406005779208176,0.3185281909105307,0.02207238701028692
2023-11-21,481,0.281978494049042,0.260261984824828,0.021716509224214073
2023-11-22,484,0.2396832331353351,0.1958011866794461,0.04388204645588899
2023-11-24,487,0.28868892100785604,0.2406482183605112,0.048040702647344814
2023-11-27,489,0.3116836777567752,0.2877821205927402,0.023901557164034925
2023-11-28,478,0.414109154396172,0.40423753123341727,0.009871623162754776
2023-11-29,456,0.363905406351024,0.34111251037212514,0.022792895978898817
2023-11-30,486,0.5339452831839578,0.5373024127571795,-0.003357129573221725
2023-12-01,489,0.34905065255647527,0.3412573591986188,0.007793293357856423
2023-12-04,482,0.37765031298095736,0.3853387865759588,-0.007688473595001471
2023-12-05,486,0.36217067724874247,0.3642073696982038,-0.002036692449461332
2023-12-06,472,0.3251197043417956,0.3273072960785727,-0.0021875917367770656
2023-12-07,487,0.3177251314992678,0.3206637275745372,-0.0029385960752694525
2023-12-08,489,0.3905711616927344,0.3963257169334452,-0.005754555240710804
2023-12-11,484,0.3264104248759375,0.31964798763062147,0.006762437245316046
2023-12-12,486,0.7298083661998757,0.7577465885820616,-0.02793822238218581
2023-12-13,464,0.96442912214414,0.949835640813967,0.014593481330173012
2023-12-14,482,0.3623921435122577,0.4040392608238794,-0.041647117311621754
2023-12-15,485,0.30019589105045213,0.30946977187652674,-0.009273880826074598
2023-12-18,488,0.322124669213303,0.31839046721412967,0.00373420199917332
2023-12-19,485,0.5390738729450204,0.5543444226052728,-0.015270549660252415
2023-12-20,490,0.39043951370901786,0.40917298813608305,-0.01873347442706524
2023-12-21,491,0.2527585370686788,0.25400120869643567,-0.001242671627756845
2023-12-22,489,0.24756422344500528,0.2344388582196968,0.013125365225308485
2023-12-26,485,0.21307296924372943,0.19063794021077773,0.022435029032951713
2023-12-27,471,0.21553221736808006,0.20165909115816788,0.013873126209912184
2023-12-28,478,0.23173281332151052,0.1845742857541684,0.0471585275673421
2023-12-29,489,0.5182443066352223,0.521284096514563,-0.0030397898793407792
2024-01-02,489,0.5402393308774252,0.5196069958718442,0.0206323350055809
2024-01-03,483,0.28639003452871603,0.2971259918898296,-0.010735957361113586
2024-01-04,490,0.2696156857376323,0.2716996023040507,-0.002083916566418399
2024-01-05,488,0.4421232762520776,0.44430669770751247,-0.002183421455434823
2024-01-08,485,0.34114681125044727,0.33426147489979163,0.006885336350655657
2024-01-09,490,0.33421290501465933,0.3311666471066245,0.003046257908034806
2024-01-10,487,0.31932000579298647,0.32048938174132346,-0.001169375948336981
2024-01-11,486,0.3360189215765582,0.3338406382879737,0.0021782832885844533
2024-01-12,489,0.3901721772561769,0.3862071052748257,0.003965071981351181
2024-01-16,490,0.33245315490146526,0.3272142334197789,0.005238921481686279
2024-01-17,484,0.3731218726911428,0.3619230102981943,0.011198862392948516
2024-01-18,486,0.4419031827090796,0.43800824765840696,0.003894935050672588
2024-01-19,490,0.35349888044727545,0.36199480655646077,-0.008495926109185339
2024-01-22,488,0.345850176686543,0.3553713890911076,-0.00952121240456462
2024-01-23,490,0.4265648500699428,0.40218950607767134,0.02437534399227152
2024-01-24,490,0.4728915607105097,0.45719301667881973,0.015698544031690017
2024-01-25,491,0.3070847533670458,0.3187101045514449,-0.011625351184399052
2024-01-26,490,0.32544151221266693,0.3249513957300268,0.0004901164826400894
2024-01-29,483,0.3680775059795155,0.364184416670999,0.003893089308516514
2024-01-30,482,0.5418913966377651,0.518337922096497,0.02355347454126805
2024-01-31,487,0.5690517351184207,0.5702005548704635,-0.0011488197520427607
2024-02-01,486,0.4482253174698935,0.4436637000298403,0.00456161744005323
2024-02-02,488,0.4620211914549784,0.44707972457566025,0.014941466879318079
2024-02-05,488,0.4440829082860273,0.47571430986738056,-0.03163140158135325
2024-02-06,487,0.4037320622982062,0.4073634963440234,-0.003631434045817229
2024-02-07,479,0.486365342919129,0.4739476507086488,0.01241769221048019
2024-02-08,486,0.3828376744195188,0.37809384393467876,0.004743830484840055
2024-02-09,489,0.3707823694379424,0.3578209183400672,0.012961451097875148
2024-02-12,486,0.6205104657024803,0.6152486850743948,0.005261780628085594
2024-02-13,481,0.4777371680512305,0.5449423717888825,-0.06720520373765208
2024-02-14,472,0.5375104705136874,0.5373794815796729,0.00013098893401454
2024-02-15,478,0.3906223128071339,0.37346156869793773,0.01716074410919616
2024-02-16,483,0.34198058056247066,0.3226307559511921,0.019349824611278554
2024-02-20,486,0.38812031970366767,0.3714639444920109,0.01665637521165676
2024-02-21,479,0.555303333684289,0.5644792858160863,-0.009175952131797331
2024-02-22,484,0.37035453049593375,0.3500374447655754,0.02031708573035839
2024-02-23,486,0.38533185554629507,0.3677679714597847,0.017563884086510377
2024-02-26,489,0.3784634326300422,0.35882782359888254,0.01963560903115965
2024-02-27,480,0.34472473386806224,0.3157199765990103,0.029004757269051915
2024-02-28,468,0.37287853478903327,0.3583539963329363,0.014524538456096983
2024-02-29,482,0.4603234315336275,0.4594486589975026,0.0008747725361248655
2024-03-01,487,0.4310226041995316,0.4270634305215698,0.003959173677961739
2024-03-04,483,0.4492320836019775,0.43889972996450094,0.010332353637476597
2024-03-05,485,0.3784832535829243,0.3695110291898374,0.00897222439308691
2024-03-06,467,0.4014253311516446,0.39143721101205364,0.009988120139590943
2024-03-07,484,0.34617401666982,0.3356375276313052,0.010536489038514807
2024-03-08,490,0.3837369938498344,0.37287546533584964,0.010861528513984772
2024-03-11,483,0.3571666955506929,0.34724389959437024,0.009922795956322604
2024-03-12,486,0.376089664123094,0.3622088003223526,0.013880863800741435
2024-03-13,457,0.419120444674931,0.39962624823435333,0.019494196440577684
2024-03-14,488,0.357719702582154,0.34926328625594494,0.008456416326209108
2024-03-15,486,0.28732216121297294,0.29329621913727255,-0.005974057924299586
2024-03-18,490,0.30971758184383386,0.29545155059460826,0.014266031249225607
2024-03-19,484,0.41060118051532124,0.4141274083168033,-0.003526227801482012
2024-03-20,489,0.40543834141110235,0.40163821938212185,0.0038001220289805037
2024-03-21,488,0.3317367727983117,0.3106710110377556,0.021065761760556155
2024-03-22,491,0.31321403998707387,0.3017499325701705,0.011464107416903346
2024-03-25,491,0.30170612764557836,0.28750830295195995,0.01419782469361837
2024-03-26,465,0.5346391528378349,0.5379432167873437,-0.0033040639495088165
2024-03-27,483,0.26129649660146437,0.24884972208843498,0.012446774513029385
2024-03-28,488,0.3661605164876274,0.355294488536648,0.010866027950979322
2024-04-01,489,0.4061831952302201,0.3972794227604434,0.008903772469776668
2024-04-02,488,0.34335612051655146,0.3477600032474726,-0.0044038827309212
2024-04-03,484,0.424658558585299,0.4160636028966219,0.008594955688677103
2024-04-04,489,0.33950210912738205,0.346212005634438,-0.006709896507055961
2024-04-05,487,0.29927182374658257,0.29479911930528,0.004472704441302505
2024-04-08,484,0.36450642240280756,0.36259868570188786,0.0019077367009197146
2024-04-09,490,0.6071282696682363,0.6017400961891957,0.005388173479040523
2024-04-10,487,0.3731354248646957,0.374553424416124,-0.0014179995514283282
2024-04-11,484,0.5481748751047287,0.549168556867473,-0.0009936817627442887
2024-04-12,489,0.38352166051471315,0.3281033861956831,0.05541827431902999
2024-04-15,491,0.33791860576903027,0.3589730117424113,-0.021054405973381013
2024-04-16,491,0.3788424766123977,0.4460661501210023,-0.06722367350860457
2024-04-17,485,0.3379594326070922,0.3518136117167721,-0.013854179109679914
2024-04-18,487,0.45288789155479303,0.4495972330786105,0.003290658476182511
2024-04-19,490,0.32296943616180723,0.3381202316799954,-0.015150795518188192
2024-04-22,487,0.459050864695474,0.4197098943261117,0.03934097036936226
2024-04-23,490,0.38543678117168734,0.38330120257809047,0.0021355785935968995
2024-04-24,489,0.444462941402644,0.4351795635701982,0.009283377832445799
2024-04-25,490,0.42417786748608044,0.41835648180661794,0.005821385679462467
2024-04-26,485,0.3546126803086752,0.3492418027779186,0.005370877530756592
2024-04-29,482,0.6020864742201752,0.6137379854055917,-0.011651511185416422
2024-04-30,489,0.5450988482835406,0.5333826556457754,0.011716192637765167
2024-05-01,488,0.5383145567540819,0.5112089661137258,0.02710559064035608
2024-05-02,484,0.41851722320216495,0.3972173263249191,0.021299896877245886
2024-05-03,487,0.4044652888756606,0.397742633150138,0.00672265572552257
2024-05-06,487,0.3838134264340043,0.3630921286009532,0.02072129783305107
2024-05-07,491,0.3372219990237073,0.3165154858725647,0.020706513151142636
2024-05-08,478,0.4242376198639592,0.41543393349185864,0.0088036863721006
2024-05-09,481,0.3406085447279704,0.3185136823645324,0.022094862363437967
2024-05-10,488,0.31778106573612647,0.2990328066575128,0.018748259078613702
2024-05-13,480,0.32007470904904495,0.3081539258163362,0.011920783232708752
2024-05-14,483,0.4444764196954798,0.45220811796933963,-0.007731698273859817
2024-05-15,475,0.3722946086600476,0.3594688438020948,0.012825764857952763
2024-05-16,484,0.2828575575890151,0.26258231487002454,0.020275242718990564
2024-05-17,488,0.35291173958780386,0.33941477381933066,0.013496965768473196
2024-05-20,487,0.3210758243626733,0.2997086091796165,0.021367215183056818
2024-05-21,490,0.41552318301076,0.4052543353434435,0.010268847667316448
2024-05-22,480,0.5332005152988785,0.5141073292878731,0.019093186011005396
2024-05-23,484,0.3804344461144945,0.3887577366746309,-0.00832329056013639
2024-05-24,492,0.43282728664517833,0.42015533688774775,0.012671949757430627
2024-05-28,488,0.4184994508828196,0.38387432703951524,0.03462512384330432
2024-05-29,487,0.47654984018790314,0.4561933321826222,0.020356508005280962
2024-05-30,473,0.5740240772056303,0.5584883044909612,0.015535772714669004
2024-05-31,476,0.4251379517296418,0.42290115464619343,0.002236797083448411
2024-06-03,485,0.3552499387380257,0.3486825804121666,0.0065673583258590304
2024-06-04,488,0.4220618448504076,0.4266892165073405,-0.004627371656932897
2024-06-05,489,0.32494063396669476,0.3194547021254133,0.005485931841281448
2024-06-06,473,0.3001042279232912,0.2893966568897774,0.010707571033513885
2024-06-07,481,0.3699824778430104,0.3619108892912704,0.008071588551739995
2024-06-10,490,0.33273976944020184,0.32203903144795243,0.010700737992249403
2024-06-11,486,0.46288199844081285,0.45913227624723374,0.003749722193579121
2024-06-12,490,0.3506144506113607,0.3420327074374799,0.0085817431738808
2024-06-13,462,0.38065821033616676,0.3746404085074274,0.006017801828739348
2024-06-14,483,0.3978922134703967,0.4069365109006123,-0.009044297430215535
2024-06-17,483,0.3238948584380672,0.32090820204990683,0.0029866563881603813
2024-06-18,490,0.3951213725981924,0.3874408992773041,0.00768047332088838
2024-06-20,488,0.2858911731151924,0.2776764756726765,0.008214697442515928
2024-06-21,488,0.4018758485669655,0.3966736621186179,0.005202186448347653
2024-06-24,492,0.40945811428789747,0.3952962371607288,0.01416187712716861
2024-06-25,490,0.3346085357392458,0.31719296769577476,0.017415568043471007
2024-06-26,490,0.3087360859575005,0.3036061411534962,0.005129944804004301
2024-06-27,469,0.37649541920267,0.36819543748764794,0.008299981715022052
2024-06-28,483,0.3889567652631166,0.37281059889808205,0.016146166365034596
2024-07-01,490,0.29071769967583744,0.28191128292782286,0.00880641674801453
2024-07-02,490,0.27858713155118675,0.2762797344883624,0.002307397062824327
2024-07-03,483,0.3104466158376816,0.30366448399825163,0.006782131839429971
2024-07-05,486,0.314736063429022,0.3143758819660555,0.00036018146296650606
2024-07-08,487,0.3078068937755245,0.30416069933530343,0.003646194440221087
2024-07-09,486,0.35919631006518105,0.36309585144295176,-0.00389954137777073
2024-07-10,488,0.6043053679969425,0.6022604682966234,0.002044899700318998
2024-07-11,490,0.3466749784092684,0.3563981294225248,-0.009723151013256362
2024-07-12,484,0.4352865260919574,0.43921687882758764,-0.003930352735630175
2024-07-15,492,0.6369182832491237,0.6522402920872674,-0.015322008838143721
2024-07-16,491,0.6784392767377897,0.6890346362709079,-0.010595359533118198
2024-07-17,491,0.4438707185833582,0.44175668745670676,0.0021140311266513996
2024-07-18,486,0.3986854087015755,0.3915784109813175,0.007106997720258001
2024-07-19,488,0.43134514214289593,0.43686776053074666,-0.005522618387850757
2024-07-22,491,0.4072672403466746,0.39912232780424095,0.00814491254243368
2024-07-23,491,0.7167147163863924,0.7246933883596175,-0.007978671973225165
2024-07-24,491,0.6401920306993282,0.6305752821117037,0.009616748587624537
2024-07-25,488,0.6138669824934503,0.609623768379501,0.004243214113949221
2024-07-26,491,0.3264436976041567,0.310468262373604,0.015975435230552695
2024-07-29,491,0.49817909714862324,0.4999444212677831,-0.0017653241191598085
2024-07-30,483,0.5370626241924696,0.527086203425705,0.00997642076676462
2024-07-31,483,0.8334855446478575,0.8441133000885239,-0.010627755440666414
2024-08-01,488,0.9067737429399851,0.8541077225706651,0.05266602036931999
2024-08-02,487,0.807948602249566,0.8438485907927519,-0.03589998854318589
2024-08-05,489,0.5213473570705269,0.4817167784617102,0.039630578608816726
2024-08-06,487,0.5112420122484514,0.5295629560179256,-0.018320943769474168
2024-08-07,491,0.7092767802447718,0.6155630199587315,0.09371376028604028
2024-08-08,484,0.3681625612012573,0.3417677197112025,0.02639484149005484
2024-08-09,480,0.38074807025303886,0.34814370509513903,0.03260436515789985
2024-08-12,490,0.4857393213260872,0.49208998638470414,-0.006350665058616959
2024-08-13,485,0.34189700317493144,0.3020299848622567,0.039867018312674724
2024-08-14,473,0.5525271707945403,0.5560790386672102,-0.003551867872669813
2024-08-15,476,0.3125221325471988,0.25984865363465526,0.05267347891254359
2024-08-16,484,0.33730453656438936,0.2655574626703992,0.07174707389399017
2024-08-19,487,0.34176229091744176,0.3385943290862784,0.0031679618311633525
2024-08-20,485,0.3690618187070105,0.32353692267130324,0.04552489603570727
2024-08-21,489,0.3308954599918365,0.29823016947440206,0.032665290517434435
2024-08-22,487,0.47332353211224404,0.4571193556369537,0.01620417647529038
2024-08-23,487,0.296069255455956,0.26653103473983375,0.02953822071612227
2024-08-26,487,0.311277822995773,0.2761834531053493,0.03509436989042367
2024-08-27,491,0.32535134548272165,0.29396787636955357,0.03138346911316814
2024-08-28,489,0.38229385890898615,0.36231959581191525,0.019974263097070902
2024-08-29,469,0.3285394884350219,0.32696438858185733,0.0015750998531645845
2024-08-30,474,0.7532023227583444,0.7606016281933277,-0.007399305434983275
2024-09-03,483,0.3467587963935492,0.36676089435405684,-0.020002097960507687
2024-09-04,485,0.39240303691052814,0.3733152382779979,0.01908779863253029
2024-09-05,478,0.48530985137292526,0.4761142935415201,0.009195557831405169
2024-09-06,484,0.4180444402835085,0.4208164213277739,-0.002771981044265358
2024-09-09,486,0.3698083677321749,0.3660215781378603,0.003786789594314572
2024-09-10,488,0.43038617491023573,0.4279760193152065,0.002410155595029212
2024-09-11,487,0.3467404325301404,0.3639562098255168,-0.017215777295376374
2024-09-12,469,0.3806517516574734,0.3829814755237597,-0.002329723866286333
2024-09-13,476,0.3380719883467597,0.33669138622088646,0.001380602125873262
2024-09-16,484,0.353696626436245,0.3465047379707775,0.007191888465467493
2024-09-17,490,0.2810671174421646,0.2733758455865545,0.007691271855610171
2024-09-18,489,0.5512582679262855,0.5562169587241003,-0.004958690797814768
2024-09-19,487,0.3949703547239329,0.38854439242443956,0.00642596229949331
2024-09-20,489,0.31036137597471863,0.3178373274565153,-0.007475951481796638
2024-09-23,491,0.3376424702532038,0.327775706292559,0.009866763960644854
2024-09-24,491,0.3530527350034973,0.34154031713895155,0.011512417864545748
2024-09-25,488,0.5420255574188249,0.5505208692249164,-0.008495311806091583
2024-09-26,486,0.32872087755270407,0.3243323253946859,0.004388552158018122
2024-09-27,472,0.2826862035256362,0.2750599759972713,0.007626227528364951
2024-09-30,482,0.4158443496635423,0.4098784887823278,0.005965860881214484
2024-10-01,489,0.31907928168348443,0.3192918874052781,-0.00021260572179372737
2024-10-02,490,0.3441222413409489,0.3358472773659088,0.008274963975040062
2024-10-03,483,0.3809475700418037,0.38320664160992635,-0.0022590715681226185
2024-10-04,489,0.4245471023080272,0.41188875338797165,0.012658348920055615
2024-10-07,491,0.3778084456502154,0.3828818931993577,-0.005073447549142354
2024-10-08,490,0.33577372152036444,0.34046943669190927,-0.004695715171544843
2024-10-09,484,0.3024595452882293,0.2918467745789958,0.010612770709233497
2024-10-10,490,0.3892712664178605,0.388145761570336,0.0011255048475245005
2024-10-11,493,0.3076847721980322,0.3108815553196954,-0.003196783121663189
2024-10-14,487,0.4413812057021244,0.44897698508386463,-0.0075957793817401816
2024-10-15,492,0.3626806527454509,0.37123548956591895,-0.008554836820468053
2024-10-16,492,0.3610879295055554,0.35892530425751723,0.002162625248038115
2024-10-17,487,0.30265563929302014,0.2995555639512676,0.003100075341752522
2024-10-18,490,0.3710862590006221,0.358603042779629,0.012483216220993068
2024-10-21,491,0.3917472212789263,0.3713242273397986,0.02042299393912769
2024-10-22,491,0.3641243314424381,0.35277211573637535,0.01135221570606277
2024-10-23,493,0.45271714811112024,0.446318904070701,0.0063982440404192495
2024-10-24,490,0.4223897685092218,0.40341151566686945,0.018978252842352335
2024-10-25,492,0.321374055163013,0.34221169482415176,-0.0208376396611387
2024-10-28,493,0.4424609573296746,0.4338866443948943,0.008574312934780256
2024-10-29,492,0.4585606527187403,0.4467270644875251,0.011833588231215232
2024-10-30,485,0.726584378676915,0.7057082816576464,0.020876097019268614
2024-10-31,485,0.44325244755222004,0.45067078244118897,-0.007418334888968951
2024-11-01,484,0.3546093168658054,0.3438152754273395,0.01079404143846592
2024-11-04,490,0.48728419681949847,0.48949074548313115,-0.002206548663632701
2024-11-05,491,1.4742835013086693,1.472718727839226,0.001564773469443503
2024-11-06,489,0.5770448769651599,0.5702192094397565,0.00682566752540346
2024-11-07,479,0.5672227434320726,0.5476712937155251,0.019551449716547393
2024-11-08,493,0.5011967209178309,0.4905583551743497,0.010638365743481128
2024-11-11,487,0.4214877481703566,0.4131155062348492,0.008372241935507388
2024-11-12,483,0.3693466083492773,0.34078104316446534,0.028565565184811962
2024-11-13,483,0.471149374476534,0.4551529365108582,0.015996437965675757
2024-11-14,470,0.554256795479171,0.5292165388142439,0.025040256664927044
2024-11-15,480,0.3879695629506396,0.36151358406392475,0.026455978886714842
2024-11-18,490,0.42270518343405283,0.4007155688594659,0.02198961457458692
2024-11-19,488,0.3776174167425661,0.3488859214010932,0.028731495341472856
2024-11-20,485,0.47282160040053345,0.44824526384670677,0.024576336553826707
2024-11-21,485,0.4102255585778363,0.3801809541129299,0.030044604464906397
2024-11-22,489,0.5008927197186416,0.48175917412878433,0.019133545589857293
2024-11-25,489,0.40121083338137287,0.3776018381560781,0.0236089952252948
2024-11-26,488,0.35338416558511754,0.3144341753638995,0.038949990221218034
2024-11-27,474,0.2868760185101428,0.24165954989336344,0.04521646861677938
2024-11-29,474,0.4213481689665993,0.4120554328872049,0.009292736079394391
2024-12-02,488,0.35529501121865203,0.33409229411854846,0.021202717100103588
2024-12-03,487,0.4423175564593261,0.43056313044108546,0.011754426018240604
2024-12-04,485,0.39867301704813296,0.37778519950839334,0.020887817539739607
2024-12-05,477,0.3797128298988263,0.36995785555968536,0.009754974339140923
2024-12-06,482,0.5608053542251054,0.5455046448335943,0.015300709391511083
2024-12-09,488,0.416802085349155,0.42092173706168323,-0.004119651712528223
2024-12-10,490,0.397723808315083,0.40084850941162836,-0.0031247010965453057
2024-12-11,493,0.3663296478990828,0.3620285029250463,0.00430114497403644
2024-12-12,471,0.33999757848785345,0.33462027364104024,0.005377304846813244
2024-12-13,479,0.3881881852106515,0.3928368048244299,-0.004648619613778386
2024-12-16,486,0.37221678432647093,0.35742509295416375,0.01479169137230718
2024-12-17,489,1.0953404948752956,1.0801075865950707,0.015232908280224847
2024-12-18,492,0.39400954913972824,0.40344727549502546,-0.009437726355297217
2024-12-19,484,0.44809304752803586,0.4721805839116903,-0.024087536383654524
2024-12-20,491,0.26849271687130827,0.28226995248454745,-0.013777235613239151
2024-12-23,493,0.2702921608230313,0.1997761062453676,0.07051605457766372
2024-12-24,489,0.2103094427982161,0.19921830107741964,0.011091141720796456
2024-12-26,486,0.27976244206449075,0.24750676554372403,0.03225567652076671
2024-12-27,489,0.34102268998563956,0.27280451796432736,0.06821817202131215
2024-12-30,474,0.22469858747674665,0.2383561970727471,-0.013657609596000457
2024-12-31,482,0.33400152696581514,0.36015918743848024,-0.026157660472665083
2025-01-02,486,0.3988378954808291,0.3647477491745373,0.034090146306291785
2025-01-03,490,0.4584396403624923,0.4533151524085714,0.005124487953920931
2025-01-06,490,0.3625192587374477,0.36993507799443337,-0.007415819256985637
2025-01-07,492,0.3542798211910173,0.35946049786214873,-0.005180676671131386
2025-01-08,483,0.6935051512859887,0.6570178358098128,0.03648731547617599
2025-01-10,492,0.47016116251027734,0.4556265021202111,0.014534660390066224
2025-01-13,491,0.39807691425213365,0.38434432440855737,0.013732589843576264
2025-01-14,488,0.4690283329234791,0.4660763660566624,0.0029519668668167645
2025-01-15,491,0.4248839412490814,0.42040815151511196,0.004475789733969483
2025-01-16,488,0.33500867502545834,0.32806020081622594,0.006948474209232329
2025-01-17,489,0.514743748332079,0.5106385512249374,0.004105197107141575
2025-01-21,490,0.47393960724272166,0.4704978601128228,0.0034417471298988722
2025-01-22,492,0.3369487741952233,0.3366238267852948,0.0003249474099285296
2025-01-23,490,0.3141626402574038,0.31515806546251746,-0.0009954252051136336
2025-01-24,492,1.053838126587776,1.0613435721338853,-0.007505445546109269
2025-01-27,493,0.5366877098117823,0.5557042905058647,-0.019016580694082443
2025-01-28,491,0.38801634670692237,0.3805806790216785,0.0074356676852438686
2025-01-29,491,0.5548996044789106,0.5649218460563216,-0.010022241577410945
2025-01-30,485,0.4157006003798836,0.38545638914494107,0.030244211234942534
2025-01-31,482,0.44395870122773545,0.43530579851603496,0.008652902711700468
2025-02-03,492,0.46372956116214364,0.44690087447653043,0.016828686685613218
2025-02-04,491,0.45080725389587983,0.4484395218711511,0.0023677320247287707
2025-02-05,493,0.5350524166877179,0.5233587071244136,0.011693709563304159
2025-02-06,481,0.42121540438934096,0.4290435560429988,-0.007828151653657854
2025-02-07,485,0.4477558737438242,0.433038311083619,0.014717562660205201
2025-02-10,491,0.39803314137518475,0.3790303681514518,0.01900277322373298
2025-02-11,488,0.46963803207569726,0.457951441663323,0.01168659041237425
2025-02-12,491,0.5779428970380491,0.5521313927751099,0.025811504262939138
2025-02-13,465,0.4870866616259149,0.4660016248777688,0.0210850367481461
2025-02-14,479,0.44629753412674217,0.4209069203888273,0.025390613737914826
2025-02-18,490,0.43799033767164197,0.4159146163229994,0.02207572134864259
2025-02-19,488,0.4577520338338396,0.44440973638937364,0.013342297444465988
2025-02-20,483,0.6935327716587774,0.7065495399028676,-0.013016768244090232
2025-02-21,484,0.3906585186802283,0.4003326698032375,-0.009674151123009171
2025-02-24,488,0.47996599883436175,0.4704541293960726,0.009511869438289132
2025-02-25,488,0.47999729017156495,0.4651762361000849,0.014821054071480015
2025-02-26,489,0.5659390606913575,0.5669599456970785,-0.0010208850057210068
2025-02-27,475,0.4878166596572849,0.48713039164856936,0.0006862680087155516
2025-02-28,475,0.6379423198803224,0.629360591468798,0.00858172841152444
2025-03-03,488,0.6842069111189151,0.654355813962309,0.029851097156606037
2025-03-04,485,0.48774932600142157,0.49166903251099303,-0.003919706509571488
2025-03-05,487,0.7173188740080685,0.7318617478576113,-0.014542873849542816
2025-03-06,476,0.550651568449649,0.5369495947651685,0.013701973684480498
2025-03-07,473,0.842878842745314,0.8709162728302056,-0.02803743008489156
2025-03-10,489,0.7098408537121769,0.7157326673996165,-0.005891813687439562
2025-03-11,486,0.4922516343650261,0.46446034937977076,0.02779128498525533
2025-03-12,488,0.5659517414100508,0.6731975179196078,-0.10724577650955702
2025-03-13,463,0.6367493027022668,0.5769416963426183,0.059807606359648546
2025-03-14,484,0.46603663212216395,0.61854377995564,-0.15250714783347608
2025-03-17,486,0.37346057991770304,0.3507077724296631,0.022752807488039956
2025-03-18,491,0.41500164107536985,0.38452206586486487,0.03047957521050497
2025-03-19,487,0.3324316559456343,0.3110186443119423,0.021413011633692025
2025-03-20,489,0.3659191051956872,0.3405501291533781,0.025368976042309133
2025-03-21,491,0.5745163968060152,0.5702998469526671,0.004216549853347981
2025-03-24,491,0.3652767924833288,0.334777883445604,0.030498909037724738
2025-03-25,494,0.45047032380020263,0.4473325464876469,0.003137777312555721
2025-03-26,493,0.4010762022589657,0.39800017320266634,0.0030760290562993104
2025-03-27,489,0.5824167831705296,0.5985430122804449,-0.016126229109915458
2025-03-28,473,0.3785582406014449,0.3709533858838717,0.007604854717573184
2025-03-31,489,0.3308020610736481,0.3163488310823904,0.014453229991257623
2025-04-01,494,0.38148106784785096,0.35731850063516285,0.024162567212688085
2025-04-02,491,2.301239228540059,2.4159474865117665,-0.11470825797170756
2025-04-03,490,2.200651774843051,2.513265270903834,-0.3126134960607829
2025-04-04,492,0.626742872876794,0.6476517598396074,-0.020908886962813494
2025-04-07,495,0.7220545375061312,1.0791146060077417,-0.35706006850161043
2025-04-08,495,3.3708128147768037,2.5663672929374854,0.8044455218393184
2025-04-09,487,1.1308316710754727,0.7422381831240937,0.38859348795137894
2025-04-10,493,0.5856425065048307,0.44391153317183013,0.14173097333300053
2025-04-11,495,0.5252246987892144,0.4318255946994924,0.09339910408972198
2025-04-14,492,0.46249272207824105,0.4212116411006583,0.04128108097758272
2025-04-15,494,0.5607901013364591,0.39224287228684823,0.16854722904961092
2025-04-16,489,0.5570946372099138,0.4901403742967382,0.0669542629131756
2025-04-17,492,0.7045648166978308,0.7448794077513274,-0.04031459105349676
2025-04-21,493,0.784284195069293,0.7585957797574072,0.02568841531188595
2025-04-22,493,0.5781227135172287,0.42403681926648334,0.15408589425074526
2025-04-23,496,0.7381215793091753,0.6291562241359911,0.10896535517318402
2025-04-24,494,0.5220634277248712,0.40606995965842174,0.1159934680664495
2025-04-25,495,0.4256590486894171,0.27862989047876036,0.1470291582106568
2025-04-28,495,0.4804532414372788,0.3991518115953371,0.08130142984194175
2025-04-29,486,0.5237717567131693,0.4264961507498005,0.09727560596336889
2025-04-30,491,0.577861608564305,0.4927081031994721,0.08515350536483283
2025-05-01,491,0.6395538074823407,0.558246602839909,0.08130720464243177
2025-05-02,490,0.44518253450672013,0.34304040179519063,0.10214213271152948
2025-05-05,493,0.4879827309907039,0.42164451612917825,0.06633821486152562
2025-05-06,494,0.47328719912532335,0.3891241322047166,0.08416306692060678
2025-05-07,495,0.5561875597801206,0.4972536472074963,0.0589339125726242
2025-05-08,485,0.3857556222032675,0.3721472288985561,0.013608393304711352
2025-05-09,487,1.317548788904812,1.3322743495336682,-0.014725560628855947
2025-05-12,493,0.5500242133563441,0.544919265601786,0.005104947754558041
2025-05-13,488,0.43669592434541543,0.43914261658465237,-0.0024466922392369244
2025-05-14,483,0.5030123053079316,0.4789092628684148,0.02410304243951686
2025-05-15,477,0.3667753518836762,0.3250238968242479,0.041751455059428275
2025-05-16,482,0.3066606583632191,0.29555536920157205,0.011105289161647018
2025-05-19,492,0.31812259714896146,0.29930530644276243,0.01881729070619907
2025-05-20,490,0.7131646230170657,0.7144191607518228,-0.0012545377347570688
2025-05-21,490,0.32471492528346996,0.3482918735645685,-0.023576948281098506
2025-05-22,481,0.36476794184663275,0.34640167627464113,0.018366265571991575
2025-05-23,489,0.5945918011153493,0.5787065573892571,0.01588524372609222
2025-05-27,492,0.3900067896755446,0.3752314035040315,0.014775386171513102
2025-05-28,491,0.34751331944629016,0.3385390057883732,0.008974313657916958
2025-05-29,477,0.37012480656381525,0.36490406687303617,0.0052207396907790506
2025-05-30,478,0.35242903596708075,0.36529502457377006,-0.012865988606689308
2025-06-02,493,0.4267169278272338,0.44245811916468997,-0.015741191337456148
2025-06-03,488,0.35431298838010045,0.35245452562074325,0.0018584627593571893
2025-06-04,492,0.36170350547971813,0.3549552137923579,0.006748291687360261
2025-06-05,482,0.3918281689191598,0.41494721639873133,-0.023119047479571563
2025-06-06,487,0.3887964279716918,0.3798757066390227,0.008920721332669105
2025-06-09,486,0.41591730987034553,0.4232789222767752,-0.007361612406429691
2025-06-10,493,0.3370927304134988,0.34112368436460533,-0.0040309539511065645
2025-06-11,494,0.3138888914432124,0.3338596203236175,-0.019970728880405075
2025-06-12,471,0.5870527185273426,0.5459026273763656,0.041150091150977106
2025-06-13,482,0.5330887072825197,0.5091559208341603,0.023932786448359437
2025-06-16,491,0.4326781390222011,0.42914488123547556,0.003533257786725503
2025-06-17,487,0.31817196306495,0.3442225147158085,-0.026050551650858567
2025-06-18,493,0.2995949085664263,0.3225485471985782,-0.02295363863215191
2025-06-20,492,0.4614256139730626,0.47579407298662096,-0.014368459013558401
2025-06-23,494,0.44404479574232636,0.44906216860643744,-0.005017372864111051
2025-06-24,494,0.4222718339125291,0.4051906444067147,0.017081189505814356
2025-06-25,493,0.36942628344332923,0.3853415056904246,-0.01591522224709532
2025-06-26,489,0.32932641348365527,0.3441065512506061,-0.014780137766950838
2025-06-27,476,0.32747813380537627,0.35844883882077744,-0.03097070501540112
2025-06-30,488,0.6146012131703249,0.604469423851336,0.010131789318989014
2025-07-01,494,0.4906054736718878,0.5042718574872096,-0.013666383815321814
2025-07-02,486,0.31099520817134796,0.33758521317611556,-0.026590005004767565
2025-07-03,491,0.38603794041269074,0.36048188551078914,0.025556054901901597
2025-07-07,493,0.3942502535144801,0.39837229925635137,-0.004122045741871228
2025-07-08,495,0.32681152384375717,0.33742701954397225,-0.010615495700215097
2025-07-09,488,0.4193392667548821,0.42880469374702,-0.009465426992137947
2025-07-10,494,0.3541746516885909,0.33792995471541026,0.01624469697318068
2025-07-11,495,0.35972948998537085,0.35698180947894576,0.0027476805064250787
2025-07-14,490,0.5296348010343209,0.49473430249001377,0.03490049854430714
2025-07-15,496,0.320498899802882,0.3164253609101148,0.004073538892767209
2025-07-16,495,0.4125728781868352,0.42006229863437045,-0.007489420447535222
2025-07-17,489,0.34288560597830225,0.339050343333632,0.003835262644670309
2025-07-18,492,0.33471460511383977,0.3235117170816737,0.011202888032166064
2025-07-21,493,0.6327807026276769,0.6481771285590457,-0.01539642593136875
2025-07-22,495,0.49863268229138014,0.4975096549501608,0.0011230273412193255
2025-07-23,495,0.5080284563200819,0.4967633869419835,0.0112650693780984
2025-07-24,493,0.3958192122221216,0.3965752405466596,-0.0007560283245380198
2025-07-25,496,0.40776284370425875,0.391504559604897,0.016258284099361798
2025-07-28,495,0.4889506195368008,0.4759665982964223,0.012984021240378493
2025-07-29,494,0.5314902761221478,0.511430674457841,0.02005960166430686
2025-07-30,486,0.7265882257055887,0.6913804343404388,0.03520779136514985
2025-07-31,487,0.6306358112799817,0.5542687450634124,0.07636706621656932
2025-08-01,493,0.5270092545782681,0.5653989846231504,-0.03838973004488238
2025-08-04,492,0.5079738458145536,0.48826367949181465,0.01971016632273897
2025-08-05,495,0.5035985808811259,0.48710070337683775,0.016497877504288133
2025-08-06,493,0.5162251351399187,0.49483133742438073,0.02139379771553802
2025-08-07,487,0.4484796768397757,0.4362343180663678,0.012245358773407843
2025-08-08,489,0.3324327699138669,0.31531446234290034,0.017118307570966544
2025-08-11,493,0.5576109485833277,0.5226271588744277,0.03498378970890003
2025-08-12,489,0.5749228374534017,0.5753672913437244,-0.0004444538903226899
2025-08-13,485,0.4122296221305079,0.3937097367204274,0.018519885410080494
2025-08-14,473,0.4069203849847241,0.3733862736311349,0.03353411135358919
2025-08-15,483,0.31586096618413917,0.2844929838598796,0.03136798232425959
2025-08-18,490,0.43139512005267266,0.409045339328817,0.02234978072385566
2025-08-19,490,0.35970134547602045,0.3384395517983523,0.02126179367766819
2025-08-20,491,0.3171081416408618,0.30405825201410885,0.013049889626752902
2025-08-21,489,0.7016690215231514,0.7538072406372374,-0.05213821911408602
2025-08-22,491,0.3925522063632884,0.38135183766608705,0.011200368697201406
2025-08-25,493,0.3812794225284054,0.35701581069747906,0.02426361183092633
2025-08-26,496,0.30631366586544906,0.29457471349023434,0.011738952375214723
2025-08-27,492,0.37119753571373687,0.344276334660568,0.026921201053168857
2025-08-28,478,0.35787655333841256,0.3349353612440531,0.022941192094359485
2025-08-29,472,0.4125188843086524,0.3855660366570986,0.02695284765155382
2025-09-02,488,0.3544098555109261,0.34105423714755084,0.013355618363375186
2025-09-03,488,0.4134002850542911,0.4256535039167099,-0.012253218862418744
2025-09-04,478,0.4417802006232113,0.43904557713081943,0.002734623492391935
2025-09-05,491,0.3636791115906541,0.3624645826923233,0.0012145288983307892
2025-09-08,491,0.3961908078236034,0.3872799932925203,0.008910814531083108
2025-09-09,488,0.5470150334818459,0.5340918363340402,0.012923197147805647
2025-09-10,492,0.5639774476590733,0.5710329281009334,-0.007055480441860143
2025-09-11,487,0.4074625200130263,0.39560654916165233,0.011855970851373979
2025-09-12,472,0.38658340605896147,0.3827347070622539,0.0038486989967076064
2025-09-15,488,0.3677622544266433,0.3579335108206047,0.009828743606038607
2025-09-16,493,0.3184561338314307,0.3180477111998082,0.0004084226316224378
2025-09-17,493,0.4838171125024386,0.4902107528576504,-0.006393640355211889
2025-09-18,494,0.3261694111010265,0.3270169673864443,-0.0008475562854178083
2025-09-19,491,0.3697246800545031,0.37842574787590577,-0.008701067821402637
2025-09-22,496,0.36542091094001034,0.36122771805377524,0.004193192886235102
2025-09-23,495,0.4037711688167616,0.3949507680512616,0.008820400765500044
2025-09-24,493,0.40324729648744717,0.3823562961125975,0.02089100037484966
2025-09-25,490,0.3621256865751457,0.36976104665844267,-0.007635360083296962
2025-09-26,494,0.3401959053048407,0.33473989398332615,0.005456011321514515
2025-09-29,472,0.4091219449182144,0.4083265480769641,0.0007953968412503535
2025-09-30,487,0.5936782450681736,0.5865175191083213,0.007160725959852279
2025-10-01,493,0.36876679031195025,0.3658788264637255,0.0028879638482247746
2025-10-02,487,0.3464027484257153,0.3473542522719884,-0.0009515038462732113
2025-10-03,494,0.4202613916503622,0.4118241925234831,0.008437199126879026
2025-10-06,494,0.40895483580514486,0.39813867394067043,0.01081616186447441
2025-10-07,496,0.43085010334978724,0.43585423845229415,-0.005004135102506919
2025-10-08,492,0.4138264576470956,0.39471635580617753,0.019110101840918044
2025-10-09,487,0.8867539537231761,0.8403710621064372,0.046382891616739
2025-10-10,496,0.505671382903182,0.4678891123998251,0.03778227050335689
2025-10-13,493,0.4538629565498109,0.4639780074370828,-0.010115050887271906
2025-10-14,491,0.4228064498373845,0.4263361114392523,-0.003529661601867827
2025-10-15,495,0.5771888515173601,0.542195651989077,0.03499319952828313
2025-10-16,491,0.33363695865639975,0.37413132896086526,-0.040494370304465496
2025-10-17,494,0.3973594784642399,0.3960797138632859,0.0012797646009539687
2025-10-20,495,0.4281588111566722,0.4205905346283233,0.007568276528348903
2025-10-21,493,0.4452251838208967,0.4302550600638087,0.014970123757087972
2025-10-22,495,0.5010436423410275,0.5061643717381351,-0.00512072939710758
2025-10-23,493,0.418587623903416,0.4251186502742864,-0.006531026370870396
2025-10-24,495,0.3741719058074858,0.374931096551779,-0.0007591907442932057
2025-10-27,495,0.5212600465962538,0.5043474633306636,0.016912583265590236
2025-10-28,494,0.7552521544076574,0.7143860857521319,0.040866068655525445
2025-10-29,494,0.6366587020683204,0.6233321317979751,0.01332657027034532
2025-10-30,485,0.42955625463760605,0.4205146282571619,0.00904162638044419
2025-10-31,489,0.44780773862473006,0.4445942420844045,0.0032134965403255804
2025-11-03,493,0.5864115354804696,0.5993206041031083,-0.01290906862263852
2025-11-04,492,0.5402455710626207,0.527996968357669,0.012248602704951709
2025-11-05,496,0.5789104708920653,0.5900708635622304,-0.011160392670165114
2025-11-06,485,0.4872284102868742,0.4672675852710847,0.019960825015789503
2025-11-07,486,0.41845678081942783,0.40766529250034467,0.010791488319083116
2025-11-10,496,0.44805282617539466,0.4295161354282688,0.018536690747125866
2025-11-11,489,0.3758116850966226,0.3569120622255198,0.018899622871102834
2025-11-12,486,0.5522157856839471,0.5498907199017969,0.0023250657821502663
2025-11-13,473,0.35708052523067746,0.3433900999370093,0.013690425293668165
2025-11-14,478,0.5608006699417892,0.5843894628609756,-0.02358879291918638
2025-11-17,491,0.3472218449197455,0.3385602394871259,0.008661605432619578
2025-11-18,488,0.41783948314070024,0.4067790932843765,0.011060389856323745
2025-11-19,490,0.5298378586984619,0.5191675609126856,0.010670297785776333
2025-11-20,488,0.7006669264448108,0.651725083446621,0.048941842998189794
2025-11-21,490,0.4923466389681876,0.48856849977111305,0.00377813919707455
2025-11-24,491,0.5489534649352407,0.5500871574551894,-0.00113369251994887
2025-11-25,492,0.36676546641558605,0.3421414937798954,0.02462397263569064
2025-11-26,483,0.2854999465147514,0.2625143835886551,0.022985562926096288
2025-11-28,475,0.41695220917189724,0.37893524169166737,0.038016967480229875
2025-12-01,491,0.37799928046927683,0.3650885735790555,0.012910706890221385
2025-12-02,489,0.48526675376035544,0.4970083756265648,-0.011741621866209376
2025-12-03,490,0.37574834951725816,0.3711400403435319,0.0046083091737262865
2025-12-04,476,0.39622646557313884,0.3880010221166621,0.008225443456476716
2025-12-05,491,0.4434084883919122,0.433762452554769,0.00964603583714329
2025-12-08,493,0.36718053255641503,0.36229010861098304,0.0048904239454319685
2025-12-09,490,0.5849961802249747,0.6103605935009713,-0.025364413275996586
2025-12-10,494,0.4678319807015394,0.4650849441396243,0.0027470365619151203
2025-12-11,487,0.483230476602426,0.4831153976063385,0.00011507899608752817
2025-12-12,473,0.3725021339354911,0.3700037249209518,0.002498409014539286
2025-12-15,489,0.38802113380802916,0.37053666026279114,0.017484473545237987
2025-12-16,491,0.45650818127884746,0.4477080750842691,0.008800106194578387
2025-12-17,492,0.3599898254800185,0.3603754731180353,-0.0003856476380167344
2025-12-18,491,0.3880084345985925,0.38804771881771255,-3.9284219120036865e-05
2025-12-19,493,0.3584545302731166,0.38497927365623724,-0.02652474338312072
2025-12-22,494,0.26651717605700503,0.25207992837682086,0.014437247680184206
2025-12-23,495,0.21498120949511276,0.20232506754417026,0.0126561419509425
2025-12-24,488,0.20299688096102997,0.16809415251633256,0.0349027284446974
2025-12-26,491,0.23547604185964774,0.2033569564756773,0.032119085383970444
2025-12-29,494,0.2172319583250233,0.18945612781594479,0.027775830509078524
2025-12-30,478,0.2953649331420824,0.2933852471313169,0.001979686010765479
2025-12-31,478,0.5549641032498328,0.5851542024107915,-0.03019009916095871
2026-01-02,493,0.6010374654071177,0.5946199802851787,0.006417485121938963
2026-01-05,492,0.6093016601597928,0.6001531916590203,0.00914846850077265
2026-01-06,495,0.5720290666616115,0.5530231225801896,0.01900594408142201
2026-01-07,496,0.6229215070619926,0.6228670230425835,5.448401940904099e-05
2026-01-08,489,0.4805183534473231,0.4854782729501929,-0.004959919502869873
2026-01-09,492,0.37947970168161793,0.37617722568890416,0.003302475992713762
2026-01-12,495,0.4577447119473959,0.4515033133810738,0.006241398566322133
2026-01-13,494,0.45167009082375453,0.4590539316097318,-0.007383840785977227
2026-01-14,492,0.4234621461022087,0.42879896875213175,-0.005336822649922967
2026-01-15,489,0.4294201656549791,0.4220875281416122,0.007332637513366905
2026-01-16,491,0.6804455909359736,0.648016775697719,0.032428815238254624
2026-01-20,494,0.616517946580862,0.649484466436575,-0.03296651985571297
2026-01-21,494,0.40872568726104447,0.40880641360078096,-8.072633973643802e-05
2026-01-22,492,0.39314120997393637,0.3860040875934689,0.0071371223804675
2026-01-23,496,0.3390669079774811,0.335670247194794,0.0033966607826871995
2026-01-26,496,0.5375232634320086,0.53409254935968,0.0034307140723287147
2026-01-27,493,0.4924690608190121,0.4817927240411778,0.010676336777834269
2026-01-28,493,0.6094185044239755,0.6037741587547478,0.005644345669227658
2026-01-29,487,0.4993398319133329,0.5041684119338918,-0.004828580020558875
2026-01-30,491,0.5021003334491217,0.49769783551573227,0.004402497933389428
2026-02-02,494,0.9453656596361204,0.9478901324615929,-0.0025244728254724606
2026-02-03,493,0.8928348879397918,0.8905750606696664,0.002259827270125487
2026-02-04,494,0.7213701561612172,0.7253747157740729,-0.004004559612855613
2026-02-05,489,0.807662263867933,0.8509583687969875,-0.04329610492905443
2026-02-06,490,0.5284256295801577,0.518776088777062,0.009649540803095706
2026-02-09,491,0.5664831951444322,0.5530256028505978,0.01345759229383451
2026-02-10,491,0.6973461520778135,0.707451308704315,-0.01010515662650155
2026-02-11,493,0.8832939574691695,0.879839786657744,0.003454170811425577
2026-02-12,472,0.566637246263808,0.6909981091541173,-0.12436086289030943
2026-02-13,479,0.5059124782629987,0.4862336954907676,0.019678782772231108
2026-02-17,491,0.5259334492404687,0.49884578817941366,0.027087661061054966
2026-02-18,491,0.4726812298554743,0.45170636017145316,0.020974869684021152
2026-02-19,489,0.4293089626117315,0.413684017898425,0.015624944713306527
2026-02-20,489,0.6966525873060292,0.7007183068541665,-0.0040657195481371925
2026-02-23,492,0.476592313719976,0.459739690152592,0.01685262356738401
2026-02-24,490,0.5640453197497742,0.5503103542479295,0.013734965501844762
2026-02-25,495,0.5540343204210574,0.5312279639835283,0.022806356437528978
2026-02-26,478,0.6312083349951392,0.6261943409524959,0.005013994042643174
2026-02-27,479,0.5310168359119742,0.5131240011295984,0.017892834782375817
2026-03-02,493,0.5725601447216468,0.5853137320104658,-0.012753587288818787
2026-03-03,489,0.4548625701293215,0.4498875002050704,0.004975069924251165
2026-03-04,489,0.6210800459168987,0.5996271468387353,0.02145289907816337
2026-03-05,476,0.628801267324143,0.5785026364797714,0.05029863084437162
2026-03-06,485,0.46565892082481214,0.47128650764350066,-0.005627586818688523
2026-03-09,483,0.5028003504649259,0.5252889542877909,-0.022488603822865008
2026-03-10,489,0.46560220160019533,0.45184665459151413,0.013755547008681224
2026-03-11,495,0.7339774177972589,0.7698049076265788,-0.035827489829319936
2026-03-12,475,0.4084928120041153,0.4289792170632781,-0.02048640505916268
2026-03-13,482,0.3978828447729159,0.3862275435243401,0.01165530124857582
2026-03-16,488,0.3836921158042119,0.37356825497866664,0.010123860825545308
2026-03-17,496,0.5695801322040279,0.5779385943987766,-0.00835846219474864
2026-03-18,493,0.39988347293916765,0.4021872621950177,-0.0023037892558499928
2026-03-19,493,0.6058880719018644,0.5858938220871103,0.019994249814754204
2026-03-20,495,0.4946378187660522,0.5075761798523067,-0.012938361086254584
2026-03-23,494,0.5210436356204561,0.5295257309739754,-0.008482095353519336
2026-03-24,494,0.3885136333839173,0.39056071251648594,-0.002047079132568646
2026-03-25,496,0.5592222106297396,0.5992875576846539,-0.040065347054914296
2026-03-26,492,0.6167516279044598,0.6124484345061832,0.0043031933982764945
2026-03-27,495,0.5166139105755791,0.5499244264554528,-0.03331051587987354
2026-03-30,474,0.7981933844801894,0.7003305147645769,0.0978628697156125
2026-03-31,491,0.4725540556755782,0.4825401985681336,-0.009986142892555465
2026-04-01,487,0.407839447091668,0.41162848848264094,-0.0037890413909729896
2026-04-02,493,0.3581129519169583,0.3528964014162519,0.005216550500706394
2026-04-06,494,0.4022218525265816,0.3969088534001377,0.005312999126443898
2026-04-07,497,1.0223658127422097,1.068640753186862,-0.04627494044465234
2026-04-08,491,0.4982846922400419,0.49147728127188733,0.006807410968154598
2026-04-09,491,0.48431441697596317,0.47075270594298607,0.013561711032977078
2026-04-10,496,0.6020178952188777,0.6154098569255745,-0.013391961706696806
2026-04-13,495,0.42604112279372064,0.4236645861758635,0.0023765366178570774
2026-04-14,492,0.5050942177681501,0.49666340952890786,0.008430808239242246
2026-04-15,495,0.4748556884522524,0.4681397190357538,0.006715969416498611
2026-04-16,493,0.6110128197858465,0.6163411345426938,-0.005328314756847202
2026-04-17,493,0.3719277012654945,0.3646581011999614,0.007269600065533165
2026-04-20,496,0.5445628527866482,0.5371403362144002,0.0074225165722480065
2026-04-21,493,0.48201357023999897,0.47396347077209006,0.008050099467908925
2026-04-22,496,0.7789556046897106,0.7722359804943612,0.0067196241953494575
2026-04-23,496,0.541775840837328,0.5307974450291514,0.0109783958081766
2026-04-24,496,0.4060294419669131,0.3969842555470114,0.00904518641990171
2026-04-27,496,0.527949433452487,0.5223477273379287,0.005601706114558393
2026-04-28,495,0.6631540440112005,0.6597985468935027,0.0033554971176977277
2026-04-29,490,0.7464472555270998,0.7330176390279813,0.013429616499118526
2026-04-30,491,0.46913285619492334,0.46360745743295206,0.00552539876197126
2026-05-01,490,0.5104295319872673,0.5026839327537742,0.007745599233493085
2026-05-04,493,0.5432904310198379,0.5271460421844235,0.016144388835414393
2026-05-05,496,0.8746941758206063,0.8766430629007628,-0.0019488870801565444
2026-05-06,495,0.6541086356042403,0.7065846405222265,-0.05247600491798612
2026-05-07,483,0.6271233640927025,0.6269243558008285,0.00019900829187393434
2026-05-08,491,0.632065413083968,0.6185919027453747,0.013473510338593361
2026-05-11,493,0.44340824474257134,0.43715361412549153,0.006254630617079797
2026-05-12,490,0.5505010147829164,0.5292264069082784,0.02127460787463794
2026-05-13,490,0.45610212152003743,0.44192807771057213,0.014174043809465329
2026-05-14,471,0.580483802037483,0.5701521906039821,0.010331611433500894
2026-05-15,485,0.5713140896628329,0.5930707904364069,-0.021756700773573966
2026-05-18,493,0.4699369799016391,0.4698209783852503,0.00011600151638878413
2026-05-19,491,0.6190496657874133,0.5981997171680276,0.02084994861938568
2026-05-20,491,0.4675276536735538,0.4596620985184043,0.007865555155149556
2026-05-21,477,0.47221263181609796,0.4674009648379632,0.0048116669781347494
2026-05-22,493,0.5196125972443649,0.5156223853374571,0.0039902119069078245
2026-05-26,493,0.4972946870376357,0.4834845800409229,0.01381010699671286
2026-05-27,494,0.562967250259067,0.5504183137755334,0.012548936483533533
2026-05-28,480,0.6011957891256937,0.6091948952915394,-0.007999106165845728
2026-05-29,476,0.7508674494748268,0.740313314642274,0.010554134832552776
2026-06-01,494,0.6713089698044342,0.6618075891205688,0.009501380683865388
2026-06-02,492,0.5605558504324075,0.5508902209636257,0.009665629468781729
2026-06-03,490,0.5996239557068589,0.5773436367190209,0.02228031898783799
2026-06-04,478,0.7841925695158862,0.806326039841337,-0.02213347032545074
2026-06-05,491,0.49930589792717506,0.4891672249488125,0.010138672978362531
2026-06-08,491,0.609025852728278,0.6115450919791005,-0.0025192392508224188
2026-06-09,490,0.6986130096008969,0.7044117608257525,-0.005798751224855529
2026-06-10,494,0.7799605372870987,0.8225811027768806,-0.04262056548978185
2026-06-11,485,0.4327434877078436,0.4239702934667738,0.008773194241069808
2026-06-12,468,0.6035139385830692,0.6049275900576904,-0.0014136514746210561
2026-06-15,490,0.44362734202862886,0.4469435608240223,-0.0033162187953935055
2026-06-16,494,0.6794810062386112,0.662132783859168,0.017348222379443244
2026-06-17,493,0.582633506599861,0.5936731031154394,-0.011039596515578376
2026-06-18,492,0.5484478274075375,0.5527016490284881,-0.004253821620950488
2026-06-22,494,0.6393195971287008,0.6404934047870983,-0.0011738076583974607
2026-06-23,494,0.603009662099834,0.6200470401526429,-0.017037378052808902
2026-06-24,493,0.6205382640875264,0.6275762817176352,-0.007038017630108881
2026-06-25,492,0.7236628095676972,0.7455182720495359,-0.02185546248183856
2026-06-26,494,0.5322890095179292,0.5298453605610669,0.0024436489568622675
2026-06-29,475,0.5354516756138911,0.5281639187250289,0.00728775688886224
2026-06-30,489,0.6948072962152677,0.7090572870389212,-0.014249990823653568
2026-07-01,490,0.7570641481303275,0.7817576436414811,-0.024693495511153664
2026-07-02,490,0.5051042801238822,0.49175036468241246,0.01335391544146971
2026-07-06,494,0.5312663068588712,0.5324882818877359,-0.0012219750288647235
2026-07-07,495,0.6309307643111047,0.6123656301191478,0.018565134191956933
2026-07-08,493,0.48609904430445966,0.47780584418607086,0.008293200118388829
2026-07-09,489,0.38195474397796847,0.35442660522193503,0.027528138756033493
2026-07-10,496,0.5201138333104279,0.5208355227030594,-0.0007216893926315083
2026-07-13,497,0.5415550320240465,0.5344766747084059,0.007078357315640618
2026-07-14,492,0.547042750209771,0.5376927093109198,0.009350040898851154
2026-07-15,497,0.7821278824626462,0.7943133733841348,-0.012185490921488544
2026-07-16,493,0.49007153620172017,0.4832474135487733,0.006824122652946836
2026-07-17,492,0.39886431331535427,0.3824758659514954,0.016388447363858832
2026-07-20,495,0.5689420657891231,0.5726583944994119,-0.003716328710288871
2026-07-21,495,0.5100826276629729,0.5056957897483952,0.004386837914577597
2026-07-22,495,0.5831678250638407,0.5666231879162141,0.016544637147626547
2026-07-23,492,0.6188270796875129,0.6097173210388604,0.009109758648652556
2026-07-24,496,0.613981228921401,0.6080935934008206,0.005887635520580431
2026-07-27,495,0.7980727120519819,0.796728841327564,0.0013438707244178168
2026-07-28,496,0.7507404806646873,0.7469744146451822,0.0037660660195050935
2026-07-29,495,0.9440700321413661,0.9055185032104558,0.03855152893091045
2026-07-30,487,0.5486108376111671,0.6288668556719967,-0.08025601806082963
2026-07-31,489,0.5916085280748595,0.6006107927803855,-0.009002264705526071
2026-08-03,495,0.7498898575888228,0.7437584662466135,0.00613139134220933
2026-08-04,495,0.524493796625052,0.5063671705174301,0.018126626107621918
2026-08-05,496,0.5576515869596886,0.5288529142318292,0.02879867272785946
2026-08-06,488,0.543903727230085,0.5464140645069991,-0.0025103372769142113
2026-08-07,490,0.5623022007983882,0.5517360815401147,0.010566119258273452
2026-08-10,494,0.42235143603439806,0.395303904171385,0.027047531863013098
2026-08-11,490,0.4792174009331994,0.4706997522052241,0.008517648727975297
2026-08-12,490,0.5121667674382305,0.5163805759972826,-0.004213808559052031
2026-08-13,472,0.41621870775643893,0.40099074755310893,0.015227960203329997
2026-08-14,487,0.5199795522123508,0.5096894632790483,0.010290088933302537
2026-08-17,490,0.5175037867726271,0.5081452241595109,0.009358562613116144
2026-08-18,486,0.8669567166220576,0.8654886717180684,0.0014680449039891966
2026-08-19,491,0.5177480803092774,0.5905061300261439,-0.07275804971686643
2026-08-20,488,0.4687055799310006,0.4409126608165346,0.02779291911446597
2026-08-21,490,0.4395342804802335,0.41968864690305824,0.019845633577175288
