origin_trading_day,rows,baseline_loss,candidate_loss,loss_delta_baseline_minus_candidate
2020-05-06,451,1.4763588362899729,1.6326140875002297,-0.156255251210257
2020-05-07,461,1.2491261137786338,1.3581617039410283,-0.10903559016239454
2020-05-08,465,1.9793076958866265,2.0232853566310602,-0.04397766074443375
2020-05-11,451,1.4711918743949093,1.4858852742836157,-0.014693399888706158
2020-05-12,443,1.1888286416810696,1.1014862191544426,0.087342422526627
2020-05-13,447,2.1455085021540814,2.897216856327419,-0.7517083541733371
2020-05-14,454,1.5495248003303714,2.0863033594845,-0.5367785591541285
2020-05-15,459,1.9573213387808732,1.8917421348416958,0.06557920393917739
2020-05-18,453,1.1906794572642645,1.1672687716841101,0.023410685580154158
2020-05-19,455,1.1891412581429415,1.1842742475566366,0.004867010586304847
2020-05-20,456,1.4233600063061687,1.9652227921413647,-0.5418627858351959
2020-05-21,460,1.8790763292334483,1.7937887318217915,0.08528759741165662
2020-05-22,454,1.6499806276746318,1.4847106817995521,0.16526994587507965
2020-05-26,444,1.324497469513846,1.2908926142150112,0.03360485529883474
2020-05-27,443,1.251772054037816,1.3438590661677468,-0.09208701212993083
2020-05-28,452,1.2236605786272423,1.256788041514139,-0.0331274628868964
2020-05-29,464,1.6908663216542106,2.4076018783665094,-0.7167355567122984
2020-06-01,456,1.6459248634278048,2.2887087885972983,-0.6427839251694936
2020-06-02,459,2.1457674266814726,2.971582104733744,-0.8258146780522716
2020-06-03,461,1.9466398814242707,2.6772983196866003,-0.7306584382623299
2020-06-04,465,1.3100334543402696,1.3183088537124867,-0.008275399372217183
2020-06-05,466,1.2343359133781941,1.2466385574457461,-0.012302644067551822
2020-06-08,453,2.9635095438568735,2.720349035715453,0.24316050814142012
2020-06-09,439,1.9761293158292668,2.0497892270078872,-0.07365991117862036
2020-06-10,433,1.377098599738301,1.380866544521783,-0.0037679447834818905
2020-06-11,446,1.6001981729158812,2.1071636456817506,-0.5069654727658698
2020-06-12,469,1.1541918067215,1.3811908398253048,-0.2269990331038046
2020-06-15,474,0.9934338933327652,1.1427033757035365,-0.1492694823707715
2020-06-16,471,1.1372195153487161,1.4753173701777749,-0.3380978548290588
2020-06-17,470,1.0068410591186836,1.460942928722416,-0.4541018696037326
2020-06-18,471,0.9062286541139712,0.8939550921135205,0.012273562000450705
2020-06-19,476,1.130030747037028,1.1279992709766653,0.0020314760603627685
2020-06-22,474,0.9958083779069413,1.1285241528640975,-0.1327157749571561
2020-06-23,472,1.3910263086638146,1.6992558037385972,-0.3082294950747825
2020-06-24,454,0.8492990259599997,1.1287001246020398,-0.2794010986420398
2020-06-25,448,0.8613748037848229,0.9382111877106099,-0.07683638392578698
2020-06-26,447,1.135462546488972,1.2735845109820554,-0.13812196449308325
2020-06-29,460,0.9893131499111152,0.9582910884276624,0.031022061483452806
2020-06-30,466,0.959728850998034,0.8918094995792681,0.06791935141876587
2020-07-01,468,0.9183053109293235,0.9402578105172743,-0.02195249958795073
2020-07-02,473,0.9459100463852552,0.9542608598416573,-0.00835081345640214
2020-07-06,467,1.1986113407188843,1.3479504947527388,-0.14933915403385448
2020-07-07,467,0.8069776741911429,0.7845778176630793,0.0223998565280635
2020-07-08,468,0.8341009078453271,1.0057465410482167,-0.17164563320288967
2020-07-09,472,1.1552134329711172,1.002840046506735,0.15237338646438217
2020-07-10,472,1.250564656353848,1.4405241012785974,-0.18995944492474928
2020-07-13,468,1.2124108900908115,1.632840391552138,-0.4204295014613263
2020-07-14,469,0.9790054786919574,1.0673336064703347,-0.08832812777837738
2020-07-15,471,0.893979162548353,0.9854591311407241,-0.09147996859237106
2020-07-16,473,0.802256209102798,0.8874918218976741,-0.08523561279487608
2020-07-17,475,0.8373736287402131,1.033784788091194,-0.19641115935098077
2020-07-20,471,0.9698021265011343,1.1436270477838677,-0.17382492128273327
2020-07-21,471,0.8521945716120779,0.8854441841249086,-0.03324961251283064
2020-07-22,472,0.8008761831780685,0.9219489785023297,-0.12107279532426123
2020-07-23,473,0.7711609868339757,0.8161111438606935,-0.04495015702671785
2020-07-24,475,0.8782746511537818,0.9610717809409999,-0.082797129787218
2020-07-27,467,0.8916539264959309,0.904752571264904,-0.013098644768973208
2020-07-28,457,0.9590757354629816,1.0558278691350993,-0.09675213367211778
2020-07-29,455,0.9287904990344596,0.9682842998512019,-0.03949380081674217
2020-07-30,463,0.8596788235249953,0.9799097785960131,-0.12023095507101789
2020-07-31,476,0.9616847091552537,1.0462211249704523,-0.08453641581519845
2020-08-03,470,0.9769531317266613,1.0594271414549608,-0.08247400972829942
2020-08-04,462,1.006074642968777,1.029632094964711,-0.02355745199593419
2020-08-05,459,1.1204465271386213,1.147613562328098,-0.02716703518947674
2020-08-06,464,1.1718982003385978,1.154369208911061,0.01752899142753667
2020-08-07,470,0.8761731385189484,0.8755629489043718,0.0006101896145766702
2020-08-10,448,0.7306242371545578,0.7117838014761576,0.018840435678400224
2020-08-11,443,0.7199171873467665,0.7546361008584168,-0.03471891351165037
2020-08-12,442,0.7136466031548588,0.7463974054181483,-0.03275080226328942
2020-08-13,458,0.7013326192271475,0.7203080919713313,-0.018975472744183684
2020-08-14,459,0.7373291172217977,0.7216217602167154,0.01570735700508237
2020-08-17,457,0.7657666907314244,0.7564437044742621,0.00932298625716243
2020-08-18,461,0.7160986355281148,0.7437311412302096,-0.0276325057020946
2020-08-19,462,0.7082561629504694,0.7669104536518044,-0.05865429070133494
2020-08-20,466,0.7001676106008997,0.7702383250570356,-0.07007071445613583
2020-08-21,469,0.7686692187507461,0.8122341128829954,-0.043564894132249225
2020-08-24,466,0.7404105032867673,0.8123447503401926,-0.07193424705342537
2020-08-25,457,0.8004203138159468,0.8897802658697503,-0.08935995205380366
2020-08-26,442,0.7069812433270473,0.7772231420371594,-0.07024189871011212
2020-08-27,443,0.7174410894122997,0.783301543229171,-0.06586045381687128
2020-08-28,448,0.8182270149395791,0.9150178304862014,-0.09679081554662235
2020-08-31,451,0.7263681179467214,0.7572976234253691,-0.03092950547864769
2020-09-01,459,0.9677108727434292,0.9762001744950142,-0.008489301751584931
2020-09-02,458,1.7060127326344068,1.4922358237487956,0.21377690888561124
2020-09-03,464,0.7798238565926859,0.7548269289089465,0.024996927683739286
2020-09-04,458,0.9535643483157253,0.8316130517645028,0.12195129655122255
2020-09-08,462,0.7436466835971429,0.9204714317129705,-0.17682474811582757
2020-09-09,443,0.7500491621393743,0.9346213764104412,-0.18457221427106682
2020-09-10,442,0.9067415927030749,1.6186448947808665,-0.7119033020777915
2020-09-11,441,0.9418305831468747,1.511383554241363,-0.5695529710944882
2020-09-14,466,0.6935585322464458,0.7085143850809714,-0.014955852834525551
2020-09-15,470,0.8189799450701625,0.8080343184930943,0.010945626577068117
2020-09-16,472,1.2480685975263457,1.177351289107197,0.07071730841914836
2020-09-17,473,1.1234444240251007,1.0677967073452415,0.0556477166798594
2020-09-18,475,1.3310853501960864,1.2248803209079444,0.10620502928814227
2020-09-21,474,0.7860225526842324,0.7258135085179096,0.060209044166322855
2020-09-22,471,0.6623556401435193,0.647863012681102,0.014492627462417305
2020-09-23,473,1.0550018626464628,0.972339303055407,0.0826625595910558
2020-09-24,456,0.9105772974243077,0.8340700302293413,0.07650726719496634
2020-09-25,451,0.7659597139582281,0.7666581479229203,-0.0006984339646922521
2020-09-28,445,0.7528025813689524,0.8048097766656738,-0.05200719529672143
2020-09-29,462,0.7761061499739897,0.908174231818956,-0.13206808184496624
2020-09-30,466,0.9145163249692007,1.2080125613050292,-0.2934962363358285
2020-10-01,470,0.801602698332428,0.8522774941632946,-0.050674795830866544
2020-10-02,472,0.9370609085348051,1.0214538746461068,-0.08439296611130177
2020-10-05,463,0.8204778444132953,0.9469630914836249,-0.1264852470703295
2020-10-06,463,1.081261952140755,1.2148355122916907,-0.13357356015093572
2020-10-07,464,0.8830985251697162,1.000592043627323,-0.11749351845760674
2020-10-08,478,0.8103494334000662,0.8426045136677991,-0.032255080267732876
2020-10-09,476,0.6956235115532003,0.773758638111197,-0.07813512655799666
2020-10-12,471,0.712827384744162,0.738643883627277,-0.02581649888311496
2020-10-13,469,0.6660553935111543,0.731674329885942,-0.06561893637478775
2020-10-14,473,0.7230807453917084,0.7128527654189708,0.010227979972737724
2020-10-15,476,0.6796395044844651,0.6901857123635499,-0.010546207879084713
2020-10-16,476,0.7360558044508848,0.7263381971264811,0.009717607324403663
2020-10-19,472,0.9086742299106522,0.9753374896639629,-0.06666325975331082
2020-10-20,473,0.7971264241955319,0.7865234217186812,0.01060300247685064
2020-10-21,474,0.7344987193954592,0.8204026001264595,-0.08590388073100026
2020-10-22,475,1.0490169040183497,1.184373627973082,-0.1353567239547326
2020-10-23,476,1.9476323960005861,2.141861661310799,-0.19422926531021278
2020-10-26,468,1.154802126315641,1.0909739240794938,0.06382820223614688
2020-10-27,460,1.0427932465139351,0.9924401537800598,0.05035309273387552
2020-10-28,459,1.248702798798105,1.761716296409041,-0.5130134976109358
2020-10-29,466,1.4417701235736908,1.8970345685774344,-0.4552644450037436
2020-10-30,476,1.7128158444204082,2.454426144445411,-0.7416103000250027
2020-11-02,466,1.7773064197993678,2.1187472308192907,-0.34144081101992296
2020-11-03,461,1.4698604394228951,1.6377788417665122,-0.16791840234361716
2020-11-04,453,2.7651059211898534,3.1721587467963137,-0.40705282560646044
2020-11-05,457,2.36176286388444,2.6842866177030826,-0.32252375381864196
2020-11-06,464,2.103873123953329,2.3166718030271736,-0.2127986790738445
2020-11-09,455,0.8921013509281991,0.8875811659218136,0.004520185006385509
2020-11-10,450,0.7921484457338628,0.7676690287655867,0.024479416968276074
2020-11-11,448,0.9894018998661737,0.9853809073288105,0.004020992537363266
2020-11-12,457,1.2808766263927973,1.4374248204527926,-0.15654819405999515
2020-11-13,462,0.8517286423869898,0.8324351109202673,0.019293531466722493
2020-11-16,454,0.8568792371341217,0.8470778603123492,0.009801376821772598
2020-11-17,460,0.7918184848798479,0.7818761665424264,0.009942318337421426
2020-11-18,462,0.8581946865613626,0.8345102682635139,0.023684418297848706
2020-11-19,467,1.1866501539070498,1.254530194485026,-0.06788004057797634
2020-11-20,466,1.1406311968169054,1.0951150739172253,0.04551612289967996
2020-11-23,458,0.7716189059401827,0.7606780127907122,0.010940893149470415
2020-11-24,448,0.9534519356719148,0.9346388378406871,0.018813097831227744
2020-11-25,441,0.7988256084237929,0.7626369731865893,0.03618863523720367
2020-11-27,449,0.7407879248711652,0.697598712551218,0.043189212319947316
2020-11-30,447,0.9008590588940018,0.9157186301883028,-0.014859571294301
2020-12-01,454,1.011198495999692,0.9776781227554411,0.03352037324425096
2020-12-02,459,0.821440345720121,0.7662676549907124,0.05517269072940864
2020-12-03,471,0.7718667353123583,0.7260187101126452,0.045848025199713205
2020-12-04,468,0.6755858069086591,0.6492858647715991,0.026299942137059936
2020-12-07,459,0.711964131727453,0.7044451730784161,0.00751895864903678
2020-12-08,459,0.7091595008774915,0.6854022685167841,0.023757232360707422
2020-12-09,444,0.7574813871934208,0.7641921828143118,-0.006710795620890876
2020-12-10,446,0.6965030692855292,0.7387657033267993,-0.04226263404127017
2020-12-11,449,0.7199906870066283,0.750059468124052,-0.030068781117423726
2020-12-14,465,0.853984983517815,0.9591582151381415,-0.1051732316203264
2020-12-15,465,0.7735748134069956,0.8014775236227579,-0.027902710215762294
2020-12-16,465,0.723517975715421,0.7627309697405554,-0.03921299402513443
2020-12-17,466,0.8007173357090205,0.7877904242875536,0.012926911421466883
2020-12-18,472,0.6739204976680652,0.741917225240124,-0.06799672757205888
2020-12-21,467,0.5729592323144057,0.6407765321131457,-0.06781729979874003
2020-12-22,472,0.6608805906965438,0.7109215127862557,-0.05004092208971204
2020-12-23,473,0.5962909890411762,0.6368508298846928,-0.04055984084351674
2020-12-24,462,0.581992356452873,0.5918590776212991,-0.009866721168426174
2020-12-28,451,0.582989900609428,0.6288511227921749,-0.04586122218274688
2020-12-29,446,0.6355341494685972,0.6484752175258526,-0.012941068057255237
2020-12-30,462,0.6856216560268641,0.7169420075236485,-0.031320351496784374
2020-12-31,472,1.1841282250666745,1.2847467651124844,-0.10061854004580993
2021-01-04,465,1.6213164316532418,1.8306024220101096,-0.20928599035686776
2021-01-05,463,1.2906055098525404,1.3274037742999498,-0.03679826444740954
2021-01-06,464,0.8550449436723353,0.9113263978074941,-0.05628145413515881
2021-01-07,476,0.7961249469886306,0.9114421201210829,-0.11531717313245224
2021-01-08,478,0.7901285406896209,0.8366521820200075,-0.046523641330386646
2021-01-11,473,0.9235291049382263,1.0210099379044493,-0.0974808329662229
2021-01-12,471,0.8362196085003284,0.847774576364031,-0.011554967863702498
2021-01-13,468,0.7792965766274303,0.7955887602406622,-0.01629218361323195
2021-01-14,473,0.8140860292484589,0.8545867198002596,-0.04050069055180063
2021-01-15,468,0.8374790506750155,0.8910026066638947,-0.053523555988879215
2021-01-19,472,0.7831103263613917,0.8090254857141405,-0.02591515935274881
2021-01-20,472,0.8293232753743008,0.8236240034465651,0.005699271927735858
2021-01-21,478,0.9321778770848453,0.9545623153709931,-0.022384438286147817
2021-01-22,479,1.4747189021767595,1.446498916707037,0.02821998546972241
2021-01-25,473,0.9004702086001046,0.9447276541074643,-0.04425744550735966
2021-01-26,461,1.0953663249200971,0.9929326342311918,0.10243369068890529
2021-01-27,460,0.9943946386505188,1.137280923470224,-0.14288628481970492
2021-01-28,464,0.8601240710182527,1.0637804477724415,-0.20365637675418882
2021-01-29,477,1.119372037962034,1.2142437907193253,-0.09487175275729133
2021-02-01,468,1.1696787621297042,1.252220544441786,-0.08254178231208181
2021-02-02,466,0.9929306778276825,1.0104974984850594,-0.01756682065737676
2021-02-03,461,1.136124051629897,1.335463159418414,-0.19933910778851704
2021-02-04,465,0.8406473756333421,0.9767830843270998,-0.1361357086937576
2021-02-05,466,0.7758865554621809,0.9288554846582295,-0.15296892919604874
2021-02-08,451,0.7740831962822854,0.8891814389877687,-0.11509824270548319
2021-02-09,449,0.838630901708077,0.8651629785554207,-0.02653207684734374
2021-02-10,444,0.8498051701301896,0.9091752656478339,-0.059370095517644196
2021-02-11,458,0.7720832511444058,0.8310437058602591,-0.05896045471585326
2021-02-12,458,0.7750811008316377,0.7717218102962659,0.003359290535371928
2021-02-16,455,0.6988907855705416,0.7529854699671066,-0.054094684396565
2021-02-17,458,0.9131607180049337,0.9358103425412277,-0.022649624536294016
2021-02-18,461,1.1099978508386672,1.13362961299512,-0.023631762156452924
2021-02-19,469,1.1658665352776532,1.243558247669318,-0.0776917123916648
2021-02-22,456,0.8049978173573163,0.8268022219004002,-0.02180440454308381
2021-02-23,444,0.8285122293268232,0.8428052901333459,-0.014293060806522767
2021-02-24,444,0.7327229519570406,0.7367310989084889,-0.00400814695144837
2021-02-25,457,0.7779484460112226,0.8308803909498654,-0.052931944938642825
2021-02-26,468,0.8847866462148017,1.0807839273923208,-0.19599728117751905
2021-03-01,459,1.2238935646995626,1.3077336217859201,-0.08384005708635738
2021-03-02,453,1.0037923730469136,1.0209167851644145,-0.01712441211750097
2021-03-03,457,1.1738355185019478,1.3364973531585924,-0.1626618346566445
2021-03-04,451,1.0735905041003775,1.3097443627506786,-0.23615385865030133
2021-03-05,459,0.8617756265844049,0.9860967377950595,-0.12432111121065448
2021-03-08,448,1.0898160028035828,1.1897444942927378,-0.09992849148915495
2021-03-09,442,0.9070253592039109,1.0193014708815016,-0.11227611167759081
2021-03-10,435,0.929738007728699,1.0461288088811407,-0.11639080115244158
2021-03-11,438,0.7352618462303515,0.9938831648632065,-0.2586213186328549
2021-03-12,460,0.7278615276824714,0.7580877584711311,-0.03022623078865973
2021-03-15,464,0.8142581170604734,0.7698786949400442,0.044379422120429175
2021-03-16,471,0.7444379507509609,0.7401024532998793,0.004335497451081377
2021-03-17,472,0.7940078508848936,0.7671255620489954,0.026882288835898206
2021-03-18,475,0.9105173783702348,0.8879273604851163,0.022590017885118555
2021-03-19,477,0.8557444487530366,0.8614048828349657,-0.005660434081929135
2021-03-22,474,0.7575914879552966,0.7614549334644163,-0.0038634455091196025
2021-03-23,473,1.1881043863997294,1.5010250915535674,-0.31292070515383813
2021-03-24,476,0.9933125726265766,1.3003151287629842,-0.30700255613640764
2021-03-25,461,0.7126771334032739,0.6858025751313048,0.02687455827196897
2021-03-26,452,0.5965215888402742,0.5828411874148692,0.013680401425405008
2021-03-29,449,0.7842945363999205,0.8279170077018114,-0.04362247130189094
2021-03-30,462,0.8883821095903267,0.960516496430977,-0.07213438684065043
2021-03-31,469,0.8067462386948251,0.9888621228713196,-0.18211588417649452
2021-04-01,471,0.6090976105885457,0.601889870347691,0.007207740240854584
2021-04-05,466,0.5770509931248301,0.5510997913799347,0.025951201744895347
2021-04-06,467,0.5873574654657985,0.5829001728431753,0.0044572926226231786
2021-04-07,467,0.6464674157490018,0.7128734241693838,-0.06640600842038197
2021-04-08,478,0.6007655911858585,0.6450190820992651,-0.044253490913406426
2021-04-09,476,0.5622073723559672,0.5555806268242615,0.006626745531705736
2021-04-12,473,0.6277419914396204,0.6693744839182257,-0.04163249247860522
2021-04-13,473,0.6656011458144022,0.7322623697946317,-0.06666122398022956
2021-04-14,478,0.6430963828514842,0.6799389181663222,-0.03684253531483813
2021-04-15,476,0.7207419494238051,0.6849720300488098,0.03576991937499533
2021-04-16,475,0.6097317324648418,0.6084330875327816,0.0012986449320602496
2021-04-19,471,0.6406179712459319,0.6394650013539355,0.001152969891996387
2021-04-20,474,0.7886644206351089,0.8571716114503106,-0.06850719081520171
2021-04-21,475,0.6670620346608123,0.6898801654975053,-0.022818130836693016
2021-04-22,478,0.7704482045299421,0.7725173337851865,-0.002069129255244457
2021-04-23,480,0.7042731653267276,0.7049416327883916,-0.0006684674616640018
2021-04-26,472,0.7519734632115728,0.8256062692393877,-0.07363280602781493
2021-04-27,462,0.7074400852347623,0.713420939216543,-0.005980853981780762
2021-04-28,462,0.7693773433689606,0.8365057247793327,-0.06712838141037211
2021-04-29,470,0.8183028119159581,0.8106700179588532,0.007632793957104927
2021-04-30,480,0.9089134485169535,0.9690225382406036,-0.06010908972365008
2021-05-03,471,0.8842053208156025,0.945301242577293,-0.06109592176169035
2021-05-04,461,0.8663546903169448,1.0257206510116472,-0.1593659606947023
2021-05-05,457,0.7970162409962208,0.9072833793994783,-0.1102671384032575
2021-05-06,464,0.6462333843789464,0.6526177026980569,-0.006384318319110429
2021-05-07,469,1.2422718395357297,1.1175026262524228,0.12476921328330703
2021-05-10,455,0.782484240126774,0.7253705002617077,0.05711373986506636
2021-05-11,448,0.5856163649747245,0.6340258162373857,-0.04840945126266125
2021-05-12,452,0.9257455159345523,1.08597274750867,-0.16022723157411753
2021-05-13,463,0.6534636211858239,0.6678062819159464,-0.014342660730122423
2021-05-14,466,0.6873003994152624,0.7130701219969043,-0.0257697225816419
2021-05-17,457,0.7436764957888734,0.7338635655268566,0.009812930262016779
2021-05-18,459,0.6471685517862926,0.6631996831929146,-0.016031131406621973
2021-05-19,460,0.6991266053785448,0.7477893707040084,-0.048662765325463625
2021-05-20,465,0.5525405606566891,0.5847759095292945,-0.03223534887260546
2021-05-21,468,0.5912208494504795,0.6193471024001287,-0.02812625294964931
2021-05-24,454,0.6040738938791613,0.6306255581456723,-0.026551664266511094
2021-05-25,441,0.5888417751785574,0.6450244456289304,-0.056182670450372924
2021-05-26,438,0.666927675066902,0.6924571739931723,-0.02552949892627023
2021-05-27,452,0.6305203336441819,0.6738990338613094,-0.04337870021712759
2021-05-28,455,0.6782096380514121,0.6864396177480836,-0.008229979696671412
2021-06-01,460,0.6213497708833371,0.653708347839358,-0.03235857695602095
2021-06-02,460,0.6089665364608441,0.6228285862224668,-0.013862049761622704
2021-06-03,470,0.6236882577869436,0.6679808752719781,-0.04429261748503454
2021-06-04,464,0.6302204890022067,0.6269133194421967,0.003307169560009876
2021-06-07,460,0.6481402773364733,0.661568978107211,-0.013428700770737803
2021-06-08,462,0.594938063291041,0.6046331854278517,-0.009695122136810744
2021-06-09,445,0.6226125958071403,0.6595099363180154,-0.03689734051087505
2021-06-10,447,0.5140640995317266,0.555855255593837,-0.04179115606211028
2021-06-11,447,0.5738696583754125,0.5411978802045823,0.03267177817083019
2021-06-14,468,0.7235888149145087,0.6926672569756157,0.03092155793889312
2021-06-15,473,1.1342725114596255,1.0754297228119918,0.05884278864763374
2021-06-16,473,0.6469454045109521,0.6494421546401328,-0.0024967501291807376
2021-06-17,476,0.5275168480954152,0.9695869328612969,-0.4420700847658817
2021-06-18,477,0.6896131298840038,0.7245281151849636,-0.03491498530095978
2021-06-21,473,0.5887367193768592,0.6566613776457816,-0.06792465826892248
2021-06-22,469,0.6213158417435188,0.6484957194081025,-0.0271798776645836
2021-06-23,470,0.6489605777789271,0.6504620513467424,-0.0015014735678154242
2021-06-24,459,0.6007131370187767,0.6143037031634968,-0.013590566144719995
2021-06-25,454,0.552080744352931,0.5622310669990873,-0.01015032264615632
2021-06-28,447,0.49439316392464516,0.5626823060473258,-0.06828914212268071
2021-06-29,459,0.5231573813330775,0.5501072887825016,-0.02694990744942404
2021-06-30,464,0.5942146394364781,0.603855604725812,-0.009640965289333968
2021-07-01,471,0.6900312722190914,0.6919722609317934,-0.0019409887127019483
2021-07-02,470,0.7406186924444634,0.7290359583714857,0.01158273407297758
2021-07-06,470,0.48191180241512244,0.533024293047229,-0.05111249063210656
2021-07-07,471,0.5092320317887636,0.5407926408355217,-0.03156060904675803
2021-07-08,478,0.5318390872362888,0.6360432894579603,-0.1042042022216715
2021-07-09,475,0.5571718744710371,0.512467042911898,0.044704831559139055
2021-07-12,472,0.6657731110033922,0.6527142352483795,0.013058875755012671
2021-07-13,471,0.7627950091735326,0.6989555865087765,0.06383942266475605
2021-07-14,477,0.9953960294681797,0.9391767864518209,0.05621924301635891
2021-07-15,475,0.6009587405367053,0.5962904296731457,0.004668310863559535
2021-07-16,475,0.6783862806907297,1.1824734712316423,-0.5040871905409126
2021-07-19,472,0.9907198685365975,1.3029704863608575,-0.31225061782426006
2021-07-20,475,0.6737238727160638,1.1975421579823358,-0.5238182852662719
2021-07-21,473,0.5918080113286592,0.653444282961844,-0.0616362716331847
2021-07-22,476,0.6035027853957795,0.6649552228156039,-0.06145243741982445
2021-07-23,477,0.5601751832179311,0.5553682215509806,0.004806961666950441
2021-07-26,470,0.6328714467483284,0.7340006295952612,-0.10112918284693281
2021-07-27,458,0.6910865655018329,0.7406579695387854,-0.04957140403695257
2021-07-28,458,0.6782489869266525,0.7237676318909312,-0.045518644964278834
2021-07-29,468,0.7084751416559537,0.7358709313079739,-0.0273957896520201
2021-07-30,480,0.7048520347603173,0.723251587219195,-0.018399552458877817
2021-08-02,475,0.6940193988803001,0.7421260848088437,-0.04810668592854368
2021-08-03,469,0.6350364154577606,0.6544672059961575,-0.019430790538396907
2021-08-04,460,0.6990978133232468,0.7197187948449468,-0.020620981521700072
2021-08-05,465,0.7312876242827878,0.7641272128194978,-0.03283958853670999
2021-08-06,466,0.6700998572036346,0.664277566901727,0.005822290301907522
2021-08-09,454,0.6682600888350764,0.6572697040316031,0.010990384803473315
2021-08-10,446,0.527412451709863,0.5115381832660648,0.015874268443798127
2021-08-11,449,0.580902520958348,0.5758217201025713,0.005080800855776694
2021-08-12,461,0.7227831826695458,0.7209519401042311,0.0018312425653146443
2021-08-13,464,0.7404746048735307,0.7200988887606564,0.020375716112874163
2021-08-16,455,0.8577195292404265,0.8776717973930871,-0.01995226815266054
2021-08-17,460,0.5778808618895789,0.5717343786917788,0.0061464831978000805
2021-08-18,462,0.4820627090129546,0.5275113304574921,-0.04544862144453747
2021-08-19,471,0.7788527957796878,0.9654420894581475,-0.18658929367845967
2021-08-20,472,0.8131638123582581,0.7460569837751758,0.06710682858308237
2021-08-23,471,0.5387334811472829,0.5471180357611856,-0.0083845546139027
2021-08-24,468,0.5097501262183586,0.5069807225643974,0.002769403653961202
2021-08-25,462,0.48949359886231475,0.4880760629345021,0.0014175359278125964
2021-08-26,444,0.45373895393870467,0.43564059366043767,0.018098360278266976
2021-08-27,446,0.5548317323541737,0.5456132050446807,0.009218527309493057
2021-08-30,440,0.525027865914956,0.5198422269556757,0.0051856389592802934
2021-08-31,458,0.4838664067755114,0.48726191416467257,-0.003395507389161222
2021-09-01,455,0.5220745511766145,0.5186039128843011,0.0034706382923134884
2021-09-02,466,0.6206793516399112,0.6273855760655958,-0.006706224425684639
2021-09-03,455,0.642278650139751,0.6908115776793771,-0.048532927539625986
2021-09-07,458,0.606585201064576,0.592469377999747,0.01411582306482909
2021-09-08,460,0.6663242409044462,0.6370970932123383,0.029227147692107908
2021-09-09,450,0.6342317606198571,0.5702670294980888,0.06396473112176826
2021-09-10,445,0.5790418376729717,0.5936622818051784,-0.014620444132206773
2021-09-13,444,0.5302028861486255,0.5271300035964787,0.003072882552146853
2021-09-14,468,0.5469092830207891,0.575139037442292,-0.028229754421502946
2021-09-15,474,0.9448599729999874,0.9397454402915496,0.005114532708437825
2021-09-16,475,0.9585585190506875,1.0417713418161805,-0.08321282276549286
2021-09-17,476,0.5405442618090802,0.5255635320744154,0.014980729734664707
2021-09-20,472,0.7974793692381201,0.6855064519198255,0.11197291731829462
2021-09-21,472,0.9417779508262436,0.8392760110654328,0.10250193976081069
2021-09-22,471,0.9204658298000595,0.92496116672843,-0.004495336928370438
2021-09-23,476,0.9536577090322549,0.9569070944891466,-0.0032493854568916153
2021-09-24,458,0.9072519056473735,0.9672173439007017,-0.059965438253328264
2021-09-27,448,1.0832633820553936,1.1283423066189737,-0.0450789245635801
2021-09-28,447,0.5624481730492719,0.5570913894843446,0.00535678356492732
2021-09-29,462,0.729580073432838,0.7305977208723448,-0.0010176474395067279
2021-09-30,471,0.6526735771291629,0.6377009343958844,0.014972642733278398
2021-10-01,472,0.5605931107256767,0.5525559166301232,0.008037194095553622
2021-10-04,466,0.6582898837581467,0.6701097147413374,-0.011819830983190803
2021-10-05,468,0.5596973337567535,0.5457273529194305,0.013969980837322801
2021-10-06,469,0.602071700884641,0.6012897996914358,0.0007819011932052917
2021-10-07,481,0.6334739353085995,0.6652041354030496,-0.031730200094449997
2021-10-08,480,0.5813152301532587,0.5820244008846249,-0.0007091707313662147
2021-10-11,471,0.7190843830400033,0.7018674641670211,0.01721691887298229
2021-10-12,470,0.8132332468326932,0.7939381499154259,0.019295096917267315
2021-10-13,473,0.7725856672064041,0.756025943020518,0.016559724185886106
2021-10-14,481,0.5524735000426274,0.5875149205081773,-0.03504142046554999
2021-10-15,481,0.5863489368746218,0.5621336323374341,0.024215304537187718
2021-10-18,475,0.6643438921938021,0.6738638513149605,-0.009519959121158501
2021-10-19,475,0.6440251723839101,0.6629272330380827,-0.018902060654172582
2021-10-20,475,0.5945969916951612,0.6098201250594582,-0.015223133364296914
2021-10-21,480,0.5659462162923942,0.564050795591649,0.0018954207007451905
2021-10-22,480,0.7678664405098302,0.803691213649863,-0.035824773140032753
2021-10-25,472,0.7779397255426714,0.7914125774949999,-0.013472851952328519
2021-10-26,460,0.8423467679834125,0.8333034965497668,0.009043271433645621
2021-10-27,458,0.8025626789318462,0.848825351035276,-0.04626267210342984
2021-10-28,465,0.7327234705522346,0.721600177836182,0.011123292716052625
2021-10-29,478,0.8551829194563878,0.8882321137668343,-0.03304919431044644
2021-11-01,471,0.8596081052566357,0.8490187155248601,0.010589389731775567
2021-11-02,469,0.9492073357975399,0.9265109527710704,0.022696383026469563
2021-11-03,467,0.8176569788358496,0.7994991348919078,0.018157843943941827
2021-11-04,467,0.7140037191126193,0.70628342996108,0.007720289151539403
2021-11-05,452,0.6247395137832301,0.6297863298910527,-0.005046816107822612
2021-11-08,454,0.6133723741335951,0.6117445748222778,0.0016277993113173429
2021-11-09,448,0.5834113656974216,0.5682183772934841,0.015192988403937405
2021-11-10,461,0.5800618116122779,0.6066062220530933,-0.02654441044081542
2021-11-11,454,0.6220084019342836,0.6324703025125026,-0.01046190057821899
2021-11-12,464,0.5743629621558797,0.5588209829381616,0.015541979217718025
2021-11-15,455,0.6778502757567526,0.674088736006746,0.003761539750006677
2021-11-16,459,0.7913502336027312,0.7618369609555843,0.02951327264714703
2021-11-17,458,0.6772376565124673,0.6735955208679247,0.003642135644542477
2021-11-18,468,0.6661251431165451,0.6605620229989262,0.005563120117618867
2021-11-19,464,0.6916025187806523,0.6986418554799629,-0.007039336699310637
2021-11-22,467,0.9090417256020122,0.8002139103217554,0.10882781528025683
2021-11-23,462,0.920194097296496,0.802251003115736,0.11794309418075993
2021-11-24,449,1.6096617663201223,1.6892760188102394,-0.0796142524901169
2021-11-26,447,1.196340092437598,1.089859383333239,0.10648070910435883
2021-11-29,439,0.8113794458016984,0.7300222775872833,0.08135716821441512
2021-11-30,456,0.7452240903798479,0.7379277743861891,0.007296315993658866
2021-12-01,458,1.2079903022459475,1.0282948820383955,0.17969542020755183
2021-12-02,472,0.838737241932416,1.0038619270828675,-0.16512468515045162
2021-12-03,470,1.0189580193138523,1.2450396878644718,-0.22608166855061948
2021-12-06,459,0.5893070124942045,0.5935286205790185,-0.004221608084814123
2021-12-07,461,0.6094791063299675,0.6343891698484944,-0.024910063518526863
2021-12-08,462,0.8124554070667342,0.7826980689533629,0.029757338113371275
2021-12-09,457,0.7225736521904828,0.706324261961381,0.01624939022910188
2021-12-10,453,0.7248038577201145,0.6986514109353938,0.026152446784720607
2021-12-13,450,0.7273819080974065,0.7362159037641871,-0.008833995666780397
2021-12-14,465,0.6108754790586822,0.6944967031730184,-0.08362122411433603
2021-12-15,468,1.0213633100534303,0.9728589585124618,0.04850435154096844
2021-12-16,471,0.7599084269609803,0.7496025160500934,0.010305910910886916
2021-12-17,471,0.6280644799953947,0.701113612996284,-0.07304913300088924
2021-12-20,474,1.0905013368340137,1.3055421923391801,-0.21504085550516636
2021-12-21,475,0.7630755001884023,0.6156342272754513,0.14744127291295114
2021-12-22,481,0.5983724430255793,0.5037761178286786,0.09459632519690073
2021-12-23,481,0.5772779901633583,0.532699222202468,0.04457876796089032
2021-12-27,467,0.4315564840692423,0.4538607047874709,-0.022304220718228625
2021-12-28,456,0.40437957908266253,0.3582725053534761,0.04610707372918641
2021-12-29,453,0.5486568888816321,0.5331500504356493,0.015506838445982742
2021-12-30,467,0.9582991424323222,1.03224687933382,-0.07394773690149785
2021-12-31,476,1.3176759600860748,1.3410339258228234,-0.023357965736748792
2022-01-03,471,1.0853957204669527,1.0286800103668645,0.05671571010008806
2022-01-04,467,1.149131652378393,1.0515787901815137,0.09755286219687909
2022-01-05,469,0.8026900829608963,0.7951929287771001,0.007497154183796206
2022-01-06,478,0.6685349618595539,0.7805308341531234,-0.11199587229356957
2022-01-07,484,0.567167035074506,0.6329183474816067,-0.06575131240710075
2022-01-10,477,0.6039098918248444,0.66650930187591,-0.0625994100510655
2022-01-11,474,0.8148774284466025,0.7965149441349471,0.0183624843116554
2022-01-12,472,1.1689096625082065,1.153250448038798,0.015659214469408312
2022-01-13,477,1.1760706911880539,0.9293908750894989,0.24667981609855508
2022-01-14,473,1.485734771075062,1.105606879630691,0.38012789144437104
2022-01-18,475,1.4467886218356516,1.1228763862105073,0.3239122356251443
2022-01-19,477,0.8738591228998318,0.7454438175615145,0.12841530533831735
2022-01-20,483,0.9777221385874583,1.0110234155863893,-0.033301276998930984
2022-01-21,482,0.8414940560633077,0.9583706875054857,-0.11687663144217793
2022-01-24,481,1.2730787382389037,1.4473517413227883,-0.1742730030838847
2022-01-25,471,0.8035920122585741,0.8300018448305096,-0.026409832571935504
2022-01-26,466,1.1459878900326548,1.3256620943699118,-0.17967420433725723
2022-01-27,466,1.4849980501472368,1.6693613476750437,-0.18436329752780697
2022-01-28,475,1.0430424207006268,0.972515742456351,0.07052667824427579
2022-01-31,476,0.8407705359842251,0.8931246498832389,-0.05235411389901385
2022-02-01,471,0.898840440560945,1.0293543992659855,-0.13051395870504037
2022-02-02,468,0.9680801249879221,1.1003013216583029,-0.1322211966703808
2022-02-03,472,0.845933804716371,0.8423745227452268,0.0035592819711441934
2022-02-04,471,0.8950389724770934,0.8005582844138927,0.09448068806320081
2022-02-07,463,0.7061182677771766,0.7042393802827138,0.001878887494462729
2022-02-08,456,0.8610622303443547,0.8282080368258341,0.032854193518520466
2022-02-09,456,1.4044496678833223,1.4259569971577013,-0.02150732927437904
2022-02-10,462,0.6618458774577285,0.6369080981144839,0.024937779343244506
2022-02-11,467,0.7635307534643412,0.7578806106761424,0.005650142788198786
2022-02-14,458,0.7397805939773552,0.8654767955695587,-0.1256962015922036
2022-02-15,456,1.022947314772033,1.1979809594523494,-0.17503364468031662
2022-02-16,456,1.2972949011834585,1.4686246389245827,-0.17132973774112423
2022-02-17,472,1.2418448605121108,1.4313576431840622,-0.18951278267195126
2022-02-18,468,1.0072372439948538,1.035045531102653,-0.027808287107799017
2022-02-22,458,0.9024143423149231,0.8544306433715293,0.04798369894339389
2022-02-23,444,1.381222997747765,1.1697210893187966,0.21150190842896818
2022-02-24,450,1.0794611030674834,1.058617620236332,0.020843482831151526
2022-02-25,460,0.9111869844693682,0.9288706289087831,-0.017683644439414965
2022-02-28,464,0.9370208980962479,0.930979825912645,0.006041072183602802
2022-03-01,463,1.1589385279047288,1.1715311432393263,-0.012592615334597608
2022-03-02,462,2.252126591532521,2.2050509919340207,0.047075599598500245
2022-03-03,468,1.8864389956016054,2.121660721782345,-0.2352217261807396
2022-03-04,459,0.8528311154084524,0.7815671152772024,0.0712640001312501
2022-03-07,449,0.9807848625725566,1.2479359222111157,-0.2671510596385591
2022-03-08,452,0.7637498251700586,0.807321243669,-0.04357141849894149
2022-03-09,445,1.1066220491455916,1.2196958914135645,-0.11307384226797282
2022-03-10,452,0.8167945722151165,0.7902814623434413,0.026513109871675072
2022-03-11,448,1.213354446636206,1.2961967636216143,-0.08284231698540831
2022-03-14,466,1.6696892635382161,1.703667955431243,-0.03397869189302667
2022-03-15,472,1.446089946847403,1.3523468833986234,0.09374306344877986
2022-03-16,474,0.7689279411091332,0.7132411533924835,0.055686787716649644
2022-03-17,480,0.5969800166035258,0.5412644431424849,0.05571557346104092
2022-03-18,479,0.7907522181834129,0.8501836759396961,-0.05943145775628331
2022-03-21,476,0.60636930813356,0.6020334899339288,0.004335818199631403
2022-03-22,475,0.7362869038488503,0.729115239758775,0.0071716640900752835
2022-03-23,477,0.7090605381422828,0.700860359559097,0.008200178583185648
2022-03-24,484,0.7873229728297421,0.7927037646356124,-0.005380791805870436
2022-03-25,465,0.6543464090017119,0.6248113395726675,0.02953506942904434
2022-03-28,456,0.6607574436730942,0.6987671013021334,-0.038009657629039295
2022-03-29,453,1.0026643718184922,1.0745962057229725,-0.07193183390448044
2022-03-30,469,0.6774583646748021,0.6934212925008247,-0.01596292782602263
2022-03-31,474,0.6792477343112554,0.7211016414910225,-0.041853907179767044
2022-04-01,476,0.9136948414102827,0.9214277070690201,-0.007732865658737364
2022-04-04,470,1.183466665656847,1.2693083448230789,-0.08584167916623159
2022-04-05,469,0.985024821828832,0.900461735766932,0.08456308606190001
2022-04-06,469,0.6917376721474511,0.6693850498385725,0.022352622308878488
2022-04-07,477,0.8044295882370408,0.7091860796069736,0.09524350863006721
2022-04-08,477,0.6402979641276241,0.6386701000657599,0.0016278640618641901
2022-04-11,476,0.6680863047260381,0.7117746498084573,-0.043688345082419214
2022-04-12,479,0.6358840798668731,0.6522085222432191,-0.016324442376346015
2022-04-13,484,0.6064805043750949,0.6129236789477168,-0.0064431745726218695
2022-04-14,483,0.8776680878212764,1.174223750660536,-0.29655566283925977
2022-04-18,477,0.9219045187770412,0.9709308215836676,-0.0490263028066264
2022-04-19,479,1.5351259118113292,1.4503792183672586,0.08474669344407049
2022-04-20,479,1.554962470746609,1.4134400269647656,0.14152244378184364
2022-04-21,483,1.8585163884620879,1.433515903311359,0.4250004851507291
2022-04-22,483,0.9825300766809334,0.9491750252928216,0.033355051388111824
2022-04-25,477,0.8925428753681299,0.9045494648337022,-0.01200658946557226
2022-04-26,468,0.9485407401292254,1.067686218784492,-0.11914547865526656
2022-04-27,468,0.9761659506570622,0.963851908266425,0.012314042390637239
2022-04-28,476,1.0953008219218856,1.293321152734153,-0.1980203308122674
2022-04-29,485,1.3290501485205752,1.3421321224231093,-0.013081973902534225
2022-05-02,479,1.016529567033598,1.0151726439045714,0.0013569231290265769
2022-05-03,472,1.2643494537005187,1.369778285216459,-0.10542883151594035
2022-05-04,466,3.038957902101177,2.502237605363744,0.5367202967374332
2022-05-05,471,1.7625954159857395,1.439126528083941,0.32346888790179873
2022-05-06,473,1.8193054802449915,1.301817392490652,0.5174880877543394
2022-05-09,463,0.8164676327407657,0.802965135112149,0.013502497628616715
2022-05-10,450,0.7639350227661281,0.7608430462192834,0.003091976546844673
2022-05-11,452,0.8685523422480315,1.088521634514294,-0.21996929226626277
2022-05-12,463,1.2011959321053487,1.5412969599288031,-0.3401010278234544
2022-05-13,470,1.1643553824074762,0.9261751742712032,0.23818020813627303
2022-05-16,459,1.0991019656549197,0.9753144749742673,0.12378749068065245
2022-05-17,464,1.6208310538268236,1.353354150901722,0.2674769029251017
2022-05-18,466,0.7816378902992146,1.5437638984357447,-0.7621260081365301
2022-05-19,473,0.9877766605453857,1.138486621383683,-0.15070996083829738
2022-05-20,473,0.8579127080883008,1.0473439393422657,-0.18943123125396502
2022-05-23,468,0.8409419504136667,1.1406366320753845,-0.2996946816617177
2022-05-24,460,1.8563274379322254,2.3687428332054963,-0.5124153952732707
2022-05-25,445,1.1001202244434376,1.0599297161335326,0.040190508309905046
2022-05-26,451,0.6154408492833771,0.6983459833351852,-0.0829051340518081
2022-05-27,450,0.670148923387741,0.6739085975944274,-0.0037596742066864034
2022-05-31,463,0.7266367852103762,0.7040074199594751,0.022629365250901107
2022-06-01,465,0.6244188767897814,0.6012266047040055,0.023192272085776008
2022-06-02,475,0.603889023651797,0.6745312687045621,-0.0706422450527651
2022-06-03,474,0.6132483340288956,0.6020550683051491,0.011193265723746432
2022-06-06,460,1.0867540803931626,1.1710686713415337,-0.08431459094837132
2022-06-07,464,2.4465464380839386,2.69614080595103,-0.24959436786709133
2022-06-08,466,3.6355286963749234,3.646061815798929,-0.010533119424004958
2022-06-09,458,2.9265885674364474,2.2796802691375646,0.6469082982988827
2022-06-10,455,1.3993938079251151,1.918510036344509,-0.5191162284193939
2022-06-13,451,1.3155855564619596,1.2065696594905309,0.10901589697142883
2022-06-14,472,1.1366338627954664,1.226410222870276,-0.0897763600748095
2022-06-15,474,0.9624450183913784,1.0908681850030975,-0.12842316661171918
2022-06-16,479,0.8897319439882937,1.0960264398113893,-0.2062944958230956
2022-06-17,478,1.1898898113458665,1.4117349744658219,-0.22184516311995534
2022-06-21,477,1.3914126633082033,1.3274345350683354,0.06397812823986788
2022-06-22,477,1.101508606995205,1.282938978181342,-0.18143037118613703
2022-06-23,482,0.7431361200953971,0.8121292260633401,-0.068993105967943
2022-06-24,468,1.0457937517700056,1.077828776969247,-0.032035025199241486
2022-06-27,455,1.191133249944626,1.1465504297500757,0.04458282019455049
2022-06-28,451,0.8844030782334839,0.8476876546200233,0.036715423613460564
2022-06-29,464,0.7749533443150033,0.7589899902759953,0.015963354039007806
2022-06-30,476,0.7509458665122833,0.7960643974695609,-0.04511853095727766
2022-07-01,473,0.7786476052923558,0.7616385862111802,0.01700901908117554
2022-07-05,472,0.5778023043413412,0.7226548245875369,-0.14485252024619588
2022-07-06,474,0.5426958179062221,0.6475034268522997,-0.10480760894607759
2022-07-07,480,0.8275673298615449,0.8830940573405194,-0.05552672747897434
2022-07-08,485,0.8692281925808915,0.9068743895570133,-0.03764619697612184
2022-07-11,480,0.9164178503404709,0.8534083300727968,0.06300952026767402
2022-07-12,480,0.5830634398950879,0.6163515161033445,-0.03328807620825663
2022-07-13,479,0.5938486932206435,0.6162598292705056,-0.022411136049862054
2022-07-14,481,1.4195772194149927,1.3310666079581182,0.08851061145687478
2022-07-15,480,1.154142836800439,1.1841754659970591,-0.030032629196620222
2022-07-18,476,1.5139207769650354,1.5308055699582466,-0.016884792993211425
2022-07-19,479,0.6823690043184973,0.6918042957733058,-0.009435291454808424
2022-07-20,481,0.7158781407250849,0.7038281178672465,0.012050022857838317
2022-07-21,484,1.0004706684281435,1.020160583217511,-0.019689914789367317
2022-07-22,484,0.7321127422854473,0.7136024367980566,0.018510305487390858
2022-07-25,475,1.0670775229152638,1.187447990767857,-0.12037046785259314
2022-07-26,464,1.7139329036450879,2.0137984597859258,-0.29986555614083754
2022-07-27,464,1.0345348212275793,1.0473715980421718,-0.012836776814592589
2022-07-28,473,0.7041726709463455,0.7029725588132334,0.001200112133112099
2022-07-29,486,0.8204183900820614,0.8148614494016364,0.00555694068042501
2022-08-01,481,0.9421307927260535,0.9392029475238877,0.0029278452021657482
2022-08-02,475,0.7960399540445238,0.7714618897553828,0.024578064289140993
2022-08-03,472,0.6693029131796924,0.6715160634350612,-0.0022131502553688455
2022-08-04,472,0.8364520524320863,0.8391921117908381,-0.00274005935875186
2022-08-05,474,0.7540227589376349,0.6969324465233874,0.05709031241424753
2022-08-08,463,0.7882436073129185,0.7374981335637323,0.05074547374918631
2022-08-09,453,1.2532912344698437,1.1835258285128776,0.0697654059569662
2022-08-10,455,0.6513205846501743,0.7718605058416886,-0.12053992119151431
2022-08-11,461,0.6654272791841942,0.6017013386185902,0.06372594056560403
2022-08-12,468,0.6387072839224024,0.5750083567243509,0.06369892719805141
2022-08-15,456,0.6490355435570104,0.6419774272320984,0.007058116324912046
2022-08-16,462,0.9647605621838069,0.9523933280182896,0.012367234165517386
2022-08-17,467,1.2365556580358816,1.3017943952718163,-0.06523873723593479
2022-08-18,478,1.4071936427193026,1.520482012337582,-0.11328836961827934
2022-08-19,478,0.8386990011991605,0.7356915104308732,0.10300749076828726
2022-08-22,477,0.6660695228993297,0.6793495217245069,-0.013279998825177133
2022-08-23,475,0.6909522245371936,0.7093663152860782,-0.01841409074888453
2022-08-24,475,0.9095229248745257,0.8704886225722382,0.03903430230228747
2022-08-25,465,1.7725065405015956,1.7811828701578922,-0.008676329656296628
2022-08-26,453,0.9009676964151079,0.5905360842856332,0.3104316121294746
2022-08-29,443,0.8811145917007022,0.9049650865923934,-0.023850494891691276
2022-08-30,453,0.7359268482192293,0.60693371726566,0.1289931309535692
2022-08-31,462,0.7171457447851597,0.7689998905507405,-0.05185414576558075
2022-09-01,471,0.5681994375901364,0.6760009939856005,-0.10780155639546422
2022-09-02,458,0.9389230947490884,1.0504146049188954,-0.11149151016980706
2022-09-06,462,1.4049503546383433,1.6818108486615246,-0.2768604940231812
2022-09-07,467,0.9641932881471637,1.2020234432914751,-0.23783015514431166
2022-09-08,479,0.7711578113727985,0.7838793293549084,-0.012721517982109937
2022-09-09,460,1.1738626396506096,0.90891033482901,0.26495230482159965
2022-09-12,448,1.7638004517570018,1.4193357623902076,0.3444646893667943
2022-09-13,452,0.9397801395352656,0.8899248115054084,0.04985532802985723
2022-09-14,472,0.8044157145347662,0.7859570412261144,0.01845867330865184
2022-09-15,481,0.892153612591281,0.8040650768616957,0.08808853572958533
2022-09-16,479,0.9559730626344276,1.1514522214791756,-0.19547915884474795
2022-09-19,479,1.7001117729455673,2.22064414084234,-0.5205323678967732
2022-09-20,478,1.803426840506546,1.9715733948928236,-0.16814655438627765
2022-09-21,481,1.7458467177997636,1.9769651185435513,-0.23111840074378742
2022-09-22,483,1.2678693761376572,1.6603138432160354,-0.3924444670783782
2022-09-23,486,0.6689578848217875,0.7912752563329742,-0.12231737151118663
2022-09-26,463,0.7570964455420905,1.2537706467179603,-0.4966742011758699
2022-09-27,455,0.8187871868455756,1.2954602498445762,-0.47667306299900086
2022-09-28,453,0.7436211713006784,0.7861053585127225,-0.04248418721204395
2022-09-29,474,1.594846669146115,1.4470445815536406,0.14780208759247448
2022-09-30,481,1.936249239177261,1.7013372350176765,0.23491200415958474
2022-10-03,470,0.9216333949385117,0.8304039204828442,0.0912294744556675
2022-10-04,469,1.5167401404057055,1.2941414673965779,0.22259867300912753
2022-10-05,471,1.5679106875188613,1.762229641574848,-0.1943189540559866
2022-10-06,484,1.5037747028735087,1.5608238310338374,-0.057049128160328796
2022-10-07,486,0.9482685091986163,0.8849567304106882,0.06331177878792793
2022-10-10,480,0.7047872410319681,0.7279930361513071,-0.023205795119338915
2022-10-11,478,0.8255178662035002,0.9294005746955581,-0.10388270849205793
2022-10-12,479,0.8262214755424131,0.6995293635489314,0.1266921119934818
2022-10-13,483,0.6696813418605189,0.657739187348437,0.011942154512081837
2022-10-14,486,0.8980477216248987,0.9579903733240269,-0.05994265169912834
2022-10-17,480,0.8935135210400831,0.8494706112833127,0.044042909756770374
2022-10-18,481,0.9346291537233279,0.9396801092201534,-0.005050955496825543
2022-10-19,481,0.8553466207797854,0.819809897852625,0.035536722927160404
2022-10-20,487,1.6371150446104212,1.4893549560198276,0.14776008859059359
2022-10-21,486,1.0347449470391106,1.1394874589919386,-0.10474251195282828
2022-10-24,483,0.9927517094618103,0.9970968416078361,-0.004345132146025732
2022-10-25,476,1.1717464225617613,1.194324710108595,-0.02257828754683351
2022-10-26,468,0.9896964152665817,0.9558580618111981,0.03383835345538353
2022-10-27,469,0.8898302581111277,0.8213376765371224,0.06849258157400523
2022-10-28,477,1.1879286561991578,1.2051492273820703,-0.01722057118291252
2022-10-31,480,1.346046580384762,1.4970398881310791,-0.15099330774631697
2022-11-01,474,1.2424741351774475,1.3143802392274146,-0.07190610404996717
2022-11-02,471,1.1253328163997731,1.1819990297436243,-0.0566662133438512
2022-11-03,475,1.2006134171926017,1.2377450129796477,-0.037131595787045675
2022-11-04,465,0.8626701129919908,0.8350470624338087,0.027623050558182215
2022-11-07,456,1.6327225453940726,1.5948231667007773,0.03789937869329549
2022-11-08,459,1.964299559598829,2.040570593945477,-0.07627103434664767
2022-11-09,462,2.1166906031411026,2.346305247673903,-0.2296146445327998
2022-11-10,467,0.9405512879899144,1.0295807516835564,-0.08902946369364213
2022-11-11,457,0.8181763083578412,0.7504603497696299,0.06771595858821126
2022-11-14,457,0.7514371976344185,0.6689140006691984,0.08252319696522005
2022-11-15,460,0.8669446703453233,0.8256899302866219,0.04125474005870145
2022-11-16,464,0.7916760069906833,0.7329980816882974,0.058677925302385976
2022-11-17,472,0.8535927687995258,0.8395948896787123,0.01399787912081343
2022-11-18,470,0.7096982863949294,0.6650725154598248,0.044625770935104454
2022-11-21,470,0.7359966399976342,0.7526092000969647,-0.016612560099330643
2022-11-22,476,0.6051235539790621,0.5706392597735357,0.034484294205526525
2022-11-23,472,0.6006564537336941,0.601852376617249,-0.0011959228835548797
2022-11-25,455,0.6666067753180793,0.6260438120651383,0.04056296325294114
2022-11-28,440,1.0089125278619349,1.0093021163452622,-0.00038958848332718124
2022-11-29,446,0.9934572308417507,1.0014429228863737,-0.007985692044622846
2022-11-30,467,0.8173385004752761,0.731310674286973,0.08602782618830304
2022-12-01,477,1.046826269059944,1.032901882500113,0.013924386559830903
2022-12-02,477,1.0973015105930832,1.1000568730009812,-0.0027553624078979896
2022-12-05,463,0.7338539135236484,0.6970477674363855,0.03680614608726292
2022-12-06,466,0.6589714192181392,0.6807413971838263,-0.021769977965687158
2022-12-07,469,0.7341012677016119,0.6672423666641174,0.06685890103749434
2022-12-08,478,0.7528530182534792,0.7140611869647105,0.03879183128876866
2022-12-09,462,0.7542234809217291,0.7551234172755606,-0.0008999363538315708
2022-12-12,451,0.872254882715021,0.8049054697282338,0.0673494129867873
2022-12-13,451,1.1826545115894334,0.9949724294616091,0.18768208212782428
2022-12-14,465,1.2726240161850448,1.1989261565818683,0.0736978596031765
2022-12-15,474,0.7355030308633759,0.7684672806280561,-0.032964249764680126
2022-12-16,476,0.6214632374739223,0.7016384074740228,-0.08017517000010055
2022-12-19,481,0.5820089356440924,0.5639233718444633,0.01808556379962918
2022-12-20,482,0.6057078487138193,0.6223884557465429,-0.01668060703272351
2022-12-21,484,0.638193218660979,0.5781808194345602,0.06001239922641875
2022-12-22,483,0.5541200376701447,0.6548723691307134,-0.10075233146056889
2022-12-23,465,0.5259796724194069,0.5245242052844413,0.001455467134965575
2022-12-27,454,0.543681950319995,0.5969723647062692,-0.05329041438627413
2022-12-28,454,0.6887715247446038,0.6407229231766768,0.048048601567927
2022-12-29,471,0.723321304581317,0.846090279365433,-0.12276897478411597
2022-12-30,476,0.8221105343426582,0.840594064363481,-0.018483530020822838
2023-01-03,474,1.083929015015936,1.1879776989740818,-0.10404868395814591
2023-01-04,470,0.8126671660380178,0.9031551771379995,-0.09048801109998181
2023-01-05,479,1.1607036707946818,1.332115740380053,-0.17141206958537106
2023-01-06,481,0.9414567362549606,1.062695629528932,-0.12123889327397151
2023-01-09,482,0.9744149961666048,1.0352113547046724,-0.06079635853806761
2023-01-10,478,0.8546767614745069,0.9479764956898403,-0.0932997342153334
2023-01-11,478,0.6878676732055131,0.7348899356864861,-0.04702226248097304
2023-01-12,484,0.6954883000851201,0.7811045138093295,-0.08561621372420956
2023-01-13,480,0.9223505227664666,0.9054284058359715,0.0169221169304951
2023-01-17,477,0.6571981973023558,0.6526980884039767,0.004500108898379139
2023-01-18,477,0.8277262253490868,0.9228672697255016,-0.09514104437641491
2023-01-19,481,1.0159153306786226,1.0154168380940518,0.0004984925845708869
2023-01-20,485,0.7186480994646828,0.951348739652582,-0.23270064018789927
2023-01-23,483,0.71691315645244,0.7257107638977405,-0.008797607445300289
2023-01-24,486,0.7774889347776759,0.8277992013672195,-0.050310266589543566
2023-01-25,480,0.6381541635888669,0.6494062739877476,-0.011252110398880832
2023-01-26,475,0.6793201782373959,0.7248403137197844,-0.045520135482388625
2023-01-27,475,0.8382897793220196,0.8266834182763136,0.0116063610457059
2023-01-30,478,1.6950593317664764,1.831397718126344,-0.1363383863598674
2023-01-31,480,0.9847897527706897,1.1686734158203398,-0.18388366304965004
2023-02-01,475,0.7152557894110692,0.7070993170417902,0.008156472369278958
2023-02-02,476,0.7300111533953176,0.7043228728015264,0.025688280593791288
2023-02-03,475,0.7109097880057353,0.6889192383017368,0.02199054970399841
2023-02-06,467,0.7982569976411821,0.7709130368320817,0.027343960809100353
2023-02-07,464,0.8081347661399442,0.7504027977065868,0.057731968433357386
2023-02-08,464,0.67040735509178,0.7126718408267669,-0.04226448573498699
2023-02-09,467,0.6548941120587313,0.695562864382468,-0.04066875232373682
2023-02-10,467,0.8868605666760065,0.9119034358915514,-0.025042869215544855
2023-02-13,459,0.7137864818548243,0.6958639142186053,0.01792256763621912
2023-02-14,460,0.6947836535339673,0.6768944333436381,0.01788922019032927
2023-02-15,462,1.0678200447709019,0.9714836255409446,0.09633641922995734
2023-02-16,472,0.8469076509072155,0.7335700183303945,0.11333763257682107
2023-02-17,469,0.7527424182290706,0.7075347698890468,0.04520764834002384
2023-02-21,466,0.7070114044135023,0.7271088261220239,-0.020097421708521593
2023-02-22,455,0.6554575465596131,0.6596476108942945,-0.004190064334681367
2023-02-23,452,0.6190118165974371,0.6388945875954933,-0.019882770998056267
2023-02-24,455,0.6622520966521694,0.67589092901931,-0.013638832367140542
2023-02-27,459,0.6407803539638516,0.6484384284186643,-0.007658074454812728
2023-02-28,468,0.782533861764122,0.8275283537205049,-0.04499449195638304
2023-03-01,467,0.7494977840505959,0.8009693664409633,-0.051471582390367344
2023-03-02,471,0.5684358192856241,0.5757421244879115,-0.007306305202287361
2023-03-03,472,0.6750592382094504,0.6245687275978943,0.05049051061155599
2023-03-06,454,1.047885201090863,0.965424368563647,0.08246083252721599
2023-03-07,457,1.2199868925328428,1.0729224361847571,0.14706445634808557
2023-03-08,461,1.6868247136873031,1.6269096709894235,0.05991504269787947
2023-03-09,456,0.9390767696186559,1.0152527658221404,-0.0761759962034843
2023-03-10,458,1.1251746920860404,1.1663688212654024,-0.04119412917936202
2023-03-13,445,0.8200115487465425,0.9136455129723635,-0.09363396422582096
2023-03-14,468,0.8908865758613609,0.9441217356978169,-0.053235159836456
2023-03-15,468,0.6526567339281516,0.6965890485643924,-0.043932314636240824
2023-03-16,479,0.646610276192113,0.647887783852409,-0.0012775076602959633
2023-03-17,481,0.6606898201510187,0.7242330980154817,-0.06354327786446315
2023-03-20,480,0.7549140464922277,0.7540554263667278,0.0008586201254999227
2023-03-21,483,0.7526131244897855,0.7157702943305175,0.03684283015926794
2023-03-22,486,0.6231534248958733,0.5332514247587408,0.0899020001371325
2023-03-23,487,0.7484519770666167,0.7554219882972091,-0.006970011230592315
2023-03-24,488,0.8032765490564523,0.8535942374757647,-0.0503176884193123
2023-03-27,466,0.7648997603287043,0.7825714932400406,-0.017671732911336266
2023-03-28,460,1.1023877835340128,1.1735850214976182,-0.07119723796360548
2023-03-29,459,0.7601710869917278,0.9496085994609562,-0.1894375124692285
2023-03-30,477,0.6411415428893265,0.6510108363587872,-0.009869293469460628
2023-03-31,477,0.8800187313110628,0.8377772048648431,0.04224152644621976
2023-04-03,467,0.8605074812249321,0.8238291567710382,0.0366783244538939
2023-04-04,469,0.5751450491081768,0.6148048152569118,-0.03965976614873491
2023-04-05,477,0.6006936994917497,0.6554548950684016,-0.05476119557665199
2023-04-06,487,0.5931331836294533,0.6223632213852842,-0.029230037755830926
2023-04-10,481,0.5705186429817024,0.5802903519417433,-0.00977170896004099
2023-04-11,479,0.5717160860296348,0.5577048115224935,0.014011274507141357
2023-04-12,479,0.5928833274844878,0.6148506372178378,-0.021967309733349878
2023-04-13,487,0.5741744624122694,0.5760392758286342,-0.001864813416364789
2023-04-14,489,0.6514470491232365,0.6711980805411085,-0.019751031417872045
2023-04-17,482,0.6302450186894363,0.6193704154690522,0.010874603220384105
2023-04-18,481,0.6556799526255244,0.6460375722527516,0.009642380372772739
2023-04-19,480,0.60719638714941,0.5988014709656955,0.008394916183714579
2023-04-20,483,0.7347552696183636,0.7216925892546359,0.013062680363727704
2023-04-21,483,0.8522912884701429,0.8066058766695171,0.04568541180062575
2023-04-24,479,0.8397792064348066,0.8226339186827958,0.01714528775201092
2023-04-25,472,0.9281105612382303,0.9723483927734526,-0.04423783153522241
2023-04-26,472,1.0547947770171544,0.9512957214495761,0.10349905556757846
2023-04-27,475,0.7423598145381531,0.7516740570817112,-0.009314242543558103
2023-04-28,485,0.9850069865158788,0.9452283845716516,0.039778601944227256
2023-05-01,477,1.1771892545354532,1.13253257808582,0.04465667644963327
2023-05-02,473,0.8056683694614468,0.8591186148282214,-0.05345024536677444
2023-05-03,472,0.8352160156875956,0.8690544158023054,-0.03383840011470968
2023-05-04,474,0.8539973482493302,0.9428611432322299,-0.08886379498289973
2023-05-05,476,0.7274558244086968,0.7566037418756667,-0.02914791746696982
2023-05-08,464,0.7216263715421242,0.7250411980149744,-0.0034148264728502188
2023-05-09,457,0.7054144595228421,0.7187242990728785,-0.0133098395500365
2023-05-10,458,0.650943432169287,0.6645317123184091,-0.013588280149122181
2023-05-11,467,0.673106652295939,0.6644898425752285,0.008616809720710418
2023-05-12,474,0.7863410043410215,0.8276573516678672,-0.04131634732684579
2023-05-15,463,0.7799393414979081,0.8410964177092783,-0.06115707621137028
2023-05-16,463,0.7888125331026921,0.820745902235898,-0.03193336913320598
2023-05-17,465,0.6098075659780227,0.6398370334777458,-0.03002946749972321
2023-05-18,473,0.6700694538953571,0.6621977199244881,0.007871733970868922
2023-05-19,476,0.754429419848969,0.7557671231804018,-0.0013377033314328256
2023-05-22,471,0.9099962597990355,0.8807209632946426,0.029275296504393068
2023-05-23,466,0.9624522964043071,0.9863713970649822,-0.02391910066067511
2023-05-24,459,1.1218052051918341,1.158206244569971,-0.03640103937813679
2023-05-25,450,0.7269001260975071,0.7576736035564517,-0.030773477458944605
2023-05-26,445,0.6634856370689115,0.7190627204256859,-0.05557708335677438
2023-05-30,451,0.8812127909133877,0.9182952496579472,-0.03708245874455951
2023-05-31,468,0.9764557426226634,1.095595081828089,-0.1191393392054256
2023-06-01,479,0.965038530043616,1.0698275961089925,-0.10478906606537634
2023-06-02,478,0.7450325059933433,0.8542673931604303,-0.10923488716708711
2023-06-05,464,0.8048470591840133,0.8315063796856683,-0.026659320501654885
2023-06-06,466,0.5925487377934657,0.6112662791893851,-0.018717541395919492
2023-06-07,471,0.6770566264338022,0.6984617520139899,-0.021405125580187756
2023-06-08,480,0.7090205504287801,0.7396073981363334,-0.030586847707553204
2023-06-09,459,0.8103117385157019,0.8505209067125363,-0.040209168196834476
2023-06-12,445,0.8126969501354596,0.8906037461682459,-0.07790679603278632
2023-06-13,447,0.6614071156471557,0.6767175088543298,-0.015310393207174118
2023-06-14,468,0.550366277057116,0.5545437352256766,-0.004177458168560457
2023-06-15,479,0.5967215798138128,0.6023501614798066,-0.005628581665993809
2023-06-16,480,0.6492199212931308,0.6223038881230313,0.02691603317009948
2023-06-20,480,0.6272216781894908,0.573303487775517,0.053918190413973756
2023-06-21,482,0.5140735539857514,0.502961859505462,0.01111169448028938
2023-06-22,486,0.630541127965512,0.6700936651249948,-0.03955253715948279
2023-06-23,489,0.7822811485841985,0.8368254361083319,-0.05454428752413337
2023-06-26,469,0.7887048926415906,0.8714226990361866,-0.08271780639459593
2023-06-27,460,0.64495023719799,0.6441772369673442,0.0007730002306458312
2023-06-28,455,0.6797375142066411,0.7046525560621504,-0.024915041855509235
2023-06-29,473,0.5477736284167851,0.5411861446990753,0.006587483717709791
2023-06-30,473,0.5639101390871757,0.5273875090232159,0.03652263006395984
2023-07-03,469,0.5457734405004425,0.5229714693495153,0.02280197115092713
2023-07-05,469,0.5410619439785088,0.5490444257120711,-0.007982481733562233
2023-07-06,477,0.883383167101226,0.960783681191291,-0.07740051409006504
2023-07-07,484,0.8782517333057617,0.9171424380713167,-0.038890704765554895
2023-07-10,482,0.865704091992078,0.9176018195422329,-0.05189772755015491
2023-07-11,479,0.6543613878307415,0.6550901442509092,-0.0007287564201676675
2023-07-12,481,0.653407681988386,0.6581722289874733,-0.004764546999087325
2023-07-13,486,0.6162006413368607,0.6232184289318214,-0.007017787594960657
2023-07-14,488,0.7020181424179972,0.7242770819605171,-0.02225893954251984
2023-07-17,480,0.8289051005313867,0.8341901143849078,-0.005285013853521048
2023-07-18,480,0.8033969662224875,0.8096113216101074,-0.006214355387619952
2023-07-19,480,0.687395606221338,0.6787230877346068,0.008672518486731288
2023-07-20,486,0.5838598928301115,0.608801641152839,-0.024941748322727525
2023-07-21,483,0.6242918597842593,0.6302244373062723,-0.0059325775220130375
2023-07-24,482,0.7971161562451711,0.7984414422218115,-0.0013252859766403583
2023-07-25,474,0.8432421939225536,0.842712667486661,0.0005295264358926024
2023-07-26,469,0.7796950708698659,0.7847915386796801,-0.005096467809814159
2023-07-27,471,0.6742956204796506,0.6786547238265618,-0.00435910334691106
2023-07-28,480,0.7183614381179401,0.7351626806918339,-0.01680124257389373
2023-07-31,483,0.9144114241427633,0.8961586263906881,0.01825279775207525
2023-08-01,476,0.9583993761534119,0.9725756139426959,-0.014176237789284018
2023-08-02,471,0.8206591392763742,0.8255613256759053,-0.0049021863995310465
2023-08-03,472,0.7880924712335452,0.8110826862180938,-0.022990214984548556
2023-08-04,472,0.6949699594098047,0.6988666547182034,-0.0038966953083987453
2023-08-07,466,0.7522088631428989,0.704135655022731,0.04807320812016797
2023-08-08,463,0.6878273656475643,0.6857198063512429,0.002107559296321429
2023-08-09,461,0.5504936749199697,0.5967444440351741,-0.04625076911520447
2023-08-10,466,0.5883588069438552,0.5846609639344803,0.003697843009374981
2023-08-11,464,0.703047951301441,0.6287429236693342,0.07430502763210692
2023-08-14,459,0.9023857825722988,0.7668793844617361,0.1355063981105628
2023-08-15,459,0.6627350541619078,0.617355676127077,0.04537937803483098
2023-08-16,465,0.5778637417487722,0.5873036895924298,-0.00943994784365761
2023-08-17,475,0.5480375672206167,0.5606146477239244,-0.012577080503307726
2023-08-18,479,0.60513367938686,0.5845613738824268,0.020572305504433053
2023-08-21,477,0.4946023247759987,0.5088354515768904,-0.014233126800891624
2023-08-22,475,0.4915166334463323,0.4844725058097988,0.007044127636533503
2023-08-23,475,0.47742191895062414,0.47180289899350436,0.005619019957119768
2023-08-24,477,0.798954559128601,0.8026697522163145,-0.0037151930877134982
2023-08-25,470,0.7522983036913896,0.7065942251069994,0.04570407858439018
2023-08-28,445,0.6590311921059916,0.6548635621661725,0.0041676299398191105
2023-08-29,441,0.6396619610102021,0.6381301656877768,0.0015317953224254278
2023-08-30,447,0.7274024124988157,0.7429570331207579,-0.015554620621942399
2023-08-31,469,0.6325788962126747,0.6413881040659926,-0.008809207853317954
2023-09-01,459,0.728633882548536,0.7290017368943231,-0.0003678543457871132
2023-09-05,464,0.6260907583072082,0.6209492946922626,0.005141463614945574
2023-09-06,470,0.6276268768898837,0.6325168122551096,-0.004889935365225852
2023-09-07,480,0.6179458635914793,0.6613030869251181,-0.043357223333638784
2023-09-08,480,0.5864288196031446,0.6497102805790541,-0.06328146097590939
2023-09-11,452,0.6320839955953615,0.7195006136702045,-0.08741661807484288
2023-09-12,453,0.5603988087690892,0.6228283582690756,-0.06242954949998628
2023-09-13,452,0.4898700089619541,0.518703400473807,-0.028833391511852945
2023-09-14,479,0.5505333470942201,0.5294325852199796,0.021100761874240474
2023-09-15,482,0.549206341619231,0.5357720253719452,0.013434316247285725
2023-09-18,482,0.8228063958455233,0.7373712493148675,0.08543514653065575
2023-09-19,479,0.8142474103527617,0.8238452906411665,-0.009597880288404938
2023-09-20,479,0.6855151842198876,0.6468600197449799,0.038655164474907834
2023-09-21,481,0.6078277712377693,0.7146560707314075,-0.10682829949363837
2023-09-22,484,0.6392134100545558,0.7524428749699117,-0.11322946491535592
2023-09-25,465,0.6667374645006516,0.7191956939896917,-0.05245822948904022
2023-09-26,460,0.5966942200390594,0.5700345356996148,0.02665968433944462
2023-09-27,458,0.6790874967180439,0.7629312342281616,-0.08384373751011764
2023-09-28,478,0.8194711907346649,0.8359803677622659,-0.01650917702760103
2023-09-29,483,0.6870946244203721,0.78836059314664,-0.10126596872626795
2023-10-02,472,0.640590711735203,0.7476037005446785,-0.1070129888094756
2023-10-03,466,0.7618910337091024,0.7316169328973476,0.030274100811754585
2023-10-04,468,0.7652930768339796,0.7854757374214043,-0.020182660587424597
2023-10-05,481,0.8606578908140364,0.7403423108365083,0.1203155799775282
2023-10-06,484,0.7890821771491485,0.7900573589289744,-0.0009751817798260042
2023-10-09,479,0.6467591184252816,0.6454209584513964,0.0013381599738851665
2023-10-10,478,0.7520778373917351,0.732394411816612,0.019683425575123047
2023-10-11,481,0.588405222104242,0.5905354413700318,-0.002130219265789865
2023-10-12,486,0.6870709732041541,0.7072494291642311,-0.020178455960076943
2023-10-13,488,0.6015280762857732,0.6114408754651015,-0.009912799179328285
2023-10-16,484,0.902459031388911,0.8832029086326543,0.019256122756256697
2023-10-17,481,1.3159120483632993,1.3164474984524321,-0.0005354500891326673
2023-10-18,480,0.9570119885587794,0.8171678182437017,0.13984417031507773
2023-10-19,484,0.6247010156895171,0.5928928702177776,0.03180814547173955
2023-10-20,486,0.6894990625404711,0.6661843699986826,0.02331469254178853
2023-10-23,484,0.8798469277210703,0.8849235228236226,-0.005076595102552324
2023-10-24,485,1.0429567196141523,0.9622028081089249,0.08075391150522722
2023-10-25,479,0.8036620600662784,0.8095341838847881,-0.005872123818509823
2023-10-26,469,0.7321516056995027,0.7606116134564335,-0.028460007756930774
2023-10-27,470,1.039977774297646,0.9767622647069251,0.0632155095907209
2023-10-30,472,1.370023214992981,1.340975350421394,0.029047864571587017
2023-10-31,481,1.7040165519998773,1.8209409924174382,-0.116924440417561
2023-11-01,476,1.329827126044727,1.368511393029009,-0.038684266984281936
2023-11-02,477,0.8603893852465686,0.8590617915061431,0.0013275937404254314
2023-11-03,476,0.7782843638904365,0.7884324681046997,-0.010148104214263093
2023-11-06,467,0.7971177534919618,0.7808238140767303,0.016293939415231416
2023-11-07,463,0.7145962925768614,0.6997390665329609,0.014857226043900473
2023-11-08,462,0.6633735340646766,0.6497375081386734,0.013636025926003235
2023-11-09,459,1.3154333247021293,1.4205842600954766,-0.10515093539334713
2023-11-10,460,1.0890663121979949,1.1921003854962273,-0.10303407329823244
2023-11-13,446,1.1369330836988205,1.1923966682551006,-0.055463584556280005
2023-11-14,458,0.5795363732844304,0.662740005865713,-0.08320363258128245
2023-11-15,457,0.5550925179629711,0.5190099764570292,0.03608254150594196
2023-11-16,472,0.5383520161611677,0.5234499972594087,0.014902018901758993
2023-11-17,468,0.5363825187998856,0.5293162678117711,0.007066250988114494
2023-11-20,470,0.5249068773136132,0.524111827091482,0.0007950502221311636
2023-11-21,472,0.46014493297059356,0.4667647802025003,-0.0066198472319067515
2023-11-22,480,0.4627383204744423,0.43866832002509837,0.024070000449343952
2023-11-24,474,0.6234625246054077,0.616667425181794,0.006795099423613837
2023-11-27,443,0.6809681179099808,0.6610086345291054,0.01995948338087546
2023-11-28,440,1.0290726922956932,1.0449533140677714,-0.015880621772078354
2023-11-29,451,0.9301712585173355,0.927043210813945,0.0031280477033904562
2023-11-30,477,0.6917729476259517,0.6853421942653988,0.006430753360552954
2023-12-01,477,0.6551786958810882,0.6349928933367188,0.020185802544369538
2023-12-04,460,0.5964574448525142,0.5919831200955689,0.004474324756945367
2023-12-05,465,0.6389833102939291,0.6469127636443296,-0.007929453350400599
2023-12-06,468,0.741820770475437,0.7639288134824613,-0.022108043007024316
2023-12-07,480,0.7144798338625259,0.713537490195989,0.0009423436665368204
2023-12-08,479,1.040225033018691,1.0786983039817477,-0.0384732709630566
2023-12-11,454,1.4496661838905647,1.4950921585505412,-0.0454259746599764
2023-12-12,452,1.3417610177448243,1.3767345421883463,-0.03497352444352221
2023-12-13,451,0.8329270947151635,0.90493738941834,-0.07201029470317655
2023-12-14,474,0.5497673265121784,0.5606200474088454,-0.010852720896667004
2023-12-15,476,0.5399970080269935,0.5278193949026334,0.01217761312436004
2023-12-18,481,0.5231108430335036,0.49316393262461045,0.029946910408893246
2023-12-19,484,0.5068875027967492,0.47231510639305757,0.034572396403691676
2023-12-20,488,0.7022470172281496,0.5699566267026334,0.13229039052551628
2023-12-21,483,0.5117640535397294,0.4994356964996237,0.012328357040105724
2023-12-22,463,0.45971677716543125,0.4477827401902631,0.011934036975168169
2023-12-26,452,0.4160228955424722,0.3733265334872177,0.042696362055254414
2023-12-27,456,0.6382797300963771,0.6130846324208619,0.0251950976755153
2023-12-28,474,0.9298746063148136,0.9160443432689286,0.013830263045884965
2023-12-29,479,0.8245561591089067,0.7940575490611771,0.03049861004772954
2024-01-02,480,0.5862547922997038,0.5959933386406582,-0.0097385463409544
2024-01-03,479,0.640975006458148,0.6484976306820547,-0.007522624223906615
2024-01-04,481,0.6116776379415978,0.7060344281857969,-0.09435679024419905
2024-01-05,481,0.7083976512210416,0.7469642908410815,-0.038566639620039846
2024-01-08,480,0.6388252733149795,0.6341346219211553,0.004690651393824232
2024-01-09,481,0.6166936685730944,0.6145833374827447,0.0021103310903496974
2024-01-10,480,0.6369930145029791,0.633535800861647,0.003457213641332122
2024-01-11,483,0.6489816804500559,0.6416471893077561,0.007334491142299782
2024-01-12,481,0.6407710809317717,0.6394105689431859,0.001360511988585923
2024-01-16,478,0.6660530932465243,0.7319348822979261,-0.06588178905140177
2024-01-17,478,0.9313815130624556,0.9089637312814857,0.022417781780970026
2024-01-18,482,0.7583547979590182,0.8278847351502396,-0.06952993719122155
2024-01-19,486,0.6365655074479631,0.6795782241636262,-0.043012716715663084
2024-01-22,486,0.6943656703742788,0.7062087543041291,-0.011843083929850397
2024-01-23,489,0.659034416211098,0.6741561485669633,-0.015121732355865341
2024-01-24,489,0.7183138582333491,0.7145255493420775,0.003788308891271752
2024-01-25,482,0.6283799936316027,0.6357198312676519,-0.007339837636049319
2024-01-26,473,0.6147979746294264,0.6108894542040348,0.0039085204253915045
2024-01-29,470,0.7704858846900935,0.7609822084843655,0.009503676205728135
2024-01-30,473,0.7813316638472788,0.7801638042906514,0.001167859556627408
2024-01-31,479,0.8313913851072331,0.8423065973340654,-0.010915212226832288
2024-02-01,480,0.7471394980506793,0.7483614769363317,-0.0012219788856524306
2024-02-02,481,0.711610910321545,0.7075415162658281,0.004069394055717042
2024-02-05,472,0.9276706957751358,0.9071734090155135,0.020497286759622382
2024-02-06,470,0.866951147880583,0.8590236938521874,0.00792745402839582
2024-02-07,472,0.7535188667323379,0.7473115675437962,0.006207299188541707
2024-02-08,479,0.6232781053546884,0.6033983148708038,0.019879790483884663
2024-02-09,474,0.6448616011902423,0.6493074865540048,-0.004445885363762626
2024-02-12,457,0.7047387156570246,0.706873695940706,-0.002134980283681382
2024-02-13,449,0.8475204545180504,0.9418606219394736,-0.09434016742142332
2024-02-14,451,0.6870828910135217,0.6846009275569952,0.002481963456526549
2024-02-15,465,0.668467725421117,0.6440299840501186,0.024437741370998495
2024-02-16,466,0.6165757810271395,0.6153363500443301,0.0012394309828093774
2024-02-20,467,0.7564862064633475,0.7553734196113838,0.0011127868519637233
2024-02-21,467,0.8328539201165887,0.8330165754363984,-0.00016265531980968914
2024-02-22,477,0.66025745278638,0.6508940216295377,0.00936343115684252
2024-02-23,473,0.6500089412968787,0.644003462248903,0.006005479047975708
2024-02-26,455,0.6926221258943153,0.6938352923383132,-0.0012131664439979726
2024-02-27,448,0.7537192981922312,0.7482106566257815,0.005508641566449799
2024-02-28,455,0.8511897356402166,0.8734463240365937,-0.022256588396377085
2024-02-29,470,0.7363982946454576,0.7458646424428174,-0.00946634779735979
2024-03-01,473,0.6887857059841977,0.6974250395454742,-0.008639333561276354
2024-03-04,453,0.6331382980431334,0.6424884911367126,-0.00935019309357926
2024-03-05,454,0.6182747399258818,0.6425778858657535,-0.02430314593987173
2024-03-06,459,0.6325998077586962,0.6358441385319682,-0.0032443307732719
2024-03-07,475,0.5569659029135312,0.544110847819663,0.012855055093868192
2024-03-08,477,0.6254129347328857,0.6273250925034026,-0.0019121577705167665
2024-03-11,444,0.709888534867687,0.697270474728543,0.012618060139144014
2024-03-12,449,0.7455236643404252,0.7259247512124779,0.019598913127947273
2024-03-13,449,0.6122399067981447,0.5977183507345948,0.014521556063549887
2024-03-14,482,0.5414200097448294,0.5421241739322014,-0.000704164187371944
2024-03-15,478,0.63128480859065,0.6596075137766836,-0.028322705186033647
2024-03-18,481,0.8006363146018451,0.8199340611281308,-0.019297746526285568
2024-03-19,479,0.6057575498847904,0.6157934863115231,-0.01003593642673286
2024-03-20,486,0.5435779981477146,0.5369768651278211,0.006601133019893525
2024-03-21,488,0.5832420521566326,0.5669288210298686,0.016313231126763958
2024-03-22,465,0.532859888904829,0.528289229003439,0.004570659901389977
2024-03-25,457,0.6342236468862761,0.6459469723368112,-0.011723325450535067
2024-03-26,454,0.5918089804932063,0.5910515171875197,0.0007574633056866193
2024-03-27,478,0.6292059085572725,0.629616154432508,-0.00041024587523551265
2024-03-28,483,0.7394587150004723,0.7478376245609838,-0.008378909560511438
2024-04-01,479,0.7440653902820151,0.7350194147845757,0.009045975497439468
2024-04-02,479,0.550179845682046,0.5497037326080194,0.00047611307402658647
2024-04-03,478,0.47957410897580316,0.4738189666312752,0.005755142344527869
2024-04-04,478,0.5779259050163604,0.5969556330979976,-0.01902972808163713
2024-04-05,479,0.5730657652429285,0.6072398098758154,-0.0341740446328867
2024-04-08,479,0.6710651019611261,0.6502003744224802,0.020864727538645805
2024-04-09,479,1.0720539580901673,1.0721280515988334,-7.409350866594487e-05
2024-04-10,478,0.8625206637127913,0.7832054149248366,0.07931524878795476
2024-04-11,482,1.0203067941316057,0.9415715111607416,0.07873528297086405
2024-04-12,489,0.7349133773577595,0.7848227122408807,-0.04990933488312133
2024-04-15,485,0.666300021163455,0.6656500253625807,0.0006499958008744163
2024-04-16,481,0.9202194675832104,0.922507176765579,-0.0022877091823686503
2024-04-17,480,0.7356086234132163,0.7245882395409066,0.011020383872309676
2024-04-18,482,0.7805123396057722,0.6909861711729385,0.08952616843283372
2024-04-19,485,0.8105237173325642,0.7496382485075455,0.0608854688250187
2024-04-22,484,0.7806507156500482,0.7722608682020827,0.008389847447965372
2024-04-23,487,0.8189239001176359,0.8122523253357653,0.006671574781870564
2024-04-24,482,0.7384082372571151,0.730210478143658,0.008197759113457145
2024-04-25,475,0.6866053651011853,0.6857799349609551,0.0008254301402301299
2024-04-26,474,0.8972463812671605,0.8703714063769847,0.026874974890175738
2024-04-29,477,0.9664233935098325,0.9469123035676961,0.01951108994213647
2024-04-30,479,0.9731132963064423,0.9654522369688383,0.007661059337603886
2024-05-01,477,0.9825732924419484,0.9999518712823233,-0.017378578840374956
2024-05-02,476,0.7452345953801225,0.7354048711710701,0.0098297242090524
2024-05-03,482,0.6211131327612579,0.6077010076023788,0.013412125158879186
2024-05-06,472,0.6758914261423863,0.6678707770438428,0.008020649098543501
2024-05-07,466,0.6704939721948531,0.6596548136279933,0.010839158566859736
2024-05-08,463,0.5833600020409684,0.5717198014567255,0.01164020058424281
2024-05-09,465,0.522738074847697,0.5096592220719927,0.013078852775704369
2024-05-10,467,0.641611228012593,0.6599002008965815,-0.018288972883988532
2024-05-13,454,0.5984609479810514,0.621763096714086,-0.02330214873303472
2024-05-14,458,0.5379210236829228,0.5433948625950376,-0.005473838912114711
2024-05-15,463,0.5457801582005394,0.5306320293305867,0.015148128869952654
2024-05-16,475,0.5251593147130781,0.52147799960508,0.003681315107998034
2024-05-17,481,0.6428990876703032,0.6326065510589446,0.010292536611358687
2024-05-20,473,0.8387614177110767,0.8161257169179257,0.02263570079315107
2024-05-21,470,0.7587647045140977,0.7476523830058299,0.01111232150826781
2024-05-22,472,0.8297922632872277,0.8126467302827884,0.017145533004439252
2024-05-23,480,0.7264931686700898,0.7226701203105602,0.0038230483595296746
2024-05-24,483,0.7531990254739185,0.7792302796129814,-0.026031254139062886
2024-05-28,464,0.759864793011265,0.7453158897863513,0.014548903224913576
2024-05-29,452,0.8871497908485493,0.8693962817179983,0.017753509130550925
2024-05-30,450,0.7759482995239194,0.7724133991892318,0.0035349003346876844
2024-05-31,465,0.6691224603998607,0.6688697372052446,0.00025272319461611657
2024-06-03,478,0.5732274912065614,0.5726425632629887,0.0005849279435726594
2024-06-04,466,0.5430920010250542,0.5397208571303704,0.003371143894683828
2024-06-05,459,0.5529685384475699,0.5418682482378082,0.011100290209761646
2024-06-06,461,0.5991827309100995,0.5909612533343194,0.008221477575780175
2024-06-07,474,0.7377180719573992,0.7440962457247813,-0.006378173767382019
2024-06-10,482,0.6780114119663512,0.6835781568903593,-0.005566744924008108
2024-06-11,454,0.6458154804108546,0.6413662621988856,0.004449218211968892
2024-06-12,451,0.6395191707837748,0.639860076961524,-0.00034090617774922667
2024-06-13,444,0.6090174919819005,0.6214466523391217,-0.012429160357221136
2024-06-14,472,0.6233742894642638,0.638721890190895,-0.01534760072663107
2024-06-17,477,0.5238628699085034,0.5268206960767461,-0.002957826168242706
2024-06-18,482,0.6821882179275043,0.6708556573361607,0.011332560591343624
2024-06-20,484,0.5175808201071579,0.5190403691016835,-0.00145954899452566
2024-06-21,486,0.5429338701297038,0.5490938071683361,-0.006159937038632289
2024-06-24,488,0.6232225796175677,0.6226594213684535,0.0005631582491141252
2024-06-25,465,0.6179352875796416,0.6176472336443138,0.0002880539353276561
2024-06-26,458,0.6195437536391091,0.6170966507987289,0.0024471028403801696
2024-06-27,458,0.6065028723244139,0.6031175615542326,0.0033853107701812767
2024-06-28,479,0.5435250002582126,0.565731375892994,-0.022206375634781415
2024-07-01,479,0.5085394849813051,0.5005158007817242,0.00802368419958082
2024-07-02,475,0.4675321365383492,0.46602864830872454,0.001503488229624653
2024-07-03,472,0.5118271488549667,0.50841932024661,0.0034078286083567876
2024-07-05,475,0.5860655882199325,0.6109496911410044,-0.024884102921071936
2024-07-08,477,0.7855237754729555,0.8190898397694137,-0.033566064296458246
2024-07-09,480,1.0649270080963198,1.0723061447155813,-0.007379136619261282
2024-07-10,478,0.9511605200128134,0.9474632225978256,0.0036972974149877334
2024-07-11,482,1.004048225541967,1.0116226142001865,-0.007574388658219722
2024-07-12,483,1.0188824692877276,1.033971648233247,-0.01508917894551942
2024-07-15,490,0.8727735887164625,0.8748705895408591,-0.002097000824396581
2024-07-16,484,0.9649503307312081,0.9156290473791134,0.049321283352094555
2024-07-17,481,0.6444049309192162,0.6476585017983808,-0.003253570879164672
2024-07-18,481,0.682235358749794,0.6816750964271276,0.000560262322666415
2024-07-19,486,0.698873680564892,0.6883379789718561,0.01053570159303585
2024-07-22,489,1.12471997408611,1.149004364462097,-0.02428439037598703
2024-07-23,486,1.1329838359993607,1.139508342204506,-0.006524506205145394
2024-07-24,486,0.9685051694240189,1.0038700505292908,-0.03536488110527196
2024-07-25,486,0.9697262127933045,0.9772523009023696,-0.007526088109065245
2024-07-26,481,0.7096664598650894,0.7056279890530952,0.004038470811994068
2024-07-29,473,0.9272418511230853,0.9123939083455463,0.014847942777539069
2024-07-30,470,1.4734518827905454,1.4680388714607164,0.0054130113298289095
2024-07-31,474,2.2373642677131995,2.2673139940075813,-0.0299497262943817
2024-08-01,480,1.2619312443396693,1.2633983395920103,-0.0014670952523411446
2024-08-02,479,0.9422144697405956,1.0931643662155353,-0.1509498964749396
2024-08-05,483,1.0060770326374266,0.9424452495647215,0.06363178307270505
2024-08-06,478,0.8132717925685061,0.7271098951858395,0.0861618973826668
2024-08-07,471,0.8232631023887085,0.7174503431806922,0.10581275920801622
2024-08-08,470,0.6333127724276106,0.6086350716437813,0.024677700783829314
2024-08-09,471,0.6001116459117752,0.5530545477563895,0.047057098155385634
2024-08-12,464,0.9687665412056327,0.9316711129546299,0.03709542825100264
2024-08-13,450,0.6874197687993746,0.6436793163765162,0.04374045242285832
2024-08-14,449,0.7971901138779085,0.7415452557467542,0.05564485813115418
2024-08-15,463,0.486853237704118,0.4760903779934344,0.010762859710683553
2024-08-16,472,0.535755987464523,0.4871303186094711,0.048625668855051915
2024-08-19,477,0.5048738555349956,0.4761881681682892,0.028685687366706507
2024-08-20,477,0.6401204233072061,0.5727250542890434,0.06739536901816269
2024-08-21,479,0.5690542821904543,0.5300560177022141,0.038998264488240286
2024-08-22,477,0.5709115442229509,0.5496480977508406,0.021263446472110304
2024-08-23,481,0.5488619938568966,0.5426060179444673,0.0062559759124293235
2024-08-26,483,0.5904732728594948,0.5741142888650709,0.016358983994423988
2024-08-27,465,0.5995006763293431,0.6125136114564199,-0.013012935127076809
2024-08-28,448,0.7070834389110916,0.6937715464794484,0.013311892431643187
2024-08-29,442,0.7588863162511456,0.7429302327533104,0.015956083497835123
2024-08-30,458,1.0310800072120372,0.974722355208858,0.056357652003179215
2024-09-03,462,0.8177044119148916,0.7350961987023049,0.08260821321258685
2024-09-04,463,0.6204953272097854,0.6002445710673376,0.02025075614244771
2024-09-05,464,0.6405881694514393,0.6417996597390099,-0.0012114902875707029
2024-09-06,474,0.7799645527777023,0.7702812662884955,0.00968328648920688
2024-09-09,477,0.7214175441517188,0.7126328694187198,0.008784674732999
2024-09-10,460,0.8071537137608977,0.8487613591635237,-0.041607645402626056
2024-09-11,448,0.8252150531617634,0.8407063249582812,-0.015491271796517752
2024-09-12,445,0.7553499334388765,0.7565361503157217,-0.0011862168768452426
2024-09-13,466,0.5897846139987771,0.5916256757894781,-0.0018410617907010447
2024-09-16,479,0.7935645207725144,0.8041294568078988,-0.010564936035384458
2024-09-17,482,0.6181227897771991,0.618108139394707,1.4650382492100794e-05
2024-09-18,481,0.633234769703371,0.6269180761308787,0.006316693572492261
2024-09-19,483,0.5875167361469987,0.5873003226707671,0.00021641347623165488
2024-09-20,487,0.578649131170055,0.589421414164628,-0.010772282994573055
2024-09-23,486,0.7259254006100191,0.7267884546006449,-0.0008630539906257021
2024-09-24,481,0.5861445427484366,0.582251311293108,0.0038932314553285162
2024-09-25,462,0.599627852000358,0.6007148659751392,-0.0010870139747811845
2024-09-26,456,0.626984392170901,0.6229144582789968,0.004069933891903991
2024-09-27,459,0.5979482350881897,0.5842074522882832,0.013740782799906589
2024-09-30,477,0.7408203792035626,0.737646747215069,0.0031736319884935298
2024-10-01,478,0.673823875320635,0.6792746201666656,-0.0054507448460305655
2024-10-02,477,0.6697564494673168,0.6756596449150197,-0.00590319544770294
2024-10-03,477,0.5844259490982426,0.6293166089569759,-0.04489065985873333
2024-10-04,484,0.5976974560647644,0.609452316963273,-0.01175486089850851
2024-10-07,479,0.5764864509014421,0.600646131674894,-0.024159680773451965
2024-10-08,478,0.595632587599069,0.6622970695853829,-0.06666448198631383
2024-10-09,481,0.5659807854427544,0.5733192667628038,-0.007338481320049281
2024-10-10,484,0.7231285271322337,0.7442225800973709,-0.02109405296513706
2024-10-11,486,0.7229171868503755,0.7473547418770451,-0.024437555026669645
2024-10-14,485,0.6803588188256802,0.6710790481654939,0.009279770660186338
2024-10-15,485,0.5908585940216134,0.5968215519987855,-0.005962957977172082
2024-10-16,483,0.5814224168936657,0.5678495859667099,0.013572830926955768
2024-10-17,482,0.6273714221105224,0.6197315538437359,0.007639868266786452
2024-10-18,486,0.7112998761013681,0.6944053879057873,0.016894488195580856
2024-10-21,489,0.7546505360310911,0.733251436224928,0.02139909980616306
2024-10-22,488,0.7166479517440576,0.7032665267591658,0.013381424984891746
2024-10-23,489,0.6894588671325492,0.6936330353013822,-0.004174168168833037
2024-10-24,489,0.7079191194079112,0.7058267324298686,0.0020923869780425444
2024-10-25,491,0.7067215429206206,0.7142365540713498,-0.007515011150729096
2024-10-28,484,1.0447999913377968,0.9983935741188025,0.04640641721899428
2024-10-29,476,1.0120832242518214,0.9906075929930875,0.02147563125873403
2024-10-30,468,0.8718575238066711,0.8475770988900729,0.024280424916598296
2024-10-31,473,0.7400955300451331,0.7531215944893704,-0.0130260644442373
2024-11-01,479,1.6788994308137484,1.6764423932801233,0.002457037533625125
2024-11-04,484,1.771252472440617,1.8062795879477753,-0.03502711550715826
2024-11-05,473,1.6328190678144718,1.772839471701743,-0.14002040388727133
2024-11-06,475,1.0383878275812994,1.0010664573769719,0.0373213702043277
2024-11-07,473,0.9698478988629735,0.9528487927564542,0.016999106106519394
2024-11-08,477,0.7851306873175299,0.7578136356819702,0.027317051635559638
2024-11-11,467,0.7881862996889781,0.8276298997856653,-0.039443600096687084
2024-11-12,450,0.8787577230093299,0.8872227407443641,-0.00846501773503438
2024-11-13,447,0.8437895949232255,0.8687492800793082,-0.024959685156082802
2024-11-14,454,0.8275815192861987,0.8523860231870284,-0.024804503900829743
2024-11-15,472,0.6802114459468617,0.6739906496985851,0.006220796248276637
2024-11-18,477,0.7295942979107783,0.6998427999236433,0.029751497987135053
2024-11-19,472,0.8458122251998831,0.7564606238901599,0.08935160130972332
2024-11-20,473,1.0513109573510888,0.9303614484701676,0.12094950888092139
2024-11-21,477,0.7117745278981622,0.6791834863940522,0.03259104150411004
2024-11-22,480,0.6140257058927027,0.5882994152926384,0.025726290600064337
2024-11-25,465,0.4958739556374029,0.5036916929268509,-0.007817737289448018
2024-11-26,450,0.5582964730989508,0.5471300262758604,0.011166446823090363
2024-11-27,450,0.61955363291635,0.6192971971321247,0.0002564357842253608
2024-11-29,463,0.782178554852504,0.8021853582218932,-0.020006803369389255
2024-12-02,474,0.7131195221906144,0.7234615486512822,-0.01034202646066789
2024-12-03,463,0.7239063133512176,0.746351218588947,-0.022444905237729445
2024-12-04,458,0.7310641434527465,0.7612582703603615,-0.030194126907615127
2024-12-05,461,0.7744899578244041,0.7317568836838388,0.04273307414056526
2024-12-06,474,0.717436756116577,0.6746543174447042,0.04278243867187285
2024-12-09,485,0.708184220310042,0.7342619747694176,-0.026077754459375577
2024-12-10,468,0.6710813363608066,0.6722236294097692,-0.0011422930489625477
2024-12-11,457,0.7550124955331844,0.7613796658552646,-0.006367170322080164
2024-12-12,450,0.7323795105694166,0.7417641837002128,-0.009384673130796115
2024-12-13,468,1.3515354322648299,1.4057590731133949,-0.054223640848565006
2024-12-16,481,1.4046781944060032,1.471669490590531,-0.06699129618452797
2024-12-17,479,0.8378621871006531,0.8879992401227128,-0.050137053022059695
2024-12-18,481,0.6011081756518603,0.9162665643928568,-0.3151583887409966
2024-12-19,482,0.6762174385686701,0.6781830917382446,-0.0019656531695746715
2024-12-20,487,0.4473692892257792,0.46359931014773037,-0.016230020921951173
2024-12-23,482,0.3773711484999672,0.3982093829468458,-0.020838234446878646
2024-12-24,478,0.5765418761399033,0.6878999239016933,-0.11135804776179
2024-12-26,463,0.6021723202045272,0.6236246776886205,-0.02145235748409333
2024-12-27,459,0.5527017880413388,0.5145047014125286,0.03819708662881026
2024-12-30,456,0.5353085595501142,0.6524460439839419,-0.11713748443382763
2024-12-31,472,0.7594145335794098,0.7995188001394935,-0.04010426656008367
2025-01-02,480,0.6500205750063416,0.6751797914637586,-0.025159216457416988
2025-01-03,486,0.5994742916250717,0.6240061916402736,-0.02453190001520197
2025-01-06,479,0.8516847178667097,0.8897151549920899,-0.03803043712538015
2025-01-07,481,0.7331021599655898,0.7533641516040057,-0.02026199163841592
2025-01-08,480,0.7078735643960534,0.7143794520244051,-0.006505887628351688
2025-01-10,485,0.9740474245471663,0.8872794635164625,0.08676796103070386
2025-01-13,484,0.9932564673993323,0.8933108179974152,0.09994564940191705
2025-01-14,481,0.8765829030584247,0.9243203462856278,-0.047737443227203205
2025-01-15,482,0.9069236959244783,0.9513940294357063,-0.04447033351122798
2025-01-16,481,0.8319803653463805,0.855142286250395,-0.02316192090401442
2025-01-17,485,0.8441669675587422,0.8606072639282022,-0.016440296369460115
2025-01-21,486,0.6169282620708075,0.6294479154561834,-0.01251965338537594
2025-01-22,488,1.2020302144329893,1.1804031490126012,0.021627065420388187
2025-01-23,489,1.0566477196888053,1.0522568489213797,0.004390870767425434
2025-01-24,490,0.981398438711172,0.9701212763065289,0.011277162404643225
2025-01-27,489,0.8788233197777011,0.8758734250409014,0.0029498947367998067
2025-01-28,481,0.7298297067516066,0.7210237160121662,0.008805990739440429
2025-01-29,472,0.7951731425209776,0.7793356560691092,0.015837486451868537
2025-01-30,473,0.8280499822407229,0.7944880510709799,0.03356193116974316
2025-01-31,479,0.7831262205015355,0.7679160230747265,0.015210197426808875
2025-02-03,490,0.9024597845591255,0.9185821866693924,-0.01612240211026699
2025-02-04,479,0.8308999691540173,0.8348534425935693,-0.00395347343955196
2025-02-05,473,0.8277843663322755,0.8121146172902352,0.01566974904204021
2025-02-06,471,0.7794010042381521,0.7709236393883833,0.00847736484976872
2025-02-07,478,0.7584577118088586,0.7577084607775306,0.0007492510313280389
2025-02-10,484,0.8678803457723319,0.8583998437108459,0.009480502061485917
2025-02-11,458,0.9412056620847736,0.9390707874059573,0.002134874678816378
2025-02-12,449,0.9916750589605972,1.007243739669495,-0.015568680708897949
2025-02-13,448,0.8219279833925404,0.8098437211097839,0.012084262282756612
2025-02-14,471,0.80850448870314,0.8042175755033686,0.004286913199771405
2025-02-18,475,1.1607863391107192,1.1499490976808266,0.010837241429892482
2025-02-19,469,1.223254313972285,1.211167065396024,0.012087248576261032
2025-02-20,469,1.1783180645180285,1.1369439762695908,0.04137408824843751
2025-02-21,474,0.6526062438556617,0.6826111971369895,-0.030004953281327774
2025-02-24,479,0.7801496700329613,0.8012939618247973,-0.02114429179183603
2025-02-25,466,0.7393075257393389,0.7478298977981792,-0.008522372058840337
2025-02-26,453,1.0738425011227346,1.0635559513304782,0.010286549792256426
2025-02-27,452,0.8934631941430622,0.9158077613583723,-0.022344567215310068
2025-02-28,462,0.9278568524671029,0.8284377839396002,0.09941906852750279
2025-03-03,474,1.0930624215645401,1.0558950845085353,0.037167337056004765
2025-03-04,462,1.0235685727024058,1.0023904683897253,0.021178104312680333
2025-03-05,450,1.6441701788265954,1.6344058790677594,0.009764299758836099
2025-03-06,452,1.0419262396724975,1.2210379206481403,-0.17911168097564273
2025-03-07,462,1.252212954830811,1.2998776470566666,-0.04766469222585571
2025-03-10,477,1.219755014800655,1.3471021835491874,-0.1273471687485324
2025-03-11,451,0.7085000597190058,0.7094814716386283,-0.0009814119196225604
2025-03-12,449,0.7891343497206144,0.6959367412814688,0.09319760843914568
2025-03-13,447,0.8613057410296788,0.7461880966813114,0.11511764434836758
2025-03-14,475,0.640016343950022,0.5592792254205009,0.08073711852952116
2025-03-17,478,0.549514115655835,0.5449700908618647,0.00454402479397032
2025-03-18,481,0.6112511086701494,0.6097292225296943,0.0015218861404551855
2025-03-19,481,0.6062762628802815,0.5797770015144273,0.026499261365854142
2025-03-20,485,0.6913886370675145,0.6742864599620199,0.017102177105494717
2025-03-21,489,0.5944799917997348,0.5803126254463998,0.014167366353334945
2025-03-24,490,0.7819755601111069,0.7444474535244824,0.0375281065866245
2025-03-25,488,1.200199076656995,1.2063055453605904,-0.0061064687035955354
2025-03-26,466,0.8831008882467726,0.9046075100416965,-0.021506621794923866
2025-03-27,460,0.6484476207443787,0.6532879176188562,-0.004840296874477485
2025-03-28,464,0.6588486151186408,0.6027383245769256,0.05611029054171533
2025-03-31,482,1.761480041771186,1.8469029060716047,-0.08542286430041848
2025-04-01,483,4.027280881083725,4.048252792774868,-0.020971911691142448
2025-04-02,481,4.676161332714889,4.625336042605763,0.05082529010912624
2025-04-03,485,2.9243803597982745,3.1965019122406737,-0.27212155244239866
2025-04-04,490,2.224036163575017,2.743893550515853,-0.5198573869408359
2025-04-07,485,1.1703230707740597,1.2175874513596465,-0.0472643805855869
2025-04-08,483,2.014104074949589,2.1275250656423,-0.11342099069271164
2025-04-09,483,0.9674912350586592,1.088565111829329,-0.12107387677066975
2025-04-10,488,1.0500197020469086,1.1014739307838493,-0.051454228736940874
2025-04-11,489,0.7600466280254182,0.6492075910414387,0.11083903698397951
2025-04-14,483,0.8329331859918021,0.7882327007300002,0.044700485261802064
2025-04-15,483,1.0789851976220783,0.8379832061194266,0.24100199150265184
2025-04-16,482,0.7905184094148758,0.8802306965267713,-0.08971228711189547
2025-04-17,486,0.7279871570618338,0.8302793618551995,-0.10229220479336569
2025-04-21,490,1.8837895896004744,2.190181971600135,-0.3063923819996605
2025-04-22,491,1.282502477327737,1.3074146653922363,-0.02491218806449958
2025-04-23,493,0.9051060470396776,0.9817967522548078,-0.07669070521513016
2025-04-24,492,0.6699062086830274,0.6979746435933869,-0.02806843491035949
2025-04-25,484,0.7176556919936454,0.74011126746986,-0.022455575476214584
2025-04-28,480,0.7681830176020328,0.7995612442389893,-0.03137822663695658
2025-04-29,476,0.868403980180773,0.957216520891726,-0.08881254071095303
2025-04-30,480,0.8274046711879277,0.868111656238868,-0.040706985050940205
2025-05-01,482,0.682324908852829,0.7399761791539075,-0.05765127030107852
2025-05-02,485,0.7273994738988937,0.731070036402416,-0.0036705625035223476
2025-05-05,490,0.7452889688757649,0.7022233767046157,0.04306559217114932
2025-05-06,482,0.8278613081168488,0.7694964049115163,0.058364903205332566
2025-05-07,475,1.6078335224301887,1.579908529909818,0.027924992520370884
2025-05-08,473,1.536334848464546,1.4610312258675888,0.07530362259695725
2025-05-09,476,1.4970262437607782,1.4293727538919474,0.06765348986883064
2025-05-12,472,0.7292982580163834,0.7174032052853874,0.011895052730995932
2025-05-13,456,0.7062412025076321,0.6533672312262946,0.052873971281337515
2025-05-14,450,0.852971540790613,0.7908847476770853,0.06208679311352779
2025-05-15,459,0.6158972629729436,0.5686585835335849,0.04723867943935867
2025-05-16,472,0.9094088968162605,0.8434410500040402,0.06596784681222012
2025-05-19,480,0.8976465878010583,0.9040883289641284,-0.0064417411630700566
2025-05-20,469,0.9272678712998699,0.8046385721552212,0.12262929914464875
2025-05-21,468,0.6876434685393971,0.6724781577061589,0.015165310833238164
2025-05-22,470,0.6210152141683754,0.6249564715683272,-0.003941257399951865
2025-05-23,480,0.6709479450632225,0.7353395249025397,-0.06439157983931719
2025-05-27,468,0.6692697028276002,0.7120838164876105,-0.042814113660010464
2025-05-28,454,0.6660468375882898,0.6682636014117066,-0.0022167638234167823
2025-05-29,456,0.6865475186643237,0.7118456006627113,-0.0252980819983875
2025-05-30,467,0.7031680376652579,0.768744203418328,-0.06557616575307017
2025-06-02,481,0.7084523871104433,0.7548951653681516,-0.04644277825770828
2025-06-03,470,0.6211571069198664,0.6825838437267503,-0.061426736806883965
2025-06-04,469,0.6378782454439068,0.6801667923183239,-0.04228854687441704
2025-06-05,463,0.8625657727217769,0.904419190135732,-0.041853417413955096
2025-06-06,474,0.7091844530594359,0.7304654641723068,-0.021281011112870944
2025-06-09,481,0.6043213497743306,0.6560516909998936,-0.051730341225563
2025-06-10,466,0.8165952359333049,0.8029814806926834,0.013613755240621427
2025-06-11,455,0.6450038162740686,0.6775592833825701,-0.03255546710850159
2025-06-12,452,0.7708250416279894,0.7623208253583259,0.00850421626966341
2025-06-13,468,0.7221898307274236,0.7606975319794321,-0.03850770125200862
2025-06-16,479,0.6394540664240219,0.6775096516015121,-0.038055585177490144
2025-06-17,480,0.6992689012944955,0.7936623708847412,-0.09439346959024583
2025-06-18,487,0.7790304057363125,0.9399719335530506,-0.16094152781673807
2025-06-20,488,0.7244482568933538,0.7586739709766999,-0.034225714083346105
2025-06-23,489,0.770374783631823,0.793663173390077,-0.02328838975825385
2025-06-24,484,0.6188964412860122,0.6626211706242751,-0.04372472933826286
2025-06-25,466,0.6763404360766408,0.7024422986898556,-0.026101862613214837
2025-06-26,461,0.8403424431262115,0.8419516914349714,-0.0016092483087599798
2025-06-27,466,0.9305627201929771,0.9485754009987922,-0.018012680805815022
2025-06-30,476,0.9125145143272066,0.9425533802621807,-0.030038865934974113
2025-07-01,479,0.6245216491433474,0.6599703079744389,-0.03544865883109163
2025-07-02,478,0.5249751000362227,0.54358051245186,-0.018605412415637186
2025-07-03,487,0.5911709025350455,0.571819939897254,0.019350962637791524
2025-07-07,484,0.7608029548251517,0.7689510655586812,-0.008148110733529544
2025-07-08,485,0.6274871177987593,0.6375038847863709,-0.010016766987611482
2025-07-09,485,0.6014929889313329,0.6057153991125268,-0.004222410181193886
2025-07-10,487,0.7927173219474523,0.7566642587159977,0.03605306323145446
2025-07-11,489,0.664635270437558,0.6540312030119878,0.010604067425570149
2025-07-14,489,0.6065507335530251,0.5991720000140356,0.007378733538989567
2025-07-15,488,0.6754827846853979,0.684531502278566,-0.009048717593167981
2025-07-16,484,0.6220569563543613,0.624771774432264,-0.0027148180779026153
2025-07-17,482,0.7225732065678313,0.721251436139465,0.001321770428366405
2025-07-18,488,0.8535297484042839,0.8774183902069583,-0.02388864180267447
2025-07-21,491,0.997784925277532,1.0111809388045292,-0.013396013526997068
2025-07-22,491,0.8938214976027864,0.9020240095092613,-0.008202511906475014
2025-07-23,492,0.7608777953685868,0.754871702269181,0.0060060930994058894
2025-07-24,492,0.6950301805977205,0.6901889429198964,0.004841237677824098
2025-07-25,493,0.8952572757366628,0.8842545348377232,0.011002740898939522
2025-07-28,483,1.132849884535262,1.1275904276823014,0.005259456852960537
2025-07-29,475,1.2694327311314562,1.2326633877178068,0.03676934341364914
2025-07-30,474,1.0390226073132953,1.0097880191106259,0.02923458820266944
2025-07-31,480,0.8679812569242308,0.8560988455811926,0.011882411343037988
2025-08-01,488,0.8866187271786248,0.8785932826375503,0.008025444541074437
2025-08-04,488,0.8700934896680016,0.8636212563490119,0.006472233318989752
2025-08-05,483,0.890026982142268,0.8763964519276467,0.013630530214621392
2025-08-06,477,0.8401385865791847,0.8239277069994952,0.016210879579689516
2025-08-07,477,0.7992947244096076,0.7783819745926879,0.02091274981691982
2025-08-08,479,0.9559412650706854,0.922752320061127,0.033188945009558504
2025-08-11,475,0.9323294444521669,0.8586490707400286,0.07368037371213831
2025-08-12,455,0.7110721583807024,0.6955974003385548,0.015474758042147471
2025-08-13,449,0.6582887719933843,0.6767409189297336,-0.018452146936349296
2025-08-14,454,0.5953214081386403,0.5812323341204488,0.014089074018191504
2025-08-15,471,0.557008633369811,0.5439346674584887,0.01307396591132233
2025-08-18,479,0.6156472029976887,0.6025485976298873,0.013098605367801318
2025-08-19,478,0.6213916640175419,0.6146714505012132,0.006720213516328737
2025-08-20,479,0.6812257544201044,0.6821097139023974,-0.000883959482293118
2025-08-21,481,0.8129492863821641,0.8525249193427328,-0.03957563296056867
2025-08-22,488,0.6476022974302027,0.6656372922164532,-0.01803499478625044
2025-08-25,489,0.669675089131052,0.6827555480819749,-0.01308045895092295
2025-08-26,474,0.5527343343859052,0.5704932331692486,-0.01775889878334341
2025-08-27,450,0.6464113909777092,0.6254680596700252,0.02094333130768387
2025-08-28,446,0.6827481821843259,0.6697987428834122,0.01294943930091365
2025-08-29,456,0.6160800569980314,0.6230604020004293,-0.006980345002397917
2025-09-02,462,0.721451113962651,0.7403359582481888,-0.018884844285537654
2025-09-03,465,0.7311190745770719,0.7796199038316725,-0.04850082925460063
2025-09-04,468,0.6649013522483904,0.6723771887906764,-0.007475836542286021
2025-09-05,478,0.8108411167561876,0.8016987298282492,0.009142386927938477
2025-09-08,479,0.7912354111458911,0.7906159865530121,0.0006194245928789178
2025-09-09,475,0.7505587041084745,0.8306472494942438,-0.08008854538576939
2025-09-10,459,0.6473144863998922,0.6623052071623942,-0.014990720762501932
2025-09-11,455,0.7018317416118852,0.6645305307725559,0.0373012108393294
2025-09-12,461,0.5911620524159487,0.6033712305606009,-0.0122091781446523
2025-09-15,482,0.646896611956991,0.690333067488461,-0.04343645553146994
2025-09-16,488,0.6785065366547036,0.7035971679655193,-0.02509063131081573
2025-09-17,486,0.7606113127813968,0.8102526296489303,-0.04964131686753352
2025-09-18,489,0.6037065814400034,0.6184326892641292,-0.01472610782412573
2025-09-19,490,0.6590248892775847,0.6737496074180858,-0.014724718140500867
2025-09-22,492,0.7500435787753722,0.737619531685689,0.01242404708968327
2025-09-23,486,0.6269319799980201,0.6274632547443474,-0.0005312747463274019
2025-09-24,485,0.5674062952275422,0.5744096705109735,-0.007003375283431274
2025-09-25,464,0.7300439720602047,0.7310965562219461,-0.0010525841617414818
2025-09-26,461,0.9175669140616235,0.9352697529899693,-0.017702838928345878
2025-09-29,460,0.8815776238992064,0.8939917907798767,-0.012414166880670312
2025-09-30,475,0.7629033947073859,0.7724160124379834,-0.009512617730597632
2025-10-01,482,0.6866648706193726,0.708543683601151,-0.02187881298177839
2025-10-02,483,0.6631607853689575,0.6579195898699499,0.0052411954990075876
2025-10-03,492,0.7444113317751294,0.7450672630657829,-0.0006559312906534686
2025-10-06,490,0.71592581144651,0.7084574875561706,0.0074683238903393515
2025-10-07,483,0.9876293824263923,0.9479804474907562,0.03964893493563614
2025-10-08,483,0.7972386872878474,0.7920430571594739,0.005195630128373566
2025-10-09,484,0.6312339421578737,0.6376097994098218,-0.006375857251948012
2025-10-10,488,0.8943600555763417,0.9547122860506925,-0.06035223047435073
2025-10-13,487,0.7557988112594103,0.7643948459124079,-0.008596034652997625
2025-10-14,485,0.7109691457371753,0.7090176804706703,0.0019514652665049803
2025-10-15,488,0.6425328569491632,0.6804709753148873,-0.03793811836572409
2025-10-16,488,0.8301414626121135,0.880357688984248,-0.050216226372134576
2025-10-17,490,0.6830771307069159,0.671110744986805,0.011966385720110943
2025-10-20,491,0.739705645383562,0.7269017344213828,0.012803910962179144
2025-10-21,489,0.7676261348743133,0.7718127717573808,-0.004186636883067539
2025-10-22,491,0.8851010365551868,0.8811601229796161,0.00394091357557072
2025-10-23,491,0.8273685136039824,0.8393713714969332,-0.012002857892950792
2025-10-24,492,1.0965682831456458,1.0946599171844609,0.001908365961184907
2025-10-27,491,1.2426495013563559,1.2085651311629861,0.03408437019336957
2025-10-28,481,1.0654149811288731,1.0747240282251305,-0.009309047096257404
2025-10-29,476,0.9291658519068747,0.9234403113326073,0.005725540574267517
2025-10-30,475,0.8092277962257446,0.7841324151695996,0.025095381056144922
2025-10-31,482,0.8383634347764289,0.857978425203349,-0.01961499042692007
2025-11-03,489,0.9623291956786391,0.9802849460803227,-0.017955750401683675
2025-11-04,481,0.9035584818082488,0.8819840285705041,0.021574453237744918
2025-11-05,475,0.8366200838622322,0.8279891801124154,0.008630903749816824
2025-11-06,475,0.8768556925075708,0.8426980925143266,0.03415759999324422
2025-11-07,479,0.6910133503567873,0.6727769858609879,0.01823636449579944
2025-11-10,479,0.7880303710601146,0.7862455469368218,0.0017848241232927772
2025-11-11,456,0.7055889902214524,0.7136389873339493,-0.008049997112496942
2025-11-12,445,1.0510171878714443,1.0615882901075002,-0.010571102236055977
2025-11-13,450,0.7776519687090377,0.7733886862598998,0.0042632824491379276
2025-11-14,465,0.7444491431134227,0.8013633291779102,-0.05691418606448752
2025-11-17,477,0.7384765119139451,0.7331501713574893,0.005326340556455906
2025-11-18,474,0.7529179664481108,0.7314551170269742,0.021462849421136642
2025-11-19,476,0.7577219450805045,0.7736108598975173,-0.015888914817012705
2025-11-20,477,1.3642490059557995,1.1977800614018042,0.16646894455399533
2025-11-21,481,0.9187059387337682,0.8099026111950786,0.10880332753868954
2025-11-24,474,0.8351632666668537,0.9036287214086656,-0.06846545474181186
2025-11-25,458,0.6189231520773594,0.5954326423518265,0.023490509725532866
2025-11-26,457,0.6653300918311181,0.6502806747375736,0.015049417093544471
2025-11-28,463,0.7993607615376332,0.8302826451382314,-0.030921883600598145
2025-12-01,478,0.7929975607219623,0.8081458876824175,-0.015148326960455165
2025-12-02,463,0.8401769831263424,0.8607386034644721,-0.02056162033812974
2025-12-03,465,0.7589536786816394,0.7677378873431558,-0.008784208661516376
2025-12-04,468,0.7817503992027947,0.7817890847041846,-3.868550139012738e-05
2025-12-05,482,0.8021733728400889,0.8043985069158186,-0.002225134075729644
2025-12-08,485,0.9140969609144979,0.9038423236809402,0.01025463723355758
2025-12-09,479,0.9044473758195313,0.9078462198086159,-0.0033988439890846106
2025-12-10,462,0.8657445335543572,0.8562818069414012,0.009462726612956118
2025-12-11,457,0.7704439889918024,0.7656491700145126,0.004794818977289766
2025-12-12,461,0.6845152940723696,0.6818577516514835,0.0026575424208860427
2025-12-15,480,0.6161279577006789,0.6065746799491784,0.009553277751500604
2025-12-16,482,0.588897897784851,0.5838100033190871,0.005087894465763954
2025-12-17,484,0.767469754736301,0.7822091876134716,-0.014739432877170602
2025-12-18,486,0.6379548324579192,0.6433226126830648,-0.0053677802251455905
2025-12-19,490,0.49464349365405635,0.6023507458117706,-0.10770725215771422
2025-12-22,485,0.41905590585273556,0.3993697225604076,0.019686183292328012
2025-12-23,482,0.4050477213870069,0.3736172109631882,0.031430510423818746
2025-12-24,481,0.42959929272810454,0.38248480278729563,0.04711448994080895
2025-12-26,471,0.5123408011135581,0.4613899684190686,0.05095083269448947
2025-12-29,458,0.5702826895217725,0.5679359759691097,0.002346713552662909
2025-12-30,457,0.7883389526693525,0.7788709046395352,0.00946804802981722
2025-12-31,471,1.316424797872999,1.2569938320745968,0.059430965798402104
2026-01-02,488,0.9448147893427782,0.9487484067809896,-0.003933617438211327
2026-01-05,491,0.76620758525872,0.7628913361912464,0.003316249067473588
2026-01-06,488,0.7541766107054639,0.7462265642960959,0.007950046409368076
2026-01-07,485,0.9159380915002259,0.902600407817425,0.01333768368280085
2026-01-08,484,0.88891992067672,0.8978639632702531,-0.008944042593532988
2026-01-09,489,0.8528118473333778,0.8606287452615325,-0.007816897928154744
2026-01-12,489,0.8265821163449987,0.8352160305436505,-0.00863391419865189
2026-01-13,483,0.7602099660113159,0.7627237844105887,-0.0025138183992728996
2026-01-14,480,0.8078354867835178,0.7992557001183186,0.008579786665199271
2026-01-15,482,0.7844138730922915,0.7797518241365318,0.004662048955759675
2026-01-16,487,0.7646278576371878,0.7713143757418264,-0.006686518104638637
2026-01-20,488,0.7455385217520244,0.7604960329927593,-0.014957511240734748
2026-01-21,490,0.6546489879294604,0.6536206403214778,0.0010283476079824602
2026-01-22,492,0.7694264214803567,0.7851815159449222,-0.01575509446456557
2026-01-23,493,0.8715344979667732,0.8658217238098364,0.005712774156936969
2026-01-26,490,1.0376114071407416,1.0363539498967225,0.0012574572440190637
2026-01-27,481,0.9222766953891148,0.9125748539799401,0.009701841409174693
2026-01-28,479,0.9837562785213758,0.9813184260285733,0.002437852492802515
2026-01-29,480,1.2669004180358392,1.2499999261505352,0.016900491885304066
2026-01-30,486,1.6081903756285287,1.5694652306435701,0.03872514498495857
2026-02-02,489,1.6972540579219837,1.6763980909535054,0.02085596696847836
2026-02-03,484,1.3001749467717287,1.267210142563003,0.03296480420872573
2026-02-04,481,1.1031280949357556,1.0703238348934465,0.03280426004230928
2026-02-05,478,1.2653845564754305,1.290951518171888,-0.0255669616964577
2026-02-06,480,1.1328958478756355,1.139015909691915,-0.0061200618162797656
2026-02-09,483,1.3766332964620196,1.4439464583556363,-0.06731316189361654
2026-02-10,464,1.2845768619122826,1.3036289432938108,-0.019052081381528377
2026-02-11,452,0.9891226920038776,0.9885599603475018,0.0005627316563758248
2026-02-12,449,0.9295734512053913,0.9800290452346854,-0.05045559402929407
2026-02-13,467,0.8188764137421917,0.7980864898467213,0.020789923895470457
2026-02-17,477,0.8154564277857232,0.7826371832836927,0.0328192445020306
2026-02-18,475,0.9451969658248655,0.9843132086335793,-0.03911624280871377
2026-02-19,476,0.8279110686802575,0.8382179427002995,-0.010306874020041839
2026-02-20,477,0.7874986337869551,0.7931375128108553,-0.005638879023900244
2026-02-23,483,0.9601872673272918,0.9405553784890274,0.019631888838264357
2026-02-24,469,0.9233959358861138,0.8845173393742765,0.03887859651183729
2026-02-25,458,1.0203878812734486,0.9847714088966715,0.03561647237677727
2026-02-26,456,1.0248532014462584,1.0418784473273042,-0.017025245881045856
2026-02-27,467,0.8841065527470704,0.9131221245561482,-0.02901557180907784
2026-03-02,477,1.0993040000758756,1.1556967082506495,-0.05639270817477392
2026-03-03,460,1.0842736631409189,1.1015737410611823,-0.017300077920263234
2026-03-04,456,0.9372270825930599,1.0295208879766056,-0.0922938053835458
2026-03-05,450,0.8585690847446177,0.8423151218858005,0.016253962858817153
2026-03-06,463,0.931003325117965,0.9710021424952114,-0.03999881737724649
2026-03-09,473,1.1757289619549027,1.3041319574910881,-0.12840299553618545
2026-03-10,465,1.0077803943980963,1.1159782053137415,-0.10819781091564505
2026-03-11,458,0.7339781223600823,0.8065718093795496,-0.07259368701946736
2026-03-12,451,0.7262836895142889,0.7018262289981773,0.024457460516111678
2026-03-13,472,0.6959706339323971,0.706112829134236,-0.01014219520183904
2026-03-16,483,0.7990723885982451,0.8272967848656689,-0.028224396267423815
2026-03-17,488,1.0499774788881795,1.1236875756639166,-0.07371009677573717
2026-03-18,487,0.6988447868925309,0.7571082479447893,-0.058263461052258325
2026-03-19,488,0.80144766725377,0.8444842402768578,-0.04303657302308767
2026-03-20,489,0.9789406149828972,0.9359099234608653,0.043030691522031955
2026-03-23,490,0.7712047846320965,0.8301532869269255,-0.05894850229482906
2026-03-24,488,0.9071676810126117,1.0261830101172098,-0.11901532910459824
2026-03-25,489,1.1622083744035583,1.2164477002842324,-0.05423932588067419
2026-03-26,467,0.6043429776747369,0.6622720258810911,-0.05792904820635419
2026-03-27,466,1.014108445149353,0.9141576420891335,0.09995080306021938
2026-03-30,458,1.1841823311439774,1.091759896758782,0.09242243438519537
2026-03-31,477,0.7510155574574124,0.7604630875853375,-0.009447530127925067
2026-04-01,480,0.6975469352002945,0.7123188061565254,-0.014771870956230844
2026-04-02,490,1.0418520812949077,1.0942156571468586,-0.052363575851950936
2026-04-06,488,1.2208565926693469,1.2509030303084065,-0.030046437639059457
2026-04-07,485,1.2809339268934286,1.3436622312941326,-0.06272830440070402
2026-04-08,484,0.7363745231481351,0.7532195225516414,-0.016844999403506214
2026-04-09,488,0.8151291940444607,0.7966130388981377,0.01851615514632293
2026-04-10,489,1.1201748560771436,1.0688230437675363,0.05135181230960735
2026-04-13,488,0.8289855862552952,0.8011174002460019,0.02786818600929324
2026-04-14,486,0.8511970158670163,0.806912140719053,0.044284875147963344
2026-04-15,487,0.8785116684625232,0.829909571773108,0.04860209668941511
2026-04-16,488,0.8284041777659784,0.813079494670406,0.015324683095572533
2026-04-17,488,0.8968353522028008,0.9186815183984395,-0.021846166195638703
2026-04-20,491,1.0567260255926538,1.0891072567626643,-0.032381231170010405
2026-04-21,491,1.036136498769818,1.0417785440409106,-0.005642045271092672
2026-04-22,494,0.9059531086727324,0.9104190648225741,-0.004465956149841637
2026-04-23,494,0.8307021221558021,0.8267013679478338,0.004000754207968363
2026-04-24,493,1.0028582323379902,1.0326353335688974,-0.02977710123090736
2026-04-27,487,1.0259232583929658,1.0157085245844784,0.010214733808487381
2026-04-28,482,1.0046227291240513,1.0036489835719458,0.0009737455521055864
2026-04-29,477,0.9272401109946032,0.9210634243907234,0.006176686603879767
2026-04-30,480,0.9372455070463513,0.9537058997557284,-0.01646039270937703
2026-05-01,485,1.124584867949449,1.114678743572073,0.009906124377375775
2026-05-04,490,1.1907365632806253,1.1582830502754227,0.03245351300520267
2026-05-05,480,1.3084155140230453,1.306799638021314,0.001615876001731179
2026-05-06,475,1.123777302702316,1.1883235826374121,-0.06454627993509607
2026-05-07,473,0.9878975315666333,0.9915802580398657,-0.0036827264732324093
2026-05-08,480,1.0072721595640937,0.9804815102238057,0.026790649340287985
2026-05-11,479,0.8171680578420573,0.832272988296933,-0.01510493045487572
2026-05-12,457,0.8808902574668147,0.9332296434138991,-0.052339385947084524
2026-05-13,452,0.9867353182735767,0.9867121661245137,2.3152149063055635e-05
2026-05-14,455,1.0388636805901277,1.0569629886189003,-0.01809930802877263
2026-05-15,475,0.832807235777365,0.8268681302965574,0.00593910548080776
2026-05-18,481,0.8296791375885428,0.8035533084280385,0.026125829160504235
2026-05-19,465,1.118597621065414,1.046798865022903,0.07179875604251111
2026-05-20,467,0.988997249759124,0.976803988617083,0.012193261142040994
2026-05-21,469,0.9518227032167109,0.9442529955787555,0.007569707637955422
2026-05-22,486,1.0384691034411127,1.0318617164098811,0.006607387031231658
2026-05-26,473,1.2210379628922505,1.22411034139507,-0.0030723785028196316
2026-05-27,456,1.5070641793861892,1.514810825404797,-0.00774664601860766
2026-05-28,456,1.1893571089573507,1.2041719290647284,-0.01481482010737794
2026-05-29,468,1.0326179448823385,1.0353934091675603,-0.0027754642852218323
2026-06-01,482,1.0468199820633646,1.0385918296004566,0.008228152462908015
2026-06-02,466,1.124445532434547,1.0841617210793326,0.0402838113552145
2026-06-03,465,0.9058725057685028,0.9079626104145435,-0.0020901046460407705
2026-06-04,466,0.9903336780179107,0.9956623556309319,-0.005328677613020947
2026-06-05,478,0.839177177009583,0.834333690568981,0.004843486440602127
2026-06-08,481,0.933207370925022,0.9037088720507203,0.02949849887430173
2026-06-09,475,0.831770884893054,0.8130283906677992,0.01874249422525473
2026-06-10,453,1.3797249457144192,1.3533234345608762,0.026401511153543156
2026-06-11,449,0.8908650489516374,0.8830731251386494,0.007791923812987945
2026-06-12,458,1.0358044008197929,1.0698503026314328,-0.03404590181164005
2026-06-15,483,0.9079916664730547,0.9368097300121719,-0.0288180635391173
2026-06-16,485,1.0920483624234463,1.099972895889737,-0.007924533466291066
2026-06-17,485,0.779977348511784,0.8003474700629034,-0.020370121551119415
2026-06-18,486,0.9638535072646227,0.9636733484806974,0.0001801587839252144
2026-06-22,487,1.1426480728504584,1.115152388099406,0.027495684751052483
2026-06-23,485,1.1933882034871761,1.1590666291974896,0.0343215742896866
2026-06-24,485,0.995544410330883,0.9811831960501944,0.014361214280688463
2026-06-25,467,0.9771844649447748,0.9722020992504108,0.004982365694364224
2026-06-26,464,0.9882445741800912,0.9913296673087094,-0.003085093128618223
2026-06-29,460,1.2166602498263586,1.188257635829703,0.02840261399665524
2026-06-30,475,1.2508528804123142,1.213404656115162,0.037448224297152236
2026-07-01,480,1.025031731438655,1.0140144125953823,0.011017318843272826
2026-07-02,485,0.8945331335258845,0.8825521632333463,0.011980970292538234
2026-07-06,488,0.7780495547635844,0.7731284679729463,0.00492108679063818
2026-07-07,483,0.7540060229531216,0.7578071447754492,-0.003801121822327648
2026-07-08,484,0.719934746964985,0.7008897111763281,0.01904503578865695
2026-07-09,488,0.7278706640859591,0.729641672641739,-0.0017710085557799942
2026-07-10,491,0.8130712270205316,0.8395199294364764,-0.026448702415944745
2026-07-13,492,0.8967624899535068,0.8957183355604988,0.00104415439300805
2026-07-14,488,0.955067186416886,0.9584599747703757,-0.003392788353489651
2026-07-15,488,0.8303130455747073,0.8516651934232096,-0.021352147848502274
2026-07-16,486,0.9292478644956385,0.9228928143549547,0.006355050140683704
2026-07-17,488,0.8773204443361988,0.88651462205583,-0.009194177719631127
2026-07-20,491,1.0496215498282293,1.061186943498387,-0.011565393670157735
2026-07-21,488,0.9889981800671199,0.9855194441010113,0.0034787359661085015
2026-07-22,489,1.1446274057615904,1.0992710278369664,0.045356377924624144
2026-07-23,489,1.9345470719389868,1.7959720252506375,0.13857504668834936
2026-07-24,493,1.6392300678532983,1.6186004977631625,0.020629570090135798
2026-07-27,492,1.0077895445129361,1.0128797835318128,-0.005090239018876751
2026-07-28,484,1.1604473047025776,1.144872613830508,0.015574690872069601
2026-07-29,477,1.386959216730355,1.3189401646117738,0.06801905211858127
2026-07-30,477,1.3027163661592407,1.2026846235759239,0.1000317425833166
2026-07-31,485,1.2191744915033331,1.1604730236462746,0.05870146785705865
2026-08-03,492,0.9700052686873009,0.9511792162771469,0.01882605241015383
2026-08-04,485,0.8869207103059572,0.8654754210226234,0.02144528928333371
2026-08-05,480,0.9335300985593176,0.9299374372702117,0.003592661289105921
2026-08-06,478,0.8330996445387764,0.8217469397841825,0.01135270475459389
2026-08-07,480,0.8021651853756793,0.8024738737775929,-0.00030868840191362136
2026-08-10,480,0.8154833006677694,0.7766843154891687,0.038798985178600635
2026-08-11,458,0.7931970317674034,0.7681148835726286,0.025082148194774865
2026-08-12,455,0.7010972660970486,0.7178615550562971,-0.016764288959248575
2026-08-13,455,0.7512752629920758,0.7906495746906167,-0.03937431169854079
2026-08-14,469,1.0853277544983244,1.0781130909866876,0.00721466351163663
2026-08-17,473,1.2208501936979972,1.1952422139942354,0.025607979703761816
2026-08-18,471,1.1321321272810232,1.1292519564141081,0.002880170866915434
2026-08-19,475,0.7601666523691231,0.7853222466254528,-0.025155594256329718
