origin_trading_day,rows,baseline_loss,candidate_loss,loss_delta_baseline_minus_candidate
2020-05-06,451,1.6335991049737077,1.4763588362899729,0.15724026868373508
2020-05-07,461,1.3810212507864406,1.2491261137786338,0.1318951370078068
2020-05-08,465,1.9611427325215456,1.9793076958866265,-0.01816496336508087
2020-05-11,451,1.5314944351999107,1.4711918743949093,0.06030256080500124
2020-05-12,443,1.3164218165989046,1.1888286416810696,0.12759317491783492
2020-05-13,447,2.270428172485424,2.1455085021540814,0.12491967033134267
2020-05-14,454,1.7084336622055476,1.5495248003303714,0.158908861875176
2020-05-15,459,2.0805033087276175,1.9573213387808732,0.1231819699467443
2020-05-18,453,1.3356025446129052,1.1906794572642645,0.14492308734864084
2020-05-19,455,1.3662402101279592,1.1891412581429415,0.1770989519850178
2020-05-20,456,1.5920832405462997,1.4233600063061687,0.16872323424013105
2020-05-21,460,2.027813019572521,1.8790763292334483,0.14873669033907277
2020-05-22,454,1.8018195063703228,1.6499806276746318,0.15183887869569118
2020-05-26,444,1.4788110560961185,1.324497469513846,0.15431358658227226
2020-05-27,443,1.4128590898499986,1.251772054037816,0.16108703581218253
2020-05-28,452,1.4136728676633217,1.2236605786272423,0.19001228903607928
2020-05-29,464,1.840336640837722,1.6908663216542106,0.1494703191835114
2020-06-01,456,1.813167553623876,1.6459248634278048,0.1672426901960711
2020-06-02,459,2.2643618646760655,2.1457674266814726,0.11859443799459321
2020-06-03,461,2.0956660285156574,1.9466398814242707,0.1490261470913868
2020-06-04,465,1.5035308675573942,1.3100334543402696,0.19349741321712474
2020-06-05,466,1.395389721288665,1.2343359133781941,0.16105380791047072
2020-06-08,453,2.8472458417325863,2.9635095438568735,-0.11626370212428666
2020-06-09,439,1.9137814044431642,1.9761293158292668,-0.06234791138610271
2020-06-10,433,1.4378933680367916,1.377098599738301,0.06079476829849059
2020-06-11,446,1.723239702854075,1.6001981729158812,0.12304152993819376
2020-06-12,469,1.2848123006646404,1.1541918067215,0.1306204939431403
2020-06-15,474,1.0995486459727086,0.9934338933327652,0.10611475263994342
2020-06-16,471,1.1800578133857602,1.1372195153487161,0.042838298037044156
2020-06-17,470,1.0662030552734623,1.0068410591186836,0.05936199615477854
2020-06-18,471,1.0294487879595349,0.9062286541139712,0.1232201338455638
2020-06-19,476,1.1798815782672092,1.130030747037028,0.04985083123018106
2020-06-22,474,1.077469044554499,0.9958083779069413,0.08166066664755753
2020-06-23,472,1.378566383803364,1.3910263086638146,-0.012459924860450541
2020-06-24,454,0.9339417153756722,0.8492990259599997,0.08464268941567224
2020-06-25,448,0.9337416180577854,0.8613748037848229,0.07236681427296257
2020-06-26,447,1.2049182730746708,1.135462546488972,0.06945572658569876
2020-06-29,460,1.0452541768470334,0.9893131499111152,0.055941026935918084
2020-06-30,466,1.014352939596974,0.959728850998034,0.05462408859893996
2020-07-01,468,0.9574737571276583,0.9183053109293235,0.03916844619833463
2020-07-02,473,0.9884798795197048,0.9459100463852552,0.04256983313444973
2020-07-06,467,1.1913348727565312,1.1986113407188843,-0.007276467962353276
2020-07-07,467,0.8598997425852215,0.8069776741911429,0.05292206839407862
2020-07-08,468,0.8759999725452023,0.8341009078453271,0.041899064699875255
2020-07-09,472,1.205808049174601,1.1552134329711172,0.05059461620348378
2020-07-10,472,1.2894984030925851,1.250564656353848,0.03893374673873702
2020-07-13,468,1.250993368593039,1.2124108900908115,0.03858247850222745
2020-07-14,469,1.025195189732685,0.9790054786919574,0.04618971104072741
2020-07-15,471,0.9056604922112982,0.893979162548353,0.011681329662945118
2020-07-16,473,0.8471633525353521,0.802256209102798,0.04490714343255408
2020-07-17,475,0.8827998427329702,0.8373736287402131,0.04542621399275703
2020-07-20,471,1.0051536054149648,0.9698021265011343,0.035351478913830565
2020-07-21,471,0.8734544063711969,0.8521945716120779,0.021259834759119103
2020-07-22,472,0.8368707144268979,0.8008761831780685,0.035994531248829405
2020-07-23,473,0.8130052882882363,0.7711609868339757,0.04184430145426061
2020-07-24,475,0.9245793955235462,0.8782746511537818,0.046304744369764346
2020-07-27,467,0.9347313977772648,0.8916539264959309,0.043077471281333886
2020-07-28,457,1.0076909927164632,0.9590757354629816,0.048615257253481745
2020-07-29,455,0.9553735021235875,0.9287904990344596,0.026583003089127828
2020-07-30,463,0.8975056258695323,0.8596788235249953,0.037826802344537
2020-07-31,476,0.9973054184736404,0.9616847091552537,0.03562070931838662
2020-08-03,470,1.0052316154573233,0.9769531317266613,0.02827848373066204
2020-08-04,462,1.03052246523315,1.006074642968777,0.024447822264373083
2020-08-05,459,1.1410931861827307,1.1204465271386213,0.020646659044109388
2020-08-06,464,1.1915081374826726,1.1718982003385978,0.019609937144074774
2020-08-07,470,0.9091926785543611,0.8761731385189484,0.03301954003541269
2020-08-10,448,0.7634181862520585,0.7306242371545578,0.03279394909750075
2020-08-11,443,0.7562323846362279,0.7199171873467665,0.0363151972894614
2020-08-12,442,0.7496542438132338,0.7136466031548588,0.03600764065837496
2020-08-13,458,0.7320286125507841,0.7013326192271475,0.030695993323636546
2020-08-14,459,0.759483756433043,0.7373291172217977,0.02215463921124533
2020-08-17,457,0.7868008344731865,0.7657666907314244,0.021034143741761983
2020-08-18,461,0.7516533812586149,0.7160986355281148,0.03555474573050008
2020-08-19,462,0.7490995243901598,0.7082561629504694,0.04084336143969035
2020-08-20,466,0.7354992959522142,0.7001676106008997,0.035331685351314486
2020-08-21,469,0.8144859369971389,0.7686692187507461,0.04581671824639268
2020-08-24,466,0.7699205357114902,0.7404105032867673,0.02951003242472288
2020-08-25,457,0.8285784070192638,0.8004203138159468,0.028158093203317042
2020-08-26,442,0.7363354276107308,0.7069812433270473,0.029354184283683533
2020-08-27,443,0.7460286006915688,0.7174410894122997,0.02858751127926906
2020-08-28,448,0.8343009932613954,0.8182270149395791,0.016073978321816243
2020-08-31,451,0.7577834359415571,0.7263681179467214,0.03141531799483562
2020-09-01,459,0.9911296300697457,0.9677108727434292,0.023418757326316535
2020-09-02,458,1.7074722542306746,1.7060127326344068,0.0014595215962677486
2020-09-03,464,0.7870633911649378,0.7798238565926859,0.007239534572252003
2020-09-04,458,0.9531642232325,0.9535643483157253,-0.0004001250832253482
2020-09-08,462,0.7538946974031988,0.7436466835971429,0.010248013806055901
2020-09-09,443,0.7624348280061293,0.7500491621393743,0.012385665866754889
2020-09-10,442,0.924930380190712,0.9067415927030749,0.018188787487637123
2020-09-11,441,0.9518015018681126,0.9418305831468747,0.009970918721237853
2020-09-14,466,0.6964748026023968,0.6935585322464458,0.002916270355950958
2020-09-15,470,0.8245799165763864,0.8189799450701625,0.0055999715062239955
2020-09-16,472,1.2503683549642126,1.2480685975263457,0.0022997574378671305
2020-09-17,473,1.1268990537655663,1.1234444240251007,0.0034546297404656145
2020-09-18,475,1.330670537110458,1.3310853501960864,-0.0004148130856287858
2020-09-21,474,0.779210543219851,0.7860225526842324,-0.006812009464381422
2020-09-22,471,0.6558686440541038,0.6623556401435193,-0.006486996089415522
2020-09-23,473,1.0739776793607878,1.0550018626464628,0.01897581671432506
2020-09-24,456,0.9229354525003514,0.9105772974243077,0.01235815507604373
2020-09-25,451,0.772665372292678,0.7659597139582281,0.006705658334449891
2020-09-28,445,0.748197685573146,0.7528025813689524,-0.0046048957958063795
2020-09-29,462,0.7764876843559807,0.7761061499739897,0.0003815343819910237
2020-09-30,466,0.9245750392587547,0.9145163249692007,0.010058714289554106
2020-10-01,470,0.8056417136711489,0.801602698332428,0.004039015338720912
2020-10-02,472,0.94597941896749,0.9370609085348051,0.008918510432685038
2020-10-05,463,0.8288938889990077,0.8204778444132953,0.008416044585712518
2020-10-06,463,1.094817066553138,1.081261952140755,0.013555114412383032
2020-10-07,464,0.8903202805541908,0.8830985251697162,0.007221755384474519
2020-10-08,478,0.8091352999132225,0.8103494334000662,-0.001214133486843568
2020-10-09,476,0.6925824601990197,0.6956235115532003,-0.003041051354180702
2020-10-12,471,0.7152011813023307,0.712827384744162,0.0023737965581686923
2020-10-13,469,0.6637648275267268,0.6660553935111543,-0.0022905659844275304
2020-10-14,473,0.7231450019511497,0.7230807453917084,6.425655944119641e-05
2020-10-15,476,0.6833436162700973,0.6796395044844651,0.0037041117856322827
2020-10-16,476,0.743719181298438,0.7360558044508848,0.007663376847553253
2020-10-19,472,0.9130479291248705,0.9086742299106522,0.004373699214218463
2020-10-20,473,0.8042680191881463,0.7971264241955319,0.007141594992614375
2020-10-21,474,0.7445538879712824,0.7344987193954592,0.010055168575823076
2020-10-22,475,1.0579620177580111,1.0490169040183497,0.008945113739661417
2020-10-23,476,1.9582458725299667,1.9476323960005861,0.010613476529380576
2020-10-26,468,1.1717537002076692,1.154802126315641,0.016951573892028372
2020-10-27,460,1.0536205572524826,1.0427932465139351,0.01082731073854744
2020-10-28,459,1.264159909850495,1.248702798798105,0.015457111052389807
2020-10-29,466,1.4647451670664209,1.4417701235736908,0.022975043492730243
2020-10-30,476,1.731714544080137,1.7128158444204082,0.018898699659728707
2020-11-02,466,1.7981417431335434,1.7773064197993678,0.02083532333417552
2020-11-03,461,1.474452779814235,1.4698604394228951,0.004592340391339971
2020-11-04,453,2.7970816062356736,2.7651059211898534,0.031975685045820296
2020-11-05,457,2.3987689154010408,2.36176286388444,0.0370060515166003
2020-11-06,464,2.1487913951238307,2.103873123953329,0.044918271170501234
2020-11-09,455,0.8774423866577682,0.8921013509281991,-0.01465896427043091
2020-11-10,450,0.7872853187535391,0.7921484457338628,-0.004863126980323655
2020-11-11,448,1.0029845272567566,0.9894018998661737,0.013582627390582963
2020-11-12,457,1.3013015980150535,1.2808766263927973,0.020424971622255993
2020-11-13,462,0.8552939221321518,0.8517286423869898,0.0035652797451620716
2020-11-16,454,0.8634454670115057,0.8568792371341217,0.006566229877383966
2020-11-17,460,0.7977657991090781,0.7918184848798479,0.005947314229230247
2020-11-18,462,0.8709734704126156,0.8581946865613626,0.012778783851253092
2020-11-19,467,1.1938583860968712,1.1866501539070498,0.0072082321898213645
2020-11-20,466,1.1453203894856463,1.1406311968169054,0.004689192668740932
2020-11-23,458,0.7921731513452732,0.7716189059401827,0.02055424540509072
2020-11-24,448,0.9536047801191518,0.9534519356719148,0.00015284444723698913
2020-11-25,441,0.8099495269012412,0.7988256084237929,0.011123918477448267
2020-11-27,449,0.7542927729566049,0.7407879248711652,0.01350484808543976
2020-11-30,447,0.9166118061222974,0.9008590588940018,0.015752747228295595
2020-12-01,454,1.0257371592191367,1.011198495999692,0.014538663219444671
2020-12-02,459,0.8398196424651334,0.821440345720121,0.018379296745012475
2020-12-03,471,0.7895507187457854,0.7718667353123583,0.017683983433427156
2020-12-04,468,0.6927814058079682,0.6755858069086591,0.01719559889930922
2020-12-07,459,0.7380655813460234,0.711964131727453,0.026101449618570447
2020-12-08,459,0.7275960498051347,0.7091595008774915,0.0184365489276432
2020-12-09,444,0.7702403550080651,0.7574813871934208,0.012758967814644136
2020-12-10,446,0.7140090614173565,0.6965030692855292,0.017505992131827484
2020-12-11,449,0.7495886618354052,0.7199906870066283,0.02959797482877688
2020-12-14,465,0.8711698844019407,0.853984983517815,0.01718490088412559
2020-12-15,465,0.7902482133592242,0.7735748134069956,0.016673399952228635
2020-12-16,465,0.743860478316792,0.723517975715421,0.02034250260137103
2020-12-17,466,0.8161051630059614,0.8007173357090205,0.015387827296940848
2020-12-18,472,0.7060506018767934,0.6739204976680652,0.0321301042087282
2020-12-21,467,0.6052775781426901,0.5729592323144057,0.03231834582828445
2020-12-22,472,0.6837259461476046,0.6608805906965438,0.02284535545106083
2020-12-23,473,0.6239372005494691,0.5962909890411762,0.027646211508292953
2020-12-24,462,0.6167817947289128,0.581992356452873,0.034789438276039926
2020-12-28,451,0.6136681910562836,0.582989900609428,0.030678290446855612
2020-12-29,446,0.6735240402216186,0.6355341494685972,0.037989890753021345
2020-12-30,462,0.725837316178701,0.6856216560268641,0.040215660151836856
2020-12-31,472,1.180908513909427,1.1841282250666745,-0.0032197111572472735
2021-01-04,465,1.5854770900986794,1.6213164316532418,-0.035839341554562275
2021-01-05,463,1.2757935579425768,1.2906055098525404,-0.014811951909963539
2021-01-06,464,0.8705573273165306,0.8550449436723353,0.015512383644195233
2021-01-07,476,0.8185535735319627,0.7961249469886306,0.022428626543332077
2021-01-08,478,0.8119471462598455,0.7901285406896209,0.021818605570224622
2021-01-11,473,0.9442092440862475,0.9235291049382263,0.020680139148021196
2021-01-12,471,0.8518483947213155,0.8362196085003284,0.01562878622098705
2021-01-13,468,0.8008808152765903,0.7792965766274303,0.02158423864915994
2021-01-14,473,0.8300902783219619,0.8140860292484589,0.01600424907350311
2021-01-15,468,0.8477955672892428,0.8374790506750155,0.010316516614227255
2021-01-19,472,0.7964790411162671,0.7831103263613917,0.013368714754875373
2021-01-20,472,0.8387835084569454,0.8293232753743008,0.009460233082644463
2021-01-21,478,0.9363291379290453,0.9321778770848453,0.004151260844199854
2021-01-22,479,1.471768490013916,1.4747189021767595,-0.002950412162843368
2021-01-25,473,0.9218867923772495,0.9004702086001046,0.021416583777144803
2021-01-26,461,1.1110004571465473,1.0953663249200971,0.01563413222645004
2021-01-27,460,1.0174118243985193,0.9943946386505188,0.023017185748000425
2021-01-28,464,0.8795222490458766,0.8601240710182527,0.019398178027623923
2021-01-29,477,1.1423322071081987,1.119372037962034,0.02296016914616476
2021-02-01,468,1.1918700562241504,1.1696787621297042,0.0221912940944461
2021-02-02,466,1.0092532514219048,0.9929306778276825,0.016322573594222272
2021-02-03,461,1.164724620296473,1.136124051629897,0.028600568666575982
2021-02-04,465,0.8561104921078897,0.8406473756333421,0.01546311647454759
2021-02-05,466,0.7918793077770934,0.7758865554621809,0.015992752314912522
2021-02-08,451,0.7877185013045618,0.7740831962822854,0.013635305022276318
2021-02-09,449,0.8530892012830249,0.838630901708077,0.014458299574947925
2021-02-10,444,0.8591670339904245,0.8498051701301896,0.009361863860234819
2021-02-11,458,0.7784281254117574,0.7720832511444058,0.006344874267351634
2021-02-12,458,0.7778046427135871,0.7750811008316377,0.002723541881949368
2021-02-16,455,0.7039759709544698,0.6988907855705416,0.005085185383928262
2021-02-17,458,0.9118763724238034,0.9131607180049337,-0.0012843455811302972
2021-02-18,461,1.1118862703222645,1.1099978508386672,0.0018884194835974426
2021-02-19,469,1.1687554713572454,1.1658665352776532,0.002888936079592152
2021-02-22,456,0.8017644323161278,0.8049978173573163,-0.0032333850411884403
2021-02-23,444,0.834061527006883,0.8285122293268232,0.005549297680059785
2021-02-24,444,0.7253993517116993,0.7327229519570406,-0.007323600245341224
2021-02-25,457,0.7792510300075451,0.7779484460112226,0.0013025839963225268
2021-02-26,468,0.8812678861805194,0.8847866462148017,-0.003518760034282245
2021-03-01,459,1.221810335667751,1.2238935646995626,-0.002083229031811661
2021-03-02,453,0.9983472156987815,1.0037923730469136,-0.0054451573481320405
2021-03-03,457,1.1736374465001358,1.1738355185019478,-0.00019807200181192117
2021-03-04,451,1.0880600504320566,1.0735905041003775,0.014469546331679135
2021-03-05,459,0.863673989087604,0.8617756265844049,0.0018983625031990868
2021-03-08,448,1.0874555849409282,1.0898160028035828,-0.00236041786265451
2021-03-09,442,0.9138000612388176,0.9070253592039109,0.00677470203490682
2021-03-10,435,0.9375442060067224,0.929738007728699,0.007806198278023291
2021-03-11,438,0.7281982259904347,0.7352618462303515,-0.0070636202399168594
2021-03-12,460,0.7237778387658858,0.7278615276824714,-0.004083688916585589
2021-03-15,464,0.8058312763822255,0.8142581170604734,-0.008426840678247761
2021-03-16,471,0.7441030614636892,0.7444379507509609,-0.00033488928727149793
2021-03-17,472,0.7918694350417358,0.7940078508848936,-0.002138415843157691
2021-03-18,475,0.9120732437633309,0.9105173783702348,0.0015558653930958775
2021-03-19,477,0.8457542731878082,0.8557444487530366,-0.009990175565228424
2021-03-22,474,0.7478133866238709,0.7575914879552966,-0.009778101331425704
2021-03-23,473,1.1909699159888623,1.1881043863997294,0.002865529589132887
2021-03-24,476,0.9909688340537129,0.9933125726265766,-0.0023437385728635844
2021-03-25,461,0.708809164377688,0.7126771334032739,-0.0038679690255857997
2021-03-26,452,0.5939398788671779,0.5965215888402742,-0.002581709973096309
2021-03-29,449,0.7981398306926775,0.7842945363999205,0.013845294292756976
2021-03-30,462,0.8969508435892564,0.8883821095903267,0.008568733998929674
2021-03-31,469,0.8138123884892315,0.8067462386948251,0.007066149794406471
2021-04-01,471,0.6070701712577741,0.6090976105885457,-0.0020274393307715866
2021-04-05,466,0.5880262359008505,0.5770509931248301,0.01097524277602037
2021-04-06,467,0.5968699945684366,0.5873574654657985,0.009512529102638067
2021-04-07,467,0.6521337307791433,0.6464674157490018,0.005666315030141516
2021-04-08,478,0.6049654699846196,0.6007655911858585,0.004199878798761004
2021-04-09,476,0.5759698108462732,0.5622073723559672,0.013762438490306082
2021-04-12,473,0.6400972845883997,0.6277419914396204,0.012355293148779294
2021-04-13,473,0.6762515963078035,0.6656011458144022,0.01065045049340138
2021-04-14,478,0.6502169664674168,0.6430963828514842,0.0071205836159326415
2021-04-15,476,0.7185532668227907,0.7207419494238051,-0.0021886826010143008
2021-04-16,475,0.6221039368043693,0.6097317324648418,0.012372204339527496
2021-04-19,471,0.6523198290417941,0.6406179712459319,0.011701857795862261
2021-04-20,474,0.7977687153193372,0.7886644206351089,0.009104294684228466
2021-04-21,475,0.6848550905329395,0.6670620346608123,0.017793055872127192
2021-04-22,478,0.784933336743376,0.7704482045299421,0.014485132213433862
2021-04-23,480,0.7242723584473938,0.7042731653267276,0.0199991931206662
2021-04-26,472,0.7591851918916858,0.7519734632115728,0.007211728680112967
2021-04-27,462,0.7159397023563521,0.7074400852347623,0.00849961712158976
2021-04-28,462,0.767911904394101,0.7693773433689606,-0.0014654389748596985
2021-04-29,470,0.8185157345532008,0.8183028119159581,0.00021292263724263363
2021-04-30,480,0.9079854772862707,0.9089134485169535,-0.0009279712306828511
2021-05-03,471,0.8838683602667657,0.8842053208156025,-0.0003369605488369321
2021-05-04,461,0.8652503368711866,0.8663546903169448,-0.0011043534457582022
2021-05-05,457,0.7917548335809027,0.7970162409962208,-0.00526140741531811
2021-05-06,464,0.6504209562930718,0.6462333843789464,0.004187571914125408
2021-05-07,469,1.249035602155909,1.2422718395357297,0.00676376262017939
2021-05-10,455,0.7868437328387171,0.782484240126774,0.004359492711943029
2021-05-11,448,0.5862453992926285,0.5856163649747245,0.0006290343179040971
2021-05-12,452,0.9337422939936441,0.9257455159345523,0.007996778059091674
2021-05-13,463,0.6546566151642756,0.6534636211858239,0.0011929939784516331
2021-05-14,466,0.6875258488709547,0.6873003994152624,0.00022544945569228148
2021-05-17,457,0.7403207084126902,0.7436764957888734,-0.003355787376183257
2021-05-18,459,0.6384146563816393,0.6471685517862926,-0.008753895404653286
2021-05-19,460,0.6950261023595002,0.6991266053785448,-0.004100503019044585
2021-05-20,465,0.5553698303617987,0.5525405606566891,0.0028292697051095937
2021-05-21,468,0.5989713424619049,0.5912208494504795,0.007750493011425514
2021-05-24,454,0.6160102697008654,0.6040738938791613,0.011936375821704091
2021-05-25,441,0.59319217525822,0.5888417751785574,0.004350400079662608
2021-05-26,438,0.6711293966120385,0.666927675066902,0.0042017215451364345
2021-05-27,452,0.6346961527721088,0.6305203336441819,0.004175819127926932
2021-05-28,455,0.679554785492583,0.6782096380514121,0.001345147441170827
2021-06-01,460,0.6260501341464045,0.6213497708833371,0.004700363263067495
2021-06-02,460,0.6139280336159064,0.6089665364608441,0.004961497155062387
2021-06-03,470,0.623812259321295,0.6236882577869436,0.00012400153435144506
2021-06-04,464,0.6353472073011313,0.6302204890022067,0.005126718298924571
2021-06-07,460,0.6495677953618507,0.6481402773364733,0.0014275180253774118
2021-06-08,462,0.598703296716541,0.594938063291041,0.003765233425499985
2021-06-09,445,0.623097352330801,0.6226125958071403,0.0004847565236607453
2021-06-10,447,0.5167255811050232,0.5140640995317266,0.002661481573296575
2021-06-11,447,0.5828524190453953,0.5738696583754125,0.008982760669982916
2021-06-14,468,0.7326857845911835,0.7235888149145087,0.00909696967667474
2021-06-15,473,1.1543279095140033,1.1342725114596255,0.020055398054377723
2021-06-16,473,0.6533888548350676,0.6469454045109521,0.006443450324115466
2021-06-17,476,0.5274174220952529,0.5275168480954152,-9.942600016237096e-05
2021-06-18,477,0.687433679101012,0.6896131298840038,-0.002179450782991899
2021-06-21,473,0.5804117814197306,0.5887367193768592,-0.008324937957128575
2021-06-22,469,0.6087870383203412,0.6213158417435188,-0.012528803423177727
2021-06-23,470,0.634090362716542,0.6489605777789271,-0.014870215062385124
2021-06-24,459,0.5915651450083949,0.6007131370187767,-0.009147992010381757
2021-06-25,454,0.5507128596194374,0.552080744352931,-0.0013678847334935894
2021-06-28,447,0.48799308991255336,0.49439316392464516,-0.006400074012091739
2021-06-29,459,0.5176944212751801,0.5231573813330775,-0.005462960057897536
2021-06-30,464,0.5885476405241834,0.5942146394364781,-0.005666998912294678
2021-07-01,471,0.6861306721542644,0.6900312722190914,-0.0039006000648270783
2021-07-02,470,0.7455011808071679,0.7406186924444634,0.004882488362704588
2021-07-06,470,0.47559414834519753,0.48191180241512244,-0.006317654069924922
2021-07-07,471,0.5069509320907081,0.5092320317887636,-0.002281099698055608
2021-07-08,478,0.5271892977814133,0.5318390872362888,-0.004649789454875544
2021-07-09,475,0.5478443963572531,0.5571718744710371,-0.009327478113783953
2021-07-12,472,0.6562561265980653,0.6657731110033922,-0.009516984405326877
2021-07-13,471,0.755942685431631,0.7627950091735326,-0.006852323741901482
2021-07-14,477,1.0007058192641454,0.9953960294681797,0.005309789795965617
2021-07-15,475,0.5932648945341975,0.6009587405367053,-0.007693846002507774
2021-07-16,475,0.6721088260319144,0.6783862806907297,-0.006277454658815283
2021-07-19,472,0.9845451495595924,0.9907198685365975,-0.0061747189770052216
2021-07-20,475,0.6685161950740826,0.6737238727160638,-0.0052076776419812485
2021-07-21,473,0.582269785547882,0.5918080113286592,-0.009538225780777322
2021-07-22,476,0.5956033915020607,0.6035027853957795,-0.007899393893718906
2021-07-23,477,0.5527020456180258,0.5601751832179311,-0.007473137599905212
2021-07-26,470,0.6250699917834205,0.6328714467483284,-0.007801454964907952
2021-07-27,458,0.6852972830804078,0.6910865655018329,-0.005789282421425033
2021-07-28,458,0.6737102680958188,0.6782489869266525,-0.004538718830833616
2021-07-29,468,0.709117982570462,0.7084751416559537,0.0006428409145083207
2021-07-30,480,0.7040145917073967,0.7048520347603173,-0.0008374430529205904
2021-08-02,475,0.6894023397997754,0.6940193988803001,-0.004617059080524672
2021-08-03,469,0.630178475692281,0.6350364154577606,-0.0048579397654795985
2021-08-04,460,0.6946106975617968,0.6990978133232468,-0.00448711576145007
2021-08-05,465,0.7313746919509684,0.7312876242827878,8.706766818063005e-05
2021-08-06,466,0.6664145992581658,0.6700998572036346,-0.003685257945468835
2021-08-09,454,0.6565899632362084,0.6682600888350764,-0.011670125598867995
2021-08-10,446,0.5043240548157694,0.527412451709863,-0.023088396894093585
2021-08-11,449,0.5645428297800453,0.580902520958348,-0.016359691178302632
2021-08-12,461,0.7083084739805439,0.7227831826695458,-0.014474708689001867
2021-08-13,464,0.73829593613521,0.7404746048735307,-0.0021786687383206233
2021-08-16,455,0.8620176567766265,0.8577195292404265,0.004298127536199968
2021-08-17,460,0.5772141572650051,0.5778808618895789,-0.0006667046245737742
2021-08-18,462,0.4806589602124183,0.4820627090129546,-0.0014037488005363868
2021-08-19,471,0.7615939480909255,0.7788527957796878,-0.01725884768876229
2021-08-20,472,0.8111706392039388,0.8131638123582581,-0.001993173154319307
2021-08-23,471,0.544294063356833,0.5387334811472829,0.005560582209550008
2021-08-24,468,0.4993422199939753,0.5097501262183586,-0.010407906224383224
2021-08-25,462,0.4860085171693144,0.48949359886231475,-0.003485081693000318
2021-08-26,444,0.44739271368524214,0.45373895393870467,-0.0063462402534625205
2021-08-27,446,0.5444333772342688,0.5548317323541737,-0.01039835511990497
2021-08-30,440,0.5211362686169291,0.525027865914956,-0.00389159729802692
2021-08-31,458,0.48233768334923177,0.4838664067755114,-0.0015287234262796204
2021-09-01,455,0.5290922981613454,0.5220745511766145,0.007017746984730847
2021-09-02,466,0.619291682809118,0.6206793516399112,-0.0013876688307931139
2021-09-03,455,0.6576702315652974,0.642278650139751,0.015391581425546303
2021-09-07,458,0.6137307364538984,0.606585201064576,0.007145535389322382
2021-09-08,460,0.6914711107384711,0.6663242409044462,0.025146869834024987
2021-09-09,450,0.640081179751702,0.6342317606198571,0.005849419131844852
2021-09-10,445,0.5732197254431631,0.5790418376729717,-0.005822112229808464
2021-09-13,444,0.5309524963532066,0.5302028861486255,0.0007496102045810492
2021-09-14,468,0.5577655041207701,0.5469092830207891,0.010856221099980936
2021-09-15,474,0.9664008741591502,0.9448599729999874,0.0215409011591628
2021-09-16,475,0.9871549259690446,0.9585585190506875,0.028596406918357097
2021-09-17,476,0.5439099675851202,0.5405442618090802,0.0033657057760400227
2021-09-20,472,0.8026436916133165,0.7974793692381201,0.0051643223751963166
2021-09-21,472,0.9518126861591741,0.9417779508262436,0.010034735332930601
2021-09-22,471,0.9372867051057637,0.9204658298000595,0.016820875305704194
2021-09-23,476,0.9930580462699781,0.9536577090322549,0.03940033723772329
2021-09-24,458,0.9373381881568257,0.9072519056473735,0.030086282509452243
2021-09-27,448,1.1243190217120387,1.0832633820553936,0.041055639656645035
2021-09-28,447,0.5576516884595616,0.5624481730492719,-0.004796484589710198
2021-09-29,462,0.7478868062812648,0.729580073432838,0.018306732848426734
2021-09-30,471,0.6508322727494351,0.6526735771291629,-0.0018413043797277234
2021-10-01,472,0.5464465246729294,0.5605931107256767,-0.014146586052747316
2021-10-04,466,0.6617001257386504,0.6582898837581467,0.003410241980503805
2021-10-05,468,0.5469461699700393,0.5596973337567535,-0.012751163786714127
2021-10-06,469,0.6010705239160675,0.602071700884641,-0.0010011769685734757
2021-10-07,481,0.6375049598158934,0.6334739353085995,0.004031024507293869
2021-10-08,480,0.5819002518186042,0.5813152301532587,0.0005850216653455079
2021-10-11,471,0.7201632204138337,0.7190843830400033,0.0010788373738302936
2021-10-12,470,0.813227021326421,0.8132332468326932,-6.225506272197697e-06
2021-10-13,473,0.7730127261255848,0.7725856672064041,0.00042705891918072537
2021-10-14,481,0.5511190625733515,0.5524735000426274,-0.00135443746927591
2021-10-15,481,0.5777042922324771,0.5863489368746218,-0.008644644642144764
2021-10-18,475,0.6635027582615846,0.6643438921938021,-0.0008411339322174983
2021-10-19,475,0.641809244930272,0.6440251723839101,-0.0022159274536381556
2021-10-20,475,0.595830174379735,0.5945969916951612,0.001233182684573707
2021-10-21,480,0.5686691283489557,0.5659462162923942,0.002722912056561505
2021-10-22,480,0.7867858719595052,0.7678664405098302,0.01891943144967502
2021-10-25,472,0.7851079436657343,0.7779397255426714,0.007168218123062796
2021-10-26,460,0.8418167686269534,0.8423467679834125,-0.0005299993564589476
2021-10-27,458,0.7999191476349964,0.8025626789318462,-0.002643531296849699
2021-10-28,465,0.7283388209922397,0.7327234705522346,-0.0043846495599949254
2021-10-29,478,0.8500000440174329,0.8551829194563878,-0.005182875438954975
2021-11-01,471,0.8470567306415739,0.8596081052566357,-0.01255137461506174
2021-11-02,469,0.9402253104520601,0.9492073357975399,-0.008982025345479856
2021-11-03,467,0.8122753070939545,0.8176569788358496,-0.005381671741895212
2021-11-04,467,0.7013190386784592,0.7140037191126193,-0.012684680434160147
2021-11-05,452,0.6206887770571017,0.6247395137832301,-0.004050736726128339
2021-11-08,454,0.6050239598036761,0.6133723741335951,-0.008348414329919144
2021-11-09,448,0.5723811564504996,0.5834113656974216,-0.01103020924692194
2021-11-10,461,0.572374636832489,0.5800618116122779,-0.0076871747797889805
2021-11-11,454,0.6179283206277082,0.6220084019342836,-0.0040800813065753425
2021-11-12,464,0.5688676036845888,0.5743629621558797,-0.0054953584712908975
2021-11-15,455,0.6795732025600626,0.6778502757567526,0.0017229268033099006
2021-11-16,459,0.788225713240849,0.7913502336027312,-0.0031245203618822746
2021-11-17,458,0.6829799208418597,0.6772376565124673,0.005742264329392493
2021-11-18,468,0.670722417116698,0.6661251431165451,0.0045972740001528995
2021-11-19,464,0.691035052332363,0.6916025187806523,-0.0005674664482893673
2021-11-22,467,0.9169247400080901,0.9090417256020122,0.007883014406077773
2021-11-23,462,0.9333750189839165,0.920194097296496,0.013180921687420388
2021-11-24,449,1.660439663018327,1.6096617663201223,0.05077789669820459
2021-11-26,447,1.2424995345368743,1.196340092437598,0.04615944209927634
2021-11-29,439,0.800721783464219,0.8113794458016984,-0.010657662337479399
2021-11-30,456,0.7250396891620292,0.7452240903798479,-0.020184401217818664
2021-12-01,458,1.2392290447494465,1.2079903022459475,0.031238742503499263
2021-12-02,472,0.83022777580066,0.838737241932416,-0.008509466131755903
2021-12-03,470,1.048221505005511,1.0189580193138523,0.029263485691658788
2021-12-06,459,0.5657830518336955,0.5893070124942045,-0.02352396066050886
2021-12-07,461,0.5847362238129413,0.6094791063299675,-0.02474288251702607
2021-12-08,462,0.7952928977407366,0.8124554070667342,-0.017162509325997517
2021-12-09,457,0.711533864267367,0.7225736521904828,-0.011039787923115904
2021-12-10,453,0.7072696030660456,0.7248038577201145,-0.0175342546540689
2021-12-13,450,0.7096716219348532,0.7273819080974065,-0.017710286162553362
2021-12-14,465,0.6135467673031572,0.6108754790586822,0.0026712882444749125
2021-12-15,468,1.039410271134216,1.0213633100534303,0.01804696108078548
2021-12-16,471,0.777482219786098,0.7599084269609803,0.017573792825117802
2021-12-17,471,0.618638812339703,0.6280644799953947,-0.009425667655691809
2021-12-20,474,1.100663644637944,1.0905013368340137,0.010162307803930206
2021-12-21,475,0.7615612411902344,0.7630755001884023,-0.0015142589981679698
2021-12-22,481,0.5876676240335558,0.5983724430255793,-0.010704818992023558
2021-12-23,481,0.5647037233955681,0.5772779901633583,-0.012574266767790257
2021-12-27,467,0.40486934563483046,0.4315564840692423,-0.026687138434411818
2021-12-28,456,0.39368324577492314,0.40437957908266253,-0.010696333307739399
2021-12-29,453,0.5674772327103508,0.5486568888816321,0.018820343828718583
2021-12-30,467,0.9453253001895829,0.9582991424323222,-0.012973842242739318
2021-12-31,476,1.2961077435326291,1.3176759600860748,-0.021568216553445638
2022-01-03,471,1.0611413651681127,1.0853957204669527,-0.02425435529883974
2022-01-04,467,1.1444516414130674,1.149131652378393,-0.004680010965325458
2022-01-05,469,0.8111073786155599,0.8026900829608963,0.008417295654663565
2022-01-06,478,0.6720627027016665,0.6685349618595539,0.0035277408421126185
2022-01-07,484,0.5726373057675332,0.567167035074506,0.005470270693027229
2022-01-10,477,0.5900174025414984,0.6039098918248444,-0.013892489283346073
2022-01-11,474,0.8015553708363082,0.8148774284466025,-0.01332205761029426
2022-01-12,472,1.1518631753758284,1.1689096625082065,-0.017046487132377913
2022-01-13,477,1.162307795009804,1.1760706911880539,-0.013762896178249998
2022-01-14,473,1.4535772659003021,1.485734771075062,-0.032157505174759585
2022-01-18,475,1.4116985989389566,1.4467886218356516,-0.03509002289669494
2022-01-19,477,0.8453352320350468,0.8738591228998318,-0.028523890864785087
2022-01-20,483,0.9479245653933241,0.9777221385874583,-0.029797573194134133
2022-01-21,482,0.8456862584918481,0.8414940560633077,0.00419220242854029
2022-01-24,481,1.2615657366762811,1.2730787382389037,-0.011513001562622712
2022-01-25,471,0.7942770325590763,0.8035920122585741,-0.009314979699497778
2022-01-26,466,1.1628818483776644,1.1459878900326548,0.016893958345009744
2022-01-27,466,1.4999750873182363,1.4849980501472368,0.014977037170999316
2022-01-28,475,1.0649134079646188,1.0430424207006268,0.02187098726399201
2022-01-31,476,0.8363655505706032,0.8407705359842251,-0.0044049854136218505
2022-02-01,471,0.8845133521285747,0.898840440560945,-0.0143270884323704
2022-02-02,468,0.9795008037542063,0.9680801249879221,0.011420678766284382
2022-02-03,472,0.8345591394053818,0.845933804716371,-0.011374665310989103
2022-02-04,471,0.8887279673587847,0.8950389724770934,-0.006311005118308803
2022-02-07,463,0.7076654387142503,0.7061182677771766,0.0015471709370736089
2022-02-08,456,0.8597326776083211,0.8610622303443547,-0.0013295527360334645
2022-02-09,456,1.4048335261362752,1.4044496678833223,0.0003838582529529625
2022-02-10,462,0.6527853184959962,0.6618458774577285,-0.009060558961732303
2022-02-11,467,0.7685016655340232,0.7635307534643412,0.004970912069682014
2022-02-14,458,0.7258505671890219,0.7397805939773552,-0.013930026788333282
2022-02-15,456,0.9769208960281986,1.022947314772033,-0.046026418743834126
2022-02-16,456,1.2470752258242306,1.2972949011834585,-0.05021967535922789
2022-02-17,472,1.2012006174946992,1.2418448605121108,-0.04064424301741159
2022-02-18,468,1.005251645839464,1.0072372439948538,-0.0019855981553899074
2022-02-22,458,0.912114680857126,0.9024143423149231,0.009700338542202792
2022-02-23,444,1.3845282639898615,1.381222997747765,0.003305266242096705
2022-02-24,450,1.0572178626889532,1.0794611030674834,-0.02224324037853018
2022-02-25,460,0.892635429894725,0.9111869844693682,-0.018551554574643154
2022-02-28,464,0.9039319119407068,0.9370208980962479,-0.03308898615554118
2022-03-01,463,1.1379097647937928,1.1589385279047288,-0.02102876311093603
2022-03-02,462,2.2472944417580387,2.252126591532521,-0.004832149774482178
2022-03-03,468,1.8896250174309983,1.8864389956016054,0.0031860218293927206
2022-03-04,459,0.8460148324096102,0.8528311154084524,-0.0068162829988422935
2022-03-07,449,1.0004017615524998,0.9807848625725566,0.019616898979943197
2022-03-08,452,0.7348656508505419,0.7637498251700586,-0.02888417431951665
2022-03-09,445,1.0503114148309376,1.1066220491455916,-0.056310634314654065
2022-03-10,452,0.7597333861142901,0.8167945722151165,-0.05706118610082643
2022-03-11,448,1.2444510386949437,1.213354446636206,0.031096592058737643
2022-03-14,466,1.7519397313962008,1.6696892635382161,0.0822504678579846
2022-03-15,472,1.5135882606964222,1.446089946847403,0.06749831384901898
2022-03-16,474,0.7848048653967167,0.7689279411091332,0.01587692428758351
2022-03-17,480,0.6081555814052935,0.5969800166035258,0.011175564801767726
2022-03-18,479,0.7706514399556854,0.7907522181834129,-0.02010077822772752
2022-03-21,476,0.6066888895623503,0.60636930813356,0.0003195814287901715
2022-03-22,475,0.7233637690318456,0.7362869038488503,-0.012923134817004661
2022-03-23,477,0.7194434464005693,0.7090605381422828,0.010382908258286565
2022-03-24,484,0.8062056458472553,0.7873229728297421,0.018882673017513254
2022-03-25,465,0.6650797985293431,0.6543464090017119,0.010733389527631108
2022-03-28,456,0.6524769871477898,0.6607574436730942,-0.00828045652530434
2022-03-29,453,0.9556314505240388,1.0026643718184922,-0.04703292129445341
2022-03-30,469,0.6783188632904967,0.6774583646748021,0.0008604986156945665
2022-03-31,474,0.6639243830837752,0.6792477343112554,-0.015323351227480225
2022-04-01,476,0.8570983936574385,0.9136948414102827,-0.05659644775284418
2022-04-04,470,1.08583456572459,1.183466665656847,-0.09763209993225706
2022-04-05,469,0.9287715406460954,0.985024821828832,-0.056253281182736564
2022-04-06,469,0.6744435491627047,0.6917376721474511,-0.017294122984746408
2022-04-07,477,0.7789539572618984,0.8044295882370408,-0.025475630975142487
2022-04-08,477,0.6536647057616735,0.6402979641276241,0.013366741634049481
2022-04-11,476,0.6800430154098837,0.6680863047260381,0.011956710683845522
2022-04-12,479,0.659822619687878,0.6358840798668731,0.023938539821004946
2022-04-13,484,0.6254043143281786,0.6064805043750949,0.018923809953083636
2022-04-14,483,0.872499371668761,0.8776680878212764,-0.005168716152515289
2022-04-18,477,0.882760598175598,0.9219045187770412,-0.03914392060144309
2022-04-19,479,1.393797526510184,1.5351259118113292,-0.14132838530114503
2022-04-20,479,1.464796259175551,1.554962470746609,-0.09016621157105816
2022-04-21,483,1.7583984066593592,1.8585163884620879,-0.10011798180272873
2022-04-22,483,0.9361915919256285,0.9825300766809334,-0.04633848475530496
2022-04-25,477,0.8757735376857898,0.8925428753681299,-0.016769337682340048
2022-04-26,468,0.9421984267533444,0.9485407401292254,-0.006342313375881005
2022-04-27,468,0.9937651928246589,0.9761659506570622,0.017599242167596715
2022-04-28,476,1.0817859925551347,1.0953008219218856,-0.013514829366751187
2022-04-29,485,1.3634968817026265,1.3290501485205752,0.03444673318205113
2022-05-02,479,0.9679114667152724,1.016529567033598,-0.048618100318325606
2022-05-03,472,1.182099773043519,1.2643494537005187,-0.08224968065699965
2022-05-04,466,2.918913721837735,3.038957902101177,-0.12004418026344267
2022-05-05,471,1.663196049107657,1.7625954159857395,-0.09939936687808253
2022-05-06,473,1.699877787480742,1.8193054802449915,-0.11942769276424953
2022-05-09,463,0.7671675432037359,0.8164676327407657,-0.04930008953702983
2022-05-10,450,0.7485695618418409,0.7639350227661281,-0.01536546092428715
2022-05-11,452,0.8849559849796517,0.8685523422480315,0.016403642731620236
2022-05-12,463,1.234393884542229,1.2011959321053487,0.033197952436880326
2022-05-13,470,1.1153347439460395,1.1643553824074762,-0.04902063846143656
2022-05-16,459,1.0824823392608172,1.0991019656549197,-0.01661962639410261
2022-05-17,464,1.5561403501552062,1.6208310538268236,-0.06469070367161742
2022-05-18,466,0.7940061328122943,0.7816378902992146,0.0123682425130797
2022-05-19,473,0.9354245245119376,0.9877766605453857,-0.052352136033448154
2022-05-20,473,0.8379049817740122,0.8579127080883008,-0.020007726314288453
2022-05-23,468,0.8521037093417092,0.8409419504136667,0.011161758928042418
2022-05-24,460,1.9226763353380116,1.8563274379322254,0.06634889740578613
2022-05-25,445,1.139150111481615,1.1001202244434376,0.03902988703817734
2022-05-26,451,0.622566760251063,0.6154408492833771,0.00712591096768581
2022-05-27,450,0.6781674305276063,0.670148923387741,0.008018507139865294
2022-05-31,463,0.7183013753808356,0.7266367852103762,-0.00833540982954057
2022-06-01,465,0.6487701279736041,0.6244188767897814,0.024351251183822767
2022-06-02,475,0.5879705352459106,0.603889023651797,-0.015918488405886437
2022-06-03,474,0.6105980641617301,0.6132483340288956,-0.002650269867165408
2022-06-06,460,1.0367019054048463,1.0867540803931626,-0.05005217498831612
2022-06-07,464,2.2818501461167804,2.4465464380839386,-0.16469629196715824
2022-06-08,466,3.4298364388553333,3.6355286963749234,-0.20569225751959014
2022-06-09,458,2.731752291371168,2.9265885674364474,-0.19483627606527926
2022-06-10,455,1.3354134033322915,1.3993938079251151,-0.0639804045928236
2022-06-13,451,1.2434129978031774,1.3155855564619596,-0.07217255865878221
2022-06-14,472,1.0987651923535837,1.1366338627954664,-0.03786867044188289
2022-06-15,474,0.9038994751896525,0.9624450183913784,-0.0585455432017259
2022-06-16,479,0.907580034949407,0.8897319439882937,0.017848090961113262
2022-06-17,478,1.2053931586071498,1.1898898113458665,0.015503347261283138
2022-06-21,477,1.4457123186917813,1.3914126633082033,0.05429965538357801
2022-06-22,477,1.158629738706916,1.101508606995205,0.05712113171171106
2022-06-23,482,0.7585264691050968,0.7431361200953971,0.01539034900969959
2022-06-24,468,0.9518868525457366,1.0457937517700056,-0.09390689922426902
2022-06-27,455,1.0659658182916811,1.191133249944626,-0.12516743165294522
2022-06-28,451,0.8313096843359109,0.8844030782334839,-0.05309339389757305
2022-06-29,464,0.7612832394035647,0.7749533443150033,-0.013670104911438458
2022-06-30,476,0.7440544270781702,0.7509458665122833,-0.006891439434113111
2022-07-01,473,0.7984211683969225,0.7786476052923558,0.019773563104566752
2022-07-05,472,0.6080112866485383,0.5778023043413412,0.030208982307197162
2022-07-06,474,0.567488380363778,0.5426958179062221,0.024792562457555845
2022-07-07,480,0.7810037727679849,0.8275673298615449,-0.046563557093560075
2022-07-08,485,0.826413444294321,0.8692281925808915,-0.04281474828657035
2022-07-11,480,0.8912399781136346,0.9164178503404709,-0.025177872226836193
2022-07-12,480,0.6195961617213275,0.5830634398950879,0.036532721826239616
2022-07-13,479,0.6470695983367573,0.5938486932206435,0.05322090511611378
2022-07-14,481,1.3647253421307604,1.4195772194149927,-0.05485187728423243
2022-07-15,480,1.1761678271107951,1.154142836800439,0.022024990310356176
2022-07-18,476,1.4719572814648296,1.5139207769650354,-0.04196349550020593
2022-07-19,479,0.7022276967505143,0.6823690043184973,0.019858692432016916
2022-07-20,481,0.7027141107709575,0.7158781407250849,-0.013164029954127405
2022-07-21,484,0.9216386903005168,1.0004706684281435,-0.07883197812762678
2022-07-22,484,0.7564101784118207,0.7321127422854473,0.02429743612637333
2022-07-25,475,1.0860372269753085,1.0670775229152638,0.018959704060044456
2022-07-26,464,1.686308937626102,1.7139329036450879,-0.02762396601898587
2022-07-27,464,1.0520569864525608,1.0345348212275793,0.017522165224981668
2022-07-28,473,0.7301285448449157,0.7041726709463455,0.02595587389857022
2022-07-29,486,0.8294393823244168,0.8204183900820614,0.009020992242355485
2022-08-01,481,0.938832995391781,0.9421307927260535,-0.0032977973342724234
2022-08-02,475,0.8089058048098079,0.7960399540445238,0.012865850765284105
2022-08-03,472,0.6895554437088061,0.6693029131796924,0.020252530529113605
2022-08-04,472,0.8183421796726983,0.8364520524320863,-0.018109872759387996
2022-08-05,474,0.771388391460406,0.7540227589376349,0.017365632522771183
2022-08-08,463,0.8003159982794876,0.7882436073129185,0.012072390966568945
2022-08-09,453,1.2618790327529712,1.2532912344698437,0.008587798283127524
2022-08-10,455,0.6746289854455486,0.6513205846501743,0.023308400795374395
2022-08-11,461,0.6885108737031908,0.6654272791841942,0.02308359451899656
2022-08-12,468,0.6254897306874315,0.6387072839224024,-0.013217553234970864
2022-08-15,456,0.6411453412917026,0.6490355435570104,-0.007890202265307837
2022-08-16,462,0.899075542487359,0.9647605621838069,-0.06568501969644797
2022-08-17,467,1.1519763392629985,1.2365556580358816,-0.08457931877288302
2022-08-18,478,1.3139179922905713,1.4071936427193026,-0.09327565042873145
2022-08-19,478,0.8382580412352794,0.8386990011991605,-0.0004409599638811807
2022-08-22,477,0.6859439883522115,0.6660695228993297,0.019874465452881608
2022-08-23,475,0.6942030456777275,0.6909522245371936,0.0032508211405338104
2022-08-24,475,0.8820155900547211,0.9095229248745257,-0.027507334819804635
2022-08-25,465,1.6478226402560425,1.7725065405015956,-0.12468390024555288
2022-08-26,453,0.8565771501983344,0.9009676964151079,-0.044390546216773484
2022-08-29,443,0.8252327499470595,0.8811145917007022,-0.05588184175364254
2022-08-30,453,0.7104383536700342,0.7359268482192293,-0.025488494549195106
2022-08-31,462,0.6883552942679619,0.7171457447851597,-0.02879045051719776
2022-09-01,471,0.5778009748586066,0.5681994375901364,0.009601537268470291
2022-09-02,458,0.9116032418557786,0.9389230947490884,-0.027319852893309918
2022-09-06,462,1.3324705785130102,1.4049503546383433,-0.07247977612533307
2022-09-07,467,0.9677953194358915,0.9641932881471637,0.003602031288727865
2022-09-08,479,0.7643908171910704,0.7711578113727985,-0.0067669941817280485
2022-09-09,460,1.1381337864545955,1.1738626396506096,-0.03572885319601426
2022-09-12,448,1.6934034167630123,1.7638004517570018,-0.07039703499398955
2022-09-13,452,0.9089789442778216,0.9397801395352656,-0.030801195257444097
2022-09-14,472,0.7639006701064164,0.8044157145347662,-0.04051504442834979
2022-09-15,481,0.846138935030183,0.892153612591281,-0.046014677561098026
2022-09-16,479,0.9199708401376488,0.9559730626344276,-0.03600222249677881
2022-09-19,479,1.6476125604705119,1.7001117729455673,-0.05249921247505555
2022-09-20,478,1.7314125720567461,1.803426840506546,-0.07201426844979997
2022-09-21,481,1.6781046032291755,1.7458467177997636,-0.06774211457058822
2022-09-22,483,1.2651709396180195,1.2678693761376572,-0.002698436519637634
2022-09-23,486,0.6940470346715565,0.6689578848217875,0.02508914984976893
2022-09-26,463,0.7867387956869542,0.7570964455420905,0.029642350144863612
2022-09-27,455,0.8164864900240927,0.8187871868455756,-0.002300696821482887
2022-09-28,453,0.7188214077950926,0.7436211713006784,-0.02479976350558576
2022-09-29,474,1.64834033494637,1.594846669146115,0.05349366580025494
2022-09-30,481,1.9948968701143577,1.936249239177261,0.0586476309370966
2022-10-03,470,0.9606167316178043,0.9216333949385117,0.03898333667929255
2022-10-04,469,1.5321220412808543,1.5167401404057055,0.015381900875148857
2022-10-05,471,1.55682809200908,1.5679106875188613,-0.01108259550978132
2022-10-06,484,1.430889117144719,1.5037747028735087,-0.07288558572878989
2022-10-07,486,0.9070780406883934,0.9482685091986163,-0.041190468510222816
2022-10-10,480,0.7001404395200501,0.7047872410319681,-0.004646801511918042
2022-10-11,478,0.7977577530157746,0.8255178662035002,-0.027760113187725602
2022-10-12,479,0.831652822875416,0.8262214755424131,0.005431347333002843
2022-10-13,483,0.6685160116110289,0.6696813418605189,-0.0011653302494899103
2022-10-14,486,0.9207707168388378,0.8980477216248987,0.022722995213939223
2022-10-17,480,0.8733327503193888,0.8935135210400831,-0.02018077072069419
2022-10-18,481,0.9243630927983915,0.9346291537233279,-0.010266060924936328
2022-10-19,481,0.8695626766813872,0.8553466207797854,0.01421605590160181
2022-10-20,487,1.7121891761317882,1.6371150446104212,0.0750741315213671
2022-10-21,486,1.0626051185496312,1.0347449470391106,0.02786017151052075
2022-10-24,483,1.0025070197391979,0.9927517094618103,0.00975531027738754
2022-10-25,476,1.178294290025427,1.1717464225617613,0.00654786746366544
2022-10-26,468,0.9831343062879266,0.9896964152665817,-0.006562108978655058
2022-10-27,469,0.8863603420620552,0.8898302581111277,-0.0034699160490725403
2022-10-28,477,1.1568872291752075,1.1879286561991578,-0.031041427023950303
2022-10-31,480,1.3326683658478726,1.346046580384762,-0.013378214536889515
2022-11-01,474,1.224453427545821,1.2424741351774475,-0.018020707631626578
2022-11-02,471,1.1188988328201663,1.1253328163997731,-0.006433983579606746
2022-11-03,475,1.2020996666794372,1.2006134171926017,0.0014862494868353266
2022-11-04,465,0.8248604202659442,0.8626701129919908,-0.037809692726046666
2022-11-07,456,1.6586379105677878,1.6327225453940726,0.025915365173715125
2022-11-08,459,2.016001817811557,1.964299559598829,0.05170225821272749
2022-11-09,462,2.1567624891324533,2.1166906031411026,0.04007188599135041
2022-11-10,467,0.9221094616148143,0.9405512879899144,-0.018441826375100105
2022-11-11,457,0.7802437657028319,0.8181763083578412,-0.037932542655009185
2022-11-14,457,0.7015826760657415,0.7514371976344185,-0.04985452156867685
2022-11-15,460,0.823380350179422,0.8669446703453233,-0.04356432016590136
2022-11-16,464,0.7520964551046867,0.7916760069906833,-0.03957955188599668
2022-11-17,472,0.8496234151236848,0.8535927687995258,-0.003969353675841093
2022-11-18,470,0.7226565497850208,0.7096982863949294,0.012958263390091533
2022-11-21,470,0.7582775966735257,0.7359966399976342,0.02228095667589148
2022-11-22,476,0.6272417207793365,0.6051235539790621,0.022118166800274303
2022-11-23,472,0.6269087882226007,0.6006564537336941,0.026252334488906515
2022-11-25,455,0.6879745553820343,0.6666067753180793,0.02136778006395493
2022-11-28,440,1.008558983766897,1.0089125278619349,-0.0003535440950380207
2022-11-29,446,0.9856901916400799,0.9934572308417507,-0.007767039201671034
2022-11-30,467,0.8132503498596908,0.8173385004752761,-0.004088150615585322
2022-12-01,477,1.0288606113174914,1.046826269059944,-0.0179656577424525
2022-12-02,477,1.0717949903457176,1.0973015105930832,-0.025506520247365716
2022-12-05,463,0.7339275133953516,0.7338539135236484,7.359987170324021e-05
2022-12-06,466,0.6714081191919253,0.6589714192181392,0.012436699973786195
2022-12-07,469,0.7527952799210944,0.7341012677016119,0.01869401221948251
2022-12-08,478,0.7686059762076856,0.7528530182534792,0.01575295795420635
2022-12-09,462,0.7739336443140804,0.7542234809217291,0.019710163392351397
2022-12-12,451,0.8899447893865805,0.872254882715021,0.017689906671559348
2022-12-13,451,1.1777941433373806,1.1826545115894334,-0.004860368252052696
2022-12-14,465,1.2525442107213163,1.2726240161850448,-0.020079805463728385
2022-12-15,474,0.7397121547049201,0.7355030308633759,0.004209123841544138
2022-12-16,476,0.645444627175429,0.6214632374739223,0.023981389701506844
2022-12-19,481,0.6124543349707925,0.5820089356440924,0.03044539932670006
2022-12-20,482,0.6322108331777689,0.6057078487138193,0.026502984463949678
2022-12-21,484,0.6478972716685637,0.638193218660979,0.00970405300758471
2022-12-22,483,0.588206198118351,0.5541200376701447,0.03408616044820627
2022-12-23,465,0.5632920359861336,0.5259796724194069,0.03731236356672678
2022-12-27,454,0.591639220301467,0.543681950319995,0.04795726998147186
2022-12-28,454,0.7074082578557311,0.6887715247446038,0.01863673311112735
2022-12-29,471,0.7459811271318237,0.723321304581317,0.022659822550506706
2022-12-30,476,0.8365950685926338,0.8221105343426582,0.014484534249975605
2023-01-03,474,1.0754898448706978,1.083929015015936,-0.008439170145238034
2023-01-04,470,0.8316849460881829,0.8126671660380178,0.019017780050165124
2023-01-05,479,1.1597435310130995,1.1607036707946818,-0.0009601397815824571
2023-01-06,481,0.9534386630255623,0.9414567362549606,0.011981926770601854
2023-01-09,482,0.982740086675892,0.9744149961666048,0.008325090509287135
2023-01-10,478,0.8600173313186502,0.8546767614745069,0.005340569844143241
2023-01-11,478,0.69646501774561,0.6878676732055131,0.008597344540096846
2023-01-12,484,0.7226218127024213,0.6954883000851201,0.02713351261730117
2023-01-13,480,0.953941952809784,0.9223505227664666,0.031591430043317464
2023-01-17,477,0.6953732541571291,0.6571981973023558,0.038175056854773216
2023-01-18,477,0.8156929881540441,0.8277262253490868,-0.012033237195042592
2023-01-19,481,1.0000620890115153,1.0159153306786226,-0.015853241667107335
2023-01-20,485,0.733331542160479,0.7186480994646828,0.014683442695796262
2023-01-23,483,0.729018451053494,0.71691315645244,0.012105294601054023
2023-01-24,486,0.7881401175563135,0.7774889347776759,0.010651182778637514
2023-01-25,480,0.6603914829745072,0.6381541635888669,0.022237319385640348
2023-01-26,475,0.6961871875689974,0.6793201782373959,0.01686700933160164
2023-01-27,475,0.8555719566510473,0.8382897793220196,0.017282177329027724
2023-01-30,478,1.664193858259295,1.6950593317664764,-0.030865473507181582
2023-01-31,480,1.0017068808246805,0.9847897527706897,0.016917128053990874
2023-02-01,475,0.7243472248234264,0.7152557894110692,0.009091435412357348
2023-02-02,476,0.7317418023439031,0.7300111533953176,0.0017306489485855142
2023-02-03,475,0.7092873486181843,0.7109097880057353,-0.001622439387550983
2023-02-06,467,0.8010483006496073,0.7982569976411821,0.0027913030084252975
2023-02-07,464,0.8012018665011983,0.8081347661399442,-0.006932899638745869
2023-02-08,464,0.6635615564333764,0.67040735509178,-0.006845798658403496
2023-02-09,467,0.6521597139616168,0.6548941120587313,-0.0027343980971145255
2023-02-10,467,0.8768757477021593,0.8868605666760065,-0.009984818973847351
2023-02-13,459,0.7156257583241575,0.7137864818548243,0.0018392764693331157
2023-02-14,460,0.6834022203131841,0.6947836535339673,-0.011381433220783275
2023-02-15,462,1.0695967328435487,1.0678200447709019,0.0017766880726467393
2023-02-16,472,0.8499015299628168,0.8469076509072155,0.0029938790556011596
2023-02-17,469,0.7595542937968442,0.7527424182290706,0.006811875567773603
2023-02-21,466,0.6985782451768533,0.7070114044135023,-0.008433159236648866
2023-02-22,455,0.6470747961329146,0.6554575465596131,-0.008382750426698502
2023-02-23,452,0.6220254596331626,0.6190118165974371,0.0030136430357255214
2023-02-24,455,0.6702276524717774,0.6622520966521694,0.00797555581960796
2023-02-27,459,0.6381522678285834,0.6407803539638516,-0.002628086135268235
2023-02-28,468,0.7686273996119738,0.782533861764122,-0.013906462152148186
2023-03-01,467,0.7383826387567065,0.7494977840505959,-0.011115145293889447
2023-03-02,471,0.5758268439132536,0.5684358192856241,0.007391024627629416
2023-03-03,472,0.6919714966261252,0.6750592382094504,0.016912258416674895
2023-03-06,454,1.0716070412760133,1.047885201090863,0.023721840185150205
2023-03-07,457,1.2368170294741363,1.2199868925328428,0.016830136941293664
2023-03-08,461,1.699699312360337,1.6868247136873031,0.012874598673034187
2023-03-09,456,0.946554220570082,0.9390767696186559,0.007477450951425975
2023-03-10,458,1.128638393129026,1.1251746920860404,0.0034637010429856767
2023-03-13,445,0.8082351145492688,0.8200115487465425,-0.011776434197273667
2023-03-14,468,0.9139067183164638,0.8908865758613609,0.02302014245510302
2023-03-15,468,0.6427055248267082,0.6526567339281516,-0.00995120910144334
2023-03-16,479,0.6258378535288858,0.646610276192113,-0.02077242266322713
2023-03-17,481,0.6435513007660211,0.6606898201510187,-0.017138519384997605
2023-03-20,480,0.7597991719532247,0.7549140464922277,0.004885125460997005
2023-03-21,483,0.7636433897449734,0.7526131244897855,0.011030265255187927
2023-03-22,486,0.5982314750357596,0.6231534248958733,-0.024921949860113812
2023-03-23,487,0.7352247443891393,0.7484519770666167,-0.013227232677477394
2023-03-24,488,0.8017000475370476,0.8032765490564523,-0.0015765015194046834
2023-03-27,466,0.7587370996185259,0.7648997603287043,-0.006162660710178435
2023-03-28,460,1.089732086163211,1.1023877835340128,-0.012655697370801805
2023-03-29,459,0.7481958807092882,0.7601710869917278,-0.011975206282439435
2023-03-30,477,0.6390913609673515,0.6411415428893265,-0.002050181921974924
2023-03-31,477,0.8755908144346479,0.8800187313110628,-0.004427916876414894
2023-04-03,467,0.8653290920089365,0.8605074812249321,0.004821610784004478
2023-04-04,469,0.5740000396788347,0.5751450491081768,-0.0011450094293421061
2023-04-05,477,0.5977510492147282,0.6006936994917497,-0.002942650277021442
2023-04-06,487,0.5956775232391364,0.5931331836294533,0.002544339609682983
2023-04-10,481,0.5683492064223679,0.5705186429817024,-0.0021694365593344354
2023-04-11,479,0.5762100449055779,0.5717160860296348,0.004493958875943128
2023-04-12,479,0.5882538668475794,0.5928833274844878,-0.004629460636908405
2023-04-13,487,0.5788771957726382,0.5741744624122694,0.004702733360368718
2023-04-14,489,0.6542915405132593,0.6514470491232365,0.0028444913900227973
2023-04-17,482,0.6392446597868803,0.6302450186894363,0.008999641097443951
2023-04-18,481,0.6650795771769327,0.6556799526255244,0.009399624551408341
2023-04-19,480,0.6107503770260436,0.60719638714941,0.0035539898766335314
2023-04-20,483,0.739791691616341,0.7347552696183636,0.005036421997977376
2023-04-21,483,0.8687334568827316,0.8522912884701429,0.01644216841258876
2023-04-24,479,0.8416249766938457,0.8397792064348066,0.0018457702590390184
2023-04-25,472,0.9140541080271862,0.9281105612382303,-0.014056453211043981
2023-04-26,472,1.034104545059565,1.0547947770171544,-0.020690231957589685
2023-04-27,475,0.7342920622940761,0.7423598145381531,-0.00806775224407708
2023-04-28,485,0.9795068379308945,0.9850069865158788,-0.005500148584984281
2023-05-01,477,1.1767562118201806,1.1771892545354532,-0.0004330427152724387
2023-05-02,473,0.798728727397947,0.8056683694614468,-0.006939642063499898
2023-05-03,472,0.8209225711906867,0.8352160156875956,-0.014293444496908982
2023-05-04,474,0.8377678348641553,0.8539973482493302,-0.016229513385174747
2023-05-05,476,0.7121426484316767,0.7274558244086968,-0.015313175977020081
2023-05-08,464,0.7038885670672728,0.7216263715421242,-0.01773780447485145
2023-05-09,457,0.6892268796399375,0.7054144595228421,-0.016187579882904556
2023-05-10,458,0.6417836707267847,0.650943432169287,-0.009159761442502332
2023-05-11,467,0.6753186105935823,0.673106652295939,0.0022119582976433782
2023-05-12,474,0.7842902868783538,0.7863410043410215,-0.0020507174626675814
2023-05-15,463,0.7811264991386783,0.7799393414979081,0.0011871576407702544
2023-05-16,463,0.77872523640321,0.7888125331026921,-0.010087296699482152
2023-05-17,465,0.6059749516125831,0.6098075659780227,-0.003832614365439588
2023-05-18,473,0.6818288446226923,0.6700694538953571,0.011759390727335296
2023-05-19,476,0.7761044232856126,0.754429419848969,0.021675003436643532
2023-05-22,471,0.926712901411485,0.9099962597990355,0.016716641612449457
2023-05-23,466,0.9728727376873034,0.9624522964043071,0.010420441282996358
2023-05-24,459,1.1363245552257777,1.1218052051918341,0.014519350033943435
2023-05-25,450,0.7309635310353834,0.7269001260975071,0.004063404937876252
2023-05-26,445,0.6627185800646974,0.6634856370689115,-0.0007670570042141241
2023-05-30,451,0.8610026768061442,0.8812127909133877,-0.02021011410724344
2023-05-31,468,0.9499913551934993,0.9764557426226634,-0.02646438742916419
2023-06-01,479,0.9408734080035359,0.965038530043616,-0.02416512204008007
2023-06-02,478,0.7412533840334339,0.7450325059933433,-0.003779121959909398
2023-06-05,464,0.8102057114760899,0.8048470591840133,0.005358652292076415
2023-06-06,466,0.5919006844376924,0.5925487377934657,-0.0006480533557732332
2023-06-07,471,0.6737409696790376,0.6770566264338022,-0.0033156567547646164
2023-06-08,480,0.7019116680600287,0.7090205504287801,-0.0071088823687513744
2023-06-09,459,0.8085845593585217,0.8103117385157019,-0.0017271791571801841
2023-06-12,445,0.8062151270815183,0.8126969501354596,-0.006481823053941199
2023-06-13,447,0.6582817240541786,0.6614071156471557,-0.00312539159297706
2023-06-14,468,0.5500792769398887,0.550366277057116,-0.0002870001172273735
2023-06-15,479,0.6005871279377784,0.5967215798138128,0.003865548123965531
2023-06-16,480,0.656481832339442,0.6492199212931308,0.007261911046311364
2023-06-20,480,0.6257752589436749,0.6272216781894908,-0.0014464192458158035
2023-06-21,482,0.5095266069677347,0.5140735539857514,-0.004546947018016671
2023-06-22,486,0.6228247389667827,0.630541127965512,-0.0077163889987293
2023-06-23,489,0.7697447520397249,0.7822811485841985,-0.012536396544473496
2023-06-26,469,0.780422243172392,0.7887048926415906,-0.008282649469198778
2023-06-27,460,0.6367900379863419,0.64495023719799,-0.008160199211648138
2023-06-28,455,0.6709781583202086,0.6797375142066411,-0.008759355886432469
2023-06-29,473,0.5488080820653544,0.5477736284167851,0.001034453648569228
2023-06-30,473,0.5747578634802928,0.5639101390871757,0.010847724393117162
2023-07-03,469,0.5616674595390276,0.5457734405004425,0.01589401903858517
2023-07-05,469,0.551140222853496,0.5410619439785088,0.01007827887498709
2023-07-06,477,0.877481212280449,0.883383167101226,-0.0059019548207769855
2023-07-07,484,0.8665331652355974,0.8782517333057617,-0.01171856807016425
2023-07-10,482,0.8579489298273466,0.865704091992078,-0.007755162164731356
2023-07-11,479,0.6499948734624854,0.6543613878307415,-0.004366514368256008
2023-07-12,481,0.6514943413160652,0.653407681988386,-0.0019133406723208283
2023-07-13,486,0.6164685029498819,0.6162006413368607,0.00026786161302116604
2023-07-14,488,0.7039627175964046,0.7020181424179972,0.001944575178407473
2023-07-17,480,0.8244742351204226,0.8289051005313867,-0.00443086541096405
2023-07-18,480,0.8032689500174165,0.8033969662224875,-0.00012801620507103036
2023-07-19,480,0.6840256472335721,0.687395606221338,-0.003369958987765906
2023-07-20,486,0.5825471778130001,0.5838598928301115,-0.0013127150171112197
2023-07-21,483,0.6208747068412263,0.6242918597842593,-0.003417152943032986
2023-07-24,482,0.8080988061704196,0.7971161562451711,0.010982649925248519
2023-07-25,474,0.8474703784614532,0.8432421939225536,0.004228184538899679
2023-07-26,469,0.7858716656410467,0.7796950708698659,0.006176594771180822
2023-07-27,471,0.6628438490860722,0.6742956204796506,-0.011451771393578496
2023-07-28,480,0.7168027457697038,0.7183614381179401,-0.0015586923482362352
2023-07-31,483,0.9181796444611602,0.9144114241427633,0.0037682203183967465
2023-08-01,476,0.9671526736329856,0.9583993761534119,0.008753297479573869
2023-08-02,471,0.8146599334858393,0.8206591392763742,-0.005999205790534843
2023-08-03,472,0.7781299861792593,0.7880924712335452,-0.009962485054285854
2023-08-04,472,0.6675623346311551,0.6949699594098047,-0.02740762477864963
2023-08-07,466,0.7304976154441929,0.7522088631428989,-0.021711247698706006
2023-08-08,463,0.6587914581272011,0.6878273656475643,-0.029035907520363162
2023-08-09,461,0.5295155789955313,0.5504936749199697,-0.020978095924438504
2023-08-10,466,0.5887339084525238,0.5883588069438552,0.00037510150866849044
2023-08-11,464,0.7172490000452331,0.703047951301441,0.014201048743791977
2023-08-14,459,0.9207018213225482,0.9023857825722988,0.018316038750249286
2023-08-15,459,0.6706782487248079,0.6627350541619078,0.00794319456289997
2023-08-16,465,0.5872466981486364,0.5778637417487722,0.00938295639986429
2023-08-17,475,0.5514160591643263,0.5480375672206167,0.0033784919437096195
2023-08-18,479,0.5969992181322961,0.60513367938686,-0.008134461254563912
2023-08-21,477,0.49272210448920756,0.4946023247759987,-0.0018802202867911834
2023-08-22,475,0.48511932033257243,0.4915166334463323,-0.006397313113759848
2023-08-23,475,0.4719719097584078,0.47742191895062414,-0.005450009192216341
2023-08-24,477,0.7845522034597178,0.798954559128601,-0.014402355668883279
2023-08-25,470,0.7396347733771311,0.7522983036913896,-0.012663530314258393
2023-08-28,445,0.6571838708034214,0.6590311921059916,-0.0018473213025701747
2023-08-29,441,0.6396339017815835,0.6396619610102021,-2.805922861855137e-05
2023-08-30,447,0.7483676624819607,0.7274024124988157,0.020965249983145123
2023-08-31,469,0.6533221696817514,0.6325788962126747,0.020743273469076794
2023-09-01,459,0.7497361776453005,0.728633882548536,0.021102295096764558
2023-09-05,464,0.6237757535396424,0.6260907583072082,-0.002315004767565738
2023-09-06,470,0.6240025459925086,0.6276268768898837,-0.0036243308973750964
2023-09-07,480,0.6118871118357277,0.6179458635914793,-0.006058751755751569
2023-09-08,480,0.5890639723779424,0.5864288196031446,0.0026351527747977385
2023-09-11,452,0.6356053916557138,0.6320839955953615,0.003521396060352302
2023-09-12,453,0.556746474062747,0.5603988087690892,-0.0036523347063422917
2023-09-13,452,0.48413150749380385,0.4898700089619541,-0.0057385014681502105
2023-09-14,479,0.5494727430387081,0.5505333470942201,-0.0010606040555119207
2023-09-15,482,0.5395248837271529,0.549206341619231,-0.009681457892078183
2023-09-18,482,0.8349288212572029,0.8228063958455233,0.012122425411679572
2023-09-19,479,0.8354452026116262,0.8142474103527617,0.02119779225886464
2023-09-20,479,0.703717172392024,0.6855151842198876,0.01820198817213646
2023-09-21,481,0.624708449168898,0.6078277712377693,0.016880677931128813
2023-09-22,484,0.6600150146957611,0.6392134100545558,0.020801604641205226
2023-09-25,465,0.6804587663757421,0.6667374645006516,0.013721301875090512
2023-09-26,460,0.5926340049892168,0.5966942200390594,-0.004060215049842464
2023-09-27,458,0.6982884504325481,0.6790874967180439,0.019200953714504154
2023-09-28,478,0.8538097940868543,0.8194711907346649,0.03433860335218935
2023-09-29,483,0.7007544703658063,0.6870946244203721,0.01365984594543422
2023-10-02,472,0.6460829111550215,0.640590711735203,0.0054921994198185355
2023-10-03,466,0.762979178422099,0.7618910337091024,0.0010881447129966347
2023-10-04,468,0.7671827837282604,0.7652930768339796,0.0018897068942807245
2023-10-05,481,0.8555747527794407,0.8606578908140364,-0.005083138034595784
2023-10-06,484,0.7910985525615964,0.7890821771491485,0.002016375412447966
2023-10-09,479,0.6430000408780373,0.6467591184252816,-0.0037590775472442555
2023-10-10,478,0.7554277602915173,0.7520778373917351,0.003349922899782251
2023-10-11,481,0.583944736928509,0.588405222104242,-0.004460485175733036
2023-10-12,486,0.6752302556187931,0.6870709732041541,-0.011840717585361059
2023-10-13,488,0.594349050241168,0.6015280762857732,-0.007179026044605229
2023-10-16,484,0.92672458328004,0.902459031388911,0.024265551891129028
2023-10-17,481,1.3637033943640726,1.3159120483632993,0.04779134600077292
2023-10-18,480,0.9915503344291847,0.9570119885587794,0.03453834587040527
2023-10-19,484,0.6286544837681735,0.6247010156895171,0.00395346807865638
2023-10-20,486,0.6911239792452522,0.6894990625404711,0.001624916704781073
2023-10-23,484,0.8790076095193718,0.8798469277210703,-0.0008393182016985273
2023-10-24,485,1.059133709099287,1.0429567196141523,0.016176989485134727
2023-10-25,479,0.7995188077937123,0.8036620600662784,-0.004143252272566046
2023-10-26,469,0.7198825841506356,0.7321516056995027,-0.012269021548867146
2023-10-27,470,1.0319196233795058,1.039977774297646,-0.00805815091814008
2023-10-30,472,1.3775568323316143,1.370023214992981,0.007533617338633133
2023-10-31,481,1.7148313944024414,1.7040165519998773,0.010814842402564246
2023-11-01,476,1.3064584346811017,1.329827126044727,-0.02336869136362521
2023-11-02,477,0.826795754149877,0.8603893852465686,-0.033593631096691536
2023-11-03,476,0.7621764003069539,0.7782843638904365,-0.01610796358348268
2023-11-06,467,0.7831799601774697,0.7971177534919618,-0.013937793314491907
2023-11-07,463,0.6827747347040635,0.7145962925768614,-0.03182155787279775
2023-11-08,462,0.6319239621130446,0.6633735340646766,-0.03144957195163197
2023-11-09,459,1.3064266516805805,1.3154333247021293,-0.009006673021548811
2023-11-10,460,1.081638876510458,1.0890663121979949,-0.007427435687536812
2023-11-13,446,1.1289503270078927,1.1369330836988205,-0.007982756690928081
2023-11-14,458,0.5595119732592921,0.5795363732844304,-0.020024400025138316
2023-11-15,457,0.528879215439619,0.5550925179629711,-0.026213302523352116
2023-11-16,472,0.517127919299308,0.5383520161611677,-0.021224096861859592
2023-11-17,468,0.5147418742807888,0.5363825187998856,-0.02164064451909685
2023-11-20,470,0.5030173066436769,0.5249068773136132,-0.02188957066993616
2023-11-21,472,0.4541549716756536,0.46014493297059356,-0.005989961294939978
2023-11-22,480,0.46915564588284137,0.4627383204744423,0.006417325408399094
2023-11-24,474,0.6310156043694807,0.6234625246054077,0.007553079764072917
2023-11-27,443,0.6805011165872034,0.6809681179099808,-0.0004670013227775245
2023-11-28,440,0.9995293881278102,1.0290726922956932,-0.029543304167882728
2023-11-29,451,0.9022424543322224,0.9301712585173355,-0.027928804185113152
2023-11-30,477,0.6855909390939159,0.6917729476259517,-0.006182008532035836
2023-12-01,477,0.6640857879213098,0.6551786958810882,0.00890709204022155
2023-12-04,460,0.6023715165765415,0.5964574448525142,0.005914071724027305
2023-12-05,465,0.6370711283840329,0.6389833102939291,-0.0019121819098961244
2023-12-06,468,0.7318033669419118,0.741820770475437,-0.010017403533525116
2023-12-07,480,0.7052327573173625,0.7144798338625259,-0.009247076545163473
2023-12-08,479,1.0164358047505033,1.040225033018691,-0.023789228268187752
2023-12-11,454,1.4225219565498801,1.4496661838905647,-0.02714422734068451
2023-12-12,452,1.312288774720116,1.3417610177448243,-0.029472243024708432
2023-12-13,451,0.8319211743842237,0.8329270947151635,-0.001005920330939691
2023-12-14,474,0.548397516384768,0.5497673265121784,-0.0013698101274103225
2023-12-15,476,0.5389551815007674,0.5399970080269935,-0.0010418265262261213
2023-12-18,481,0.5195330781158095,0.5231108430335036,-0.003577764917694133
2023-12-19,484,0.5036630160913829,0.5068875027967492,-0.003224486705366328
2023-12-20,488,0.6930838273455352,0.7022470172281496,-0.009163189882614343
2023-12-21,483,0.5081320163532412,0.5117640535397294,-0.003632037186488212
2023-12-22,463,0.456310384313919,0.45971677716543125,-0.0034063928515122607
2023-12-26,452,0.4167499266762837,0.4160228955424722,0.0007270311338115198
2023-12-27,456,0.6374236317004408,0.6382797300963771,-0.000856098395936298
2023-12-28,474,0.9294825203521209,0.9298746063148136,-0.00039208596269259233
2023-12-29,479,0.8318561700938448,0.8245561591089067,0.007300010984938187
2024-01-02,480,0.5996809608867415,0.5862547922997038,0.013426168587037652
2024-01-03,479,0.6325094772132432,0.640975006458148,-0.008465529244904681
2024-01-04,481,0.6068153507242642,0.6116776379415978,-0.004862287217333629
2024-01-05,481,0.7017888339464068,0.7083976512210416,-0.006608817274634924
2024-01-08,480,0.6399747255832898,0.6388252733149795,0.0011494522683102998
2024-01-09,481,0.6117617885521194,0.6166936685730944,-0.004931880020975147
2024-01-10,480,0.643669321626239,0.6369930145029791,0.00667630712325998
2024-01-11,483,0.658494315260271,0.6489816804500559,0.009512634810215135
2024-01-12,481,0.6480773523490001,0.6407710809317717,0.007306271417228307
2024-01-16,478,0.6681350091930637,0.6660530932465243,0.0020819159465393614
2024-01-17,478,0.9111398283405028,0.9313815130624556,-0.020241684721952837
2024-01-18,482,0.7539680405564246,0.7583547979590182,-0.004386757402593498
2024-01-19,486,0.6466808350252022,0.6365655074479631,0.010115327577239094
2024-01-22,486,0.6948976742779195,0.6943656703742788,0.0005320039036406809
2024-01-23,489,0.6570673177297511,0.659034416211098,-0.0019670984813468816
2024-01-24,489,0.7024634395697609,0.7183138582333491,-0.015850418663588262
2024-01-25,482,0.618892940344507,0.6283799936316027,-0.009487053287095688
2024-01-26,473,0.6158293339828436,0.6147979746294264,0.0010313593534172305
2024-01-29,470,0.7639270852546405,0.7704858846900935,-0.006558799435453111
2024-01-30,473,0.7789573711766122,0.7813316638472788,-0.002374292670666579
2024-01-31,479,0.8276313088397745,0.8313913851072331,-0.0037600762674585
2024-02-01,480,0.7458243940207034,0.7471394980506793,-0.001315104029975871
2024-02-02,481,0.7023147439610539,0.711610910321545,-0.009296166360491223
2024-02-05,472,0.9101644881855062,0.9276706957751358,-0.017506207589629667
2024-02-06,470,0.8507620398074657,0.866951147880583,-0.016189108073117468
2024-02-07,472,0.7322759466315146,0.7535188667323379,-0.021242920100823275
2024-02-08,479,0.6127945094458425,0.6232781053546884,-0.010483595908845997
2024-02-09,474,0.6348276914260567,0.6448616011902423,-0.01003390976418556
2024-02-12,457,0.699613397884502,0.7047387156570246,-0.005125317772522547
2024-02-13,449,0.8480089458524332,0.8475204545180504,0.0004884913343830731
2024-02-14,451,0.6784502243022119,0.6870828910135217,-0.008632666711309798
2024-02-15,465,0.6502265840011553,0.668467725421117,-0.0182411414199617
2024-02-16,466,0.6110130427493615,0.6165757810271395,-0.005562738277777986
2024-02-20,467,0.7545025190802565,0.7564862064633475,-0.001983687383091079
2024-02-21,467,0.8312902716548635,0.8328539201165887,-0.001563648461725153
2024-02-22,477,0.6559100017400344,0.66025745278638,-0.00434745104634574
2024-02-23,473,0.6473208629432939,0.6500089412968787,-0.0026880783535846906
2024-02-26,455,0.6884972412870212,0.6926221258943153,-0.004124884607294168
2024-02-27,448,0.751035294122385,0.7537192981922312,-0.0026840040698461977
2024-02-28,455,0.8572675633780443,0.8511897356402166,0.006077827737827758
2024-02-29,470,0.7369961212157353,0.7363982946454576,0.0005978265702777339
2024-03-01,473,0.6849992107954672,0.6887857059841977,-0.0037864951887305823
2024-03-04,453,0.6331200984271761,0.6331382980431334,-1.8199615957195615e-05
2024-03-05,454,0.6184788782724497,0.6182747399258818,0.00020413834656791987
2024-03-06,459,0.632375117475432,0.6325998077586962,-0.00022469028326428176
2024-03-07,475,0.5481264755232047,0.5569659029135312,-0.008839427390326495
2024-03-08,477,0.6241104999523308,0.6254129347328857,-0.0013024347805549845
2024-03-11,444,0.7073992703009477,0.709888534867687,-0.0024892645667392945
2024-03-12,449,0.7402595878770899,0.7455236643404252,-0.005264076463335138
2024-03-13,449,0.6063093763699428,0.6122399067981447,-0.005930530428201978
2024-03-14,482,0.5399384189932823,0.5414200097448294,-0.0014815907515471126
2024-03-15,478,0.6320436208525387,0.63128480859065,0.0007588122618888769
2024-03-18,481,0.7982115011509584,0.8006363146018451,-0.0024248134508867373
2024-03-19,479,0.6135034301582214,0.6057575498847904,0.0077458802734310115
2024-03-20,486,0.5524763080791175,0.5435779981477146,0.008898309931402937
2024-03-21,488,0.5941997857158803,0.5832420521566326,0.010957733559247656
2024-03-22,465,0.5403020576620213,0.532859888904829,0.007442168757192374
2024-03-25,457,0.6383311190993757,0.6342236468862761,0.004107472213099498
2024-03-26,454,0.5960647251713613,0.5918089804932063,0.0042557446781551
2024-03-27,478,0.6288245781615004,0.6292059085572725,-0.00038133039577215505
2024-03-28,483,0.7471078905336656,0.7394587150004723,0.0076491755331933075
2024-04-01,479,0.7380816388231629,0.7440653902820151,-0.0059837514588522754
2024-04-02,479,0.5590270600861941,0.550179845682046,0.008847214404147992
2024-04-03,478,0.488408053438203,0.47957410897580316,0.008833944462399835
2024-04-04,478,0.5876027799630666,0.5779259050163604,0.009676874946706203
2024-04-05,479,0.5863349530645675,0.5730657652429285,0.013269187821638955
2024-04-08,479,0.6889044974256616,0.6710651019611261,0.017839395464535557
2024-04-09,479,1.079997309730651,1.0720539580901673,0.007943351640483737
2024-04-10,478,0.8600537234713667,0.8625206637127913,-0.0024669402414246836
2024-04-11,482,1.012067053305612,1.0203067941316057,-0.008239740825993741
2024-04-12,489,0.7320680316759184,0.7349133773577595,-0.002845345681841057
2024-04-15,485,0.6720806069430749,0.666300021163455,0.005780585779619865
2024-04-16,481,0.9038040515098554,0.9202194675832104,-0.01641541607335487
2024-04-17,480,0.7327757753703307,0.7356086234132163,-0.0028328480428855144
2024-04-18,482,0.7853938693902068,0.7805123396057722,0.004881529784434659
2024-04-19,485,0.8145860986355032,0.8105237173325642,0.0040623813029389624
2024-04-22,484,0.7855571658866914,0.7806507156500482,0.00490645023664334
2024-04-23,487,0.8265651726367359,0.8189239001176359,0.007641272519100065
2024-04-24,482,0.7407678544215945,0.7384082372571151,0.0023596171644792614
2024-04-25,475,0.6879010610949782,0.6866053651011853,0.0012956959937928704
2024-04-26,474,0.885875031109259,0.8972463812671605,-0.01137135015790148
2024-04-29,477,0.9595812277624579,0.9664233935098325,-0.0068421657473746456
2024-04-30,479,0.9641295211504999,0.9731132963064423,-0.008983775155942357
2024-05-01,477,0.9691998786938255,0.9825732924419484,-0.01337341374812293
2024-05-02,476,0.7341889993075449,0.7452345953801225,-0.011045596072577641
2024-05-03,482,0.6085597409100967,0.6211131327612579,-0.012553391851161281
2024-05-06,472,0.6554968026101504,0.6758914261423863,-0.020394623532235943
2024-05-07,466,0.6546467596709089,0.6704939721948531,-0.01584721252394421
2024-05-08,463,0.5810364177615273,0.5833600020409684,-0.0023235842794410433
2024-05-09,465,0.5268929613137465,0.522738074847697,0.00415488646604947
2024-05-10,467,0.6444109262281307,0.641611228012593,0.00279969821553772
2024-05-13,454,0.6029185859993356,0.5984609479810514,0.004457638018284174
2024-05-14,458,0.5445267674673825,0.5379210236829228,0.006605743784459593
2024-05-15,463,0.5519294953968337,0.5457801582005394,0.0061493371962943275
2024-05-16,475,0.530123674023272,0.5251593147130781,0.004964359310193924
2024-05-17,481,0.647738660583543,0.6428990876703032,0.004839572913239773
2024-05-20,473,0.8336338821239323,0.8387614177110767,-0.005127535587144432
2024-05-21,470,0.7683745569257311,0.7587647045140977,0.009609852411633382
2024-05-22,472,0.8444634063779429,0.8297922632872277,0.014671143090715178
2024-05-23,480,0.7435960334874921,0.7264931686700898,0.017102864817402374
2024-05-24,483,0.7589219513617427,0.7531990254739185,0.005722925887824197
2024-05-28,464,0.7432323284291417,0.759864793011265,-0.016632464582123283
2024-05-29,452,0.8765736914135023,0.8871497908485493,-0.010576099435047049
2024-05-30,450,0.7694167719164569,0.7759482995239194,-0.006531527607462668
2024-05-31,465,0.6735680997595722,0.6691224603998607,0.004445639359711539
2024-06-03,478,0.5692408066083227,0.5732274912065614,-0.00398668459823853
2024-06-04,466,0.5394694799717054,0.5430920010250542,-0.0036225210533488293
2024-06-05,459,0.5428879499431848,0.5529685384475699,-0.010080588504385106
2024-06-06,461,0.5978341360057198,0.5991827309100995,-0.0013485949043796567
2024-06-07,474,0.749364996166447,0.7377180719573992,0.011646924209047867
2024-06-10,482,0.6797959207006494,0.6780114119663512,0.0017845087342982576
2024-06-11,454,0.6452260193894371,0.6458154804108546,-0.0005894610214173847
2024-06-12,451,0.6335579480994789,0.6395191707837748,-0.0059612226842959805
2024-06-13,444,0.6068499675773307,0.6090174919819005,-0.002167524404569779
2024-06-14,472,0.6239475217147984,0.6233742894642638,0.0005732322505345489
2024-06-17,477,0.5235364491783524,0.5238628699085034,-0.00032642073015100477
2024-06-18,482,0.6743226292213206,0.6821882179275043,-0.007865588706183764
2024-06-20,484,0.520882703905429,0.5175808201071579,0.003301883798271092
2024-06-21,486,0.5475332520297069,0.5429338701297038,0.004599381900003062
2024-06-24,488,0.6343506451029811,0.6232225796175677,0.011128065485413424
2024-06-25,465,0.6234457872496978,0.6179352875796416,0.005510499670056247
2024-06-26,458,0.6286127260744769,0.6195437536391091,0.009068972435367988
2024-06-27,458,0.6107804296876497,0.6065028723244139,0.0042775573632357474
2024-06-28,479,0.5507264277812879,0.5435250002582126,0.007201427523075141
2024-07-01,479,0.5134070584366343,0.5085394849813051,0.0048675734553291945
2024-07-02,475,0.479865500355181,0.4675321365383492,0.012333363816831786
2024-07-03,472,0.5202916019782633,0.5118271488549667,0.008464453123296566
2024-07-05,475,0.5933296115502054,0.5860655882199325,0.007264023330272904
2024-07-08,477,0.7846255383005958,0.7855237754729555,-0.0008982371723597514
2024-07-09,480,1.0486766938502439,1.0649270080963198,-0.016250314246075936
2024-07-10,478,0.9428745289052582,0.9511605200128134,-0.008285991107554973
2024-07-11,482,1.0094037338325421,1.004048225541967,0.005355508290575356
2024-07-12,483,1.0086662860755922,1.0188824692877276,-0.01021618321213533
2024-07-15,490,0.8653985019830934,0.8727735887164625,-0.007375086733369037
2024-07-16,484,0.9518613981334064,0.9649503307312081,-0.01308893259780159
2024-07-17,481,0.650675159974282,0.6444049309192162,0.006270229055065799
2024-07-18,481,0.6857965867485609,0.682235358749794,0.0035612279987668684
2024-07-19,486,0.694340881837561,0.698873680564892,-0.004532798727330913
2024-07-22,489,1.1319452861629742,1.12471997408611,0.0072253120768639685
2024-07-23,486,1.1316334148600249,1.1329838359993607,-0.0013504211393359322
2024-07-24,486,0.9683879475691355,0.9685051694240189,-0.00011722185488342605
2024-07-25,486,0.9718107879364813,0.9697262127933045,0.002084575143176925
2024-07-26,481,0.7048123788093119,0.7096664598650894,-0.004854081055777379
2024-07-29,473,0.913034322002911,0.9272418511230853,-0.014207529120174343
2024-07-30,470,1.4629337504067734,1.4734518827905454,-0.010518132383771778
2024-07-31,474,2.2328279206603066,2.2373642677131995,-0.004536347052892907
2024-08-01,480,1.2555214612212398,1.2619312443396693,-0.006409783118429251
2024-08-02,479,0.9338561253139385,0.9422144697405956,-0.008358344426657147
2024-08-05,483,1.0081818797415734,1.0060770326374266,0.0021048471041467468
2024-08-06,478,0.793813626715016,0.8132717925685061,-0.01945816585349009
2024-08-07,471,0.814040997337731,0.8232631023887085,-0.009222105050977387
2024-08-08,470,0.6015956431624002,0.6333127724276106,-0.031717129265210475
2024-08-09,471,0.5842907362676378,0.6001116459117752,-0.015820909644137328
2024-08-12,464,0.9757462870799994,0.9687665412056327,0.00697974587436682
2024-08-13,450,0.6877301401548248,0.6874197687993746,0.0003103713554502466
2024-08-14,449,0.8121744957331738,0.7971901138779085,0.014984381855265306
2024-08-15,463,0.49578828276210174,0.486853237704118,0.008935045057983782
2024-08-16,472,0.5515876739572955,0.535755987464523,0.01583168649277242
2024-08-19,477,0.5085221983169096,0.5048738555349956,0.00364834278191394
2024-08-20,477,0.6521387287982406,0.6401204233072061,0.012018305491034609
2024-08-21,479,0.5709962659410986,0.5690542821904543,0.0019419837506442722
2024-08-22,477,0.5792279545920641,0.5709115442229509,0.008316410369113162
2024-08-23,481,0.5458961473076576,0.5488619938568966,-0.00296584654923905
2024-08-26,483,0.5909564588300882,0.5904732728594948,0.00048318597059336085
2024-08-27,465,0.6027863207417286,0.5995006763293431,0.00328564441238529
2024-08-28,448,0.6951955998394826,0.7070834389110916,-0.011887839071609002
2024-08-29,442,0.7470894000648844,0.7588863162511456,-0.011796916186261087
2024-08-30,458,0.9915178202284672,1.0310800072120372,-0.03956218698356997
2024-09-03,462,0.8030421365643619,0.8177044119148916,-0.014662275350529887
2024-09-04,463,0.6201897333800024,0.6204953272097854,-0.00030559382978295117
2024-09-05,464,0.6399375748443566,0.6405881694514393,-0.0006505946070825428
2024-09-06,474,0.7919358778538943,0.7799645527777023,0.011971325076192023
2024-09-09,477,0.7341585112450236,0.7214175441517188,0.012740967093304783
2024-09-10,460,0.8125471101665784,0.8071537137608977,0.005393396405680721
2024-09-11,448,0.8331181734558488,0.8252150531617634,0.007903120294085459
2024-09-12,445,0.7646847466203898,0.7553499334388765,0.00933481318151336
2024-09-13,466,0.6068629608414735,0.5897846139987771,0.017078346842696396
2024-09-16,479,0.807242405900187,0.7935645207725144,0.013677885127672665
2024-09-17,482,0.6296836663116828,0.6181227897771991,0.011560876534483684
2024-09-18,481,0.6405489809335025,0.633234769703371,0.007314211230131503
2024-09-19,483,0.5957622645943973,0.5875167361469987,0.008245528447398563
2024-09-20,487,0.5905871508981354,0.578649131170055,0.01193801972808035
2024-09-23,486,0.7395249529783826,0.7259254006100191,0.013599552368363505
2024-09-24,481,0.6019756379257413,0.5861445427484366,0.015831095177304688
2024-09-25,462,0.6178354313883816,0.599627852000358,0.01820757938802368
2024-09-26,456,0.6328770452437734,0.626984392170901,0.005892653072872488
2024-09-27,459,0.59991916879377,0.5979482350881897,0.0019709337055802078
2024-09-30,477,0.751104616788605,0.7408203792035626,0.010284237585042507
2024-10-01,478,0.6930336607668147,0.673823875320635,0.019209785446179586
2024-10-02,477,0.6934100687947237,0.6697564494673168,0.02365361932740687
2024-10-03,477,0.604048471996117,0.5844259490982426,0.019622522897874417
2024-10-04,484,0.6139944706134426,0.5976974560647644,0.016297014548678167
2024-10-07,479,0.5895486624783556,0.5764864509014421,0.013062211576913394
2024-10-08,478,0.6119247605066357,0.595632587599069,0.016292172907566578
2024-10-09,481,0.5812698464022985,0.5659807854427544,0.015289060959544123
2024-10-10,484,0.73250515596454,0.7231285271322337,0.009376628832306349
2024-10-11,486,0.7269887863852912,0.7229171868503755,0.004071599534915736
2024-10-14,485,0.6837046618194464,0.6803588188256802,0.0033458429937661812
2024-10-15,485,0.6074453198161757,0.5908585940216134,0.016586725794562347
2024-10-16,483,0.5960885084878549,0.5814224168936657,0.014666091594189148
2024-10-17,482,0.6389026706796945,0.6273714221105224,0.011531248569172165
2024-10-18,486,0.7139418389528146,0.7112998761013681,0.0026419628514464917
2024-10-21,489,0.763159245291384,0.7546505360310911,0.008508709260292985
2024-10-22,488,0.7283272788828982,0.7166479517440576,0.0116793271388406
2024-10-23,489,0.7066348143767561,0.6894588671325492,0.0171759472442068
2024-10-24,489,0.7249219737126664,0.7079191194079112,0.017002854304755288
2024-10-25,491,0.7084417273457858,0.7067215429206206,0.001720184425165251
2024-10-28,484,1.0315673283404143,1.0447999913377968,-0.013232662997382398
2024-10-29,476,0.9993567140271443,1.0120832242518214,-0.01272651022467708
2024-10-30,468,0.8621398923976797,0.8718575238066711,-0.009717631408991394
2024-10-31,473,0.72949690869449,0.7400955300451331,-0.010598621350643109
2024-11-01,479,1.6657190959607113,1.6788994308137484,-0.013180334853037122
2024-11-04,484,1.7493314521457324,1.771252472440617,-0.02192102029488463
2024-11-05,473,1.6244152286502813,1.6328190678144718,-0.00840383916419052
2024-11-06,475,1.031660560996044,1.0383878275812994,-0.006727266585255439
2024-11-07,473,0.9431327426067792,0.9698478988629735,-0.026715156256194448
2024-11-08,477,0.7454626441266317,0.7851306873175299,-0.0396680431908982
2024-11-11,467,0.7673838330543102,0.7881862996889781,-0.020802466634667807
2024-11-12,450,0.8609187588552558,0.8787577230093299,-0.0178389641540739
2024-11-13,447,0.8519782942682457,0.8437895949232255,0.008188699345020216
2024-11-14,454,0.8406465803222857,0.8275815192861987,0.013065061036087094
2024-11-15,472,0.6812373455992993,0.6802114459468617,0.0010258996524374832
2024-11-18,477,0.7394734040940297,0.7295942979107783,0.009879106183251477
2024-11-19,472,0.850998330311075,0.8458122251998831,0.005186105111191875
2024-11-20,473,1.0509858510414019,1.0513109573510888,-0.00032510630968705115
2024-11-21,477,0.7152528427665462,0.7117745278981622,0.0034783148683839742
2024-11-22,480,0.6174489220941323,0.6140257058927027,0.0034232162014295694
2024-11-25,465,0.49678724995246754,0.4958739556374029,0.000913294315064664
2024-11-26,450,0.56303626362847,0.5582964730989508,0.004739790529519258
2024-11-27,450,0.6324822688505526,0.61955363291635,0.012928635934202532
2024-11-29,463,0.7967405821420894,0.782178554852504,0.01456202728958545
2024-12-02,474,0.7151884961460904,0.7131195221906144,0.0020689739554760485
2024-12-03,463,0.732302343073221,0.7239063133512176,0.008396029722003323
2024-12-04,458,0.7342039665860542,0.7310641434527465,0.0031398231333078096
2024-12-05,461,0.7656659659897598,0.7744899578244041,-0.008823991834644404
2024-12-06,474,0.7166588336656613,0.717436756116577,-0.0007779224509157183
2024-12-09,485,0.7114615611403456,0.708184220310042,0.0032773408303036966
2024-12-10,468,0.6757431962112985,0.6710813363608066,0.004661859850491747
2024-12-11,457,0.756590838034328,0.7550124955331844,0.0015783425011436536
2024-12-12,450,0.7312846190749539,0.7323795105694166,-0.0010948914944626474
2024-12-13,468,1.3200984798621773,1.3515354322648299,-0.03143695240265265
2024-12-16,481,1.3600249566503928,1.4046781944060032,-0.04465323775561038
2024-12-17,479,0.8349458576043686,0.8378621871006531,-0.0029163294962845712
2024-12-18,481,0.6100461783717439,0.6011081756518603,0.008938002719883707
2024-12-19,482,0.6927480844034543,0.6762174385686701,0.016530645834784218
2024-12-20,487,0.4547595235229624,0.4473692892257792,0.007390234297183203
2024-12-23,482,0.37842384188772854,0.3773711484999672,0.0010526933877612894
2024-12-24,478,0.5712005132097592,0.5765418761399033,-0.0053413629301440335
2024-12-26,463,0.6039045424278684,0.6021723202045272,0.0017322222233413208
2024-12-27,459,0.5676691660312335,0.5527017880413388,0.014967377989894655
2024-12-30,456,0.5543305402126009,0.5353085595501142,0.01902198066248664
2024-12-31,472,0.7716590096156223,0.7594145335794098,0.012244476036212454
2025-01-02,480,0.6697753716901336,0.6500205750063416,0.01975479668379194
2025-01-03,486,0.6153525322083133,0.5994742916250717,0.015878240583241613
2025-01-06,479,0.8457990764003026,0.8516847178667097,-0.005885641466406989
2025-01-07,481,0.7353419876916374,0.7331021599655898,0.002239827726047618
2025-01-08,480,0.7188483708846422,0.7078735643960534,0.010974806488588796
2025-01-10,485,0.9823919117261884,0.9740474245471663,0.008344487179022192
2025-01-13,484,1.0059945767787024,0.9932564673993323,0.012738109379370227
2025-01-14,481,0.8850882195395052,0.8765829030584247,0.008505316481080535
2025-01-15,482,0.9209271311243037,0.9069236959244783,0.014003435199825501
2025-01-16,481,0.8425296283226439,0.8319803653463805,0.010549262976263369
2025-01-17,485,0.8593760696021938,0.8441669675587422,0.015209102043451718
2025-01-21,486,0.6317918117684348,0.6169282620708075,0.014863549697627288
2025-01-22,488,1.1763783954663438,1.2020302144329893,-0.025651818966645507
2025-01-23,489,1.028788399607421,1.0566477196888053,-0.02785932008138432
2025-01-24,490,0.957240171034662,0.981398438711172,-0.02415826767651013
2025-01-27,489,0.8797542475847175,0.8788233197777011,0.0009309278070164227
2025-01-28,481,0.725244096043154,0.7298297067516066,-0.00458561070845275
2025-01-29,472,0.7895771609266492,0.7951731425209776,-0.0055959815943284336
2025-01-30,473,0.8145039249210778,0.8280499822407229,-0.01354605731964513
2025-01-31,479,0.7734472839796315,0.7831262205015355,-0.009678936521903953
2025-02-03,490,0.8990097966389577,0.9024597845591255,-0.003449987920167632
2025-02-04,479,0.8346001278529523,0.8308999691540173,0.0037001586989350577
2025-02-05,473,0.8284228180913219,0.8277843663322755,0.0006384517590464806
2025-02-06,471,0.7672159694383588,0.7794010042381521,-0.012185034799793151
2025-02-07,478,0.7480322094828252,0.7584577118088586,-0.010425502326033256
2025-02-10,484,0.8515623199939245,0.8678803457723319,-0.01631802577840735
2025-02-11,458,0.9300738948349101,0.9412056620847736,-0.011131767249863521
2025-02-12,449,0.9878212242789903,0.9916750589605972,-0.00385383468160681
2025-02-13,448,0.8209762197990137,0.8219279833925404,-0.0009517635935266279
2025-02-14,471,0.807476350629511,0.80850448870314,-0.0010281380736290558
2025-02-18,475,1.1332121221017992,1.1607863391107192,-0.02757421700891981
2025-02-19,469,1.1834930764635898,1.223254313972285,-0.03976123750869513
2025-02-20,469,1.1280288134339758,1.1783180645180285,-0.05028925108405255
2025-02-21,474,0.6355562198394373,0.6526062438556617,-0.01705002401622432
2025-02-24,479,0.7552658508163328,0.7801496700329613,-0.024883819216628553
2025-02-25,466,0.7345524298762834,0.7393075257393389,-0.004755095863055459
2025-02-26,453,1.0310982710104204,1.0738425011227346,-0.04274423011231428
2025-02-27,452,0.8755437867156187,0.8934631941430622,-0.017919407427443506
2025-02-28,462,0.9166079532754733,0.9278568524671029,-0.011248899191629661
2025-03-03,474,1.0839871476070022,1.0930624215645401,-0.009075273957537938
2025-03-04,462,1.0096420790692724,1.0235685727024058,-0.01392649363313332
2025-03-05,450,1.607629589196314,1.6441701788265954,-0.03654058963028146
2025-03-06,452,1.0384105612031145,1.0419262396724975,-0.003515678469383141
2025-03-07,462,1.256903884087487,1.252212954830811,0.004690929256676034
2025-03-10,477,1.2249308821121394,1.219755014800655,0.005175867311484151
2025-03-11,451,0.7076947092481439,0.7085000597190058,-0.0008053504708618374
2025-03-12,449,0.7951090927564539,0.7891343497206144,0.005974743035839564
2025-03-13,447,0.8772176685127314,0.8613057410296788,0.01591192748305252
2025-03-14,475,0.642397598080632,0.640016343950022,0.002381254130609868
2025-03-17,478,0.5444543433798842,0.549514115655835,-0.005059772275950762
2025-03-18,481,0.6167270557158251,0.6112511086701494,0.0054759470456756726
2025-03-19,481,0.6215781653748355,0.6062762628802815,0.015301902494553979
2025-03-20,485,0.7095247746868356,0.6913886370675145,0.01813613761932108
2025-03-21,489,0.6098652078408059,0.5944799917997348,0.015385216041071239
2025-03-24,490,0.7444729941961655,0.7819755601111069,-0.03750256591494133
2025-03-25,488,1.132785452066651,1.200199076656995,-0.06741362459034385
2025-03-26,466,0.8570842559239428,0.8831008882467726,-0.026016632322829844
2025-03-27,460,0.6412290526093705,0.6484476207443787,-0.007218568135008119
2025-03-28,464,0.6819369906423552,0.6588486151186408,0.023088375523714462
2025-03-31,482,1.7003141377276965,1.761480041771186,-0.0611659040434896
2025-04-01,483,3.8938973000792774,4.027280881083725,-0.13338358100444805
2025-04-02,481,4.542857435444673,4.676161332714889,-0.13330389727021624
2025-04-03,485,3.0228929013075096,2.9243803597982745,0.09851254150923454
2025-04-04,490,2.237612915058989,2.224036163575017,0.013576751483971855
2025-04-07,485,1.148742929113152,1.1703230707740597,-0.021580141660907746
2025-04-08,483,2.039866598152238,2.014104074949589,0.025762523202649268
2025-04-09,483,0.9524737078977364,0.9674912350586592,-0.015017527160922686
2025-04-10,488,0.8532816985708495,1.0500197020469086,-0.196738003476059
2025-04-11,489,0.6593897449065965,0.7600466280254182,-0.10065688311882168
2025-04-14,483,0.7604556045819536,0.8329331859918021,-0.07247758140984858
2025-04-15,483,1.063651505249953,1.0789851976220783,-0.015333692372125316
2025-04-16,482,0.8150699104104656,0.7905184094148758,0.02455150099558974
2025-04-17,486,0.7715807574022687,0.7279871570618338,0.04359360034043495
2025-04-21,490,1.8849401777585126,1.8837895896004744,0.0011505881580382907
2025-04-22,491,1.32090730206598,1.282502477327737,0.038404824738243415
2025-04-23,493,0.9516654969840168,0.9051060470396776,0.04655944994433924
2025-04-24,492,0.6993303496976789,0.6699062086830274,0.029424141014651545
2025-04-25,484,0.7377635735295371,0.7176556919936454,0.020107881535891752
2025-04-28,480,0.7923151979909865,0.7681830176020328,0.02413218038895381
2025-04-29,476,0.9060331174543852,0.868403980180773,0.03762913727361226
2025-04-30,480,0.8627625738214804,0.8274046711879277,0.035357902633552575
2025-05-01,482,0.7320997358316153,0.682324908852829,0.04977482697878635
2025-05-02,485,0.7521428588349333,0.7273994738988937,0.024743384936039562
2025-05-05,490,0.7813510012596694,0.7452889688757649,0.03606203238390449
2025-05-06,482,0.8605157161540449,0.8278613081168488,0.032654408037196096
2025-05-07,475,1.6036199841488505,1.6078335224301887,-0.0042135382813381275
2025-05-08,473,1.5230614593079141,1.536334848464546,-0.013273389156631928
2025-05-09,476,1.4670045867283565,1.4970262437607782,-0.030021657032421586
2025-05-12,472,0.7798651801597042,0.7292982580163834,0.0505669221433209
2025-05-13,456,0.7570057288434807,0.7062412025076321,0.050764526335848645
2025-05-14,450,0.896309198118412,0.852971540790613,0.04333765732779907
2025-05-15,459,0.6678894934865842,0.6158972629729436,0.05199223051364063
2025-05-16,472,0.9076925762983974,0.9094088968162605,-0.0017163205178630599
2025-05-19,480,0.9223422266237283,0.8976465878010583,0.024695638822669997
2025-05-20,469,0.9539615464269343,0.9272678712998699,0.02669367512706442
2025-05-21,468,0.7444714409365917,0.6876434685393971,0.05682797239719462
2025-05-22,470,0.689551595850263,0.6210152141683754,0.0685363816818877
2025-05-23,480,0.7367435082209327,0.6709479450632225,0.06579556315771015
2025-05-27,468,0.7191542325804076,0.6692697028276002,0.04988452975280738
2025-05-28,454,0.7246353713871784,0.6660468375882898,0.058588533798888606
2025-05-29,456,0.7473098201795482,0.6865475186643237,0.060762301515224465
2025-05-30,467,0.7630042221020051,0.7031680376652579,0.05983618443674717
2025-06-02,481,0.7726358480010257,0.7084523871104433,0.06418346089058244
2025-06-03,470,0.6909942646236676,0.6211571069198664,0.06983715770380132
2025-06-04,469,0.7035039845822633,0.6378782454439068,0.06562573913835644
2025-06-05,463,0.9044349366443765,0.8625657727217769,0.04186916392259948
2025-06-06,474,0.7665092731089521,0.7091844530594359,0.057324820049516244
2025-06-09,481,0.6734305691787456,0.6043213497743306,0.0691092194044149
2025-06-10,466,0.8463021710643079,0.8165952359333049,0.02970693513100316
2025-06-11,455,0.7314167770789779,0.6450038162740686,0.08641296080490937
2025-06-12,452,0.8260805347119129,0.7708250416279894,0.05525549308392366
2025-06-13,468,0.780294226171827,0.7221898307274236,0.05810439544440342
2025-06-16,479,0.6961452323619447,0.6394540664240219,0.056691165937922644
2025-06-17,480,0.75830823700141,0.6992689012944955,0.05903933570691456
2025-06-18,487,0.8255372421001799,0.7790304057363125,0.046506836363867356
2025-06-20,488,0.7770174850160398,0.7244482568933538,0.052569228122686065
2025-06-23,489,0.8168800427860033,0.770374783631823,0.04650525915418023
2025-06-24,484,0.6896052489267782,0.6188964412860122,0.07070880764076602
2025-06-25,466,0.7344658764796654,0.6763404360766408,0.05812544040302467
2025-06-26,461,0.8743486360011536,0.8403424431262115,0.03400619287494211
2025-06-27,466,0.9540075700381792,0.9305627201929771,0.02344484984520194
2025-06-30,476,0.9406692443118756,0.9125145143272066,0.02815472998466904
2025-07-01,479,0.7031721656185007,0.6245216491433474,0.07865051647515332
2025-07-02,478,0.6109099484252258,0.5249751000362227,0.08593484838900309
2025-07-03,487,0.6700020662393565,0.5911709025350455,0.07883116370431104
2025-07-07,484,0.7946972533727586,0.7608029548251517,0.033894298547607
2025-07-08,485,0.6645444160393106,0.6274871177987593,0.03705729824055122
2025-07-09,485,0.6386917224678605,0.6014929889313329,0.03719873353652772
2025-07-10,487,0.8041185318276859,0.7927173219474523,0.011401209880233736
2025-07-11,489,0.6704806694856038,0.664635270437558,0.005845399048045859
2025-07-14,489,0.6104325743673628,0.6065507335530251,0.003881840814337685
2025-07-15,488,0.6789758806285305,0.6754827846853979,0.00349309594313269
2025-07-16,484,0.6313404887373629,0.6220569563543613,0.009283532383001543
2025-07-17,482,0.7324915091645386,0.7225732065678313,0.009918302596707406
2025-07-18,488,0.8572351198841553,0.8535297484042839,0.0037053714798714575
2025-07-21,491,0.9990104255718951,0.997784925277532,0.0012255002943630563
2025-07-22,491,0.8941229266835077,0.8938214976027864,0.0003014290807213423
2025-07-23,492,0.7648873906049386,0.7608777953685868,0.004009595236351779
2025-07-24,492,0.6989554705265401,0.6950301805977205,0.003925289928819663
2025-07-25,493,0.8998979196867315,0.8952572757366628,0.004640643950068732
2025-07-28,483,1.1356826873725683,1.132849884535262,0.0028328028373063208
2025-07-29,475,1.2670145731974578,1.2694327311314562,-0.002418157933998302
2025-07-30,474,1.0253321413542535,1.0390226073132953,-0.013690465959041857
2025-07-31,480,0.8541461476004995,0.8679812569242308,-0.013835109323731188
2025-08-01,488,0.8761594286646018,0.8866187271786248,-0.01045929851402297
2025-08-04,488,0.8584658084090248,0.8700934896680016,-0.011627681258976851
2025-08-05,483,0.8773419710325961,0.890026982142268,-0.012685011109671893
2025-08-06,477,0.8358000093590104,0.8401385865791847,-0.004338577220174342
2025-08-07,477,0.8000931113471953,0.7992947244096076,0.0007983869375875932
2025-08-08,479,0.9483882269867006,0.9559412650706854,-0.007553038083984912
2025-08-11,475,0.9261745422140224,0.9323294444521669,-0.006154902238144434
2025-08-12,455,0.709184250061465,0.7110721583807024,-0.0018879083192373499
2025-08-13,449,0.6578313201070498,0.6582887719933843,-0.0004574518863346114
2025-08-14,454,0.591786046522693,0.5953214081386403,-0.0035353616159474054
2025-08-15,471,0.5548301275552887,0.557008633369811,-0.0021785058145223435
2025-08-18,479,0.6105790732396593,0.6156472029976887,-0.005068129758029313
2025-08-19,478,0.6313827640516861,0.6213916640175419,0.009991100034144149
2025-08-20,479,0.6917650549756623,0.6812257544201044,0.010539300555557995
2025-08-21,481,0.8152355707247763,0.8129492863821641,0.0022862843426120117
2025-08-22,488,0.6505363171572053,0.6476022974302027,0.002934019727002534
2025-08-25,489,0.6715721861033641,0.669675089131052,0.0018970969723120575
2025-08-26,474,0.5545647244455453,0.5527343343859052,0.001830390059640126
2025-08-27,450,0.646652361589715,0.6464113909777092,0.00024097061200592512
2025-08-28,446,0.6769029912593506,0.6827481821843259,-0.005845190924975396
2025-08-29,456,0.623635735742514,0.6160800569980314,0.007555678744482673
2025-09-02,462,0.730548625778448,0.721451113962651,0.009097511815796898
2025-09-03,465,0.7418960658384731,0.7311190745770719,0.010776991261401159
2025-09-04,468,0.677258331748663,0.6649013522483904,0.012356979500272553
2025-09-05,478,0.8173045800132742,0.8108411167561876,0.006463463257086521
2025-09-08,479,0.7908888620233439,0.7912354111458911,-0.00034654912254721454
2025-09-09,475,0.7607441901342702,0.7505587041084745,0.010185486025795693
2025-09-10,459,0.6586547299037991,0.6473144863998922,0.011340243503906885
2025-09-11,455,0.7159836683006618,0.7018317416118852,0.014151926688776595
2025-09-12,461,0.6036194346986389,0.5911620524159487,0.012457382282690296
2025-09-15,482,0.6574440245670496,0.646896611956991,0.010547412610058635
2025-09-16,488,0.6856402116771084,0.6785065366547036,0.007133675022404827
2025-09-17,486,0.7710037352851414,0.7606113127813968,0.010392422503744565
2025-09-18,489,0.6125431793698374,0.6037065814400034,0.008836597929833925
2025-09-19,490,0.6654115412695111,0.6590248892775847,0.006386651991926322
2025-09-22,492,0.7519257470201812,0.7500435787753722,0.0018821682448089867
2025-09-23,486,0.6329649687078748,0.6269319799980201,0.006032988709854802
2025-09-24,485,0.5768723963402785,0.5674062952275422,0.009466101112736306
2025-09-25,464,0.7368271829088469,0.7300439720602047,0.006783210848642178
2025-09-26,461,0.9188732981597252,0.9175669140616235,0.0013063840981016957
2025-09-29,460,0.890766582504667,0.8815776238992064,0.009188958605460693
2025-09-30,475,0.7750863981331643,0.7629033947073859,0.012183003425778459
2025-10-01,482,0.697355887620315,0.6866648706193726,0.010691017000942231
2025-10-02,483,0.6754402654467488,0.6631607853689575,0.01227948007779138
2025-10-03,492,0.7568838104450342,0.7444113317751294,0.01247247866990471
2025-10-06,490,0.72674523402253,0.71592581144651,0.010819422576019975
2025-10-07,483,0.9930847113457911,0.9876293824263923,0.005455328919398899
2025-10-08,483,0.8079272479277146,0.7972386872878474,0.010688560639867084
2025-10-09,484,0.6379127649350601,0.6312339421578737,0.006678822777186341
2025-10-10,488,0.909838796575521,0.8943600555763417,0.01547874099917931
2025-10-13,487,0.7654353963368818,0.7557988112594103,0.009636585077471591
2025-10-14,485,0.7233705236273092,0.7109691457371753,0.012401377890133864
2025-10-15,488,0.6468661938431847,0.6425328569491632,0.004333336894021417
2025-10-16,488,0.8281368267793326,0.8301414626121135,-0.002004635832780959
2025-10-17,490,0.6815914716286886,0.6830771307069159,-0.001485659078227267
2025-10-20,491,0.7452886911824942,0.739705645383562,0.005583045798932049
2025-10-21,489,0.7774870696870063,0.7676261348743133,0.00986093481269297
2025-10-22,491,0.8924651378753611,0.8851010365551868,0.007364101320174299
2025-10-23,491,0.8447135339290152,0.8273685136039824,0.017345020325032726
2025-10-24,492,1.1115031436613159,1.0965682831456458,0.014934860515669873
2025-10-27,491,1.244680427681259,1.2426495013563559,0.0020309263249031363
2025-10-28,481,1.073264694974647,1.0654149811288731,0.007849713845773954
2025-10-29,476,0.9309721858952837,0.9291658519068747,0.0018063339884089955
2025-10-30,475,0.8006948253795281,0.8092277962257446,-0.008532970846216487
2025-10-31,482,0.8295453426524302,0.8383634347764289,-0.008818092123998682
2025-11-03,489,0.9445701272706535,0.9623291956786391,-0.017759068407985575
2025-11-04,481,0.8898972100751021,0.9035584818082488,-0.013661271733146726
2025-11-05,475,0.8301896289871992,0.8366200838622322,-0.006430454875033184
2025-11-06,475,0.8756552592605877,0.8768556925075708,-0.0012004332469831994
2025-11-07,479,0.6874646870025695,0.6910133503567873,-0.0035486633542179493
2025-11-10,479,0.7800432021605695,0.7880303710601146,-0.007987168899544988
2025-11-11,456,0.6984079788687511,0.7055889902214524,-0.0071810113527013535
2025-11-12,445,1.0411120088460424,1.0510171878714443,-0.009905179025402057
2025-11-13,450,0.7786946534405085,0.7776519687090377,0.0010426847314707242
2025-11-14,465,0.7511374049087343,0.7444491431134227,0.006688261795311615
2025-11-17,477,0.7321926111978502,0.7384765119139451,-0.0062839007160950195
2025-11-18,474,0.7522354592842493,0.7529179664481108,-0.0006825071638615426
2025-11-19,476,0.7636251648513704,0.7577219450805045,0.005903219770865945
2025-11-20,477,1.366794722507495,1.3642490059557995,0.002545716551695681
2025-11-21,481,0.9368507176098421,0.9187059387337682,0.018144778876074002
2025-11-24,474,0.855337356014442,0.8351632666668537,0.02017408934758828
2025-11-25,458,0.6226528274821942,0.6189231520773594,0.0037296754048348206
2025-11-26,457,0.6743815625214763,0.6653300918311181,0.00905147069035823
2025-11-28,463,0.8112124553335212,0.7993607615376332,0.011851693795887895
2025-12-01,478,0.8013330304019531,0.7929975607219623,0.008335469679990833
2025-12-02,463,0.8502018710351984,0.8401769831263424,0.010024887908856054
2025-12-03,465,0.7716130451872324,0.7589536786816394,0.01265936650559282
2025-12-04,468,0.7932054355291671,0.7817503992027947,0.011455036326372507
2025-12-05,482,0.8144381996830763,0.8021733728400889,0.012264826842987363
2025-12-08,485,0.9167498383934598,0.9140969609144979,0.0026528774789620095
2025-12-09,479,0.9069899192730422,0.9044473758195313,0.0025425434535107662
2025-12-10,462,0.8593105573828178,0.8657445335543572,-0.006433976171539476
2025-12-11,457,0.7615725238081071,0.7704439889918024,-0.008871465183695328
2025-12-12,461,0.6822453109196106,0.6845152940723696,-0.002269983152758977
2025-12-15,480,0.6213878624323974,0.6161279577006789,0.005259904731718478
2025-12-16,482,0.5934435039902369,0.588897897784851,0.0045456062053859485
2025-12-17,484,0.779274374097575,0.767469754736301,0.011804619361274048
2025-12-18,486,0.6514650264492607,0.6379548324579192,0.013510193991341683
2025-12-19,490,0.5082606365109953,0.49464349365405635,0.01361714285693899
2025-12-22,485,0.43490649364285544,0.41905590585273556,0.015850587790119844
2025-12-23,482,0.4214822255588633,0.4050477213870069,0.01643450417185635
2025-12-24,481,0.4541876209103582,0.42959929272810454,0.024588328182253608
2025-12-26,471,0.5373636851519883,0.5123408011135581,0.025022884038430206
2025-12-29,458,0.5966368015134232,0.5702826895217725,0.02635411199165063
2025-12-30,457,0.7898640621174143,0.7883389526693525,0.0015251094480618543
2025-12-31,471,1.2677172251496582,1.316424797872999,-0.04870757272334077
2026-01-02,488,0.93350550120671,0.9448147893427782,-0.011309288136068076
2026-01-05,491,0.7629928655440843,0.76620758525872,-0.0032147197146356918
2026-01-06,488,0.7525384509034869,0.7541766107054639,-0.0016381598019770832
2026-01-07,485,0.9226877518323066,0.9159380915002259,0.006749660332080635
2026-01-08,484,0.9005225413315171,0.88891992067672,0.011602620654796997
2026-01-09,489,0.8599504663439083,0.8528118473333778,0.007138619010530348
2026-01-12,489,0.8358995316629143,0.8265821163449987,0.009317415317915747
2026-01-13,483,0.7641414372993872,0.7602099660113159,0.003931471288071298
2026-01-14,480,0.805106762701638,0.8078354867835178,-0.0027287240818798094
2026-01-15,482,0.7895004271462563,0.7844138730922915,0.005086554053964873
2026-01-16,487,0.7743308546880942,0.7646278576371878,0.009702997050906386
2026-01-20,488,0.750119518112715,0.7455385217520244,0.004580996360690664
2026-01-21,490,0.658316063602752,0.6546489879294604,0.0036670756732916448
2026-01-22,492,0.7712970007860529,0.7694264214803567,0.001870579305696315
2026-01-23,493,0.8624797867993302,0.8715344979667732,-0.009054711167442948
2026-01-26,490,1.033161666226463,1.0376114071407416,-0.004449740914278483
2026-01-27,481,0.9118873678952939,0.9222766953891148,-0.010389327493820965
2026-01-28,479,0.9756980999406545,0.9837562785213758,-0.008058178580721272
2026-01-29,480,1.2565373155803359,1.2669004180358392,-0.010363102455503283
2026-01-30,486,1.6014883736507466,1.6081903756285287,-0.006702001977782121
2026-02-02,489,1.6887262652091175,1.6972540579219837,-0.008527792712866303
2026-02-03,484,1.3015959477828443,1.3001749467717287,0.0014210010111154637
2026-02-04,481,1.1045966254810413,1.1031280949357556,0.0014685305452856088
2026-02-05,478,1.2871832691640508,1.2653845564754305,0.021798712688620266
2026-02-06,480,1.1496243825575052,1.1328958478756355,0.01672853468186968
2026-02-09,483,1.4102526673297229,1.3766332964620196,0.0336193708677031
2026-02-10,464,1.2889958996903963,1.2845768619122826,0.004419037778113775
2026-02-11,452,0.9816498249843606,0.9891226920038776,-0.007472867019517095
2026-02-12,449,0.9201180188141509,0.9295734512053913,-0.009455432391240368
2026-02-13,467,0.8021336735115273,0.8188764137421917,-0.016742740230664393
2026-02-17,477,0.8022055504672915,0.8154564277857232,-0.0132508773184318
2026-02-18,475,0.9378730061517588,0.9451969658248655,-0.007323959673106747
2026-02-19,476,0.8210851495810645,0.8279110686802575,-0.006825919099193021
2026-02-20,477,0.7906299453980269,0.7874986337869551,0.003131311611071798
2026-02-23,483,0.9802280952371382,0.9601872673272918,0.020040827909846362
2026-02-24,469,0.9263354120873555,0.9233959358861138,0.00293947620124173
2026-02-25,458,1.0104259067336017,1.0203878812734486,-0.009961974539846938
2026-02-26,456,1.007928125162799,1.0248532014462584,-0.016925076283459396
2026-02-27,467,0.876665811629894,0.8841065527470704,-0.007440741117176349
2026-03-02,477,1.0967011797172495,1.0993040000758756,-0.00260282035862594
2026-03-03,460,1.0788681788706966,1.0842736631409189,-0.005405484270222358
2026-03-04,456,0.9363559189499928,0.9372270825930599,-0.0008711636430669351
2026-03-05,450,0.8554725419866567,0.8585690847446177,-0.003096542757961006
2026-03-06,463,0.9330888681138583,0.931003325117965,0.002085542995893402
2026-03-09,473,1.165624774805858,1.1757289619549027,-0.010104187149044925
2026-03-10,465,1.0033409285672517,1.0077803943980963,-0.0044394658308447655
2026-03-11,458,0.7369290521159855,0.7339781223600823,0.002950929755903093
2026-03-12,451,0.7437930992830158,0.7262836895142889,0.01750940976872698
2026-03-13,472,0.7128538022120322,0.6959706339323971,0.016883168279635187
2026-03-16,483,0.8123011817163639,0.7990723885982451,0.01322879311811869
2026-03-17,488,1.0562922690231473,1.0499774788881795,0.006314790134967809
2026-03-18,487,0.7180872921264287,0.6988447868925309,0.01924250523389786
2026-03-19,488,0.8101039483167162,0.80144766725377,0.00865628106294615
2026-03-20,489,0.9939535981836326,0.9789406149828972,0.015012983200735406
2026-03-23,490,0.7687900432461361,0.7712047846320965,-0.002414741385960304
2026-03-24,488,0.8935544725791684,0.9071676810126117,-0.01361320843344329
2026-03-25,489,1.1290857584222664,1.1622083744035583,-0.03312261598129187
2026-03-26,467,0.619278917428249,0.6043429776747369,0.014935939753512172
2026-03-27,466,1.0347196777972485,1.014108445149353,0.020611232647895602
2026-03-30,458,1.200709263976164,1.1841823311439774,0.016526932832186682
2026-03-31,477,0.7633239421266846,0.7510155574574124,0.012308384669272327
2026-04-01,480,0.7046980303573743,0.6975469352002945,0.007151095157079764
2026-04-02,490,1.0633994304770769,1.0418520812949077,0.02154734918216908
2026-04-06,488,1.226920750582144,1.2208565926693469,0.00606415791279708
2026-04-07,485,1.2833433203449929,1.2809339268934286,0.002409393451564151
2026-04-08,484,0.7539725246208431,0.7363745231481351,0.017598001472707965
2026-04-09,488,0.8316231012301099,0.8151291940444607,0.0164939071856492
2026-04-10,489,1.1223361471308082,1.1201748560771436,0.002161291053664371
2026-04-13,488,0.8420401342174995,0.8289855862552952,0.013054547962204396
2026-04-14,486,0.8680204840446452,0.8511970158670163,0.01682346817762881
2026-04-15,487,0.8880893188195021,0.8785116684625232,0.009577650356979
2026-04-16,488,0.8458536225674494,0.8284041777659784,0.017449444801471033
2026-04-17,488,0.9145350700111274,0.8968353522028008,0.017699717808326652
2026-04-20,491,1.0533067172219193,1.0567260255926538,-0.0034193083707343484
2026-04-21,491,1.0323315926772652,1.036136498769818,-0.003804906092552934
2026-04-22,494,0.9073784948310203,0.9059531086727324,0.001425386158287897
2026-04-23,494,0.8379262865004772,0.8307021221558021,0.007224164344675051
2026-04-24,493,0.9956961028366454,1.0028582323379902,-0.007162129501344638
2026-04-27,487,1.028707899716272,1.0259232583929658,0.0027846413233061917
2026-04-28,482,1.0103359238789986,1.0046227291240513,0.005713194754947303
2026-04-29,477,0.9327676883946591,0.9272401109946032,0.0055275774000558605
2026-04-30,480,0.9407340435264956,0.9372455070463513,0.0034885364801442247
2026-05-01,485,1.1259848139370359,1.124584867949449,0.0013999459875869268
2026-05-04,490,1.1915408365083897,1.1907365632806253,0.0008042732277644878
2026-05-05,480,1.30303802266458,1.3084155140230453,-0.0053774913584654785
2026-05-06,475,1.1187800983096887,1.123777302702316,-0.0049972043926271
2026-05-07,473,0.9867698016223034,0.9878975315666333,-0.001127729944329851
2026-05-08,480,1.0002258231803223,1.0072721595640937,-0.007046336383771323
2026-05-11,479,0.8116524344971259,0.8171680578420573,-0.005515623344931363
2026-05-12,457,0.8751990236104368,0.8808902574668147,-0.005691233856377966
2026-05-13,452,0.9828656106464697,0.9867353182735767,-0.003869707627107007
2026-05-14,455,1.0182917262835995,1.0388636805901277,-0.020571954306528095
2026-05-15,475,0.8418445368518314,0.832807235777365,0.00903730107446621
2026-05-18,481,0.836173832552597,0.8296791375885428,0.00649469496405416
2026-05-19,465,1.1263428307463061,1.118597621065414,0.007745209680891982
2026-05-20,467,1.0058836061649468,0.988997249759124,0.0168863564058229
2026-05-21,469,0.9687897507561614,0.9518227032167109,0.01696704753945049
2026-05-22,486,1.0528701853754083,1.0384691034411127,0.014401081934295587
2026-05-26,473,1.2278909058430816,1.2210379628922505,0.006852942950831017
2026-05-27,456,1.519299413020515,1.5070641793861892,0.01223523363432586
2026-05-28,456,1.1995865903902425,1.1893571089573507,0.0102294814328921
2026-05-29,468,1.032025273638908,1.0326179448823385,-0.0005926712434305869
2026-06-01,482,1.0428749674025406,1.0468199820633646,-0.0039450146608239955
2026-06-02,466,1.0944634174778027,1.124445532434547,-0.029982114956744344
2026-06-03,465,0.8878491824722965,0.9058725057685028,-0.01802332329620631
2026-06-04,466,0.9714017317589784,0.9903336780179107,-0.018931946258932398
2026-06-05,478,0.8258292554281439,0.839177177009583,-0.013347921581439087
2026-06-08,481,0.9266812744645275,0.933207370925022,-0.006526096460494419
2026-06-09,475,0.8369896190053635,0.831770884893054,0.005218734112309554
2026-06-10,453,1.4061070315990398,1.3797249457144192,0.02638208588462065
2026-06-11,449,0.9009030643436426,0.8908650489516374,0.010038015392005193
2026-06-12,458,1.0339314459397038,1.0358044008197929,-0.0018729548800889059
2026-06-15,483,0.9015078327593872,0.9079916664730547,-0.0064838337136676125
2026-06-16,485,1.098558281348049,1.0920483624234463,0.006509918924603007
2026-06-17,485,0.7941560107062765,0.779977348511784,0.014178662194492538
2026-06-18,486,0.962891987994964,0.9638535072646227,-0.0009615192696586904
2026-06-22,487,1.1437431561503202,1.1426480728504584,0.0010950832998615164
2026-06-23,485,1.2069419811666806,1.1933882034871761,0.013553777679504322
2026-06-24,485,1.009696221247443,0.995544410330883,0.014151810916559942
2026-06-25,467,0.983148064268112,0.9771844649447748,0.005963599323336997
2026-06-26,464,1.0019501798677102,0.9882445741800912,0.01370560568761894
2026-06-29,460,1.2203965884900845,1.2166602498263586,0.003736338663726148
2026-06-30,475,1.2489925985423713,1.2508528804123142,-0.0018602818699428641
2026-07-01,480,1.031121673999742,1.025031731438655,0.0060899425610869955
2026-07-02,485,0.8908009629224862,0.8945331335258845,-0.0037321706033982974
2026-07-06,488,0.7865447635286895,0.7780495547635844,0.008495208765105117
2026-07-07,483,0.7727028099965755,0.7540060229531216,0.0186967870434538
2026-07-08,484,0.7341936765674514,0.719934746964985,0.014258929602466242
2026-07-09,488,0.732235203285472,0.7278706640859591,0.0043645391995129805
2026-07-10,491,0.8195751822771536,0.8130712270205316,0.006503955256621989
2026-07-13,492,0.9033340852097129,0.8967624899535068,0.006571595256206077
2026-07-14,488,0.9456834127573056,0.955067186416886,-0.009383773659580359
2026-07-15,488,0.8338292234213316,0.8303130455747073,0.0035161778466241593
2026-07-16,486,0.9423079660443718,0.9292478644956385,0.01306010154873352
2026-07-17,488,0.8845384292347204,0.8773204443361988,0.007217984898521507
2026-07-20,491,1.044277545645981,1.0496215498282293,-0.005344004182248168
2026-07-21,488,0.9839935406759173,0.9889981800671199,-0.005004639391202635
2026-07-22,489,1.1483411770583014,1.1446274057615904,0.00371377129671088
2026-07-23,489,1.8795581614537173,1.9345470719389868,-0.05498891048526952
2026-07-24,493,1.6104701884871462,1.6392300678532983,-0.028759879366151965
2026-07-27,492,1.0200705180604603,1.0077895445129361,0.012280973547524082
2026-07-28,484,1.1649085520957558,1.1604473047025776,0.004461247393178321
2026-07-29,477,1.3852331069813315,1.386959216730355,-0.0017261097490237417
2026-07-30,477,1.314143429557616,1.3027163661592407,0.011427063398375403
2026-07-31,485,1.2287834927672598,1.2191744915033331,0.009609001263926605
2026-08-03,492,0.9694540217750017,0.9700052686873009,-0.0005512469122989897
2026-08-04,485,0.8740969342368246,0.8869207103059572,-0.012823776069132643
2026-08-05,480,0.9423571792224197,0.9335300985593176,0.008827080663102109
2026-08-06,478,0.8594917887726329,0.8330996445387764,0.02639214423385646
2026-08-07,480,0.8219195483769369,0.8021651853756793,0.01975436300125769
2026-08-10,480,0.8305387935585637,0.8154833006677694,0.015055492890794414
2026-08-11,458,0.8133934464317181,0.7931970317674034,0.020196414664314672
2026-08-12,455,0.7223542548082337,0.7010972660970486,0.02125698871118511
2026-08-13,455,0.7641491038487204,0.7512752629920758,0.01287384085664442
2026-08-14,469,1.0841275093032046,1.0853277544983244,-0.0012002451951196986
2026-08-17,473,1.2107761968079613,1.2208501936979972,-0.010073996890035838
2026-08-18,471,1.1428446585358623,1.1321321272810232,0.010712531254838828
2026-08-19,475,0.7727764423834487,0.7601666523691231,0.012609790014325658
