origin_trading_day,rows,baseline_loss,candidate_loss,loss_delta_baseline_minus_candidate
2020-05-06,451,1.4432068850330915,1.6326140875002297,-0.18940720246713813
2020-05-07,461,1.2348810324122235,1.3581617039410283,-0.1232806715288049
2020-05-08,465,1.928683233100023,2.0232853566310602,-0.09460212353103714
2020-05-11,451,1.4390159296704,1.4858852742836157,-0.04686934461321578
2020-05-12,443,1.1693908560195867,1.1014862191544426,0.06790463686514399
2020-05-13,447,2.072352350657955,2.897216856327419,-0.8248645056694636
2020-05-14,454,1.5127848709619713,2.0863033594845,-0.5735184885225287
2020-05-15,459,1.8866710859781242,1.8917421348416958,-0.005071048863571774
2020-05-18,453,1.166779264637653,1.1672687716841101,-0.000489507046457146
2020-05-19,455,1.1795086322739134,1.1842742475566366,-0.004765615282723085
2020-05-20,456,1.4074623084674325,1.9652227921413647,-0.557760483673932
2020-05-21,460,1.8307521893634675,1.7937887318217915,0.0369634575416759
2020-05-22,454,1.6059869907077307,1.4847106817995521,0.12127630890817873
2020-05-26,444,1.30084575382062,1.2908926142150112,0.009953139605608691
2020-05-27,443,1.2437120607021241,1.3438590661677468,-0.10014700546562262
2020-05-28,452,1.217590094479056,1.256788041514139,-0.039197947035082704
2020-05-29,464,1.6447704379877919,2.4076018783665094,-0.7628314403787172
2020-06-01,456,1.6294397538951073,2.2887087885972983,-0.659269034702191
2020-06-02,459,2.08306949121422,2.971582104733744,-0.888512613519524
2020-06-03,461,1.9162407475431118,2.6772983196866003,-0.7610575721434887
2020-06-04,465,1.3138057261213845,1.3183088537124867,-0.004503127591102352
2020-06-05,466,1.2647058771197985,1.2466385574457461,0.01806731967405238
2020-06-08,453,2.8818512923788746,2.720349035715453,0.16150225666342177
2020-06-09,439,1.8971032555487768,2.0497892270078872,-0.15268597145911028
2020-06-10,433,1.3428064969226412,1.380866544521783,-0.03806004759914157
2020-06-11,446,1.5329011050400738,2.1071636456817506,-0.5742625406416771
2020-06-12,469,1.1105561713282848,1.3811908398253048,-0.27063466849702006
2020-06-15,474,0.9494428229450582,1.1427033757035365,-0.19326055275847845
2020-06-16,471,1.0768970267090479,1.4753173701777749,-0.3984203434687271
2020-06-17,470,0.9501058171191016,1.460942928722416,-0.5108371116033147
2020-06-18,471,0.9166811554825284,0.8939550921135205,0.0227260633690078
2020-06-19,476,1.1129567456113203,1.1279992709766653,-0.015042525365344988
2020-06-22,474,0.9960064228349287,1.1285241528640975,-0.13251773002916875
2020-06-23,472,1.3644638220179157,1.6992558037385972,-0.33479198172068153
2020-06-24,454,0.8192183451958379,1.1287001246020398,-0.30948177940620186
2020-06-25,448,0.8167123931045158,0.9382111877106099,-0.1214987946060941
2020-06-26,447,1.0799984473858228,1.2735845109820554,-0.19358606359623234
2020-06-29,460,0.9291378010789245,0.9582910884276624,-0.029153287348737802
2020-06-30,466,0.9014882967157922,0.8918094995792681,0.009678797136524147
2020-07-01,468,0.8669005121518054,0.9402578105172743,-0.07335729836546882
2020-07-02,473,0.9013696785477804,0.9542608598416573,-0.052891181293876946
2020-07-06,467,1.1580593980380354,1.3479504947527388,-0.18989109671470347
2020-07-07,467,0.7653026818443812,0.7845778176630793,-0.019275135818698098
2020-07-08,468,0.7974696524965086,1.0057465410482167,-0.20827688855170823
2020-07-09,472,1.107318904326309,1.002840046506735,0.10447885781957394
2020-07-10,472,1.1935933124680933,1.4405241012785974,-0.2469307888105039
2020-07-13,468,1.1476447824802414,1.632840391552138,-0.4851956090718965
2020-07-14,469,0.9241800492413017,1.0673336064703347,-0.14315355722903314
2020-07-15,471,0.8329794374268661,0.9854591311407241,-0.15247969371385808
2020-07-16,473,0.7550364038650054,0.8874918218976741,-0.13245541803266872
2020-07-17,475,0.791654660448176,1.033784788091194,-0.24213012764301794
2020-07-20,471,0.9234524220720586,1.1436270477838677,-0.22017462571180899
2020-07-21,471,0.8081429449138615,0.8854441841249086,-0.0773012392110469
2020-07-22,472,0.7700692505582828,0.9219489785023297,-0.15187972794404694
2020-07-23,473,0.7498001006043469,0.8161111438606935,-0.0663110432563467
2020-07-24,475,0.835320661253096,0.9610717809409999,-0.12575111968790384
2020-07-27,467,0.8652076703765739,0.904752571264904,-0.03954490088833019
2020-07-28,457,0.9340424527126358,1.0558278691350993,-0.12178541642246371
2020-07-29,455,0.8970112662098113,0.9682842998512019,-0.07127303364139054
2020-07-30,463,0.8215392154248766,0.9799097785960131,-0.15837056317113649
2020-07-31,476,0.9199560862963088,1.0462211249704523,-0.1262650386741434
2020-08-03,470,0.9357054366416119,1.0594271414549608,-0.12372170481334883
2020-08-04,462,0.9616870412020841,1.029632094964711,-0.06794505376262693
2020-08-05,459,1.076524872862731,1.147613562328098,-0.0710886894653671
2020-08-06,464,1.1273600616279813,1.154369208911061,-0.02700914728307987
2020-08-07,470,0.8318027463855462,0.8755629489043718,-0.04376020251882556
2020-08-10,448,0.6949048053557003,0.7117838014761576,-0.016878996120457273
2020-08-11,443,0.6821918841945375,0.7546361008584168,-0.07244421666387933
2020-08-12,442,0.6835154253958102,0.7463974054181483,-0.06288198002233807
2020-08-13,458,0.6636622856119505,0.7203080919713313,-0.05664580635938073
2020-08-14,459,0.7020352125649106,0.7216217602167154,-0.01958654765180468
2020-08-17,457,0.7462501293339789,0.7564437044742621,-0.0101935751402831
2020-08-18,461,0.7028859487860009,0.7437311412302096,-0.0408451924442085
2020-08-19,462,0.6755286853865301,0.7669104536518044,-0.09138176826527433
2020-08-20,466,0.6548448541173494,0.7702383250570356,-0.11539347093968624
2020-08-21,469,0.7378833809029821,0.8122341128829954,-0.07435073198001325
2020-08-24,466,0.7042514270175758,0.8123447503401926,-0.10809332332261691
2020-08-25,457,0.7548623882062656,0.8897802658697503,-0.13491787766348484
2020-08-26,442,0.6698956166293523,0.7772231420371594,-0.10732752540780717
2020-08-27,443,0.6804751187607181,0.783301543229171,-0.10282642446845286
2020-08-28,448,0.764795551204349,0.9150178304862014,-0.15022227928185253
2020-08-31,451,0.7057864993227201,0.7572976234253691,-0.05151112410264905
2020-09-01,459,0.9695124940937957,0.9762001744950142,-0.006687680401218441
2020-09-02,458,1.8386871748602762,1.4922358237487956,0.3464513511114808
2020-09-03,464,0.7522798676335685,0.7548269289089465,-0.002547061275378104
2020-09-04,458,0.9426441461912027,0.8316130517645028,0.11103109442669987
2020-09-08,462,0.6934394745183645,0.9204714317129705,-0.22703195719460592
2020-09-09,443,0.6993696436189585,0.9346213764104412,-0.23525173279148273
2020-09-10,442,0.8629717507520904,1.6186448947808665,-0.7556731440287761
2020-09-11,441,0.8938614151306511,1.511383554241363,-0.617522139110712
2020-09-14,466,0.6452867176370155,0.7085143850809714,-0.06322766744395587
2020-09-15,470,0.7982363055547388,0.8080343184930943,-0.009798012938355544
2020-09-16,472,1.2971474981500852,1.177351289107197,0.11979620904288814
2020-09-17,473,1.1363827035838143,1.0677967073452415,0.06858599623857287
2020-09-18,475,1.3852239499983352,1.2248803209079444,0.16034362909039082
2020-09-21,474,0.755848655298393,0.7258135085179096,0.030035146780483402
2020-09-22,471,0.6144217843167947,0.647863012681102,-0.03344122836430733
2020-09-23,473,1.0089965207628295,0.972339303055407,0.03665721770742262
2020-09-24,456,0.8554529925794137,0.8340700302293413,0.021382962350072386
2020-09-25,451,0.7059974430791222,0.7666581479229203,-0.060660704843798256
2020-09-28,445,0.6992081342647385,0.8048097766656738,-0.10560164240093525
2020-09-29,462,0.7212255928730046,0.908174231818956,-0.18694863894595137
2020-09-30,466,0.8632168484853497,1.2080125613050292,-0.3447957128196796
2020-10-01,470,0.7526677170720325,0.8522774941632946,-0.09960977709126212
2020-10-02,472,0.8874996120621651,1.0214538746461068,-0.13395426258394164
2020-10-05,463,0.7643179464037829,0.9469630914836249,-0.18264514507984184
2020-10-06,463,1.0376972402185933,1.2148355122916907,-0.17713827207309746
2020-10-07,464,0.8293938105434172,1.000592043627323,-0.17119823308390575
2020-10-08,478,0.7705708505987736,0.8426045136677991,-0.07203366306902541
2020-10-09,476,0.6512294492363019,0.773758638111197,-0.12252918887489513
2020-10-12,471,0.6818447685657011,0.738643883627277,-0.0567991150615759
2020-10-13,469,0.6185064483572895,0.731674329885942,-0.1131678815286525
2020-10-14,473,0.6957973011933142,0.7128527654189708,-0.017055464225656587
2020-10-15,476,0.6514461148705316,0.6901857123635499,-0.03873959749301816
2020-10-16,476,0.719694267827856,0.7263381971264811,-0.006643929298625155
2020-10-19,472,0.8726301877220123,0.9753374896639629,-0.1027073019419507
2020-10-20,473,0.7551734234191301,0.7865234217186812,-0.031349998299551166
2020-10-21,474,0.7187944265430325,0.8204026001264595,-0.10160817358342708
2020-10-22,475,1.0762284626562981,1.184373627973082,-0.10814516531678425
2020-10-23,476,2.1935930515902347,2.141861661310799,0.05173139027943545
2020-10-26,468,1.2194600501255322,1.0909739240794938,0.12848612604603823
2020-10-27,460,1.0774972814545354,0.9924401537800598,0.08505712767447564
2020-10-28,459,1.2335685533303316,1.761716296409041,-0.5281477430787095
2020-10-29,466,1.4339010995774377,1.8970345685774344,-0.4631334689999965
2020-10-30,476,1.7049866628770387,2.454426144445411,-0.749439481568372
2020-11-02,466,1.7792850683868928,2.1187472308192907,-0.339462162432398
2020-11-03,461,1.450980477609294,1.6377788417665122,-0.1867983641572183
2020-11-04,453,2.8301208802646927,3.1721587467963137,-0.342037866531621
2020-11-05,457,2.4276898535996527,2.6842866177030826,-0.2565967641034295
2020-11-06,464,2.1535736405665817,2.3166718030271736,-0.1630981624605917
2020-11-09,455,0.8398126350033761,0.8875811659218136,-0.047768530918437455
2020-11-10,450,0.7245411677109496,0.7676690287655867,-0.04312786105463714
2020-11-11,448,0.9314732865738208,0.9853809073288105,-0.05390762075498974
2020-11-12,457,1.246736144880843,1.4374248204527926,-0.19068867557194982
2020-11-13,462,0.8010066479112598,0.8324351109202673,-0.03142846300900753
2020-11-16,454,0.8305881049875482,0.8470778603123492,-0.016489755324800983
2020-11-17,460,0.7558998030849553,0.7818761665424264,-0.02597636345747126
2020-11-18,462,0.8034057240236622,0.8345102682635139,-0.031104544239851706
2020-11-19,467,1.1327550848102494,1.254530194485026,-0.12177510967477682
2020-11-20,466,1.0782720519133513,1.0951150739172253,-0.016843022003873956
2020-11-23,458,0.7152332986627357,0.7606780127907122,-0.04544471412797653
2020-11-24,448,0.918967055465477,0.9346388378406871,-0.015671782375210105
2020-11-25,441,0.7498389816089214,0.7626369731865893,-0.012797991577667945
2020-11-27,449,0.6934465740787205,0.697598712551218,-0.0041521384724974
2020-11-30,447,0.8478222327476956,0.9157186301883028,-0.06789639744060723
2020-12-01,454,0.959589211338922,0.9776781227554411,-0.018088911416519023
2020-12-02,459,0.7645669495813799,0.7662676549907124,-0.001700705409332354
2020-12-03,471,0.7191358956533184,0.7260187101126452,-0.006882814459326689
2020-12-04,468,0.6401948526089396,0.6492858647715991,-0.009091012162659532
2020-12-07,459,0.6849733497909367,0.7044451730784161,-0.01947182328747945
2020-12-08,459,0.6832752743855929,0.6854022685167841,-0.0021269941311912086
2020-12-09,444,0.7271869855053478,0.7641921828143118,-0.03700519730896394
2020-12-10,446,0.6481707473254454,0.7387657033267993,-0.0905949560013538
2020-12-11,449,0.6843217549250219,0.750059468124052,-0.06573771319903018
2020-12-14,465,0.7969312949856511,0.9591582151381415,-0.16222692015249038
2020-12-15,465,0.7343428830549701,0.8014775236227579,-0.06713464056778774
2020-12-16,465,0.6905264483257109,0.7627309697405554,-0.07220452141484462
2020-12-17,466,0.7801744435970139,0.7877904242875536,-0.007615980690539737
2020-12-18,472,0.6539016401430761,0.741917225240124,-0.08801558509704795
2020-12-21,467,0.5352304039070789,0.6407765321131457,-0.10554612820606685
2020-12-22,472,0.6151874567830983,0.7109215127862557,-0.09573405600315753
2020-12-23,473,0.5640873800171868,0.6368508298846928,-0.07276344986750599
2020-12-24,462,0.551974246765909,0.5918590776212991,-0.03988483085539007
2020-12-28,451,0.5426621893631077,0.6288511227921749,-0.08618893342906715
2020-12-29,446,0.6215821088663982,0.6484752175258526,-0.026893108659454337
2020-12-30,462,0.6710284460820887,0.7169420075236485,-0.0459135614415598
2020-12-31,472,1.1496309124400186,1.2847467651124844,-0.13511585267246579
2021-01-04,465,1.5528233155384645,1.8306024220101096,-0.27777910647164505
2021-01-05,463,1.2242431161466656,1.3274037742999498,-0.10316065815328436
2021-01-06,464,0.8128554021593667,0.9113263978074941,-0.09847099564812753
2021-01-07,476,0.7607659554309865,0.9114421201210829,-0.15067616469009637
2021-01-08,478,0.759035788416716,0.8366521820200075,-0.07761639360329155
2021-01-11,473,0.8955698829324945,1.0210099379044493,-0.12544005497195465
2021-01-12,471,0.8142801744380834,0.847774576364031,-0.03349440192594751
2021-01-13,468,0.752409580294343,0.7955887602406622,-0.04317917994631923
2021-01-14,473,0.7745657336787175,0.8545867198002596,-0.08002098612154203
2021-01-15,468,0.7928926561879227,0.8910026066638947,-0.09810995047597207
2021-01-19,472,0.7484404276165189,0.8090254857141405,-0.0605850580976217
2021-01-20,472,0.8051352004279008,0.8236240034465651,-0.0184888030186643
2021-01-21,478,0.9118609442734763,0.9545623153709931,-0.04270137109751687
2021-01-22,479,1.5185623580911067,1.446498916707037,0.07206344138406981
2021-01-25,473,0.9043266431736181,0.9447276541074643,-0.0404010109338462
2021-01-26,461,1.1259344659777122,0.9929326342311918,0.13300183174652053
2021-01-27,460,0.9752030512663508,1.137280923470224,-0.16207787220387293
2021-01-28,464,0.8202007098428814,1.0637804477724415,-0.24357973792956017
2021-01-29,477,1.075394518106236,1.2142437907193253,-0.13884927261308916
2021-02-01,468,1.1358813056270305,1.252220544441786,-0.11633923881475572
2021-02-02,466,0.9503779742132922,1.0104974984850594,-0.06011952427176725
2021-02-03,461,1.1033253029910237,1.335463159418414,-0.23213785642739035
2021-02-04,465,0.7880522636634902,0.9767830843270998,-0.18873082066360952
2021-02-05,466,0.725931672877329,0.9288554846582295,-0.20292381178090058
2021-02-08,451,0.7331780908783394,0.8891814389877687,-0.15600334810942923
2021-02-09,449,0.7996872152043001,0.8651629785554207,-0.06547576335112062
2021-02-10,444,0.8214355611571879,0.9091752656478339,-0.08773970449064596
2021-02-11,458,0.7431168209781992,0.8310437058602591,-0.08792688488205984
2021-02-12,458,0.7557015705842243,0.7717218102962659,-0.016020239712041445
2021-02-16,455,0.6628595026731747,0.7529854699671066,-0.090125967293932
2021-02-17,458,0.8938278341870994,0.9358103425412277,-0.04198250835412822
2021-02-18,461,1.0987597725386085,1.13362961299512,-0.03486984045651152
2021-02-19,469,1.1540802352586081,1.243558247669318,-0.08947801241070988
2021-02-22,456,0.7844337114502103,0.8268022219004002,-0.042368510450189904
2021-02-23,444,0.8295791377074178,0.8428052901333459,-0.013226152425928152
2021-02-24,444,0.6967221594885037,0.7367310989084889,-0.04000893941998523
2021-02-25,457,0.7298339361767914,0.8308803909498654,-0.10104645477307411
2021-02-26,468,0.8445417949218473,1.0807839273923208,-0.23624213247047338
2021-03-01,459,1.2808174458036583,1.3077336217859201,-0.026916175982261606
2021-03-02,453,0.9938148409478239,1.0209167851644145,-0.027101944216590658
2021-03-03,457,1.1632600933383148,1.3364973531585924,-0.17323725982027752
2021-03-04,451,1.0389811647894809,1.3097443627506786,-0.2707631979611977
2021-03-05,459,0.8095193035941219,0.9860967377950595,-0.1765774342009374
2021-03-08,448,1.0476245601971903,1.1897444942927378,-0.1421199340955475
2021-03-09,442,0.8541724025613712,1.0193014708815016,-0.16512906832013052
2021-03-10,435,0.879507151531228,1.0461288088811407,-0.16662165734991266
2021-03-11,438,0.6778929592037636,0.9938831648632065,-0.31599020565944275
2021-03-12,460,0.6723605049777142,0.7580877584711311,-0.08572725349341695
2021-03-15,464,0.7870307186647267,0.7698786949400442,0.017152023724682625
2021-03-16,471,0.7131484225349684,0.7401024532998793,-0.026954030764910986
2021-03-17,472,0.7637782318129109,0.7671255620489954,-0.0033473302360844
2021-03-18,475,0.888417460093413,0.8879273604851163,0.0004900996082967544
2021-03-19,477,0.8249426221684611,0.8614048828349657,-0.03646226066650466
2021-03-22,474,0.7131546408648374,0.7614549334644163,-0.04830029259957887
2021-03-23,473,1.1476527533200485,1.5010250915535674,-0.353372338233519
2021-03-24,476,0.9394923539716197,1.3003151287629842,-0.36082277479136454
2021-03-25,461,0.6464431754330404,0.6858025751313048,-0.03935939969826442
2021-03-26,452,0.5422962962501667,0.5828411874148692,-0.04054489116470243
2021-03-29,449,0.736747648156316,0.8279170077018114,-0.09116935954549556
2021-03-30,462,0.8353280342825524,0.960516496430977,-0.12518846214842463
2021-03-31,469,0.7429981083788758,0.9888621228713196,-0.24586401449244366
2021-04-01,471,0.5419343578596264,0.601889870347691,-0.05995551248806464
2021-04-05,466,0.5304734351227651,0.5510997913799347,-0.0206263562571696
2021-04-06,467,0.5348893798896507,0.5829001728431753,-0.04801079295352464
2021-04-07,467,0.5876108689835408,0.7128734241693838,-0.125262555185843
2021-04-08,478,0.542858782686564,0.6450190820992651,-0.10216029941270108
2021-04-09,476,0.5178530890560089,0.5555806268242615,-0.03772753776825257
2021-04-12,473,0.5782555239809285,0.6693744839182257,-0.09111895993729714
2021-04-13,473,0.6118383835920727,0.7322623697946317,-0.12042398620255904
2021-04-14,478,0.5902021155405838,0.6799389181663222,-0.08973680262573853
2021-04-15,476,0.6909673711440768,0.6849720300488098,0.005995341095266974
2021-04-16,475,0.5745843494828089,0.6084330875327816,-0.03384873804997276
2021-04-19,471,0.6084635841229343,0.6394650013539355,-0.03100141723100106
2021-04-20,474,0.7367880853242087,0.8571716114503106,-0.12038352612610187
2021-04-21,475,0.6302817407949877,0.6898801654975053,-0.05959842470251756
2021-04-22,478,0.728477875412748,0.7725173337851865,-0.044039458372438604
2021-04-23,480,0.6808302275759593,0.7049416327883916,-0.024111405212432248
2021-04-26,472,0.7125328177709026,0.8256062692393877,-0.11307345146848508
2021-04-27,462,0.682112126294538,0.713420939216543,-0.0313088129220051
2021-04-28,462,0.7325296052103281,0.8365057247793327,-0.10397611956900477
2021-04-29,470,0.7962035610198813,0.8106700179588532,-0.014466456938971873
2021-04-30,480,0.8796713738468357,0.9690225382406036,-0.08935116439376792
2021-05-03,471,0.8532538800100946,0.945301242577293,-0.09204736256719832
2021-05-04,461,0.8233712910764971,1.0257206510116472,-0.20234935993515
2021-05-05,457,0.7530338399327171,0.9072833793994783,-0.15424953946676123
2021-05-06,464,0.6167121174739258,0.6526177026980569,-0.03590558522413093
2021-05-07,469,1.3008035441840506,1.1175026262524228,0.18330091793162778
2021-05-10,455,0.7806576361873139,0.7253705002617077,0.055287135925606135
2021-05-11,448,0.5349954950203802,0.6340258162373857,-0.09903032121700546
2021-05-12,452,0.8757470833955668,1.08597274750867,-0.2102256641131031
2021-05-13,463,0.6053594291895513,0.6678062819159464,-0.06244685272639502
2021-05-14,466,0.6652897381964392,0.7130701219969043,-0.04778038380046508
2021-05-17,457,0.7092789172694813,0.7338635655268566,-0.0245846482573752
2021-05-18,459,0.5896995427515801,0.6631996831929146,-0.07350014044133452
2021-05-19,460,0.6322633679950271,0.7477893707040084,-0.11552600270898129
2021-05-20,465,0.5004436822788206,0.5847759095292945,-0.08433222725047389
2021-05-21,468,0.5439472551943204,0.6193471024001287,-0.07539984720580835
2021-05-24,454,0.56555989394666,0.6306255581456723,-0.06506566419901244
2021-05-25,441,0.5368250694347727,0.6450244456289304,-0.1081993761941577
2021-05-26,438,0.622927830511064,0.6924571739931723,-0.06952934348210826
2021-05-27,452,0.5918534913937378,0.6738990338613094,-0.08204554246757172
2021-05-28,455,0.6434248376408385,0.6864396177480836,-0.04301478010724517
2021-06-01,460,0.5796423754994826,0.653708347839358,-0.07406597233987545
2021-06-02,460,0.5683245615849798,0.6228285862224668,-0.054504024637487
2021-06-03,470,0.5769547074419564,0.6679808752719781,-0.09102616783002175
2021-06-04,464,0.6033618360489248,0.6269133194421967,-0.023551483393271955
2021-06-07,460,0.6173058742824155,0.661568978107211,-0.04426310382479562
2021-06-08,462,0.5628595186474286,0.6046331854278517,-0.041773666780423185
2021-06-09,445,0.5881732918595948,0.6595099363180154,-0.07133664445842047
2021-06-10,447,0.4770117507535666,0.555855255593837,-0.07884350484027029
2021-06-11,447,0.562078631028175,0.5411978802045823,0.02088075082359271
2021-06-14,468,0.7273742652796081,0.6926672569756157,0.03470700830399246
2021-06-15,473,1.2383521728514222,1.0754297228119918,0.16292245003943054
2021-06-16,473,0.6316161999386501,0.6494421546401328,-0.01782595470148271
2021-06-17,476,0.485013638550816,0.9695869328612969,-0.484573294310481
2021-06-18,477,0.6372510404303889,0.7245281151849636,-0.08727707475457473
2021-06-21,473,0.5355350921595603,0.6566613776457816,-0.12112628548622134
2021-06-22,469,0.562303601299818,0.6484957194081025,-0.08619211810828437
2021-06-23,470,0.5898497654755814,0.6504620513467424,-0.06061228587116106
2021-06-24,459,0.5565323063171228,0.6143037031634968,-0.05777139684637397
2021-06-25,454,0.5205699658845386,0.5622310669990873,-0.041661101114548675
2021-06-28,447,0.44082516978863184,0.5626823060473258,-0.12185713625869403
2021-06-29,459,0.4689892077745554,0.5501072887825016,-0.08111808100794617
2021-06-30,464,0.5569926724345547,0.603855604725812,-0.046862932291257216
2021-07-01,471,0.661729728745155,0.6919722609317934,-0.03024253218663838
2021-07-02,470,0.7435161560429188,0.7290359583714857,0.014480197671432977
2021-07-06,470,0.4296218448714036,0.533024293047229,-0.10340244817582543
2021-07-07,471,0.46248065841027153,0.5407926408355217,-0.07831198242525014
2021-07-08,478,0.4822275234670789,0.6360432894579603,-0.15381576599088145
2021-07-09,475,0.5248697687251026,0.512467042911898,0.012402725813204497
2021-07-12,472,0.6449264567750329,0.6527142352483795,-0.007787778473346613
2021-07-13,471,0.749469679557051,0.6989555865087765,0.05051409304827444
2021-07-14,477,1.0428032019491185,0.9391767864518209,0.10362641549729765
2021-07-15,475,0.5717496234203736,0.5962904296731457,-0.024540806252772118
2021-07-16,475,0.6334304902038499,1.1824734712316423,-0.5490429810277923
2021-07-19,472,0.9513296776339074,1.3029704863608575,-0.35164080872695025
2021-07-20,475,0.6230449203517626,1.1975421579823358,-0.5744972376305733
2021-07-21,473,0.5406819451368852,0.653444282961844,-0.11276233782495887
2021-07-22,476,0.5557063819856486,0.6649552228156039,-0.10924884082995538
2021-07-23,477,0.5172100102142039,0.5553682215509806,-0.0381582113367768
2021-07-26,470,0.5901062892091113,0.7340006295952612,-0.14389434038614982
2021-07-27,458,0.6559063164892383,0.7406579695387854,-0.08475165304954721
2021-07-28,458,0.6479807354462348,0.7237676318909312,-0.07578689644469642
2021-07-29,468,0.68338912159272,0.7358709313079739,-0.05248180971525378
2021-07-30,480,0.6854645418318419,0.723251587219195,-0.037787045387353044
2021-08-02,475,0.6612190670001121,0.7421260848088437,-0.08090701780873155
2021-08-03,469,0.6009541760803644,0.6544672059961575,-0.053513029915793146
2021-08-04,460,0.6608317193494581,0.7197187948449468,-0.05888707549548878
2021-08-05,465,0.7033710102913557,0.7641272128194978,-0.060756202528142
2021-08-06,466,0.6723021969560895,0.664277566901727,0.008024630054362446
2021-08-09,454,0.6631105575333092,0.6572697040316031,0.005840853501706029
2021-08-10,446,0.5143308885882452,0.5115381832660648,0.0027927053221803375
2021-08-11,449,0.5623539596307079,0.5758217201025713,-0.013467760471863472
2021-08-12,461,0.689576959357724,0.7209519401042311,-0.031374980746507075
2021-08-13,464,0.7049481396991805,0.7200988887606564,-0.015150749061475951
2021-08-16,455,0.8145512470934336,0.8776717973930871,-0.06312055029965345
2021-08-17,460,0.5669208589060848,0.5717343786917788,-0.004813519785693938
2021-08-18,462,0.5013906601500664,0.5275113304574921,-0.026120670307425698
2021-08-19,471,0.7769900706970879,0.9654420894581475,-0.18845201876105963
2021-08-20,472,0.8215404106303521,0.7460569837751758,0.07548342685517635
2021-08-23,471,0.5502675695439602,0.5471180357611856,0.0031495337827744867
2021-08-24,468,0.5160606809006543,0.5069807225643974,0.009079958336256853
2021-08-25,462,0.4931438761554141,0.4880760629345021,0.005067813220911957
2021-08-26,444,0.4654213124632484,0.43564059366043767,0.029780718802810725
2021-08-27,446,0.5440845744546366,0.5456132050446807,-0.0015286305900439967
2021-08-30,440,0.5283210765444439,0.5198422269556757,0.008478849588768237
2021-08-31,458,0.4891982561535002,0.48726191416467257,0.0019363419888275637
2021-09-01,455,0.5244623381472374,0.5186039128843011,0.005858425262936301
2021-09-02,466,0.5984935954566364,0.6273855760655958,-0.028891980608959346
2021-09-03,455,0.6338465680076782,0.6908115776793771,-0.056965009671698735
2021-09-07,458,0.5947883399750862,0.592469377999747,0.002318961975339223
2021-09-08,460,0.6746326520213405,0.6370970932123383,0.03753555880900232
2021-09-09,450,0.6228642567761227,0.5702670294980888,0.0525972272780338
2021-09-10,445,0.5794823384756039,0.5936622818051784,-0.014179943329574536
2021-09-13,444,0.5318699808686412,0.5271300035964787,0.004739977272162564
2021-09-14,468,0.5562867485804045,0.575139037442292,-0.01885228886188755
2021-09-15,474,0.9087730183927398,0.9397454402915496,-0.030972421898809745
2021-09-16,475,0.9251580242083212,1.0417713418161805,-0.11661331760785919
2021-09-17,476,0.5344464842140121,0.5255635320744154,0.008882952139596624
2021-09-20,472,0.8174619913322766,0.6855064519198255,0.13195553941245095
2021-09-21,472,0.9610123753269394,0.8392760110654328,0.1217363642615066
2021-09-22,471,0.9365473910407067,0.92496116672843,0.011586224312276763
2021-09-23,476,0.9524020491830686,0.9569070944891466,-0.004505045306077948
2021-09-24,458,0.9005971534571077,0.9672173439007017,-0.06662019044359413
2021-09-27,448,1.0490061231398335,1.1283423066189737,-0.07933618347914015
2021-09-28,447,0.5583288972338775,0.5570913894843446,0.0012375077495329263
2021-09-29,462,0.7226164852293105,0.7305977208723448,-0.007981235643034195
2021-09-30,471,0.6615992007807878,0.6377009343958844,0.023898266384903392
2021-10-01,472,0.5506309398741581,0.5525559166301232,-0.00192497675596501
2021-10-04,466,0.6816392817757941,0.6701097147413374,0.011529567034456716
2021-10-05,468,0.5596525362007048,0.5457273529194305,0.013925183281274157
2021-10-06,469,0.6015231022676212,0.6012897996914358,0.00023330257618546876
2021-10-07,481,0.6254548337987633,0.6652041354030496,-0.039749301604286136
2021-10-08,480,0.5796801536958227,0.5820244008846249,-0.0023442471888021027
2021-10-11,471,0.7395253937513666,0.7018674641670211,0.03765792958434544
2021-10-12,470,0.8292542726330498,0.7939381499154259,0.035316122717624035
2021-10-13,473,0.7880652859719952,0.756025943020518,0.03203934295147729
2021-10-14,481,0.5655732449953861,0.5875149205081773,-0.021941675512791324
2021-10-15,481,0.5961109104342124,0.5621336323374341,0.033977278096778286
2021-10-18,475,0.6775290009562871,0.6738638513149605,0.0036651496413265916
2021-10-19,475,0.6512506383605077,0.6629272330380827,-0.011676594677574963
2021-10-20,475,0.6031703885989071,0.6098201250594582,-0.006649736460550971
2021-10-21,480,0.5743782504899237,0.564050795591649,0.010327454898274828
2021-10-22,480,0.7591988968430708,0.803691213649863,-0.044492316806791984
2021-10-25,472,0.7709578934048884,0.7914125774949999,-0.02045468409011149
2021-10-26,460,0.8238336612883197,0.8333034965497668,-0.00946983526144714
2021-10-27,458,0.8115946706863916,0.848825351035276,-0.03723068034888445
2021-10-28,465,0.7329874270974812,0.721600177836182,0.011387249261299236
2021-10-29,478,0.8576217766684449,0.8882321137668343,-0.030610337098389482
2021-11-01,471,0.8434500937896912,0.8490187155248601,-0.00556862173516894
2021-11-02,469,0.9397506719775541,0.9265109527710704,0.013239719206483631
2021-11-03,467,0.8137289410954962,0.7994991348919078,0.014229806203588402
2021-11-04,467,0.7086410582535114,0.70628342996108,0.0023576282924315985
2021-11-05,452,0.6107784081964588,0.6297863298910527,-0.01900792169459383
2021-11-08,454,0.5969791875221906,0.6117445748222778,-0.01476538730008724
2021-11-09,448,0.5721223828589999,0.5682183772934841,0.0039040055655156893
2021-11-10,461,0.5854612368460393,0.6066062220530933,-0.021144985207054042
2021-11-11,454,0.62864715031634,0.6324703025125026,-0.003823152196162537
2021-11-12,464,0.5681504662125294,0.5588209829381616,0.009329483274367768
2021-11-15,455,0.6663906243248643,0.674088736006746,-0.007698111681881751
2021-11-16,459,0.7581388664825213,0.7618369609555843,-0.0036980944730629194
2021-11-17,458,0.6634905649732898,0.6735955208679247,-0.010104955894634927
2021-11-18,468,0.6624813947347776,0.6605620229989262,0.0019193717358514137
2021-11-19,464,0.6936763317778378,0.6986418554799629,-0.004965523702125172
2021-11-22,467,0.8728325688484727,0.8002139103217554,0.07261865852671728
2021-11-23,462,0.8892008937586584,0.802251003115736,0.0869498906429223
2021-11-24,449,1.540943202569164,1.6892760188102394,-0.14833281624107525
2021-11-26,447,1.158085881486101,1.089859383333239,0.06822649815286193
2021-11-29,439,0.7681272356836171,0.7300222775872833,0.038104958096333824
2021-11-30,456,0.7238771426985137,0.7379277743861891,-0.014050631687675333
2021-12-01,458,1.2455610051939288,1.0282948820383955,0.21726612315553326
2021-12-02,472,0.8532299077690721,1.0038619270828675,-0.1506320193137953
2021-12-03,470,1.0697838043678436,1.2450396878644718,-0.17525588349662813
2021-12-06,459,0.5887802249326697,0.5935286205790185,-0.004748395646348828
2021-12-07,461,0.5888186918638928,0.6343891698484944,-0.045570477984601475
2021-12-08,462,0.7760525215797616,0.7826980689533629,-0.006645547373601284
2021-12-09,457,0.6965443287651198,0.706324261961381,-0.009779933196261165
2021-12-10,453,0.7025447812113713,0.6986514109353938,0.003893370275977487
2021-12-13,450,0.711805747691172,0.7362159037641871,-0.02441015607301496
2021-12-14,465,0.6164259114329532,0.6944967031730184,-0.07807079174006513
2021-12-15,468,0.9843429219817794,0.9728589585124618,0.011483963469317583
2021-12-16,471,0.7708668236064005,0.7496025160500934,0.021264307556307083
2021-12-17,471,0.6429627085061996,0.701113612996284,-0.05815090449008437
2021-12-20,474,1.1251342555761206,1.3055421923391801,-0.18040793676305977
2021-12-21,475,0.7966179840172101,0.6156342272754513,0.18098375674175882
2021-12-22,481,0.6228622268829004,0.5037761178286786,0.11908610905422173
2021-12-23,481,0.594408387824274,0.532699222202468,0.061709165621805936
2021-12-27,467,0.4201251985082689,0.4538607047874709,-0.033735506279202
2021-12-28,456,0.40825069137481623,0.3582725053534761,0.04997818602134009
2021-12-29,453,0.5706831715300444,0.5331500504356493,0.037533121094395
2021-12-30,467,0.9379231293094497,1.03224687933382,-0.09432375002437049
2021-12-31,476,1.2489851264163494,1.3410339258228234,-0.09204879940647412
2022-01-03,471,1.0258006008093443,1.0286800103668645,-0.0028794095575201753
2022-01-04,467,1.0883574867728798,1.0515787901815137,0.03677869659136595
2022-01-05,469,0.7947921217355435,0.7951929287771001,-0.00040080704155669476
2022-01-06,478,0.6742310926779878,0.7805308341531234,-0.10629974147513573
2022-01-07,484,0.5880808958734741,0.6329183474816067,-0.044837451608132683
2022-01-10,477,0.6012205586640816,0.66650930187591,-0.06528874321182834
2022-01-11,474,0.7836765206719509,0.7965149441349471,-0.012838423462996146
2022-01-12,472,1.0881728204928374,1.153250448038798,-0.06507762754596055
2022-01-13,477,1.0896855046410272,0.9293908750894989,0.16029462955152823
2022-01-14,473,1.349836733908718,1.105606879630691,0.24422985427802726
2022-01-18,475,1.3151670631469672,1.1228763862105073,0.19229067693645982
2022-01-19,477,0.8098339811829185,0.7454438175615145,0.06439016362140396
2022-01-20,483,0.907140735960645,1.0110234155863893,-0.10388267962574406
2022-01-21,482,0.8224754777838633,0.9583706875054857,-0.13589520972162242
2022-01-24,481,1.1924599261618007,1.4473517413227883,-0.2548918151609878
2022-01-25,471,0.7984481637439192,0.8300018448305096,-0.03155368108659038
2022-01-26,466,1.1816094174863052,1.3256620943699118,-0.1440526768836067
2022-01-27,466,1.5182314898062619,1.6693613476750437,-0.15112985786878205
2022-01-28,475,1.093140855591889,0.972515742456351,0.12062511313553799
2022-01-31,476,0.8277584804974552,0.8931246498832389,-0.06536616938578382
2022-02-01,471,0.8640023367155716,1.0293543992659855,-0.1653520625504139
2022-02-02,468,0.9482632181355176,1.1003013216583029,-0.15203810352278518
2022-02-03,472,0.842462754615691,0.8423745227452268,8.823187046413121e-05
2022-02-04,471,0.9191837311465825,0.8005582844138927,0.11862544673268983
2022-02-07,463,0.7236255080343091,0.7042393802827138,0.01938612775159525
2022-02-08,456,0.8329795788151538,0.8282080368258341,0.004771541989319655
2022-02-09,456,1.306166512643603,1.4259569971577013,-0.11979048451409832
2022-02-10,462,0.6505585357047767,0.6369080981144839,0.013650437590292743
2022-02-11,467,0.7857385413612699,0.7578806106761424,0.027857930685127538
2022-02-14,458,0.7276894323627577,0.8654767955695587,-0.13778736320680107
2022-02-15,456,0.9376255792323089,1.1979809594523494,-0.2603553802200405
2022-02-16,456,1.1736120998483839,1.4686246389245827,-0.29501253907619884
2022-02-17,472,1.1336073406986602,1.4313576431840622,-0.2977503024854019
2022-02-18,468,0.974163403707932,1.035045531102653,-0.06088212739472095
2022-02-22,458,0.9368525313102962,0.8544306433715293,0.08242188793876691
2022-02-23,444,1.405157802469439,1.1697210893187966,0.2354367131506422
2022-02-24,450,1.0533717034317789,1.058617620236332,-0.005245916804552983
2022-02-25,460,0.8896325424670777,0.9288706289087831,-0.03923808644170551
2022-02-28,464,0.8954747352662383,0.930979825912645,-0.03550509064640681
2022-03-01,463,1.1311978939663865,1.1715311432393263,-0.0403332492729399
2022-03-02,462,2.1102013211807296,2.2050509919340207,-0.09484967075329122
2022-03-03,468,1.7632699324970695,2.121660721782345,-0.3583907892852756
2022-03-04,459,0.8253598725559915,0.7815671152772024,0.043792757278789084
2022-03-07,449,1.0135383928130046,1.2479359222111157,-0.23439752939811098
2022-03-08,452,0.7541508652936415,0.807321243669,-0.05317037837535854
2022-03-09,445,1.0035795546210495,1.2196958914135645,-0.21611633679251482
2022-03-10,452,0.7615398367024827,0.7902814623434413,-0.02874162564095863
2022-03-11,448,1.2653082422532147,1.2961967636216143,-0.030888521368399362
2022-03-14,466,1.7708723881834811,1.703667955431243,0.06720443275223813
2022-03-15,472,1.5382702767284693,1.3523468833986234,0.18592339332984617
2022-03-16,474,0.8180098995606502,0.7132411533924835,0.10476874616816659
2022-03-17,480,0.6443852918259941,0.5412644431424849,0.1031208486835093
2022-03-18,479,0.761881138807096,0.8501836759396961,-0.08830253713260022
2022-03-21,476,0.6293876974431173,0.6020334899339288,0.027354207509188582
2022-03-22,475,0.7341470928262367,0.729115239758775,0.0050318530674617334
2022-03-23,477,0.7578293533625927,0.700860359559097,0.05696899380349569
2022-03-24,484,0.8429155061930006,0.7927037646356124,0.05021174155738805
2022-03-25,465,0.6929320574987157,0.6248113395726675,0.06812071792604814
2022-03-28,456,0.6546205920167263,0.6987671013021334,-0.04414650928540722
2022-03-29,453,0.9249439153362471,1.0745962057229725,-0.14965229038672537
2022-03-30,469,0.6778236373646344,0.6934212925008247,-0.015597655136190448
2022-03-31,474,0.6662736967291536,0.7211016414910225,-0.054827944761868884
2022-04-01,476,0.8355266363089053,0.9214277070690201,-0.08590107076011463
2022-04-04,470,1.053129637781075,1.2693083448230789,-0.21617870704200368
2022-04-05,469,0.9229212197463879,0.900461735766932,0.022459483979455862
2022-04-06,469,0.6739504955484951,0.6693850498385725,0.004565445709922551
2022-04-07,477,0.7641462287754546,0.7091860796069736,0.054960149168480986
2022-04-08,477,0.6631910650382203,0.6386701000657599,0.024520964972460528
2022-04-11,476,0.691490015626986,0.7117746498084573,-0.02028463418147139
2022-04-12,479,0.6713594732542141,0.6522085222432191,0.01915095101099484
2022-04-13,484,0.6479841088695765,0.6129236789477168,0.03506042992185967
2022-04-14,483,0.9040339754663108,1.174223750660536,-0.27018977519422527
2022-04-18,477,0.8926075825411218,0.9709308215836676,-0.07832323904254575
2022-04-19,479,1.3145331836376177,1.4503792183672586,-0.1358460347296409
2022-04-20,479,1.376619680451706,1.4134400269647656,-0.03682034651305945
2022-04-21,483,1.6326997483131798,1.433515903311359,0.19918384500182104
2022-04-22,483,0.9034546676854784,0.9491750252928216,-0.04572035760734308
2022-04-25,477,0.8666512821165546,0.9045494648337022,-0.037898182717147524
2022-04-26,468,0.9251218713286486,1.067686218784492,-0.14256434745584334
2022-04-27,468,0.9745430868973721,0.963851908266425,0.010691178630947108
2022-04-28,476,1.0399552993221175,1.293321152734153,-0.2533658534120356
2022-04-29,485,1.3908015856241889,1.3421321224231093,0.04866946320107947
2022-05-02,479,0.9667029139363142,1.0151726439045714,-0.04846972996825724
2022-05-03,472,1.1467800765368275,1.369778285216459,-0.22299820867963177
2022-05-04,466,2.696083583573405,2.502237605363744,0.19384597820966082
2022-05-05,471,1.5580018898620838,1.439126528083941,0.11887536177814294
2022-05-06,473,1.587141050225718,1.301817392490652,0.28532365773506574
2022-05-09,463,0.7592730424079069,0.802965135112149,-0.043692092704241944
2022-05-10,450,0.7837852316984296,0.7608430462192834,0.022942185479146213
2022-05-11,452,0.9280977118614664,1.088521634514294,-0.16042392265282787
2022-05-12,463,1.2765959567364817,1.5412969599288031,-0.2647010031923216
2022-05-13,470,1.0743332634025184,0.9261751742712032,0.1481580891313154
2022-05-16,459,1.0535196276047505,0.9753144749742673,0.07820515263048328
2022-05-17,464,1.4721204108448445,1.353354150901722,0.11876625994312251
2022-05-18,466,0.8224908303724239,1.5437638984357447,-0.7212730680633209
2022-05-19,473,0.9417970020360641,1.138486621383683,-0.19668961934761894
2022-05-20,473,0.8690809105741965,1.0473439393422657,-0.17826302876806924
2022-05-23,468,0.8986938679469821,1.1406366320753845,-0.24194276412840232
2022-05-24,460,1.9509517848803375,2.3687428332054963,-0.4177910483251587
2022-05-25,445,1.1864143026773417,1.0599297161335326,0.1264845865438091
2022-05-26,451,0.6437927157749742,0.6983459833351852,-0.05455326756021093
2022-05-27,450,0.6914498717993297,0.6739085975944274,0.01754127420490226
2022-05-31,463,0.72474982142212,0.7040074199594751,0.020742401462644857
2022-06-01,465,0.6804005430521808,0.6012266047040055,0.0791739383481754
2022-06-02,475,0.6061698460056056,0.6745312687045621,-0.06836142269895659
2022-06-03,474,0.6260027170905232,0.6020550683051491,0.02394764878537415
2022-06-06,460,0.9905394417156532,1.1710686713415337,-0.18052922962588056
2022-06-07,464,2.096930156739001,2.69614080595103,-0.5992106492120293
2022-06-08,466,3.15639201100363,3.646061815798929,-0.48966980479529815
2022-06-09,458,2.5125232038800203,2.2796802691375646,0.2328429347424558
2022-06-10,455,1.2646146715978035,1.918510036344509,-0.6538953647467054
2022-06-13,451,1.1784094509559682,1.2065696594905309,-0.028160208534562765
2022-06-14,472,1.0588480358880337,1.226410222870276,-0.16756218698224223
2022-06-15,474,0.881579153005023,1.0908681850030975,-0.20928903199807466
2022-06-16,479,0.9405390028710171,1.0960264398113893,-0.15548743694037226
2022-06-17,478,1.2254674851203549,1.4117349744658219,-0.186267489345467
2022-06-21,477,1.471277325563394,1.3274345350683354,0.1438427904950584
2022-06-22,477,1.2065275407876872,1.282938978181342,-0.0764114373936549
2022-06-23,482,0.7898433618808405,0.8121292260633401,-0.02228586418249962
2022-06-24,468,0.9192349799451455,1.077828776969247,-0.15859379702410148
2022-06-27,455,1.0208222221501009,1.1465504297500757,-0.1257282075999749
2022-06-28,451,0.8348174006132822,0.8476876546200233,-0.012870254006741053
2022-06-29,464,0.7759158832207536,0.7589899902759953,0.016925892944758183
2022-06-30,476,0.7720102454511707,0.7960643974695609,-0.024054152018390233
2022-07-01,473,0.8285453534019591,0.7616385862111802,0.06690676719077893
2022-07-05,472,0.6464073503619663,0.7226548245875369,-0.07624747422557074
2022-07-06,474,0.5919046379846965,0.6475034268522997,-0.05559878886760321
2022-07-07,480,0.7607189979040386,0.8830940573405194,-0.12237505943648076
2022-07-08,485,0.803749194200449,0.9068743895570133,-0.10312519535656418
2022-07-11,480,0.8673747348650842,0.8534083300727968,0.013966404792287388
2022-07-12,480,0.6493874897829209,0.6163515161033445,0.03303597367957646
2022-07-13,479,0.675574088584313,0.6162598292705056,0.059314259313807495
2022-07-14,481,1.4075983051513916,1.3310666079581182,0.07653169719327359
2022-07-15,480,1.2164808058207248,1.1841754659970591,0.03230533982366545
2022-07-18,476,1.5061489171270508,1.5308055699582466,-0.02465665283119604
2022-07-19,479,0.7324876659174383,0.6918042957733058,0.04068337014413244
2022-07-20,481,0.7233455641421915,0.7038281178672465,0.019517446274944988
2022-07-21,484,0.9036563556270074,1.020160583217511,-0.11650422759050348
2022-07-22,484,0.7907198671454421,0.7136024367980566,0.07711743034738547
2022-07-25,475,1.1183898483243766,1.187447990767857,-0.06905814244348053
2022-07-26,464,1.7148647657194631,2.0137984597859258,-0.2989336940664627
2022-07-27,464,1.0889413833489867,1.0473715980421718,0.041569785306814905
2022-07-28,473,0.7503658420743747,0.7029725588132334,0.047393283261141214
2022-07-29,486,0.8443811020063203,0.8148614494016364,0.029519652604683897
2022-08-01,481,0.9462391777050887,0.9392029475238877,0.007036230181200942
2022-08-02,475,0.8370680019875697,0.7714618897553828,0.06560611223218683
2022-08-03,472,0.7106629050294826,0.6715160634350612,0.0391468415944213
2022-08-04,472,0.8216268618182921,0.8391921117908381,-0.017565249972546045
2022-08-05,474,0.8116600815457824,0.6969324465233874,0.11472763502239504
2022-08-08,463,0.8384193684375099,0.7374981335637323,0.10092123487377767
2022-08-09,453,1.3071721193908687,1.1835258285128776,0.12364629087799102
2022-08-10,455,0.7214790789631289,0.7718605058416886,-0.05038142687855966
2022-08-11,461,0.7323918216614261,0.6017013386185902,0.130690483042836
2022-08-12,468,0.63244306581318,0.5750083567243509,0.05743470908882898
2022-08-15,456,0.6505696845633461,0.6419774272320984,0.008592257331247726
2022-08-16,462,0.8717759247758171,0.9523933280182896,-0.08061740324247248
2022-08-17,467,1.1015017218458645,1.3017943952718163,-0.20029267342595183
2022-08-18,478,1.2448756062701747,1.520482012337582,-0.2756064060674074
2022-08-19,478,0.816191064360863,0.7356915104308732,0.08049955392998974
2022-08-22,477,0.7250875854456919,0.6793495217245069,0.045738063721184864
2022-08-23,475,0.6840295548136812,0.7093663152860782,-0.0253367604723969
2022-08-24,475,0.8478244569989613,0.8704886225722382,-0.02266416557327703
2022-08-25,465,1.5304854942234016,1.7811828701578922,-0.2506973759344905
2022-08-26,453,0.8231412422234007,0.5905360842856332,0.2326051579377675
2022-08-29,443,0.7986998852393976,0.9049650865923934,-0.10626520135299573
2022-08-30,453,0.6956305289276773,0.60693371726566,0.08869681166201726
2022-08-31,462,0.6791208533860438,0.7689998905507405,-0.0898790371646967
2022-09-01,471,0.606195166491475,0.6760009939856005,-0.06980582749412556
2022-09-02,458,0.9488871839167604,1.0504146049188954,-0.10152742100213506
2022-09-06,462,1.3724030509735134,1.6818108486615246,-0.3094077976880112
2022-09-07,467,1.0131431761784713,1.2020234432914751,-0.188880267113004
2022-09-08,479,0.7452861906315761,0.7838793293549084,-0.038593138723332344
2022-09-09,460,1.0786729916940523,0.90891033482901,0.16976265686504227
2022-09-12,448,1.5685418459076461,1.4193357623902076,0.1492060835174385
2022-09-13,452,0.8784548523413811,0.8899248115054084,-0.011469959164027344
2022-09-14,472,0.752925375499431,0.7859570412261144,-0.033031665726683465
2022-09-15,481,0.8166412465919108,0.8040650768616957,0.012576169730215105
2022-09-16,479,0.8799296062285447,1.1514522214791756,-0.27152261525063104
2022-09-19,479,1.523982275419451,2.22064414084234,-0.6966618654228894
2022-09-20,478,1.5962584146066165,1.9715733948928236,-0.37531498028620713
2022-09-21,481,1.5518653723977247,1.9769651185435513,-0.42509974614582635
2022-09-22,483,1.1845745926791724,1.6603138432160354,-0.4757392505368628
2022-09-23,486,0.7098581411501607,0.7912752563329742,-0.08141711518281351
2022-09-26,463,0.7885501768917559,1.2537706467179603,-0.4652204698262045
2022-09-27,455,0.8044236715357106,1.2954602498445762,-0.4910365783088657
2022-09-28,453,0.7185202697966779,0.7861053585127225,-0.0675850887160445
2022-09-29,474,1.6664617880488257,1.4470445815536406,0.21941720649518506
2022-09-30,481,2.0040770228455975,1.7013372350176765,0.3027397878279213
2022-10-03,470,0.9786819286710241,0.8304039204828442,0.14827800818817988
2022-10-04,469,1.4414699178566381,1.2941414673965779,0.14732845046006035
2022-10-05,471,1.4504984932310434,1.762229641574848,-0.31173114834380444
2022-10-06,484,1.341763379426122,1.5608238310338374,-0.21906045160771562
2022-10-07,486,0.8777035755035545,0.8849567304106882,-0.007253154907133777
2022-10-10,480,0.7236363792574573,0.7279930361513071,-0.004356656893849812
2022-10-11,478,0.7893015453972896,0.9294005746955581,-0.14009902929826848
2022-10-12,479,0.862754476498639,0.6995293635489314,0.16322511294970776
2022-10-13,483,0.6987875558311927,0.657739187348437,0.04104836848275571
2022-10-14,486,0.9574588024970772,0.9579903733240269,-0.0005315708269498847
2022-10-17,480,0.8614257734346636,0.8494706112833127,0.01195516215135088
2022-10-18,481,0.9237698717630964,0.9396801092201534,-0.015910237457056997
2022-10-19,481,0.9026945827226343,0.819809897852625,0.08288468487000922
2022-10-20,487,1.7382555980685592,1.4893549560198276,0.24890064204873175
2022-10-21,486,1.0958992492896034,1.1394874589919386,-0.043588209702335554
2022-10-24,483,1.0293417778063367,0.9970968416078361,0.032244936198500794
2022-10-25,476,1.1974154072134788,1.194324710108595,0.0030906971048839495
2022-10-26,468,1.003947441783857,0.9558580618111981,0.04808937997265873
2022-10-27,469,0.914564638323392,0.8213376765371224,0.0932269617862695
2022-10-28,477,1.1030147621769122,1.2051492273820703,-0.10213446520515798
2022-10-31,480,1.2764071374744896,1.4970398881310791,-0.2206327506565894
2022-11-01,474,1.1894597050744722,1.3143802392274146,-0.12492053415294259
2022-11-02,471,1.129884420794525,1.1819990297436243,-0.05211460894909925
2022-11-03,475,1.2246456541753128,1.2377450129796477,-0.01309935880433469
2022-11-04,465,0.819227225815565,0.8350470624338087,-0.015819836618243772
2022-11-07,456,1.6092616566305227,1.5948231667007773,0.014438489929745675
2022-11-08,459,1.9707250245178707,2.040570593945477,-0.06984556942760617
2022-11-09,462,2.104671972817774,2.346305247673903,-0.24163327485612834
2022-11-10,467,0.8985969789331969,1.0295807516835564,-0.13098377275035966
2022-11-11,457,0.7974387318134721,0.7504603497696299,0.04697838204384217
2022-11-14,457,0.7022774734519935,0.6689140006691984,0.03336347278279519
2022-11-15,460,0.8361596820024835,0.8256899302866219,0.010469751715861638
2022-11-16,464,0.7405613041207743,0.7329980816882974,0.007563222432476865
2022-11-17,472,0.805478894099276,0.8395948896787123,-0.03411599557943653
2022-11-18,470,0.6709298486947877,0.6650725154598248,0.005857333234962899
2022-11-21,470,0.6984662075753212,0.7526092000969647,-0.05414299252164362
2022-11-22,476,0.627167979525705,0.5706392597735357,0.05652871975216933
2022-11-23,472,0.6310911163349581,0.601852376617249,0.02923873971770903
2022-11-25,455,0.6433540962789213,0.6260438120651383,0.017310284213782928
2022-11-28,440,0.9502858385283657,1.0093021163452622,-0.05901627781689647
2022-11-29,446,0.9348464266981719,1.0014429228863737,-0.06659649618820179
2022-11-30,467,0.8451823764255018,0.731310674286973,0.11387170213852868
2022-12-01,477,1.1025798154736692,1.032901882500113,0.06967793297355641
2022-12-02,477,1.1456332586826081,1.1000568730009812,0.04557638568162663
2022-12-05,463,0.7279971889046968,0.6970477674363855,0.03094942146831129
2022-12-06,466,0.6533262138733069,0.6807413971838263,-0.027415183310519398
2022-12-07,469,0.707136787341599,0.6672423666641174,0.0398944206774815
2022-12-08,478,0.7279349040901834,0.7140611869647105,0.013873717125472888
2022-12-09,462,0.7273132826783105,0.7551234172755606,-0.027810134597249993
2022-12-12,451,0.9325795146237015,0.8049054697282338,0.1276740448954676
2022-12-13,451,1.263750336350434,0.9949724294616091,0.2687779068888249
2022-12-14,465,1.3510008048466156,1.1989261565818683,0.1520746482647472
2022-12-15,474,0.7752291964216155,0.7684672806280561,0.006761915793559404
2022-12-16,476,0.6105394639732353,0.7016384074740228,-0.09109894350078743
2022-12-19,481,0.5780228488119376,0.5639233718444633,0.01409947696747443
2022-12-20,482,0.5899328725594374,0.6223884557465429,-0.03245558318710535
2022-12-21,484,0.6414121296541848,0.5781808194345602,0.06323131021962455
2022-12-22,483,0.5821246885029977,0.6548723691307134,-0.0727476806277159
2022-12-23,465,0.5264620971718594,0.5245242052844413,0.0019378918874181337
2022-12-27,454,0.5639373013257162,0.5969723647062692,-0.0330350633805529
2022-12-28,454,0.6650840269457488,0.6407229231766768,0.024361103769071937
2022-12-29,471,0.7163730396743454,0.846090279365433,-0.12971723969108753
2022-12-30,476,0.8264186835512842,0.840594064363481,-0.014175380812196844
2023-01-03,474,1.0301423827032,1.1879776989740818,-0.15783531627088182
2023-01-04,470,0.7970997639423127,0.9031551771379995,-0.10605541319568679
2023-01-05,479,1.107726942962247,1.332115740380053,-0.2243887974178061
2023-01-06,481,0.9124093709440892,1.062695629528932,-0.15028625858484282
2023-01-09,482,0.934533175034253,1.0352113547046724,-0.10067817967041945
2023-01-10,478,0.8142754447441063,0.9479764956898403,-0.13370105094573412
2023-01-11,478,0.6696092993717885,0.7348899356864861,-0.06528063631469777
2023-01-12,484,0.739221343012879,0.7811045138093295,-0.041883170796450604
2023-01-13,480,1.0091112286746555,0.9054284058359715,0.10368282283868406
2023-01-17,477,0.6979813077921846,0.6526980884039767,0.04528321938820791
2023-01-18,477,0.771512440818558,0.9228672697255016,-0.1513548289069437
2023-01-19,481,0.9495073524519754,1.0154168380940518,-0.06590948564207637
2023-01-20,485,0.6995552549789771,0.951348739652582,-0.25179348467360496
2023-01-23,483,0.701710523239458,0.7257107638977405,-0.024000240658282296
2023-01-24,486,0.7568340974323455,0.8277992013672195,-0.07096510393487396
2023-01-25,480,0.6473647590992827,0.6494062739877476,-0.0020415148884649556
2023-01-26,475,0.6665405755850992,0.7248403137197844,-0.058299738134685315
2023-01-27,475,0.8147709675681519,0.8266834182763136,-0.011912450708161755
2023-01-30,478,1.6217677873102077,1.831397718126344,-0.20962993081613646
2023-01-31,480,0.9802609390812606,1.1686734158203398,-0.1884124767390792
2023-02-01,475,0.7317397620596144,0.7070993170417902,0.02464044501782432
2023-02-02,476,0.7504957734477785,0.7043228728015264,0.04617290064625221
2023-02-03,475,0.7172270918811412,0.6889192383017368,0.028307853579404307
2023-02-06,467,0.8142575161303169,0.7709130368320817,0.0433444792982353
2023-02-07,464,0.8324791585000698,0.7504027977065868,0.08207636079348302
2023-02-08,464,0.6423503453670402,0.7126718408267669,-0.07032149545972674
2023-02-09,467,0.6129878859972496,0.695562864382468,-0.08257497838521848
2023-02-10,467,0.8389934426481626,0.9119034358915514,-0.07290999324338886
2023-02-13,459,0.7195603068754303,0.6958639142186053,0.02369639265682502
2023-02-14,460,0.6903540095473119,0.6768944333436381,0.013459576203673792
2023-02-15,462,1.1445781361577432,0.9714836255409446,0.1730945106167987
2023-02-16,472,0.9037686324690574,0.7335700183303945,0.1701986141386629
2023-02-17,469,0.7971293217997114,0.7075347698890468,0.08959455191066462
2023-02-21,466,0.7046386256957773,0.7271088261220239,-0.022470200426246492
2023-02-22,455,0.6472875779971249,0.6596476108942945,-0.012360032897169717
2023-02-23,452,0.6352567914565156,0.6388945875954933,-0.0036377961389777295
2023-02-24,455,0.6678307004925554,0.67589092901931,-0.008060228526754566
2023-02-27,459,0.6229417437825249,0.6484384284186643,-0.02549668463613932
2023-02-28,468,0.7290520222948979,0.8275283537205049,-0.0984763314256072
2023-03-01,467,0.7012635481963346,0.8009693664409633,-0.09970581824462861
2023-03-02,471,0.5784375853073339,0.5757421244879115,0.0026954608194224004
2023-03-03,472,0.7224144248144104,0.6245687275978943,0.09784569721651619
2023-03-06,454,1.1377062560041376,0.965424368563647,0.17228188744049064
2023-03-07,457,1.317407579389745,1.0729224361847571,0.24448514320498774
2023-03-08,461,1.78555846592414,1.6269096709894235,0.15864879493471634
2023-03-09,456,0.972563918203016,1.0152527658221404,-0.04268884761912427
2023-03-10,458,1.1474445595155973,1.1663688212654024,-0.0189242617498051
2023-03-13,445,0.7837900381918184,0.9136455129723635,-0.1298554747805451
2023-03-14,468,0.9433835400596366,0.9441217356978169,-0.0007381956381801484
2023-03-15,468,0.6160312218608782,0.6965890485643924,-0.08055782670351419
2023-03-16,479,0.5958879545779077,0.647887783852409,-0.051999829274501246
2023-03-17,481,0.6239576240017897,0.7242330980154817,-0.10027547401369216
2023-03-20,480,0.7740347883751141,0.7540554263667278,0.019979362008386247
2023-03-21,483,0.7966867152468451,0.7157702943305175,0.08091642091632756
2023-03-22,486,0.5673528323490875,0.5332514247587408,0.03410140759034672
2023-03-23,487,0.7051392701163317,0.7554219882972091,-0.050282718180877276
2023-03-24,488,0.7588083496894089,0.8535942374757647,-0.09478588778635574
2023-03-27,466,0.7139732822105039,0.7825714932400406,-0.06859821102953674
2023-03-28,460,1.0386515740921374,1.1735850214976182,-0.13493344740548072
2023-03-29,459,0.7041555140272803,0.9496085994609562,-0.24545308543367603
2023-03-30,477,0.6202385496216881,0.6510108363587872,-0.030772286737099017
2023-03-31,477,0.9033279941299256,0.8377772048648431,0.0655507892650825
2023-04-03,467,0.8916593886090259,0.8238291567710382,0.06783023183798788
2023-04-04,469,0.5546296994004347,0.6148048152569118,-0.06017511585647705
2023-04-05,477,0.5590759016452295,0.6554548950684016,-0.09637899342317219
2023-04-06,487,0.5688977807113949,0.6223632213852842,-0.05346544067388941
2023-04-10,481,0.5387114288512856,0.5802903519417433,-0.04157892309045771
2023-04-11,479,0.5654665816730595,0.5577048115224935,0.007761770150566016
2023-04-12,479,0.5569737052423104,0.6148506372178378,-0.05787693197552746
2023-04-13,487,0.5607324632668647,0.5760392758286342,-0.01530681256176963
2023-04-14,489,0.6337355665823449,0.6711980805411085,-0.03746251395876365
2023-04-17,482,0.6391368679295629,0.6193704154690522,0.019766452460510783
2023-04-18,481,0.6706606336067613,0.6460375722527516,0.02462306135400973
2023-04-19,480,0.6125162230100615,0.5988014709656955,0.013714752044365992
2023-04-20,483,0.7721792661763214,0.7216925892546359,0.05048667692168544
2023-04-21,483,0.9227972311160564,0.8066058766695171,0.11619135444653916
2023-04-24,479,0.8620409001685408,0.8226339186827958,0.03940698148574509
2023-04-25,472,0.8845371490105972,0.9723483927734526,-0.08781124376285555
2023-04-26,472,0.9964545308166072,0.9512957214495761,0.04515880936703112
2023-04-27,475,0.7376229776529258,0.7516740570817112,-0.014051079428785303
2023-04-28,485,1.0167841524539263,0.9452283845716516,0.07155576788227462
2023-05-01,477,1.2306662819652945,1.13253257808582,0.09813370387947455
2023-05-02,473,0.7832352388380874,0.8591186148282214,-0.07588337599013394
2023-05-03,472,0.7976298653492687,0.8690544158023054,-0.07142455045303664
2023-05-04,474,0.808974820032471,0.9428611432322299,-0.1338863231997589
2023-05-05,476,0.7107911271635116,0.7566037418756667,-0.04581261471215511
2023-05-08,464,0.7139034850541607,0.7250411980149744,-0.01113771296081373
2023-05-09,457,0.6952352933815443,0.7187242990728785,-0.023489005691334212
2023-05-10,458,0.6324888946391165,0.6645317123184091,-0.03204281767929272
2023-05-11,467,0.6865662176341492,0.6644898425752285,0.02207637505892054
2023-05-12,474,0.7730316561924955,0.8276573516678672,-0.054625695475371744
2023-05-15,463,0.7663693453726199,0.8410964177092783,-0.07472707233665847
2023-05-16,463,0.7450319209769858,0.820745902235898,-0.07571398125891236
2023-05-17,465,0.582446828817189,0.6398370334777458,-0.057390204660556804
2023-05-18,473,0.7001065553147952,0.6621977199244881,0.03790883539030699
2023-05-19,476,0.810836070385255,0.7557671231804018,0.055068947204853134
2023-05-22,471,0.9700826404124968,0.8807209632946426,0.08936167711785438
2023-05-23,466,0.9795658074447328,0.9863713970649822,-0.006805589620249432
2023-05-24,459,1.1295051223685049,1.158206244569971,-0.02870112220146599
2023-05-25,450,0.7276430224758992,0.7576736035564517,-0.030030581080552596
2023-05-26,445,0.657179470949652,0.7190627204256859,-0.06188324947603396
2023-05-30,451,0.8248153778307322,0.9182952496579472,-0.09347987182721504
2023-05-31,468,0.9096683269891013,1.095595081828089,-0.18592675483898774
2023-06-01,479,0.9065203919801569,1.0698275961089925,-0.16330720412883543
2023-06-02,478,0.7243216038465616,0.8542673931604303,-0.12994578931386866
2023-06-05,464,0.7825513393528747,0.8315063796856683,-0.04895504033279356
2023-06-06,466,0.5666575776784775,0.6112662791893851,-0.04460870151090779
2023-06-07,471,0.6536387043982976,0.6984617520139899,-0.04482304761569226
2023-06-08,480,0.6693601291795885,0.7396073981363334,-0.0702472689567448
2023-06-09,459,0.7796647048238866,0.8505209067125363,-0.07085620188864976
2023-06-12,445,0.7689182030235095,0.8906037461682459,-0.12168554314473633
2023-06-13,447,0.6334159405165014,0.6767175088543298,-0.043301568337828326
2023-06-14,468,0.538749186417555,0.5545437352256766,-0.01579454880812153
2023-06-15,479,0.6174208859674264,0.6023501614798066,0.01507072448761976
2023-06-16,480,0.6814312812100998,0.6223038881230313,0.059127393087068554
2023-06-20,480,0.6484736939770267,0.573303487775517,0.07517020620150967
2023-06-21,482,0.5152635317629725,0.502961859505462,0.01230167225751054
2023-06-22,486,0.5988890261747659,0.6700936651249948,-0.07120463895022898
2023-06-23,489,0.7395193667537313,0.8368254361083319,-0.09730606935460054
2023-06-26,469,0.7469691036105235,0.8714226990361866,-0.12445359542566316
2023-06-27,460,0.6024912544603938,0.6441772369673442,-0.04168598250695039
2023-06-28,455,0.6318663439529277,0.7046525560621504,-0.07278621210922265
2023-06-29,473,0.5232825503896493,0.5411861446990753,-0.017903594309426063
2023-06-30,473,0.591147878274337,0.5273875090232159,0.06376036925112119
2023-07-03,469,0.577402574531683,0.5229714693495153,0.054431105182167656
2023-07-05,469,0.5371721429142485,0.5490444257120711,-0.011872282797822504
2023-07-06,477,0.8421145828200652,0.960783681191291,-0.11866909837122569
2023-07-07,484,0.8306094892974264,0.9171424380713167,-0.0865329487738902
2023-07-10,482,0.8235594515312059,0.9176018195422329,-0.09404236801102694
2023-07-11,479,0.6365698441439536,0.6550901442509092,-0.018520300106955583
2023-07-12,481,0.6414882861245708,0.6581722289874733,-0.016683942862902482
2023-07-13,486,0.6050050271022585,0.6232184289318214,-0.018213401829563002
2023-07-14,488,0.6782251776916969,0.7242770819605171,-0.04605190426882017
2023-07-17,480,0.814001799476494,0.8341901143849078,-0.020188314908413628
2023-07-18,480,0.799192059994263,0.8096113216101074,-0.010419261615844387
2023-07-19,480,0.6817463172925085,0.6787230877346068,0.0030232295579017423
2023-07-20,486,0.5638673670293343,0.608801641152839,-0.044934274123504744
2023-07-21,483,0.6020574987691462,0.6302244373062723,-0.028166938537126155
2023-07-24,482,0.8144830310458939,0.7984414422218115,0.01604158882408239
2023-07-25,474,0.8471354744585129,0.842712667486661,0.004422806971851924
2023-07-26,469,0.7795548486227081,0.7847915386796801,-0.005236690056971977
2023-07-27,471,0.644402357000719,0.6786547238265618,-0.03425236682584276
2023-07-28,480,0.7314845150108411,0.7351626806918339,-0.00367816568099273
2023-07-31,483,0.9494027217484445,0.8961586263906881,0.05324409535775652
2023-08-01,476,0.9986731485157413,0.9725756139426959,0.026097534573045436
2023-08-02,471,0.81011349584674,0.8255613256759053,-0.015447829829165247
2023-08-03,472,0.7776947033999826,0.8110826862180938,-0.03338798281811125
2023-08-04,472,0.6650935651466869,0.6988666547182034,-0.03377308957151648
2023-08-07,466,0.7507985615523236,0.704135655022731,0.046662906529592624
2023-08-08,463,0.6646726265044655,0.6857198063512429,-0.021047179846777366
2023-08-09,461,0.5217610336399124,0.5967444440351741,-0.07498341039526168
2023-08-10,466,0.6102110607956317,0.5846609639344803,0.02555009686115141
2023-08-11,464,0.7566322429199662,0.6287429236693342,0.127889319250632
2023-08-14,459,0.9837837657758002,0.7668793844617361,0.21690438131406412
2023-08-15,459,0.6971924091686001,0.617355676127077,0.07983673304152322
2023-08-16,465,0.5935035655802672,0.5873036895924298,0.006199875987837343
2023-08-17,475,0.5446138880374962,0.5606146477239244,-0.016000759686428147
2023-08-18,479,0.5802973641582149,0.5845613738824268,-0.00426400972421207
2023-08-21,477,0.4921474303709742,0.5088354515768904,-0.01668802120591613
2023-08-22,475,0.46529560419733046,0.4844725058097988,-0.01917690161246834
2023-08-23,475,0.45750651001530496,0.47180289899350436,-0.014296388978199404
2023-08-24,477,0.7441066937222459,0.8026697522163145,-0.058563058494068634
2023-08-25,470,0.7029949302362254,0.7065942251069994,-0.0035992948707740495
2023-08-28,445,0.6302541903741589,0.6548635621661725,-0.0246093717920137
2023-08-29,441,0.6261297642224455,0.6381301656877768,-0.012000401465331318
2023-08-30,447,0.7649135315437249,0.7429570331207579,0.021956498422966812
2023-08-31,469,0.6714635666854628,0.6413881040659926,0.03007546261947026
2023-09-01,459,0.7827763908914744,0.7290017368943231,0.053774653997151235
2023-09-05,464,0.634104862660935,0.6209492946922626,0.013155567968672439
2023-09-06,470,0.6224399166817857,0.6325168122551096,-0.0100768955733239
2023-09-07,480,0.6071749088923255,0.6613030869251181,-0.054128178032792504
2023-09-08,480,0.5914867270205076,0.6497102805790541,-0.05822355355854641
2023-09-11,452,0.6237019899449686,0.7195006136702045,-0.09579862372523586
2023-09-12,453,0.5565542003473932,0.6228283582690756,-0.0662741579216823
2023-09-13,452,0.47560616354651225,0.518703400473807,-0.04309723692729472
2023-09-14,479,0.5757755107143553,0.5294325852199796,0.04634292549437571
2023-09-15,482,0.5554673465183443,0.5357720253719452,0.01969532114639906
2023-09-18,482,0.8896285584143881,0.7373712493148675,0.15225730909952057
2023-09-19,479,0.8906113853117802,0.8238452906411665,0.06676609467061352
2023-09-20,479,0.741417132013456,0.6468600197449799,0.09455711226847621
2023-09-21,481,0.6510543050950306,0.7146560707314075,-0.06360176563637694
2023-09-22,484,0.6766524968145523,0.7524428749699117,-0.07579037815535952
2023-09-25,465,0.6838280417106719,0.7191956939896917,-0.03536765227901989
2023-09-26,460,0.5770691537843974,0.5700345356996148,0.007034618084782588
2023-09-27,458,0.7052786284865215,0.7629312342281616,-0.05765260574164004
2023-09-28,478,0.908062085121547,0.8359803677622659,0.07208171735928105
2023-09-29,483,0.7342706234881029,0.78836059314664,-0.054089969658537206
2023-10-02,472,0.6630865566071986,0.7476037005446785,-0.08451714393747999
2023-10-03,466,0.7441662601571717,0.7316169328973476,0.012549327259823943
2023-10-04,468,0.7434589367770053,0.7854757374214043,-0.04201680064439906
2023-10-05,481,0.8202253217908051,0.7403423108365083,0.07988301095429677
2023-10-06,484,0.7642231476840529,0.7900573589289744,-0.02583421124492164
2023-10-09,479,0.6427022043777336,0.6454209584513964,-0.00271875407366286
2023-10-10,478,0.7845996678995183,0.732394411816612,0.05220525608290631
2023-10-11,481,0.5918986002880977,0.5905354413700318,0.0013631589180658338
2023-10-12,486,0.6522109084572456,0.7072494291642311,-0.05503852070698546
2023-10-13,488,0.592787632736281,0.6114408754651015,-0.018653242728820473
2023-10-16,484,0.9789145140276905,0.8832029086326543,0.09571160539503619
2023-10-17,481,1.4427317375541262,1.3164474984524321,0.12628423910169415
2023-10-18,480,1.0533163802326182,0.8171678182437017,0.2361485619889164
2023-10-19,484,0.6456111686071335,0.5928928702177776,0.052718298389355864
2023-10-20,486,0.7119131978637427,0.6661843699986826,0.045728827865060113
2023-10-23,484,0.8965687020199177,0.8849235228236226,0.011645179196295027
2023-10-24,485,1.109133276228514,0.9622028081089249,0.14693046811958899
2023-10-25,479,0.8032457328691945,0.8095341838847881,-0.006288451015593662
2023-10-26,469,0.7027242025717199,0.7606116134564335,-0.05788741088471368
2023-10-27,470,1.0019527909469588,0.9767622647069251,0.02519052624003376
2023-10-30,472,1.3398196503541555,1.340975350421394,-0.0011557000672384608
2023-10-31,481,1.6747676937784808,1.8209409924174382,-0.14617329863895742
2023-11-01,476,1.271012151457524,1.368511393029009,-0.09749924157148501
2023-11-02,477,0.8071468561982765,0.8590617915061431,-0.05191493530786666
2023-11-03,476,0.7752099239571476,0.7884324681046997,-0.013222544147552013
2023-11-06,467,0.80182121383886,0.7808238140767303,0.020997399762129755
2023-11-07,463,0.6760698007745105,0.6997390665329609,-0.023669265758450398
2023-11-08,462,0.6234567133882593,0.6497375081386734,-0.026280794750414078
2023-11-09,459,1.26351248551233,1.4205842600954766,-0.1570717745831466
2023-11-10,460,1.0422617937027898,1.1921003854962273,-0.14983859179343748
2023-11-13,446,1.0939492304458178,1.1923966682551006,-0.09844743780928289
2023-11-14,458,0.5382703038574328,0.662740005865713,-0.12446970200828013
2023-11-15,457,0.5041271447350526,0.5190099764570292,-0.01488283172197654
2023-11-16,472,0.4896286750014332,0.5234499972594087,-0.033821322257975454
2023-11-17,468,0.4880770833606939,0.5293162678117711,-0.041239184451077236
2023-11-20,470,0.4762903194982311,0.524111827091482,-0.04782150759325086
2023-11-21,472,0.42378728297538804,0.4667647802025003,-0.04297749722711231
2023-11-22,480,0.4548044556552865,0.43866832002509837,0.01613613563018814
2023-11-24,474,0.623612917831653,0.616667425181794,0.006945492649859073
2023-11-27,443,0.657206002907868,0.6610086345291054,-0.003802631621237437
2023-11-28,440,0.9636372435499845,1.0449533140677714,-0.081316070517787
2023-11-29,451,0.8699730443424857,0.927043210813945,-0.05707016647145933
2023-11-30,477,0.6707427290204123,0.6853421942653988,-0.014599465244986329
2023-12-01,477,0.6756268306397997,0.6349928933367188,0.04063393730308091
2023-12-04,460,0.5991273197406125,0.5919831200955689,0.007144199645043599
2023-12-05,465,0.614698173243163,0.6469127636443296,-0.032214590401166684
2023-12-06,468,0.6962289750358144,0.7639288134824613,-0.067699838446647
2023-12-07,480,0.6774054294476887,0.713537490195989,-0.03613206074830028
2023-12-08,479,0.9761346809149782,1.0786983039817477,-0.1025636230667694
2023-12-11,454,1.3877822084516531,1.4950921585505412,-0.1073099500988881
2023-12-12,452,1.2851862570888584,1.3767345421883463,-0.09154828509948819
2023-12-13,451,0.8195798122455542,0.90493738941834,-0.08535757717278582
2023-12-14,474,0.5317073822410373,0.5606200474088454,-0.028912665167808105
2023-12-15,476,0.5450931132652451,0.5278193949026334,0.017273718362611674
2023-12-18,481,0.5006097083874411,0.49316393262461045,0.00744577576283063
2023-12-19,484,0.4935304755757253,0.47231510639305757,0.021215369182667716
2023-12-20,488,0.6512465816270048,0.5699566267026334,0.08128995492437145
2023-12-21,483,0.47259217918683905,0.4994356964996237,-0.026843517312784705
2023-12-22,463,0.4196511571977045,0.4477827401902631,-0.02813158299255858
2023-12-26,452,0.4017101613602128,0.3733265334872177,0.028383627872995077
2023-12-27,456,0.6457959902965177,0.6130846324208619,0.03271135787565585
2023-12-28,474,0.974147355515358,0.9160443432689286,0.0581030122464295
2023-12-29,479,0.8680683320621547,0.7940575490611771,0.07401078300097758
2024-01-02,480,0.620954783858548,0.5959933386406582,0.024961445217889885
2024-01-03,479,0.6022495669287461,0.6484976306820547,-0.04624806375330849
2024-01-04,481,0.5825506337185623,0.7060344281857969,-0.12348379446723452
2024-01-05,481,0.6817858289492746,0.7469642908410815,-0.0651784618918069
2024-01-08,480,0.6451366561379211,0.6341346219211553,0.011002034216765839
2024-01-09,481,0.6102789467930311,0.6145833374827447,-0.004304390689713644
2024-01-10,480,0.660904811599636,0.633535800861647,0.027369010737989075
2024-01-11,483,0.6890465364437224,0.6416471893077561,0.047399347135966156
2024-01-12,481,0.6609704669017333,0.6394105689431859,0.021559897958547417
2024-01-16,478,0.6513352292709407,0.7319348822979261,-0.08059965302698543
2024-01-17,478,0.8822500542468673,0.9089637312814857,-0.026713677034618355
2024-01-18,482,0.725424104610299,0.8278847351502396,-0.10246063053994063
2024-01-19,486,0.6395344658077718,0.6795782241636262,-0.04004375835585438
2024-01-22,486,0.6827987806988651,0.7062087543041291,-0.02340997360526407
2024-01-23,489,0.6460746126118193,0.6741561485669633,-0.02808153595514399
2024-01-24,489,0.6720810549106435,0.7145255493420775,-0.04244449443143382
2024-01-25,482,0.5981771399910648,0.6357198312676519,-0.0375426912765872
2024-01-26,473,0.6212099778036538,0.6108894542040348,0.010320523599618967
2024-01-29,470,0.7651170738786932,0.7609822084843655,0.00413486539432786
2024-01-30,473,0.779004470570443,0.7801638042906514,-0.001159333720208449
2024-01-31,479,0.8281981509137983,0.8423065973340654,-0.014108446420266972
2024-02-01,480,0.7473760678198376,0.7483614769363317,-0.0009854091164942656
2024-02-02,481,0.6961416789176154,0.7075415162658281,-0.011399837348212758
2024-02-05,472,0.8868006830216029,0.9071734090155135,-0.020372725993910625
2024-02-06,470,0.8356789238101717,0.8590236938521874,-0.023344770042015527
2024-02-07,472,0.710884870552166,0.7473115675437962,-0.03642669699163034
2024-02-08,479,0.6270018929268006,0.6033983148708038,0.02360357805599688
2024-02-09,474,0.6300413186009572,0.6493074865540048,-0.019266167953047645
2024-02-12,457,0.6990176422233961,0.706873695940706,-0.007856053717309823
2024-02-13,449,0.8440590981479598,0.9418606219394736,-0.09780152379151381
2024-02-14,451,0.6771812368930912,0.6846009275569952,-0.0074196906639039375
2024-02-15,465,0.652245825109907,0.6440299840501186,0.008215841059788488
2024-02-16,466,0.6078125589136131,0.6153363500443301,-0.007523791130717058
2024-02-20,467,0.7497589507197173,0.7553734196113838,-0.00561446889166643
2024-02-21,467,0.8315774899982933,0.8330165754363984,-0.001439085438105139
2024-02-22,477,0.6560837450417667,0.6508940216295377,0.005189723412229137
2024-02-23,473,0.6470566096356363,0.644003462248903,0.003053147386733283
2024-02-26,455,0.683954389754811,0.6938352923383132,-0.009880902583502268
2024-02-27,448,0.7473923405821477,0.7482106566257815,-0.0008183160436338426
2024-02-28,455,0.8557570657103899,0.8734463240365937,-0.017689258326203754
2024-02-29,470,0.7371249816651573,0.7458646424428174,-0.008739660777660052
2024-03-01,473,0.6850442829309646,0.6974250395454742,-0.012380756614509448
2024-03-04,453,0.6294801477072693,0.6424884911367126,-0.013008343429443292
2024-03-05,454,0.6131283846897846,0.6425778858657535,-0.02944950117596891
2024-03-06,459,0.6296827856972003,0.6358441385319682,-0.006161352834767873
2024-03-07,475,0.5456661435641714,0.544110847819663,0.0015552957445083783
2024-03-08,477,0.6212343766915456,0.6273250925034026,-0.006090715811857057
2024-03-11,444,0.7104025384977325,0.697270474728543,0.013132063769189442
2024-03-12,449,0.7452786707163825,0.7259247512124779,0.01935391950390474
2024-03-13,449,0.610221681436153,0.5977183507345948,0.012503330701558187
2024-03-14,482,0.536101002541993,0.5421241739322014,-0.006023171390208261
2024-03-15,478,0.6242993454579706,0.6596075137766836,-0.035308168318713
2024-03-18,481,0.7939288936183012,0.8199340611281308,-0.026005167509829594
2024-03-19,479,0.6077860507443004,0.6157934863115231,-0.008007435567222807
2024-03-20,486,0.5507540954794082,0.5369768651278211,0.013777230351587197
2024-03-21,488,0.5998732246514158,0.5669288210298686,0.03294440362154715
2024-03-22,465,0.5343791265575492,0.528289229003439,0.006089897554110117
2024-03-25,457,0.6330929261078582,0.6459469723368112,-0.012854046228952946
2024-03-26,454,0.5920019360545519,0.5910515171875197,0.0009504188670321745
2024-03-27,478,0.635437163269465,0.629616154432508,0.005821008836956976
2024-03-28,483,0.7534241277194703,0.7478376245609838,0.005586503158486599
2024-04-01,479,0.74610295554529,0.7350194147845757,0.011083540760714274
2024-04-02,479,0.5585234028569508,0.5497037326080194,0.00881967024893131
2024-04-03,478,0.48753736105370193,0.4738189666312752,0.013718394422426684
2024-04-04,478,0.5818137487783906,0.5969556330979976,-0.015141884319607016
2024-04-05,479,0.5911118979941057,0.6072398098758154,-0.016127911881709537
2024-04-08,479,0.692327802181324,0.6502003744224802,0.04212742775884367
2024-04-09,479,1.0874018792369367,1.0721280515988334,0.015273827638103352
2024-04-10,478,0.8728708685324056,0.7832054149248366,0.089665453607569
2024-04-11,482,1.0234485794108386,0.9415715111607416,0.08187706825009691
2024-04-12,489,0.7422007008148681,0.7848227122408807,-0.04262201142601265
2024-04-15,485,0.674758683025941,0.6656500253625807,0.009108657663360298
2024-04-16,481,0.9071177607702066,0.922507176765579,-0.015389415995372465
2024-04-17,480,0.73329661668511,0.7245882395409066,0.008708377144203555
2024-04-18,482,0.7810417931246143,0.6909861711729385,0.09005562195167575
2024-04-19,485,0.808425292409331,0.7496382485075455,0.058787043901785505
2024-04-22,484,0.783035372564721,0.7722608682020827,0.010774504362638165
2024-04-23,487,0.8281034156967466,0.8122523253357653,0.015851090360981267
2024-04-24,482,0.7387864502692549,0.730210478143658,0.008575972125596859
2024-04-25,475,0.6898250888721589,0.6857799349609551,0.004045153911203709
2024-04-26,474,0.8905561904357326,0.8703714063769847,0.020184784058747896
2024-04-29,477,0.9621839103046902,0.9469123035676961,0.015271606736994013
2024-04-30,479,0.960148895422893,0.9654522369688383,-0.005303341545945458
2024-05-01,477,0.9643923834210847,0.9999518712823233,-0.03555948786123865
2024-05-02,476,0.7275488701219597,0.7354048711710701,-0.007856001049110375
2024-05-03,482,0.6036434228286344,0.6077010076023788,-0.004057584773744399
2024-05-06,472,0.6507151955669749,0.6678707770438428,-0.01715558147686799
2024-05-07,466,0.6505003904930113,0.6596548136279933,-0.009154423134981979
2024-05-08,463,0.5756344479250979,0.5717198014567255,0.003914646468372266
2024-05-09,465,0.5230534878689187,0.5096592220719927,0.013394265796926057
2024-05-10,467,0.6390033008678874,0.6599002008965815,-0.020896900028694102
2024-05-13,454,0.5970537441115358,0.621763096714086,-0.02470935260255026
2024-05-14,458,0.540088440920755,0.5433948625950376,-0.003306421674282513
2024-05-15,463,0.5522593051519137,0.5306320293305867,0.021627275821327
2024-05-16,475,0.5299977027061327,0.52147799960508,0.008519703101052664
2024-05-17,481,0.650406053115838,0.6326065510589446,0.017799502056893426
2024-05-20,473,0.8415097177641823,0.8161257169179257,0.02538400084625669
2024-05-21,470,0.7736260735132446,0.7476523830058299,0.02597369050741467
2024-05-22,472,0.8493228402811459,0.8126467302827884,0.03667610999835748
2024-05-23,480,0.748827396168259,0.7226701203105602,0.026157275857698805
2024-05-24,483,0.7636038597523386,0.7792302796129814,-0.01562641986064282
2024-05-28,464,0.743681881058237,0.7453158897863513,-0.0016340087281142988
2024-05-29,452,0.8758719617499687,0.8693962817179983,0.0064756800319703284
2024-05-30,450,0.7700579195475183,0.7724133991892318,-0.002355479641713492
2024-05-31,465,0.674735187872373,0.6688697372052446,0.00586545066712842
2024-06-03,478,0.5692424261716723,0.5726425632629887,-0.0034001370913163283
2024-06-04,466,0.5382876950661327,0.5397208571303704,-0.0014331620642377043
2024-06-05,459,0.5450842230572589,0.5418682482378082,0.0032159748194506787
2024-06-06,461,0.6006930506005965,0.5909612533343194,0.009731797266277221
2024-06-07,474,0.7499685032951251,0.7440962457247813,0.005872257570343899
2024-06-10,482,0.6823753858534747,0.6835781568903593,-0.0012027710368844875
2024-06-11,454,0.64869944980624,0.6413662621988856,0.007333187607354345
2024-06-12,451,0.635645986735923,0.639860076961524,-0.004214090225601008
2024-06-13,444,0.6063294917692991,0.6214466523391217,-0.015117160569822536
2024-06-14,472,0.6206406249547106,0.638721890190895,-0.01808126523618426
2024-06-17,477,0.5198724219081858,0.5268206960767461,-0.006948274168560265
2024-06-18,482,0.6716961590405844,0.6708556573361607,0.0008405017044237802
2024-06-20,484,0.5207107426903016,0.5190403691016835,0.0016703735886180217
2024-06-21,486,0.5494206570324066,0.5490938071683361,0.0003268498640703856
2024-06-24,488,0.6387755151987056,0.6226594213684535,0.016116093830252053
2024-06-25,465,0.6229297057564492,0.6176472336443138,0.005282472112135402
2024-06-26,458,0.6302881565596734,0.6170966507987289,0.013191505760944541
2024-06-27,458,0.6124612304796819,0.6031175615542326,0.009343668925449198
2024-06-28,479,0.5509238527734773,0.565731375892994,-0.014807523119516731
2024-07-01,479,0.5109615438504744,0.5005158007817242,0.010445743068750185
2024-07-02,475,0.4777550752062802,0.46602864830872454,0.011726426897555636
2024-07-03,472,0.5196128522982191,0.50841932024661,0.01119353205160915
2024-07-05,475,0.5892945728538778,0.6109496911410044,-0.02165511828712666
2024-07-08,477,0.7830133676936756,0.8190898397694137,-0.03607647207573816
2024-07-09,480,1.0511381189170093,1.0723061447155813,-0.02116802579857186
2024-07-10,478,0.9451152567841286,0.9474632225978256,-0.002347965813697027
2024-07-11,482,1.0102611131013242,1.0116226142001865,-0.0013615010988623866
2024-07-12,483,1.010365364544654,1.033971648233247,-0.023606283688593042
2024-07-15,490,0.8659508490624479,0.8748705895408591,-0.008919740478411127
2024-07-16,484,0.9583921480065658,0.9156290473791134,0.04276310062745234
2024-07-17,481,0.6521089575257581,0.6476585017983808,0.004450455727377168
2024-07-18,481,0.6837324035771143,0.6816750964271276,0.0020573071499866073
2024-07-19,486,0.6984262802179194,0.6883379789718561,0.010088301246063294
2024-07-22,489,1.1351801729206727,1.149004364462097,-0.013824191541424204
2024-07-23,486,1.1344367284705437,1.139508342204506,-0.005071613733962519
2024-07-24,486,0.9657854820836265,1.0038700505292908,-0.0380845684456644
2024-07-25,486,0.9719970374066307,0.9772523009023696,-0.0052552634957389755
2024-07-26,481,0.7007343694784194,0.7056279890530952,-0.004893619574675848
2024-07-29,473,0.9164943791499106,0.9123939083455463,0.004100470804364343
2024-07-30,470,1.4666230710670634,1.4680388714607164,-0.0014158003936529395
2024-07-31,474,2.2300076856323487,2.2673139940075813,-0.037306308375232085
2024-08-01,480,1.263379112857083,1.2633983395920103,-1.9226734927354703e-05
2024-08-02,479,0.9433943215950517,1.0931643662155353,-0.14977004462048346
2024-08-05,483,1.0049415007113842,0.9424452495647215,0.0624962511466627
2024-08-06,478,0.7878555903811669,0.7271098951858395,0.060745695195327506
2024-08-07,471,0.8070830040529181,0.7174503431806922,0.08963266087222581
2024-08-08,470,0.5947323742578,0.6086350716437813,-0.013902697385981246
2024-08-09,471,0.5775344717240762,0.5530545477563895,0.024479923967686702
2024-08-12,464,0.9693431811426608,0.9316711129546299,0.03767206818803086
2024-08-13,450,0.67798867023013,0.6436793163765162,0.03430935385361369
2024-08-14,449,0.8024087998192534,0.7415452557467542,0.06086354407249917
2024-08-15,463,0.48964946724383523,0.4760903779934344,0.013559089250400808
2024-08-16,472,0.5425563177941954,0.4871303186094711,0.05542599918472444
2024-08-19,477,0.5070413714190821,0.4761881681682892,0.030853203250792962
2024-08-20,477,0.6426229998804349,0.5727250542890434,0.06989794559139147
2024-08-21,479,0.5654947106757637,0.5300560177022141,0.03543869297354965
2024-08-22,477,0.5716002671857945,0.5496480977508406,0.021952169434953914
2024-08-23,481,0.5478456927149584,0.5426060179444673,0.005239674770491108
2024-08-26,483,0.5888760848331506,0.5741142888650709,0.014761795968079807
2024-08-27,465,0.5957388813774069,0.6125136114564199,-0.0167747300790131
2024-08-28,448,0.6978744709374446,0.6937715464794484,0.00410292445799626
2024-08-29,442,0.7533289454011557,0.7429302327533104,0.01039871264784544
2024-08-30,458,0.9999006258501641,0.974722355208858,0.025178270641306254
2024-09-03,462,0.8137290617829323,0.7350961987023049,0.07863286308062749
2024-09-04,463,0.6248027273133688,0.6002445710673376,0.024558156246031106
2024-09-05,464,0.6416196121394797,0.6417996597390099,-0.0001800475995302511
2024-09-06,474,0.7888363889162566,0.7702812662884955,0.018555122627761222
2024-09-09,477,0.7317375588192009,0.7126328694187198,0.019104689400481142
2024-09-10,460,0.8062435642238108,0.8487613591635237,-0.04251779493971291
2024-09-11,448,0.8247784175475033,0.8407063249582812,-0.01592790741077798
2024-09-12,445,0.7577440202844534,0.7565361503157217,0.0012078699687317375
2024-09-13,466,0.6015338200756918,0.5916256757894781,0.009908144286213663
2024-09-16,479,0.8037220090753903,0.8041294568078988,-0.00040744773250851334
2024-09-17,482,0.6255016782358137,0.618108139394707,0.007393538841106619
2024-09-18,481,0.632797105308493,0.6269180761308787,0.005879029177614277
2024-09-19,483,0.5942373617333799,0.5873003226707671,0.006937039062612794
2024-09-20,487,0.5889187332006117,0.589421414164628,-0.0005026809640163778
2024-09-23,486,0.738101529196013,0.7267884546006449,0.011313074595368186
2024-09-24,481,0.5987996534237604,0.582251311293108,0.01654834213065234
2024-09-25,462,0.6104117020203662,0.6007148659751392,0.009696836045227105
2024-09-26,456,0.635565453451674,0.6229144582789968,0.012650995172677081
2024-09-27,459,0.6031293460540855,0.5842074522882832,0.018921893765802358
2024-09-30,477,0.7594947094955697,0.737646747215069,0.021847962280500798
2024-10-01,478,0.692349724881861,0.6792746201666656,0.013075104715195301
2024-10-02,477,0.6945351320531737,0.6756596449150197,0.018875487138153995
2024-10-03,477,0.6009450236829159,0.6293166089569759,-0.02837158527405991
2024-10-04,484,0.6127840739382289,0.609452316963273,0.0033317569749558387
2024-10-07,479,0.5854809260278547,0.600646131674894,-0.01516520564703935
2024-10-08,478,0.6041231176754461,0.6622970695853829,-0.058173951909936766
2024-10-09,481,0.5732441961979209,0.5733192667628038,-7.507056488272148e-05
2024-10-10,484,0.7282677920876106,0.7442225800973709,-0.01595478800976015
2024-10-11,486,0.7245996670361378,0.7473547418770451,-0.022755074840907344
2024-10-14,485,0.6830665872620004,0.6710790481654939,0.011987539096506458
2024-10-15,485,0.6024747331543083,0.5968215519987855,0.005653181155522888
2024-10-16,483,0.5982841511519955,0.5678495859667099,0.03043456518528556
2024-10-17,482,0.6429676390557694,0.6197315538437359,0.02323608521203349
2024-10-18,486,0.7215750634610959,0.6944053879057873,0.027169675555308616
2024-10-21,489,0.765078008226822,0.733251436224928,0.03182657200189407
2024-10-22,488,0.7315212634360445,0.7032665267591658,0.02825473667687881
2024-10-23,489,0.7038985269999442,0.6936330353013822,0.010265491698561871
2024-10-24,489,0.7249650973645663,0.7058267324298686,0.019138364934697706
2024-10-25,491,0.7079747051629596,0.7142365540713498,-0.006261848908390154
2024-10-28,484,1.0385589295141353,0.9983935741188025,0.04016535539533275
2024-10-29,476,1.0041284285289613,0.9906075929930875,0.013520835535873963
2024-10-30,468,0.8653364859148114,0.8475770988900729,0.017759387024738536
2024-10-31,473,0.7242973913146367,0.7531215944893704,-0.028824203174733682
2024-11-01,479,1.6753062102262735,1.6764423932801233,-0.0011361830538499842
2024-11-04,484,1.759546796114244,1.8062795879477753,-0.04673279183353127
2024-11-05,473,1.632047841320695,1.772839471701743,-0.14079163038104803
2024-11-06,475,1.032710501499268,1.0010664573769719,0.03164404412229609
2024-11-07,473,0.9442471449231278,0.9528487927564542,-0.00860164783332639
2024-11-08,477,0.7458085260293221,0.7578136356819702,-0.012005109652648161
2024-11-11,467,0.7748731704564653,0.8276298997856653,-0.05275672932919987
2024-11-12,450,0.8649513128129437,0.8872227407443641,-0.022271427931420427
2024-11-13,447,0.8544425351982698,0.8687492800793082,-0.014306744881038422
2024-11-14,454,0.8425558054493381,0.8523860231870284,-0.009830217737690463
2024-11-15,472,0.6789170891088878,0.6739906496985851,0.004926439410302706
2024-11-18,477,0.7347920960919936,0.6998427999236433,0.03494929616835034
2024-11-19,472,0.8436013202426713,0.7564606238901599,0.08714069635251152
2024-11-20,473,1.0486293053870976,0.9303614484701676,0.1182678569169302
2024-11-21,477,0.7094443327560498,0.6791834863940522,0.030260846361997613
2024-11-22,480,0.6128246465606436,0.5882994152926384,0.024525231268005245
2024-11-25,465,0.49355804049813756,0.5036916929268509,-0.010133652428713245
2024-11-26,450,0.5614570832752761,0.5471300262758604,0.014327056999415668
2024-11-27,450,0.6321977537972199,0.6192971971321247,0.012900556665095122
2024-11-29,463,0.8010177149524645,0.8021853582218932,-0.0011676432694286876
2024-12-02,474,0.7189323135818083,0.7234615486512822,-0.004529235069473931
2024-12-03,463,0.734183017963596,0.746351218588947,-0.012168200625351042
2024-12-04,458,0.7397438138970636,0.7612582703603615,-0.02151445646329791
2024-12-05,461,0.7711263715163766,0.7317568836838388,0.03936948783253784
2024-12-06,474,0.7212374871655712,0.6746543174447042,0.04658316972086718
2024-12-09,485,0.7157169097703637,0.7342619747694176,-0.018545064999053847
2024-12-10,468,0.6780853594707312,0.6722236294097692,0.005861730060962003
2024-12-11,457,0.7618374887775793,0.7613796658552646,0.0004578229223147566
2024-12-12,450,0.7394952464425716,0.7417641837002128,-0.0022689372576411766
2024-12-13,468,1.3289492943599606,1.4057590731133949,-0.07680977875343438
2024-12-16,481,1.369136743943203,1.471669490590531,-0.10253274664732807
2024-12-17,479,0.843647195012624,0.8879992401227128,-0.04435204511008879
2024-12-18,481,0.6026981948814439,0.9162665643928568,-0.313568369511413
2024-12-19,482,0.6803223980402882,0.6781830917382446,0.0021393063020434073
2024-12-20,487,0.44486263147219357,0.46359931014773037,-0.018736678675536817
2024-12-23,482,0.37467565597360797,0.3982093829468458,-0.02353372697323792
2024-12-24,478,0.5837727153591495,0.6878999239016933,-0.10412720854254369
2024-12-26,463,0.616367778000677,0.6236246776886205,-0.007256899687943377
2024-12-27,459,0.5745936531786102,0.5145047014125286,0.060088951766081596
2024-12-30,456,0.5479217232491035,0.6524460439839419,-0.10452432073483842
2024-12-31,472,0.7695626619228239,0.7995188001394935,-0.029956138216669616
2025-01-02,480,0.6667119204344923,0.6751797914637586,-0.008467871029266345
2025-01-03,486,0.6145523299241155,0.6240061916402736,-0.00945386171615813
2025-01-06,479,0.8545096842983767,0.8897151549920899,-0.03520547069371303
2025-01-07,481,0.7386039987970981,0.7533641516040057,-0.014760152806907562
2025-01-08,480,0.7198859402361546,0.7143794520244051,0.00550648821174947
2025-01-10,485,0.9799810404325947,0.8872794635164625,0.09270157691613223
2025-01-13,484,1.0050334084236976,0.8933108179974152,0.11172259042628233
2025-01-14,481,0.8797790640780888,0.9243203462856278,-0.0445412822075391
2025-01-15,482,0.9148149270635084,0.9513940294357063,-0.03657910237219787
2025-01-16,481,0.8391184295350568,0.855142286250395,-0.016023856715338177
2025-01-17,485,0.8567091425011351,0.8606072639282022,-0.0038981214270672644
2025-01-21,486,0.6309805878991968,0.6294479154561834,0.0015326724430133794
2025-01-22,488,1.1738758184937352,1.1804031490126012,-0.006527330518865909
2025-01-23,489,1.0262497476941368,1.0522568489213797,-0.026007101227242948
2025-01-24,490,0.9558605079129487,0.9701212763065289,-0.014260768393580142
2025-01-27,489,0.8778622211548638,0.8758734250409014,0.00198879611396244
2025-01-28,481,0.7219662882207275,0.7210237160121662,0.0009425722085612821
2025-01-29,472,0.7898134773227491,0.7793356560691092,0.01047782125363996
2025-01-30,473,0.8203068452908591,0.7944880510709799,0.025818794219879197
2025-01-31,479,0.7721737777397187,0.7679160230747265,0.004257754664992109
2025-02-03,490,0.8951189299784731,0.9185821866693924,-0.023463256690919265
2025-02-04,479,0.8329196806600789,0.8348534425935693,-0.0019337619334903488
2025-02-05,473,0.8298682815949612,0.8121146172902352,0.017753664304726004
2025-02-06,471,0.7703331054847804,0.7709236393883833,-0.0005905339036028137
2025-02-07,478,0.7501492184821235,0.7577084607775306,-0.007559242295407127
2025-02-10,484,0.8528140736177978,0.8583998437108459,-0.005585770093048092
2025-02-11,458,0.9298531411354396,0.9390707874059573,-0.009217646270517655
2025-02-12,449,0.9843296966711674,1.007243739669495,-0.02291404299832773
2025-02-13,448,0.8188500117546064,0.8098437211097839,0.009006290644822518
2025-02-14,471,0.8060932131854154,0.8042175755033686,0.001875637682046793
2025-02-18,475,1.1387620622679095,1.1499490976808266,-0.011187035412917112
2025-02-19,469,1.1889653057102416,1.211167065396024,-0.02220175968578234
2025-02-20,469,1.1349211946376423,1.1369439762695908,-0.0020227816319484506
2025-02-21,474,0.6362367725422292,0.6826111971369895,-0.04637442459476028
2025-02-24,479,0.7595691256770306,0.8012939618247973,-0.04172483614776676
2025-02-25,466,0.7328709643070211,0.7478298977981792,-0.014958933491158045
2025-02-26,453,1.0375969149130535,1.0635559513304782,-0.025959036417424804
2025-02-27,452,0.8800998242281481,0.9158077613583723,-0.03570793713022421
2025-02-28,462,0.9204609627701852,0.8284377839396002,0.09202317883058511
2025-03-03,474,1.0874382606786654,1.0558950845085353,0.031543176170130055
2025-03-04,462,1.0113740171701908,1.0023904683897253,0.008983548780465436
2025-03-05,450,1.609417963470667,1.6344058790677594,-0.024987915597092507
2025-03-06,452,1.042096239711796,1.2210379206481403,-0.1789416809363442
2025-03-07,462,1.262278479449607,1.2998776470566666,-0.037599167607059884
2025-03-10,477,1.2263483351045072,1.3471021835491874,-0.12075384844468012
2025-03-11,451,0.7040203143513131,0.7094814716386283,-0.00546115728731537
2025-03-12,449,0.7856515212836961,0.6959367412814688,0.08971478000222737
2025-03-13,447,0.8668092963807082,0.7461880966813114,0.12062119969939687
2025-03-14,475,0.6321465224294849,0.5592792254205009,0.07286729700898395
2025-03-17,478,0.543174891286933,0.5449700908618647,-0.001795199574931669
2025-03-18,481,0.6147232120085426,0.6097292225296943,0.004993989478848369
2025-03-19,481,0.6149951248901776,0.5797770015144273,0.035218123375750164
2025-03-20,485,0.703245808835501,0.6742864599620199,0.028959348873481266
2025-03-21,489,0.6025280890255675,0.5803126254463998,0.02221546357916775
2025-03-24,490,0.7515950107902365,0.7444474535244824,0.007147557265754085
2025-03-25,488,1.141993101691177,1.2063055453605904,-0.0643124436694132
2025-03-26,466,0.8660792426696511,0.9046075100416965,-0.03852826737204547
2025-03-27,460,0.6446440689429939,0.6532879176188562,-0.008643848675862272
2025-03-28,464,0.6706877362847851,0.6027383245769256,0.06794941170785963
2025-03-31,482,1.7021513368414591,1.8469029060716047,-0.1447515692301453
2025-04-01,483,3.884842521829072,4.048252792774868,-0.1634102709457956
2025-04-02,481,4.531961878066622,4.625336042605763,-0.09337416453914076
2025-04-03,485,3.020699057951033,3.1965019122406737,-0.17580285428964015
2025-04-04,490,2.2556925137912662,2.743893550515853,-0.4882010367245868
2025-04-07,485,1.1416189549787086,1.2175874513596465,-0.0759684963809378
2025-04-08,483,2.049086684761773,2.1275250656423,-0.07843838088052753
2025-04-09,483,0.9595883938317226,1.088565111829329,-0.12897671799760632
2025-04-10,488,0.8358147361582122,1.1014739307838493,-0.2656591946256372
2025-04-11,489,0.6588228046118657,0.6492075910414387,0.009615213570427014
2025-04-14,483,0.7621228868992167,0.7882327007300002,-0.026109813830783472
2025-04-15,483,1.0811028537606573,0.8379832061194266,0.2431196476412308
2025-04-16,482,0.8038313561542213,0.8802306965267713,-0.07639934037255001
2025-04-17,486,0.7565001331773816,0.8302793618551995,-0.07377922867781779
2025-04-21,490,1.8866663971565882,2.190181971600135,-0.3035155744435465
2025-04-22,491,1.3109426801528388,1.3074146653922363,0.003528014760602514
2025-04-23,493,0.9352372706600244,0.9817967522548078,-0.046559481594783375
2025-04-24,492,0.6885066607646599,0.6979746435933869,-0.009467982828726917
2025-04-25,484,0.7277856415057274,0.74011126746986,-0.012325625964132461
2025-04-28,480,0.7852334999207947,0.7995612442389893,-0.014327744318194557
2025-04-29,476,0.8936898854342978,0.957216520891726,-0.06352663545742826
2025-04-30,480,0.850842087686315,0.868111656238868,-0.017269568552552975
2025-05-01,482,0.7228964968273408,0.7399761791539075,-0.017079682326566703
2025-05-02,485,0.7519239065425549,0.731070036402416,0.020853870140138887
2025-05-05,490,0.7714909767225983,0.7022233767046157,0.06926760001798271
2025-05-06,482,0.849881630875589,0.7694964049115163,0.0803852259640729
2025-05-07,475,1.5971785153704354,1.579908529909818,0.017269985460617414
2025-05-08,473,1.514985051969984,1.4610312258675888,0.0539538261023951
2025-05-09,476,1.4615313242716939,1.4293727538919474,0.03215857037974623
2025-05-12,472,0.7717117156992885,0.7174032052853874,0.05430851041390123
2025-05-13,456,0.7467110345637987,0.6533672312262946,0.09334380333750407
2025-05-14,450,0.8867090405660865,0.7908847476770853,0.09582429288900117
2025-05-15,459,0.6597218863317678,0.5686585835335849,0.09106330279818278
2025-05-16,472,0.9233254682283794,0.8434410500040402,0.07988441822433895
2025-05-19,480,0.9442956572064597,0.9040883289641284,0.04020732824233122
2025-05-20,469,0.9786567215273062,0.8046385721552212,0.17401814937208515
2025-05-21,468,0.7055747979647865,0.6724781577061589,0.03309664025862755
2025-05-22,470,0.6554802666696584,0.6249564715683272,0.03052379510133117
2025-05-23,480,0.6969206656600048,0.7353395249025397,-0.03841885924253488
2025-05-27,468,0.7006372697618897,0.7120838164876105,-0.011446546725720931
2025-05-28,454,0.6938679253579259,0.6682636014117066,0.025604323946219268
2025-05-29,456,0.7125754390958933,0.7118456006627113,0.000729838433182066
2025-05-30,467,0.7309144312279343,0.768744203418328,-0.03782977219039384
2025-06-02,481,0.7450583493448903,0.7548951653681516,-0.009836816023261231
2025-06-03,470,0.6591145349510885,0.6825838437267503,-0.023469308775661824
2025-06-04,469,0.6716915734424407,0.6801667923183239,-0.008475218875883216
2025-06-05,463,0.8712528997346484,0.904419190135732,-0.033166290401083785
2025-06-06,474,0.7429784696443072,0.7304654641723068,0.012513005472000429
2025-06-09,481,0.6415987854216781,0.6560516909998936,-0.014452905578215608
2025-06-10,466,0.846931885314355,0.8029814806926834,0.04395040462167162
2025-06-11,455,0.7066048805095935,0.6775592833825701,0.029045597127023454
2025-06-12,452,0.8226946690326429,0.7623208253583259,0.06037384367431696
2025-06-13,468,0.7582977730301068,0.7606975319794321,-0.002399758949325402
2025-06-16,479,0.6821575831123758,0.6775096516015121,0.004647931510863752
2025-06-17,480,0.7241886811010989,0.7936623708847412,-0.06947368978364239
2025-06-18,487,0.785132939456928,0.9399719335530506,-0.1548389940961227
2025-06-20,488,0.7455466219489963,0.7586739709766999,-0.01312734902770359
2025-06-23,489,0.7855052294429364,0.793663173390077,-0.008157943947140534
2025-06-24,484,0.6595703026794141,0.6626211706242751,-0.0030508679448611165
2025-06-25,466,0.6904674218168471,0.7024422986898556,-0.011974876873008555
2025-06-26,461,0.834447200272073,0.8419516914349714,-0.007504491162898505
2025-06-27,466,0.9184157526541304,0.9485754009987922,-0.030159648344661734
2025-06-30,476,0.9046762073281683,0.9425533802621807,-0.037877172934012396
2025-07-01,479,0.6776900350270397,0.6599703079744389,0.0177197270526007
2025-07-02,478,0.5841817733454908,0.54358051245186,0.04060126089363091
2025-07-03,487,0.6498107388716375,0.571819939897254,0.07799079897438355
2025-07-07,484,0.7656252584533824,0.7689510655586812,-0.003325807105298845
2025-07-08,485,0.6430856342073045,0.6375038847863709,0.00558174942093366
2025-07-09,485,0.6198639367063309,0.6057153991125268,0.014148537593804042
2025-07-10,487,0.8194294624138231,0.7566642587159977,0.06276520369782539
2025-07-11,489,0.6687199899206738,0.6540312030119878,0.014688786908686089
2025-07-14,489,0.6018360968512094,0.5991720000140356,0.002664096837173843
2025-07-15,488,0.6545406762280609,0.684531502278566,-0.029990826050505077
2025-07-16,484,0.6150153745476071,0.624771774432264,-0.009756399884656859
2025-07-17,482,0.7163684144537014,0.721251436139465,-0.004883021685763569
2025-07-18,488,0.8354336242787856,0.8774183902069583,-0.041984765928172706
2025-07-21,491,0.9816540908235085,1.0111809388045292,-0.02952684798102059
2025-07-22,491,0.8800081528614261,0.9020240095092613,-0.02201585664783529
2025-07-23,492,0.7620100160086253,0.754871702269181,0.007138313739444286
2025-07-24,492,0.6913153756249826,0.6901889429198964,0.0011264327050862129
2025-07-25,493,0.9146851883616848,0.8842545348377232,0.030430653523961505
2025-07-28,483,1.1630249594318225,1.1275904276823014,0.035434531749521124
2025-07-29,475,1.314939446166529,1.2326633877178068,0.08227605844872184
2025-07-30,474,1.0391889270769503,1.0097880191106259,0.02940090796632444
2025-07-31,480,0.8533678002817963,0.8560988455811926,-0.002731045299396442
2025-08-01,488,0.8643973594809521,0.8785932826375503,-0.014195923156598263
2025-08-04,488,0.8620872736616129,0.8636212563490119,-0.001533982687399016
2025-08-05,483,0.8737021916906402,0.8763964519276467,-0.0026942602370064886
2025-08-06,477,0.8321018551980937,0.8239277069994952,0.008174148198598406
2025-08-07,477,0.7808929014413658,0.7783819745926879,0.0025109268486780047
2025-08-08,479,0.9207224139513557,0.922752320061127,-0.0020299061097712985
2025-08-11,475,0.9022977196011789,0.8586490707400286,0.04364864886115028
2025-08-12,455,0.695021136726368,0.6955974003385548,-0.0005762636121867888
2025-08-13,449,0.6583770580882524,0.6767409189297336,-0.018363860841481186
2025-08-14,454,0.5791310481969493,0.5812323341204488,-0.00210128592349947
2025-08-15,471,0.5394731661639492,0.5439346674584887,-0.004461501294539474
2025-08-18,479,0.6026404852673309,0.6025485976298873,9.188763744357747e-05
2025-08-19,478,0.603775346621135,0.6146714505012132,-0.010896103880078199
2025-08-20,479,0.6745138641086512,0.6821097139023974,-0.007595849793746225
2025-08-21,481,0.7940901644915742,0.8525249193427328,-0.05843475485115864
2025-08-22,488,0.6421010346656661,0.6656372922164532,-0.023536257550787122
2025-08-25,489,0.6553299630806381,0.6827555480819749,-0.02742558500133684
2025-08-26,474,0.540381650865701,0.5704932331692486,-0.030111582303547563
2025-08-27,450,0.650011705046157,0.6254680596700252,0.024543645376131833
2025-08-28,446,0.6843951426757467,0.6697987428834122,0.014596399792334453
2025-08-29,456,0.615484357283104,0.6230604020004293,-0.007576044717325323
2025-09-02,462,0.7168599219801154,0.7403359582481888,-0.02347603626807335
2025-09-03,465,0.725723630827241,0.7796199038316725,-0.05389627300443149
2025-09-04,468,0.6719986779787828,0.6723771887906764,-0.00037851081189367873
2025-09-05,478,0.8161386426051556,0.8016987298282492,0.014439912776906347
2025-09-08,479,0.7719066523445967,0.7906159865530121,-0.018709334208415546
2025-09-09,475,0.7472523613295181,0.8306472494942438,-0.08339488816472587
2025-09-10,459,0.6439111420472858,0.6623052071623942,-0.018394065115108337
2025-09-11,455,0.7256358889195113,0.6645305307725559,0.06110535814695543
2025-09-12,461,0.596605316296069,0.6033712305606009,-0.006765914264531823
2025-09-15,482,0.6410810136704121,0.690333067488461,-0.04925205381804895
2025-09-16,488,0.6697039096549019,0.7035971679655193,-0.03389325831061739
2025-09-17,486,0.7610533203417,0.8102526296489303,-0.04919930930723033
2025-09-18,489,0.6028815954085917,0.6184326892641292,-0.015551093855537546
2025-09-19,490,0.6599906786611779,0.6737496074180858,-0.013758928756907806
2025-09-22,492,0.7589625455015749,0.737619531685689,0.021343013815886
2025-09-23,486,0.6230408769746768,0.6274632547443474,-0.004422377769670643
2025-09-24,485,0.5581375728694216,0.5744096705109735,-0.016272097641551984
2025-09-25,464,0.7117947850872902,0.7310965562219461,-0.019301771134655886
2025-09-26,461,0.910443266599563,0.9352697529899693,-0.0248264863904064
2025-09-29,460,0.883822763610642,0.8939917907798767,-0.010169027169234698
2025-09-30,475,0.7619558050144662,0.7724160124379834,-0.010460207423517234
2025-10-01,482,0.6834944096795895,0.708543683601151,-0.025049273921561664
2025-10-02,483,0.6705052281905663,0.6579195898699499,0.01258563832061648
2025-10-03,492,0.7552669342692061,0.7450672630657829,0.0101996712034232
2025-10-06,490,0.7341040279339642,0.7084574875561706,0.025646540377793632
2025-10-07,483,1.0392545549268457,0.9479804474907562,0.0912741074360896
2025-10-08,483,0.8314203991106143,0.7920430571594739,0.039377341951140454
2025-10-09,484,0.635751321372019,0.6376097994098218,-0.001858478037802732
2025-10-10,488,0.8845609637598593,0.9547122860506925,-0.07015132229083314
2025-10-13,487,0.7604630524705577,0.7643948459124079,-0.003931793441850118
2025-10-14,485,0.7220209094954426,0.7090176804706703,0.01300322902477236
2025-10-15,488,0.6330762012222864,0.6804709753148873,-0.047394774092600934
2025-10-16,488,0.802756002181431,0.880357688984248,-0.07760168680281714
2025-10-17,490,0.6626239685597948,0.671110744986805,-0.008486776427010298
2025-10-20,491,0.734246649268305,0.7269017344213828,0.007344914846922038
2025-10-21,489,0.76836384523638,0.7718127717573808,-0.0034489265210008516
2025-10-22,491,0.8745198655269251,0.8811601229796161,-0.00664025745269104
2025-10-23,491,0.844225128366451,0.8393713714969332,0.00485375686951782
2025-10-24,492,1.1394267006905425,1.0946599171844609,0.04476678350608158
2025-10-27,491,1.2882328372755718,1.2085651311629861,0.07966770611258557
2025-10-28,481,1.094607546334624,1.0747240282251305,0.019883518109493837
2025-10-29,476,0.9353733671213171,0.9234403113326073,0.01193305578870991
2025-10-30,475,0.8062904051372005,0.7841324151695996,0.022157989967600804
2025-10-31,482,0.8324574485445648,0.857978425203349,-0.025520976658784156
2025-11-03,489,0.9574493253681718,0.9802849460803227,-0.022835620712150895
2025-11-04,481,0.8805374290328283,0.8819840285705041,-0.0014465995376756425
2025-11-05,475,0.8192778847435448,0.8279891801124154,-0.008711295368870612
2025-11-06,475,0.8498660025557535,0.8426980925143266,0.007167910041426766
2025-11-07,479,0.6634901634170727,0.6727769858609879,-0.009286822443915248
2025-11-10,479,0.7828935433778129,0.7862455469368218,-0.003352003559008876
2025-11-11,456,0.7090402996388993,0.7136389873339493,-0.0045986876950500485
2025-11-12,445,1.0873993281778636,1.0615882901075002,0.02581103807036306
2025-11-13,450,0.7964285168932154,0.7733886862598998,0.02303983063331555
2025-11-14,465,0.7684363000223966,0.8013633291779102,-0.03292702915551361
2025-11-17,477,0.7437999017049239,0.7331501713574893,0.010649730347434713
2025-11-18,474,0.7410739493304394,0.7314551170269742,0.009618832303465169
2025-11-19,476,0.7450627590492727,0.7736108598975173,-0.028548100848244516
2025-11-20,477,1.3356848527027827,1.1977800614018042,0.1379047913009786
2025-11-21,481,0.9066144764756782,0.8099026111950786,0.09671186528059957
2025-11-24,474,0.8214226982816485,0.9036287214086656,-0.08220602312701705
2025-11-25,458,0.6045705733471712,0.5954326423518265,0.009137930995344786
2025-11-26,457,0.6674617867069101,0.6502806747375736,0.0171811119693366
2025-11-28,463,0.8074327396387411,0.8302826451382314,-0.02284990549949032
2025-12-01,478,0.7891431442975678,0.8081458876824175,-0.019002743384849616
2025-12-02,463,0.8367594050472604,0.8607386034644721,-0.02397919841721157
2025-12-03,465,0.7713446291606727,0.7677378873431558,0.003606741817516793
2025-12-04,468,0.796147769771697,0.7817890847041846,0.01435868506751231
2025-12-05,482,0.804649809906783,0.8043985069158186,0.00025130299096443336
2025-12-08,485,0.8939745067303851,0.9038423236809402,-0.009867816950555046
2025-12-09,479,0.8901182651107387,0.9078462198086159,-0.0177279546978773
2025-12-10,462,0.8554550085374324,0.8562818069414012,-0.0008267984039686953
2025-12-11,457,0.7716901483143161,0.7656491700145126,0.006040978299803566
2025-12-12,461,0.686414901813343,0.6818577516514835,0.004557150161859465
2025-12-15,480,0.6214087306240875,0.6065746799491784,0.014834050674909121
2025-12-16,482,0.5780833773483783,0.5838100033190871,-0.00572662597070877
2025-12-17,484,0.7571143249712415,0.7822091876134716,-0.025094862642229987
2025-12-18,486,0.6300875488343769,0.6433226126830648,-0.0132350638486879
2025-12-19,490,0.48120499255920035,0.6023507458117706,-0.12114575325257022
2025-12-22,485,0.41311022087316596,0.3993697225604076,0.013740498312758375
2025-12-23,482,0.3994924178113322,0.3736172109631882,0.02587520684814408
2025-12-24,481,0.44051786717386315,0.38248480278729563,0.058033064386567516
2025-12-26,471,0.5393620504593567,0.4613899684190686,0.07797208204028819
2025-12-29,458,0.588281168913388,0.5679359759691097,0.020345192944278372
2025-12-30,457,0.7761529530332558,0.7788709046395352,-0.0027179516062794417
2025-12-31,471,1.2456261945583513,1.2569938320745968,-0.011367637516245664
2026-01-02,488,0.9289905272841725,0.9487484067809896,-0.019757879496816986
2026-01-05,491,0.7500365712186544,0.7628913361912464,-0.012854764972591944
2026-01-06,488,0.7458753443736247,0.7462265642960959,-0.00035121992247129943
2026-01-07,485,0.9043635479324679,0.902600407817425,0.0017631401150427232
2026-01-08,484,0.8936704261063645,0.8978639632702531,-0.004193537163888574
2026-01-09,489,0.8552494336757381,0.8606287452615325,-0.005379311585794421
2026-01-12,489,0.8261152300781333,0.8352160305436505,-0.009100800465517162
2026-01-13,483,0.7560973803598741,0.7627237844105887,-0.006626404050714704
2026-01-14,480,0.823304704002193,0.7992557001183186,0.024049003883874508
2026-01-15,482,0.7909511524122587,0.7797518241365318,0.011199328275726762
2026-01-16,487,0.7679034979538776,0.7713143757418264,-0.003410877787948904
2026-01-20,488,0.7285321164961723,0.7604960329927593,-0.03196391649658692
2026-01-21,490,0.649933027918057,0.6536206403214778,-0.003687612403420863
2026-01-22,492,0.7703161772196808,0.7851815159449222,-0.014865338725241449
2026-01-23,493,0.8627887005156756,0.8658217238098364,-0.0030330232941606547
2026-01-26,490,1.0424335142633283,1.0363539498967225,0.006079564366605838
2026-01-27,481,0.9221404343557432,0.9125748539799401,0.009565580375803105
2026-01-28,479,0.9753829146112095,0.9813184260285733,-0.005935511417363741
2026-01-29,480,1.2723625964999956,1.2499999261505352,0.022362670349460365
2026-01-30,486,1.6153940348790226,1.5694652306435701,0.04592880423545228
2026-02-02,489,1.7224437091194331,1.6763980909535054,0.04604561816592783
2026-02-03,484,1.2938793799687693,1.267210142563003,0.026669237405766353
2026-02-04,481,1.0963249548112748,1.0703238348934465,0.026001119917828358
2026-02-05,478,1.2693939995976902,1.290951518171888,-0.021557518574198072
2026-02-06,480,1.1509142174659215,1.139015909691915,0.011898307774006233
2026-02-09,483,1.4450759338384167,1.4439464583556363,0.0011294754827806265
2026-02-10,464,1.3092191669447057,1.3036289432938108,0.005590223650895021
2026-02-11,452,0.9919095372348514,0.9885599603475018,0.003349576887349568
2026-02-12,449,0.897805228914618,0.9800290452346854,-0.08222381632006738
2026-02-13,467,0.7907532034215924,0.7980864898467213,-0.007333286425128812
2026-02-17,477,0.7838410974269974,0.7826371832836927,0.0012039141433046261
2026-02-18,475,0.9511397808063398,0.9843132086335793,-0.0331734278272396
2026-02-19,476,0.8157774161371055,0.8382179427002995,-0.022440526563193907
2026-02-20,477,0.7884839059136722,0.7931375128108553,-0.004653606897183005
2026-02-23,483,0.9571554546193649,0.9405553784890274,0.016600076130337447
2026-02-24,469,0.9107871677427912,0.8845173393742765,0.026269828368514766
2026-02-25,458,1.002523568579801,0.9847714088966715,0.0177521596831296
2026-02-26,456,1.0244720218787968,1.0418784473273042,-0.017406425448507398
2026-02-27,467,0.8837350599554322,0.9131221245561482,-0.029387064600715884
2026-03-02,477,1.125190451388761,1.1556967082506495,-0.030506256861888438
2026-03-03,460,1.1095541711723056,1.1015737410611823,0.007980430111123383
2026-03-04,456,0.9604389356765551,1.0295208879766056,-0.06908195230005058
2026-03-05,450,0.873237259520458,0.8423151218858005,0.030922137634657502
2026-03-06,463,0.9437219031463421,0.9710021424952114,-0.027280239348869383
2026-03-09,473,1.2078730872949495,1.3041319574910881,-0.09625887019613882
2026-03-10,465,1.0318891988931493,1.1159782053137415,-0.08408900642059217
2026-03-11,458,0.7387403320836413,0.8065718093795496,-0.06783147729590838
2026-03-12,451,0.7144497647735558,0.7018262289981773,0.012623535775378579
2026-03-13,472,0.7032749699696893,0.706112829134236,-0.002837859164546828
2026-03-16,483,0.8158374681392689,0.8272967848656689,-0.011459316726400026
2026-03-17,488,1.097235650182947,1.1236875756639166,-0.026451925480969675
2026-03-18,487,0.7113489405565655,0.7571082479447893,-0.04575930738822372
2026-03-19,488,0.8071003336745047,0.8444842402768578,-0.03738390660235306
2026-03-20,489,0.9724743599248556,0.9359099234608653,0.03656443646399036
2026-03-23,490,0.7629964943892424,0.8301532869269255,-0.06715679253768309
2026-03-24,488,0.9118812250106639,1.0261830101172098,-0.11430178510654608
2026-03-25,489,1.171132452725724,1.2164477002842324,-0.04531524755850862
2026-03-26,467,0.5956109921885333,0.6622720258810911,-0.06666103369255777
2026-03-27,466,1.0084136587331243,0.9141576420891335,0.0942560166439908
2026-03-30,458,1.1721114772691452,1.091759896758782,0.08035158051036313
2026-03-31,477,0.7366430648034719,0.7604630875853375,-0.023820022781865496
2026-04-01,480,0.6843625108896116,0.7123188061565254,-0.027956295266913726
2026-04-02,490,1.0324586953039492,1.0942156571468586,-0.06175696184290942
2026-04-06,488,1.2082218542472634,1.2509030303084065,-0.042681176061143265
2026-04-07,485,1.2731679131836515,1.3436622312941326,-0.07049431811048126
2026-04-08,484,0.7354842959125618,0.7532195225516414,-0.017735226639079532
2026-04-09,488,0.8111335065418003,0.7966130388981377,0.014520467643662438
2026-04-10,489,1.1020438482388302,1.0688230437675363,0.033220804471293906
2026-04-13,488,0.8209908351151823,0.8011174002460019,0.019873434869180483
2026-04-14,486,0.8396693886395709,0.806912140719053,0.03275724792051783
2026-04-15,487,0.8571832736722443,0.829909571773108,0.02727370189913634
2026-04-16,488,0.8270425924764857,0.813079494670406,0.013963097806079797
2026-04-17,488,0.9136111951460977,0.9186815183984395,-0.0050703232523418
2026-04-20,491,1.0617859565396601,1.0891072567626643,-0.02732130022300413
2026-04-21,491,1.035055509873743,1.0417785440409106,-0.006723034167167624
2026-04-22,494,0.9065426652462122,0.9104190648225741,-0.0038763995763619143
2026-04-23,494,0.8387408950075483,0.8267013679478338,0.012039527059714603
2026-04-24,493,1.0030242782397552,1.0326353335688974,-0.029611055329142467
2026-04-27,487,1.0172534945272356,1.0157085245844784,0.0015449699427572694
2026-04-28,482,0.9948012854470903,1.0036489835719458,-0.008847698124855285
2026-04-29,477,0.9196930468622696,0.9210634243907234,-0.0013703775284539712
2026-04-30,480,0.9353830706799456,0.9537058997557284,-0.01832282907578272
2026-05-01,485,1.1139151627218213,1.114678743572073,-0.0007635808502520129
2026-05-04,490,1.1786890362624716,1.1582830502754227,0.020405985987048764
2026-05-05,480,1.3032923495941826,1.306799638021314,-0.0035072884271314777
2026-05-06,475,1.1266294677002076,1.1883235826374121,-0.061694114937204315
2026-05-07,473,0.9851796512438725,0.9915802580398657,-0.006400606795993199
2026-05-08,480,1.0095272683984393,0.9804815102238057,0.029045758174633778
2026-05-11,479,0.8027768775046186,0.832272988296933,-0.02949611079231446
2026-05-12,457,0.8803871759855255,0.9332296434138991,-0.052842467428373785
2026-05-13,452,0.9767822096871851,0.9867121661245137,-0.009929956437328594
2026-05-14,455,1.0304721897557596,1.0569629886189003,-0.026490798863140548
2026-05-15,475,0.8180870771565921,0.8268681302965574,-0.008781053139965165
2026-05-18,481,0.8163637650215003,0.8035533084280385,0.01281045659346178
2026-05-19,465,1.0989285092225405,1.046798865022903,0.05212964419963763
2026-05-20,467,0.9847855568797304,0.976803988617083,0.007981568262647447
2026-05-21,469,0.9500924451564606,0.9442529955787555,0.0058394495777050895
2026-05-22,486,1.042811662379815,1.0318617164098811,0.010949945969933959
2026-05-26,473,1.225347059302091,1.22411034139507,0.0012367179070207563
2026-05-27,456,1.5242406706194633,1.514810825404797,0.00942984521466651
2026-05-28,456,1.1951238389945729,1.2041719290647284,-0.009048090070155728
2026-05-29,468,1.0327812726541676,1.0353934091675603,-0.0026121365133927313
2026-06-01,482,1.0341528710958048,1.0385918296004566,-0.004438958504651849
2026-06-02,466,1.1027840267121536,1.0841617210793326,0.0186223056328209
2026-06-03,465,0.8845994572941326,0.9079626104145435,-0.02336315312041089
2026-06-04,466,0.9732289627708693,0.9956623556309319,-0.022433392860062476
2026-06-05,478,0.8245254350400146,0.834333690568981,-0.009808255528966246
2026-06-08,481,0.9088016157655061,0.9037088720507203,0.005092743714785877
2026-06-09,475,0.8169669881757188,0.8130283906677992,0.003938597507919435
2026-06-10,453,1.3831312052318758,1.3533234345608762,0.029807770670999708
2026-06-11,449,0.8787458935233653,0.8830731251386494,-0.0043272316152842
2026-06-12,458,1.0482516529398824,1.0698503026314328,-0.021598649691550533
2026-06-15,483,0.9138400300231101,0.9368097300121719,-0.022969699989061867
2026-06-16,485,1.1169260297450996,1.099972895889737,0.016953133855362183
2026-06-17,485,0.7798240016529328,0.8003474700629034,-0.020523468409970682
2026-06-18,486,0.9529679329569011,0.9636733484806974,-0.010705415523796346
2026-06-22,487,1.133523714029171,1.115152388099406,0.018371325929764933
2026-06-23,485,1.1902248208810549,1.1590666291974896,0.03115819168356532
2026-06-24,485,0.9910930967613931,0.9811831960501944,0.009909900711198688
2026-06-25,467,0.9705672069307557,0.9722020992504108,-0.0016348923196550064
2026-06-26,464,0.9939718744672453,0.9913296673087094,0.0026422071585359102
2026-06-29,460,1.2120901311765988,1.188257635829703,0.02383249534689581
2026-06-30,475,1.2394258962911906,1.213404656115162,0.026021240176028804
2026-07-01,480,1.017759515041551,1.0140144125953823,0.0037451024461687106
2026-07-02,485,0.8967408946853778,0.8825521632333463,0.01418873145203146
2026-07-06,488,0.7788228282877914,0.7731284679729463,0.0056943603148450215
2026-07-07,483,0.7621537083093564,0.7578071447754492,0.004346563533907156
2026-07-08,484,0.7064523927046882,0.7008897111763281,0.005562681528359978
2026-07-09,488,0.715937338247246,0.729641672641739,-0.01370433439449299
2026-07-10,491,0.8117874350268061,0.8395199294364764,-0.027732494409670266
2026-07-13,492,0.8890118468038815,0.8957183355604988,-0.006706488756617371
2026-07-14,488,0.9405841240093833,0.9584599747703757,-0.017875850760992407
2026-07-15,488,0.8271149448379975,0.8516651934232096,-0.024550248585212046
2026-07-16,486,0.9464308280852147,0.9228928143549547,0.023538013730260012
2026-07-17,488,0.8784208554438517,0.88651462205583,-0.008093766611978269
2026-07-20,491,1.0454180010812473,1.061186943498387,-0.015768942417139508
2026-07-21,488,0.9736219220466282,0.9855194441010113,-0.01189752205438312
2026-07-22,489,1.1353556189252576,1.0992710278369664,0.036084591088291505
2026-07-23,489,1.8734302175803923,1.7959720252506375,0.07745819232975465
2026-07-24,493,1.6212586532028275,1.6186004977631625,0.002658155439664936
2026-07-27,492,1.0130806407025104,1.0128797835318128,0.00020085717069741644
2026-07-28,484,1.179731388089958,1.144872613830508,0.034858774259450005
2026-07-29,477,1.3810271821662912,1.3189401646117738,0.062087017554517294
2026-07-30,477,1.2875828801580782,1.2026846235759239,0.08489825658215422
2026-07-31,485,1.201865739684648,1.1604730236462746,0.04139271603837322
2026-08-03,492,0.9535312797135015,0.9511792162771469,0.0023520634363545716
2026-08-04,485,0.8619162354008365,0.8654754210226234,-0.0035591856217869794
2026-08-05,480,0.9275450588916924,0.9299374372702117,-0.002392378378519313
2026-08-06,478,0.8339440311153266,0.8217469397841825,0.012197091331144126
2026-08-07,480,0.802198430819493,0.8024738737775929,-0.00027544295809981523
2026-08-10,480,0.8028507877155225,0.7766843154891687,0.02616647222635381
2026-08-11,458,0.7856885831718645,0.7681148835726286,0.017573699599235937
2026-08-12,455,0.7050495796629849,0.7178615550562971,-0.012811975393312256
2026-08-13,455,0.764517144252242,0.7906495746906167,-0.026132430438374675
2026-08-14,469,1.0864591295733916,1.0781130909866876,0.008346038586703885
2026-08-17,473,1.218409381640145,1.1952422139942354,0.023167167645909387
2026-08-18,471,1.1317582706387554,1.1292519564141081,0.002506314224647341
2026-08-19,475,0.7555471003375069,0.7853222466254528,-0.029775146287945833
