origin_trading_day,rows,baseline_loss,candidate_loss,loss_delta_baseline_minus_candidate
2020-05-06,451,1.3426134682387794,1.6326140875002297,-0.2900006192614503
2020-05-07,461,0.954096427686827,1.3581617039410283,-0.40406527625420124
2020-05-08,465,2.3244857846667513,2.0232853566310602,0.30120042803569125
2020-05-11,451,1.4099595602648396,1.4858852742836157,-0.07592571401877614
2020-05-12,443,0.8050807429734874,1.1014862191544426,-0.2964054761809552
2020-05-13,447,2.652761091665509,2.897216856327419,-0.24445576466190963
2020-05-14,454,1.5786032275388377,2.0863033594845,-0.5077001319456623
2020-05-15,459,2.3253189453669116,1.8917421348416958,0.4335768105252158
2020-05-18,453,0.7854963527350052,1.1672687716841101,-0.381772418949105
2020-05-19,455,0.8120628501627372,1.1842742475566366,-0.37221139739389936
2020-05-20,456,1.3663179355525932,1.9652227921413647,-0.5989048565887714
2020-05-21,460,2.1872068429178593,1.7937887318217915,0.39341811109606784
2020-05-22,454,1.7766998758338304,1.4847106817995521,0.29198919403427814
2020-05-26,444,1.0274335335929732,1.2908926142150112,-0.2634590806220381
2020-05-27,443,0.9062258742863618,1.3438590661677468,-0.437633191881385
2020-05-28,452,0.8745333205896266,1.256788041514139,-0.3822547209245122
2020-05-29,464,1.8816895394109514,2.4076018783665094,-0.5259123389555578
2020-06-01,456,1.8189760545819889,2.2887087885972983,-0.4697327340153095
2020-06-02,459,2.6070045649048463,2.971582104733744,-0.36457753982889785
2020-06-03,461,2.247572994320808,2.6772983196866003,-0.4297253253657927
2020-06-04,465,1.1586581113493957,1.3183088537124867,-0.15965074236309115
2020-06-05,466,1.027711146000464,1.2466385574457461,-0.2189274114452821
2020-06-08,453,4.0034812570967615,2.720349035715453,1.283132221381308
2020-06-09,439,2.336643760002122,2.0497892270078872,0.28685453299423513
2020-06-10,433,1.2641071709673442,1.380866544521783,-0.11675937355443872
2020-06-11,446,1.7531429096467726,2.1071636456817506,-0.3540207360349785
2020-06-12,469,0.8183643758061029,1.3811908398253048,-0.5628264640192017
2020-06-15,474,0.5863934618152026,1.1427033757035365,-0.556309913888334
2020-06-16,471,0.9251340811036913,1.4753173701777749,-0.5501832890740834
2020-06-17,470,0.6942456103249746,1.460942928722416,-0.7666973183974417
2020-06-18,471,0.6473859129644025,0.8939550921135205,-0.24656917914911808
2020-06-19,476,1.0600743417082403,1.1279992709766653,-0.06792492926842504
2020-06-22,474,0.8583573451021413,1.1285241528640975,-0.2701668077619561
2020-06-23,472,1.5072628961857661,1.6992558037385972,-0.191992907552831
2020-06-24,454,0.6182545436471044,1.1287001246020398,-0.5104455809549353
2020-06-25,448,0.6282943104893297,0.9382111877106099,-0.3099168772212802
2020-06-26,447,1.066557765295653,1.2735845109820554,-0.2070267456864021
2020-06-29,460,0.7892833136598986,0.9582910884276624,-0.1690077747677638
2020-06-30,466,0.7407922003869101,0.8918094995792681,-0.15101729919235804
2020-07-01,468,0.7251852487673497,0.9402578105172743,-0.21507256174992467
2020-07-02,473,0.7731557568191557,0.9542608598416573,-0.1811051030225016
2020-07-06,467,1.2056587364925138,1.3479504947527388,-0.14229175826022505
2020-07-07,467,0.6140464609202996,0.7845778176630793,-0.17053135674277983
2020-07-08,468,0.6772495868724333,1.0057465410482167,-0.32849695417578345
2020-07-09,472,1.183082108516414,1.002840046506735,0.18024206200967904
2020-07-10,472,1.3232962138308841,1.4405241012785974,-0.11722788744771304
2020-07-13,468,1.2300356545894766,1.632840391552138,-0.4028047369626612
2020-07-14,469,0.891720079271941,1.0673336064703347,-0.17561352719839388
2020-07-15,471,0.7661323616905982,0.9854591311407241,-0.21932676945012594
2020-07-16,473,0.6196122816051387,0.8874918218976741,-0.2678795402925353
2020-07-17,475,0.674069333301055,1.033784788091194,-0.35971545479013894
2020-07-20,471,0.9148456414998051,1.1436270477838677,-0.22878140628406243
2020-07-21,471,0.7214213151587319,0.8854441841249086,-0.16402286896617663
2020-07-22,472,0.695310256127785,0.9219489785023297,-0.22663872237454474
2020-07-23,473,0.6572548006350789,0.8161111438606935,-0.15885634322561457
2020-07-24,475,0.7641804237926809,0.9610717809409999,-0.1968913571483189
2020-07-27,467,0.8156856332727443,0.904752571264904,-0.0890669379921597
2020-07-28,457,0.8687106226921857,1.0558278691350993,-0.18711724644291375
2020-07-29,455,0.8482695594309143,0.9682842998512019,-0.12001474042028754
2020-07-30,463,0.7399691915225562,0.9799097785960131,-0.23994058707345683
2020-07-31,476,0.9023474335107082,1.0462211249704523,-0.14387369145974396
2020-08-03,470,0.9157981614047629,1.0594271414549608,-0.14362898005019775
2020-08-04,462,0.9901588342860818,1.029632094964711,-0.039473260678629295
2020-08-05,459,1.1735005579810165,1.147613562328098,0.02588699565291841
2020-08-06,464,1.2688063529280378,1.154369208911061,0.11443714401697656
2020-08-07,470,0.8396501330824214,0.8755629489043718,-0.03591281582195031
2020-08-10,448,0.6019858194155893,0.7117838014761576,-0.10979798206056833
2020-08-11,443,0.5784115571444861,0.7546361008584168,-0.1762245437139307
2020-08-12,442,0.6043779350087349,0.7463974054181483,-0.1420194704094134
2020-08-13,458,0.5800968352386456,0.7203080919713313,-0.14021125673268567
2020-08-14,459,0.6427619443749008,0.7216217602167154,-0.07885981584181459
2020-08-17,457,0.6999213123226685,0.7564437044742621,-0.05652239215159357
2020-08-18,461,0.6438353795331405,0.7437311412302096,-0.09989576169706892
2020-08-19,462,0.6327303763006987,0.7669104536518044,-0.13418007735110565
2020-08-20,466,0.6149867160735262,0.7702383250570356,-0.15525160898350931
2020-08-21,469,0.6785482569477662,0.8122341128829954,-0.13368585593522928
2020-08-24,466,0.6335852314673243,0.8123447503401926,-0.17875951887286837
2020-08-25,457,0.7271614654666599,0.8897802658697503,-0.16261880040309046
2020-08-26,442,0.626045796023802,0.7772231420371594,-0.15117734601335736
2020-08-27,443,0.6001094105634261,0.783301543229171,-0.18319213266574494
2020-08-28,448,0.700041414947118,0.9150178304862014,-0.2149764155390834
2020-08-31,451,0.665428138749564,0.7572976234253691,-0.09186948467580505
2020-09-01,459,1.0072581834839522,0.9762001744950142,0.03105800898893818
2020-09-02,458,1.954528672989652,1.4922358237487956,0.46229284924085645
2020-09-03,464,0.7234621593152977,0.7548269289089465,-0.03136476959364888
2020-09-04,458,0.9654642635888031,0.8316130517645028,0.13385121182430024
2020-09-08,462,0.6559500205610557,0.9204714317129705,-0.2645214111519148
2020-09-09,443,0.6720622063828644,0.9346213764104412,-0.2625591700275768
2020-09-10,442,0.8684220981520769,1.6186448947808665,-0.7502227966287894
2020-09-11,441,0.9279614726028187,1.511383554241363,-0.5834220816385443
2020-09-14,466,0.6360330297818938,0.7085143850809714,-0.07248135529907748
2020-09-15,470,0.8163415155418797,0.8080343184930943,0.008307197048785443
2020-09-16,472,1.3690434481928981,1.177351289107197,0.19169215908570092
2020-09-17,473,1.1774923102373789,1.0677967073452415,0.10969560289213756
2020-09-18,475,1.4683359454444262,1.2248803209079444,0.24345562453648203
2020-09-21,474,0.7515584913169627,0.7258135085179096,0.02574498279905323
2020-09-22,471,0.5889390812835191,0.647863012681102,-0.0589239313975828
2020-09-23,473,1.0593425244459265,0.972339303055407,0.08700322139051969
2020-09-24,456,0.8661541851986849,0.8340700302293413,0.03208415496934357
2020-09-25,451,0.6842271098663566,0.7666581479229203,-0.08243103805656386
2020-09-28,445,0.6749940619027928,0.8048097766656738,-0.12981571476288112
2020-09-29,462,0.7384960310460649,0.908174231818956,-0.16967820077289106
2020-09-30,466,0.8933022183693043,1.2080125613050292,-0.31471034293572486
2020-10-01,470,0.7674274651941687,0.8522774941632946,-0.08485002896912586
2020-10-02,472,0.9062396534980183,1.0214538746461068,-0.1152142211480885
2020-10-05,463,0.7766195412415468,0.9469630914836249,-0.17034355024207803
2020-10-06,463,1.0663325287816372,1.2148355122916907,-0.14850298351005342
2020-10-07,464,0.8248067871946769,1.000592043627323,-0.17578525643264606
2020-10-08,478,0.7611065712715693,0.8426045136677991,-0.0814979423962297
2020-10-09,476,0.6306457590251519,0.773758638111197,-0.1431128790860451
2020-10-12,471,0.670221677801764,0.738643883627277,-0.06842220582551294
2020-10-13,469,0.6013508630987213,0.731674329885942,-0.13032346678722062
2020-10-14,473,0.6859513274391831,0.7128527654189708,-0.026901437979787658
2020-10-15,476,0.6415330225308938,0.6901857123635499,-0.04865268983265597
2020-10-16,476,0.7238753390145793,0.7263381971264811,-0.0024628581119017705
2020-10-19,472,0.9159938365588007,0.9753374896639629,-0.059343653105162236
2020-10-20,473,0.7724251969124787,0.7865234217186812,-0.0140982248062026
2020-10-21,474,0.7106165853927268,0.8204026001264595,-0.1097860147337327
2020-10-22,475,1.096554539243357,1.184373627973082,-0.08781908872972512
2020-10-23,476,2.310646565350755,2.141861661310799,0.16878490403995577
2020-10-26,468,1.249796627529942,1.0909739240794938,0.1588227034504482
2020-10-27,460,1.111005842802358,0.9924401537800598,0.11856568902229817
2020-10-28,459,1.311855698251241,1.761716296409041,-0.4498605981578
2020-10-29,466,1.499738715199837,1.8970345685774344,-0.3972958533775975
2020-10-30,476,1.7457858814114784,2.454426144445411,-0.7086402630339326
2020-11-02,466,1.8229633149954012,2.1187472308192907,-0.29578391582388974
2020-11-03,461,1.4655386095870309,1.6377788417665122,-0.1722402321794816
2020-11-04,453,2.9985471702647155,3.1721587467963137,-0.1736115765315982
2020-11-05,457,2.629092289548198,2.6842866177030826,-0.05519432815488417
2020-11-06,464,2.3199434309267493,2.3166718030271736,0.003271627899575282
2020-11-09,455,0.8557115100131191,0.8875811659218136,-0.03186965590869457
2020-11-10,450,0.6765865367987932,0.7676690287655867,-0.09108249196679348
2020-11-11,448,0.980557556270895,0.9853809073288105,-0.004823351057915407
2020-11-12,457,1.3860812947729826,1.4374248204527926,-0.05134352567980984
2020-11-13,462,0.7987236331328234,0.8324351109202673,-0.03371147778744398
2020-11-16,454,0.8052451052778433,0.8470778603123492,-0.04183275503450593
2020-11-17,460,0.719425916928797,0.7818761665424264,-0.06245024961362948
2020-11-18,462,0.7988415909247212,0.8345102682635139,-0.03566867733879279
2020-11-19,467,1.2441854210475864,1.254530194485026,-0.010344773437439678
2020-11-20,466,1.176931889503622,1.0951150739172253,0.08181681558639671
2020-11-23,458,0.6774225462421112,0.7606780127907122,-0.08325546654860101
2020-11-24,448,0.9124770354788546,0.9346388378406871,-0.022161802361832506
2020-11-25,441,0.6890335801284578,0.7626369731865893,-0.07360339305813146
2020-11-27,449,0.6296069825377762,0.697598712551218,-0.06799173001344169
2020-11-30,447,0.8829056893597185,0.9157186301883028,-0.032812940828584276
2020-12-01,454,1.0363474544366655,0.9776781227554411,0.05866933168122463
2020-12-02,459,0.7445644824455607,0.7662676549907124,-0.021703172545151608
2020-12-03,471,0.6759353789109905,0.7260187101126452,-0.05008333120165464
2020-12-04,468,0.5882025522242834,0.6492858647715991,-0.06108331254731564
2020-12-07,459,0.6531035093096539,0.7044451730784161,-0.05134166376876229
2020-12-08,459,0.645309942129429,0.6854022685167841,-0.040092326387355104
2020-12-09,444,0.6948163445271938,0.7641921828143118,-0.069375838287118
2020-12-10,446,0.5907697483830959,0.7387657033267993,-0.14799595494370335
2020-12-11,449,0.6253707682904044,0.750059468124052,-0.1246886998336476
2020-12-14,465,0.7635251044507274,0.9591582151381415,-0.19563311068741412
2020-12-15,465,0.6921322887564574,0.8014775236227579,-0.10934523486630063
2020-12-16,465,0.6517526935797566,0.7627309697405554,-0.11097827616079892
2020-12-17,466,0.7650137019398454,0.7877904242875536,-0.022776722347708236
2020-12-18,472,0.6127167175732199,0.741917225240124,-0.12920050766690416
2020-12-21,467,0.459986365629179,0.6407765321131457,-0.1807901664839667
2020-12-22,472,0.5953686135467516,0.7109215127862557,-0.11555289923950422
2020-12-23,473,0.4978078325676213,0.6368508298846928,-0.13904299731707162
2020-12-24,462,0.49378917977948505,0.5918590776212991,-0.09806989784181398
2020-12-28,451,0.47640640931788725,0.6288511227921749,-0.15244471347428756
2020-12-29,446,0.5759185002893207,0.6484752175258526,-0.0725567172365318
2020-12-30,462,0.6460234300688998,0.7169420075236485,-0.07091857745474864
2020-12-31,472,1.2171535291630347,1.2847467651124844,-0.06759323594944958
2021-01-04,465,1.6606401957137842,1.8306024220101096,-0.16996222629632537
2021-01-05,463,1.2722310374174342,1.3274037742999498,-0.05517273688251592
2021-01-06,464,0.7741818188449641,0.9113263978074941,-0.13714457896253013
2021-01-07,476,0.739227955391781,0.9114421201210829,-0.17221416472930198
2021-01-08,478,0.7465344007396308,0.8366521820200075,-0.09011778128037681
2021-01-11,473,0.9276158015030883,1.0210099379044493,-0.09339413640136082
2021-01-12,471,0.8091781328215772,0.847774576364031,-0.03859644354245364
2021-01-13,468,0.7167633293568397,0.7955887602406622,-0.07882543088382249
2021-01-14,473,0.7385255435017306,0.8545867198002596,-0.11606117629852895
2021-01-15,468,0.7496847163432058,0.8910026066638947,-0.1413178903206889
2021-01-19,472,0.7199229640990906,0.8090254857141405,-0.08910252161504989
2021-01-20,472,0.7953929257013611,0.8236240034465651,-0.028231077745203944
2021-01-21,478,0.9041722855792946,0.9545623153709931,-0.05039002979169865
2021-01-22,479,1.6022294736492084,1.446498916707037,0.1557305569421714
2021-01-25,473,0.8881918058281094,0.9447276541074643,-0.05653584827935498
2021-01-26,461,1.1439727035607796,0.9929326342311918,0.15104006932958794
2021-01-27,460,0.9552942068021701,1.137280923470224,-0.1819867166680536
2021-01-28,464,0.7799975430935088,1.0637804477724415,-0.28378290467893275
2021-01-29,477,1.1442579338625993,1.2142437907193253,-0.06998585685672583
2021-02-01,468,1.2255219589803468,1.252220544441786,-0.026698585461439352
2021-02-02,466,1.0012226999816098,1.0104974984850594,-0.009274798503449543
2021-02-03,461,1.1523910162509676,1.335463159418414,-0.18307214316744627
2021-02-04,465,0.7669341526197777,0.9767830843270998,-0.20984893170732205
2021-02-05,466,0.7184721079442918,0.9288554846582295,-0.21038337671393775
2021-02-08,451,0.7060417036249506,0.8891814389877687,-0.18313973536281813
2021-02-09,449,0.787213392782826,0.8651629785554207,-0.07794958577259462
2021-02-10,444,0.8343783980456769,0.9091752656478339,-0.07479686760215701
2021-02-11,458,0.7639163283144755,0.8310437058602591,-0.06712737754578352
2021-02-12,458,0.7672686494124076,0.7717218102962659,-0.004453160883858177
2021-02-16,455,0.6659876597901337,0.7529854699671066,-0.08699781017697295
2021-02-17,458,0.9386989821569585,0.9358103425412277,0.002888639615730739
2021-02-18,461,1.1703529841828386,1.13362961299512,0.03672337118771857
2021-02-19,469,1.2506467370605974,1.243558247669318,0.0070884893912792814
2021-02-22,456,0.7972297281045368,0.8268022219004002,-0.02957249379586335
2021-02-23,444,0.8355348882390491,0.8428052901333459,-0.007270401894296796
2021-02-24,444,0.6877951991828305,0.7367310989084889,-0.04893589972565845
2021-02-25,457,0.7181900377456788,0.8308803909498654,-0.11269035320418669
2021-02-26,468,0.8782388762903227,1.0807839273923208,-0.20254505110199802
2021-03-01,459,1.3543038750534278,1.3077336217859201,0.046570253267507584
2021-03-02,453,1.0563378083823765,1.0209167851644145,0.035421023217961756
2021-03-03,457,1.251486453679387,1.3364973531585924,-0.08501089947920511
2021-03-04,451,1.0645631118583572,1.3097443627506786,-0.2451812508923215
2021-03-05,459,0.8243271511499959,0.9860967377950595,-0.16176958664506347
2021-03-08,448,1.0565843363161147,1.1897444942927378,-0.13316015797662292
2021-03-09,442,0.8728734760626394,1.0193014708815016,-0.14642799481886223
2021-03-10,435,0.8954893434756949,1.0461288088811407,-0.15063946540544568
2021-03-11,438,0.661738623774316,0.9938831648632065,-0.3321445410888903
2021-03-12,460,0.6592909529055982,0.7580877584711311,-0.09879680556553287
2021-03-15,464,0.8075419136365791,0.7698786949400442,0.03766321869653488
2021-03-16,471,0.7090946541995627,0.7401024532998793,-0.031007799100316622
2021-03-17,472,0.7572463831985183,0.7671255620489954,-0.009879178850477037
2021-03-18,475,0.8799315503031723,0.8879273604851163,-0.007995810181944119
2021-03-19,477,0.8309570852998478,0.8614048828349657,-0.0304477975351179
2021-03-22,474,0.7102370380600191,0.7614549334644163,-0.051217895404397085
2021-03-23,473,1.1860013483446186,1.5010250915535674,-0.31502374320894894
2021-03-24,476,0.9452849365537684,1.3003151287629842,-0.35503019220921567
2021-03-25,461,0.6218392240743743,0.6858025751313048,-0.06396335105693061
2021-03-26,452,0.49851346997990964,0.5828411874148692,-0.08432771743495948
2021-03-29,449,0.7305962262580905,0.8279170077018114,-0.09732078144372097
2021-03-30,462,0.8385989976224206,0.960516496430977,-0.12191749880855654
2021-03-31,469,0.740789099497109,0.9888621228713196,-0.24807302337421053
2021-04-01,471,0.5003458271988642,0.601889870347691,-0.10154404314882687
2021-04-05,466,0.47364142151435457,0.5510997913799347,-0.07745836986558023
2021-04-06,467,0.48173057282809323,0.5829001728431753,-0.10116960001508207
2021-04-07,467,0.5497267926168549,0.7128734241693838,-0.1631466315525289
2021-04-08,478,0.505291808553323,0.6450190820992651,-0.13972727354594203
2021-04-09,476,0.4880657600612619,0.5555806268242615,-0.06751486676299955
2021-04-12,473,0.5416867115135536,0.6693744839182257,-0.12768777240467202
2021-04-13,473,0.580244853067548,0.7322623697946317,-0.1520175167270836
2021-04-14,478,0.5617485410353708,0.6799389181663222,-0.11819037713095151
2021-04-15,476,0.6875350243301086,0.6849720300488098,0.002562994281298743
2021-04-16,475,0.5546172935791722,0.6084330875327816,-0.053815793953609366
2021-04-19,471,0.5831702004303966,0.6394650013539355,-0.056294800923538814
2021-04-20,474,0.7380348437946092,0.8571716114503106,-0.11913676765570139
2021-04-21,475,0.6064767139820969,0.6898801654975053,-0.08340345151540833
2021-04-22,478,0.7355672394521767,0.7725173337851865,-0.036950094333009796
2021-04-23,480,0.6709995920748842,0.7049416327883916,-0.03394204071350722
2021-04-26,472,0.717584106685416,0.8256062692393877,-0.1080221625539717
2021-04-27,462,0.6855952246077472,0.713420939216543,-0.0278257146087958
2021-04-28,462,0.7411008932752617,0.8365057247793327,-0.0954048315040711
2021-04-29,470,0.8139185159268852,0.8106700179588532,0.0032484979680320256
2021-04-30,480,0.9068225260069516,0.9690225382406036,-0.062200012233652055
2021-05-03,471,0.8818707542043702,0.945301242577293,-0.06343048837292276
2021-05-04,461,0.8432148889608662,1.0257206510116472,-0.18250576205078092
2021-05-05,457,0.7684740667152445,0.9072833793994783,-0.13880931268423363
2021-05-06,464,0.6202468220771443,0.6526177026980569,-0.03237088062091248
2021-05-07,469,1.3560629251332192,1.1175026262524228,0.23856029888079636
2021-05-10,455,0.7890184340071011,0.7253705002617077,0.06364793374539353
2021-05-11,448,0.526054829193213,0.6340258162373857,-0.10797098704417271
2021-05-12,452,0.9006558139179164,1.08597274750867,-0.18531693359075357
2021-05-13,463,0.6052021049061801,0.6678062819159464,-0.06260417700976637
2021-05-14,466,0.6555861289504671,0.7130701219969043,-0.057483993046437254
2021-05-17,457,0.7000720565190891,0.7338635655268566,-0.03379150900776745
2021-05-18,459,0.5709554436402451,0.6631996831929146,-0.09224423955266943
2021-05-19,460,0.6201896181903165,0.7477893707040084,-0.12759975251369188
2021-05-20,465,0.47677208660029086,0.5847759095292945,-0.10800382292900365
2021-05-21,468,0.5342388304702624,0.6193471024001287,-0.08510827192986624
2021-05-24,454,0.5582189190773987,0.6306255581456723,-0.0724066390682736
2021-05-25,441,0.5315475208838171,0.6450244456289304,-0.11347692474511331
2021-05-26,438,0.6266512071011588,0.6924571739931723,-0.06580596689201336
2021-05-27,452,0.5962209700152579,0.6738990338613094,-0.07767806384605148
2021-05-28,455,0.6665908697677042,0.6864396177480836,-0.01984874798037941
2021-06-01,460,0.5734508168433053,0.653708347839358,-0.08025753099605268
2021-06-02,460,0.5562619792902288,0.6228285862224668,-0.06656660693223801
2021-06-03,470,0.5703755326968795,0.6679808752719781,-0.09760534257509872
2021-06-04,464,0.598489526138396,0.6269133194421967,-0.028423793303800893
2021-06-07,460,0.6081058112476541,0.661568978107211,-0.05346316685955706
2021-06-08,462,0.5532483551064317,0.6046331854278517,-0.05138483032142004
2021-06-09,445,0.5798974199323765,0.6595099363180154,-0.07961251638563868
2021-06-10,447,0.4754517862837959,0.555855255593837,-0.08040346931004103
2021-06-11,447,0.5579417915938655,0.5411978802045823,0.016743911389283193
2021-06-14,468,0.7164762923596336,0.6926672569756157,0.023809035384017938
2021-06-15,473,1.1962277498002267,1.0754297228119918,0.12079802698823495
2021-06-16,473,0.6166073691529513,0.6494421546401328,-0.03283478548718144
2021-06-17,476,0.4863896026691121,0.9695869328612969,-0.48319733019218486
2021-06-18,477,0.6502228114546366,0.7245281151849636,-0.07430530373032711
2021-06-21,473,0.5447820420020758,0.6566613776457816,-0.11187933564370581
2021-06-22,469,0.5856802562932163,0.6484957194081025,-0.06281546311488619
2021-06-23,470,0.5981387698871299,0.6504620513467424,-0.05232328145961266
2021-06-24,459,0.5536128585794339,0.6143037031634968,-0.06069084458406276
2021-06-25,454,0.5278301188862832,0.5622310669990873,-0.03440094811280414
2021-06-28,447,0.459693236328149,0.5626823060473258,-0.10298906971917686
2021-06-29,459,0.48301602400792487,0.5501072887825016,-0.06709126477457675
2021-06-30,464,0.5523105271762823,0.603855604725812,-0.05154507754952982
2021-07-01,471,0.6603846755676506,0.6919722609317934,-0.0315875853641428
2021-07-02,470,0.7415307806948873,0.7290359583714857,0.0124948223234015
2021-07-06,470,0.44903963045348105,0.533024293047229,-0.08398466259374797
2021-07-07,471,0.4870688098444099,0.5407926408355217,-0.053723830991111735
2021-07-08,478,0.504409192452628,0.6360432894579603,-0.1316340970053323
2021-07-09,475,0.5387844018014475,0.512467042911898,0.026317358889549385
2021-07-12,472,0.6594880974419538,0.6527142352483795,0.006773862193574287
2021-07-13,471,0.7645010237124231,0.6989555865087765,0.06554543720364658
2021-07-14,477,1.0321211402302037,0.9391767864518209,0.09294435377838277
2021-07-15,475,0.5693315078283017,0.5962904296731457,-0.02695892184484419
2021-07-16,475,0.6454480665087953,1.1824734712316423,-0.537025404722847
2021-07-19,472,0.9542956310198607,1.3029704863608575,-0.34867485534099685
2021-07-20,475,0.6097038560005205,1.1975421579823358,-0.5878383019818154
2021-07-21,473,0.5392701190709259,0.653444282961844,-0.11417416389091808
2021-07-22,476,0.5703778432525516,0.6649552228156039,-0.09457737956305239
2021-07-23,477,0.5396672395125198,0.5553682215509806,-0.01570098203846088
2021-07-26,470,0.5957240232838722,0.7340006295952612,-0.13827660631138902
2021-07-27,458,0.6464460909041708,0.7406579695387854,-0.09421187863461462
2021-07-28,458,0.6475302398434832,0.7237676318909312,-0.07623739204744807
2021-07-29,468,0.6825364770956224,0.7358709313079739,-0.05333445421235147
2021-07-30,480,0.6796156457298905,0.723251587219195,-0.04363594148930452
2021-08-02,475,0.6617761135812842,0.7421260848088437,-0.08034997122755948
2021-08-03,469,0.6117097954164121,0.6544672059961575,-0.04275741057974526
2021-08-04,460,0.6832650433117547,0.7197187948449468,-0.03645375153319215
2021-08-05,465,0.7253879558104228,0.7641272128194978,-0.03873925700907498
2021-08-06,466,0.6855452571749983,0.664277566901727,0.02126769027327121
2021-08-09,454,0.6851426393028326,0.6572697040316031,0.027872935271229454
2021-08-10,446,0.5346559017946271,0.5115381832660648,0.023117718528562228
2021-08-11,449,0.5753370797399553,0.5758217201025713,-0.0004846403626160805
2021-08-12,461,0.7016710109051466,0.7209519401042311,-0.019280929199084456
2021-08-13,464,0.7154922553090001,0.7200988887606564,-0.004606633451656452
2021-08-16,455,0.81221792957872,0.8776717973930871,-0.0654538678143671
2021-08-17,460,0.5775485814584458,0.5717343786917788,0.005814202766667095
2021-08-18,462,0.5035546910054303,0.5275113304574921,-0.023956639452061893
2021-08-19,471,0.7643968838403378,0.9654420894581475,-0.20104520561780975
2021-08-20,472,0.8082337986620571,0.7460569837751758,0.062176814886881364
2021-08-23,471,0.567619525787867,0.5471180357611856,0.020501490026681425
2021-08-24,468,0.5350449994137509,0.5069807225643974,0.028064276849353625
2021-08-25,462,0.5060234760201466,0.4880760629345021,0.017947413085644532
2021-08-26,444,0.48680248985069935,0.43564059366043767,0.05116189619026165
2021-08-27,446,0.5599655485913173,0.5456132050446807,0.014352343546636654
2021-08-30,440,0.5499538145929134,0.5198422269556757,0.030111587637237685
2021-08-31,458,0.5106556907197024,0.48726191416467257,0.02339377655502981
2021-09-01,455,0.5457435470112566,0.5186039128843011,0.027139634126955612
2021-09-02,466,0.6119022749152037,0.6273855760655958,-0.015483301150392164
2021-09-03,455,0.6408570994919338,0.6908115776793771,-0.049954478187443245
2021-09-07,458,0.6052367597227503,0.592469377999747,0.012767381723003263
2021-09-08,460,0.6826198091081199,0.6370970932123383,0.04552271589578157
2021-09-09,450,0.6432435473534787,0.5702670294980888,0.07297651785538976
2021-09-10,445,0.6041516494976338,0.5936622818051784,0.010489367692455322
2021-09-13,444,0.5433781447657607,0.5271300035964787,0.01624814116928207
2021-09-14,468,0.5717151048938356,0.575139037442292,-0.003423932548456397
2021-09-15,474,0.8924783813307936,0.9397454402915496,-0.04726705896075606
2021-09-16,475,0.9012902275458535,1.0417713418161805,-0.14048111427032672
2021-09-17,476,0.5551688620333934,0.5255635320744154,0.029605329958977994
2021-09-20,472,0.7952146339234493,0.6855064519198255,0.10970818200362374
2021-09-21,472,0.9242127152651106,0.8392760110654328,0.08493670419967778
2021-09-22,471,0.9286235338454956,0.92496116672843,0.0036623671170655982
2021-09-23,476,0.9366810873718926,0.9569070944891466,-0.020226007117253905
2021-09-24,458,0.8870318783420251,0.9672173439007017,-0.08018546555867656
2021-09-27,448,1.0175144760994155,1.1283423066189737,-0.11082783051955826
2021-09-28,447,0.5785070293726386,0.5570913894843446,0.021415639888294164
2021-09-29,462,0.7374086597881205,0.7305977208723448,0.006810938915775697
2021-09-30,471,0.680970208006517,0.6377009343958844,0.04326927361063254
2021-10-01,472,0.5741039373280471,0.5525559166301232,0.02154802069792393
2021-10-04,466,0.6654645585493331,0.6701097147413374,-0.00464515619200429
2021-10-05,468,0.5750778623544907,0.5457273529194305,0.029350509435060176
2021-10-06,469,0.6160375864562984,0.6012897996914358,0.014747786764862611
2021-10-07,481,0.6438072824830341,0.6652041354030496,-0.021396852920015436
2021-10-08,480,0.5852564311320791,0.5820244008846249,0.00323203024745421
2021-10-11,471,0.7182526016995416,0.7018674641670211,0.01638513753252045
2021-10-12,470,0.7937669796725171,0.7939381499154259,-0.0001711702429087372
2021-10-13,473,0.7526541809445626,0.756025943020518,-0.003371762075955319
2021-10-14,481,0.5617122626322223,0.5875149205081773,-0.025802657875955103
2021-10-15,481,0.5995424195255976,0.5621336323374341,0.03740878718816359
2021-10-18,475,0.6697085199760501,0.6738638513149605,-0.004155331338910514
2021-10-19,475,0.6546019817080624,0.6629272330380827,-0.008325251330020248
2021-10-20,475,0.6055308952288451,0.6098201250594582,-0.004289229830613022
2021-10-21,480,0.5864573333116928,0.564050795591649,0.022406537720043855
2021-10-22,480,0.7535332399976559,0.803691213649863,-0.05015797365220709
2021-10-25,472,0.7658632101938839,0.7914125774949999,-0.025549367301116056
2021-10-26,460,0.8074429507088566,0.8333034965497668,-0.025860545840910094
2021-10-27,458,0.7956225139269748,0.848825351035276,-0.05320283710830122
2021-10-28,465,0.7321533408673595,0.721600177836182,0.010553163031177516
2021-10-29,478,0.8483547768448831,0.8882321137668343,-0.03987733692195112
2021-11-01,471,0.8283583722470813,0.8490187155248601,-0.020660343277778905
2021-11-02,469,0.9233662038272362,0.9265109527710704,-0.003144748943834201
2021-11-03,467,0.7967752152631741,0.7994991348919078,-0.002723919628733745
2021-11-04,467,0.7126488538816764,0.70628342996108,0.00636542392059654
2021-11-05,452,0.6289472780805639,0.6297863298910527,-0.0008390518104887916
2021-11-08,454,0.6212893904804409,0.6117445748222778,0.009544815658163022
2021-11-09,448,0.5913688203047406,0.5682183772934841,0.023150443011256433
2021-11-10,461,0.597086441124624,0.6066062220530933,-0.009519780928469482
2021-11-11,454,0.6285276379041955,0.6324703025125026,-0.003942664608306984
2021-11-12,464,0.5817331312329624,0.5588209829381616,0.022912148294800903
2021-11-15,455,0.6597639071450969,0.674088736006746,-0.014324828861649153
2021-11-16,459,0.7556249549466593,0.7618369609555843,-0.006212006008925005
2021-11-17,458,0.6703597128021379,0.6735955208679247,-0.0032358080657867907
2021-11-18,468,0.6818394660950975,0.6605620229989262,0.021277443096171363
2021-11-19,464,0.710388994546041,0.6986418554799629,0.011747139066077973
2021-11-22,467,0.8687469234158618,0.8002139103217554,0.06853301309410623
2021-11-23,462,0.8641759411210858,0.802251003115736,0.06192493800534966
2021-11-24,449,1.4758666007889651,1.6892760188102394,-0.213409418021274
2021-11-26,447,1.1398729481050196,1.089859383333239,0.050013564771780365
2021-11-29,439,0.7708893430298495,0.7300222775872833,0.04086706544256616
2021-11-30,456,0.7370708265262695,0.7379277743861891,-0.0008569478599194896
2021-12-01,458,1.2266891697320697,1.0282948820383955,0.198394287693674
2021-12-02,472,0.8467674823029095,1.0038619270828675,-0.15709444477995801
2021-12-03,470,1.0519613609746405,1.2450396878644718,-0.19307832688983131
2021-12-06,459,0.5806125258075205,0.5935286205790185,-0.01291609477149798
2021-12-07,461,0.5993646888240198,0.6343891698484944,-0.03502448102447452
2021-12-08,462,0.7925745335318677,0.7826980689533629,0.009876464578504742
2021-12-09,457,0.7128262877863409,0.706324261961381,0.006502025824960008
2021-12-10,453,0.7079263976753655,0.6986514109353938,0.009274986739971644
2021-12-13,450,0.7266102167748839,0.7362159037641871,-0.009605686989303152
2021-12-14,465,0.6217423673466262,0.6944967031730184,-0.07275433582639215
2021-12-15,468,0.9997721725252606,0.9728589585124618,0.02691321401279875
2021-12-16,471,0.771336602631412,0.7496025160500934,0.021734086581318573
2021-12-17,471,0.6501204648841923,0.701113612996284,-0.050993148112091755
2021-12-20,474,1.1089299139455364,1.3055421923391801,-0.19661227839364376
2021-12-21,475,0.7912788629669336,0.6156342272754513,0.17564463569148245
2021-12-22,481,0.6208569641130101,0.5037761178286786,0.11708084628433135
2021-12-23,481,0.5918243146402371,0.532699222202468,0.059125092437769096
2021-12-27,467,0.4306428242103078,0.4538607047874709,-0.0232178805771631
2021-12-28,456,0.4161181308028827,0.3582725053534761,0.05784562544940653
2021-12-29,453,0.5908403759384623,0.5331500504356493,0.05769032550281297
2021-12-30,467,0.9492109337472113,1.03224687933382,-0.08303594558660883
2021-12-31,476,1.282189454379079,1.3410339258228234,-0.05884447144374457
2022-01-03,471,1.050468798865426,1.0286800103668645,0.0217887884985614
2022-01-04,467,1.119044888403515,1.0515787901815137,0.06746609822200095
2022-01-05,469,0.8052228084403548,0.7951929287771001,0.010029879663254682
2022-01-06,478,0.6851696603094597,0.7805308341531234,-0.09536117384366365
2022-01-07,484,0.5831690794635,0.6329183474816067,-0.049749268018106696
2022-01-10,477,0.6170633366098699,0.66650930187591,-0.049445965266040066
2022-01-11,474,0.8141139594062754,0.7965149441349471,0.017599015271328323
2022-01-12,472,1.141874183681389,1.153250448038798,-0.011376264357408893
2022-01-13,477,1.1183333677515057,0.9293908750894989,0.18894249266200663
2022-01-14,473,1.3772082666195982,1.105606879630691,0.27160138698890735
2022-01-18,475,1.343144663918014,1.1228763862105073,0.2202682777075067
2022-01-19,477,0.8242788828069127,0.7454438175615145,0.07883506524539836
2022-01-20,483,0.9356777203240565,1.0110234155863893,-0.07534569526233266
2022-01-21,482,0.8349328338096887,0.9583706875054857,-0.12343785369579695
2022-01-24,481,1.2292394905136974,1.4473517413227883,-0.21811225080909125
2022-01-25,471,0.793714375264731,0.8300018448305096,-0.03628746956577867
2022-01-26,466,1.1889577194366832,1.3256620943699118,-0.13670437493322865
2022-01-27,466,1.531713739635816,1.6693613476750437,-0.13764760803922774
2022-01-28,475,1.0978024466317557,0.972515742456351,0.1252867041754047
2022-01-31,476,0.8423114625185157,0.8931246498832389,-0.050813187364723185
2022-02-01,471,0.875852754758861,1.0293543992659855,-0.15350164450712445
2022-02-02,468,0.9625764060536941,1.1003013216583029,-0.13772491560460864
2022-02-03,472,0.8440638204688247,0.8423745227452268,0.001689297723597814
2022-02-04,471,0.908718281042695,0.8005582844138927,0.10815999662880241
2022-02-07,463,0.7060774747579882,0.7042393802827138,0.001838094475274367
2022-02-08,456,0.8446996450690877,0.8282080368258341,0.01649160824325358
2022-02-09,456,1.369963322414935,1.4259569971577013,-0.05599367474276607
2022-02-10,462,0.6546442825886027,0.6369080981144839,0.01773618447411882
2022-02-11,467,0.7808681261169917,0.7578806106761424,0.02298751544084934
2022-02-14,458,0.7366240031482094,0.8654767955695587,-0.1288527924213493
2022-02-15,456,0.9828855286632799,1.1979809594523494,-0.21509543078906956
2022-02-16,456,1.2301338472216898,1.4686246389245827,-0.23849079170289292
2022-02-17,472,1.1860052456202632,1.4313576431840622,-0.24535239756379873
2022-02-18,468,0.9661026333034536,1.035045531102653,-0.06894289779919933
2022-02-22,458,0.937675148814094,0.8544306433715293,0.08324450544256458
2022-02-23,444,1.410915901228734,1.1697210893187966,0.2411948119099371
2022-02-24,450,1.0368057427371757,1.058617620236332,-0.0218118774991562
2022-02-25,460,0.8758225497303064,0.9288706289087831,-0.0530480791784767
2022-02-28,464,0.9155852159095028,0.930979825912645,-0.01539461000314235
2022-03-01,463,1.161880754497441,1.1715311432393263,-0.00965038874188552
2022-03-02,462,2.2708305536187843,2.2050509919340207,0.06577956168476366
2022-03-03,468,1.885900870610236,2.121660721782345,-0.23575985117210915
2022-03-04,459,0.8252656209033383,0.7815671152772024,0.043698505626135996
2022-03-07,449,1.0327875584261033,1.2479359222111157,-0.2151483637850123
2022-03-08,452,0.7487814890892797,0.807321243669,-0.05853975457972036
2022-03-09,445,1.070878594619866,1.2196958914135645,-0.14881729679369848
2022-03-10,452,0.7654260118213265,0.7902814623434413,-0.024855450522114856
2022-03-11,448,1.2982917388659765,1.2961967636216143,0.0020949752443620985
2022-03-14,466,1.8735515047788278,1.703667955431243,0.16988354934758493
2022-03-15,472,1.6195035190422244,1.3523468833986234,0.2671566356436014
2022-03-16,474,0.7913415050815564,0.7132411533924835,0.07810035168907278
2022-03-17,480,0.6223885517754287,0.5412644431424849,0.0811241086329439
2022-03-18,479,0.7639782209093623,0.8501836759396961,-0.08620545503033392
2022-03-21,476,0.6082441927540644,0.6020334899339288,0.006210702820135554
2022-03-22,475,0.7227481271486232,0.729115239758775,-0.006367112610151811
2022-03-23,477,0.7404523679936658,0.700860359559097,0.039592008434568705
2022-03-24,484,0.8389049736167935,0.7927037646356124,0.046201208981180984
2022-03-25,465,0.6739175945443034,0.6248113395726675,0.04910625497163581
2022-03-28,456,0.6359534050540033,0.6987671013021334,-0.06281369624813016
2022-03-29,453,0.9594264729898168,1.0745962057229725,-0.11516973273315573
2022-03-30,469,0.6562204167904003,0.6934212925008247,-0.037200875710424415
2022-03-31,474,0.6476450561551533,0.7211016414910225,-0.07345658533586916
2022-04-01,476,0.8565096647377168,0.9214277070690201,-0.06491804233130313
2022-04-04,470,1.1145871416688264,1.2693083448230789,-0.15472120315425253
2022-04-05,469,0.9403122737874957,0.900461735766932,0.03985053802056376
2022-04-06,469,0.6781079511631507,0.6693850498385725,0.008722901324578178
2022-04-07,477,0.7945873631288148,0.7091860796069736,0.08540128352184113
2022-04-08,477,0.6552162482303809,0.6386701000657599,0.016546148164621185
2022-04-11,476,0.6886655901574825,0.7117746498084573,-0.023109059650974807
2022-04-12,479,0.6580537245078264,0.6522085222432191,0.005845202264607243
2022-04-13,484,0.6207345201712854,0.6129236789477168,0.007810841223568735
2022-04-14,483,0.9059164162714767,1.174223750660536,-0.26830733438905946
2022-04-18,477,0.9099212039616169,0.9709308215836676,-0.06100961762205059
2022-04-19,479,1.4283332375951756,1.4503792183672586,-0.022045980772083015
2022-04-20,479,1.4383721324803103,1.4134400269647656,0.02493210551554507
2022-04-21,483,1.731195964807177,1.433515903311359,0.2976800614958181
2022-04-22,483,0.9295615377285879,0.9491750252928216,-0.01961348756423362
2022-04-25,477,0.8752921369019026,0.9045494648337022,-0.029257327931799627
2022-04-26,468,0.928571196235443,1.067686218784492,-0.13911502254904895
2022-04-27,468,0.9702941478109036,0.963851908266425,0.0064422395444787015
2022-04-28,476,1.0609858082645796,1.293321152734153,-0.23233534446957374
2022-04-29,485,1.4323728425961777,1.3421321224231093,0.09024072017306821
2022-05-02,479,1.000844382111202,1.0151726439045714,-0.014328261793369261
2022-05-03,472,1.2190345877242774,1.369778285216459,-0.1507436974921817
2022-05-04,466,2.9995102609672686,2.502237605363744,0.4972726556035247
2022-05-05,471,1.7031408824171756,1.439126528083941,0.26401435433323484
2022-05-06,473,1.7533682932672596,1.301817392490652,0.45155090077660737
2022-05-09,463,0.7451025156082994,0.802965135112149,-0.05786261950384952
2022-05-10,450,0.7706655249719643,0.7608430462192834,0.009822478752680889
2022-05-11,452,0.9443122772232176,1.088521634514294,-0.14420935729107662
2022-05-12,463,1.3393106956250573,1.5412969599288031,-0.20198626430374567
2022-05-13,470,1.1309030258135058,0.9261751742712032,0.20472785154230264
2022-05-16,459,1.0586310995734058,0.9753144749742673,0.08331662459913866
2022-05-17,464,1.5422779571127385,1.353354150901722,0.18892380621101681
2022-05-18,466,0.8038292879448491,1.5437638984357447,-0.7399346104908956
2022-05-19,473,0.9750183828599418,1.138486621383683,-0.16346823852374123
2022-05-20,473,0.8691633365769937,1.0473439393422657,-0.17818060276527198
2022-05-23,468,0.9005746157191942,1.1406366320753845,-0.2400620163561902
2022-05-24,460,2.146564394517136,2.3687428332054963,-0.2221784386883601
2022-05-25,445,1.250129136504932,1.0599297161335326,0.1901994203713996
2022-05-26,451,0.5939005965218136,0.6983459833351852,-0.10444538681337164
2022-05-27,450,0.6418467714381807,0.6739085975944274,-0.032061826156246725
2022-05-31,463,0.6891142377946847,0.7040074199594751,-0.014893182164790342
2022-06-01,465,0.6356639327756078,0.6012266047040055,0.034437328071602505
2022-06-02,475,0.5579208742355808,0.6745312687045621,-0.11661039446898136
2022-06-03,474,0.5712148215775325,0.6020550683051491,-0.030840246727616694
2022-06-06,460,1.0058670071790825,1.1710686713415337,-0.16520166416245113
2022-06-07,464,2.3153587898565786,2.69614080595103,-0.3807820160944514
2022-06-08,466,3.48368783903965,3.646061815798929,-0.16237397675927842
2022-06-09,458,2.7789202950330116,2.2796802691375646,0.49924002589544697
2022-06-10,455,1.301550169005636,1.918510036344509,-0.6169598673388732
2022-06-13,451,1.2202098649562756,1.2065696594905309,0.013640205465744923
2022-06-14,472,1.0586073545027357,1.226410222870276,-0.16780286836754027
2022-06-15,474,0.8696646117205781,1.0908681850030975,-0.22120357328251952
2022-06-16,479,0.9402861718295424,1.0960264398113893,-0.15574026798184692
2022-06-17,478,1.2810364335120235,1.4117349744658219,-0.13069854095379843
2022-06-21,477,1.5976592781605514,1.3274345350683354,0.27022474309221606
2022-06-22,477,1.273841948793047,1.282938978181342,-0.009097029388295137
2022-06-23,482,0.7713899788503152,0.8121292260633401,-0.04073924721302487
2022-06-24,468,0.9853389032601345,1.077828776969247,-0.09248987370911259
2022-06-27,455,1.0964105143708756,1.1465504297500757,-0.0501399153792003
2022-06-28,451,0.8238666724904872,0.8476876546200233,-0.023820982129536105
2022-06-29,464,0.7515983232782004,0.7589899902759953,-0.007391666997795021
2022-06-30,476,0.7474688726437001,0.7960643974695609,-0.048595524825860874
2022-07-01,473,0.8153494820890306,0.7616385862111802,0.05371089587785041
2022-07-05,472,0.5808874901486335,0.7226548245875369,-0.14176733443890358
2022-07-06,474,0.5267957726395905,0.6475034268522997,-0.12070765421270924
2022-07-07,480,0.766128124050064,0.8830940573405194,-0.11696593329045538
2022-07-08,485,0.8178254581521816,0.9068743895570133,-0.08904893140483165
2022-07-11,480,0.860955381911194,0.8534083300727968,0.007547051838397165
2022-07-12,480,0.5851372336268671,0.6163515161033445,-0.031214282476477416
2022-07-13,479,0.6253476601733072,0.6162598292705056,0.009087830902801658
2022-07-14,481,1.507293695208171,1.3310666079581182,0.1762270872500531
2022-07-15,480,1.2976563617964478,1.1841754659970591,0.11348089579938869
2022-07-18,476,1.6504080255042346,1.5308055699582466,0.11960245554598768
2022-07-19,479,0.6929878970637138,0.6918042957733058,0.0011836012904079649
2022-07-20,481,0.6973352088436607,0.7038281178672465,-0.006492909023585775
2022-07-21,484,0.9608195521919451,1.020160583217511,-0.05934103102556578
2022-07-22,484,0.7644273021469814,0.7136024367980566,0.05082486534892489
2022-07-25,475,1.1469009536811958,1.187447990767857,-0.04054703708666131
2022-07-26,464,1.8536839408336576,2.0137984597859258,-0.16011451895226797
2022-07-27,464,1.0923274187846237,1.0473715980421718,0.04495582074245196
2022-07-28,473,0.7089724795982633,0.7029725588132334,0.005999920785029846
2022-07-29,486,0.830635882824451,0.8148614494016364,0.01577443342281462
2022-08-01,481,0.9494577035120136,0.9392029475238877,0.010254755988125872
2022-08-02,475,0.8240466671257284,0.7714618897553828,0.05258477737034562
2022-08-03,472,0.6758002177728429,0.6715160634350612,0.004284154337781655
2022-08-04,472,0.827614430870336,0.8391921117908381,-0.011577680920502157
2022-08-05,474,0.7927254709207281,0.6969324465233874,0.09579302439734069
2022-08-08,463,0.8138511939014674,0.7374981335637323,0.07635306033773517
2022-08-09,453,1.3568952350894596,1.1835258285128776,0.17336940657658204
2022-08-10,455,0.6925946869525073,0.7718605058416886,-0.07926581888918123
2022-08-11,461,0.7128112951713991,0.6017013386185902,0.111109956552809
2022-08-12,468,0.6109002727098357,0.5750083567243509,0.03589191598548471
2022-08-15,456,0.6333697571352445,0.6419774272320984,-0.00860767009685392
2022-08-16,462,0.9204076713824398,0.9523933280182896,-0.031985656635849756
2022-08-17,467,1.1802323673239927,1.3017943952718163,-0.12156202794782353
2022-08-18,478,1.3376706566131085,1.520482012337582,-0.1828113557244738
2022-08-19,478,0.819017650943528,0.7356915104308732,0.08332614051265455
2022-08-22,477,0.7140783301545701,0.6793495217245069,0.03472880843006314
2022-08-23,475,0.6736043223345954,0.7093663152860782,-0.035761992951482816
2022-08-24,475,0.8681469791289808,0.8704886225722382,-0.002341643443257439
2022-08-25,465,1.647907022550874,1.7811828701578922,-0.13327584760701797
2022-08-26,453,0.828160283992929,0.5905360842856332,0.2376241997072957
2022-08-29,443,0.7966634248054685,0.9049650865923934,-0.10830166178692492
2022-08-30,453,0.6816237256430892,0.60693371726566,0.07469000837742915
2022-08-31,462,0.6638781315406984,0.7689998905507405,-0.10512175901004212
2022-09-01,471,0.5757067161722444,0.6760009939856005,-0.1002942778133561
2022-09-02,458,0.9572402346614175,1.0504146049188954,-0.09317437025747806
2022-09-06,462,1.4319195234754327,1.6818108486615246,-0.24989132518609175
2022-09-07,467,1.0450268080971763,1.2020234432914751,-0.1569966351942989
2022-09-08,479,0.7399124390788343,0.7838793293549084,-0.04396689027607416
2022-09-09,460,1.1137987950421773,0.90891033482901,0.2048884602131674
2022-09-12,448,1.660871171727941,1.4193357623902076,0.24153540933773357
2022-09-13,452,0.9013736735655353,0.8899248115054084,0.01144886206012692
2022-09-14,472,0.7651232112981452,0.7859570412261144,-0.02083382992796919
2022-09-15,481,0.8448763885997714,0.8040650768616957,0.04081131173807575
2022-09-16,479,0.90054073823198,1.1514522214791756,-0.2509114832471956
2022-09-19,479,1.6224205046897757,2.22064414084234,-0.5982236361525646
2022-09-20,478,1.6819973269104966,1.9715733948928236,-0.28957606798232716
2022-09-21,481,1.634176717281881,1.9769651185435513,-0.3427884012616702
2022-09-22,483,1.205283452527762,1.6603138432160354,-0.4550303906882733
2022-09-23,486,0.6986997094582369,0.7912752563329742,-0.09257554687473726
2022-09-26,463,0.777771739958929,1.2537706467179603,-0.4759989067590313
2022-09-27,455,0.8172538893003861,1.2954602498445762,-0.4782063605441903
2022-09-28,453,0.7244095920679058,0.7861053585127225,-0.06169576644481668
2022-09-29,474,1.6907632488482316,1.4470445815536406,0.24371866729459107
2022-09-30,481,2.0327461378068166,1.7013372350176765,0.33140890278914015
2022-10-03,470,0.9788085042911284,0.8304039204828442,0.14840458380828422
2022-10-04,469,1.5214658917476798,1.2941414673965779,0.22732442435110198
2022-10-05,471,1.5475429161824894,1.762229641574848,-0.21468672539235836
2022-10-06,484,1.4352688410012144,1.5608238310338374,-0.1255549900326232
2022-10-07,486,0.8940771857098293,0.8849567304106882,0.009120455299141067
2022-10-10,480,0.7235264791937659,0.7279930361513071,-0.00446655695754109
2022-10-11,478,0.8013349616612154,0.9294005746955581,-0.1280656130343427
2022-10-12,479,0.8692764725819817,0.6995293635489314,0.16974710903305038
2022-10-13,483,0.6877531332270755,0.657739187348437,0.030013945878638534
2022-10-14,486,0.9695835096813206,0.9579903733240269,0.011593136357293542
2022-10-17,480,0.8752826769312545,0.8494706112833127,0.025812065647941734
2022-10-18,481,0.9380117991537656,0.9396801092201534,-0.0016683100663878114
2022-10-19,481,0.8936819192517744,0.819809897852625,0.07387202139914945
2022-10-20,487,1.805725423190978,1.4893549560198276,0.31637046717115047
2022-10-21,486,1.1243203128813826,1.1394874589919386,-0.015167146110556215
2022-10-24,483,1.049542838093707,0.9970968416078361,0.05244599648587098
2022-10-25,476,1.2201613360896415,1.194324710108595,0.025836625981046694
2022-10-26,468,1.0154190974443211,0.9558580618111981,0.05956103563312297
2022-10-27,469,0.9090600282494098,0.8213376765371224,0.08772235171228732
2022-10-28,477,1.163467584419144,1.2051492273820703,-0.04168164296292616
2022-10-31,480,1.342949280435898,1.4970398881310791,-0.1540906076951812
2022-11-01,474,1.2424733140784963,1.3143802392274146,-0.0719069251489183
2022-11-02,471,1.1574482903080716,1.1819990297436243,-0.02455073943555264
2022-11-03,475,1.2609805191137595,1.2377450129796477,0.02323550613411197
2022-11-04,465,0.8116196264515154,0.8350470624338087,-0.023427435982293233
2022-11-07,456,1.6982088575024306,1.5948231667007773,0.10338569080165358
2022-11-08,459,2.0754154752359004,2.040570593945477,0.03484488129042365
2022-11-09,462,2.2198549445479734,2.346305247673903,-0.1264503031259292
2022-11-10,467,0.887654113113332,1.0295807516835564,-0.14192663857022458
2022-11-11,457,0.7784284031653679,0.7504603497696299,0.027968053395737966
2022-11-14,457,0.6611499115914502,0.6689140006691984,-0.007764089077748177
2022-11-15,460,0.8171305577768576,0.8256899302866219,-0.008559372509764308
2022-11-16,464,0.6980292933967625,0.7329980816882974,-0.03496878829153499
2022-11-17,472,0.7834496943980798,0.8395948896787123,-0.056145195280632595
2022-11-18,470,0.6298490247034684,0.6650725154598248,-0.03522349075635644
2022-11-21,470,0.6628607876020761,0.7526092000969647,-0.08974841249488867
2022-11-22,476,0.5754467937707749,0.5706392597735357,0.004807533997239189
2022-11-23,472,0.5916257545006658,0.601852376617249,-0.010226622116583243
2022-11-25,455,0.6019325467095845,0.6260438120651383,-0.024111265355553774
2022-11-28,440,0.972054642370332,1.0093021163452622,-0.03724747397493012
2022-11-29,446,0.9466882689129438,1.0014429228863737,-0.05475465397342992
2022-11-30,467,0.8293149512570166,0.731310674286973,0.09800427697004352
2022-12-01,477,1.1305784110242694,1.032901882500113,0.09767652852415647
2022-12-02,477,1.1802566776360293,1.1000568730009812,0.08019980463504799
2022-12-05,463,0.6874069071981072,0.6970477674363855,-0.009640860238278436
2022-12-06,466,0.6002144017052223,0.6807413971838263,-0.08052699547860392
2022-12-07,469,0.6793579342930586,0.6672423666641174,0.012115567628941068
2022-12-08,478,0.6999883430666469,0.7140611869647105,-0.014072843898063583
2022-12-09,462,0.6843222029357812,0.7551234172755606,-0.07080121433977941
2022-12-12,451,0.9253401189855437,0.8049054697282338,0.12043464925730982
2022-12-13,451,1.3321085178563943,0.9949724294616091,0.3371360883947851
2022-12-14,465,1.430380903904637,1.1989261565818683,0.23145474732276858
2022-12-15,474,0.7695501078496969,0.7684672806280561,0.0010828272216408966
2022-12-16,476,0.5602019822016404,0.7016384074740228,-0.1414364252723824
2022-12-19,481,0.5244767360077234,0.5639233718444633,-0.03944663583673984
2022-12-20,482,0.5416803609660193,0.6223884557465429,-0.08070809478052345
2022-12-21,484,0.602735791424191,0.5781808194345602,0.02455497198963069
2022-12-22,483,0.5300452153309249,0.6548723691307134,-0.12482715379978866
2022-12-23,465,0.46623988731032723,0.5245242052844413,-0.05828431797411409
2022-12-27,454,0.5137751778092489,0.5969723647062692,-0.08319718689702031
2022-12-28,454,0.6469035669397765,0.6407229231766768,0.006180643763099766
2022-12-29,471,0.7011111156631927,0.846090279365433,-0.14497916370224023
2022-12-30,476,0.8193616353242034,0.840594064363481,-0.021232429039277634
2023-01-03,474,1.0338634849772883,1.1879776989740818,-0.15411421399679362
2023-01-04,470,0.7737758749304786,0.9031551771379995,-0.12937930220752097
2023-01-05,479,1.1324457987155219,1.332115740380053,-0.19966994166453117
2023-01-06,481,0.9275720822509841,1.062695629528932,-0.13512354727794795
2023-01-09,482,0.9465262304812521,1.0352113547046724,-0.08868512422342034
2023-01-10,478,0.8102074499815214,0.9479764956898403,-0.13776904570831897
2023-01-11,478,0.647597403855825,0.7348899356864861,-0.08729253183066114
2023-01-12,484,0.7179168217485494,0.7811045138093295,-0.0631876920607802
2023-01-13,480,1.0152756811889394,0.9054284058359715,0.10984727535296802
2023-01-17,477,0.6772281478668346,0.6526980884039767,0.02453005946285785
2023-01-18,477,0.7735276411100314,0.9228672697255016,-0.14933962861547026
2023-01-19,481,0.9646374917764584,1.0154168380940518,-0.05077934631759323
2023-01-20,485,0.6864332499777669,0.951348739652582,-0.2649154896748152
2023-01-23,483,0.6838744723212298,0.7257107638977405,-0.04183629157651064
2023-01-24,486,0.7526276489461073,0.8277992013672195,-0.07517155242111222
2023-01-25,480,0.6353942733676031,0.6494062739877476,-0.014012000620144707
2023-01-26,475,0.6616398251301852,0.7248403137197844,-0.0632004885895993
2023-01-27,475,0.8185803771390656,0.8266834182763136,-0.008103041137248027
2023-01-30,478,1.7009083800822966,1.831397718126344,-0.1304893380440473
2023-01-31,480,0.9895498996013693,1.1686734158203398,-0.17912351621897046
2023-02-01,475,0.7222453784416892,0.7070993170417902,0.015146061399899137
2023-02-02,476,0.7426971852552491,0.7043228728015264,0.038374312453722734
2023-02-03,475,0.7063369524493434,0.6889192383017368,0.017417714147606452
2023-02-06,467,0.8164152252233154,0.7709130368320817,0.04550218839123377
2023-02-07,464,0.8430883402913161,0.7504027977065868,0.09268554258472937
2023-02-08,464,0.627607170415891,0.7126718408267669,-0.08506467041087593
2023-02-09,467,0.5968207526593688,0.695562864382468,-0.09874211172309916
2023-02-10,467,0.8379290529697941,0.9119034358915514,-0.0739743829217573
2023-02-13,459,0.714731634345562,0.6958639142186053,0.01886772012695666
2023-02-14,460,0.6929274439226968,0.6768944333436381,0.016033010579058714
2023-02-15,462,1.1635519222601776,0.9714836255409446,0.19206829671923278
2023-02-16,472,0.9134053373352613,0.7335700183303945,0.17983531900486668
2023-02-17,469,0.7978359299305542,0.7075347698890468,0.09030116004150743
2023-02-21,466,0.7082320228979976,0.7271088261220239,-0.018876803224026333
2023-02-22,455,0.6411176790571361,0.6596476108942945,-0.018529931837158464
2023-02-23,452,0.6301139350753118,0.6388945875954933,-0.008780652520181616
2023-02-24,455,0.6627360527244908,0.67589092901931,-0.013154876294819233
2023-02-27,459,0.6174652109766104,0.6484384284186643,-0.03097321744205383
2023-02-28,468,0.7208784483182622,0.8275283537205049,-0.10664990540224284
2023-03-01,467,0.7005642216281329,0.8009693664409633,-0.10040514481283035
2023-03-02,471,0.5799267316949739,0.5757421244879115,0.004184607207062466
2023-03-03,472,0.7182336794873296,0.6245687275978943,0.09366495188943534
2023-03-06,454,1.1122664874273653,0.965424368563647,0.14684211886371834
2023-03-07,457,1.3046311228078968,1.0729224361847571,0.23170868662313956
2023-03-08,461,1.7607808491369819,1.6269096709894235,0.13387117814755842
2023-03-09,456,0.9741660419025371,1.0152527658221404,-0.04108672391960316
2023-03-10,458,1.1348391526354185,1.1663688212654024,-0.03152966862998391
2023-03-13,445,0.793100026735822,0.9136455129723635,-0.12054548623654139
2023-03-14,468,0.9424165181729719,0.9441217356978169,-0.0017052175248449437
2023-03-15,468,0.6131384950944432,0.6965890485643924,-0.0834505534699492
2023-03-16,479,0.5945851882108648,0.647887783852409,-0.05330259564154403
2023-03-17,481,0.6305527374111476,0.7242330980154817,-0.09368036060433427
2023-03-20,480,0.780356693888105,0.7540554263667278,0.026301267521377254
2023-03-21,483,0.8038342511597742,0.7157702943305175,0.08806395682925679
2023-03-22,486,0.5667742422843257,0.5332514247587408,0.03352281752558484
2023-03-23,487,0.7092386009224781,0.7554219882972091,-0.04618338737473098
2023-03-24,488,0.7630359718297283,0.8535942374757647,-0.09055826564603635
2023-03-27,466,0.7143147572515065,0.7825714932400406,-0.068256735988534
2023-03-28,460,1.0476166105820646,1.1735850214976182,-0.12596841091555372
2023-03-29,459,0.6904837367485664,0.9496085994609562,-0.25912486271238977
2023-03-30,477,0.6165780527534948,0.6510108363587872,-0.034432783605292415
2023-03-31,477,0.9142794657702995,0.8377772048648431,0.07650226090545642
2023-04-03,467,0.89628739533633,0.8238291567710382,0.07245823856529175
2023-04-04,469,0.5540924863201262,0.6148048152569118,-0.06071232893678554
2023-04-05,477,0.5660847949438051,0.6554548950684016,-0.0893701001245966
2023-04-06,487,0.5592624423486203,0.6223632213852842,-0.06310077903666385
2023-04-10,481,0.5361691933527443,0.5802903519417433,-0.04412115858899908
2023-04-11,479,0.5664027982412684,0.5577048115224935,0.008697986718774949
2023-04-12,479,0.5616963913124601,0.6148506372178378,-0.05315424590537766
2023-04-13,487,0.5664372818073498,0.5760392758286342,-0.00960199402128445
2023-04-14,489,0.6417144823278171,0.6711980805411085,-0.02948359821329132
2023-04-17,482,0.6367398170175212,0.6193704154690522,0.017369401548469093
2023-04-18,481,0.6718129682630142,0.6460375722527516,0.025775396010262602
2023-04-19,480,0.6198824610179496,0.5988014709656955,0.02108099005225415
2023-04-20,483,0.7826597811747579,0.7216925892546359,0.06096719192012201
2023-04-21,483,0.9240269044569859,0.8066058766695171,0.11742102778746877
2023-04-24,479,0.865530193766365,0.8226339186827958,0.04289627508356918
2023-04-25,472,0.8969767729405017,0.9723483927734526,-0.07537161983295104
2023-04-26,472,0.9953597153162862,0.9512957214495761,0.04406399386671011
2023-04-27,475,0.7439660656429373,0.7516740570817112,-0.0077079914387739035
2023-04-28,485,1.0280465254099074,0.9452283845716516,0.08281814083825578
2023-05-01,477,1.2397348041375271,1.13253257808582,0.10720222605170707
2023-05-02,473,0.783633317801245,0.8591186148282214,-0.07548529702697632
2023-05-03,472,0.796934658876312,0.8690544158023054,-0.07211975692599328
2023-05-04,474,0.8117944914966577,0.9428611432322299,-0.13106665173557214
2023-05-05,476,0.716778700691454,0.7566037418756667,-0.03982504118421265
2023-05-08,464,0.7174026674362465,0.7250411980149744,-0.007638530578727976
2023-05-09,457,0.7022411512155945,0.7187242990728785,-0.016483147857284008
2023-05-10,458,0.6322991867107873,0.6645317123184091,-0.03223252560762178
2023-05-11,467,0.6872611572041383,0.6644898425752285,0.022771314628909817
2023-05-12,474,0.7878171774434725,0.8276573516678672,-0.03984017422439475
2023-05-15,463,0.7693718730613607,0.8410964177092783,-0.07172454464791765
2023-05-16,463,0.7507834312608997,0.820745902235898,-0.06996247097499836
2023-05-17,465,0.5777877381157248,0.6398370334777458,-0.0620492953620211
2023-05-18,473,0.6897355415860633,0.6621977199244881,0.0275378216615753
2023-05-19,476,0.8009736585197542,0.7557671231804018,0.04520653533935233
2023-05-22,471,0.9605570083110898,0.8807209632946426,0.07983604501644728
2023-05-23,466,0.9732406360587833,0.9863713970649822,-0.013130761006198791
2023-05-24,459,1.121846776990174,1.158206244569971,-0.03635946757979692
2023-05-25,450,0.7370969060900052,0.7576736035564517,-0.020576697466446563
2023-05-26,445,0.668485448863775,0.7190627204256859,-0.05057727156191078
2023-05-30,451,0.8172865297531693,0.9182952496579472,-0.10100871990477783
2023-05-31,468,0.8988822485184409,1.095595081828089,-0.1967128333096482
2023-06-01,479,0.90126707364735,1.0698275961089925,-0.1685605224616422
2023-06-02,478,0.734927335042859,0.8542673931604303,-0.11934005811757131
2023-06-05,464,0.7991982843271589,0.8315063796856683,-0.03230809535850947
2023-06-06,466,0.5773220964869396,0.6112662791893851,-0.03394418270244567
2023-06-07,471,0.6570331821695466,0.6984617520139899,-0.041428569844443326
2023-06-08,480,0.6666538228262019,0.7396073981363334,-0.07295357531013136
2023-06-09,459,0.7889879217291481,0.8505209067125363,-0.06153298498338825
2023-06-12,445,0.7792988452212186,0.8906037461682459,-0.11130490094702722
2023-06-13,447,0.6467900656239836,0.6767175088543298,-0.029927443230346275
2023-06-14,468,0.5549654899923421,0.5545437352256766,0.000421754766665617
2023-06-15,479,0.6339325266244208,0.6023501614798066,0.03158236514461416
2023-06-16,480,0.692555967403666,0.6223038881230313,0.07025207928063486
2023-06-20,480,0.6646233974196889,0.573303487775517,0.09131990964417189
2023-06-21,482,0.5327425273189169,0.502961859505462,0.02978066781345491
2023-06-22,486,0.6104089214232846,0.6700936651249948,-0.05968474370171026
2023-06-23,489,0.7518861132917184,0.8368254361083319,-0.08493932281661341
2023-06-26,469,0.7490160534476898,0.8714226990361866,-0.12240664558849684
2023-06-27,460,0.6093701834946991,0.6441772369673442,-0.034807053472645046
2023-06-28,455,0.6480347249478491,0.7046525560621504,-0.05661783111430117
2023-06-29,473,0.5407131184546875,0.5411861446990753,-0.00047302624438789255
2023-06-30,473,0.6045104824294777,0.5273875090232159,0.07712297340626187
2023-07-03,469,0.5946861836603741,0.5229714693495153,0.07171471431085866
2023-07-05,469,0.5590352759079885,0.5490444257120711,0.009990850195917417
2023-07-06,477,0.8366753333592989,0.960783681191291,-0.12410834783199208
2023-07-07,484,0.8265048860616105,0.9171424380713167,-0.09063755200970613
2023-07-10,482,0.8215024744695283,0.9176018195422329,-0.09609934507270448
2023-07-11,479,0.6416152278122956,0.6550901442509092,-0.013474916438613541
2023-07-12,481,0.6448454004219737,0.6581722289874733,-0.01332682856549963
2023-07-13,486,0.6131253798547364,0.6232184289318214,-0.010093049077085149
2023-07-14,488,0.702257949718768,0.7242770819605171,-0.022019132241749055
2023-07-17,480,0.8384934569084148,0.8341901143849078,0.00430334252350712
2023-07-18,480,0.8127918123347656,0.8096113216101074,0.00318049072465823
2023-07-19,480,0.6929757220994505,0.6787230877346068,0.014252634364843725
2023-07-20,486,0.5726564918241325,0.608801641152839,-0.036145149328706556
2023-07-21,483,0.6116701469312532,0.6302244373062723,-0.018554290375019027
2023-07-24,482,0.8110352727406178,0.7984414422218115,0.012593830518806375
2023-07-25,474,0.8428773607561102,0.842712667486661,0.00016469326944916273
2023-07-26,469,0.7810791490346625,0.7847915386796801,-0.003712389645017568
2023-07-27,471,0.6642643041792844,0.6786547238265618,-0.01439041964727739
2023-07-28,480,0.750798929879521,0.7351626806918339,0.015636249187687207
2023-07-31,483,0.9471428636492144,0.8961586263906881,0.05098423725852623
2023-08-01,476,0.9908289525487802,0.9725756139426959,0.018253338606084364
2023-08-02,471,0.810822726924169,0.8255613256759053,-0.014738598751736278
2023-08-03,472,0.7793584902193031,0.8110826862180938,-0.0317241959987906
2023-08-04,472,0.6791618542039735,0.6988666547182034,-0.019704800514229886
2023-08-07,466,0.7601618174884047,0.704135655022731,0.05602616246567377
2023-08-08,463,0.6743498565325055,0.6857198063512429,-0.011369949818737369
2023-08-09,461,0.5326460336274139,0.5967444440351741,-0.06409841040776028
2023-08-10,466,0.622508381424342,0.5846609639344803,0.0378474174898616
2023-08-11,464,0.7658462986484293,0.6287429236693342,0.13710337497909517
2023-08-14,459,0.9768553095915045,0.7668793844617361,0.2099759251297684
2023-08-15,459,0.7043219896579122,0.617355676127077,0.08696631353083525
2023-08-16,465,0.6014805238144275,0.5873036895924298,0.014176834221997777
2023-08-17,475,0.5704874587252096,0.5606146477239244,0.009872811001285139
2023-08-18,479,0.600243741351587,0.5845613738824268,0.01568236746916018
2023-08-21,477,0.517360790664837,0.5088354515768904,0.00852533908794665
2023-08-22,475,0.4943103634316813,0.4844725058097988,0.009837857621882499
2023-08-23,475,0.49434652266879914,0.47180289899350436,0.022543623675294774
2023-08-24,477,0.7502011105581561,0.8026697522163145,-0.052468641658158524
2023-08-25,470,0.7122368688560868,0.7065942251069994,0.005642643749087384
2023-08-28,445,0.6510024953781903,0.6548635621661725,-0.0038610667879821437
2023-08-29,441,0.6398222682617595,0.6381301656877768,0.0016921025739828018
2023-08-30,447,0.7592536749655544,0.7429570331207579,0.016296641844796463
2023-08-31,469,0.6726937371882915,0.6413881040659926,0.03130563312229886
2023-09-01,459,0.7764398016495013,0.7290017368943231,0.04743806475517812
2023-09-05,464,0.6491117382846047,0.6209492946922626,0.028162443592342015
2023-09-06,470,0.6429420380064256,0.6325168122551096,0.010425225751315988
2023-09-07,480,0.6357349563551115,0.6613030869251181,-0.025568130570006568
2023-09-08,480,0.619644695121583,0.6497102805790541,-0.030065585457471036
2023-09-11,452,0.6436976457142196,0.7195006136702045,-0.07580296795598483
2023-09-12,453,0.588677031542834,0.6228283582690756,-0.034151326726241514
2023-09-13,452,0.5153306493875488,0.518703400473807,-0.003372751086258177
2023-09-14,479,0.6013343103364671,0.5294325852199796,0.07190172511648757
2023-09-15,482,0.5797203744705057,0.5357720253719452,0.043948349098560546
2023-09-18,482,0.8722381504552618,0.7373712493148675,0.1348669011403943
2023-09-19,479,0.874309461345992,0.8238452906411665,0.05046417070482545
2023-09-20,479,0.7470244299035782,0.6468600197449799,0.10016441015859837
2023-09-21,481,0.6700959401154238,0.7146560707314075,-0.044560130615983747
2023-09-22,484,0.687957939356496,0.7524428749699117,-0.06448493561341578
2023-09-25,465,0.698820307643734,0.7191956939896917,-0.020375386345957768
2023-09-26,460,0.599719639026007,0.5700345356996148,0.0296851033263923
2023-09-27,458,0.7135078403346575,0.7629312342281616,-0.049423393893504024
2023-09-28,478,0.8821640632748355,0.8359803677622659,0.046183695512569574
2023-09-29,483,0.7365371714067485,0.78836059314664,-0.05182342173989165
2023-10-02,472,0.67517091774674,0.7476037005446785,-0.07243278279793855
2023-10-03,466,0.7384864398772182,0.7316169328973476,0.0068695069798704
2023-10-04,468,0.7302298508882977,0.7854757374214043,-0.0552458865331065
2023-10-05,481,0.8034519003838873,0.7403423108365083,0.063109589547379
2023-10-06,484,0.7741847747635062,0.7900573589289744,-0.015872584165468252
2023-10-09,479,0.6702262657764012,0.6454209584513964,0.024805307325004782
2023-10-10,478,0.7887059805338487,0.732394411816612,0.056311568717236644
2023-10-11,481,0.6043683485112903,0.5905354413700318,0.013832907141258465
2023-10-12,486,0.6621163796445831,0.7072494291642311,-0.04513304951964801
2023-10-13,488,0.6056532957450564,0.6114408754651015,-0.0057875797200451305
2023-10-16,484,0.9648621018767882,0.8832029086326543,0.08165919324413393
2023-10-17,481,1.3819566960342482,1.3164474984524321,0.0655091975818159
2023-10-18,480,1.0297621493893105,0.8171678182437017,0.2125943311456089
2023-10-19,484,0.6565049508550925,0.5928928702177776,0.06361208063731497
2023-10-20,486,0.7261945355678031,0.6661843699986826,0.06001016556912043
2023-10-23,484,0.9037152070469927,0.8849235228236226,0.018791684223370117
2023-10-24,485,1.0795488928412438,0.9622028081089249,0.11734608473231882
2023-10-25,479,0.8065222506643664,0.8095341838847881,-0.0030119332204216645
2023-10-26,469,0.7179998864478832,0.7606116134564335,-0.04261172700855032
2023-10-27,470,0.9916725258794495,0.9767622647069251,0.014910261172524487
2023-10-30,472,1.2884207247372081,1.340975350421394,-0.052554625684185764
2023-10-31,481,1.6073097676241337,1.8209409924174382,-0.2136312247933047
2023-11-01,476,1.2344120773464362,1.368511393029009,-0.1340993156825729
2023-11-02,477,0.8071370343390635,0.8590617915061431,-0.051924757167079845
2023-11-03,476,0.7777162745239754,0.7884324681046997,-0.010716193580724178
2023-11-06,467,0.7998413273553376,0.7808238140767303,0.01901751327860739
2023-11-07,463,0.685049401506852,0.6997390665329609,-0.01468966502610878
2023-11-08,462,0.6383520114837172,0.6497375081386734,-0.011385496654956171
2023-11-09,459,1.2241158331781337,1.4205842600954766,-0.19646842691734281
2023-11-10,460,1.0397770188701847,1.1921003854962273,-0.15232336662604268
2023-11-13,446,1.0957820829627234,1.1923966682551006,-0.09661458529237715
2023-11-14,458,0.5544810309491911,0.662740005865713,-0.10825897491652181
2023-11-15,457,0.5229162415102889,0.5190099764570292,0.0039062650532597646
2023-11-16,472,0.5085782432509288,0.5234499972594087,-0.014871754008479877
2023-11-17,468,0.5044953990833555,0.5293162678117711,-0.02482086872841561
2023-11-20,470,0.4938060567262826,0.524111827091482,-0.030305770365199398
2023-11-21,472,0.44344108788230957,0.4667647802025003,-0.023323692320190766
2023-11-22,480,0.47324794069810433,0.43866832002509837,0.034579620673006004
2023-11-24,474,0.6318803176988247,0.616667425181794,0.015212892517030716
2023-11-27,443,0.6666065852603521,0.6610086345291054,0.005597950731246652
2023-11-28,440,0.9729922472401457,1.0449533140677714,-0.07196106682762578
2023-11-29,451,0.881403466987875,0.927043210813945,-0.045639743826069945
2023-11-30,477,0.6858155297719662,0.6853421942653988,0.0004733355065675913
2023-12-01,477,0.6700958106765825,0.6349928933367188,0.035102917339863794
2023-12-04,460,0.6084274468782385,0.5919831200955689,0.016444326782669695
2023-12-05,465,0.6327389863739823,0.6469127636443296,-0.01417377727034732
2023-12-06,468,0.6965767569001451,0.7639288134824613,-0.06735205658231629
2023-12-07,480,0.673296673010045,0.713537490195989,-0.04024081718594399
2023-12-08,479,0.9830174618880385,1.0786983039817477,-0.09568084209370928
2023-12-11,454,1.3838786643355834,1.4950921585505412,-0.11121349421495798
2023-12-12,452,1.2756711629451831,1.3767345421883463,-0.10106337924316339
2023-12-13,451,0.8256320748229348,0.90493738941834,-0.07930531459540517
2023-12-14,474,0.5432770285566881,0.5606200474088454,-0.017343018852157253
2023-12-15,476,0.5541841863175265,0.5278193949026334,0.026364791414893108
2023-12-18,481,0.5121930923074381,0.49316393262461045,0.01902915968282772
2023-12-19,484,0.5052663295523222,0.47231510639305757,0.03295122315926462
2023-12-20,488,0.652648303490271,0.5699566267026334,0.08269167678763763
2023-12-21,483,0.4814413888393286,0.4994356964996237,-0.01799430766029517
2023-12-22,463,0.4409038777225067,0.4477827401902631,-0.006878862467756383
2023-12-26,452,0.42094314803802085,0.3733265334872177,0.04761661455080313
2023-12-27,456,0.6527917487795488,0.6130846324208619,0.0397071163586869
2023-12-28,474,0.9705291481999837,0.9160443432689286,0.054484804931055154
2023-12-29,479,0.8667466046927491,0.7940575490611771,0.07268905563157196
2024-01-02,480,0.6494780231970912,0.5959933386406582,0.05348468455643309
2024-01-03,479,0.615278293994983,0.6484976306820547,-0.03321933668707163
2024-01-04,481,0.5907922767009782,0.7060344281857969,-0.1152421514848186
2024-01-05,481,0.6868286323819989,0.7469642908410815,-0.060135658459082655
2024-01-08,480,0.657635880754526,0.6341346219211553,0.023501258833370696
2024-01-09,481,0.6262812181702242,0.6145833374827447,0.011697880687479529
2024-01-10,480,0.6748037528853555,0.633535800861647,0.041267952023708726
2024-01-11,483,0.7062466599907621,0.6416471893077561,0.064599470683006
2024-01-12,481,0.6772880946318451,0.6394105689431859,0.03787752568865932
2024-01-16,478,0.6627586733052556,0.7319348822979261,-0.06917620899267038
2024-01-17,478,0.8788520318737957,0.9089637312814857,-0.0301116994076899
2024-01-18,482,0.7362953933920323,0.8278847351502396,-0.09158934175820733
2024-01-19,486,0.6465813702167449,0.6795782241636262,-0.03299685394688133
2024-01-22,486,0.6886406393662271,0.7062087543041291,-0.017568114937902155
2024-01-23,489,0.6519419175480764,0.6741561485669633,-0.02221423101888693
2024-01-24,489,0.692631513104075,0.7145255493420775,-0.021894036238002398
2024-01-25,482,0.6076582725353019,0.6357198312676519,-0.028061558732350073
2024-01-26,473,0.6347047857284336,0.6108894542040348,0.023815331524398756
2024-01-29,470,0.7657846442190995,0.7609822084843655,0.004802435734734169
2024-01-30,473,0.7811768352010695,0.7801638042906514,0.0010130309104181567
2024-01-31,479,0.825662450628744,0.8423065973340654,-0.016644146705321296
2024-02-01,480,0.7691266662395421,0.7483614769363317,0.020765189303210304
2024-02-02,481,0.7132291808668737,0.7075415162658281,0.005687664601045587
2024-02-05,472,0.8723314463837398,0.9071734090155135,-0.034841962631773714
2024-02-06,470,0.8187481237749248,0.8590236938521874,-0.0402755700772626
2024-02-07,472,0.7143093474064446,0.7473115675437962,-0.033002220137351664
2024-02-08,479,0.6385454666979311,0.6033983148708038,0.035147151827127264
2024-02-09,474,0.6452077308356047,0.6493074865540048,-0.004099755718400179
2024-02-12,457,0.6969791018801298,0.706873695940706,-0.00989459406057624
2024-02-13,449,0.8345216349269389,0.9418606219394736,-0.10733898701253476
2024-02-14,451,0.6897075533958917,0.6846009275569952,0.005106625838896604
2024-02-15,465,0.6743273227474793,0.6440299840501186,0.03029733869736074
2024-02-16,466,0.6148487312686786,0.6153363500443301,-0.00048761877565160424
2024-02-20,467,0.7364815874234034,0.7553734196113838,-0.01889183218798028
2024-02-21,467,0.814169454321356,0.8330165754363984,-0.01884712111504242
2024-02-22,477,0.6684777102441236,0.6508940216295377,0.017583688614586025
2024-02-23,473,0.6584245504880332,0.644003462248903,0.014421088239130183
2024-02-26,455,0.6964852746025944,0.6938352923383132,0.002649982264281076
2024-02-27,448,0.7544805566063373,0.7482106566257815,0.006269899980555952
2024-02-28,455,0.8609032927083141,0.8734463240365937,-0.012543031328279587
2024-02-29,470,0.7530427711157369,0.7458646424428174,0.007178128672919634
2024-03-01,473,0.7056037106715396,0.6974250395454742,0.008178671126065556
2024-03-04,453,0.6398697708514599,0.6424884911367126,-0.0026187202852526554
2024-03-05,454,0.6232027072988188,0.6425778858657535,-0.019375178566934752
2024-03-06,459,0.6512770228620851,0.6358441385319682,0.015432884330116983
2024-03-07,475,0.5778840355521798,0.544110847819663,0.03377318773251673
2024-03-08,477,0.6402130031277872,0.6273250925034026,0.012887910624384599
2024-03-11,444,0.7166643879685887,0.697270474728543,0.019393913240045767
2024-03-12,449,0.7509114491352056,0.7259247512124779,0.024986697922727823
2024-03-13,449,0.6279028590672167,0.5977183507345948,0.030184508332621925
2024-03-14,482,0.5547303370910236,0.5421241739322014,0.012606163158822245
2024-03-15,478,0.6306137247937651,0.6596075137766836,-0.028993788982918343
2024-03-18,481,0.7722092990300828,0.8199340611281308,-0.047724762098048
2024-03-19,479,0.6211567481875563,0.6157934863115231,0.005363261876033188
2024-03-20,486,0.5740876228528721,0.5369768651278211,0.03711075772505098
2024-03-21,488,0.6155464379785633,0.5669288210298686,0.04861761694869473
2024-03-22,465,0.5617097894602421,0.528289229003439,0.033420560456803076
2024-03-25,457,0.6479402176625937,0.6459469723368112,0.0019932453257825
2024-03-26,454,0.6121554711139253,0.5910515171875197,0.02110395392640564
2024-03-27,478,0.6412566691581044,0.629616154432508,0.011640514725596452
2024-03-28,483,0.754365001734029,0.7478376245609838,0.006527377173045217
2024-04-01,479,0.7494983237991243,0.7350194147845757,0.014478909014548602
2024-04-02,479,0.568962723955423,0.5497037326080194,0.01925899134740357
2024-04-03,478,0.5113652230616279,0.4738189666312752,0.03754625643035267
2024-04-04,478,0.5969861033669158,0.5969556330979976,3.04702689181772e-05
2024-04-05,479,0.6045386745030166,0.6072398098758154,-0.0027011353727988065
2024-04-08,479,0.6903896169799972,0.6502003744224802,0.040189242557517005
2024-04-09,479,1.0572315364147806,1.0721280515988334,-0.014896515184052574
2024-04-10,478,0.8680171202278559,0.7832054149248366,0.0848117053030193
2024-04-11,482,1.014526024648515,0.9415715111607416,0.0729545134877735
2024-04-12,489,0.7417813795035955,0.7848227122408807,-0.0430413327372852
2024-04-15,485,0.6905580048684937,0.6656500253625807,0.024907979505913086
2024-04-16,481,0.9420968866365104,0.922507176765579,0.019589709870931428
2024-04-17,480,0.7563463410712278,0.7245882395409066,0.031758101530321235
2024-04-18,482,0.7852768151441493,0.6909861711729385,0.09429064397121081
2024-04-19,485,0.8062080228728223,0.7496382485075455,0.05656977436527685
2024-04-22,484,0.7837752371613057,0.7722608682020827,0.011514368959222948
2024-04-23,487,0.8279815349697619,0.8122523253357653,0.01572920963399653
2024-04-24,482,0.7492844308681393,0.730210478143658,0.01907395272448125
2024-04-25,475,0.6922068827784822,0.6857799349609551,0.006426947817526971
2024-04-26,474,0.8831976077657817,0.8703714063769847,0.012826201388796895
2024-04-29,477,0.9427061883382947,0.9469123035676961,-0.004206115229401434
2024-04-30,479,0.9474754958959275,0.9654522369688383,-0.017976741072910855
2024-05-01,477,0.9532306624862311,0.9999518712823233,-0.04672120879609225
2024-05-02,476,0.7281833986474798,0.7354048711710701,-0.007221472523590273
2024-05-03,482,0.6205201711484944,0.6077010076023788,0.012819163546115678
2024-05-06,472,0.6652804133904401,0.6678707770438428,-0.0025903636534026584
2024-05-07,466,0.6610645793109267,0.6596548136279933,0.0014097656829333745
2024-05-08,463,0.5947111946424989,0.5717198014567255,0.022991393185773312
2024-05-09,465,0.5401236036485267,0.5096592220719927,0.03046438157653403
2024-05-10,467,0.6571361388638438,0.6599002008965815,-0.0027640620327377195
2024-05-13,454,0.6117748941889436,0.621763096714086,-0.00998820252514254
2024-05-14,458,0.5568308825785119,0.5433948625950376,0.013436019983474356
2024-05-15,463,0.5679887410059661,0.5306320293305867,0.03735671167537934
2024-05-16,475,0.5457573282997372,0.52147799960508,0.024279328694657196
2024-05-17,481,0.6511310746161005,0.6326065510589446,0.01852452355715589
2024-05-20,473,0.8355975413176107,0.8161257169179257,0.019471824399684978
2024-05-21,470,0.7664093275732361,0.7476523830058299,0.018756944567406175
2024-05-22,472,0.8398292182068604,0.8126467302827884,0.027182487924072043
2024-05-23,480,0.7447184423216355,0.7226701203105602,0.02204832201107531
2024-05-24,483,0.7691109937274605,0.7792302796129814,-0.010119285885520848
2024-05-28,464,0.7710199062317268,0.7453158897863513,0.02570401644537547
2024-05-29,452,0.895698512119657,0.8693962817179983,0.02630223040165873
2024-05-30,450,0.7930398050189592,0.7724133991892318,0.020626405829727412
2024-05-31,465,0.6684470238450827,0.6688697372052446,-0.0004227133601618498
2024-06-03,478,0.579069822948672,0.5726425632629887,0.006427259685683472
2024-06-04,466,0.5540871600024453,0.5397208571303704,0.014366302872074917
2024-06-05,459,0.5618390118746495,0.5418682482378082,0.019970763636841256
2024-06-06,461,0.606945268128621,0.5909612533343194,0.015984014794301744
2024-06-07,474,0.7415292813504695,0.7440962457247813,-0.0025669643743117553
2024-06-10,482,0.6866305638478579,0.6835781568903593,0.003052406957498672
2024-06-11,454,0.6567397779197693,0.6413662621988856,0.015373515720883699
2024-06-12,451,0.6491350444031,0.639860076961524,0.00927496744157598
2024-06-13,444,0.6170568415473976,0.6214466523391217,-0.004389810791724045
2024-06-14,472,0.627543555328246,0.638721890190895,-0.011178334862648928
2024-06-17,477,0.5389808964258324,0.5268206960767461,0.012160200349086362
2024-06-18,482,0.6872401788002497,0.6708556573361607,0.01638452146408903
2024-06-20,484,0.5363334342472453,0.5190403691016835,0.017293065145561823
2024-06-21,486,0.569433180987123,0.5490938071683361,0.020339373818786834
2024-06-24,488,0.6417269274292393,0.6226594213684535,0.01906750606078575
2024-06-25,465,0.6399737053179761,0.6176472336443138,0.022326471673662182
2024-06-26,458,0.6383175283056995,0.6170966507987289,0.021220877506970607
2024-06-27,458,0.6228043152964498,0.6031175615542326,0.019686753742217174
2024-06-28,479,0.5647068833899084,0.565731375892994,-0.00102449250308567
2024-07-01,479,0.5289125258845655,0.5005158007817242,0.02839672510284125
2024-07-02,475,0.5004598405806902,0.46602864830872454,0.034431192271965574
2024-07-03,472,0.5394668245555229,0.50841932024661,0.031047504308912902
2024-07-05,475,0.6050406786102349,0.6109496911410044,-0.005909012530769471
2024-07-08,477,0.7812446272163894,0.8190898397694137,-0.03784521255302425
2024-07-09,480,1.0269523601671018,1.0723061447155813,-0.0453537845484795
2024-07-10,478,0.9201330152775264,0.9474632225978256,-0.027330207320299154
2024-07-11,482,0.9770825006195955,1.0116226142001865,-0.034540113580591156
2024-07-12,483,0.9948172984722558,1.033971648233247,-0.03915434976099124
2024-07-15,490,0.8741650503789263,0.8748705895408591,-0.0007055391619327551
2024-07-16,484,0.968443535333938,0.9156290473791134,0.052814487954824435
2024-07-17,481,0.6535023950943737,0.6476585017983808,0.0058438932959928155
2024-07-18,481,0.6792321509697515,0.6816750964271276,-0.002442945457376099
2024-07-19,486,0.7059168881449159,0.6883379789718561,0.017578909173059768
2024-07-22,489,1.1334777084006482,1.149004364462097,-0.015526656061448981
2024-07-23,486,1.1384361219615373,1.139508342204506,-0.0010722202429688207
2024-07-24,486,0.9609291768031973,1.0038700505292908,-0.04294087372609344
2024-07-25,486,0.9686187615942881,0.9772523009023696,-0.008633539308081598
2024-07-26,481,0.7081354688964104,0.7056279890530952,0.002507479843315149
2024-07-29,473,0.9152813557953485,0.9123939083455463,0.002887447449802319
2024-07-30,470,1.4207680247131056,1.4680388714607164,-0.047270846747610874
2024-07-31,474,2.1857836428972566,2.2673139940075813,-0.08153035111032496
2024-08-01,480,1.2341346784477525,1.2633983395920103,-0.029263661144257744
2024-08-02,479,0.9364468411155726,1.0931643662155353,-0.15671752509996253
2024-08-05,483,0.9768189109725006,0.9424452495647215,0.03437366140777903
2024-08-06,478,0.7708145502499543,0.7271098951858395,0.043704655064114944
2024-08-07,471,0.799966013645668,0.7174503431806922,0.08251567046497582
2024-08-08,470,0.6009295365221544,0.6086350716437813,-0.007705535121626979
2024-08-09,471,0.5878295997240612,0.5530545477563895,0.034775051967671784
2024-08-12,464,0.9790014186990968,0.9316711129546299,0.04733030574446689
2024-08-13,450,0.6795322355028665,0.6436793163765162,0.03585291912635012
2024-08-14,449,0.8050756021729419,0.7415452557467542,0.06353034642618773
2024-08-15,463,0.48792652799856473,0.4760903779934344,0.011836150005130304
2024-08-16,472,0.5396144343532502,0.4871303186094711,0.05248411574377918
2024-08-19,477,0.516135610958545,0.4761881681682892,0.03994744279025583
2024-08-20,477,0.6453261126156529,0.5727250542890434,0.07260105832660944
2024-08-21,479,0.5761496925393311,0.5300560177022141,0.04609367483711697
2024-08-22,477,0.5767509232700625,0.5496480977508406,0.027102825519221982
2024-08-23,481,0.5624259722634508,0.5426060179444673,0.01981995431898347
2024-08-26,483,0.5973085742905357,0.5741142888650709,0.023194285425465033
2024-08-27,465,0.6056164625383051,0.6125136114564199,-0.006897148918114856
2024-08-28,448,0.7193701444648669,0.6937715464794484,0.02559859798541839
2024-08-29,442,0.7702424559688306,0.7429302327533104,0.02731222321552012
2024-08-30,458,1.0355626715829018,0.974722355208858,0.0608403163740439
2024-09-03,462,0.829413188719867,0.7350961987023049,0.09431699001756218
2024-09-04,463,0.6315641627867066,0.6002445710673376,0.03131959171936887
2024-09-05,464,0.6293553619885158,0.6417996597390099,-0.012444297750494175
2024-09-06,474,0.7973874468495761,0.7702812662884955,0.027106180561080728
2024-09-09,477,0.7396778439789348,0.7126328694187198,0.027044974560215002
2024-09-10,460,0.827193057298825,0.8487613591635237,-0.021568301864698786
2024-09-11,448,0.8303437980756456,0.8407063249582812,-0.010362526882635562
2024-09-12,445,0.7627733628039667,0.7565361503157217,0.0062372124882449495
2024-09-13,466,0.6031976551101896,0.5916256757894781,0.011571979320711525
2024-09-16,479,0.7829758276769382,0.8041294568078988,-0.021153629130960697
2024-09-17,482,0.6278725924429845,0.618108139394707,0.009764453048277482
2024-09-18,481,0.6399259477332453,0.6269180761308787,0.01300787160236653
2024-09-19,483,0.6043139524301886,0.5873003226707671,0.017013629759421535
2024-09-20,487,0.5883949004714537,0.589421414164628,-0.001026513693174242
2024-09-23,486,0.7271952034513656,0.7267884546006449,0.000406748850720647
2024-09-24,481,0.5997265422223885,0.582251311293108,0.01747523092928035
2024-09-25,462,0.6088300972841922,0.6007148659751392,0.008115231309053077
2024-09-26,456,0.6399700909001219,0.6229144582789968,0.01705563262112494
2024-09-27,459,0.6093410869362681,0.5842074522882832,0.025133634647984914
2024-09-30,477,0.7502993842728503,0.737646747215069,0.012652637057781335
2024-10-01,478,0.6855296328029166,0.6792746201666656,0.006255012636250901
2024-10-02,477,0.681307640132928,0.6756596449150197,0.00564799521790822
2024-10-03,477,0.5984640376442745,0.6293166089569759,-0.03085257131270149
2024-10-04,484,0.6150154731077371,0.609452316963273,0.005563156144464221
2024-10-07,479,0.5852207471697192,0.600646131674894,-0.015425384505174937
2024-10-08,478,0.6002911003769024,0.6622970695853829,-0.06200596920848055
2024-10-09,481,0.5719113776602263,0.5733192667628038,-0.001407889102577425
2024-10-10,484,0.7151441183017625,0.7442225800973709,-0.029078461795608298
2024-10-11,486,0.7222152851726821,0.7473547418770451,-0.02513945670436303
2024-10-14,485,0.6909616474357727,0.6710790481654939,0.019882599270278797
2024-10-15,485,0.5990190631707465,0.5968215519987855,0.0021975111719610848
2024-10-16,483,0.593029302564029,0.5678495859667099,0.02517971659731913
2024-10-17,482,0.6416007640028645,0.6197315538437359,0.021869210159128554
2024-10-18,486,0.7215075106558035,0.6944053879057873,0.02710212275001626
2024-10-21,489,0.7617970576061656,0.733251436224928,0.028545621381237514
2024-10-22,488,0.7239075262359368,0.7032665267591658,0.020640999476771015
2024-10-23,489,0.6913476887895688,0.6936330353013822,-0.0022853465118135227
2024-10-24,489,0.7164849493760588,0.7058267324298686,0.010658216946190228
2024-10-25,491,0.7150159988641911,0.7142365540713498,0.0007794447928413013
2024-10-28,484,1.0294457327678688,0.9983935741188025,0.031052158649066172
2024-10-29,476,1.0071707036164994,0.9906075929930875,0.016563110623411936
2024-10-30,468,0.8746878727873364,0.8475770988900729,0.02711077389726356
2024-10-31,473,0.7293487611947382,0.7531215944893704,-0.02377283329463215
2024-11-01,479,1.6006074856664558,1.6764423932801233,-0.07583490761366755
2024-11-04,484,1.6711403487326368,1.8062795879477753,-0.13513923921513843
2024-11-05,473,1.5670295047232796,1.772839471701743,-0.2058099669784633
2024-11-06,475,1.007007553442004,1.0010664573769719,0.005941096065032114
2024-11-07,473,0.934509643966406,0.9528487927564542,-0.018339148790048155
2024-11-08,477,0.7560489806514264,0.7578136356819702,-0.0017646550305437693
2024-11-11,467,0.7899966258982218,0.8276298997856653,-0.03763327388744336
2024-11-12,450,0.8751185669582804,0.8872227407443641,-0.012104173786083848
2024-11-13,447,0.8564270562265016,0.8687492800793082,-0.012322223852806628
2024-11-14,454,0.8517770995871426,0.8523860231870284,-0.0006089235998857817
2024-11-15,472,0.6885631792461,0.6739906496985851,0.014572529547514939
2024-11-18,477,0.7454334291299439,0.6998427999236433,0.04559062920630065
2024-11-19,472,0.8422711528801293,0.7564606238901599,0.08581052898996956
2024-11-20,473,1.0435469701955318,0.9303614484701676,0.1131855217253643
2024-11-21,477,0.7095885209776446,0.6791834863940522,0.030405034583592398
2024-11-22,480,0.6226835819513428,0.5882994152926384,0.03438416665870438
2024-11-25,465,0.5102412753762355,0.5036916929268509,0.006549582449384609
2024-11-26,450,0.5764205521673325,0.5471300262758604,0.029290525891472078
2024-11-27,450,0.628414789269883,0.6192971971321247,0.009117592137758371
2024-11-29,463,0.7954584750739511,0.8021853582218932,-0.006726883147942068
2024-12-02,474,0.7195459091563895,0.7234615486512822,-0.003915639494892741
2024-12-03,463,0.7319122976716891,0.746351218588947,-0.014438920917257968
2024-12-04,458,0.7492513086847117,0.7612582703603615,-0.012006961675649932
2024-12-05,461,0.7831897107329288,0.7317568836838388,0.051432827049089865
2024-12-06,474,0.7372688730772763,0.6746543174447042,0.06261455563257223
2024-12-09,485,0.7248172820557115,0.7342619747694176,-0.009444692713706149
2024-12-10,468,0.6899157676911643,0.6722236294097692,0.017692138281395067
2024-12-11,457,0.7696544329684158,0.7613796658552646,0.008274767113151296
2024-12-12,450,0.7481952051908941,0.7417641837002128,0.006431021490681391
2024-12-13,468,1.3043891982091307,1.4057590731133949,-0.1013698749042641
2024-12-16,481,1.3588857828138394,1.471669490590531,-0.11278370777669174
2024-12-17,479,0.8409170663371734,0.8879992401227128,-0.04708217378553931
2024-12-18,481,0.6062887954426308,0.9162665643928568,-0.309977768950226
2024-12-19,482,0.6834397655128724,0.6781830917382446,0.005256673774627686
2024-12-20,487,0.4502184628205084,0.46359931014773037,-0.013380847327221942
2024-12-23,482,0.3817274942434327,0.3982093829468458,-0.016481888703413158
2024-12-24,478,0.5888546439011041,0.6878999239016933,-0.0990452800005892
2024-12-26,463,0.6261325847373199,0.6236246776886205,0.0025079070486995376
2024-12-27,459,0.5747885077413547,0.5145047014125286,0.06028380632882621
2024-12-30,456,0.5501085669737839,0.6524460439839419,-0.10233747701015798
2024-12-31,472,0.7703463976953251,0.7995188001394935,-0.029172402444168397
2025-01-02,480,0.6669930720220966,0.6751797914637586,-0.008186719441662082
2025-01-03,486,0.6109706277274372,0.6240061916402736,-0.01303556391283648
2025-01-06,479,0.8523502443292504,0.8897151549920899,-0.037364910662839354
2025-01-07,481,0.7478449718093452,0.7533641516040057,-0.005519179794660471
2025-01-08,480,0.7224625409707628,0.7143794520244051,0.00808308894635758
2025-01-10,485,0.9587225940892521,0.8872794635164625,0.0714431305727895
2025-01-13,484,0.9907989397953118,0.8933108179974152,0.09748812179789651
2025-01-14,481,0.8727515666491,0.9243203462856278,-0.05156877963652778
2025-01-15,482,0.9127167780240524,0.9513940294357063,-0.03867725141165387
2025-01-16,481,0.8408531871858818,0.855142286250395,-0.014289099064513252
2025-01-17,485,0.8575512097490814,0.8606072639282022,-0.003056054179120834
2025-01-21,486,0.6305034086459321,0.6294479154561834,0.0010554931897486743
2025-01-22,488,1.216068253147474,1.1804031490126012,0.03566510413487274
2025-01-23,489,1.063151624371614,1.0522568489213797,0.010894775450234194
2025-01-24,490,0.9888095093932571,0.9701212763065289,0.018688233086728064
2025-01-27,489,0.8821815436902272,0.8758734250409014,0.006308118649325895
2025-01-28,481,0.720785051817727,0.7210237160121662,-0.00023866419443918085
2025-01-29,472,0.7813530584436308,0.7793356560691092,0.0020174023745217376
2025-01-30,473,0.808023007842298,0.7944880510709799,0.013534956771318203
2025-01-31,479,0.7643274605397145,0.7679160230747265,-0.003588562535012133
2025-02-03,490,0.9012606896249717,0.9185821866693924,-0.017321497044420726
2025-02-04,479,0.8330567005044399,0.8348534425935693,-0.001796742089129431
2025-02-05,473,0.8284475278721635,0.8121146172902352,0.01633291058192832
2025-02-06,471,0.7740963090178532,0.7709236393883833,0.0031726696294700494
2025-02-07,478,0.7559881335807603,0.7577084607775306,-0.001720327196770202
2025-02-10,484,0.8673583873359294,0.8583998437108459,0.008958543625083458
2025-02-11,458,0.9308280565060548,0.9390707874059573,-0.008242730899902474
2025-02-12,449,0.9710142385923451,1.007243739669495,-0.036229501077149874
2025-02-13,448,0.8186505513366573,0.8098437211097839,0.008806830226873636
2025-02-14,471,0.8154472103034256,0.8042175755033686,0.0112296348000571
2025-02-18,475,1.1525727077030747,1.1499490976808266,0.002623610022248074
2025-02-19,469,1.2318797127291607,1.211167065396024,0.02071264733313698
2025-02-20,469,1.184896024997663,1.1369439762695908,0.04795204872807238
2025-02-21,474,0.644612187907358,0.6826111971369895,-0.03799900922963159
2025-02-24,479,0.7753563403159053,0.8012939618247973,-0.025937621508892134
2025-02-25,466,0.737715940180527,0.7478298977981792,-0.010113957617652115
2025-02-26,453,1.0914877911339194,1.0635559513304782,0.027931839803441088
2025-02-27,452,0.8806021491437455,0.9158077613583723,-0.035205612214626834
2025-02-28,462,0.9067793841463192,0.8284377839396002,0.07834160020671904
2025-03-03,474,1.0697381340853505,1.0558950845085353,0.013843049576815172
2025-03-04,462,1.0169473245235745,1.0023904683897253,0.014556856133849183
2025-03-05,450,1.6260820237094398,1.6344058790677594,-0.00832385535831965
2025-03-06,452,1.0358209228291908,1.2210379206481403,-0.18521699781894957
2025-03-07,462,1.2593417014405015,1.2998776470566666,-0.04053594561616522
2025-03-10,477,1.2264951673905742,1.3471021835491874,-0.1206070161586133
2025-03-11,451,0.7066381204517718,0.7094814716386283,-0.0028433511868566222
2025-03-12,449,0.7883986728007264,0.6959367412814688,0.09246193151925769
2025-03-13,447,0.8578037335082457,0.7461880966813114,0.11161563682693432
2025-03-14,475,0.6187036006310257,0.5592792254205009,0.05942437521052482
2025-03-17,478,0.5367248399178141,0.5449700908618647,-0.008245250944050694
2025-03-18,481,0.6102485356383516,0.6097292225296943,0.000519313108657326
2025-03-19,481,0.609119838925898,0.5797770015144273,0.029342837411470726
2025-03-20,485,0.689808453630998,0.6742864599620199,0.015521993668978194
2025-03-21,489,0.5960533921020948,0.5803126254463998,0.01574076665569506
2025-03-24,490,0.801353603444235,0.7444474535244824,0.05690614991975262
2025-03-25,488,1.2071960554887702,1.2063055453605904,0.0008905101281797523
2025-03-26,466,0.894055261092338,0.9046075100416965,-0.010552248949358476
2025-03-27,460,0.6373109432430348,0.6532879176188562,-0.015976974375821292
2025-03-28,464,0.661182658595898,0.6027383245769256,0.05844433401897245
2025-03-31,482,1.719544646684558,1.8469029060716047,-0.1273582593870464
2025-04-01,483,3.9665794480479217,4.048252792774868,-0.08167334472694579
2025-04-02,481,4.616428185121797,4.625336042605763,-0.00890785748396574
2025-04-03,485,3.115668319295493,3.1965019122406737,-0.0808335929451804
2025-04-04,490,2.3927243385711647,2.743893550515853,-0.35116921194468836
2025-04-07,485,1.1635700219613667,1.2175874513596465,-0.054017429398279866
2025-04-08,483,2.169472091378623,2.1275250656423,0.04194702573632293
2025-04-09,483,0.9755339152462755,1.088565111829329,-0.11303119658305337
2025-04-10,488,0.8064331012895612,1.1014739307838493,-0.29504082949428806
2025-04-11,489,0.5897572618005287,0.6492075910414387,-0.05945032924090998
2025-04-14,483,0.7114396630482314,0.7882327007300002,-0.07679303768176865
2025-04-15,483,1.115906429777217,0.8379832061194266,0.2779232236577906
2025-04-16,482,0.7571275486739645,0.8802306965267713,-0.12310314785280677
2025-04-17,486,0.7185015234289319,0.8302793618551995,-0.11177783842626757
2025-04-21,490,2.121086452257396,2.190181971600135,-0.06909551934273886
2025-04-22,491,1.4241270609781749,1.3074146653922363,0.11671239558593845
2025-04-23,493,0.9416028886261996,0.9817967522548078,-0.040193863628608245
2025-04-24,492,0.6024372961477467,0.6979746435933869,-0.0955373474456403
2025-04-25,484,0.6534658104688986,0.74011126746986,-0.08664545700096139
2025-04-28,480,0.7330223367484409,0.7995612442389893,-0.06653890749054844
2025-04-29,476,0.882644948739495,0.957216520891726,-0.0745715721522311
2025-04-30,480,0.818449318679025,0.868111656238868,-0.04966233755984296
2025-05-01,482,0.6595334176496814,0.7399761791539075,-0.08044276150422607
2025-05-02,485,0.6893992987185265,0.731070036402416,-0.041670737683889444
2025-05-05,490,0.7149908765257796,0.7022233767046157,0.0127674998211641
2025-05-06,482,0.8225812542579257,0.7694964049115163,0.05308484934640948
2025-05-07,475,1.7287550380968528,1.579908529909818,0.148846508187035
2025-05-08,473,1.6273420932569478,1.4610312258675888,0.16631086738935902
2025-05-09,476,1.566230203816557,1.4293727538919474,0.13685744992460963
2025-05-12,472,0.7062767251401795,0.7174032052853874,-0.011126480145207899
2025-05-13,456,0.6754207425777499,0.6533672312262946,0.022053511351455335
2025-05-14,450,0.8496491761067393,0.7908847476770853,0.05876442842965412
2025-05-15,459,0.5785419915296052,0.5686585835335849,0.009883407996020343
2025-05-16,472,0.9124026008314287,0.8434410500040402,0.06896155082738836
2025-05-19,480,0.9376746332587964,0.9040883289641284,0.03358630429466803
2025-05-20,469,0.9784776980367323,0.8046385721552212,0.17383912588151126
2025-05-21,468,0.6317325799927611,0.6724781577061589,-0.04074557771339788
2025-05-22,470,0.5584149149636098,0.6249564715683272,-0.06654155660471735
2025-05-23,480,0.627442777531779,0.7353395249025397,-0.10789674737076077
2025-05-27,468,0.6289881163342117,0.7120838164876105,-0.08309570015339893
2025-05-28,454,0.6124430223842976,0.6682636014117066,-0.05582057902740899
2025-05-29,456,0.6310880377871431,0.7118456006627113,-0.08075756287556818
2025-05-30,467,0.6636544367754987,0.768744203418328,-0.10508976664282946
2025-06-02,481,0.6806461406810459,0.7548951653681516,-0.07424902468710567
2025-06-03,470,0.5829460485027889,0.6825838437267503,-0.0996377952239614
2025-06-04,469,0.6089676836703805,0.6801667923183239,-0.07119910864794343
2025-06-05,463,0.8725824941085498,0.904419190135732,-0.031836696027182275
2025-06-06,474,0.699645796825485,0.7304654641723068,-0.030819667346821754
2025-06-09,481,0.5677374828109246,0.6560516909998936,-0.08831420818896905
2025-06-10,466,0.8232366505276146,0.8029814806926834,0.0202551698349313
2025-06-11,455,0.6305038120529574,0.6775592833825701,-0.04705547132961266
2025-06-12,452,0.7876654499191409,0.7623208253583259,0.025344624560814887
2025-06-13,468,0.7037985337719277,0.7606975319794321,-0.056898998207504554
2025-06-16,479,0.6233515888193861,0.6775096516015121,-0.05415806278212594
2025-06-17,480,0.6664490028717566,0.7936623708847412,-0.12721336801298466
2025-06-18,487,0.7438858317785061,0.9399719335530506,-0.1960861017745446
2025-06-20,488,0.6963928194560263,0.7586739709766999,-0.062281151520673685
2025-06-23,489,0.7403946845066567,0.793663173390077,-0.05326848888342028
2025-06-24,484,0.5928257080037087,0.6626211706242751,-0.06979546262056643
2025-06-25,466,0.6326191886209724,0.7024422986898556,-0.06982311006888325
2025-06-26,461,0.8206657250241706,0.8419516914349714,-0.02128596641080083
2025-06-27,466,0.9211906281062113,0.9485754009987922,-0.027384772892580837
2025-06-30,476,0.9067745099069887,0.9425533802621807,-0.03577887035519203
2025-07-01,479,0.6023143544526339,0.6599703079744389,-0.057655953521805046
2025-07-02,478,0.49626282411534467,0.54358051245186,-0.047317688336515284
2025-07-03,487,0.5778917524730016,0.571819939897254,0.006071812575747712
2025-07-07,484,0.7509086434669624,0.7689510655586812,-0.01804242209171889
2025-07-08,485,0.6154382844156641,0.6375038847863709,-0.02206560037070677
2025-07-09,485,0.5919762493807575,0.6057153991125268,-0.013739149731769247
2025-07-10,487,0.8198794370128726,0.7566642587159977,0.06321517829687484
2025-07-11,489,0.6655168972865145,0.6540312030119878,0.011485694274526668
2025-07-14,489,0.6080848564084644,0.5991720000140356,0.008912856394428867
2025-07-15,488,0.6527336750656315,0.684531502278566,-0.03179782721293429
2025-07-16,484,0.6171418298506078,0.624771774432264,-0.007629944581656126
2025-07-17,482,0.7263012621301295,0.721251436139465,0.0050498259906644975
2025-07-18,488,0.8550715116881826,0.8774183902069583,-0.022346878518775763
2025-07-21,491,0.9934315964480646,1.0111809388045292,-0.01774934235646459
2025-07-22,491,0.8758379577980859,0.9020240095092613,-0.02618605171117536
2025-07-23,492,0.757876240924041,0.754871702269181,0.003004538654860089
2025-07-24,492,0.6951518461795917,0.6901889429198964,0.0049629032596952526
2025-07-25,493,0.9293024294928459,0.8842545348377232,0.04504789465512262
2025-07-28,483,1.1663595230434596,1.1275904276823014,0.03876909536115823
2025-07-29,475,1.3001447015459153,1.2326633877178068,0.06748131382810846
2025-07-30,474,1.0371039651793694,1.0097880191106259,0.027315946068743498
2025-07-31,480,0.8556987733603999,0.8560988455811926,-0.00040007222079284935
2025-08-01,488,0.8569424531856532,0.8785932826375503,-0.021650829451897145
2025-08-04,488,0.8635627282565901,0.8636212563490119,-5.852809242177228e-05
2025-08-05,483,0.8683009597873582,0.8763964519276467,-0.008095492140288386
2025-08-06,477,0.8225665938677295,0.8239277069994952,-0.0013611131317658298
2025-08-07,477,0.7692968491876353,0.7783819745926879,-0.009085125405052541
2025-08-08,479,0.9353321617831527,0.922752320061127,0.012579841722025812
2025-08-11,475,0.9129717838491105,0.8586490707400286,0.05432271310908191
2025-08-12,455,0.7138224056624388,0.6955974003385548,0.018225005323883946
2025-08-13,449,0.6603337772143016,0.6767409189297336,-0.01640714171543196
2025-08-14,454,0.5914345257184473,0.5812323341204488,0.010202191597998603
2025-08-15,471,0.539463436875387,0.5439346674584887,-0.004471230583101667
2025-08-18,479,0.6145939909558923,0.6025485976298873,0.012045393326005006
2025-08-19,478,0.6078238905958021,0.6146714505012132,-0.006847559905411107
2025-08-20,479,0.6736922607681971,0.6821097139023974,-0.008417453134200246
2025-08-21,481,0.7828110839654102,0.8525249193427328,-0.06971383537732259
2025-08-22,488,0.6503600505962136,0.6656372922164532,-0.015277241620239551
2025-08-25,489,0.6593011855683476,0.6827555480819749,-0.023454362513627293
2025-08-26,474,0.5564303746607301,0.5704932331692486,-0.014062858508518475
2025-08-27,450,0.664995448748623,0.6254680596700252,0.03952738907859785
2025-08-28,446,0.7000510364833146,0.6697987428834122,0.030252293599902228
2025-08-29,456,0.6258416675227712,0.6230604020004293,0.0027812655223418727
2025-09-02,462,0.7168353462200605,0.7403359582481888,-0.02350061202812821
2025-09-03,465,0.7372660165074315,0.7796199038316725,-0.04235388732424095
2025-09-04,468,0.6858391334822489,0.6723771887906764,0.013461944691572532
2025-09-05,478,0.8195603022126757,0.8016987298282492,0.017861572384426497
2025-09-08,479,0.7714429959274609,0.7906159865530121,-0.019172990625551202
2025-09-09,475,0.7527876688114052,0.8306472494942438,-0.07785958068283869
2025-09-10,459,0.6493990140061389,0.6623052071623942,-0.012906193156255219
2025-09-11,455,0.7210462124035167,0.6645305307725559,0.05651568163096102
2025-09-12,461,0.5893307558516777,0.6033712305606009,-0.014040474708923167
2025-09-15,482,0.6336225800757911,0.690333067488461,-0.05671048741267
2025-09-16,488,0.6657608230666064,0.7035971679655193,-0.03783634489891288
2025-09-17,486,0.7532604707140516,0.8102526296489303,-0.05699215893487872
2025-09-18,489,0.6054237528551448,0.6184326892641292,-0.013008936408984475
2025-09-19,490,0.6565961035335763,0.6737496074180858,-0.017153503884509414
2025-09-22,492,0.7659508778169019,0.737619531685689,0.02833134613121287
2025-09-23,486,0.6304964828373796,0.6274632547443474,0.003033228093032229
2025-09-24,485,0.5622361730567583,0.5744096705109735,-0.01217349745421519
2025-09-25,464,0.706082576187792,0.7310965562219461,-0.025013980034154032
2025-09-26,461,0.9037990965997438,0.9352697529899693,-0.03147065639022557
2025-09-29,460,0.8794531355213483,0.8939917907798767,-0.014538655258528379
2025-09-30,475,0.7839340763036884,0.7724160124379834,0.011518063865704944
2025-10-01,482,0.679447371190087,0.708543683601151,-0.0290963124110642
2025-10-02,483,0.6710953075416741,0.6579195898699499,0.01317571767172427
2025-10-03,492,0.7443688304144737,0.7450672630657829,-0.0006984326513091802
2025-10-06,490,0.7288139246954751,0.7084574875561706,0.020356437139304566
2025-10-07,483,1.0180160660486202,0.9479804474907562,0.07003561855786392
2025-10-08,483,0.8326182820779686,0.7920430571594739,0.040575224918494704
2025-10-09,484,0.643389463329356,0.6376097994098218,0.005779663919534277
2025-10-10,488,0.8698034964044892,0.9547122860506925,-0.08490878964620319
2025-10-13,487,0.75957016258771,0.7643948459124079,-0.004824683324697817
2025-10-14,485,0.7165586256125307,0.7090176804706703,0.007540945141860396
2025-10-15,488,0.6467111080533364,0.6804709753148873,-0.03375986726155088
2025-10-16,488,0.8076862410518373,0.880357688984248,-0.0726714479324108
2025-10-17,490,0.6658932531036909,0.671110744986805,-0.005217491883114027
2025-10-20,491,0.727729528603798,0.7269017344213828,0.0008277941824150838
2025-10-21,489,0.7649614980924528,0.7718127717573808,-0.006851273664928017
2025-10-22,491,0.8631720627149259,0.8811601229796161,-0.017988060264690183
2025-10-23,491,0.8274146859778625,0.8393713714969332,-0.011956685519070843
2025-10-24,492,1.1237958810910291,1.0946599171844609,0.029135963906567943
2025-10-27,491,1.2916432004388763,1.2085651311629861,0.08307806927588988
2025-10-28,481,1.0927625826739351,1.0747240282251305,0.01803855444880456
2025-10-29,476,0.9365958707154017,0.9234403113326073,0.0131555593827945
2025-10-30,475,0.8215961284977629,0.7841324151695996,0.03746371332816313
2025-10-31,482,0.8388211522499374,0.857978425203349,-0.01915727295341156
2025-11-03,489,0.9599544536922722,0.9802849460803227,-0.020330492388050576
2025-11-04,481,0.8844050641619432,0.8819840285705041,0.0024210355914392034
2025-11-05,475,0.8165251977075322,0.8279891801124154,-0.011463982404883218
2025-11-06,475,0.8383943348278522,0.8426980925143266,-0.004303757686474425
2025-11-07,479,0.6687747257029557,0.6727769858609879,-0.0040022601580321695
2025-11-10,479,0.8132531584045639,0.7862455469368218,0.027007611467742016
2025-11-11,456,0.7199428792650173,0.7136389873339493,0.006303891931068048
2025-11-12,445,1.0795320481936181,1.0615882901075002,0.017943758086117777
2025-11-13,450,0.795909896693361,0.7733886862598998,0.022521210433461107
2025-11-14,465,0.764884665154621,0.8013633291779102,-0.03647866402328929
2025-11-17,477,0.7526758908077971,0.7331501713574893,0.01952571945030774
2025-11-18,474,0.7400676682590098,0.7314551170269742,0.008612551232035661
2025-11-19,476,0.7578156939673866,0.7736108598975173,-0.015795165930130608
2025-11-20,477,1.3309363255048834,1.1977800614018042,0.13315626410307932
2025-11-21,481,0.918483603165027,0.8099026111950786,0.10858099196994839
2025-11-24,474,0.8219040673468475,0.9036287214086656,-0.081724654061818
2025-11-25,458,0.6066440470363367,0.5954326423518265,0.011211404684510195
2025-11-26,457,0.6569176564510235,0.6502806747375736,0.006636981713449883
2025-11-28,463,0.8026440942909123,0.8302826451382314,-0.02763855084731899
2025-12-01,478,0.7812968525442328,0.8081458876824175,-0.02684903513818472
2025-12-02,463,0.8363628245061387,0.8607386034644721,-0.024375778958333382
2025-12-03,465,0.7773078153047902,0.7677378873431558,0.009569927961634254
2025-12-04,468,0.7998077280600853,0.7817890847041846,0.018018643355900536
2025-12-05,482,0.7976159748082392,0.8043985069158186,-0.006782532107579382
2025-12-08,485,0.8898379843000612,0.9038423236809402,-0.014004339380879036
2025-12-09,479,0.8994921308051909,0.9078462198086159,-0.008354089003425044
2025-12-10,462,0.872063572258368,0.8562818069414012,0.015781765316966796
2025-12-11,457,0.7947510571280266,0.7656491700145126,0.029101887113514052
2025-12-12,461,0.7070850421727485,0.6818577516514835,0.025227290521264992
2025-12-15,480,0.6283024545772277,0.6065746799491784,0.021727774628049354
2025-12-16,482,0.5910579885949243,0.5838100033190871,0.007247985275837169
2025-12-17,484,0.7588910017489856,0.7822091876134716,-0.02331818586448603
2025-12-18,486,0.636730336511505,0.6433226126830648,-0.006592276171559723
2025-12-19,490,0.4797395595590322,0.6023507458117706,-0.1226111862527384
2025-12-22,485,0.41145382068003716,0.3993697225604076,0.01208409811962955
2025-12-23,482,0.4058966988890162,0.3736172109631882,0.03227948792582808
2025-12-24,481,0.4460616586271779,0.38248480278729563,0.06357685583988226
2025-12-26,471,0.5470841128237574,0.4613899684190686,0.08569414440468882
2025-12-29,458,0.5909329911070033,0.5679359759691097,0.02299701513789355
2025-12-30,457,0.7782278392136087,0.7788709046395352,-0.0006430654259265823
2025-12-31,471,1.2523502205715014,1.2569938320745968,-0.004643611503095664
2026-01-02,488,0.9240755361848214,0.9487484067809896,-0.02467287059616809
2026-01-05,491,0.7645089396153361,0.7628913361912464,0.001617603424089698
2026-01-06,488,0.7590171432982273,0.7462265642960959,0.012790579002131422
2026-01-07,485,0.9147794043237645,0.902600407817425,0.012178996506339418
2026-01-08,484,0.9052715169182837,0.8978639632702531,0.007407553648030541
2026-01-09,489,0.8573536840652664,0.8606287452615325,-0.0032750611962662434
2026-01-12,489,0.8304288158696488,0.8352160305436505,-0.004787214674001678
2026-01-13,483,0.7471444010000183,0.7627237844105887,-0.015579383410570394
2026-01-14,480,0.8304188115682308,0.7992557001183186,0.031163111449912333
2026-01-15,482,0.7984903001039662,0.7797518241365318,0.01873847596743433
2026-01-16,487,0.776738698647159,0.7713143757418264,0.005424322905332646
2026-01-20,488,0.7274784849086564,0.7604960329927593,-0.03301754808410274
2026-01-21,490,0.6465303343621868,0.6536206403214778,-0.007090305959291129
2026-01-22,492,0.7749515385724657,0.7851815159449222,-0.010229977372456539
2026-01-23,493,0.8785759537515954,0.8658217238098364,0.012754229941759057
2026-01-26,490,1.056897882886796,1.0363539498967225,0.020543932990073552
2026-01-27,481,0.9284934548587374,0.9125748539799401,0.0159186008787972
2026-01-28,479,0.9792574439467098,0.9813184260285733,-0.0020609820818634854
2026-01-29,480,1.2899199417078748,1.2499999261505352,0.03992001555733952
2026-01-30,486,1.618107434605648,1.5694652306435701,0.04864220396207814
2026-02-02,489,1.7245757239993857,1.6763980909535054,0.048177633045880436
2026-02-03,484,1.2912343133754571,1.267210142563003,0.024024170812454247
2026-02-04,481,1.1116356696381011,1.0703238348934465,0.04131183474465473
2026-02-05,478,1.2833864644338844,1.290951518171888,-0.007565053738003939
2026-02-06,480,1.157735839085461,1.139015909691915,0.018719929393545737
2026-02-09,483,1.4410783470315376,1.4439464583556363,-0.0028681113240984534
2026-02-10,464,1.3101379469329952,1.3036289432938108,0.006509003639184516
2026-02-11,452,0.9961019808817096,0.9885599603475018,0.007542020534207835
2026-02-12,449,0.9028589915707946,0.9800290452346854,-0.07717005366389083
2026-02-13,467,0.7939223738685603,0.7980864898467213,-0.00416411597816092
2026-02-17,477,0.7922652945960245,0.7826371832836927,0.009628111312331772
2026-02-18,475,0.9765136090545856,0.9843132086335793,-0.007799599578993612
2026-02-19,476,0.8233551412385937,0.8382179427002995,-0.014862801461705797
2026-02-20,477,0.7915557870579069,0.7931375128108553,-0.0015817257529485158
2026-02-23,483,0.9623164351282248,0.9405553784890274,0.02176105663919748
2026-02-24,469,0.922810236369234,0.8845173393742765,0.03829289699495748
2026-02-25,458,1.0156988916266767,0.9847714088966715,0.03092748273000533
2026-02-26,456,1.036898090674805,1.0418784473273042,-0.004980356652499059
2026-02-27,467,0.8879016370355369,0.9131221245561482,-0.02522048752061123
2026-03-02,477,1.154287438048919,1.1556967082506495,-0.0014092702017305895
2026-03-03,460,1.1252418381627445,1.1015737410611823,0.02366809710156212
2026-03-04,456,0.9541037993752486,1.0295208879766056,-0.07541708860135715
2026-03-05,450,0.8832086219570177,0.8423151218858005,0.04089350007121722
2026-03-06,463,0.9940845699805867,0.9710021424952114,0.023082427485375197
2026-03-09,473,1.2585738507942024,1.3041319574910881,-0.04555810669688589
2026-03-10,465,1.0424360926815168,1.1159782053137415,-0.07354211263222467
2026-03-11,458,0.7285143693703254,0.8065718093795496,-0.07805744000922431
2026-03-12,451,0.7186999802292826,0.7018262289981773,0.016873751231105318
2026-03-13,472,0.7010792465269402,0.706112829134236,-0.005033582607295887
2026-03-16,483,0.8165515848286572,0.8272967848656689,-0.010745200037011831
2026-03-17,488,1.0943312159130163,1.1236875756639166,-0.029356359750900344
2026-03-18,487,0.6949807033692883,0.7571082479447893,-0.06212754457550092
2026-03-19,488,0.8152951630163155,0.8444842402768578,-0.02918907726054214
2026-03-20,489,1.0007396803426438,0.9359099234608653,0.06482975688177856
2026-03-23,490,0.7759845998162179,0.8301532869269255,-0.05416868711070751
2026-03-24,488,0.9311184832936447,1.0261830101172098,-0.09506452682356532
2026-03-25,489,1.2433290871425948,1.2164477002842324,0.026881386858362222
2026-03-26,467,0.5716363598508872,0.6622720258810911,-0.09063566603020376
2026-03-27,466,1.0081934864934394,0.9141576420891335,0.09403584440430601
2026-03-30,458,1.222930763460006,1.091759896758782,0.13117086670122396
2026-03-31,477,0.7417967268984911,0.7604630875853375,-0.018666360686846403
2026-04-01,480,0.6677671054897697,0.7123188061565254,-0.044551700666755664
2026-04-02,490,1.076571994857293,1.0942156571468586,-0.017643662289565813
2026-04-06,488,1.2709872825839583,1.2509030303084065,0.020084252275551627
2026-04-07,485,1.3427624201129604,1.3436622312941326,-0.0008998111811721202
2026-04-08,484,0.7319636908993522,0.7532195225516414,-0.02125583165228911
2026-04-09,488,0.7962338008359714,0.7966130388981377,-0.0003792380621663546
2026-04-10,489,1.119331962557648,1.0688230437675363,0.05050891879011191
2026-04-13,488,0.8127673276994539,0.8011174002460019,0.011649927453452051
2026-04-14,486,0.8447166191233495,0.806912140719053,0.037804478404296515
2026-04-15,487,0.8613183389842491,0.829909571773108,0.03140876721114106
2026-04-16,488,0.8112941438970996,0.813079494670406,-0.0017853507733063183
2026-04-17,488,0.9061882461162016,0.9186815183984395,-0.012493272282237802
2026-04-20,491,1.0800858952143164,1.0891072567626643,-0.009021361548347725
2026-04-21,491,1.0537181255849664,1.0417785440409106,0.011939581544055765
2026-04-22,494,0.9222434682568508,0.9104190648225741,0.011824403434276674
2026-04-23,494,0.8396063493149409,0.8267013679478338,0.012904981367107169
2026-04-24,493,1.0369722220472575,1.0326353335688974,0.004336888478360096
2026-04-27,487,1.0241458418605873,1.0157085245844784,0.008437317276108951
2026-04-28,482,1.0165196750873753,1.0036489835719458,0.012870691515429694
2026-04-29,477,0.9316878857733616,0.9210634243907234,0.010624461382638185
2026-04-30,480,0.9562038382769918,0.9537058997557284,0.0024979385212635205
2026-05-01,485,1.1617675005902737,1.114678743572073,0.04708875701820037
2026-05-04,490,1.2111248814835442,1.1582830502754227,0.052841831208121554
2026-05-05,480,1.3350786004426285,1.306799638021314,0.028278962421314405
2026-05-06,475,1.1444859700397791,1.1883235826374121,-0.043837612597632906
2026-05-07,473,1.0162323918677671,0.9915802580398657,0.024652133827901473
2026-05-08,480,1.0537788700092863,0.9804815102238057,0.07329735978548073
2026-05-11,479,0.8020607942046223,0.832272988296933,-0.03021219409231072
2026-05-12,457,0.8807799916321533,0.9332296434138991,-0.05244965178174591
2026-05-13,452,1.0206697362042236,0.9867121661245137,0.03395757007970996
2026-05-14,455,1.0906788289077844,1.0569629886189003,0.03371584028888407
2026-05-15,475,0.828960829800642,0.8268681302965574,0.0020926995040848064
2026-05-18,481,0.827325400020227,0.8035533084280385,0.023772091592188422
2026-05-19,465,1.1218558472322615,1.046798865022903,0.07505698220935855
2026-05-20,467,1.0080819008456763,0.976803988617083,0.031277912228593295
2026-05-21,469,0.9529047600469954,0.9442529955787555,0.008651764468239965
2026-05-22,486,1.048256474847059,1.0318617164098811,0.01639475843717808
2026-05-26,473,1.246850222339953,1.22411034139507,0.022739880944882853
2026-05-27,456,1.5595291492596906,1.514810825404797,0.04471832385489367
2026-05-28,456,1.2368846644668536,1.2041719290647284,0.032712735402124965
2026-05-29,468,1.0575604759774495,1.0353934091675603,0.02216706680988914
2026-06-01,482,1.0594859219345156,1.0385918296004566,0.020894092334059082
2026-06-02,466,1.1787697428167054,1.0841617210793326,0.09460802173737289
2026-06-03,465,0.9217511020055933,0.9079626104145435,0.013788491591049766
2026-06-04,466,1.038447059062115,0.9956623556309319,0.04278470343118331
2026-06-05,478,0.8569780937996742,0.834333690568981,0.022644403230693215
2026-06-08,481,0.937451500089704,0.9037088720507203,0.033742628038983764
2026-06-09,475,0.8272254283108602,0.8130283906677992,0.014197037643061019
2026-06-10,453,1.4482493045818365,1.3533234345608762,0.09492587002096049
2026-06-11,449,0.8530402129825314,0.8830731251386494,-0.030032912156117975
2026-06-12,458,1.0549614549484483,1.0698503026314328,-0.01488884768298455
2026-06-15,483,0.9224640010043461,0.9368097300121719,-0.014345729007825868
2026-06-16,485,1.1864415974496518,1.099972895889737,0.0864687015599147
2026-06-17,485,0.7741398116667491,0.8003474700629034,-0.02620765839615443
2026-06-18,486,0.9754546217952849,0.9636733484806974,0.011781273314587379
2026-06-22,487,1.1733879448868338,1.115152388099406,0.05823555678742772
2026-06-23,485,1.2440632581048388,1.1590666291974896,0.08499662890734913
2026-06-24,485,1.0214534306117924,0.9811831960501944,0.0402702345615979
2026-06-25,467,0.9789167346685113,0.9722020992504108,0.006714635418100546
2026-06-26,464,0.9770763025936001,0.9913296673087094,-0.014253364715109294
2026-06-29,460,1.2978167102801108,1.188257635829703,0.10955907445040755
2026-06-30,475,1.3140509308602935,1.213404656115162,0.10064627474513142
2026-07-01,480,1.080161852059354,1.0140144125953823,0.06614743946397192
2026-07-02,485,0.894782130919047,0.8825521632333463,0.012229967685700742
2026-07-06,488,0.7579059311216574,0.7731284679729463,-0.01522253685128889
2026-07-07,483,0.7622389136545711,0.7578071447754492,0.004431768879121791
2026-07-08,484,0.6729798754813301,0.7008897111763281,-0.02790983569499801
2026-07-09,488,0.684456035950987,0.729641672641739,-0.04518563669075205
2026-07-10,491,0.8180858486403572,0.8395199294364764,-0.021434080796119147
2026-07-13,492,0.9098987659540464,0.8957183355604988,0.014180430393547631
2026-07-14,488,1.0011986388291199,0.9584599747703757,0.04273866405874427
2026-07-15,488,0.8371573894349952,0.8516651934232096,-0.014507803988214425
2026-07-16,486,0.9663466895801707,0.9228928143549547,0.04345387522521596
2026-07-17,488,0.8970738459992124,0.88651462205583,0.010559223943382446
2026-07-20,491,1.0869095273755232,1.061186943498387,0.02572258387713617
2026-07-21,488,0.9956003602664504,0.9855194441010113,0.01008091616543898
2026-07-22,489,1.2034679131069403,1.0992710278369664,0.10419688526997412
2026-07-23,489,2.0528422469819105,1.7959720252506375,0.256870221731273
2026-07-24,493,1.7899690721658097,1.6186004977631625,0.17136857440264744
2026-07-27,492,1.033851499031826,1.0128797835318128,0.02097171550001303
2026-07-28,484,1.2216391578281907,1.144872613830508,0.07676654399768262
2026-07-29,477,1.463848496824782,1.3189401646117738,0.14490833221300822
2026-07-30,477,1.359935393753582,1.2026846235759239,0.15725077017765812
2026-07-31,485,1.2535286692855396,1.1604730236462746,0.093055645639265
2026-08-03,492,0.9531668617496356,0.9511792162771469,0.0019876454724886785
2026-08-04,485,0.8492767773612859,0.8654754210226234,-0.01619864366133752
2026-08-05,480,0.903043857155009,0.9299374372702117,-0.02689358011520266
2026-08-06,478,0.7894215748010521,0.8217469397841825,-0.03232536498313038
2026-08-07,480,0.7753699834108937,0.8024738737775929,-0.027103890366699187
2026-08-10,480,0.8046297046729733,0.7766843154891687,0.027945389183804712
2026-08-11,458,0.7871547190244351,0.7681148835726286,0.019039835451806514
2026-08-12,455,0.6950059042412993,0.7178615550562971,-0.022855650814997838
2026-08-13,455,0.753303244472817,0.7906495746906167,-0.037346330217799616
2026-08-14,469,1.111606425336022,1.0781130909866876,0.033493334349334374
2026-08-17,473,1.2968623191370305,1.1952422139942354,0.10162010514279504
2026-08-18,471,1.1450472173326884,1.1292519564141081,0.015795260918580432
2026-08-19,475,0.7499210706951159,0.7853222466254528,-0.03540117593033697
