origin_trading_day,rows,baseline_loss,candidate_loss,loss_delta_baseline_minus_candidate
2020-05-06,451,1.4432068850330915,1.6335991049737077,-0.19039221994061625
2020-05-07,461,1.2348810324122235,1.3810212507864406,-0.14614021837421715
2020-05-08,465,1.928683233100023,1.9611427325215456,-0.032459499421522514
2020-05-11,451,1.4390159296704,1.5314944351999107,-0.09247850552951085
2020-05-12,443,1.1693908560195867,1.3164218165989046,-0.14703096057931792
2020-05-13,447,2.072352350657955,2.270428172485424,-0.19807582182746905
2020-05-14,454,1.5127848709619713,1.7084336622055476,-0.19564879124357615
2020-05-15,459,1.8866710859781242,2.0805033087276175,-0.19383222274949347
2020-05-18,453,1.166779264637653,1.3356025446129052,-0.16882327997525215
2020-05-19,455,1.1795086322739134,1.3662402101279592,-0.1867315778540457
2020-05-20,456,1.4074623084674325,1.5920832405462997,-0.18462093207886726
2020-05-21,460,1.8307521893634675,2.027813019572521,-0.19706083020905352
2020-05-22,454,1.6059869907077307,1.8018195063703228,-0.1958325156625921
2020-05-26,444,1.30084575382062,1.4788110560961185,-0.1779653022754983
2020-05-27,443,1.2437120607021241,1.4128590898499986,-0.16914702914787436
2020-05-28,452,1.217590094479056,1.4136728676633217,-0.1960827731842656
2020-05-29,464,1.6447704379877919,1.840336640837722,-0.19556620284993015
2020-06-01,456,1.6294397538951073,1.813167553623876,-0.18372779972876854
2020-06-02,459,2.08306949121422,2.2643618646760655,-0.1812923734618455
2020-06-03,461,1.9162407475431118,2.0956660285156574,-0.17942528097254562
2020-06-04,465,1.3138057261213845,1.5035308675573942,-0.1897251414360099
2020-06-05,466,1.2647058771197985,1.395389721288665,-0.13068384416886653
2020-06-08,453,2.8818512923788746,2.8472458417325863,0.034605450646288276
2020-06-09,439,1.8971032555487768,1.9137814044431642,-0.016678148894387207
2020-06-10,433,1.3428064969226412,1.4378933680367916,-0.09508687111415028
2020-06-11,446,1.5329011050400738,1.723239702854075,-0.19033859781400106
2020-06-12,469,1.1105561713282848,1.2848123006646404,-0.17425612933635573
2020-06-15,474,0.9494428229450582,1.0995486459727086,-0.15010582302765038
2020-06-16,471,1.0768970267090479,1.1800578133857602,-0.10316078667671247
2020-06-17,470,0.9501058171191016,1.0662030552734623,-0.11609723815436061
2020-06-18,471,0.9166811554825284,1.0294487879595349,-0.11276763247700669
2020-06-19,476,1.1129567456113203,1.1798815782672092,-0.06692483265588882
2020-06-22,474,0.9960064228349287,1.077469044554499,-0.08146262171957017
2020-06-23,472,1.3644638220179157,1.378566383803364,-0.014102561785448487
2020-06-24,454,0.8192183451958379,0.9339417153756722,-0.11472337017983422
2020-06-25,448,0.8167123931045158,0.9337416180577854,-0.11702922495326969
2020-06-26,447,1.0799984473858228,1.2049182730746708,-0.12491982568884788
2020-06-29,460,0.9291378010789245,1.0452541768470334,-0.1161163757681087
2020-06-30,466,0.9014882967157922,1.014352939596974,-0.11286464288118168
2020-07-01,468,0.8669005121518054,0.9574737571276583,-0.09057324497585272
2020-07-02,473,0.9013696785477804,0.9884798795197048,-0.08711020097192454
2020-07-06,467,1.1580593980380354,1.1913348727565312,-0.03327547471849573
2020-07-07,467,0.7653026818443812,0.8598997425852215,-0.0945970607408402
2020-07-08,468,0.7974696524965086,0.8759999725452023,-0.0785303200486938
2020-07-09,472,1.107318904326309,1.205808049174601,-0.09848914484829199
2020-07-10,472,1.1935933124680933,1.2894984030925851,-0.09590509062449164
2020-07-13,468,1.1476447824802414,1.250993368593039,-0.10334858611279765
2020-07-14,469,0.9241800492413017,1.025195189732685,-0.10101514049138316
2020-07-15,471,0.8329794374268661,0.9056604922112982,-0.07268105478443211
2020-07-16,473,0.7550364038650054,0.8471633525353521,-0.09212694867034672
2020-07-17,475,0.791654660448176,0.8827998427329702,-0.09114518228479424
2020-07-20,471,0.9234524220720586,1.0051536054149648,-0.08170118334290624
2020-07-21,471,0.8081429449138615,0.8734544063711969,-0.06531146145733537
2020-07-22,472,0.7700692505582828,0.8368707144268979,-0.06680146386861512
2020-07-23,473,0.7498001006043469,0.8130052882882363,-0.06320518768388945
2020-07-24,475,0.835320661253096,0.9245793955235462,-0.08925873427045015
2020-07-27,467,0.8652076703765739,0.9347313977772648,-0.06952372740069088
2020-07-28,457,0.9340424527126358,1.0076909927164632,-0.07364854000382767
2020-07-29,455,0.8970112662098113,0.9553735021235875,-0.05836223591377619
2020-07-30,463,0.8215392154248766,0.8975056258695323,-0.07596641044465559
2020-07-31,476,0.9199560862963088,0.9973054184736404,-0.07734933217733159
2020-08-03,470,0.9357054366416119,1.0052316154573233,-0.06952617881571146
2020-08-04,462,0.9616870412020841,1.03052246523315,-0.06883542403106581
2020-08-05,459,1.076524872862731,1.1410931861827307,-0.06456831331999976
2020-08-06,464,1.1273600616279813,1.1915081374826726,-0.06414807585469132
2020-08-07,470,0.8318027463855462,0.9091926785543611,-0.07738993216881491
2020-08-10,448,0.6949048053557003,0.7634181862520585,-0.06851338089635825
2020-08-11,443,0.6821918841945375,0.7562323846362279,-0.07404050044169036
2020-08-12,442,0.6835154253958102,0.7496542438132338,-0.06613881841742361
2020-08-13,458,0.6636622856119505,0.7320286125507841,-0.0683663269388336
2020-08-14,459,0.7020352125649106,0.759483756433043,-0.057448543868132376
2020-08-17,457,0.7462501293339789,0.7868008344731865,-0.04055070513920751
2020-08-18,461,0.7028859487860009,0.7516533812586149,-0.04876743247261398
2020-08-19,462,0.6755286853865301,0.7490995243901598,-0.07357083900362976
2020-08-20,466,0.6548448541173494,0.7354992959522142,-0.08065444183486489
2020-08-21,469,0.7378833809029821,0.8144859369971389,-0.07660255609415671
2020-08-24,466,0.7042514270175758,0.7699205357114902,-0.06566910869391442
2020-08-25,457,0.7548623882062656,0.8285784070192638,-0.0737160188129982
2020-08-26,442,0.6698956166293523,0.7363354276107308,-0.06643981098137858
2020-08-27,443,0.6804751187607181,0.7460286006915688,-0.06555348193085063
2020-08-28,448,0.764795551204349,0.8343009932613954,-0.06950544205704642
2020-08-31,451,0.7057864993227201,0.7577834359415571,-0.051996936618836975
2020-09-01,459,0.9695124940937957,0.9911296300697457,-0.021617135975950042
2020-09-02,458,1.8386871748602762,1.7074722542306746,0.13121492062960183
2020-09-03,464,0.7522798676335685,0.7870633911649378,-0.03478352353136939
2020-09-04,458,0.9426441461912027,0.9531642232325,-0.010520077041297331
2020-09-08,462,0.6934394745183645,0.7538946974031988,-0.060455222884834244
2020-09-09,443,0.6993696436189585,0.7624348280061293,-0.06306518438717078
2020-09-10,442,0.8629717507520904,0.924930380190712,-0.06195862943862169
2020-09-11,441,0.8938614151306511,0.9518015018681126,-0.057940086737461594
2020-09-14,466,0.6452867176370155,0.6964748026023968,-0.051188084965381284
2020-09-15,470,0.7982363055547388,0.8245799165763864,-0.026343611021647655
2020-09-16,472,1.2971474981500852,1.2503683549642126,0.046779143185872646
2020-09-17,473,1.1363827035838143,1.1268990537655663,0.009483649818247853
2020-09-18,475,1.3852239499983352,1.330670537110458,0.05455341288787736
2020-09-21,474,0.755848655298393,0.779210543219851,-0.023361887921458033
2020-09-22,471,0.6144217843167947,0.6558686440541038,-0.04144685973730911
2020-09-23,473,1.0089965207628295,1.0739776793607878,-0.06498115859795824
2020-09-24,456,0.8554529925794137,0.9229354525003514,-0.06748245992093768
2020-09-25,451,0.7059974430791222,0.772665372292678,-0.06666792921355588
2020-09-28,445,0.6992081342647385,0.748197685573146,-0.04898955130840745
2020-09-29,462,0.7212255928730046,0.7764876843559807,-0.05526209148297616
2020-09-30,466,0.8632168484853497,0.9245750392587547,-0.06135819077340515
2020-10-01,470,0.7526677170720325,0.8056417136711489,-0.0529739965991165
2020-10-02,472,0.8874996120621651,0.94597941896749,-0.058479806905324914
2020-10-05,463,0.7643179464037829,0.8288938889990077,-0.06457594259522485
2020-10-06,463,1.0376972402185933,1.094817066553138,-0.057119826334544786
2020-10-07,464,0.8293938105434172,0.8903202805541908,-0.06092647001077352
2020-10-08,478,0.7705708505987736,0.8091352999132225,-0.03856444931444896
2020-10-09,476,0.6512294492363019,0.6925824601990197,-0.041353010962717755
2020-10-12,471,0.6818447685657011,0.7152011813023307,-0.033356412736629634
2020-10-13,469,0.6185064483572895,0.6637648275267268,-0.04525837916943724
2020-10-14,473,0.6957973011933142,0.7231450019511497,-0.02734770075783551
2020-10-15,476,0.6514461148705316,0.6833436162700973,-0.031897501399565736
2020-10-16,476,0.719694267827856,0.743719181298438,-0.024024913470582072
2020-10-19,472,0.8726301877220123,0.9130479291248705,-0.040417741402858344
2020-10-20,473,0.7551734234191301,0.8042680191881463,-0.04909459576901618
2020-10-21,474,0.7187944265430325,0.7445538879712824,-0.025759461428249888
2020-10-22,475,1.0762284626562981,1.0579620177580111,0.018266444898286924
2020-10-23,476,2.1935930515902347,1.9582458725299667,0.23534717906026767
2020-10-26,468,1.2194600501255322,1.1717537002076692,0.04770634991786299
2020-10-27,460,1.0774972814545354,1.0536205572524826,0.023876724202052696
2020-10-28,459,1.2335685533303316,1.264159909850495,-0.030591356520163402
2020-10-29,466,1.4339010995774377,1.4647451670664209,-0.0308440674889832
2020-10-30,476,1.7049866628770387,1.731714544080137,-0.02672788120309813
2020-11-02,466,1.7792850683868928,1.7981417431335434,-0.01885667474665063
2020-11-03,461,1.450980477609294,1.474452779814235,-0.02347230220494111
2020-11-04,453,2.8301208802646927,2.7970816062356736,0.03303927402901917
2020-11-05,457,2.4276898535996527,2.3987689154010408,0.02892093819861219
2020-11-06,464,2.1535736405665817,2.1487913951238307,0.004782245442751567
2020-11-09,455,0.8398126350033761,0.8774423866577682,-0.03762975165439205
2020-11-10,450,0.7245411677109496,0.7872853187535391,-0.06274415104258955
2020-11-11,448,0.9314732865738208,1.0029845272567566,-0.07151124068293598
2020-11-12,457,1.246736144880843,1.3013015980150535,-0.05456545313421065
2020-11-13,462,0.8010066479112598,0.8552939221321518,-0.0542872742208921
2020-11-16,454,0.8305881049875482,0.8634454670115057,-0.032857362023957545
2020-11-17,460,0.7558998030849553,0.7977657991090781,-0.041865996024122935
2020-11-18,462,0.8034057240236622,0.8709734704126156,-0.0675677463889535
2020-11-19,467,1.1327550848102494,1.1938583860968712,-0.061103301286621864
2020-11-20,466,1.0782720519133513,1.1453203894856463,-0.06704833757229485
2020-11-23,458,0.7152332986627357,0.7921731513452732,-0.07693985268253767
2020-11-24,448,0.918967055465477,0.9536047801191518,-0.03463772465367484
2020-11-25,441,0.7498389816089214,0.8099495269012412,-0.060110545292319885
2020-11-27,449,0.6934465740787205,0.7542927729566049,-0.06084619887788448
2020-11-30,447,0.8478222327476956,0.9166118061222974,-0.06878957337460181
2020-12-01,454,0.959589211338922,1.0257371592191367,-0.06614794788021465
2020-12-02,459,0.7645669495813799,0.8398196424651334,-0.07525269288375347
2020-12-03,471,0.7191358956533184,0.7895507187457854,-0.07041482309246705
2020-12-04,468,0.6401948526089396,0.6927814058079682,-0.05258655319902869
2020-12-07,459,0.6849733497909367,0.7380655813460234,-0.053092231555086675
2020-12-08,459,0.6832752743855929,0.7275960498051347,-0.04432077541954183
2020-12-09,444,0.7271869855053478,0.7702403550080651,-0.0430533695027172
2020-12-10,446,0.6481707473254454,0.7140090614173565,-0.06583831409191111
2020-12-11,449,0.6843217549250219,0.7495886618354052,-0.06526690691038334
2020-12-14,465,0.7969312949856511,0.8711698844019407,-0.07423858941628957
2020-12-15,465,0.7343428830549701,0.7902482133592242,-0.05590533030425409
2020-12-16,465,0.6905264483257109,0.743860478316792,-0.05333402999108123
2020-12-17,466,0.7801744435970139,0.8161051630059614,-0.03593071940894747
2020-12-18,472,0.6539016401430761,0.7060506018767934,-0.052148961733717275
2020-12-21,467,0.5352304039070789,0.6052775781426901,-0.07004717423561127
2020-12-22,472,0.6151874567830983,0.6837259461476046,-0.06853848936450631
2020-12-23,473,0.5640873800171868,0.6239372005494691,-0.05984982053228221
2020-12-24,462,0.551974246765909,0.6167817947289128,-0.06480754796300382
2020-12-28,451,0.5426621893631077,0.6136681910562836,-0.07100600169317588
2020-12-29,446,0.6215821088663982,0.6735240402216186,-0.05194193135522044
2020-12-30,462,0.6710284460820887,0.725837316178701,-0.05480887009661228
2020-12-31,472,1.1496309124400186,1.180908513909427,-0.031277601469408584
2021-01-04,465,1.5528233155384645,1.5854770900986794,-0.032653774560215044
2021-01-05,463,1.2242431161466656,1.2757935579425768,-0.051550441795911284
2021-01-06,464,0.8128554021593667,0.8705573273165306,-0.05770192515716397
2021-01-07,476,0.7607659554309865,0.8185535735319627,-0.05778761810097621
2021-01-08,478,0.759035788416716,0.8119471462598455,-0.05291135784312953
2021-01-11,473,0.8955698829324945,0.9442092440862475,-0.04863936115375296
2021-01-12,471,0.8142801744380834,0.8518483947213155,-0.03756822028323206
2021-01-13,468,0.752409580294343,0.8008808152765903,-0.04847123498224722
2021-01-14,473,0.7745657336787175,0.8300902783219619,-0.0555245446432445
2021-01-15,468,0.7928926561879227,0.8477955672892428,-0.054902911101320104
2021-01-19,472,0.7484404276165189,0.7964790411162671,-0.04803861349974827
2021-01-20,472,0.8051352004279008,0.8387835084569454,-0.03364830802904462
2021-01-21,478,0.9118609442734763,0.9363291379290453,-0.024468193655568904
2021-01-22,479,1.5185623580911067,1.471768490013916,0.04679386807719078
2021-01-25,473,0.9043266431736181,0.9218867923772495,-0.01756014920363134
2021-01-26,461,1.1259344659777122,1.1110004571465473,0.014934008831165201
2021-01-27,460,0.9752030512663508,1.0174118243985193,-0.042208773132168434
2021-01-28,464,0.8202007098428814,0.8795222490458766,-0.059321539202995266
2021-01-29,477,1.075394518106236,1.1423322071081987,-0.06693768900196259
2021-02-01,468,1.1358813056270305,1.1918700562241504,-0.055988750597119996
2021-02-02,466,0.9503779742132922,1.0092532514219048,-0.058875277208612756
2021-02-03,461,1.1033253029910237,1.164724620296473,-0.061399317305449265
2021-02-04,465,0.7880522636634902,0.8561104921078897,-0.0680582284443995
2021-02-05,466,0.725931672877329,0.7918793077770934,-0.06594763489976437
2021-02-08,451,0.7331780908783394,0.7877185013045618,-0.054540410426222354
2021-02-09,449,0.7996872152043001,0.8530892012830249,-0.05340198607872481
2021-02-10,444,0.8214355611571879,0.8591670339904245,-0.03773147283323658
2021-02-11,458,0.7431168209781992,0.7784281254117574,-0.035311304433558205
2021-02-12,458,0.7557015705842243,0.7778046427135871,-0.02210307212936274
2021-02-16,455,0.6628595026731747,0.7039759709544698,-0.041116468281295275
2021-02-17,458,0.8938278341870994,0.9118763724238034,-0.018048538236703902
2021-02-18,461,1.0987597725386085,1.1118862703222645,-0.013126497783656044
2021-02-19,469,1.1540802352586081,1.1687554713572454,-0.01467523609863723
2021-02-22,456,0.7844337114502103,0.8017644323161278,-0.01733072086591765
2021-02-23,444,0.8295791377074178,0.834061527006883,-0.0044823892994651695
2021-02-24,444,0.6967221594885037,0.7253993517116993,-0.028677192223195636
2021-02-25,457,0.7298339361767914,0.7792510300075451,-0.04941709383075382
2021-02-26,468,0.8445417949218473,0.8812678861805194,-0.03672609125867209
2021-03-01,459,1.2808174458036583,1.221810335667751,0.059007110135907426
2021-03-02,453,0.9938148409478239,0.9983472156987815,-0.004532374750957648
2021-03-03,457,1.1632600933383148,1.1736374465001358,-0.010377353161821113
2021-03-04,451,1.0389811647894809,1.0880600504320566,-0.0490788856425755
2021-03-05,459,0.8095193035941219,0.863673989087604,-0.05415468549348202
2021-03-08,448,1.0476245601971903,1.0874555849409282,-0.03983102474373802
2021-03-09,442,0.8541724025613712,0.9138000612388176,-0.05962765867744651
2021-03-10,435,0.879507151531228,0.9375442060067224,-0.05803705447549438
2021-03-11,438,0.6778929592037636,0.7281982259904347,-0.05030526678667098
2021-03-12,460,0.6723605049777142,0.7237778387658858,-0.05141733378817163
2021-03-15,464,0.7870307186647267,0.8058312763822255,-0.01880055771749879
2021-03-16,471,0.7131484225349684,0.7441030614636892,-0.030954638928720867
2021-03-17,472,0.7637782318129109,0.7918694350417358,-0.028091203228824916
2021-03-18,475,0.888417460093413,0.9120732437633309,-0.023655783669917677
2021-03-19,477,0.8249426221684611,0.8457542731878082,-0.0208116510193471
2021-03-22,474,0.7131546408648374,0.7478133866238709,-0.03465874575903356
2021-03-23,473,1.1476527533200485,1.1909699159888623,-0.04331716266881378
2021-03-24,476,0.9394923539716197,0.9909688340537129,-0.05147648008209328
2021-03-25,461,0.6464431754330404,0.708809164377688,-0.06236598894464759
2021-03-26,452,0.5422962962501667,0.5939398788671779,-0.05164358261701113
2021-03-29,449,0.736747648156316,0.7981398306926775,-0.06139218253636159
2021-03-30,462,0.8353280342825524,0.8969508435892564,-0.06162280930670387
2021-03-31,469,0.7429981083788758,0.8138123884892315,-0.07081428011035563
2021-04-01,471,0.5419343578596264,0.6070701712577741,-0.06513581339814764
2021-04-05,466,0.5304734351227651,0.5880262359008505,-0.05755280077808531
2021-04-06,467,0.5348893798896507,0.5968699945684366,-0.061980614678785885
2021-04-07,467,0.5876108689835408,0.6521337307791433,-0.06452286179560254
2021-04-08,478,0.542858782686564,0.6049654699846196,-0.06210668729805565
2021-04-09,476,0.5178530890560089,0.5759698108462732,-0.058116721790264385
2021-04-12,473,0.5782555239809285,0.6400972845883997,-0.061841760607471215
2021-04-13,473,0.6118383835920727,0.6762515963078035,-0.06441321271573087
2021-04-14,478,0.5902021155405838,0.6502169664674168,-0.06001485092683304
2021-04-15,476,0.6909673711440768,0.7185532668227907,-0.027585895678714053
2021-04-16,475,0.5745843494828089,0.6221039368043693,-0.047519587321560496
2021-04-19,471,0.6084635841229343,0.6523198290417941,-0.043856244918859706
2021-04-20,474,0.7367880853242087,0.7977687153193372,-0.06098062999512864
2021-04-21,475,0.6302817407949877,0.6848550905329395,-0.05457334973795174
2021-04-22,478,0.728477875412748,0.784933336743376,-0.05645546133062801
2021-04-23,480,0.6808302275759593,0.7242723584473938,-0.04344213087143445
2021-04-26,472,0.7125328177709026,0.7591851918916858,-0.0466523741207831
2021-04-27,462,0.682112126294538,0.7159397023563521,-0.0338275760618141
2021-04-28,462,0.7325296052103281,0.767911904394101,-0.03538229918377295
2021-04-29,470,0.7962035610198813,0.8185157345532008,-0.022312173533319435
2021-04-30,480,0.8796713738468357,0.9079854772862707,-0.02831410343943498
2021-05-03,471,0.8532538800100946,0.8838683602667657,-0.03061448025667105
2021-05-04,461,0.8233712910764971,0.8652503368711866,-0.04187904579468948
2021-05-05,457,0.7530338399327171,0.7917548335809027,-0.03872099364818564
2021-05-06,464,0.6167121174739258,0.6504209562930718,-0.033708838819145916
2021-05-07,469,1.3008035441840506,1.249035602155909,0.05176794202814135
2021-05-10,455,0.7806576361873139,0.7868437328387171,-0.006186096651403256
2021-05-11,448,0.5349954950203802,0.5862453992926285,-0.05124990427224829
2021-05-12,452,0.8757470833955668,0.9337422939936441,-0.057995210598077204
2021-05-13,463,0.6053594291895513,0.6546566151642756,-0.04929718597472423
2021-05-14,466,0.6652897381964392,0.6875258488709547,-0.02223611067451546
2021-05-17,457,0.7092789172694813,0.7403207084126902,-0.031041791143208725
2021-05-18,459,0.5896995427515801,0.6384146563816393,-0.048715113630059266
2021-05-19,460,0.6322633679950271,0.6950261023595002,-0.06276273436447309
2021-05-20,465,0.5004436822788206,0.5553698303617987,-0.054926148082978014
2021-05-21,468,0.5439472551943204,0.5989713424619049,-0.05502408726758455
2021-05-24,454,0.56555989394666,0.6160102697008654,-0.05045037575420545
2021-05-25,441,0.5368250694347727,0.59319217525822,-0.05636710582344738
2021-05-26,438,0.622927830511064,0.6711293966120385,-0.04820156610097447
2021-05-27,452,0.5918534913937378,0.6346961527721088,-0.042842661378371054
2021-05-28,455,0.6434248376408385,0.679554785492583,-0.03612994785174458
2021-06-01,460,0.5796423754994826,0.6260501341464045,-0.046407758646922
2021-06-02,460,0.5683245615849798,0.6139280336159064,-0.04560347203092668
2021-06-03,470,0.5769547074419564,0.623812259321295,-0.04685755187933866
2021-06-04,464,0.6033618360489248,0.6353472073011313,-0.03198537125220641
2021-06-07,460,0.6173058742824155,0.6495677953618507,-0.03226192107943523
2021-06-08,462,0.5628595186474286,0.598703296716541,-0.035843778069112424
2021-06-09,445,0.5881732918595948,0.623097352330801,-0.03492406047120617
2021-06-10,447,0.4770117507535666,0.5167255811050232,-0.0397138303514566
2021-06-11,447,0.562078631028175,0.5828524190453953,-0.020773788017220397
2021-06-14,468,0.7273742652796081,0.7326857845911835,-0.005311519311575402
2021-06-15,473,1.2383521728514222,1.1543279095140033,0.08402426333741908
2021-06-16,473,0.6316161999386501,0.6533888548350676,-0.02177265489641744
2021-06-17,476,0.485013638550816,0.5274174220952529,-0.042403783544436933
2021-06-18,477,0.6372510404303889,0.687433679101012,-0.050182638670623045
2021-06-21,473,0.5355350921595603,0.5804117814197306,-0.044876689260170285
2021-06-22,469,0.562303601299818,0.6087870383203412,-0.046483437020523044
2021-06-23,470,0.5898497654755814,0.634090362716542,-0.044240597240960515
2021-06-24,459,0.5565323063171228,0.5915651450083949,-0.035032838691272224
2021-06-25,454,0.5205699658845386,0.5507128596194374,-0.03014289373489876
2021-06-28,447,0.44082516978863184,0.48799308991255336,-0.04716792012392157
2021-06-29,459,0.4689892077745554,0.5176944212751801,-0.04870521350062459
2021-06-30,464,0.5569926724345547,0.5885476405241834,-0.03155496808962857
2021-07-01,471,0.661729728745155,0.6861306721542644,-0.024400943409109352
2021-07-02,470,0.7435161560429188,0.7455011808071679,-0.0019850247642491906
2021-07-06,470,0.4296218448714036,0.47559414834519753,-0.04597230347379394
2021-07-07,471,0.46248065841027153,0.5069509320907081,-0.0444702736804365
2021-07-08,478,0.4822275234670789,0.5271892977814133,-0.04496177431433441
2021-07-09,475,0.5248697687251026,0.5478443963572531,-0.0229746276321506
2021-07-12,472,0.6449264567750329,0.6562561265980653,-0.011329669823032405
2021-07-13,471,0.749469679557051,0.755942685431631,-0.006473005874580116
2021-07-14,477,1.0428032019491185,1.0007058192641454,0.04209738268497312
2021-07-15,475,0.5717496234203736,0.5932648945341975,-0.02151527111382388
2021-07-16,475,0.6334304902038499,0.6721088260319144,-0.03867833582806448
2021-07-19,472,0.9513296776339074,0.9845451495595924,-0.033215471925684956
2021-07-20,475,0.6230449203517626,0.6685161950740826,-0.04547127472232008
2021-07-21,473,0.5406819451368852,0.582269785547882,-0.04158784041099684
2021-07-22,476,0.5557063819856486,0.5956033915020607,-0.03989700951641202
2021-07-23,477,0.5172100102142039,0.5527020456180258,-0.03549203540382202
2021-07-26,470,0.5901062892091113,0.6250699917834205,-0.03496370257430906
2021-07-27,458,0.6559063164892383,0.6852972830804078,-0.02939096659116961
2021-07-28,458,0.6479807354462348,0.6737102680958188,-0.02572953264958398
2021-07-29,468,0.68338912159272,0.709117982570462,-0.025728860977741994
2021-07-30,480,0.6854645418318419,0.7040145917073967,-0.018550049875554638
2021-08-02,475,0.6612190670001121,0.6894023397997754,-0.028183272799663206
2021-08-03,469,0.6009541760803644,0.630178475692281,-0.029224299611916648
2021-08-04,460,0.6608317193494581,0.6946106975617968,-0.033778978212338634
2021-08-05,465,0.7033710102913557,0.7313746919509684,-0.028003681659612638
2021-08-06,466,0.6723021969560895,0.6664145992581658,0.005887597697923758
2021-08-09,454,0.6631105575333092,0.6565899632362084,0.00652059429710071
2021-08-10,446,0.5143308885882452,0.5043240548157694,0.010006833772475795
2021-08-11,449,0.5623539596307079,0.5645428297800453,-0.002188870149337535
2021-08-12,461,0.689576959357724,0.7083084739805439,-0.01873151462281985
2021-08-13,464,0.7049481396991805,0.73829593613521,-0.03334779643602949
2021-08-16,455,0.8145512470934336,0.8620176567766265,-0.04746640968319288
2021-08-17,460,0.5669208589060848,0.5772141572650051,-0.010293298358920244
2021-08-18,462,0.5013906601500664,0.4806589602124183,0.02073169993764816
2021-08-19,471,0.7769900706970879,0.7615939480909255,0.015396122606162334
2021-08-20,472,0.8215404106303521,0.8111706392039388,0.010369771426413295
2021-08-23,471,0.5502675695439602,0.544294063356833,0.005973506187127178
2021-08-24,468,0.5160606809006543,0.4993422199939753,0.016718460906678872
2021-08-25,462,0.4931438761554141,0.4860085171693144,0.007135358986099679
2021-08-26,444,0.4654213124632484,0.44739271368524214,0.01802859877800627
2021-08-27,446,0.5440845744546366,0.5444333772342688,-0.00034880277963208355
2021-08-30,440,0.5283210765444439,0.5211362686169291,0.007184807927514865
2021-08-31,458,0.4891982561535002,0.48233768334923177,0.006860572804268407
2021-09-01,455,0.5244623381472374,0.5290922981613454,-0.004629960014108034
2021-09-02,466,0.5984935954566364,0.619291682809118,-0.020798087352481596
2021-09-03,455,0.6338465680076782,0.6576702315652974,-0.023823663557619047
2021-09-07,458,0.5947883399750862,0.6137307364538984,-0.01894239647881225
2021-09-08,460,0.6746326520213405,0.6914711107384711,-0.016838458717130574
2021-09-09,450,0.6228642567761227,0.640081179751702,-0.01721692297557932
2021-09-10,445,0.5794823384756039,0.5732197254431631,0.006262613032440701
2021-09-13,444,0.5318699808686412,0.5309524963532066,0.0009174845154346611
2021-09-14,468,0.5562867485804045,0.5577655041207701,-0.0014787555403655427
2021-09-15,474,0.9087730183927398,0.9664008741591502,-0.05762785576641037
2021-09-16,475,0.9251580242083212,0.9871549259690446,-0.061996901760723436
2021-09-17,476,0.5344464842140121,0.5439099675851202,-0.009463483371108106
2021-09-20,472,0.8174619913322766,0.8026436916133165,0.014818299718959997
2021-09-21,472,0.9610123753269394,0.9518126861591741,0.009199689167765302
2021-09-22,471,0.9365473910407067,0.9372867051057637,-0.0007393140650569926
2021-09-23,476,0.9524020491830686,0.9930580462699781,-0.040655997086909625
2021-09-24,458,0.9005971534571077,0.9373381881568257,-0.03674103469971811
2021-09-27,448,1.0490061231398335,1.1243190217120387,-0.07531289857220506
2021-09-28,447,0.5583288972338775,0.5576516884595616,0.0006772087743158044
2021-09-29,462,0.7226164852293105,0.7478868062812648,-0.0252703210519542
2021-09-30,471,0.6615992007807878,0.6508322727494351,0.010766928031352721
2021-10-01,472,0.5506309398741581,0.5464465246729294,0.004184415201228683
2021-10-04,466,0.6816392817757941,0.6617001257386504,0.019939156037143715
2021-10-05,468,0.5596525362007048,0.5469461699700393,0.012706366230665482
2021-10-06,469,0.6015231022676212,0.6010705239160675,0.00045257835155365265
2021-10-07,481,0.6254548337987633,0.6375049598158934,-0.012050126017130007
2021-10-08,480,0.5796801536958227,0.5819002518186042,-0.002220098122781396
2021-10-11,471,0.7395253937513666,0.7201632204138337,0.019362173337532856
2021-10-12,470,0.8292542726330498,0.813227021326421,0.016027251306628916
2021-10-13,473,0.7880652859719952,0.7730127261255848,0.015052559846410461
2021-10-14,481,0.5655732449953861,0.5511190625733515,0.014454182422034575
2021-10-15,481,0.5961109104342124,0.5777042922324771,0.018406618201735333
2021-10-18,475,0.6775290009562871,0.6635027582615846,0.014026242694702592
2021-10-19,475,0.6512506383605077,0.641809244930272,0.009441393430235775
2021-10-20,475,0.6031703885989071,0.595830174379735,0.007340214219172235
2021-10-21,480,0.5743782504899237,0.5686691283489557,0.005709122140968131
2021-10-22,480,0.7591988968430708,0.7867858719595052,-0.027586975116434254
2021-10-25,472,0.7709578934048884,0.7851079436657343,-0.014150050260845764
2021-10-26,460,0.8238336612883197,0.8418167686269534,-0.017983107338633814
2021-10-27,458,0.8115946706863916,0.7999191476349964,0.01167552305139509
2021-10-28,465,0.7329874270974812,0.7283388209922397,0.004648606105241536
2021-10-29,478,0.8576217766684449,0.8500000440174329,0.007621732651011941
2021-11-01,471,0.8434500937896912,0.8470567306415739,-0.0036066368518827673
2021-11-02,469,0.9397506719775541,0.9402253104520601,-0.00047463847450607364
2021-11-03,467,0.8137289410954962,0.8122753070939545,0.0014536340015417894
2021-11-04,467,0.7086410582535114,0.7013190386784592,0.007322019575052342
2021-11-05,452,0.6107784081964588,0.6206887770571017,-0.009910368860642881
2021-11-08,454,0.5969791875221906,0.6050239598036761,-0.00804477228148544
2021-11-09,448,0.5721223828589999,0.5723811564504996,-0.0002587735914997762
2021-11-10,461,0.5854612368460393,0.572374636832489,0.013086600013550356
2021-11-11,454,0.62864715031634,0.6179283206277082,0.010718829688631793
2021-11-12,464,0.5681504662125294,0.5688676036845888,-0.0007171374720593588
2021-11-15,455,0.6663906243248643,0.6795732025600626,-0.01318257823519833
2021-11-16,459,0.7581388664825213,0.788225713240849,-0.030086846758327675
2021-11-17,458,0.6634905649732898,0.6829799208418597,-0.019489355868569896
2021-11-18,468,0.6624813947347776,0.670722417116698,-0.008241022381920352
2021-11-19,464,0.6936763317778378,0.691035052332363,0.0026412794454748335
2021-11-22,467,0.8728325688484727,0.9169247400080901,-0.04409217115961732
2021-11-23,462,0.8892008937586584,0.9333750189839165,-0.044174125225258015
2021-11-24,449,1.540943202569164,1.660439663018327,-0.11949646044916294
2021-11-26,447,1.158085881486101,1.2424995345368743,-0.08441365305077324
2021-11-29,439,0.7681272356836171,0.800721783464219,-0.03259454778060188
2021-11-30,456,0.7238771426985137,0.7250396891620292,-0.0011625464635155345
2021-12-01,458,1.2455610051939288,1.2392290447494465,0.00633196044448219
2021-12-02,472,0.8532299077690721,0.83022777580066,0.0230021319684122
2021-12-03,470,1.0697838043678436,1.048221505005511,0.021562299362332553
2021-12-06,459,0.5887802249326697,0.5657830518336955,0.02299717309897415
2021-12-07,461,0.5888186918638928,0.5847362238129413,0.004082468050951451
2021-12-08,462,0.7760525215797616,0.7952928977407366,-0.019240376160975042
2021-12-09,457,0.6965443287651198,0.711533864267367,-0.014989535502247141
2021-12-10,453,0.7025447812113713,0.7072696030660456,-0.004724821854674217
2021-12-13,450,0.711805747691172,0.7096716219348532,0.0021341257563187994
2021-12-14,465,0.6164259114329532,0.6135467673031572,0.0028791441297959944
2021-12-15,468,0.9843429219817794,1.039410271134216,-0.05506734915243633
2021-12-16,471,0.7708668236064005,0.777482219786098,-0.006615396179697636
2021-12-17,471,0.6429627085061996,0.618638812339703,0.024323896166496668
2021-12-20,474,1.1251342555761206,1.100663644637944,0.024470610938176394
2021-12-21,475,0.7966179840172101,0.7615612411902344,0.035056742826975636
2021-12-22,481,0.6228622268829004,0.5876676240335558,0.03519460284934457
2021-12-23,481,0.594408387824274,0.5647037233955681,0.029704664428705882
2021-12-27,467,0.4201251985082689,0.40486934563483046,0.015255852873438442
2021-12-28,456,0.40825069137481623,0.39368324577492314,0.014567445599893081
2021-12-29,453,0.5706831715300444,0.5674772327103508,0.0032059388196936725
2021-12-30,467,0.9379231293094497,0.9453253001895829,-0.007402170880133328
2021-12-31,476,1.2489851264163494,1.2961077435326291,-0.047122617116279686
2022-01-03,471,1.0258006008093443,1.0611413651681127,-0.0353407643587685
2022-01-04,467,1.0883574867728798,1.1444516414130674,-0.05609415464018769
2022-01-05,469,0.7947921217355435,0.8111073786155599,-0.016315256880016466
2022-01-06,478,0.6742310926779878,0.6720627027016665,0.0021683899763212237
2022-01-07,484,0.5880808958734741,0.5726373057675332,0.015443590105940841
2022-01-10,477,0.6012205586640816,0.5900174025414984,0.01120315612258322
2022-01-11,474,0.7836765206719509,0.8015553708363082,-0.017878850164357286
2022-01-12,472,1.0881728204928374,1.1518631753758284,-0.06369035488299096
2022-01-13,477,1.0896855046410272,1.162307795009804,-0.07262229036877683
2022-01-14,473,1.349836733908718,1.4535772659003021,-0.10374053199158416
2022-01-18,475,1.3151670631469672,1.4116985989389566,-0.09653153579198955
2022-01-19,477,0.8098339811829185,0.8453352320350468,-0.03550125085212831
2022-01-20,483,0.907140735960645,0.9479245653933241,-0.040783829432678956
2022-01-21,482,0.8224754777838633,0.8456862584918481,-0.023210780707984796
2022-01-24,481,1.1924599261618007,1.2615657366762811,-0.06910581051448042
2022-01-25,471,0.7984481637439192,0.7942770325590763,0.004171131184842905
2022-01-26,466,1.1816094174863052,1.1628818483776644,0.01872756910864076
2022-01-27,466,1.5182314898062619,1.4999750873182363,0.0182564024880256
2022-01-28,475,1.093140855591889,1.0649134079646188,0.028227447627270197
2022-01-31,476,0.8277584804974552,0.8363655505706032,-0.008607070073148112
2022-02-01,471,0.8640023367155716,0.8845133521285747,-0.02051101541300314
2022-02-02,468,0.9482632181355176,0.9795008037542063,-0.03123758561868878
2022-02-03,472,0.842462754615691,0.8345591394053818,0.007903615210309042
2022-02-04,471,0.9191837311465825,0.8887279673587847,0.030455763787797834
2022-02-07,463,0.7236255080343091,0.7076654387142503,0.015960069320058914
2022-02-08,456,0.8329795788151538,0.8597326776083211,-0.026753098793167347
2022-02-09,456,1.306166512643603,1.4048335261362752,-0.09866701349267225
2022-02-10,462,0.6505585357047767,0.6527853184959962,-0.00222678279121946
2022-02-11,467,0.7857385413612699,0.7685016655340232,0.01723687582724674
2022-02-14,458,0.7276894323627577,0.7258505671890219,0.0018388651737358023
2022-02-15,456,0.9376255792323089,0.9769208960281986,-0.03929531679588977
2022-02-16,456,1.1736120998483839,1.2470752258242306,-0.07346312597584669
2022-02-17,472,1.1336073406986602,1.2012006174946992,-0.06759327679603909
2022-02-18,468,0.974163403707932,1.005251645839464,-0.03108824213153203
2022-02-22,458,0.9368525313102962,0.912114680857126,0.02473785045317024
2022-02-23,444,1.405157802469439,1.3845282639898615,0.02062953847957732
2022-02-24,450,1.0533717034317789,1.0572178626889532,-0.003846159257174333
2022-02-25,460,0.8896325424670777,0.892635429894725,-0.0030028874276473885
2022-02-28,464,0.8954747352662383,0.9039319119407068,-0.008457176674468441
2022-03-01,463,1.1311978939663865,1.1379097647937928,-0.006711870827406268
2022-03-02,462,2.1102013211807296,2.2472944417580387,-0.1370931205773093
2022-03-03,468,1.7632699324970695,1.8896250174309983,-0.12635508493392875
2022-03-04,459,0.8253598725559915,0.8460148324096102,-0.02065495985361872
2022-03-07,449,1.0135383928130046,1.0004017615524998,0.013136631260504886
2022-03-08,452,0.7541508652936415,0.7348656508505419,0.01928521444309961
2022-03-09,445,1.0035795546210495,1.0503114148309376,-0.04673186020988795
2022-03-10,452,0.7615398367024827,0.7597333861142901,0.001806450588192724
2022-03-11,448,1.2653082422532147,1.2444510386949437,0.02085720355827129
2022-03-14,466,1.7708723881834811,1.7519397313962008,0.018932656787280195
2022-03-15,472,1.5382702767284693,1.5135882606964222,0.02468201603204732
2022-03-16,474,0.8180098995606502,0.7848048653967167,0.033205034163933445
2022-03-17,480,0.6443852918259941,0.6081555814052935,0.03622971042070066
2022-03-18,479,0.761881138807096,0.7706514399556854,-0.0087703011485894
2022-03-21,476,0.6293876974431173,0.6066888895623503,0.022698807880767006
2022-03-22,475,0.7341470928262367,0.7233637690318456,0.010783323794391111
2022-03-23,477,0.7578293533625927,0.7194434464005693,0.03838590696202348
2022-03-24,484,0.8429155061930006,0.8062056458472553,0.036709860345745235
2022-03-25,465,0.6929320574987157,0.6650797985293431,0.027852258969372694
2022-03-28,456,0.6546205920167263,0.6524769871477898,0.0021436048689364145
2022-03-29,453,0.9249439153362471,0.9556314505240388,-0.030687535187791517
2022-03-30,469,0.6778236373646344,0.6783188632904967,-0.0004952259258623846
2022-03-31,474,0.6662736967291536,0.6639243830837752,0.0023493136453783836
2022-04-01,476,0.8355266363089053,0.8570983936574385,-0.021571757348533095
2022-04-04,470,1.053129637781075,1.08583456572459,-0.03270492794351501
2022-04-05,469,0.9229212197463879,0.9287715406460954,-0.005850320899707578
2022-04-06,469,0.6739504955484951,0.6744435491627047,-0.0004930536142095309
2022-04-07,477,0.7641462287754546,0.7789539572618984,-0.014807728486443746
2022-04-08,477,0.6631910650382203,0.6536647057616735,0.009526359276546858
2022-04-11,476,0.691490015626986,0.6800430154098837,0.0114470002171023
2022-04-12,479,0.6713594732542141,0.659822619687878,0.011536853566335914
2022-04-13,484,0.6479841088695765,0.6254043143281786,0.022579794541397902
2022-04-14,483,0.9040339754663108,0.872499371668761,0.03153460379754977
2022-04-18,477,0.8926075825411218,0.882760598175598,0.009846984365523732
2022-04-19,479,1.3145331836376177,1.393797526510184,-0.0792643428725664
2022-04-20,479,1.376619680451706,1.464796259175551,-0.08817657872384493
2022-04-21,483,1.6326997483131798,1.7583984066593592,-0.12569865834617927
2022-04-22,483,0.9034546676854784,0.9361915919256285,-0.03273692424014995
2022-04-25,477,0.8666512821165546,0.8757735376857898,-0.00912225556923522
2022-04-26,468,0.9251218713286486,0.9421984267533444,-0.01707655542469578
2022-04-27,468,0.9745430868973721,0.9937651928246589,-0.019222105927286848
2022-04-28,476,1.0399552993221175,1.0817859925551347,-0.041830693233017045
2022-04-29,485,1.3908015856241889,1.3634968817026265,0.027304703921562565
2022-05-02,479,0.9667029139363142,0.9679114667152724,-0.0012085527789582082
2022-05-03,472,1.1467800765368275,1.182099773043519,-0.035319696506691756
2022-05-04,466,2.696083583573405,2.918913721837735,-0.2228301382643297
2022-05-05,471,1.5580018898620838,1.663196049107657,-0.10519415924557322
2022-05-06,473,1.587141050225718,1.699877787480742,-0.1127367372550241
2022-05-09,463,0.7592730424079069,0.7671675432037359,-0.007894500795828832
2022-05-10,450,0.7837852316984296,0.7485695618418409,0.03521566985658869
2022-05-11,452,0.9280977118614664,0.8849559849796517,0.043141726881814633
2022-05-12,463,1.2765959567364817,1.234393884542229,0.04220207219425251
2022-05-13,470,1.0743332634025184,1.1153347439460395,-0.04100148054352103
2022-05-16,459,1.0535196276047505,1.0824823392608172,-0.028962711656066557
2022-05-17,464,1.4721204108448445,1.5561403501552062,-0.08401993931036175
2022-05-18,466,0.8224908303724239,0.7940061328122943,0.0284846975601295
2022-05-19,473,0.9417970020360641,0.9354245245119376,0.006372477524126586
2022-05-20,473,0.8690809105741965,0.8379049817740122,0.03117592880018424
2022-05-23,468,0.8986938679469821,0.8521037093417092,0.04659015860527296
2022-05-24,460,1.9509517848803375,1.9226763353380116,0.028275449542325966
2022-05-25,445,1.1864143026773417,1.139150111481615,0.047264191195726696
2022-05-26,451,0.6437927157749742,0.622566760251063,0.021225955523911363
2022-05-27,450,0.6914498717993297,0.6781674305276063,0.01328244127172337
2022-05-31,463,0.72474982142212,0.7183013753808356,0.006448446041284315
2022-06-01,465,0.6804005430521808,0.6487701279736041,0.03163041507857664
2022-06-02,475,0.6061698460056056,0.5879705352459106,0.018199310759694935
2022-06-03,474,0.6260027170905232,0.6105980641617301,0.015404652928793125
2022-06-06,460,0.9905394417156532,1.0367019054048463,-0.046162463689193134
2022-06-07,464,2.096930156739001,2.2818501461167804,-0.1849199893777797
2022-06-08,466,3.15639201100363,3.4298364388553333,-0.2734444278517031
2022-06-09,458,2.5125232038800203,2.731752291371168,-0.2192290874911478
2022-06-10,455,1.2646146715978035,1.3354134033322915,-0.07079873173448796
2022-06-13,451,1.1784094509559682,1.2434129978031774,-0.0650035468472094
2022-06-14,472,1.0588480358880337,1.0987651923535837,-0.03991715646554983
2022-06-15,474,0.881579153005023,0.9038994751896525,-0.02232032218462959
2022-06-16,479,0.9405390028710171,0.907580034949407,0.032958967921610106
2022-06-17,478,1.2254674851203549,1.2053931586071498,0.02007432651320521
2022-06-21,477,1.471277325563394,1.4457123186917813,0.02556500687161252
2022-06-22,477,1.2065275407876872,1.158629738706916,0.04789780208077109
2022-06-23,482,0.7898433618808405,0.7585264691050968,0.03131689277574379
2022-06-24,468,0.9192349799451455,0.9518868525457366,-0.032651872600590985
2022-06-27,455,1.0208222221501009,1.0659658182916811,-0.04514359614158021
2022-06-28,451,0.8348174006132822,0.8313096843359109,0.0035077162773714332
2022-06-29,464,0.7759158832207536,0.7612832394035647,0.014632643817188836
2022-06-30,476,0.7720102454511707,0.7440544270781702,0.027955818373000534
2022-07-01,473,0.8285453534019591,0.7984211683969225,0.03012418500503664
2022-07-05,472,0.6464073503619663,0.6080112866485383,0.03839606371342799
2022-07-06,474,0.5919046379846965,0.567488380363778,0.024416257620918536
2022-07-07,480,0.7607189979040386,0.7810037727679849,-0.020284774863946354
2022-07-08,485,0.803749194200449,0.826413444294321,-0.022664250093871994
2022-07-11,480,0.8673747348650842,0.8912399781136346,-0.02386524324855044
2022-07-12,480,0.6493874897829209,0.6195961617213275,0.029791328061593462
2022-07-13,479,0.675574088584313,0.6470695983367573,0.02850449024755577
2022-07-14,481,1.4075983051513916,1.3647253421307604,0.042872963020631226
2022-07-15,480,1.2164808058207248,1.1761678271107951,0.040312978709929496
2022-07-18,476,1.5061489171270508,1.4719572814648296,0.03419163566222131
2022-07-19,479,0.7324876659174383,0.7022276967505143,0.03025996916692395
2022-07-20,481,0.7233455641421915,0.7027141107709575,0.020631453371234076
2022-07-21,484,0.9036563556270074,0.9216386903005168,-0.01798233467350939
2022-07-22,484,0.7907198671454421,0.7564101784118207,0.03430968873362129
2022-07-25,475,1.1183898483243766,1.0860372269753085,0.032352621349068154
2022-07-26,464,1.7148647657194631,1.686308937626102,0.028555828093360776
2022-07-27,464,1.0889413833489867,1.0520569864525608,0.036884396896425836
2022-07-28,473,0.7503658420743747,0.7301285448449157,0.020237297229458894
2022-07-29,486,0.8443811020063203,0.8294393823244168,0.014941719681903403
2022-08-01,481,0.9462391777050887,0.938832995391781,0.0074061823133076184
2022-08-02,475,0.8370680019875697,0.8089058048098079,0.028162197177761736
2022-08-03,472,0.7106629050294826,0.6895554437088061,0.021107461320676535
2022-08-04,472,0.8216268618182921,0.8183421796726983,0.0032846821455938145
2022-08-05,474,0.8116600815457824,0.771388391460406,0.04027169008537633
2022-08-08,463,0.8384193684375099,0.8003159982794876,0.03810337015802241
2022-08-09,453,1.3071721193908687,1.2618790327529712,0.045293086637897294
2022-08-10,455,0.7214790789631289,0.6746289854455486,0.04685009351758026
2022-08-11,461,0.7323918216614261,0.6885108737031908,0.04388094795823542
2022-08-12,468,0.63244306581318,0.6254897306874315,0.0069533351257484305
2022-08-15,456,0.6505696845633461,0.6411453412917026,0.00942434327164352
2022-08-16,462,0.8717759247758171,0.899075542487359,-0.027299617711541897
2022-08-17,467,1.1015017218458645,1.1519763392629985,-0.05047461741713401
2022-08-18,478,1.2448756062701747,1.3139179922905713,-0.06904238602039657
2022-08-19,478,0.816191064360863,0.8382580412352794,-0.022066976874416343
2022-08-22,477,0.7250875854456919,0.6859439883522115,0.03914359709348039
2022-08-23,475,0.6840295548136812,0.6942030456777275,-0.01017349086404618
2022-08-24,475,0.8478244569989613,0.8820155900547211,-0.03419113305575987
2022-08-25,465,1.5304854942234016,1.6478226402560425,-0.11733714603264098
2022-08-26,453,0.8231412422234007,0.8565771501983344,-0.03343590797493367
2022-08-29,443,0.7986998852393976,0.8252327499470595,-0.02653286470766192
2022-08-30,453,0.6956305289276773,0.7104383536700342,-0.014807824742356854
2022-08-31,462,0.6791208533860438,0.6883552942679619,-0.009234440881918184
2022-09-01,471,0.606195166491475,0.5778009748586066,0.028394191632868375
2022-09-02,458,0.9488871839167604,0.9116032418557786,0.03728394206098192
2022-09-06,462,1.3724030509735134,1.3324705785130102,0.039932472460503084
2022-09-07,467,1.0131431761784713,0.9677953194358915,0.04534785674257982
2022-09-08,479,0.7452861906315761,0.7643908171910704,-0.019104626559494357
2022-09-09,460,1.0786729916940523,1.1381337864545955,-0.059460794760543126
2022-09-12,448,1.5685418459076461,1.6934034167630123,-0.12486157085536627
2022-09-13,452,0.8784548523413811,0.9089789442778216,-0.03052409193644048
2022-09-14,472,0.752925375499431,0.7639006701064164,-0.01097529460698551
2022-09-15,481,0.8166412465919108,0.846138935030183,-0.029497688438272204
2022-09-16,479,0.8799296062285447,0.9199708401376488,-0.04004123390910423
2022-09-19,479,1.523982275419451,1.6476125604705119,-0.12363028505106076
2022-09-20,478,1.5962584146066165,1.7314125720567461,-0.13515415745012951
2022-09-21,481,1.5518653723977247,1.6781046032291755,-0.12623923083145072
2022-09-22,483,1.1845745926791724,1.2651709396180195,-0.08059634693884699
2022-09-23,486,0.7098581411501607,0.6940470346715565,0.01581110647860419
2022-09-26,463,0.7885501768917559,0.7867387956869542,0.001811381204801778
2022-09-27,455,0.8044236715357106,0.8164864900240927,-0.012062818488382
2022-09-28,453,0.7185202697966779,0.7188214077950926,-0.00030113799841480015
2022-09-29,474,1.6664617880488257,1.64834033494637,0.018121453102455644
2022-09-30,481,2.0040770228455975,1.9948968701143577,0.009180152731239994
2022-10-03,470,0.9786819286710241,0.9606167316178043,0.018065197053219816
2022-10-04,469,1.4414699178566381,1.5321220412808543,-0.09065212342421605
2022-10-05,471,1.4504984932310434,1.55682809200908,-0.1063295987780366
2022-10-06,484,1.341763379426122,1.430889117144719,-0.08912573771859694
2022-10-07,486,0.8777035755035545,0.9070780406883934,-0.029374465184838886
2022-10-10,480,0.7236363792574573,0.7001404395200501,0.023495939737407146
2022-10-11,478,0.7893015453972896,0.7977577530157746,-0.008456207618484951
2022-10-12,479,0.862754476498639,0.831652822875416,0.031101653623223112
2022-10-13,483,0.6987875558311927,0.6685160116110289,0.03027154422016378
2022-10-14,486,0.9574588024970772,0.9207707168388378,0.03668808565823922
2022-10-17,480,0.8614257734346636,0.8733327503193888,-0.0119069768847253
2022-10-18,481,0.9237698717630964,0.9243630927983915,-0.0005932210352951252
2022-10-19,481,0.9026945827226343,0.8695626766813872,0.03313190604124701
2022-10-20,487,1.7382555980685592,1.7121891761317882,0.02606642193677105
2022-10-21,486,1.0958992492896034,1.0626051185496312,0.033294130739971985
2022-10-24,483,1.0293417778063367,1.0025070197391979,0.026834758067138986
2022-10-25,476,1.1974154072134788,1.178294290025427,0.01912111718805202
2022-10-26,468,1.003947441783857,0.9831343062879266,0.02081313549593027
2022-10-27,469,0.914564638323392,0.8863603420620552,0.028204296261336803
2022-10-28,477,1.1030147621769122,1.1568872291752075,-0.05387246699829516
2022-10-31,480,1.2764071374744896,1.3326683658478726,-0.056261228373382946
2022-11-01,474,1.1894597050744722,1.224453427545821,-0.03499372247134886
2022-11-02,471,1.129884420794525,1.1188988328201663,0.010985587974358698
2022-11-03,475,1.2246456541753128,1.2020996666794372,0.022545987495875663
2022-11-04,465,0.819227225815565,0.8248604202659442,-0.005633194450379319
2022-11-07,456,1.6092616566305227,1.6586379105677878,-0.04937625393726494
2022-11-08,459,1.9707250245178707,2.016001817811557,-0.045276793293685995
2022-11-09,462,2.104671972817774,2.1567624891324533,-0.052090516314678946
2022-11-10,467,0.8985969789331969,0.9221094616148143,-0.02351248268161744
2022-11-11,457,0.7974387318134721,0.7802437657028319,0.0171949661106401
2022-11-14,457,0.7022774734519935,0.7015826760657415,0.0006947973862519754
2022-11-15,460,0.8361596820024835,0.823380350179422,0.012779331823061546
2022-11-16,464,0.7405613041207743,0.7520964551046867,-0.011535150983912433
2022-11-17,472,0.805478894099276,0.8496234151236848,-0.04414452102440886
2022-11-18,470,0.6709298486947877,0.7226565497850208,-0.051726701090233085
2022-11-21,470,0.6984662075753212,0.7582775966735257,-0.059811389098204465
2022-11-22,476,0.627167979525705,0.6272417207793365,-7.37412536314953e-05
2022-11-23,472,0.6310911163349581,0.6269087882226007,0.004182328112357396
2022-11-25,455,0.6433540962789213,0.6879745553820343,-0.04462045910311314
2022-11-28,440,0.9502858385283657,1.008558983766897,-0.05827314523853127
2022-11-29,446,0.9348464266981719,0.9856901916400799,-0.05084376494190792
2022-11-30,467,0.8451823764255018,0.8132503498596908,0.03193202656581096
2022-12-01,477,1.1025798154736692,1.0288606113174914,0.07371920415617801
2022-12-02,477,1.1456332586826081,1.0717949903457176,0.07383826833689033
2022-12-05,463,0.7279971889046968,0.7339275133953516,-0.005930324490654867
2022-12-06,466,0.6533262138733069,0.6714081191919253,-0.01808190531861843
2022-12-07,469,0.707136787341599,0.7527952799210944,-0.04565849257949535
2022-12-08,478,0.7279349040901834,0.7686059762076856,-0.04067107211750213
2022-12-09,462,0.7273132826783105,0.7739336443140804,-0.046620361635769825
2022-12-12,451,0.9325795146237015,0.8899447893865805,0.04263472523712095
2022-12-13,451,1.263750336350434,1.1777941433373806,0.08595619301305332
2022-12-14,465,1.3510008048466156,1.2525442107213163,0.0984565941252991
2022-12-15,474,0.7752291964216155,0.7397121547049201,0.03551704171669539
2022-12-16,476,0.6105394639732353,0.645444627175429,-0.034905163202193716
2022-12-19,481,0.5780228488119376,0.6124543349707925,-0.034431486158854815
2022-12-20,482,0.5899328725594374,0.6322108331777689,-0.042277960618331514
2022-12-21,484,0.6414121296541848,0.6478972716685637,-0.006485142014378913
2022-12-22,483,0.5821246885029977,0.588206198118351,-0.006081509615353289
2022-12-23,465,0.5264620971718594,0.5632920359861336,-0.03682993881427422
2022-12-27,454,0.5639373013257162,0.591639220301467,-0.027701918975750625
2022-12-28,454,0.6650840269457488,0.7074082578557311,-0.042324230909982406
2022-12-29,471,0.7163730396743454,0.7459811271318237,-0.029608087457478272
2022-12-30,476,0.8264186835512842,0.8365950685926338,-0.010176385041349609
2023-01-03,474,1.0301423827032,1.0754898448706978,-0.045347462167497875
2023-01-04,470,0.7970997639423127,0.8316849460881829,-0.03458518214587009
2023-01-05,479,1.107726942962247,1.1597435310130995,-0.052016588050852554
2023-01-06,481,0.9124093709440892,0.9534386630255623,-0.041029292081473163
2023-01-09,482,0.934533175034253,0.982740086675892,-0.04820691164163897
2023-01-10,478,0.8142754447441063,0.8600173313186502,-0.04574188657454398
2023-01-11,478,0.6696092993717885,0.69646501774561,-0.02685571837382158
2023-01-12,484,0.739221343012879,0.7226218127024213,0.016599530310457782
2023-01-13,480,1.0091112286746555,0.953941952809784,0.05516927586487149
2023-01-17,477,0.6979813077921846,0.6953732541571291,0.0026080536350555593
2023-01-18,477,0.771512440818558,0.8156929881540441,-0.04418054733548621
2023-01-19,481,0.9495073524519754,1.0000620890115153,-0.05055473655953992
2023-01-20,485,0.6995552549789771,0.733331542160479,-0.03377628718150195
2023-01-23,483,0.701710523239458,0.729018451053494,-0.027307927814036032
2023-01-24,486,0.7568340974323455,0.7881401175563135,-0.03130602012396791
2023-01-25,480,0.6473647590992827,0.6603914829745072,-0.013026723875224471
2023-01-26,475,0.6665405755850992,0.6961871875689974,-0.029646611983898327
2023-01-27,475,0.8147709675681519,0.8555719566510473,-0.04080098908289538
2023-01-30,478,1.6217677873102077,1.664193858259295,-0.04242607094908747
2023-01-31,480,0.9802609390812606,1.0017068808246805,-0.021445941743420037
2023-02-01,475,0.7317397620596144,0.7243472248234264,0.007392537236188014
2023-02-02,476,0.7504957734477785,0.7317418023439031,0.0187539711038754
2023-02-03,475,0.7172270918811412,0.7092873486181843,0.007939743262956876
2023-02-06,467,0.8142575161303169,0.8010483006496073,0.013209215480709656
2023-02-07,464,0.8324791585000698,0.8012018665011983,0.031277291998871505
2023-02-08,464,0.6423503453670402,0.6635615564333764,-0.021211211066336253
2023-02-09,467,0.6129878859972496,0.6521597139616168,-0.03917182796436713
2023-02-10,467,0.8389934426481626,0.8768757477021593,-0.037882305053996645
2023-02-13,459,0.7195603068754303,0.7156257583241575,0.003934548551272785
2023-02-14,460,0.6903540095473119,0.6834022203131841,0.0069517892341277995
2023-02-15,462,1.1445781361577432,1.0695967328435487,0.07498140331419462
2023-02-16,472,0.9037686324690574,0.8499015299628168,0.05386710250624069
2023-02-17,469,0.7971293217997114,0.7595542937968442,0.03757502800286717
2023-02-21,466,0.7046386256957773,0.6985782451768533,0.006060380518923964
2023-02-22,455,0.6472875779971249,0.6470747961329146,0.00021278186421015203
2023-02-23,452,0.6352567914565156,0.6220254596331626,0.01323133182335302
2023-02-24,455,0.6678307004925554,0.6702276524717774,-0.0023969519792219835
2023-02-27,459,0.6229417437825249,0.6381522678285834,-0.015210524046058358
2023-02-28,468,0.7290520222948979,0.7686273996119738,-0.03957537731707598
2023-03-01,467,0.7012635481963346,0.7383826387567065,-0.037119090560371826
2023-03-02,471,0.5784375853073339,0.5758268439132536,0.002610741394080346
2023-03-03,472,0.7224144248144104,0.6919714966261252,0.030442928188285298
2023-03-06,454,1.1377062560041376,1.0716070412760133,0.06609921472812447
2023-03-07,457,1.317407579389745,1.2368170294741363,0.0805905499156085
2023-03-08,461,1.78555846592414,1.699699312360337,0.0858591535638027
2023-03-09,456,0.972563918203016,0.946554220570082,0.026009697632934047
2023-03-10,458,1.1474445595155973,1.128638393129026,0.018806166386571243
2023-03-13,445,0.7837900381918184,0.8082351145492688,-0.02444507635745046
2023-03-14,468,0.9433835400596366,0.9139067183164638,0.029476821743172826
2023-03-15,468,0.6160312218608782,0.6427055248267082,-0.02667430296583002
2023-03-16,479,0.5958879545779077,0.6258378535288858,-0.02994989895097815
2023-03-17,481,0.6239576240017897,0.6435513007660211,-0.01959367676423142
2023-03-20,480,0.7740347883751141,0.7597991719532247,0.01423561642188932
2023-03-21,483,0.7966867152468451,0.7636433897449734,0.033043325501871675
2023-03-22,486,0.5673528323490875,0.5982314750357596,-0.030878642686671953
2023-03-23,487,0.7051392701163317,0.7352247443891393,-0.030085474272807562
2023-03-24,488,0.7588083496894089,0.8017000475370476,-0.042891697847638764
2023-03-27,466,0.7139732822105039,0.7587370996185259,-0.04476381740802204
2023-03-28,460,1.0386515740921374,1.089732086163211,-0.05108051207107345
2023-03-29,459,0.7041555140272803,0.7481958807092882,-0.04404036668200809
2023-03-30,477,0.6202385496216881,0.6390913609673515,-0.018852811345663467
2023-03-31,477,0.9033279941299256,0.8755908144346479,0.027737179695277628
2023-04-03,467,0.8916593886090259,0.8653290920089365,0.026330296600089495
2023-04-04,469,0.5546296994004347,0.5740000396788347,-0.01937034027840003
2023-04-05,477,0.5590759016452295,0.5977510492147282,-0.038675147569498754
2023-04-06,487,0.5688977807113949,0.5956775232391364,-0.026779742527741467
2023-04-10,481,0.5387114288512856,0.5683492064223679,-0.02963777757108228
2023-04-11,479,0.5654665816730595,0.5762100449055779,-0.010743463232518471
2023-04-12,479,0.5569737052423104,0.5882538668475794,-0.031280161605269176
2023-04-13,487,0.5607324632668647,0.5788771957726382,-0.018144732505773562
2023-04-14,489,0.6337355665823449,0.6542915405132593,-0.020555973930914403
2023-04-17,482,0.6391368679295629,0.6392446597868803,-0.00010779185731727406
2023-04-18,481,0.6706606336067613,0.6650795771769327,0.005581056429828648
2023-04-19,480,0.6125162230100615,0.6107503770260436,0.0017658459840178811
2023-04-20,483,0.7721792661763214,0.739791691616341,0.032387574559980356
2023-04-21,483,0.9227972311160564,0.8687334568827316,0.05406377423332465
2023-04-24,479,0.8620409001685408,0.8416249766938457,0.020415923474695147
2023-04-25,472,0.8845371490105972,0.9140541080271862,-0.02951695901658916
2023-04-26,472,0.9964545308166072,1.034104545059565,-0.037650014242957656
2023-04-27,475,0.7376229776529258,0.7342920622940761,0.0033309153588498798
2023-04-28,485,1.0167841524539263,0.9795068379308945,0.03727731452303165
2023-05-01,477,1.2306662819652945,1.1767562118201806,0.05391007014511373
2023-05-02,473,0.7832352388380874,0.798728727397947,-0.015493488559859603
2023-05-03,472,0.7976298653492687,0.8209225711906867,-0.023292705841417984
2023-05-04,474,0.808974820032471,0.8377678348641553,-0.028793014831684435
2023-05-05,476,0.7107911271635116,0.7121426484316767,-0.0013515212681652143
2023-05-08,464,0.7139034850541607,0.7038885670672728,0.010014917986887938
2023-05-09,457,0.6952352933815443,0.6892268796399375,0.006008413741606842
2023-05-10,458,0.6324888946391165,0.6417836707267847,-0.009294776087668205
2023-05-11,467,0.6865662176341492,0.6753186105935823,0.011247607040566744
2023-05-12,474,0.7730316561924955,0.7842902868783538,-0.011258630685858367
2023-05-15,463,0.7663693453726199,0.7811264991386783,-0.014757153766058443
2023-05-16,463,0.7450319209769858,0.77872523640321,-0.033693315426224245
2023-05-17,465,0.582446828817189,0.6059749516125831,-0.023528122795394003
2023-05-18,473,0.7001065553147952,0.6818288446226923,0.018277710692102773
2023-05-19,476,0.810836070385255,0.7761044232856126,0.03473164709964243
2023-05-22,471,0.9700826404124968,0.926712901411485,0.043369739001011855
2023-05-23,466,0.9795658074447328,0.9728727376873034,0.006693069757429322
2023-05-24,459,1.1295051223685049,1.1363245552257777,-0.0068194328572726325
2023-05-25,450,0.7276430224758992,0.7309635310353834,-0.0033205085594842417
2023-05-26,445,0.657179470949652,0.6627185800646974,-0.005539109115045449
2023-05-30,451,0.8248153778307322,0.8610026768061442,-0.0361872989754121
2023-05-31,468,0.9096683269891013,0.9499913551934993,-0.04032302820439797
2023-06-01,479,0.9065203919801569,0.9408734080035359,-0.03435301602337902
2023-06-02,478,0.7243216038465616,0.7412533840334339,-0.016931780186872143
2023-06-05,464,0.7825513393528747,0.8102057114760899,-0.02765437212321509
2023-06-06,466,0.5666575776784775,0.5919006844376924,-0.025243106759215064
2023-06-07,471,0.6536387043982976,0.6737409696790376,-0.020102265280739887
2023-06-08,480,0.6693601291795885,0.7019116680600287,-0.03255153888044022
2023-06-09,459,0.7796647048238866,0.8085845593585217,-0.028919854534635095
2023-06-12,445,0.7689182030235095,0.8062151270815183,-0.037296924058008815
2023-06-13,447,0.6334159405165014,0.6582817240541786,-0.024865783537677152
2023-06-14,468,0.538749186417555,0.5500792769398887,-0.0113300905223337
2023-06-15,479,0.6174208859674264,0.6005871279377784,0.016833758029648038
2023-06-16,480,0.6814312812100998,0.656481832339442,0.024949448870657705
2023-06-20,480,0.6484736939770267,0.6257752589436749,0.02269843503335173
2023-06-21,482,0.5152635317629725,0.5095266069677347,0.0057369247952378305
2023-06-22,486,0.5988890261747659,0.6228247389667827,-0.023935712792016898
2023-06-23,489,0.7395193667537313,0.7697447520397249,-0.03022538528599367
2023-06-26,469,0.7469691036105235,0.780422243172392,-0.03345313956186844
2023-06-27,460,0.6024912544603938,0.6367900379863419,-0.03429878352594808
2023-06-28,455,0.6318663439529277,0.6709781583202086,-0.03911181436728093
2023-06-29,473,0.5232825503896493,0.5488080820653544,-0.025525531675705083
2023-06-30,473,0.591147878274337,0.5747578634802928,0.016390014794044193
2023-07-03,469,0.577402574531683,0.5616674595390276,0.01573511499265536
2023-07-05,469,0.5371721429142485,0.551140222853496,-0.013968079939247362
2023-07-06,477,0.8421145828200652,0.877481212280449,-0.03536662946038366
2023-07-07,484,0.8306094892974264,0.8665331652355974,-0.03592367593817106
2023-07-10,482,0.8235594515312059,0.8579489298273466,-0.03438947829614068
2023-07-11,479,0.6365698441439536,0.6499948734624854,-0.013425029318531909
2023-07-12,481,0.6414882861245708,0.6514943413160652,-0.01000605519149433
2023-07-13,486,0.6050050271022585,0.6164685029498819,-0.011463475847623512
2023-07-14,488,0.6782251776916969,0.7039627175964046,-0.025737539904707802
2023-07-17,480,0.814001799476494,0.8244742351204226,-0.010472435643928529
2023-07-18,480,0.799192059994263,0.8032689500174165,-0.004076890023153404
2023-07-19,480,0.6817463172925085,0.6840256472335721,-0.0022793299410636394
2023-07-20,486,0.5638673670293343,0.5825471778130001,-0.018679810783665998
2023-07-21,483,0.6020574987691462,0.6208747068412263,-0.01881720807208013
2023-07-24,482,0.8144830310458939,0.8080988061704196,0.006384224875474232
2023-07-25,474,0.8471354744585129,0.8474703784614532,-0.00033490400294035734
2023-07-26,469,0.7795548486227081,0.7858716656410467,-0.006316817018338639
2023-07-27,471,0.644402357000719,0.6628438490860722,-0.018441492085353207
2023-07-28,480,0.7314845150108411,0.7168027457697038,0.014681769241137234
2023-07-31,483,0.9494027217484445,0.9181796444611602,0.031223077287284524
2023-08-01,476,0.9986731485157413,0.9671526736329856,0.03152047488275559
2023-08-02,471,0.81011349584674,0.8146599334858393,-0.004546437639099358
2023-08-03,472,0.7776947033999826,0.7781299861792593,-0.00043528277927683815
2023-08-04,472,0.6650935651466869,0.6675623346311551,-0.002468769484468105
2023-08-07,466,0.7507985615523236,0.7304976154441929,0.020300946108130657
2023-08-08,463,0.6646726265044655,0.6587914581272011,0.005881168377264367
2023-08-09,461,0.5217610336399124,0.5295155789955313,-0.00775454535561872
2023-08-10,466,0.6102110607956317,0.5887339084525238,0.021477152343107937
2023-08-11,464,0.7566322429199662,0.7172490000452331,0.0393832428747331
2023-08-14,459,0.9837837657758002,0.9207018213225482,0.063081944453252
2023-08-15,459,0.6971924091686001,0.6706782487248079,0.026514160443792272
2023-08-16,465,0.5935035655802672,0.5872466981486364,0.006256867431630664
2023-08-17,475,0.5446138880374962,0.5514160591643263,-0.0068021711268300405
2023-08-18,479,0.5802973641582149,0.5969992181322961,-0.016701853974081214
2023-08-21,477,0.4921474303709742,0.49272210448920756,-0.0005746741182333216
2023-08-22,475,0.46529560419733046,0.48511932033257243,-0.019823716135241993
2023-08-23,475,0.45750651001530496,0.4719719097584078,-0.01446539974310283
2023-08-24,477,0.7441066937222459,0.7845522034597178,-0.04044550973747186
2023-08-25,470,0.7029949302362254,0.7396347733771311,-0.03663984314090583
2023-08-28,445,0.6302541903741589,0.6571838708034214,-0.026929680429262637
2023-08-29,441,0.6261297642224455,0.6396339017815835,-0.013504137559138195
2023-08-30,447,0.7649135315437249,0.7483676624819607,0.016545869061764085
2023-08-31,469,0.6714635666854628,0.6533221696817514,0.018141397003711417
2023-09-01,459,0.7827763908914744,0.7497361776453005,0.03304021324617379
2023-09-05,464,0.634104862660935,0.6237757535396424,0.010329109121292602
2023-09-06,470,0.6224399166817857,0.6240025459925086,-0.0015626293107229498
2023-09-07,480,0.6071749088923255,0.6118871118357277,-0.0047122029434021545
2023-09-08,480,0.5914867270205076,0.5890639723779424,0.0024227546425652437
2023-09-11,452,0.6237019899449686,0.6356053916557138,-0.01190340171074526
2023-09-12,453,0.5565542003473932,0.556746474062747,-0.00019227371535372902
2023-09-13,452,0.47560616354651225,0.48413150749380385,-0.008525343947291564
2023-09-14,479,0.5757755107143553,0.5494727430387081,0.026302767675647154
2023-09-15,482,0.5554673465183443,0.5395248837271529,0.01594246279119152
2023-09-18,482,0.8896285584143881,0.8349288212572029,0.05469973715718524
2023-09-19,479,0.8906113853117802,0.8354452026116262,0.05516618270015381
2023-09-20,479,0.741417132013456,0.703717172392024,0.03769995962143192
2023-09-21,481,0.6510543050950306,0.624708449168898,0.02634585592613262
2023-09-22,484,0.6766524968145523,0.6600150146957611,0.01663748211879117
2023-09-25,465,0.6838280417106719,0.6804587663757421,0.003369275334929821
2023-09-26,460,0.5770691537843974,0.5926340049892168,-0.015564851204819567
2023-09-27,458,0.7052786284865215,0.6982884504325481,0.006990178053973463
2023-09-28,478,0.908062085121547,0.8538097940868543,0.054252291034692736
2023-09-29,483,0.7342706234881029,0.7007544703658063,0.033516153122296534
2023-10-02,472,0.6630865566071986,0.6460829111550215,0.017003645452177064
2023-10-03,466,0.7441662601571717,0.762979178422099,-0.018812918264927276
2023-10-04,468,0.7434589367770053,0.7671827837282604,-0.023723846951255192
2023-10-05,481,0.8202253217908051,0.8555747527794407,-0.03534943098863564
2023-10-06,484,0.7642231476840529,0.7910985525615964,-0.026875404877543602
2023-10-09,479,0.6427022043777336,0.6430000408780373,-0.0002978365003037713
2023-10-10,478,0.7845996678995183,0.7554277602915173,0.029171907608001015
2023-10-11,481,0.5918986002880977,0.583944736928509,0.007953863359588734
2023-10-12,486,0.6522109084572456,0.6752302556187931,-0.02301934716154746
2023-10-13,488,0.592787632736281,0.594349050241168,-0.0015614175048869596
2023-10-16,484,0.9789145140276905,0.92672458328004,0.05218993074765048
2023-10-17,481,1.4427317375541262,1.3637033943640726,0.07902834319005388
2023-10-18,480,1.0533163802326182,0.9915503344291847,0.06176604580343338
2023-10-19,484,0.6456111686071335,0.6286544837681735,0.016956684838959932
2023-10-20,486,0.7119131978637427,0.6911239792452522,0.020789218618490514
2023-10-23,484,0.8965687020199177,0.8790076095193718,0.017561092500545876
2023-10-24,485,1.109133276228514,1.059133709099287,0.04999956712922705
2023-10-25,479,0.8032457328691945,0.7995188077937123,0.003726925075482207
2023-10-26,469,0.7027242025717199,0.7198825841506356,-0.01715838157891576
2023-10-27,470,1.0019527909469588,1.0319196233795058,-0.02996683243254707
2023-10-30,472,1.3398196503541555,1.3775568323316143,-0.03773718197745861
2023-10-31,481,1.6747676937784808,1.7148313944024414,-0.040063700623960696
2023-11-01,476,1.271012151457524,1.3064584346811017,-0.03544628322357786
2023-11-02,477,0.8071468561982765,0.826795754149877,-0.019648897951600568
2023-11-03,476,0.7752099239571476,0.7621764003069539,0.013033523650193762
2023-11-06,467,0.80182121383886,0.7831799601774697,0.018641253661390248
2023-11-07,463,0.6760698007745105,0.6827747347040635,-0.006704933929553117
2023-11-08,462,0.6234567133882593,0.6319239621130446,-0.008467248724785343
2023-11-09,459,1.26351248551233,1.3064266516805805,-0.04291416616825065
2023-11-10,460,1.0422617937027898,1.081638876510458,-0.039377082807668204
2023-11-13,446,1.0939492304458178,1.1289503270078927,-0.035001096562074806
2023-11-14,458,0.5382703038574328,0.5595119732592921,-0.021241669401859363
2023-11-15,457,0.5041271447350526,0.528879215439619,-0.024752070704566382
2023-11-16,472,0.4896286750014332,0.517127919299308,-0.027499244297874856
2023-11-17,468,0.4880770833606939,0.5147418742807888,-0.026664790920094883
2023-11-20,470,0.4762903194982311,0.5030173066436769,-0.026726987145445864
2023-11-21,472,0.42378728297538804,0.4541549716756536,-0.03036768870026558
2023-11-22,480,0.4548044556552865,0.46915564588284137,-0.014351190227554904
2023-11-24,474,0.623612917831653,0.6310156043694807,-0.007402686537827681
2023-11-27,443,0.657206002907868,0.6805011165872034,-0.023295113679335372
2023-11-28,440,0.9636372435499845,0.9995293881278102,-0.03589214457782591
2023-11-29,451,0.8699730443424857,0.9022424543322224,-0.03226940998973663
2023-11-30,477,0.6707427290204123,0.6855909390939159,-0.014848210073503449
2023-12-01,477,0.6756268306397997,0.6640857879213098,0.01154104271848982
2023-12-04,460,0.5991273197406125,0.6023715165765415,-0.0032441968359290725
2023-12-05,465,0.614698173243163,0.6370711283840329,-0.02237295514086996
2023-12-06,468,0.6962289750358144,0.7318033669419118,-0.03557439190609757
2023-12-07,480,0.6774054294476887,0.7052327573173625,-0.027827327869673627
2023-12-08,479,0.9761346809149782,1.0164358047505033,-0.04030112383552506
2023-12-11,454,1.3877822084516531,1.4225219565498801,-0.03473974809822719
2023-12-12,452,1.2851862570888584,1.312288774720116,-0.027102517631257553
2023-12-13,451,0.8195798122455542,0.8319211743842237,-0.01234136213866958
2023-12-14,474,0.5317073822410373,0.548397516384768,-0.016690134143730776
2023-12-15,476,0.5450931132652451,0.5389551815007674,0.006137931764477755
2023-12-18,481,0.5006097083874411,0.5195330781158095,-0.018923369728368486
2023-12-19,484,0.4935304755757253,0.5036630160913829,-0.01013254051565763
2023-12-20,488,0.6512465816270048,0.6930838273455352,-0.04183724571853048
2023-12-21,483,0.47259217918683905,0.5081320163532412,-0.035539837166402216
2023-12-22,463,0.4196511571977045,0.456310384313919,-0.036659227116214485
2023-12-26,452,0.4017101613602128,0.4167499266762837,-0.015039765316070855
2023-12-27,456,0.6457959902965177,0.6374236317004408,0.008372358596076846
2023-12-28,474,0.974147355515358,0.9294825203521209,0.04466483516323712
2023-12-29,479,0.8680683320621547,0.8318561700938448,0.036212161968309856
2024-01-02,480,0.620954783858548,0.5996809608867415,0.021273822971806636
2024-01-03,479,0.6022495669287461,0.6325094772132432,-0.030259910284497198
2024-01-04,481,0.5825506337185623,0.6068153507242642,-0.024264717005701864
2024-01-05,481,0.6817858289492746,0.7017888339464068,-0.020003004997132125
2024-01-08,480,0.6451366561379211,0.6399747255832898,0.0051619305546313065
2024-01-09,481,0.6102789467930311,0.6117617885521194,-0.0014828417590881935
2024-01-10,480,0.660904811599636,0.643669321626239,0.01723548997339697
2024-01-11,483,0.6890465364437224,0.658494315260271,0.030552221183451234
2024-01-12,481,0.6609704669017333,0.6480773523490001,0.012893114552733188
2024-01-16,478,0.6513352292709407,0.6681350091930637,-0.01679977992212302
2024-01-17,478,0.8822500542468673,0.9111398283405028,-0.028889774093635544
2024-01-18,482,0.725424104610299,0.7539680405564246,-0.02854393594612558
2024-01-19,486,0.6395344658077718,0.6466808350252022,-0.0071463692174303945
2024-01-22,486,0.6827987806988651,0.6948976742779195,-0.012098893579054353
2024-01-23,489,0.6460746126118193,0.6570673177297511,-0.010992705117931765
2024-01-24,489,0.6720810549106435,0.7024634395697609,-0.030382384659117308
2024-01-25,482,0.5981771399910648,0.618892940344507,-0.02071580035344219
2024-01-26,473,0.6212099778036538,0.6158293339828436,0.005380643820810231
2024-01-29,470,0.7651170738786932,0.7639270852546405,0.001189988624052836
2024-01-30,473,0.779004470570443,0.7789573711766122,4.709939383072191e-05
2024-01-31,479,0.8281981509137983,0.8276313088397745,0.0005668420740238147
2024-02-01,480,0.7473760678198376,0.7458243940207034,0.001551673799134036
2024-02-02,481,0.6961416789176154,0.7023147439610539,-0.006173065043438577
2024-02-05,472,0.8868006830216029,0.9101644881855062,-0.02336380516390334
2024-02-06,470,0.8356789238101717,0.8507620398074657,-0.015083115997293879
2024-02-07,472,0.710884870552166,0.7322759466315146,-0.02139107607934877
2024-02-08,479,0.6270018929268006,0.6127945094458425,0.014207383480958211
2024-02-09,474,0.6300413186009572,0.6348276914260567,-0.004786372825099461
2024-02-12,457,0.6990176422233961,0.699613397884502,-0.0005957556611058938
2024-02-13,449,0.8440590981479598,0.8480089458524332,-0.00394984770447358
2024-02-14,451,0.6771812368930912,0.6784502243022119,-0.0012689874091206881
2024-02-15,465,0.652245825109907,0.6502265840011553,0.0020192411087516966
2024-02-16,466,0.6078125589136131,0.6110130427493615,-0.003200483835748449
2024-02-20,467,0.7497589507197173,0.7545025190802565,-0.004743568360539075
2024-02-21,467,0.8315774899982933,0.8312902716548635,0.00028721834342970275
2024-02-22,477,0.6560837450417667,0.6559100017400344,0.00017374330173235692
2024-02-23,473,0.6470566096356363,0.6473208629432939,-0.0002642533076577345
2024-02-26,455,0.683954389754811,0.6884972412870212,-0.004542851532210128
2024-02-27,448,0.7473923405821477,0.751035294122385,-0.0036429535402374437
2024-02-28,455,0.8557570657103899,0.8572675633780443,-0.0015104976676544233
2024-02-29,470,0.7371249816651573,0.7369961212157353,0.00012886044942200377
2024-03-01,473,0.6850442829309646,0.6849992107954672,4.507213549748885e-05
2024-03-04,453,0.6294801477072693,0.6331200984271761,-0.003639950719906836
2024-03-05,454,0.6131283846897846,0.6184788782724497,-0.005350493582665099
2024-03-06,459,0.6296827856972003,0.632375117475432,-0.002692331778231691
2024-03-07,475,0.5456661435641714,0.5481264755232047,-0.002460331959033316
2024-03-08,477,0.6212343766915456,0.6241104999523308,-0.0028761232607853065
2024-03-11,444,0.7104025384977325,0.7073992703009477,0.00300326819678472
2024-03-12,449,0.7452786707163825,0.7402595878770899,0.005019082839292601
2024-03-13,449,0.610221681436153,0.6063093763699428,0.003912305066210277
2024-03-14,482,0.536101002541993,0.5399384189932823,-0.0038374164512892045
2024-03-15,478,0.6242993454579706,0.6320436208525387,-0.007744275394568233
2024-03-18,481,0.7939288936183012,0.7982115011509584,-0.004282607532657287
2024-03-19,479,0.6077860507443004,0.6135034301582214,-0.005717379413920959
2024-03-20,486,0.5507540954794082,0.5524763080791175,-0.0017222125997092658
2024-03-21,488,0.5998732246514158,0.5941997857158803,0.00567343893553554
2024-03-22,465,0.5343791265575492,0.5403020576620213,-0.005922931104472233
2024-03-25,457,0.6330929261078582,0.6383311190993757,-0.005238192991517377
2024-03-26,454,0.5920019360545519,0.5960647251713613,-0.0040627891168095445
2024-03-27,478,0.635437163269465,0.6288245781615004,0.006612585107964643
2024-03-28,483,0.7534241277194703,0.7471078905336656,0.00631623718580473
2024-04-01,479,0.74610295554529,0.7380816388231629,0.008021316722127081
2024-04-02,479,0.5585234028569508,0.5590270600861941,-0.0005036572292432685
2024-04-03,478,0.48753736105370193,0.488408053438203,-0.0008706923845010213
2024-04-04,478,0.5818137487783906,0.5876027799630666,-0.005789031184676086
2024-04-05,479,0.5911118979941057,0.5863349530645675,0.004776944929538209
2024-04-08,479,0.692327802181324,0.6889044974256616,0.0034233047556623134
2024-04-09,479,1.0874018792369367,1.079997309730651,0.00740456950628556
2024-04-10,478,0.8728708685324056,0.8600537234713667,0.012817145061038935
2024-04-11,482,1.0234485794108386,1.012067053305612,0.011381526105226605
2024-04-12,489,0.7422007008148681,0.7320680316759184,0.010132669138949734
2024-04-15,485,0.674758683025941,0.6720806069430749,0.0026780760828660167
2024-04-16,481,0.9071177607702066,0.9038040515098554,0.0033137092603510547
2024-04-17,480,0.73329661668511,0.7327757753703307,0.0005208413147793915
2024-04-18,482,0.7810417931246143,0.7853938693902068,-0.004352076265592637
2024-04-19,485,0.808425292409331,0.8145860986355032,-0.006160806226172155
2024-04-22,484,0.783035372564721,0.7855571658866914,-0.0025217933219705466
2024-04-23,487,0.8281034156967466,0.8265651726367359,0.0015382430600106363
2024-04-24,482,0.7387864502692549,0.7407678544215945,-0.001981404152339547
2024-04-25,475,0.6898250888721589,0.6879010610949782,0.0019240277771807085
2024-04-26,474,0.8905561904357326,0.885875031109259,0.0046811593264736405
2024-04-29,477,0.9621839103046902,0.9595812277624579,0.002602682542232191
2024-04-30,479,0.960148895422893,0.9641295211504999,-0.003980625727606986
2024-05-01,477,0.9643923834210847,0.9691998786938255,-0.004807495272740768
2024-05-02,476,0.7275488701219597,0.7341889993075449,-0.006640129185585135
2024-05-03,482,0.6036434228286344,0.6085597409100967,-0.004916318081462302
2024-05-06,472,0.6507151955669749,0.6554968026101504,-0.00478160704317555
2024-05-07,466,0.6505003904930113,0.6546467596709089,-0.004146369177897505
2024-05-08,463,0.5756344479250979,0.5810364177615273,-0.005401969836429502
2024-05-09,465,0.5230534878689187,0.5268929613137465,-0.0038394734448277826
2024-05-10,467,0.6390033008678874,0.6444109262281307,-0.00540762536024329
2024-05-13,454,0.5970537441115358,0.6029185859993356,-0.005864841887799711
2024-05-14,458,0.540088440920755,0.5445267674673825,-0.004438326546627394
2024-05-15,463,0.5522593051519137,0.5519294953968337,0.0003298097550800193
2024-05-16,475,0.5299977027061327,0.530123674023272,-0.00012597131713929253
2024-05-17,481,0.650406053115838,0.647738660583543,0.0026673925322949626
2024-05-20,473,0.8415097177641823,0.8336338821239323,0.00787583564025005
2024-05-21,470,0.7736260735132446,0.7683745569257311,0.005251516587513478
2024-05-22,472,0.8493228402811459,0.8444634063779429,0.0048594339032030495
2024-05-23,480,0.748827396168259,0.7435960334874921,0.005231362680766758
2024-05-24,483,0.7636038597523386,0.7589219513617427,0.004681908390595869
2024-05-28,464,0.743681881058237,0.7432323284291417,0.0004495526290954101
2024-05-29,452,0.8758719617499687,0.8765736914135023,-0.0007017296635335456
2024-05-30,450,0.7700579195475183,0.7694167719164569,0.0006411476310614928
2024-05-31,465,0.674735187872373,0.6735680997595722,0.0011670881128007648
2024-06-03,478,0.5692424261716723,0.5692408066083227,1.6195633495412446e-06
2024-06-04,466,0.5382876950661327,0.5394694799717054,-0.0011817849055727025
2024-06-05,459,0.5450842230572589,0.5428879499431848,0.0021962731140741398
2024-06-06,461,0.6006930506005965,0.5978341360057198,0.0028589145948767027
2024-06-07,474,0.7499685032951251,0.749364996166447,0.0006035071286780512
2024-06-10,482,0.6823753858534747,0.6797959207006494,0.002579465152825362
2024-06-11,454,0.64869944980624,0.6452260193894371,0.003473430416802839
2024-06-12,451,0.635645986735923,0.6335579480994789,0.0020880386364441994
2024-06-13,444,0.6063294917692991,0.6068499675773307,-0.0005204758080316202
2024-06-14,472,0.6206406249547106,0.6239475217147984,-0.003306896760087734
2024-06-17,477,0.5198724219081858,0.5235364491783524,-0.0036640272701665534
2024-06-18,482,0.6716961590405844,0.6743226292213206,-0.0026264701807360807
2024-06-20,484,0.5207107426903016,0.520882703905429,-0.00017196121512740996
2024-06-21,486,0.5494206570324066,0.5475332520297069,0.0018874050026996124
2024-06-24,488,0.6387755151987056,0.6343506451029811,0.004424870095724504
2024-06-25,465,0.6229297057564492,0.6234457872496978,-0.0005160814932485007
2024-06-26,458,0.6302881565596734,0.6286127260744769,0.0016754304851963832
2024-06-27,458,0.6124612304796819,0.6107804296876497,0.0016808007920321737
2024-06-28,479,0.5509238527734773,0.5507264277812879,0.00019742499218954206
2024-07-01,479,0.5109615438504744,0.5134070584366343,-0.002445514586159831
2024-07-02,475,0.4777550752062802,0.479865500355181,-0.0021104251489008023
2024-07-03,472,0.5196128522982191,0.5202916019782633,-0.0006787496800442055
2024-07-05,475,0.5892945728538778,0.5933296115502054,-0.004035038696327628
2024-07-08,477,0.7830133676936756,0.7846255383005958,-0.0016121706069201621
2024-07-09,480,1.0511381189170093,1.0486766938502439,0.0024614250667653564
2024-07-10,478,0.9451152567841286,0.9428745289052582,0.002240727878870213
2024-07-11,482,1.0102611131013242,1.0094037338325421,0.0008573792687819804
2024-07-12,483,1.010365364544654,1.0086662860755922,0.0016990784690617052
2024-07-15,490,0.8659508490624479,0.8653985019830934,0.0005523470793544891
2024-07-16,484,0.9583921480065658,0.9518613981334064,0.006530749873159376
2024-07-17,481,0.6521089575257581,0.650675159974282,0.0014337975514760403
2024-07-18,481,0.6837324035771143,0.6857965867485609,-0.0020641831714466766
2024-07-19,486,0.6984262802179194,0.694340881837561,0.0040853983803583556
2024-07-22,489,1.1351801729206727,1.1319452861629742,0.003234886757698857
2024-07-23,486,1.1344367284705437,1.1316334148600249,0.0028033136105188065
2024-07-24,486,0.9657854820836265,0.9683879475691355,-0.0026024654855090154
2024-07-25,486,0.9719970374066307,0.9718107879364813,0.0001862494701493442
2024-07-26,481,0.7007343694784194,0.7048123788093119,-0.004078009330892537
2024-07-29,473,0.9164943791499106,0.913034322002911,0.003460057146999615
2024-07-30,470,1.4666230710670634,1.4629337504067734,0.0036893206602899298
2024-07-31,474,2.2300076856323487,2.2328279206603066,-0.00282023502795748
2024-08-01,480,1.263379112857083,1.2555214612212398,0.007857651635843042
2024-08-02,479,0.9433943215950517,0.9338561253139385,0.009538196281113282
2024-08-05,483,1.0049415007113842,1.0081818797415734,-0.003240379030189093
2024-08-06,478,0.7878555903811669,0.793813626715016,-0.005958036333849207
2024-08-07,471,0.8070830040529181,0.814040997337731,-0.006957993284813029
2024-08-08,470,0.5947323742578,0.6015956431624002,-0.006863268904600084
2024-08-09,471,0.5775344717240762,0.5842907362676378,-0.006756264543561607
2024-08-12,464,0.9693431811426608,0.9757462870799994,-0.006403105937338605
2024-08-13,450,0.67798867023013,0.6877301401548248,-0.009741469924694874
2024-08-14,449,0.8024087998192534,0.8121744957331738,-0.009765695913920312
2024-08-15,463,0.48964946724383523,0.49578828276210174,-0.006138815518266528
2024-08-16,472,0.5425563177941954,0.5515876739572955,-0.009031356163099899
2024-08-19,477,0.5070413714190821,0.5085221983169096,-0.0014808268978274842
2024-08-20,477,0.6426229998804349,0.6521387287982406,-0.009515728917805819
2024-08-21,479,0.5654947106757637,0.5709962659410986,-0.005501555265334909
2024-08-22,477,0.5716002671857945,0.5792279545920641,-0.007627687406269552
2024-08-23,481,0.5478456927149584,0.5458961473076576,0.001949545407300835
2024-08-26,483,0.5888760848331506,0.5909564588300882,-0.0020803739969375416
2024-08-27,465,0.5957388813774069,0.6027863207417286,-0.0070474393643215815
2024-08-28,448,0.6978744709374446,0.6951955998394826,0.0026788710979620757
2024-08-29,442,0.7533289454011557,0.7470894000648844,0.006239545336271406
2024-08-30,458,0.9999006258501641,0.9915178202284672,0.008382805621697008
2024-09-03,462,0.8137290617829323,0.8030421365643619,0.010686925218570524
2024-09-04,463,0.6248027273133688,0.6201897333800024,0.004612993933366346
2024-09-05,464,0.6416196121394797,0.6399375748443566,0.0016820372951229943
2024-09-06,474,0.7888363889162566,0.7919358778538943,-0.0030994889376376815
2024-09-09,477,0.7317375588192009,0.7341585112450236,-0.002420952425822642
2024-09-10,460,0.8062435642238108,0.8125471101665784,-0.006303545942767575
2024-09-11,448,0.8247784175475033,0.8331181734558488,-0.008339755908345686
2024-09-12,445,0.7577440202844534,0.7646847466203898,-0.0069407263359363815
2024-09-13,466,0.6015338200756918,0.6068629608414735,-0.0053291407657816885
2024-09-16,479,0.8037220090753903,0.807242405900187,-0.003520396824796721
2024-09-17,482,0.6255016782358137,0.6296836663116828,-0.004181988075869165
2024-09-18,481,0.632797105308493,0.6405489809335025,-0.007751875625009488
2024-09-19,483,0.5942373617333799,0.5957622645943973,-0.001524902861017425
2024-09-20,487,0.5889187332006117,0.5905871508981354,-0.0016684176975236746
2024-09-23,486,0.738101529196013,0.7395249529783826,-0.0014234237823696166
2024-09-24,481,0.5987996534237604,0.6019756379257413,-0.0031759845019808637
2024-09-25,462,0.6104117020203662,0.6178354313883816,-0.00742372936801539
2024-09-26,456,0.635565453451674,0.6328770452437734,0.0026884082079006036
2024-09-27,459,0.6031293460540855,0.59991916879377,0.003210177260315561
2024-09-30,477,0.7594947094955697,0.751104616788605,0.00839009270696476
2024-10-01,478,0.692349724881861,0.6930336607668147,-0.0006839358849537165
2024-10-02,477,0.6945351320531737,0.6934100687947237,0.0011250632584500655
2024-10-03,477,0.6009450236829159,0.604048471996117,-0.003103448313201001
2024-10-04,484,0.6127840739382289,0.6139944706134426,-0.001210396675213819
2024-10-07,479,0.5854809260278547,0.5895486624783556,-0.0040677364505007805
2024-10-08,478,0.6041231176754461,0.6119247605066357,-0.007801642831189509
2024-10-09,481,0.5732441961979209,0.5812698464022985,-0.008025650204377562
2024-10-10,484,0.7282677920876106,0.73250515596454,-0.00423736387692944
2024-10-11,486,0.7245996670361378,0.7269887863852912,-0.002389119349153437
2024-10-14,485,0.6830665872620004,0.6837046618194464,-0.0006380745574460618
2024-10-15,485,0.6024747331543083,0.6074453198161757,-0.004970586661867377
2024-10-16,483,0.5982841511519955,0.5960885084878549,0.002195642664140645
2024-10-17,482,0.6429676390557694,0.6389026706796945,0.004064968376074872
2024-10-18,486,0.7215750634610959,0.7139418389528146,0.007633224508281266
2024-10-21,489,0.765078008226822,0.763159245291384,0.0019187629354380316
2024-10-22,488,0.7315212634360445,0.7283272788828982,0.0031939845531464613
2024-10-23,489,0.7038985269999442,0.7066348143767561,-0.002736287376811892
2024-10-24,489,0.7249650973645663,0.7249219737126664,4.3123651899875085e-05
2024-10-25,491,0.7079747051629596,0.7084417273457858,-0.0004670221828263083
2024-10-28,484,1.0385589295141353,1.0315673283404143,0.00699160117372087
2024-10-29,476,1.0041284285289613,0.9993567140271443,0.004771714501817011
2024-10-30,468,0.8653364859148114,0.8621398923976797,0.0031965935171316363
2024-10-31,473,0.7242973913146367,0.72949690869449,-0.005199517379853271
2024-11-01,479,1.6753062102262735,1.6657190959607113,0.009587114265562012
2024-11-04,484,1.759546796114244,1.7493314521457324,0.010215343968511623
2024-11-05,473,1.632047841320695,1.6244152286502813,0.007632612670413829
2024-11-06,475,1.032710501499268,1.031660560996044,0.0010499405032238307
2024-11-07,473,0.9442471449231278,0.9431327426067792,0.0011144023163486632
2024-11-08,477,0.7458085260293221,0.7454626441266317,0.0003458819026903971
2024-11-11,467,0.7748731704564653,0.7673838330543102,0.007489337402155016
2024-11-12,450,0.8649513128129437,0.8609187588552558,0.004032553957687856
2024-11-13,447,0.8544425351982698,0.8519782942682457,0.002464240930024162
2024-11-14,454,0.8425558054493381,0.8406465803222857,0.0019092251270521829
2024-11-15,472,0.6789170891088878,0.6812373455992993,-0.002320256490411413
2024-11-18,477,0.7347920960919936,0.7394734040940297,-0.004681308002036195
2024-11-19,472,0.8436013202426713,0.850998330311075,-0.007397010068403671
2024-11-20,473,1.0486293053870976,1.0509858510414019,-0.0023565456543041432
2024-11-21,477,0.7094443327560498,0.7152528427665462,-0.005808510010496398
2024-11-22,480,0.6128246465606436,0.6174489220941323,-0.004624275533488664
2024-11-25,465,0.49355804049813756,0.49678724995246754,-0.0032292094543298912
2024-11-26,450,0.5614570832752761,0.56303626362847,-0.001579180353193955
2024-11-27,450,0.6321977537972199,0.6324822688505526,-0.0002845150533327715
2024-11-29,463,0.8010177149524645,0.7967405821420894,0.004277132810375121
2024-12-02,474,0.7189323135818083,0.7151884961460904,0.0037438174357179105
2024-12-03,463,0.734183017963596,0.732302343073221,0.0018806748903750818
2024-12-04,458,0.7397438138970636,0.7342039665860542,0.005539847311009407
2024-12-05,461,0.7711263715163766,0.7656659659897598,0.00546040552661698
2024-12-06,474,0.7212374871655712,0.7166588336656613,0.0045786534999100485
2024-12-09,485,0.7157169097703637,0.7114615611403456,0.004255348630018033
2024-12-10,468,0.6780853594707312,0.6757431962112985,0.002342163259432803
2024-12-11,457,0.7618374887775793,0.756590838034328,0.005246650743251266
2024-12-12,450,0.7394952464425716,0.7312846190749539,0.008210627367617586
2024-12-13,468,1.3289492943599606,1.3200984798621773,0.00885081449778327
2024-12-16,481,1.369136743943203,1.3600249566503928,0.00911178729281028
2024-12-17,479,0.843647195012624,0.8349458576043686,0.008701337408255475
2024-12-18,481,0.6026981948814439,0.6100461783717439,-0.007347983490300087
2024-12-19,482,0.6803223980402882,0.6927480844034543,-0.012425686363166141
2024-12-20,487,0.44486263147219357,0.4547595235229624,-0.009896892050768843
2024-12-23,482,0.37467565597360797,0.37842384188772854,-0.00374818591412056
2024-12-24,478,0.5837727153591495,0.5712005132097592,0.012572202149390352
2024-12-26,463,0.616367778000677,0.6039045424278684,0.012463235572808632
2024-12-27,459,0.5745936531786102,0.5676691660312335,0.00692448714737669
2024-12-30,456,0.5479217232491035,0.5543305402126009,-0.006408816963497423
2024-12-31,472,0.7695626619228239,0.7716590096156223,-0.0020963476927983974
2025-01-02,480,0.6667119204344923,0.6697753716901336,-0.003063451255641297
2025-01-03,486,0.6145523299241155,0.6153525322083133,-0.0008002022841977704
2025-01-06,479,0.8545096842983767,0.8457990764003026,0.00871060789807411
2025-01-07,481,0.7386039987970981,0.7353419876916374,0.00326201110546074
2025-01-08,480,0.7198859402361546,0.7188483708846422,0.001037569351512359
2025-01-10,485,0.9799810404325947,0.9823919117261884,-0.0024108712935938313
2025-01-13,484,1.0050334084236976,1.0059945767787024,-0.000961168355004956
2025-01-14,481,0.8797790640780888,0.8850882195395052,-0.005309155461416431
2025-01-15,482,0.9148149270635084,0.9209271311243037,-0.00611220406079539
2025-01-16,481,0.8391184295350568,0.8425296283226439,-0.003411198787587125
2025-01-17,485,0.8567091425011351,0.8593760696021938,-0.002666927101058867
2025-01-21,486,0.6309805878991968,0.6317918117684348,-0.0008112238692379707
2025-01-22,488,1.1738758184937352,1.1763783954663438,-0.002502576972608586
2025-01-23,489,1.0262497476941368,1.028788399607421,-0.002538651913284062
2025-01-24,490,0.9558605079129487,0.957240171034662,-0.0013796631217132373
2025-01-27,489,0.8778622211548638,0.8797542475847175,-0.0018920264298537895
2025-01-28,481,0.7219662882207275,0.725244096043154,-0.003277807822426396
2025-01-29,472,0.7898134773227491,0.7895771609266492,0.00023631639609985385
2025-01-30,473,0.8203068452908591,0.8145039249210778,0.005802920369781163
2025-01-31,479,0.7721737777397187,0.7734472839796315,-0.0012735062399128125
2025-02-03,490,0.8951189299784731,0.8990097966389577,-0.0038908666604846407
2025-02-04,479,0.8329196806600789,0.8346001278529523,-0.001680447192873446
2025-02-05,473,0.8298682815949612,0.8284228180913219,0.001445463503639318
2025-02-06,471,0.7703331054847804,0.7672159694383588,0.003117136046421618
2025-02-07,478,0.7501492184821235,0.7480322094828252,0.002117008999298089
2025-02-10,484,0.8528140736177978,0.8515623199939245,0.00125175362387334
2025-02-11,458,0.9298531411354396,0.9300738948349101,-0.0002207536994705104
2025-02-12,449,0.9843296966711674,0.9878212242789903,-0.0034915276078229677
2025-02-13,448,0.8188500117546064,0.8209762197990137,-0.0021262080444074656
2025-02-14,471,0.8060932131854154,0.807476350629511,-0.0013831374440955557
2025-02-18,475,1.1387620622679095,1.1332121221017992,0.005549940166110216
2025-02-19,469,1.1889653057102416,1.1834930764635898,0.0054722292466517644
2025-02-20,469,1.1349211946376423,1.1280288134339758,0.00689238120366659
2025-02-21,474,0.6362367725422292,0.6355562198394373,0.000680552702791817
2025-02-24,479,0.7595691256770306,0.7552658508163328,0.0043032748606978205
2025-02-25,466,0.7328709643070211,0.7345524298762834,-0.0016814655692622504
2025-02-26,453,1.0375969149130535,1.0310982710104204,0.006498643902633048
2025-02-27,452,0.8800998242281481,0.8755437867156187,0.004556037512529363
2025-02-28,462,0.9204609627701852,0.9166079532754733,0.0038530094947119703
2025-03-03,474,1.0874382606786654,1.0839871476070022,0.0034511130716632274
2025-03-04,462,1.0113740171701908,1.0096420790692724,0.0017319381009184248
2025-03-05,450,1.609417963470667,1.607629589196314,0.00178837427435285
2025-03-06,452,1.042096239711796,1.0384105612031145,0.0036856785086816996
2025-03-07,462,1.262278479449607,1.256903884087487,0.005374595362119798
2025-03-10,477,1.2263483351045072,1.2249308821121394,0.0014174529923681224
2025-03-11,451,0.7040203143513131,0.7076947092481439,-0.003674394896830971
2025-03-12,449,0.7856515212836961,0.7951090927564539,-0.009457571472757881
2025-03-13,447,0.8668092963807082,0.8772176685127314,-0.01040837213202323
2025-03-14,475,0.6321465224294849,0.642397598080632,-0.010251075651147074
2025-03-17,478,0.543174891286933,0.5444543433798842,-0.0012794520929512265
2025-03-18,481,0.6147232120085426,0.6167270557158251,-0.0020038437072824886
2025-03-19,481,0.6149951248901776,0.6215781653748355,-0.006583040484657955
2025-03-20,485,0.703245808835501,0.7095247746868356,-0.006278965851334533
2025-03-21,489,0.6025280890255675,0.6098652078408059,-0.007337118815238436
2025-03-24,490,0.7515950107902365,0.7444729941961655,0.007122016594070924
2025-03-25,488,1.141993101691177,1.132785452066651,0.009207649624526186
2025-03-26,466,0.8660792426696511,0.8570842559239428,0.008994986745708245
2025-03-27,460,0.6446440689429939,0.6412290526093705,0.0034150163336233315
2025-03-28,464,0.6706877362847851,0.6819369906423552,-0.011249254357570168
2025-03-31,482,1.7021513368414591,1.7003141377276965,0.0018371991137627948
2025-04-01,483,3.884842521829072,3.8938973000792774,-0.009054778250205084
2025-04-02,481,4.531961878066622,4.542857435444673,-0.010895557378050754
2025-04-03,485,3.020699057951033,3.0228929013075096,-0.0021938433564760293
2025-04-04,490,2.2556925137912662,2.237612915058989,0.01807959873227724
2025-04-07,485,1.1416189549787086,1.148742929113152,-0.00712397413444317
2025-04-08,483,2.049086684761773,2.039866598152238,0.009220086609534838
2025-04-09,483,0.9595883938317226,0.9524737078977364,0.007114685933986118
2025-04-10,488,0.8358147361582122,0.8532816985708495,-0.017466962412637302
2025-04-11,489,0.6588228046118657,0.6593897449065965,-0.000566940294730826
2025-04-14,483,0.7621228868992167,0.7604556045819536,0.0016672823172630496
2025-04-15,483,1.0811028537606573,1.063651505249953,0.017451348510704293
2025-04-16,482,0.8038313561542213,0.8150699104104656,-0.011238554256244284
2025-04-17,486,0.7565001331773816,0.7715807574022687,-0.015080624224887047
2025-04-21,490,1.8866663971565882,1.8849401777585126,0.001726219398075747
2025-04-22,491,1.3109426801528388,1.32090730206598,-0.009964621913141316
2025-04-23,493,0.9352372706600244,0.9516654969840168,-0.016428226323992462
2025-04-24,492,0.6885066607646599,0.6993303496976789,-0.010823688933018973
2025-04-25,484,0.7277856415057274,0.7377635735295371,-0.009977932023809628
2025-04-28,480,0.7852334999207947,0.7923151979909865,-0.00708169807019179
2025-04-29,476,0.8936898854342978,0.9060331174543852,-0.012343232020087485
2025-04-30,480,0.850842087686315,0.8627625738214804,-0.011920486135165343
2025-05-01,482,0.7228964968273408,0.7320997358316153,-0.009203239004274529
2025-05-02,485,0.7519239065425549,0.7521428588349333,-0.00021895229237832656
2025-05-05,490,0.7714909767225983,0.7813510012596694,-0.009860024537071105
2025-05-06,482,0.849881630875589,0.8605157161540449,-0.010634085278455782
2025-05-07,475,1.5971785153704354,1.6036199841488505,-0.006441468778415345
2025-05-08,473,1.514985051969984,1.5230614593079141,-0.008076407337930218
2025-05-09,476,1.4615313242716939,1.4670045867283565,-0.005473262456662821
2025-05-12,472,0.7717117156992885,0.7798651801597042,-0.008153464460415599
2025-05-13,456,0.7467110345637987,0.7570057288434807,-0.010294694279682078
2025-05-14,450,0.8867090405660865,0.896309198118412,-0.009600157552325687
2025-05-15,459,0.6597218863317678,0.6678894934865842,-0.008167607154816521
2025-05-16,472,0.9233254682283794,0.9076925762983974,0.015632891929981903
2025-05-19,480,0.9442956572064597,0.9223422266237283,0.02195343058273128
2025-05-20,469,0.9786567215273062,0.9539615464269343,0.02469517510037197
2025-05-21,468,0.7055747979647865,0.7444714409365917,-0.03889664297180524
2025-05-22,470,0.6554802666696584,0.689551595850263,-0.034071329180604674
2025-05-23,480,0.6969206656600048,0.7367435082209327,-0.03982284256092784
2025-05-27,468,0.7006372697618897,0.7191542325804076,-0.018516962818517852
2025-05-28,454,0.6938679253579259,0.7246353713871784,-0.030767446029252552
2025-05-29,456,0.7125754390958933,0.7473098201795482,-0.034734381083654904
2025-05-30,467,0.7309144312279343,0.7630042221020051,-0.032089790874070837
2025-06-02,481,0.7450583493448903,0.7726358480010257,-0.02757749865613539
2025-06-03,470,0.6591145349510885,0.6909942646236676,-0.03187972967257917
2025-06-04,469,0.6716915734424407,0.7035039845822633,-0.03181241113982262
2025-06-05,463,0.8712528997346484,0.9044349366443765,-0.03318203690972816
2025-06-06,474,0.7429784696443072,0.7665092731089521,-0.02353080346464487
2025-06-09,481,0.6415987854216781,0.6734305691787456,-0.03183178375706752
2025-06-10,466,0.846931885314355,0.8463021710643079,0.0006297142500470342
2025-06-11,455,0.7066048805095935,0.7314167770789779,-0.02481189656938432
2025-06-12,452,0.8226946690326429,0.8260805347119129,-0.0033858656792701055
2025-06-13,468,0.7582977730301068,0.780294226171827,-0.021996453141720194
2025-06-16,479,0.6821575831123758,0.6961452323619447,-0.013987649249568752
2025-06-17,480,0.7241886811010989,0.75830823700141,-0.03411955590031112
2025-06-18,487,0.785132939456928,0.8255372421001799,-0.040404302643252
2025-06-20,488,0.7455466219489963,0.7770174850160398,-0.03147086306704355
2025-06-23,489,0.7855052294429364,0.8168800427860033,-0.03137481334306691
2025-06-24,484,0.6595703026794141,0.6896052489267782,-0.030034946247364285
2025-06-25,466,0.6904674218168471,0.7344658764796654,-0.04399845466281838
2025-06-26,461,0.834447200272073,0.8743486360011536,-0.03990143572908063
2025-06-27,466,0.9184157526541304,0.9540075700381792,-0.03559181738404865
2025-06-30,476,0.9046762073281683,0.9406692443118756,-0.035993036983707316
2025-07-01,479,0.6776900350270397,0.7031721656185007,-0.025482130591461007
2025-07-02,478,0.5841817733454908,0.6109099484252258,-0.026728175079734982
2025-07-03,487,0.6498107388716375,0.6700020662393565,-0.02019132736771902
2025-07-07,484,0.7656252584533824,0.7946972533727586,-0.029071994919376294
2025-07-08,485,0.6430856342073045,0.6645444160393106,-0.02145878183200608
2025-07-09,485,0.6198639367063309,0.6386917224678605,-0.018827785761529794
2025-07-10,487,0.8194294624138231,0.8041185318276859,0.015310930586137191
2025-07-11,489,0.6687199899206738,0.6704806694856038,-0.0017606795649299178
2025-07-14,489,0.6018360968512094,0.6104325743673628,-0.008596477516153408
2025-07-15,488,0.6545406762280609,0.6789758806285305,-0.024435204400469784
2025-07-16,484,0.6150153745476071,0.6313404887373629,-0.016325114189755786
2025-07-17,482,0.7163684144537014,0.7324915091645386,-0.01612309471083738
2025-07-18,488,0.8354336242787856,0.8572351198841553,-0.021801495605369692
2025-07-21,491,0.9816540908235085,0.9990104255718951,-0.017356334748386576
2025-07-22,491,0.8800081528614261,0.8941229266835077,-0.014114773822081615
2025-07-23,492,0.7620100160086253,0.7648873906049386,-0.002877374596313383
2025-07-24,492,0.6913153756249826,0.6989554705265401,-0.007640094901557547
2025-07-25,493,0.9146851883616848,0.8998979196867315,0.01478726867495325
2025-07-28,483,1.1630249594318225,1.1356826873725683,0.02734227205925427
2025-07-29,475,1.314939446166529,1.2670145731974578,0.047924872969071004
2025-07-30,474,1.0391889270769503,1.0253321413542535,0.013856785722696859
2025-07-31,480,0.8533678002817963,0.8541461476004995,-0.0007783473187032432
2025-08-01,488,0.8643973594809521,0.8761594286646018,-0.01176206918364973
2025-08-04,488,0.8620872736616129,0.8584658084090248,0.0036214652525880828
2025-08-05,483,0.8737021916906402,0.8773419710325961,-0.003639779341955989
2025-08-06,477,0.8321018551980937,0.8358000093590104,-0.003698154160916771
2025-08-07,477,0.7808929014413658,0.8000931113471953,-0.01920020990582941
2025-08-08,479,0.9207224139513557,0.9483882269867006,-0.027665813035344895
2025-08-11,475,0.9022977196011789,0.9261745422140224,-0.023876822612843608
2025-08-12,455,0.695021136726368,0.709184250061465,-0.01416311333509691
2025-08-13,449,0.6583770580882524,0.6578313201070498,0.0005457379812027216
2025-08-14,454,0.5791310481969493,0.591786046522693,-0.012654998325743566
2025-08-15,471,0.5394731661639492,0.5548301275552887,-0.015356961391339461
2025-08-18,479,0.6026404852673309,0.6105790732396593,-0.007938587972328428
2025-08-19,478,0.603775346621135,0.6313827640516861,-0.027607417430551083
2025-08-20,479,0.6745138641086512,0.6917650549756623,-0.0172511908670111
2025-08-21,481,0.7940901644915742,0.8152355707247763,-0.02114540623320198
2025-08-22,488,0.6421010346656661,0.6505363171572053,-0.008435282491539218
2025-08-25,489,0.6553299630806381,0.6715721861033641,-0.016242223022725946
2025-08-26,474,0.540381650865701,0.5545647244455453,-0.01418307357984428
2025-08-27,450,0.650011705046157,0.646652361589715,0.0033593434564420407
2025-08-28,446,0.6843951426757467,0.6769029912593506,0.007492151416396198
2025-08-29,456,0.615484357283104,0.623635735742514,-0.008151378459410078
2025-09-02,462,0.7168599219801154,0.730548625778448,-0.013688703798332596
2025-09-03,465,0.725723630827241,0.7418960658384731,-0.01617243501123202
2025-09-04,468,0.6719986779787828,0.677258331748663,-0.0052596537698802095
2025-09-05,478,0.8161386426051556,0.8173045800132742,-0.001165937408118653
2025-09-08,479,0.7719066523445967,0.7908888620233439,-0.018982209678747246
2025-09-09,475,0.7472523613295181,0.7607441901342702,-0.013491828804752167
2025-09-10,459,0.6439111420472858,0.6586547299037991,-0.014743587856513292
2025-09-11,455,0.7256358889195113,0.7159836683006618,0.009652220618849431
2025-09-12,461,0.596605316296069,0.6036194346986389,-0.007014118402569818
2025-09-15,482,0.6410810136704121,0.6574440245670496,-0.016363010896637643
2025-09-16,488,0.6697039096549019,0.6856402116771084,-0.015936302022206486
2025-09-17,486,0.7610533203417,0.7710037352851414,-0.009950414943441382
2025-09-18,489,0.6028815954085917,0.6125431793698374,-0.009661583961245742
2025-09-19,490,0.6599906786611779,0.6654115412695111,-0.005420862608333257
2025-09-22,492,0.7589625455015749,0.7519257470201812,0.0070367984813937395
2025-09-23,486,0.6230408769746768,0.6329649687078748,-0.009924091733198043
2025-09-24,485,0.5581375728694216,0.5768723963402785,-0.018734823470857014
2025-09-25,464,0.7117947850872902,0.7368271829088469,-0.02503239782155658
2025-09-26,461,0.910443266599563,0.9188732981597252,-0.008430031560162218
2025-09-29,460,0.883822763610642,0.890766582504667,-0.006943818894025077
2025-09-30,475,0.7619558050144662,0.7750863981331643,-0.013130593118698065
2025-10-01,482,0.6834944096795895,0.697355887620315,-0.013861477940725507
2025-10-02,483,0.6705052281905663,0.6754402654467488,-0.004935037256182488
2025-10-03,492,0.7552669342692061,0.7568838104450342,-0.0016168761758280415
2025-10-06,490,0.7341040279339642,0.72674523402253,0.007358793911434304
2025-10-07,483,1.0392545549268457,0.9930847113457911,0.04616984358105456
2025-10-08,483,0.8314203991106143,0.8079272479277146,0.023493151182899803
2025-10-09,484,0.635751321372019,0.6379127649350601,-0.002161443563041062
2025-10-10,488,0.8845609637598593,0.909838796575521,-0.02527783281566171
2025-10-13,487,0.7604630524705577,0.7654353963368818,-0.004972343866324085
2025-10-14,485,0.7220209094954426,0.7233705236273092,-0.0013496141318664868
2025-10-15,488,0.6330762012222864,0.6468661938431847,-0.013789992620898254
2025-10-16,488,0.802756002181431,0.8281368267793326,-0.025380824597901603
2025-10-17,490,0.6626239685597948,0.6815914716286886,-0.018967503068893974
2025-10-20,491,0.734246649268305,0.7452886911824942,-0.011042041914189154
2025-10-21,489,0.76836384523638,0.7774870696870063,-0.009123224450626282
2025-10-22,491,0.8745198655269251,0.8924651378753611,-0.01794527234843606
2025-10-23,491,0.844225128366451,0.8447135339290152,-0.0004884055625641121
2025-10-24,492,1.1394267006905425,1.1115031436613159,0.027923557029226793
2025-10-27,491,1.2882328372755718,1.244680427681259,0.043552409594312856
2025-10-28,481,1.094607546334624,1.073264694974647,0.021342851359977287
2025-10-29,476,0.9353733671213171,0.9309721858952837,0.004401181226033398
2025-10-30,475,0.8062904051372005,0.8006948253795281,0.00559557975767237
2025-10-31,482,0.8324574485445648,0.8295453426524302,0.002912105892134593
2025-11-03,489,0.9574493253681718,0.9445701272706535,0.012879198097518354
2025-11-04,481,0.8805374290328283,0.8898972100751021,-0.009359781042273835
2025-11-05,475,0.8192778847435448,0.8301896289871992,-0.010911744243654252
2025-11-06,475,0.8498660025557535,0.8756552592605877,-0.025789256704834253
2025-11-07,479,0.6634901634170727,0.6874646870025695,-0.02397452358549674
2025-11-10,479,0.7828935433778129,0.7800432021605695,0.002850341217243336
2025-11-11,456,0.7090402996388993,0.6984079788687511,0.010632320770148246
2025-11-12,445,1.0873993281778636,1.0411120088460424,0.0462873193318211
2025-11-13,450,0.7964285168932154,0.7786946534405085,0.0177338634527069
2025-11-14,465,0.7684363000223966,0.7511374049087343,0.017298895113662286
2025-11-17,477,0.7437999017049239,0.7321926111978502,0.011607290507073827
2025-11-18,474,0.7410739493304394,0.7522354592842493,-0.011161509953809932
2025-11-19,476,0.7450627590492727,0.7636251648513704,-0.018562405802097757
2025-11-20,477,1.3356848527027827,1.366794722507495,-0.03110986980471242
2025-11-21,481,0.9066144764756782,0.9368507176098421,-0.030236241134163976
2025-11-24,474,0.8214226982816485,0.855337356014442,-0.03391465773279345
2025-11-25,458,0.6045705733471712,0.6226528274821942,-0.018082254135022898
2025-11-26,457,0.6674617867069101,0.6743815625214763,-0.006919775814566101
2025-11-28,463,0.8074327396387411,0.8112124553335212,-0.0037797156947800684
2025-12-01,478,0.7891431442975678,0.8013330304019531,-0.012189886104385284
2025-12-02,463,0.8367594050472604,0.8502018710351984,-0.013442465987937885
2025-12-03,465,0.7713446291606727,0.7716130451872324,-0.0002684160265596499
2025-12-04,468,0.796147769771697,0.7932054355291671,0.002942334242529931
2025-12-05,482,0.804649809906783,0.8144381996830763,-0.009788389776293286
2025-12-08,485,0.8939745067303851,0.9167498383934598,-0.022775331663074636
2025-12-09,479,0.8901182651107387,0.9069899192730422,-0.016871654162303455
2025-12-10,462,0.8554550085374324,0.8593105573828178,-0.003855548845385336
2025-12-11,457,0.7716901483143161,0.7615725238081071,0.01011762450620913
2025-12-12,461,0.686414901813343,0.6822453109196106,0.0041695908937324
2025-12-15,480,0.6214087306240875,0.6213878624323974,2.086819169003952e-05
2025-12-16,482,0.5780833773483783,0.5934435039902369,-0.015360126641858674
2025-12-17,484,0.7571143249712415,0.779274374097575,-0.022160049126333434
2025-12-18,486,0.6300875488343769,0.6514650264492607,-0.02137747761488399
2025-12-19,490,0.48120499255920035,0.5082606365109953,-0.02705564395179499
2025-12-22,485,0.41311022087316596,0.43490649364285544,-0.021796272769689477
2025-12-23,482,0.3994924178113322,0.4214822255588633,-0.021989807747531023
2025-12-24,481,0.44051786717386315,0.4541876209103582,-0.01366975373649504
2025-12-26,471,0.5393620504593567,0.5373636851519883,0.001998365307368507
2025-12-29,458,0.588281168913388,0.5966368015134232,-0.008355632600035169
2025-12-30,457,0.7761529530332558,0.7898640621174143,-0.013711109084158516
2025-12-31,471,1.2456261945583513,1.2677172251496582,-0.022091030591306998
2026-01-02,488,0.9289905272841725,0.93350550120671,-0.004514973922537585
2026-01-05,491,0.7500365712186544,0.7629928655440843,-0.012956294325429843
2026-01-06,488,0.7458753443736247,0.7525384509034869,-0.006663106529862292
2026-01-07,485,0.9043635479324679,0.9226877518323066,-0.018324203899838763
2026-01-08,484,0.8936704261063645,0.9005225413315171,-0.006852115225152584
2026-01-09,489,0.8552494336757381,0.8599504663439083,-0.004701032668170025
2026-01-12,489,0.8261152300781333,0.8358995316629143,-0.00978430158478102
2026-01-13,483,0.7560973803598741,0.7641414372993872,-0.008044056939513102
2026-01-14,480,0.823304704002193,0.805106762701638,0.01819794130055504
2026-01-15,482,0.7909511524122587,0.7895004271462563,0.0014507252660022132
2026-01-16,487,0.7679034979538776,0.7743308546880942,-0.006427356734216653
2026-01-20,488,0.7285321164961723,0.750119518112715,-0.021587401616542837
2026-01-21,490,0.649933027918057,0.658316063602752,-0.008383035684694968
2026-01-22,492,0.7703161772196808,0.7712970007860529,-0.0009808235663721942
2026-01-23,493,0.8627887005156756,0.8624797867993302,0.00030891371634532503
2026-01-26,490,1.0424335142633283,1.033161666226463,0.009271848036865257
2026-01-27,481,0.9221404343557432,0.9118873678952939,0.010253066460449375
2026-01-28,479,0.9753829146112095,0.9756980999406545,-0.0003151853294449844
2026-01-29,480,1.2723625964999956,1.2565373155803359,0.01582528091965958
2026-01-30,486,1.6153940348790226,1.6014883736507466,0.013905661228275835
2026-02-02,489,1.7224437091194331,1.6887262652091175,0.03371744391031577
2026-02-03,484,1.2938793799687693,1.3015959477828443,-0.00771656781407484
2026-02-04,481,1.0963249548112748,1.1045966254810413,-0.008271670669766532
2026-02-05,478,1.2693939995976902,1.2871832691640508,-0.017789269566360632
2026-02-06,480,1.1509142174659215,1.1496243825575052,0.0012898349084163206
2026-02-09,483,1.4450759338384167,1.4102526673297229,0.034823266508694065
2026-02-10,464,1.3092191669447057,1.2889958996903963,0.02022326725430963
2026-02-11,452,0.9919095372348514,0.9816498249843606,0.010259712250490839
2026-02-12,449,0.897805228914618,0.9201180188141509,-0.022312789899532944
2026-02-13,467,0.7907532034215924,0.8021336735115273,-0.011380470089934877
2026-02-17,477,0.7838410974269974,0.8022055504672915,-0.018364453040294177
2026-02-18,475,0.9511397808063398,0.9378730061517588,0.013266774654580918
2026-02-19,476,0.8157774161371055,0.8210851495810645,-0.005307733443959047
2026-02-20,477,0.7884839059136722,0.7906299453980269,-0.0021460394843545593
2026-02-23,483,0.9571554546193649,0.9802280952371382,-0.023072640617773272
2026-02-24,469,0.9107871677427912,0.9263354120873555,-0.015548244344564255
2026-02-25,458,1.002523568579801,1.0104259067336017,-0.00790233815380073
2026-02-26,456,1.0244720218787968,1.007928125162799,0.016543896715997854
2026-02-27,467,0.8837350599554322,0.876665811629894,0.007069248325538303
2026-03-02,477,1.125190451388761,1.0967011797172495,0.028489271671511423
2026-03-03,460,1.1095541711723056,1.0788681788706966,0.030685992301608976
2026-03-04,456,0.9604389356765551,0.9363559189499928,0.02408301672656215
2026-03-05,450,0.873237259520458,0.8554725419866567,0.017764717533801357
2026-03-06,463,0.9437219031463421,0.9330888681138583,0.0106330350324837
2026-03-09,473,1.2078730872949495,1.165624774805858,0.04224831248909155
2026-03-10,465,1.0318891988931493,1.0033409285672517,0.028548270325897653
2026-03-11,458,0.7387403320836413,0.7369290521159855,0.0018112799676558845
2026-03-12,451,0.7144497647735558,0.7437930992830158,-0.029343334509460077
2026-03-13,472,0.7032749699696893,0.7128538022120322,-0.009578832242342973
2026-03-16,483,0.8158374681392689,0.8123011817163639,0.0035362864229051
2026-03-17,488,1.097235650182947,1.0562922690231473,0.040943381159799674
2026-03-18,487,0.7113489405565655,0.7180872921264287,-0.00673835156986326
2026-03-19,488,0.8071003336745047,0.8101039483167162,-0.003003614642211536
2026-03-20,489,0.9724743599248556,0.9939535981836326,-0.021479238258777008
2026-03-23,490,0.7629964943892424,0.7687900432461361,-0.005793548856893716
2026-03-24,488,0.9118812250106639,0.8935544725791684,0.01832675243149546
2026-03-25,489,1.171132452725724,1.1290857584222664,0.042046694303457435
2026-03-26,467,0.5956109921885333,0.619278917428249,-0.02366792523971576
2026-03-27,466,1.0084136587331243,1.0347196777972485,-0.026306019064124175
2026-03-30,458,1.1721114772691452,1.200709263976164,-0.028597786707018923
2026-03-31,477,0.7366430648034719,0.7633239421266846,-0.026680877323212757
2026-04-01,480,0.6843625108896116,0.7046980303573743,-0.020335519467762644
2026-04-02,490,1.0324586953039492,1.0633994304770769,-0.03094073517312756
2026-04-06,488,1.2082218542472634,1.226920750582144,-0.01869889633488089
2026-04-07,485,1.2731679131836515,1.2833433203449929,-0.010175407161341386
2026-04-08,484,0.7354842959125618,0.7539725246208431,-0.018488228708281283
2026-04-09,488,0.8111335065418003,0.8316231012301099,-0.020489594688309687
2026-04-10,489,1.1020438482388302,1.1223361471308082,-0.02029229889197781
2026-04-13,488,0.8209908351151823,0.8420401342174995,-0.02104929910231715
2026-04-14,486,0.8396693886395709,0.8680204840446452,-0.028351095405074318
2026-04-15,487,0.8571832736722443,0.8880893188195021,-0.03090604514725778
2026-04-16,488,0.8270425924764857,0.8458536225674494,-0.018811030090963774
2026-04-17,488,0.9136111951460977,0.9145350700111274,-0.0009238748650297464
2026-04-20,491,1.0617859565396601,1.0533067172219193,0.008479239317740623
2026-04-21,491,1.035055509873743,1.0323315926772652,0.0027239171964779825
2026-04-22,494,0.9065426652462122,0.9073784948310203,-0.0008358295848081745
2026-04-23,494,0.8387408950075483,0.8379262865004772,0.0008146085070711876
2026-04-24,493,1.0030242782397552,0.9956961028366454,0.0073281754031095285
2026-04-27,487,1.0172534945272356,1.028707899716272,-0.011454405189036303
2026-04-28,482,0.9948012854470903,1.0103359238789986,-0.015534638431908174
2026-04-29,477,0.9196930468622696,0.9327676883946591,-0.013074641532389597
2026-04-30,480,0.9353830706799456,0.9407340435264956,-0.005350972846549914
2026-05-01,485,1.1139151627218213,1.1259848139370359,-0.012069651215214718
2026-05-04,490,1.1786890362624716,1.1915408365083897,-0.012851800245918392
2026-05-05,480,1.3032923495941826,1.30303802266458,0.0002543269296028218
2026-05-06,475,1.1266294677002076,1.1187800983096887,0.007849369390518854
2026-05-07,473,0.9851796512438725,0.9867698016223034,-0.001590150378430939
2026-05-08,480,1.0095272683984393,1.0002258231803223,0.009301445218117115
2026-05-11,479,0.8027768775046186,0.8116524344971259,-0.008875556992507378
2026-05-12,457,0.8803871759855255,0.8751990236104368,0.005188152375088706
2026-05-13,452,0.9767822096871851,0.9828656106464697,-0.006083400959284641
2026-05-14,455,1.0304721897557596,1.0182917262835995,0.012180463472160175
2026-05-15,475,0.8180870771565921,0.8418445368518314,-0.023757459695239135
2026-05-18,481,0.8163637650215003,0.836173832552597,-0.019810067531096615
2026-05-19,465,1.0989285092225405,1.1263428307463061,-0.027414321523765467
2026-05-20,467,0.9847855568797304,1.0058836061649468,-0.021098049285216445
2026-05-21,469,0.9500924451564606,0.9687897507561614,-0.018697305599700825
2026-05-22,486,1.042811662379815,1.0528701853754083,-0.010058522995593287
2026-05-26,473,1.225347059302091,1.2278909058430816,-0.002543846540990629
2026-05-27,456,1.5242406706194633,1.519299413020515,0.004941257598948309
2026-05-28,456,1.1951238389945729,1.1995865903902425,-0.004462751395669889
2026-05-29,468,1.0327812726541676,1.032025273638908,0.000755999015259688
2026-06-01,482,1.0341528710958048,1.0428749674025406,-0.008722096306735868
2026-06-02,466,1.1027840267121536,1.0944634174778027,0.00832060923435074
2026-06-03,465,0.8845994572941326,0.8878491824722965,-0.0032497251781638116
2026-06-04,466,0.9732289627708693,0.9714017317589784,0.0018272310118908688
2026-06-05,478,0.8245254350400146,0.8258292554281439,-0.001303820388129287
2026-06-08,481,0.9088016157655061,0.9266812744645275,-0.017879658699021434
2026-06-09,475,0.8169669881757188,0.8369896190053635,-0.02002263082964485
2026-06-10,453,1.3831312052318758,1.4061070315990398,-0.0229758263671641
2026-06-11,449,0.8787458935233653,0.9009030643436426,-0.022157170820277336
2026-06-12,458,1.0482516529398824,1.0339314459397038,0.014320207000178426
2026-06-15,483,0.9138400300231101,0.9015078327593872,0.012332197263723046
2026-06-16,485,1.1169260297450996,1.098558281348049,0.01836774839705024
2026-06-17,485,0.7798240016529328,0.7941560107062765,-0.014332009053343803
2026-06-18,486,0.9529679329569011,0.962891987994964,-0.009924055038062872
2026-06-22,487,1.133523714029171,1.1437431561503202,-0.010219442121149069
2026-06-23,485,1.1902248208810549,1.2069419811666806,-0.0167171602856256
2026-06-24,485,0.9910930967613931,1.009696221247443,-0.018603124486049716
2026-06-25,467,0.9705672069307557,0.983148064268112,-0.012580857337356227
2026-06-26,464,0.9939718744672453,1.0019501798677102,-0.007978305400464807
2026-06-29,460,1.2120901311765988,1.2203965884900845,-0.008306457313485581
2026-06-30,475,1.2394258962911906,1.2489925985423713,-0.00956670225118057
2026-07-01,480,1.017759515041551,1.031121673999742,-0.01336215895819111
2026-07-02,485,0.8967408946853778,0.8908009629224862,0.005939931762891524
2026-07-06,488,0.7788228282877914,0.7865447635286895,-0.007721935240898276
2026-07-07,483,0.7621537083093564,0.7727028099965755,-0.010549101687218995
2026-07-08,484,0.7064523927046882,0.7341936765674514,-0.027741283862763214
2026-07-09,488,0.715937338247246,0.732235203285472,-0.016297865038225976
2026-07-10,491,0.8117874350268061,0.8195751822771536,-0.007787747250347511
2026-07-13,492,0.8890118468038815,0.9033340852097129,-0.0143222384058315
2026-07-14,488,0.9405841240093833,0.9456834127573056,-0.0050992887479223955
2026-07-15,488,0.8271149448379975,0.8338292234213316,-0.00671427858333393
2026-07-16,486,0.9464308280852147,0.9423079660443718,0.004122862040842786
2026-07-17,488,0.8784208554438517,0.8845384292347204,-0.0061175737908686495
2026-07-20,491,1.0454180010812473,1.044277545645981,0.0011404554352663963
2026-07-21,488,0.9736219220466282,0.9839935406759173,-0.010371618629288988
2026-07-22,489,1.1353556189252576,1.1483411770583014,-0.012985558133043515
2026-07-23,489,1.8734302175803923,1.8795581614537173,-0.006127943873325196
2026-07-24,493,1.6212586532028275,1.6104701884871462,0.010788464715681104
2026-07-27,492,1.0130806407025104,1.0200705180604603,-0.006989877357949915
2026-07-28,484,1.179731388089958,1.1649085520957558,0.014822835994202083
2026-07-29,477,1.3810271821662912,1.3852331069813315,-0.004205924815040232
2026-07-30,477,1.2875828801580782,1.314143429557616,-0.026560549399537777
2026-07-31,485,1.201865739684648,1.2287834927672598,-0.02691775308261204
2026-08-03,492,0.9535312797135015,0.9694540217750017,-0.015922742061500267
2026-08-04,485,0.8619162354008365,0.8740969342368246,-0.012180698835988048
2026-08-05,480,0.9275450588916924,0.9423571792224197,-0.014812120330727343
2026-08-06,478,0.8339440311153266,0.8594917887726329,-0.025547757657306228
2026-08-07,480,0.802198430819493,0.8219195483769369,-0.019721117557443883
2026-08-10,480,0.8028507877155225,0.8305387935585637,-0.027688005843041246
2026-08-11,458,0.7856885831718645,0.8133934464317181,-0.0277048632598536
2026-08-12,455,0.7050495796629849,0.7223542548082337,-0.01730467514524879
2026-08-13,455,0.764517144252242,0.7641491038487204,0.0003680404035216944
2026-08-14,469,1.0864591295733916,1.0841275093032046,0.002331620270186954
2026-08-17,473,1.218409381640145,1.2107761968079613,0.0076331848321834084
2026-08-18,471,1.1317582706387554,1.1428446585358623,-0.011086387897106921
2026-08-19,475,0.7555471003375069,0.7727764423834487,-0.017229342045941773
