origin_trading_day,rows,baseline_loss,candidate_loss,loss_delta_baseline_minus_candidate
2020-05-06,451,1.3200580659782182,1.6326140875002297,-0.3125560215220115
2020-05-07,461,1.026780781250977,1.3581617039410283,-0.3313809226900513
2020-05-08,465,1.8942372721944416,2.0232853566310602,-0.12904808443661867
2020-05-11,451,1.305755449358539,1.4858852742836157,-0.1801298249250766
2020-05-12,443,0.9237788768148213,1.1014862191544426,-0.17770734233962138
2020-05-13,447,2.1124679889779165,2.897216856327419,-0.7847488673495022
2020-05-14,454,1.3842077515929625,2.0863033594845,-0.7020956078915376
2020-05-15,459,1.8971622107375734,1.8917421348416958,0.00542007589587769
2020-05-18,453,0.9053480218875531,1.1672687716841101,-0.26192074979655705
2020-05-19,455,0.9029566307973784,1.1842742475566366,-0.28131761675925815
2020-05-20,456,1.216226359537377,1.9652227921413647,-0.7489964326039877
2020-05-21,460,1.7814504073802577,1.7937887318217915,-0.012338324441533665
2020-05-22,454,1.5024973691512211,1.4847106817995521,0.01778668735166905
2020-05-26,444,1.11929657570465,1.2908926142150112,-0.1715960385103615
2020-05-27,443,1.0111229369024433,1.3438590661677468,-0.3327361292653037
2020-05-28,452,0.9597687061980993,1.256788041514139,-0.2970193353160395
2020-05-29,464,1.5350873054360032,2.4076018783665094,-0.8725145729305058
2020-06-01,456,1.5061875451326783,2.2887087885972983,-0.7825212434646202
2020-06-02,459,2.122641427636172,2.971582104733744,-0.8489406770975723
2020-06-03,461,1.8855963389296513,2.6772983196866003,-0.7917019807569492
2020-06-04,465,1.0993619899051434,1.3183088537124867,-0.21894686380734338
2020-06-05,466,1.0222732263681866,1.2466385574457461,-0.2243653310775593
2020-06-08,453,3.2037694888506323,2.720349035715453,0.48342045313517923
2020-06-09,439,1.9319252929102095,2.0497892270078872,-0.11786393409767763
2020-06-10,433,1.219928348279282,1.380866544521783,-0.16093819624250086
2020-06-11,446,1.4707983412267187,2.1071636456817506,-0.6363653044550323
2020-06-12,469,0.9581214747912492,1.3811908398253048,-0.42306936503405546
2020-06-15,474,0.8028585408912406,1.1427033757035365,-0.3398448348122961
2020-06-16,471,0.9532279819119669,1.4753173701777749,-0.522089388265808
2020-06-17,470,0.8202704483630837,1.460942928722416,-0.6406724803593326
2020-06-18,471,0.7980961355993713,0.8939550921135205,-0.09585895651414922
2020-06-19,476,1.042491878196975,1.1279992709766653,-0.08550739277969029
2020-06-22,474,0.9225311724409566,1.1285241528640975,-0.20599298042314082
2020-06-23,472,1.3546578966137215,1.6992558037385972,-0.3445979071248756
2020-06-24,454,0.747156419771046,1.1287001246020398,-0.38154370483099365
2020-06-25,448,0.7632839525076257,0.9382111877106099,-0.17492723520298417
2020-06-26,447,1.0722572041030827,1.2735845109820554,-0.20132730687897266
2020-06-29,460,0.9054481878669172,0.9582910884276624,-0.052842900560745205
2020-06-30,466,0.8746293759902984,0.8918094995792681,-0.017180123588969712
2020-07-01,468,0.8376145554103056,0.9402578105172743,-0.10264325510696864
2020-07-02,473,0.8745137890681154,0.9542608598416573,-0.07974707077354187
2020-07-06,467,1.141269493337649,1.3479504947527388,-0.2066810014150898
2020-07-07,467,0.7221394935841093,0.7845778176630793,-0.0624383240789699
2020-07-08,468,0.7616856195770565,1.0057465410482167,-0.2440609214711602
2020-07-09,472,1.1013323087217084,1.002840046506735,0.09849226221497336
2020-07-10,472,1.2294753876163054,1.4405241012785974,-0.21104871366229172
2020-07-13,468,1.1742518170869845,1.632840391552138,-0.4585885744651534
2020-07-14,469,0.8873086233543619,1.0673336064703347,-0.18002498311597298
2020-07-15,471,0.7834234776701048,0.9854591311407241,-0.20203565347061933
2020-07-16,473,0.6923007702714542,0.8874918218976741,-0.19519105162621983
2020-07-17,475,0.7350385329634822,1.033784788091194,-0.29874625512771175
2020-07-20,471,0.8920146450886804,1.1436270477838677,-0.2516124026951871
2020-07-21,471,0.7579742969206008,0.8854441841249086,-0.12746988720430774
2020-07-22,472,0.7253877389485387,0.9219489785023297,-0.19656123955379098
2020-07-23,473,0.6912962031096652,0.8161111438606935,-0.1248149407510283
2020-07-24,475,0.7998732608708272,0.9610717809409999,-0.1611985200701726
2020-07-27,467,0.8290520922174723,0.904752571264904,-0.07570047904743178
2020-07-28,457,0.8984570407995137,1.0558278691350993,-0.15737082833558574
2020-07-29,455,0.8710954737153284,0.9682842998512019,-0.09718882613587335
2020-07-30,463,0.7798942061996619,0.9799097785960131,-0.20001557239635126
2020-07-31,476,0.9102203697574396,1.0462211249704523,-0.13600075521301253
2020-08-03,470,0.9193465403146658,1.0594271414549608,-0.14008060114029494
2020-08-04,462,0.9660905631957143,1.029632094964711,-0.06354153176899684
2020-08-05,459,1.091380393117684,1.147613562328098,-0.05623316921041415
2020-08-06,464,1.156351514080422,1.154369208911061,0.001982305169360771
2020-08-07,470,0.8148570294679568,0.8755629489043718,-0.06070591943641496
2020-08-10,448,0.6463497123630083,0.7117838014761576,-0.06543408911314923
2020-08-11,443,0.6298912967330831,0.7546361008584168,-0.12474480412533373
2020-08-12,442,0.6379896573136837,0.7463974054181483,-0.10840774810446455
2020-08-13,458,0.6104361848523552,0.7203080919713313,-0.10987190711897613
2020-08-14,459,0.6638687710113425,0.7216217602167154,-0.057752989205372876
2020-08-17,457,0.7185587545089512,0.7564437044742621,-0.03788494996531086
2020-08-18,461,0.6688719846801032,0.7437311412302096,-0.07485915655010612
2020-08-19,462,0.6366638710553062,0.7669104536518044,-0.13024658259649818
2020-08-20,466,0.6222407622518434,0.7702383250570356,-0.14799756280519205
2020-08-21,469,0.7026906849312692,0.8122341128829954,-0.1095434279517262
2020-08-24,466,0.6674798278826689,0.8123447503401926,-0.1448649224575237
2020-08-25,457,0.729305630428255,0.8897802658697503,-0.16047463544149537
2020-08-26,442,0.6327842801348075,0.7772231420371594,-0.14443886190235192
2020-08-27,443,0.6346941443089128,0.783301543229171,-0.14860739892025823
2020-08-28,448,0.7458458400063886,0.9150178304862014,-0.16917199047981288
2020-08-31,451,0.6594957649143631,0.7572976234253691,-0.09780185851100599
2020-09-01,459,0.9636386548465313,0.9762001744950142,-0.012561519648482813
2020-09-02,458,1.9386836412698,1.4922358237487956,0.4464478175210044
2020-09-03,464,0.7264413161775749,0.7548269289089465,-0.028385612731371693
2020-09-04,458,0.9504056920406245,0.8316130517645028,0.1187926402761216
2020-09-08,462,0.6752915230246562,0.9204714317129705,-0.24517990868831427
2020-09-09,443,0.6862051902742867,0.9346213764104412,-0.24841618613615443
2020-09-10,442,0.8639507870998672,1.6186448947808665,-0.7546941076809992
2020-09-11,441,0.9106819014852201,1.511383554241363,-0.600701652756143
2020-09-14,466,0.6478793251924061,0.7085143850809714,-0.0606350598885653
2020-09-15,470,0.8021360633769176,0.8080343184930943,-0.005898255116176705
2020-09-16,472,1.3296754521676517,1.177351289107197,0.15232416306045451
2020-09-17,473,1.1574753107285491,1.0677967073452415,0.08967860338330777
2020-09-18,475,1.4169216973615777,1.2248803209079444,0.19204137645363326
2020-09-21,474,0.7688882259060861,0.7258135085179096,0.043074717388176566
2020-09-22,471,0.6258126845722053,0.647863012681102,-0.02205032810889671
2020-09-23,473,1.0065130745844042,0.972339303055407,0.034173771528997365
2020-09-24,456,0.8610835841849204,0.8340700302293413,0.02701355395557912
2020-09-25,451,0.720638832369434,0.7666581479229203,-0.046019315553486394
2020-09-28,445,0.7198316103493823,0.8048097766656738,-0.08497816631629145
2020-09-29,462,0.7417574797091733,0.908174231818956,-0.16641675210978274
2020-09-30,466,0.8708653523895032,1.2080125613050292,-0.33714720891552596
2020-10-01,470,0.759869775269352,0.8522774941632946,-0.09240771889394264
2020-10-02,472,0.887240912697826,1.0214538746461068,-0.13421296194828078
2020-10-05,463,0.7695422931302897,0.9469630914836249,-0.17742079835333519
2020-10-06,463,1.033536908988162,1.2148355122916907,-0.18129860330352868
2020-10-07,464,0.8355327375029091,1.000592043627323,-0.1650593061244138
2020-10-08,478,0.7759659968329417,0.8426045136677991,-0.06663851683485744
2020-10-09,476,0.6536705003018677,0.773758638111197,-0.12008813780932928
2020-10-12,471,0.6856470759318161,0.738643883627277,-0.05299680769546088
2020-10-13,469,0.626424473687093,0.731674329885942,-0.10524985619884905
2020-10-14,473,0.7034371508445119,0.7128527654189708,-0.009415614574458836
2020-10-15,476,0.6545611601145955,0.6901857123635499,-0.03562455224895419
2020-10-16,476,0.7194572455145174,0.7263381971264811,-0.006880951611963723
2020-10-19,472,0.8720371068265539,0.9753374896639629,-0.10330038283740907
2020-10-20,473,0.757369673680169,0.7865234217186812,-0.029153748038512315
2020-10-21,474,0.7172114376738143,0.8204026001264595,-0.10319116245264517
2020-10-22,475,1.0881535138347491,1.184373627973082,-0.09622011413833322
2020-10-23,476,2.2628120890594388,2.141861661310799,0.12095042774863987
2020-10-26,468,1.2297179670546035,1.0909739240794938,0.13874404297510967
2020-10-27,460,1.0902676723077263,0.9924401537800598,0.09782751852766665
2020-10-28,459,1.2219290803375655,1.761716296409041,-0.5397872160714755
2020-10-29,466,1.4143134966126563,1.8970345685774344,-0.48272107196477815
2020-10-30,476,1.697195910789128,2.454426144445411,-0.7572302336562828
2020-11-02,466,1.7807621394824191,2.1187472308192907,-0.33798509133687177
2020-11-03,461,1.4643719800759527,1.6377788417665122,-0.17340686169055958
2020-11-04,453,2.746728734814531,3.1721587467963137,-0.4254300119817826
2020-11-05,457,2.346341430194619,2.6842866177030826,-0.3379451875084635
2020-11-06,464,2.0763372349257696,2.3166718030271736,-0.24033456810140408
2020-11-09,455,0.8900851463515198,0.8875811659218136,0.0025039804297061806
2020-11-10,450,0.8112551100684037,0.7676690287655867,0.04358608130281705
2020-11-11,448,0.9718138664931881,0.9853809073288105,-0.013567040835622383
2020-11-12,457,1.2288510496456584,1.4374248204527926,-0.2085737708071341
2020-11-13,462,0.8796395577247605,0.8324351109202673,0.04720444680449322
2020-11-16,454,0.9163020619582062,0.8470778603123492,0.06922420164585694
2020-11-17,460,0.8402623880462617,0.7818761665424264,0.058386221503835184
2020-11-18,462,0.8817310515558268,0.8345102682635139,0.04722078329231279
2020-11-19,467,1.148361527415693,1.254530194485026,-0.10616866706933295
2020-11-20,466,1.1089664009078584,1.0951150739172253,0.013851326990632839
2020-11-23,458,0.8013442798622205,0.7606780127907122,0.040666267071508264
2020-11-24,448,0.9641440365079637,0.9346388378406871,0.02950519866727658
2020-11-25,441,0.8119098054774335,0.7626369731865893,0.04927283229084418
2020-11-27,449,0.7573932709113004,0.697598712551218,0.05979455836008247
2020-11-30,447,0.8858899215642227,0.9157186301883028,-0.029828708624080057
2020-12-01,454,0.9759743085707585,0.9776781227554411,-0.0017038141846825634
2020-12-02,459,0.8152703329544799,0.7662676549907124,0.04900267796376764
2020-12-03,471,0.7634726175857416,0.7260187101126452,0.037453907473096404
2020-12-04,468,0.684184312110469,0.6492858647715991,0.03489844733886991
2020-12-07,459,0.7208450114012461,0.7044451730784161,0.016399838322830065
2020-12-08,459,0.66153436049946,0.6854022685167841,-0.02386790801732404
2020-12-09,444,0.7158694740938134,0.7641921828143118,-0.048322708720498306
2020-12-10,446,0.6172199676341511,0.7387657033267993,-0.12154573569264815
2020-12-11,449,0.6527677855243157,0.750059468124052,-0.09729168259973635
2020-12-14,465,0.7832907993194426,0.9591582151381415,-0.17586741581869897
2020-12-15,465,0.7048224289909324,0.8014775236227579,-0.09665509463182548
2020-12-16,465,0.6537383384710472,0.7627309697405554,-0.10899263126950826
2020-12-17,466,0.75753779397097,0.7877904242875536,-0.030252630316583578
2020-12-18,472,0.6129906450378785,0.741917225240124,-0.1289265802022455
2020-12-21,467,0.4757395878947628,0.6407765321131457,-0.16503694421838294
2020-12-22,472,0.5824475774741983,0.7109215127862557,-0.12847393531205753
2020-12-23,473,0.5006012432669493,0.6368508298846928,-0.1362495866177435
2020-12-24,462,0.4895851564465048,0.5918590776212991,-0.10227392117479425
2020-12-28,451,0.4822341791303147,0.6288511227921749,-0.14661694366186018
2020-12-29,446,0.5669609757465303,0.6484752175258526,-0.0815142417793223
2020-12-30,462,0.6246097124088617,0.7169420075236485,-0.09233229511478683
2020-12-31,472,1.2041410045258802,1.2847467651124844,-0.08060576058660417
2021-01-04,465,1.6756531464605033,1.8306024220101096,-0.15494927554960608
2021-01-05,463,1.303886525620305,1.3274037742999498,-0.023517248679645154
2021-01-06,464,0.7986939218153593,0.9113263978074941,-0.11263247599213484
2021-01-07,476,0.7372205766593719,0.9114421201210829,-0.17422154346171095
2021-01-08,478,0.7332676395889169,0.8366521820200075,-0.10338454243109063
2021-01-11,473,0.8925156884267699,1.0210099379044493,-0.1284942494776793
2021-01-12,471,0.7910664222789852,0.847774576364031,-0.05670815408504583
2021-01-13,468,0.7184038841013267,0.7955887602406622,-0.07718487613933551
2021-01-14,473,0.7450470047844505,0.8545867198002596,-0.10953971501580897
2021-01-15,468,0.7619942311494924,0.8910026066638947,-0.12900837551440236
2021-01-19,472,0.7245169060918142,0.8090254857141405,-0.08450857962232633
2021-01-20,472,0.7949722924637416,0.8236240034465651,-0.028651710982823392
2021-01-21,478,0.9045006669141511,0.9545623153709931,-0.05006164845684209
2021-01-22,479,1.5638360349867477,1.446498916707037,0.11733711827971056
2021-01-25,473,0.8861071110651242,0.9447276541074643,-0.05862054304234017
2021-01-26,461,1.132347884602427,0.9929326342311918,0.1394152503712353
2021-01-27,460,0.9523258834851648,1.137280923470224,-0.18495503998505894
2021-01-28,464,0.8074123578893654,1.0637804477724415,-0.25636808988307613
2021-01-29,477,1.081660205116458,1.2142437907193253,-0.13258358560286718
2021-02-01,468,1.1530333953820915,1.252220544441786,-0.09918714905969458
2021-02-02,466,0.9624670655141273,1.0104974984850594,-0.04803043297093204
2021-02-03,461,1.1068237545874668,1.335463159418414,-0.22863940483094722
2021-02-04,465,0.7849052553823174,0.9767830843270998,-0.19187782894478234
2021-02-05,466,0.7306619878066324,0.9288554846582295,-0.19819349685159718
2021-02-08,451,0.7338609902504272,0.8891814389877687,-0.15532044873734144
2021-02-09,449,0.7979785477014022,0.8651629785554207,-0.06718443085401841
2021-02-10,444,0.833311377536108,0.9091752656478339,-0.075863888111726
2021-02-11,458,0.7667806428973415,0.8310437058602591,-0.06426306296291759
2021-02-12,458,0.7769390930607483,0.7717218102962659,0.005217282764482528
2021-02-16,455,0.6833044769328623,0.7529854699671066,-0.06968099303424431
2021-02-17,458,0.9046799228731496,0.9358103425412277,-0.031130419668078148
2021-02-18,461,1.1016427925122965,1.13362961299512,-0.03198682048282362
2021-02-19,469,1.1665290116147498,1.243558247669318,-0.07702923605456834
2021-02-22,456,0.7984456549673664,0.8268022219004002,-0.028356566933033855
2021-02-23,444,0.8528372834776795,0.8428052901333459,0.010031993344333457
2021-02-24,444,0.7265714882380556,0.7367310989084889,-0.010159610670433378
2021-02-25,457,0.7446020614389202,0.8308803909498654,-0.08627832951094536
2021-02-26,468,0.8535280519531001,1.0807839273923208,-0.22725587543922066
2021-03-01,459,1.258771029800524,1.3077336217859201,-0.04896259198539613
2021-03-02,453,0.9942308637427413,1.0209167851644145,-0.026685921421673153
2021-03-03,457,1.1501357819235831,1.3364973531585924,-0.18636157123500907
2021-03-04,451,1.0345190709139942,1.3097443627506786,-0.2752252918366845
2021-03-05,459,0.8161357993413496,0.9860967377950595,-0.1699609384537098
2021-03-08,448,1.0356416533582686,1.1897444942927378,-0.1541028409344691
2021-03-09,442,0.8685040695840994,1.0193014708815016,-0.1507974012974022
2021-03-10,435,0.8804973970680442,1.0461288088811407,-0.1656314118130965
2021-03-11,438,0.7039042335325276,0.9938831648632065,-0.28997893133067876
2021-03-12,460,0.6923956194404551,0.7580877584711311,-0.06569213903067592
2021-03-15,464,0.8041982346504782,0.7698786949400442,0.03431953971043406
2021-03-16,471,0.7371901063562996,0.7401024532998793,-0.0029123469435797414
2021-03-17,472,0.7864682247040021,0.7671255620489954,0.01934266265500679
2021-03-18,475,0.9016519301807158,0.8879273604851163,0.013724569695599348
2021-03-19,477,0.8374840742764528,0.8614048828349657,-0.023920808558512936
2021-03-22,474,0.7267403315868042,0.7614549334644163,-0.034714601877612015
2021-03-23,473,1.1459661402579446,1.5010250915535674,-0.35505895129562287
2021-03-24,476,0.9432325695035766,1.3003151287629842,-0.35708255925940763
2021-03-25,461,0.6541660982498476,0.6858025751313048,-0.03163647688145736
2021-03-26,452,0.5636700128543,0.5828411874148692,-0.01917117456056925
2021-03-29,449,0.7382341680431652,0.8279170077018114,-0.08968283965864635
2021-03-30,462,0.8279410575537447,0.960516496430977,-0.1325754388772324
2021-03-31,469,0.7489129036095806,0.9888621228713196,-0.2399492192617389
2021-04-01,471,0.5401409202813029,0.601889870347691,-0.061748950066388204
2021-04-05,466,0.5218523914121223,0.5510997913799347,-0.029247399967812563
2021-04-06,467,0.5215873205549811,0.5829001728431753,-0.06131285228819412
2021-04-07,467,0.5708447629539815,0.7128734241693838,-0.1420286612154023
2021-04-08,478,0.5262127433791276,0.6450190820992651,-0.11880633872013742
2021-04-09,476,0.49462298917588393,0.5555806268242615,-0.060957637648377506
2021-04-12,473,0.5600796883405541,0.6693744839182257,-0.10929479557767154
2021-04-13,473,0.5950973998814588,0.7322623697946317,-0.1371649699131729
2021-04-14,478,0.5691479747623613,0.6799389181663222,-0.11079094340396083
2021-04-15,476,0.6791273478486071,0.6849720300488098,-0.005844682200202811
2021-04-16,475,0.5461267691755224,0.6084330875327816,-0.06230631835725915
2021-04-19,471,0.5869854701440136,0.6394650013539355,-0.05247953120992187
2021-04-20,474,0.7315123652647609,0.8571716114503106,-0.12565924618554963
2021-04-21,475,0.6083952497350293,0.6898801654975053,-0.08148491576247593
2021-04-22,478,0.7220023673405416,0.7725173337851865,-0.05051496644464503
2021-04-23,480,0.6641139270508186,0.7049416327883916,-0.04082770573757293
2021-04-26,472,0.6999931400668861,0.8256062692393877,-0.1256131291725016
2021-04-27,462,0.6727340006362861,0.713420939216543,-0.04068693858025695
2021-04-28,462,0.7403158474156052,0.8365057247793327,-0.09618987736372758
2021-04-29,470,0.8129661829076307,0.8106700179588532,0.002296164948777514
2021-04-30,480,0.9020504935331316,0.9690225382406036,-0.06697204470747205
2021-05-03,471,0.87117234987362,0.945301242577293,-0.07412889270367283
2021-05-04,461,0.8344514314946516,1.0257206510116472,-0.19126921951699535
2021-05-05,457,0.7598024619008228,0.9072833793994783,-0.1474809174986555
2021-05-06,464,0.6037358552077023,0.6526177026980569,-0.04888184749035447
2021-05-07,469,1.3810678845020212,1.1175026262524228,0.2635652582495984
2021-05-10,455,0.7975531279288659,0.7253705002617077,0.07218262766715822
2021-05-11,448,0.520828406210214,0.6340258162373857,-0.11319741002717178
2021-05-12,452,0.8803101802511157,1.08597274750867,-0.20566256725755422
2021-05-13,463,0.5993716625388228,0.6678062819159464,-0.06843461937712367
2021-05-14,466,0.6660873715440876,0.7130701219969043,-0.04698275045281675
2021-05-17,457,0.711999765669959,0.7338635655268566,-0.021863799856897556
2021-05-18,459,0.5910846376497232,0.6631996831929146,-0.0721150455431914
2021-05-19,460,0.634066584826102,0.7477893707040084,-0.11372278587790641
2021-05-20,465,0.4967129602147476,0.5847759095292945,-0.0880629493145469
2021-05-21,468,0.5408724823037114,0.6193471024001287,-0.0784746200964174
2021-05-24,454,0.5641201390579763,0.6306255581456723,-0.06650541908769607
2021-05-25,441,0.5393722926927624,0.6450244456289304,-0.10565215293616785
2021-05-26,438,0.62501173425428,0.6924571739931723,-0.06744543973889232
2021-05-27,452,0.5945242279922364,0.6738990338613094,-0.07937480586907306
2021-05-28,455,0.6478456031695065,0.6864396177480836,-0.03859401457857718
2021-06-01,460,0.5791756856655608,0.653708347839358,-0.07453266217379727
2021-06-02,460,0.5708915071747116,0.6228285862224668,-0.051937079047755144
2021-06-03,470,0.5792677694661729,0.6679808752719781,-0.08871310580580523
2021-06-04,464,0.6091187291040387,0.6269133194421967,-0.017794590338158053
2021-06-07,460,0.624901293098503,0.661568978107211,-0.036667685008708165
2021-06-08,462,0.5636614972676144,0.6046331854278517,-0.040971688160237406
2021-06-09,445,0.5892724437698462,0.6595099363180154,-0.0702374925481691
2021-06-10,447,0.4622442492196763,0.555855255593837,-0.09361100637416064
2021-06-11,447,0.5565462668322696,0.5411978802045823,0.015348386627687338
2021-06-14,468,0.7455718076462545,0.6926672569756157,0.05290455067063883
2021-06-15,473,1.3170118210773987,1.0754297228119918,0.24158209826540694
2021-06-16,473,0.6411823566391194,0.6494421546401328,-0.008259798001013424
2021-06-17,476,0.47362720005069214,0.9695869328612969,-0.4959597328106048
2021-06-18,477,0.6392675227078026,0.7245281151849636,-0.0852605924771611
2021-06-21,473,0.5365108415306589,0.6566613776457816,-0.12015053611512282
2021-06-22,469,0.5632530670754421,0.6484957194081025,-0.0852426523326603
2021-06-23,470,0.6006802038219953,0.6504620513467424,-0.04978184752474727
2021-06-24,459,0.5596556435822567,0.6143037031634968,-0.05464805958123997
2021-06-25,454,0.5180317129049486,0.5622310669990873,-0.0441993540941386
2021-06-28,447,0.4374805967656205,0.5626823060473258,-0.12520170928170532
2021-06-29,459,0.4658610900790298,0.5501072887825016,-0.08424619870347179
2021-06-30,464,0.5603500290385152,0.603855604725812,-0.043505575687296835
2021-07-01,471,0.6678132286445873,0.6919722609317934,-0.024159032287206138
2021-07-02,470,0.7412580140219825,0.7290359583714857,0.012222055650496676
2021-07-06,470,0.4223171190629291,0.533024293047229,-0.11070717398429988
2021-07-07,471,0.4571800313238894,0.5407926408355217,-0.08361260951163227
2021-07-08,478,0.4789291939850303,0.6360432894579603,-0.15711409547293
2021-07-09,475,0.5245463015710539,0.512467042911898,0.012079258659155875
2021-07-12,472,0.6493261587677391,0.6527142352483795,-0.003388076480640439
2021-07-13,471,0.7527900637310738,0.6989555865087765,0.05383447722229726
2021-07-14,477,1.0357777258684848,0.9391767864518209,0.09660093941666384
2021-07-15,475,0.5663827604589132,0.5962904296731457,-0.02990766921423261
2021-07-16,475,0.6387470605114526,1.1824734712316423,-0.5437264107201897
2021-07-19,472,0.9628638060919806,1.3029704863608575,-0.340106680268877
2021-07-20,475,0.6334997156528677,1.1975421579823358,-0.5640424423294682
2021-07-21,473,0.5476866458698115,0.653444282961844,-0.10575763709203242
2021-07-22,476,0.5629428092675943,0.6649552228156039,-0.10201241354800973
2021-07-23,477,0.5257973118880774,0.5553682215509806,-0.02957090966290323
2021-07-26,470,0.6024997370077054,0.7340006295952612,-0.1315008925875557
2021-07-27,458,0.6647830495372848,0.7406579695387854,-0.07587492000150062
2021-07-28,458,0.6529219536210363,0.7237676318909312,-0.07084567826989499
2021-07-29,468,0.688948807653511,0.7358709313079739,-0.046922123654462855
2021-07-30,480,0.6952929408204688,0.723251587219195,-0.02795864639872626
2021-08-02,475,0.6772061281096693,0.7421260848088437,-0.06491995669917448
2021-08-03,469,0.6110931334823335,0.6544672059961575,-0.043374072513823955
2021-08-04,460,0.6693057588693855,0.7197187948449468,-0.050413035975561404
2021-08-05,465,0.7141889301746732,0.7641272128194978,-0.04993828264482455
2021-08-06,466,0.6840394878273959,0.664277566901727,0.01976192092566881
2021-08-09,454,0.6724486834771513,0.6572697040316031,0.015178979445548108
2021-08-10,446,0.5330540311922891,0.5115381832660648,0.02151584792622432
2021-08-11,449,0.5750967774226251,0.5758217201025713,-0.000724942679946235
2021-08-12,461,0.6945745385223181,0.7209519401042311,-0.026377401581912912
2021-08-13,464,0.7101099225798815,0.7200988887606564,-0.009988966180775018
2021-08-16,455,0.8190929248846188,0.8776717973930871,-0.058578872508468174
2021-08-17,460,0.5753239503469525,0.5717343786917788,0.003589571655173716
2021-08-18,462,0.5108336051397173,0.5275113304574921,-0.016677725317774707
2021-08-19,471,0.7799491337967501,0.9654420894581475,-0.18549295566139745
2021-08-20,472,0.8266354902629802,0.7460569837751758,0.08057850648780447
2021-08-23,471,0.5533400533106041,0.5471180357611856,0.006222017549418438
2021-08-24,468,0.5279347996008804,0.5069807225643974,0.020954077036483075
2021-08-25,462,0.5037072185279684,0.4880760629345021,0.01563115559346626
2021-08-26,444,0.47610846272266444,0.43564059366043767,0.04046786906222675
2021-08-27,446,0.5605232146595149,0.5456132050446807,0.014910009614834192
2021-08-30,440,0.5366774562011939,0.5198422269556757,0.0168352292455182
2021-08-31,458,0.4912033967752782,0.48726191416467257,0.00394148261060554
2021-09-01,455,0.5320870994310679,0.5186039128843011,0.013483186546766857
2021-09-02,466,0.605535073476848,0.6273855760655958,-0.021850502588747836
2021-09-03,455,0.642862633504481,0.6908115776793771,-0.04794894417489605
2021-09-07,458,0.6033201200216658,0.592469377999747,0.010850742021918887
2021-09-08,460,0.6775342836233773,0.6370970932123383,0.040437190411038965
2021-09-09,450,0.6301148023886316,0.5702670294980888,0.05984777289054273
2021-09-10,445,0.5797880094242308,0.5936622818051784,-0.013874272380947641
2021-09-13,444,0.536924693904128,0.5271300035964787,0.009794690307649278
2021-09-14,468,0.5569942790636371,0.575139037442292,-0.018144758378655014
2021-09-15,474,0.9258471398780288,0.9397454402915496,-0.013898300413520834
2021-09-16,475,0.9435952332093356,1.0417713418161805,-0.09817610860684471
2021-09-17,476,0.5382252335204503,0.5255635320744154,0.012661701446034847
2021-09-20,472,0.8185467808029143,0.6855064519198255,0.1330403288830887
2021-09-21,472,0.9638229941862333,0.8392760110654328,0.12454698312080044
2021-09-22,471,0.9318048858342901,0.92496116672843,0.006843719105860234
2021-09-23,476,0.9534610553286077,0.9569070944891466,-0.0034460391605388
2021-09-24,458,0.9010266343583878,0.9672173439007017,-0.06619070954231392
2021-09-27,448,1.0533803433400133,1.1283423066189737,-0.07496196327896053
2021-09-28,447,0.5642146868304865,0.5570913894843446,0.007123297346141975
2021-09-29,462,0.7273257466508563,0.7305977208723448,-0.003271974221488572
2021-09-30,471,0.6636883489935635,0.6377009343958844,0.025987414597679045
2021-10-01,472,0.5609463710618913,0.5525559166301232,0.008390454431768097
2021-10-04,466,0.6825298229758162,0.6701097147413374,0.012420108234478793
2021-10-05,468,0.5708164839431303,0.5457273529194305,0.02508913102369972
2021-10-06,469,0.6046802487969958,0.6012897996914358,0.003390449105559954
2021-10-07,481,0.6300008898112153,0.6652041354030496,-0.035203245591834194
2021-10-08,480,0.5871617252128757,0.5820244008846249,0.005137324328250667
2021-10-11,471,0.7351099121218024,0.7018674641670211,0.03324244795478135
2021-10-12,470,0.8159089794026454,0.7939381499154259,0.021970829487219533
2021-10-13,473,0.7749204071773772,0.756025943020518,0.018894464156859282
2021-10-14,481,0.5698834362514006,0.5875149205081773,-0.017631484256776766
2021-10-15,481,0.6017802596565852,0.5621336323374341,0.03964662731915107
2021-10-18,475,0.6792519549315763,0.6738638513149605,0.0053881036166156466
2021-10-19,475,0.6551335263991852,0.6629272330380827,-0.007793706638897472
2021-10-20,475,0.606851750192362,0.6098201250594582,-0.00296837486709601
2021-10-21,480,0.5798838582949856,0.564050795591649,0.015833062703336606
2021-10-22,480,0.7586566421213136,0.803691213649863,-0.04503457152854931
2021-10-25,472,0.7660970228282706,0.7914125774949999,-0.02531555466672941
2021-10-26,460,0.8253000341023946,0.8333034965497668,-0.008003462447372186
2021-10-27,458,0.8108794356723003,0.848825351035276,-0.037945915362975764
2021-10-28,465,0.7351026150998058,0.721600177836182,0.013502437263623811
2021-10-29,478,0.8667799695793831,0.8882321137668343,-0.02145214418745114
2021-11-01,471,0.853931667747401,0.8490187155248601,0.004912952222540951
2021-11-02,469,0.9508443904417977,0.9265109527710704,0.024333437670727234
2021-11-03,467,0.8291344261403277,0.7994991348919078,0.029635291248419928
2021-11-04,467,0.7255911908065235,0.70628342996108,0.01930776084544361
2021-11-05,452,0.6238868274597426,0.6297863298910527,-0.005899502431309976
2021-11-08,454,0.6167205157802395,0.6117445748222778,0.00497594095796161
2021-11-09,448,0.592391487206642,0.5682183772934841,0.024173109913157936
2021-11-10,461,0.6043025189030685,0.6066062220530933,-0.0023037031500247832
2021-11-11,454,0.642722316558697,0.6324703025125026,0.010252014046194453
2021-11-12,464,0.5888868483033611,0.5588209829381616,0.03006586536519944
2021-11-15,455,0.6781966158703099,0.674088736006746,0.004107879863563912
2021-11-16,459,0.7673930007873236,0.7618369609555843,0.005556039831739527
2021-11-17,458,0.6710099798826727,0.6735955208679247,-0.0025855409852520088
2021-11-18,468,0.6736632120745287,0.6605620229989262,0.013101189075602529
2021-11-19,464,0.7158129505657647,0.6986418554799629,0.017171095085801693
2021-11-22,467,0.8747288066496125,0.8002139103217554,0.07451489632785703
2021-11-23,462,0.8816291050592557,0.802251003115736,0.0793781019435197
2021-11-24,449,1.5269071827951755,1.6892760188102394,-0.16236883601506388
2021-11-26,447,1.1429619884026572,1.089859383333239,0.05310260506941805
2021-11-29,439,0.778881284034116,0.7300222775872833,0.04885900644683277
2021-11-30,456,0.7311222131323303,0.7379277743861891,-0.0068055612538588245
2021-12-01,458,1.197024648121676,1.0282948820383955,0.16872976608328058
2021-12-02,472,0.8532461015973793,1.0038619270828675,-0.1506158254854882
2021-12-03,470,1.0367399154092376,1.2450396878644718,-0.20829977245523404
2021-12-06,459,0.6181873250869416,0.5935286205790185,0.024658704507923082
2021-12-07,461,0.6194470907069562,0.6343891698484944,-0.014942079141537966
2021-12-08,462,0.7802514433399553,0.7826980689533629,-0.002446625613407662
2021-12-09,457,0.7052059372409516,0.706324261961381,-0.0011183247204293915
2021-12-10,453,0.7133593709973339,0.6986514109353938,0.014707960061940101
2021-12-13,450,0.723102376830468,0.7362159037641871,-0.013113526933719042
2021-12-14,465,0.6425756206764083,0.6944967031730184,-0.051921082496610114
2021-12-15,468,0.9815151344266081,0.9728589585124618,0.008656175914146216
2021-12-16,471,0.7709572599044309,0.7496025160500934,0.021354743854337478
2021-12-17,471,0.6628825509177594,0.701113612996284,-0.03823106207852467
2021-12-20,474,1.0913010530706173,1.3055421923391801,-0.214241139268563
2021-12-21,475,0.8091007255477037,0.6156342272754513,0.19346649827225262
2021-12-22,481,0.6553846866103278,0.5037761178286786,0.1516085687816491
2021-12-23,481,0.6302271399181127,0.532699222202468,0.09752791771564467
2021-12-27,467,0.4663914296162278,0.4538607047874709,0.012530724828756874
2021-12-28,456,0.4541346285570132,0.3582725053534761,0.09586212320353708
2021-12-29,453,0.5833589282022514,0.5331500504356493,0.050208877766602114
2021-12-30,467,0.9306477829522949,1.03224687933382,-0.10159909638152519
2021-12-31,476,1.2303460019847576,1.3410339258228234,-0.11068792383806587
2022-01-03,471,1.0165149609472504,1.0286800103668645,-0.012165049419614174
2022-01-04,467,1.0700103010853597,1.0515787901815137,0.01843151090384583
2022-01-05,469,0.8002574760685287,0.7951929287771001,0.005064547291428537
2022-01-06,478,0.6837675383324269,0.7805308341531234,-0.09676329582069657
2022-01-07,484,0.5962068439070513,0.6329183474816067,-0.03671150357455542
2022-01-10,477,0.6036582920534407,0.66650930187591,-0.06285100982246937
2022-01-11,474,0.7782735635492687,0.7965149441349471,-0.01824138058567839
2022-01-12,472,1.0759236351669261,1.153250448038798,-0.07732681287187196
2022-01-13,477,1.0886472270018341,0.9293908750894989,0.15925635191233517
2022-01-14,473,1.3556206285632686,1.105606879630691,0.25001374893257783
2022-01-18,475,1.3170319520272418,1.1228763862105073,0.19415556581673432
2022-01-19,477,0.8187009219912973,0.7454438175615145,0.07325710442978282
2022-01-20,483,0.9151979118934945,1.0110234155863893,-0.09582550369289469
2022-01-21,482,0.825970392216185,0.9583706875054857,-0.13240029528930072
2022-01-24,481,1.1950644119201528,1.4473517413227883,-0.2522873294026358
2022-01-25,471,0.8056178860214217,0.8300018448305096,-0.024383958809087874
2022-01-26,466,1.179032941255165,1.3256620943699118,-0.1466291531147469
2022-01-27,466,1.5125608061182825,1.6693613476750437,-0.15680054155676124
2022-01-28,475,1.0802059334643241,0.972515742456351,0.10769019100797313
2022-01-31,476,0.8301478035052946,0.8931246498832389,-0.0629768463779444
2022-02-01,471,0.8716968878768647,1.0293543992659855,-0.15765751138912085
2022-02-02,468,0.9515435737531822,1.1003013216583029,-0.14875774790512056
2022-02-03,472,0.8671760945359099,0.8423745227452268,0.024801571790683166
2022-02-04,471,0.9346933185022566,0.8005582844138927,0.13413503408836402
2022-02-07,463,0.747955741763615,0.7042393802827138,0.04371636148090108
2022-02-08,456,0.8437246206768042,0.8282080368258341,0.015516583850970024
2022-02-09,456,1.2821157642410965,1.4259569971577013,-0.14384123291660464
2022-02-10,462,0.6850676828255141,0.6369080981144839,0.04815958471103011
2022-02-11,467,0.8060945191352198,0.7578806106761424,0.04821390845907742
2022-02-14,458,0.7520448665568308,0.8654767955695587,-0.11343192901272801
2022-02-15,456,0.9427979600458073,1.1979809594523494,-0.25518299940654227
2022-02-16,456,1.16225062032049,1.4686246389245827,-0.3063740186040926
2022-02-17,472,1.127393111280762,1.4313576431840622,-0.3039645319033
2022-02-18,468,1.0023875680299748,1.035045531102653,-0.03265796307267818
2022-02-22,458,0.9423349159910264,0.8544306433715293,0.08790427261949701
2022-02-23,444,1.3762055049444377,1.1697210893187966,0.20648441562564102
2022-02-24,450,1.0733843038750237,1.058617620236332,0.014766683638691883
2022-02-25,460,0.9159490548165082,0.9288706289087831,-0.012921574092274946
2022-02-28,464,0.9118827431554645,0.930979825912645,-0.019097082757180552
2022-03-01,463,1.1236628085506102,1.1715311432393263,-0.04786833468871635
2022-03-02,462,2.005085171553461,2.2050509919340207,-0.19996582038055988
2022-03-03,468,1.6985699146028528,2.121660721782345,-0.4230908071794923
2022-03-04,459,0.8427868979855214,0.7815671152772024,0.06121978270831907
2022-03-07,449,0.9958296464304217,1.2479359222111157,-0.252106275780694
2022-03-08,452,0.7850615954617179,0.807321243669,-0.02225964820728213
2022-03-09,445,1.0237879132694554,1.2196958914135645,-0.19590797814410896
2022-03-10,452,0.8072134910750238,0.7902814623434413,0.0169320287315824
2022-03-11,448,1.235804632175253,1.2961967636216143,-0.06039213144636118
2022-03-14,466,1.6815491040599133,1.703667955431243,-0.022118851371329733
2022-03-15,472,1.4768910790995735,1.3523468833986234,0.12454419570095038
2022-03-16,474,0.8539152583470287,0.7132411533924835,0.14067410495454527
2022-03-17,480,0.7053868219719986,0.5412644431424849,0.16412237882951375
2022-03-18,479,0.8071477334027087,0.8501836759396961,-0.04303594253698751
2022-03-21,476,0.6919402842422686,0.6020334899339288,0.08990679430833988
2022-03-22,475,0.7821264302916257,0.729115239758775,0.053011190532850604
2022-03-23,477,0.8039880541738913,0.700860359559097,0.10312769461479424
2022-03-24,484,0.8669829743211923,0.7927037646356124,0.07427920968557981
2022-03-25,465,0.7314563218383625,0.6248113395726675,0.10664498226569495
2022-03-28,456,0.6950612754069904,0.6987671013021334,-0.0037058258951429886
2022-03-29,453,0.9376762817866025,1.0745962057229725,-0.1369199239363701
2022-03-30,469,0.7062752388311485,0.6934212925008247,0.012853946330323692
2022-03-31,474,0.6933735958806,0.7211016414910225,-0.027728045610422428
2022-04-01,476,0.8435229959142772,0.9214277070690201,-0.07790471115474287
2022-04-04,470,1.0617051464202742,1.2693083448230789,-0.20760319840280467
2022-04-05,469,0.9281868160646574,0.900461735766932,0.02772508029772543
2022-04-06,469,0.6693041007955615,0.6693850498385725,-8.094904301105323e-05
2022-04-07,477,0.7606838555817846,0.7091860796069736,0.05149777597481107
2022-04-08,477,0.6614631749597689,0.6386701000657599,0.022793074894009106
2022-04-11,476,0.6871542256296111,0.7117746498084573,-0.02462042417884612
2022-04-12,479,0.660239527666541,0.6522085222432191,0.008031005423321884
2022-04-13,484,0.6284282392400649,0.6129236789477168,0.015504560292348028
2022-04-14,483,0.9123243209329944,1.174223750660536,-0.2618994297275417
2022-04-18,477,0.9019837892598894,0.9709308215836676,-0.06894703232377809
2022-04-19,479,1.3590728744172313,1.4503792183672586,-0.0913063439500271
2022-04-20,479,1.4136385382698442,1.4134400269647656,0.00019851130507866915
2022-04-21,483,1.6919374706482049,1.433515903311359,0.258421567336846
2022-04-22,483,0.9016171714465424,0.9491750252928216,-0.04755785384627912
2022-04-25,477,0.8597760521077533,0.9045494648337022,-0.04477341272594888
2022-04-26,468,0.9223038815340188,1.067686218784492,-0.1453823372504733
2022-04-27,468,0.9792422774657233,0.963851908266425,0.015390369199298455
2022-04-28,476,1.0443784833161491,1.293321152734153,-0.24894266941800408
2022-04-29,485,1.3959297511481241,1.3421321224231093,0.05379762872501478
2022-05-02,479,0.9757183805930415,1.0151726439045714,-0.03945426331153006
2022-05-03,472,1.1521227796364597,1.369778285216459,-0.2176555055799993
2022-05-04,466,2.657465454480219,2.502237605363744,0.15522784911647475
2022-05-05,471,1.5555542253148653,1.439126528083941,0.11642769723092442
2022-05-06,473,1.5808446652027293,1.301817392490652,0.27902727271207706
2022-05-09,463,0.799819351372276,0.802965135112149,-0.0031457837398728658
2022-05-10,450,0.8227363863439008,0.7608430462192834,0.06189334012461738
2022-05-11,452,0.9473319510003243,1.088521634514294,-0.14118968351396988
2022-05-12,463,1.2691415245260085,1.5412969599288031,-0.27215543540279474
2022-05-13,470,1.0953361183854737,0.9261751742712032,0.1691609441142707
2022-05-16,459,1.089952469463472,0.9753144749742673,0.11463799448920466
2022-05-17,464,1.4718760625951828,1.353354150901722,0.11852191169346092
2022-05-18,466,0.868429593165092,1.5437638984357447,-0.6753343052706527
2022-05-19,473,0.9772288629899902,1.138486621383683,-0.16125775839369286
2022-05-20,473,0.9117615796345064,1.0473439393422657,-0.13558235970775928
2022-05-23,468,0.9347385999242267,1.1406366320753845,-0.20589803215115773
2022-05-24,460,1.8571273613642059,2.3687428332054963,-0.5116154718412905
2022-05-25,445,1.180366201799469,1.0599297161335326,0.12043648566593645
2022-05-26,451,0.7162718089752966,0.6983459833351852,0.017925825640111397
2022-05-27,450,0.7503299609867498,0.6739085975944274,0.07642136339232235
2022-05-31,463,0.7784034267235208,0.7040074199594751,0.07439600676404565
2022-06-01,465,0.7381903632283748,0.6012266047040055,0.1369637585243694
2022-06-02,475,0.6679739532662542,0.6745312687045621,-0.006557315438307941
2022-06-03,474,0.6690993386681496,0.6020550683051491,0.06704427036300059
2022-06-06,460,1.0120705492259017,1.1710686713415337,-0.158998122115632
2022-06-07,464,2.0791595009718478,2.69614080595103,-0.6169813049791825
2022-06-08,466,3.087062858942849,3.646061815798929,-0.5589989568560791
2022-06-09,458,2.464800752423014,2.2796802691375646,0.18512048328544922
2022-06-10,455,1.2806674713776844,1.918510036344509,-0.6378425649668247
2022-06-13,451,1.1905074694778222,1.2065696594905309,-0.016062190012708567
2022-06-14,472,1.0888459710329919,1.226410222870276,-0.1375642518372841
2022-06-15,474,0.9162062263572223,1.0908681850030975,-0.17466195864587533
2022-06-16,479,0.9534036778539474,1.0960264398113893,-0.14262276195744186
2022-06-17,478,1.2252785690895533,1.4117349744658219,-0.18645640537626865
2022-06-21,477,1.4434853826211982,1.3274345350683354,0.1160508475528626
2022-06-22,477,1.1965946254926296,1.282938978181342,-0.08634435268871259
2022-06-23,482,0.8034960909237286,0.8121292260633401,-0.008633135139611505
2022-06-24,468,0.9353290495833919,1.077828776969247,-0.142499727385855
2022-06-27,455,1.0353736522957264,1.1465504297500757,-0.11117677745434941
2022-06-28,451,0.8502988700937147,0.8476876546200233,0.0026112154736913206
2022-06-29,464,0.7939172171636052,0.7589899902759953,0.03492722688760976
2022-06-30,476,0.795998908954251,0.7960643974695609,-6.548851530991249e-05
2022-07-01,473,0.8487559326158692,0.7616385862111802,0.08711734640468909
2022-07-05,472,0.6715760728139981,0.7226548245875369,-0.051078751773538995
2022-07-06,474,0.6168670079825143,0.6475034268522997,-0.030636418869785496
2022-07-07,480,0.7852437065374908,0.8830940573405194,-0.0978503508030286
2022-07-08,485,0.8250332297559222,0.9068743895570133,-0.08184115980109108
2022-07-11,480,0.8790305691032193,0.8534083300727968,0.025622239030422468
2022-07-12,480,0.6651663133565793,0.6163515161033445,0.0488147972532348
2022-07-13,479,0.6649659251454157,0.6162598292705056,0.04870609587491015
2022-07-14,481,1.4243745661034433,1.3310666079581182,0.09330795814532532
2022-07-15,480,1.2137561711201792,1.1841754659970591,0.02958070512312015
2022-07-18,476,1.6026959704670767,1.5308055699582466,0.0718904005088298
2022-07-19,479,0.7225452678693306,0.6918042957733058,0.030740972096024704
2022-07-20,481,0.7040028166908681,0.7038281178672465,0.00017469882362147494
2022-07-21,484,0.9018567759064892,1.020160583217511,-0.11830380731102175
2022-07-22,484,0.7795832990581252,0.7136024367980566,0.0659808622600687
2022-07-25,475,1.1465935369753604,1.187447990767857,-0.04085445379249653
2022-07-26,464,1.798797169236113,2.0137984597859258,-0.21500129054981248
2022-07-27,464,1.1051831729936692,1.0473715980421718,0.0578115749514974
2022-07-28,473,0.7353508125007634,0.7029725588132334,0.032378253687529904
2022-07-29,486,0.8447919041859409,0.8148614494016364,0.029930454784304415
2022-08-01,481,0.9502197265838991,0.9392029475238877,0.011016779060011288
2022-08-02,475,0.8320268241713927,0.7714618897553828,0.06056493441600996
2022-08-03,472,0.6940976884675438,0.6715160634350612,0.02258162503248254
2022-08-04,472,0.8233544464048436,0.8391921117908381,-0.015837665385994584
2022-08-05,474,0.8103459401588854,0.6969324465233874,0.11341349363549798
2022-08-08,463,0.8321171079516828,0.7374981335637323,0.09461897438795062
2022-08-09,453,1.3233514654078158,1.1835258285128776,0.13982563689493824
2022-08-10,455,0.7213621256845741,0.7718605058416886,-0.050498380157114345
2022-08-11,461,0.7359421807294729,0.6017013386185902,0.13424084211088277
2022-08-12,468,0.6228275469572744,0.5750083567243509,0.04781919023292338
2022-08-15,456,0.6414003816652977,0.6419774272320984,-0.0005770455668006867
2022-08-16,462,0.867651435772923,0.9523933280182896,-0.08474189224536649
2022-08-17,467,1.1156460730700035,1.3017943952718163,-0.186148322201813
2022-08-18,478,1.271294340076906,1.520482012337582,-0.24918767226067612
2022-08-19,478,0.8248671358165677,0.7356915104308732,0.08917562538569432
2022-08-22,477,0.7383048597220551,0.6793495217245069,0.058955337997548055
2022-08-23,475,0.692300723775545,0.7093663152860782,-0.017065591510533253
2022-08-24,475,0.8585095013273142,0.8704886225722382,-0.01197912124492403
2022-08-25,465,1.606755029363855,1.7811828701578922,-0.17442784079403734
2022-08-26,453,0.8297620569023292,0.5905360842856332,0.239225972616696
2022-08-29,443,0.8048170496707574,0.9049650865923934,-0.10014803692163597
2022-08-30,453,0.6880191278577067,0.60693371726566,0.0810854105920467
2022-08-31,462,0.6723815806550242,0.7689998905507405,-0.09661830989571626
2022-09-01,471,0.6010062293623043,0.6760009939856005,-0.0749947646232962
2022-09-02,458,0.9677949595054052,1.0504146049188954,-0.0826196454134903
2022-09-06,462,1.4108103808481083,1.6818108486615246,-0.27100046781341636
2022-09-07,467,1.026613537051726,1.2020234432914751,-0.1754099062397492
2022-09-08,479,0.7342080103916356,0.7838793293549084,-0.04967131896327277
2022-09-09,460,1.0820581883999665,0.90891033482901,0.1731478535709565
2022-09-12,448,1.605487638780492,1.4193357623902076,0.18615187639028455
2022-09-13,452,0.8810435153507029,0.8899248115054084,-0.00888129615470553
2022-09-14,472,0.7546589228398796,0.7859570412261144,-0.03129811838623493
2022-09-15,481,0.817984806239733,0.8040650768616957,0.01391972937803732
2022-09-16,479,0.8773075615128832,1.1514522214791756,-0.27414465996629234
2022-09-19,479,1.5076793790106344,2.22064414084234,-0.712964761831706
2022-09-20,478,1.5940308416672193,1.9715733948928236,-0.3775425532256044
2022-09-21,481,1.5421286650865875,1.9769651185435513,-0.4348364534569635
2022-09-22,483,1.1699484955926727,1.6603138432160354,-0.4903653476233626
2022-09-23,486,0.7230577345361973,0.7912752563329742,-0.06821752179677686
2022-09-26,463,0.7806670240003862,1.2537706467179603,-0.47310362271757417
2022-09-27,455,0.8092195979889388,1.2954602498445762,-0.4862406518556376
2022-09-28,453,0.7367915056110894,0.7861053585127225,-0.04931385290163305
2022-09-29,474,1.6200132112074355,1.4470445815536406,0.17296862965379492
2022-09-30,481,1.9427874738811226,1.7013372350176765,0.2414502388634463
2022-10-03,470,0.9708735834728808,0.8304039204828442,0.14046966299003663
2022-10-04,469,1.3971150792375084,1.2941414673965779,0.10297361184093078
2022-10-05,471,1.4184792478227217,1.762229641574848,-0.3437503937521261
2022-10-06,484,1.3388093789405722,1.5608238310338374,-0.22201445209326534
2022-10-07,486,0.8990100055239718,0.8849567304106882,0.014053275113283576
2022-10-10,480,0.7485489548188615,0.7279930361513071,0.020555918667554417
2022-10-11,478,0.8038448279834587,0.9294005746955581,-0.12555574671209946
2022-10-12,479,0.8710174076339682,0.6995293635489314,0.17148804408503693
2022-10-13,483,0.7214135801632608,0.657739187348437,0.0636743928148238
2022-10-14,486,0.9616459628522851,0.9579903733240269,0.0036555895282581554
2022-10-17,480,0.8837158799834762,0.8494706112833127,0.03424526870016344
2022-10-18,481,0.9411549202058963,0.9396801092201534,0.0014748109857428888
2022-10-19,481,0.9191729238992149,0.819809897852625,0.09936302604658988
2022-10-20,487,1.65885741840379,1.4893549560198276,0.16950246238396258
2022-10-21,486,1.0919797318771693,1.1394874589919386,-0.04750772711476955
2022-10-24,483,1.0359593619476628,0.9970968416078361,0.038862520339826685
2022-10-25,476,1.196584756027385,1.194324710108595,0.0022600459187900592
2022-10-26,468,1.0148063219710284,0.9558580618111981,0.05894826015983009
2022-10-27,469,0.9298672876976571,0.8213376765371224,0.10852961116053467
2022-10-28,477,1.1032038585136268,1.2051492273820703,-0.1019453688684436
2022-10-31,480,1.2683733502978476,1.4970398881310791,-0.22866653783323132
2022-11-01,474,1.1972975218789068,1.3143802392274146,-0.11708271734850781
2022-11-02,471,1.1381940091208933,1.1819990297436243,-0.04380502062273101
2022-11-03,475,1.2160451155318075,1.2377450129796477,-0.021699897447840292
2022-11-04,465,0.8515274479543198,0.8350470624338087,0.016480385520511107
2022-11-07,456,1.5683937855504815,1.5948231667007773,-0.02642938115029577
2022-11-08,459,1.9008616257133664,2.040570593945477,-0.13970896823211043
2022-11-09,462,2.027974334734223,2.346305247673903,-0.31833091293967947
2022-11-10,467,0.9362445428205939,1.0295807516835564,-0.09333620886296266
2022-11-11,457,0.8379830381322951,0.7504603497696299,0.08752268836266522
2022-11-14,457,0.7539814748728499,0.6689140006691984,0.08506747420365154
2022-11-15,460,0.8745786610227724,0.8256899302866219,0.04888873073615056
2022-11-16,464,0.7841818645670952,0.7329980816882974,0.05118378287879775
2022-11-17,472,0.8476768196698395,0.8395948896787123,0.00808192999112711
2022-11-18,470,0.7179943770801017,0.6650725154598248,0.0529218616202769
2022-11-21,470,0.7403208931598464,0.7526092000969647,-0.012288306937118404
2022-11-22,476,0.6780395874816656,0.5706392597735357,0.10740032770812996
2022-11-23,472,0.6709995802515752,0.601852376617249,0.06914720363432633
2022-11-25,455,0.6812074335544414,0.6260438120651383,0.05516362148930313
2022-11-28,440,0.9542205049396488,1.0093021163452622,-0.055081611405613316
2022-11-29,446,0.9499769109050837,1.0014429228863737,-0.05146601198128996
2022-11-30,467,0.8790193017300418,0.731310674286973,0.14770862744306879
2022-12-01,477,1.0988851450691113,1.032901882500113,0.0659832625689983
2022-12-02,477,1.1373669037392338,1.1000568730009812,0.03731003073825253
2022-12-05,463,0.7399885438898849,0.6970477674363855,0.04294077645349944
2022-12-06,466,0.6705504133096459,0.6807413971838263,-0.010190983874180399
2022-12-07,469,0.716812964618066,0.6672423666641174,0.04957059795394851
2022-12-08,478,0.7344194143786337,0.7140611869647105,0.020358227413923177
2022-12-09,462,0.7017065546943125,0.7551234172755606,-0.05341686258124805
2022-12-12,451,0.9432599998011366,0.8049054697282338,0.13835453007290274
2022-12-13,451,1.3244619402809539,0.9949724294616091,0.32948951081934474
2022-12-14,465,1.4236309692604636,1.1989261565818683,0.22470481267859535
2022-12-15,474,0.7662226252243578,0.7684672806280561,-0.002244655403698288
2022-12-16,476,0.5717121289319286,0.7016384074740228,-0.12992627854209426
2022-12-19,481,0.5280226479600778,0.5639233718444633,-0.03590072388438534
2022-12-20,482,0.5498803930632167,0.6223884557465429,-0.07250806268332605
2022-12-21,484,0.5967427305783842,0.5781808194345602,0.01856191114382393
2022-12-22,483,0.5316526700631705,0.6548723691307134,-0.12321969906754303
2022-12-23,465,0.4716842091703226,0.5245242052844413,-0.05283999611411871
2022-12-27,454,0.509541077153699,0.5969723647062692,-0.08743128755257018
2022-12-28,454,0.6336297058487189,0.6407229231766768,-0.00709321732795788
2022-12-29,471,0.6969719766563881,0.846090279365433,-0.14911830270904483
2022-12-30,476,0.821539834944509,0.840594064363481,-0.01905422941897192
2023-01-03,474,1.0604805432718714,1.1879776989740818,-0.12749715570221043
2023-01-04,470,0.7810588033302976,0.9031551771379995,-0.122096373807702
2023-01-05,479,1.1348711757905936,1.332115740380053,-0.19724456458945955
2023-01-06,481,0.9150904240898897,1.062695629528932,-0.14760520543904238
2023-01-09,482,0.9355328445533967,1.0352113547046724,-0.0996785101512758
2023-01-10,478,0.8158433653415784,0.9479764956898403,-0.13213313034826188
2023-01-11,478,0.6510980399363878,0.7348899356864861,-0.08379189575009836
2023-01-12,484,0.7280393754186479,0.7811045138093295,-0.05306513839068175
2023-01-13,480,1.0185765988425248,0.9054284058359715,0.1131481930065535
2023-01-17,477,0.6786948654253585,0.6526980884039767,0.025996777021381746
2023-01-18,477,0.7820078008769462,0.9228672697255016,-0.14085946884855546
2023-01-19,481,0.9732624225579097,1.0154168380940518,-0.04215441553614202
2023-01-20,485,0.6874412901773284,0.951348739652582,-0.2639074494752537
2023-01-23,483,0.6858664925375572,0.7257107638977405,-0.03984427136018328
2023-01-24,486,0.745930121039786,0.8277992013672195,-0.08186908032743356
2023-01-25,480,0.625525093022106,0.6494062739877476,-0.02388118096564171
2023-01-26,475,0.6519636303644184,0.7248403137197844,-0.07287668335536603
2023-01-27,475,0.8113613233831839,0.8266834182763136,-0.015322094893129717
2023-01-30,478,1.6744397180178778,1.831397718126344,-0.15695800010846622
2023-01-31,480,0.9771223545466078,1.1686734158203398,-0.19155106127373203
2023-02-01,475,0.7332414278695905,0.7070993170417902,0.026142110827800224
2023-02-02,476,0.7490086806041677,0.7043228728015264,0.04468580780264133
2023-02-03,475,0.7244600319361677,0.6889192383017368,0.035540793634430766
2023-02-06,467,0.8165237498108787,0.7709130368320817,0.04561071297879706
2023-02-07,464,0.8389619506660349,0.7504027977065868,0.08855915295944806
2023-02-08,464,0.6441313542201431,0.7126718408267669,-0.06854048660662372
2023-02-09,467,0.615951450467623,0.695562864382468,-0.07961141391484501
2023-02-10,467,0.847705923781191,0.9119034358915514,-0.06419751211036047
2023-02-13,459,0.732764714241507,0.6958639142186053,0.03690080002290167
2023-02-14,460,0.7107151780044787,0.6768944333436381,0.03382074466084062
2023-02-15,462,1.1429523548897846,0.9714836255409446,0.17146872934884005
2023-02-16,472,0.9124088749971591,0.7335700183303945,0.1788388566667645
2023-02-17,469,0.8130092695127739,0.7075347698890468,0.1054744996237271
2023-02-21,466,0.7321316649514077,0.7271088261220239,0.005022838829383863
2023-02-22,455,0.6745186601384481,0.6596476108942945,0.014871049244153509
2023-02-23,452,0.6581371208802623,0.6388945875954933,0.019242533284768895
2023-02-24,455,0.6952467623984939,0.67589092901931,0.019355833379183885
2023-02-27,459,0.6501971449992605,0.6484384284186643,0.0017587165805962525
2023-02-28,468,0.7449440405221002,0.8275283537205049,-0.08258431319840479
2023-03-01,467,0.7182670016993582,0.8009693664409633,-0.08270236474160507
2023-03-02,471,0.5895937843593063,0.5757421244879115,0.013851659871394828
2023-03-03,472,0.7358543652415119,0.6245687275978943,0.1112856376436176
2023-03-06,454,1.1640547546677054,0.965424368563647,0.1986303861040583
2023-03-07,457,1.3426945967021318,1.0729224361847571,0.26977216051737474
2023-03-08,461,1.818481849766141,1.6269096709894235,0.19157217877671762
2023-03-09,456,0.9792143301117713,1.0152527658221404,-0.03603843571036903
2023-03-10,458,1.1480680779826633,1.1663688212654024,-0.01830074328273912
2023-03-13,445,0.7956112014912398,0.9136455129723635,-0.11803431148112373
2023-03-14,468,0.9430706424152112,0.9441217356978169,-0.0010510932826056207
2023-03-15,468,0.6247045763284961,0.6965890485643924,-0.07188447223589635
2023-03-16,479,0.6059655646301318,0.647887783852409,-0.04192221922227707
2023-03-17,481,0.6227055623506189,0.7242330980154817,-0.10152753566486292
2023-03-20,480,0.775309275312607,0.7540554263667278,0.021253848945879235
2023-03-21,483,0.7944111907051776,0.7157702943305175,0.07864089637466021
2023-03-22,486,0.589289593136253,0.5332514247587408,0.05603816837751215
2023-03-23,487,0.7175727285559964,0.7554219882972091,-0.03784925974121273
2023-03-24,488,0.7569994567387516,0.8535942374757647,-0.096594780737013
2023-03-27,466,0.7246265060022228,0.7825714932400406,-0.05794498723781786
2023-03-28,460,1.0563249373914239,1.1735850214976182,-0.11726008410619429
2023-03-29,459,0.7234576135917095,0.9496085994609562,-0.2261509858692467
2023-03-30,477,0.6403349701189287,0.6510108363587872,-0.010675866239858453
2023-03-31,477,0.9114101310354812,0.8377772048648431,0.07363292617063816
2023-04-03,467,0.8994947558892202,0.8238291567710382,0.07566559911818209
2023-04-04,469,0.5763127541461864,0.6148048152569118,-0.03849206111072528
2023-04-05,477,0.583119942027842,0.6554548950684016,-0.07233495304055959
2023-04-06,487,0.5843707907348532,0.6223632213852842,-0.037992430650431
2023-04-10,481,0.5558678029463927,0.5802903519417433,-0.024422548995350575
2023-04-11,479,0.5695959550214224,0.5577048115224935,0.011891143498928865
2023-04-12,479,0.5607619892565462,0.6148506372178378,-0.05408864796129162
2023-04-13,487,0.5553953282661555,0.5760392758286342,-0.020643947562478872
2023-04-14,489,0.624773994634298,0.6711980805411085,-0.046424085906810623
2023-04-17,482,0.6296513774271358,0.6193704154690522,0.010280961958083664
2023-04-18,481,0.660699656242257,0.6460375722527516,0.01466208398950546
2023-04-19,480,0.6059759578102965,0.5988014709656955,0.007174486844600983
2023-04-20,483,0.7898569384374332,0.7216925892546359,0.06816434918279729
2023-04-21,483,0.9540216740652628,0.8066058766695171,0.14741579739574573
2023-04-24,479,0.8832950119295448,0.8226339186827958,0.06066109324674911
2023-04-25,472,0.905400157712329,0.9723483927734526,-0.06694823506112366
2023-04-26,472,1.025312479193033,0.9512957214495761,0.074016757743457
2023-04-27,475,0.7457523557103722,0.7516740570817112,-0.005921701371338944
2023-04-28,485,1.0415053990887273,0.9452283845716516,0.09627701451707574
2023-05-01,477,1.2642925537385004,1.13253257808582,0.13175997565268058
2023-05-02,473,0.7959885396416081,0.8591186148282214,-0.06313007518661336
2023-05-03,472,0.8113189175304714,0.8690544158023054,-0.05773549827183401
2023-05-04,474,0.8301880008637799,0.9428611432322299,-0.11267314236844994
2023-05-05,476,0.7292538965506518,0.7566037418756667,-0.027349845325014926
2023-05-08,464,0.7341480185324798,0.7250411980149744,0.009106820517505438
2023-05-09,457,0.7109724435847323,0.7187242990728785,-0.007751855488146211
2023-05-10,458,0.6508598129687853,0.6645317123184091,-0.013671899349623878
2023-05-11,467,0.7066112230807631,0.6644898425752285,0.04212138050553455
2023-05-12,474,0.7957857087053269,0.8276573516678672,-0.031871642962540296
2023-05-15,463,0.7807505199920065,0.8410964177092783,-0.060345897717271835
2023-05-16,463,0.7607256263736636,0.820745902235898,-0.06002027586223448
2023-05-17,465,0.6050335613877962,0.6398370334777458,-0.03480347208994969
2023-05-18,473,0.7225409760076119,0.6621977199244881,0.060343256083123825
2023-05-19,476,0.8319425313925213,0.7557671231804018,0.07617540821211934
2023-05-22,471,0.9812272774505719,0.8807209632946426,0.10050631415592934
2023-05-23,466,0.991400247980219,0.9863713970649822,0.005028850915236713
2023-05-24,459,1.1292599571388766,1.158206244569971,-0.028946287431094266
2023-05-25,450,0.7335910696146755,0.7576736035564517,-0.024082533941776344
2023-05-26,445,0.6655353332463573,0.7190627204256859,-0.053527387179328624
2023-05-30,451,0.8469267381126397,0.9182952496579472,-0.0713685115453075
2023-05-31,468,0.9451369973895617,1.095595081828089,-0.15045808443852735
2023-06-01,479,0.9305170260019682,1.0698275961089925,-0.13931057010702416
2023-06-02,478,0.734567245506979,0.8542673931604303,-0.11970014765345124
2023-06-05,464,0.7881488500556417,0.8315063796856683,-0.043357529630026564
2023-06-06,466,0.5710359614452664,0.6112662791893851,-0.040230317744118886
2023-06-07,471,0.6570670541186387,0.6984617520139899,-0.04139469789535114
2023-06-08,480,0.6718788996287676,0.7396073981363334,-0.0677284985075657
2023-06-09,459,0.7704705875929678,0.8505209067125363,-0.08005031911956856
2023-06-12,445,0.7689137219620904,0.8906037461682459,-0.12169002420615548
2023-06-13,447,0.6427161101368877,0.6767175088543298,-0.03400139871744213
2023-06-14,468,0.5489819340093177,0.5545437352256766,-0.005561801216358783
2023-06-15,479,0.6251618170430391,0.6023501614798066,0.022811655563232537
2023-06-16,480,0.6919492390679741,0.6223038881230313,0.06964535094494297
2023-06-20,480,0.6627062589097742,0.573303487775517,0.0894027711342572
2023-06-21,482,0.5350294637650949,0.502961859505462,0.03206760425963291
2023-06-22,486,0.6132703788401772,0.6700936651249948,-0.05682328628481771
2023-06-23,489,0.7491811293935808,0.8368254361083319,-0.08764430671475103
2023-06-26,469,0.7559917020782486,0.8714226990361866,-0.11543099695793795
2023-06-27,460,0.6115055879569665,0.6441772369673442,-0.0326716490103776
2023-06-28,455,0.6375337352541853,0.7046525560621504,-0.06711882080796498
2023-06-29,473,0.520657721712019,0.5411861446990753,-0.020528422987056445
2023-06-30,473,0.5957968819810457,0.5273875090232159,0.06840937295783
2023-07-03,469,0.5740441862737542,0.5229714693495153,0.05107271692423886
2023-07-05,469,0.5253412442704823,0.5490444257120711,-0.02370318144158867
2023-07-06,477,0.8527234538321229,0.960783681191291,-0.10806022735916805
2023-07-07,484,0.844068963520728,0.9171424380713167,-0.07307347455058864
2023-07-10,482,0.8298649055111181,0.9176018195422329,-0.0877369140311147
2023-07-11,479,0.6303752192023221,0.6550901442509092,-0.024714925048587064
2023-07-12,481,0.6396232722689201,0.6581722289874733,-0.01854895671855316
2023-07-13,486,0.5993435751045189,0.6232184289318214,-0.02387485382730257
2023-07-14,488,0.6813388614711492,0.7242770819605171,-0.0429382204893679
2023-07-17,480,0.8221964983973998,0.8341901143849078,-0.011993615987507823
2023-07-18,480,0.7981882922415201,0.8096113216101074,-0.011423029368587327
2023-07-19,480,0.6765101493304224,0.6787230877346068,-0.00221293840418429
2023-07-20,486,0.556558129951131,0.608801641152839,-0.05224351120170792
2023-07-21,483,0.5964494203974731,0.6302244373062723,-0.03377501690879923
2023-07-24,482,0.8219343671519203,0.7984414422218115,0.023492924930108804
2023-07-25,474,0.8654633420283321,0.842712667486661,0.022750674541671175
2023-07-26,469,0.7927641051526332,0.7847915386796801,0.007972566472953123
2023-07-27,471,0.656813949094475,0.6786547238265618,-0.021840774732086725
2023-07-28,480,0.7446454700310535,0.7351626806918339,0.009482789339219626
2023-07-31,483,0.9646945287385795,0.8961586263906881,0.0685359023478914
2023-08-01,476,1.0099124191921114,0.9725756139426959,0.037336805249415586
2023-08-02,471,0.8203051454929623,0.8255613256759053,-0.005256180182942974
2023-08-03,472,0.7897896850011966,0.8110826862180938,-0.02129300121689704
2023-08-04,472,0.6880545684442114,0.6988666547182034,-0.010812086273991994
2023-08-07,466,0.776666339898928,0.704135655022731,0.07253068487619711
2023-08-08,463,0.6964244422177905,0.6857198063512429,0.01070463586654766
2023-08-09,461,0.5485479538291085,0.5967444440351741,-0.04819649020606576
2023-08-10,466,0.625927909685219,0.5846609639344803,0.04126694575073872
2023-08-11,464,0.7757365516261769,0.6287429236693342,0.1469936279568428
2023-08-14,459,0.9991985013894737,0.7668793844617361,0.23231911692773763
2023-08-15,459,0.7150003644743708,0.617355676127077,0.09764468834729385
2023-08-16,465,0.6081192358233279,0.5873036895924298,0.02081554623089819
2023-08-17,475,0.5615180318478428,0.5606146477239244,0.0009033841239182589
2023-08-18,479,0.5989611434913061,0.5845613738824268,0.014399769608879218
2023-08-21,477,0.5147106409317053,0.5088354515768904,0.005875189354814888
2023-08-22,475,0.48096970319285914,0.4844725058097988,-0.003502802616939662
2023-08-23,475,0.4728662466786958,0.47180289899350436,0.0010633476851914746
2023-08-24,477,0.7690851147296227,0.8026697522163145,-0.0335846374866919
2023-08-25,470,0.7257937975550967,0.7065942251069994,0.01919957244809725
2023-08-28,445,0.6428462153210437,0.6548635621661725,-0.012017346845128748
2023-08-29,441,0.639027699499961,0.6381301656877768,0.0008975338121842113
2023-08-30,447,0.7783960109928858,0.7429570331207579,0.03543897787212792
2023-08-31,469,0.6769401144579258,0.6413881040659926,0.03555201039193317
2023-09-01,459,0.7981413395388565,0.7290017368943231,0.06913960264453327
2023-09-05,464,0.6429674603298865,0.6209492946922626,0.022018165637623942
2023-09-06,470,0.6334215125632416,0.6325168122551096,0.0009047003081321488
2023-09-07,480,0.6128441072776855,0.6613030869251181,-0.04845897964743267
2023-09-08,480,0.5938312665454814,0.6497102805790541,-0.05587901403357261
2023-09-11,452,0.6296637940976013,0.7195006136702045,-0.08983681957260309
2023-09-12,453,0.5558302656868043,0.6228283582690756,-0.06699809258227127
2023-09-13,452,0.4758354852550851,0.518703400473807,-0.042867915218721936
2023-09-14,479,0.582718105552314,0.5294325852199796,0.0532855203323344
2023-09-15,482,0.5670584964961066,0.5357720253719452,0.03128647112416132
2023-09-18,482,0.9122992046831774,0.7373712493148675,0.1749279553683098
2023-09-19,479,0.9104176743653225,0.8238452906411665,0.08657238372415585
2023-09-20,479,0.749526131831568,0.6468600197449799,0.10266611208658817
2023-09-21,481,0.6563675458437797,0.7146560707314075,-0.05828852488762791
2023-09-22,484,0.6764213361506043,0.7524428749699117,-0.07602153881930752
2023-09-25,465,0.6850928430768651,0.7191956939896917,-0.034102850912826596
2023-09-26,460,0.5847688147774468,0.5700345356996148,0.014734279077832063
2023-09-27,458,0.6993712043242102,0.7629312342281616,-0.06356002990395136
2023-09-28,478,0.9038235188202138,0.8359803677622659,0.06784315105794791
2023-09-29,483,0.7251698247309144,0.78836059314664,-0.06319076841572561
2023-10-02,472,0.6624302442364846,0.7476037005446785,-0.085173456308194
2023-10-03,466,0.7476293668175299,0.7316169328973476,0.016012433920182225
2023-10-04,468,0.739900089605615,0.7854757374214043,-0.04557564781578917
2023-10-05,481,0.8161325975954711,0.7403423108365083,0.07579028675896285
2023-10-06,484,0.7544124901733806,0.7900573589289744,-0.035644868755593875
2023-10-09,479,0.6507318521352121,0.6454209584513964,0.00531089368381572
2023-10-10,478,0.7906985427298192,0.732394411816612,0.05830413091320724
2023-10-11,481,0.5988152931255674,0.5905354413700318,0.008279851755535524
2023-10-12,486,0.6568627706733446,0.7072494291642311,-0.050386658490886506
2023-10-13,488,0.5946306408596542,0.6114408754651015,-0.0168102346054472
2023-10-16,484,0.9748148981366554,0.8832029086326543,0.09161198950400111
2023-10-17,481,1.430620047397479,1.3164474984524321,0.11417254894504687
2023-10-18,480,1.0458712487848294,0.8171678182437017,0.22870343054112754
2023-10-19,484,0.6478076404214425,0.5928928702177776,0.054914770203664934
2023-10-20,486,0.7175770633918994,0.6661843699986826,0.051392693393216796
2023-10-23,484,0.9015161637770354,0.8849235228236226,0.016592640953412695
2023-10-24,485,1.1153266694390316,0.9622028081089249,0.15312386133010672
2023-10-25,479,0.8134183312407479,0.8095341838847881,0.003884147355959697
2023-10-26,469,0.7171692511259157,0.7606116134564335,-0.043442362330517716
2023-10-27,470,0.9878340021822574,0.9767622647069251,0.011071737475332416
2023-10-30,472,1.2981686361666611,1.340975350421394,-0.042806714254732925
2023-10-31,481,1.6209687515735072,1.8209409924174382,-0.1999722408439309
2023-11-01,476,1.2576957130763875,1.368511393029009,-0.1108156799526215
2023-11-02,477,0.8373186666683632,0.8590617915061431,-0.021743124837780074
2023-11-03,476,0.8012458649773232,0.7884324681046997,0.012813396872623674
2023-11-06,467,0.8286246820684744,0.7808238140767303,0.04780086799174408
2023-11-07,463,0.7101128470541814,0.6997390665329609,0.010373780521220581
2023-11-08,462,0.6615533850193711,0.6497375081386734,0.011815876880697759
2023-11-09,459,1.209470431298527,1.4205842600954766,-0.21111382879694945
2023-11-10,460,1.0153115826758836,1.1921003854962273,-0.17678880282034382
2023-11-13,446,1.0598658257802462,1.1923966682551006,-0.1325308424748545
2023-11-14,458,0.5950618035027423,0.662740005865713,-0.06767820236297072
2023-11-15,457,0.5613727228260795,0.5190099764570292,0.04236274636905041
2023-11-16,472,0.5391307149325077,0.5234499972594087,0.015680717673099035
2023-11-17,468,0.5338825818162433,0.5293162678117711,0.00456631400447216
2023-11-20,470,0.5237277012664571,0.524111827091482,-0.00038412582502493034
2023-11-21,472,0.474720436585053,0.4667647802025003,0.007955656382552669
2023-11-22,480,0.4931592501546454,0.43866832002509837,0.054490930129547054
2023-11-24,474,0.6527265889610334,0.616667425181794,0.03605916377923956
2023-11-27,443,0.6752490587519115,0.6610086345291054,0.014240424222806065
2023-11-28,440,0.9700723460943966,1.0449533140677714,-0.07488096797337479
2023-11-29,451,0.879855583292838,0.927043210813945,-0.047187627521107084
2023-11-30,477,0.6755425931840118,0.6853421942653988,-0.009799601081386899
2023-12-01,477,0.6814339915086031,0.6349928933367188,0.0464410981718843
2023-12-04,460,0.5993427182834207,0.5919831200955689,0.007359598187851896
2023-12-05,465,0.6160297212201798,0.6469127636443296,-0.03088304242414974
2023-12-06,468,0.6982920152898526,0.7639288134824613,-0.06563679819260876
2023-12-07,480,0.6864661757753642,0.713537490195989,-0.027071314420624788
2023-12-08,479,1.0058841470632467,1.0786983039817477,-0.07281415691850116
2023-12-11,454,1.4140989663123393,1.4950921585505412,-0.08099319223820178
2023-12-12,452,1.3105996022616089,1.3767345421883463,-0.0661349399267377
2023-12-13,451,0.8382369462010617,0.90493738941834,-0.06670044321727824
2023-12-14,474,0.5171337271408927,0.5606200474088454,-0.04348632026795273
2023-12-15,476,0.5336819700608375,0.5278193949026334,0.005862575158204055
2023-12-18,481,0.48869133717285557,0.49316393262461045,-0.004472595451754889
2023-12-19,484,0.4786933001054371,0.47231510639305757,0.0063781937123795224
2023-12-20,488,0.6578543202825984,0.5699566267026334,0.08789769357996513
2023-12-21,483,0.46770969864381534,0.4994356964996237,-0.03172599785580836
2023-12-22,463,0.4134555388526957,0.4477827401902631,-0.034327201337567365
2023-12-26,452,0.39519101233076337,0.3733265334872177,0.021864478843545625
2023-12-27,456,0.6478325066708327,0.6130846324208619,0.03474787424997088
2023-12-28,474,0.9987719399777246,0.9160443432689286,0.08272759670879616
2023-12-29,479,0.8929893278512562,0.7940575490611771,0.098931778790079
2024-01-02,480,0.6264002400610911,0.5959933386406582,0.030406901420432824
2024-01-03,479,0.6084629374158181,0.6484976306820547,-0.04003469326623639
2024-01-04,481,0.5915952166719893,0.7060344281857969,-0.11443921151380747
2024-01-05,481,0.6988643141046902,0.7469642908410815,-0.048099976736391346
2024-01-08,480,0.6491029391864112,0.6341346219211553,0.014968317265255866
2024-01-09,481,0.6088020347049344,0.6145833374827447,-0.005781302777810363
2024-01-10,480,0.6574220716493943,0.633535800861647,0.023886270787747296
2024-01-11,483,0.6882464970653642,0.6416471893077561,0.04659930775760816
2024-01-12,481,0.6620223772728329,0.6394105689431859,0.02261180832964707
2024-01-16,478,0.6376508345406695,0.7319348822979261,-0.09428404775725659
2024-01-17,478,0.9001056178923552,0.9089637312814857,-0.008858113389130383
2024-01-18,482,0.7228398169470942,0.8278847351502396,-0.10504491820314557
2024-01-19,486,0.6319975993507806,0.6795782241636262,-0.047580624812845654
2024-01-22,486,0.6752916052535071,0.7062087543041291,-0.030917149050622136
2024-01-23,489,0.634848937075422,0.6741561485669633,-0.0393072114915413
2024-01-24,489,0.680077967494588,0.7145255493420775,-0.03444758184748934
2024-01-25,482,0.5926840511052894,0.6357198312676519,-0.04303578016236243
2024-01-26,473,0.6237337228723421,0.6108894542040348,0.012844268668307193
2024-01-29,470,0.7755671049749104,0.7609822084843655,0.014584896490545047
2024-01-30,473,0.7923942045612208,0.7801638042906514,0.01223040027056941
2024-01-31,479,0.8379146823658232,0.8423065973340654,-0.004391914968242131
2024-02-01,480,0.758058970993835,0.7483614769363317,0.009697494057503232
2024-02-02,481,0.706138923090603,0.7075415162658281,-0.0014025931752251158
2024-02-05,472,0.8978396834684398,0.9071734090155135,-0.00933372554707381
2024-02-06,470,0.8473849723973906,0.8590236938521874,-0.011638721454796648
2024-02-07,472,0.7331833707115505,0.7473115675437962,-0.014128196832245693
2024-02-08,479,0.651309008475581,0.6033983148708038,0.04791069360477719
2024-02-09,474,0.6516909633130629,0.6493074865540048,0.00238347675905806
2024-02-12,457,0.7133839666888582,0.706873695940706,0.006510270748152227
2024-02-13,449,0.8615480255465908,0.9418606219394736,-0.08031259639288266
2024-02-14,451,0.6931417662308518,0.6846009275569952,0.008540838673856669
2024-02-15,465,0.6707808531419429,0.6440299840501186,0.02675086909182433
2024-02-16,466,0.6355677136271131,0.6153363500443301,0.020231363582783032
2024-02-20,467,0.7669617194710859,0.7553734196113838,0.011588299859702222
2024-02-21,467,0.8457187606223328,0.8330165754363984,0.012702185185934278
2024-02-22,477,0.6777902394854614,0.6508940216295377,0.026896217855923724
2024-02-23,473,0.673791446530808,0.644003462248903,0.029787984281905
2024-02-26,455,0.7153459735198151,0.6938352923383132,0.02151068118150186
2024-02-27,448,0.7729580479295743,0.7482106566257815,0.024747391303792998
2024-02-28,455,0.8640689432703481,0.8734463240365937,-0.009377380766245539
2024-02-29,470,0.7507881321980274,0.7458646424428174,0.004923489755210154
2024-03-01,473,0.7055847382426572,0.6974250395454742,0.008159698697183127
2024-03-04,453,0.6514169696514059,0.6424884911367126,0.008928478514693382
2024-03-05,454,0.6310038086937367,0.6425778858657535,-0.011574077172016776
2024-03-06,459,0.6413067302395431,0.6358441385319682,0.0054625917075750135
2024-03-07,475,0.5661326376808412,0.544110847819663,0.02202178986117812
2024-03-08,477,0.644587638267568,0.6273250925034026,0.017262545764165495
2024-03-11,444,0.720474026336697,0.697270474728543,0.023203551608154016
2024-03-12,449,0.7570928260312961,0.7259247512124779,0.03116807481881828
2024-03-13,449,0.6289769892849709,0.5977183507345948,0.0312586385503761
2024-03-14,482,0.5450143776264679,0.5421241739322014,0.0028902036942664733
2024-03-15,478,0.6427398907208661,0.6596075137766836,-0.016867623055817384
2024-03-18,481,0.8246173838969951,0.8199340611281308,0.004683322768864301
2024-03-19,479,0.619597383528259,0.6157934863115231,0.0038038972167357913
2024-03-20,486,0.5569454158984571,0.5369768651278211,0.019968550770636133
2024-03-21,488,0.6111003938318292,0.5669288210298686,0.044171572801960615
2024-03-22,465,0.5421041410856507,0.528289229003439,0.013814912082211719
2024-03-25,457,0.6457514393858267,0.6459469723368112,-0.0001955329509845412
2024-03-26,454,0.6042226053918368,0.5910515171875197,0.013171088204317175
2024-03-27,478,0.6487945693899784,0.629616154432508,0.019178414957470344
2024-03-28,483,0.760785767062787,0.7478376245609838,0.012948142501803215
2024-04-01,479,0.7578906399543622,0.7350194147845757,0.022871225169786628
2024-04-02,479,0.5552706483403935,0.5497037326080194,0.005566915732373996
2024-04-03,478,0.4751022482404394,0.4738189666312752,0.001283281609164166
2024-04-04,478,0.5749545356479767,0.5969556330979976,-0.022001097450021
2024-04-05,479,0.5885319911399816,0.6072398098758154,-0.01870781873583375
2024-04-08,479,0.6906109920877412,0.6502003744224802,0.04041061766526093
2024-04-09,479,1.0975165595570426,1.0721280515988334,0.02538850795820944
2024-04-10,478,0.8841901749647272,0.7832054149248366,0.10098476003989056
2024-04-11,482,1.0313036589217484,0.9415715111607416,0.08973214776100659
2024-04-12,489,0.7432580996006521,0.7848227122408807,-0.04156461264022857
2024-04-15,485,0.6697401502546333,0.6656500253625807,0.004090124892052725
2024-04-16,481,0.9184856900178145,0.922507176765579,-0.004021486747764387
2024-04-17,480,0.7312582965343758,0.7245882395409066,0.006670056993469171
2024-04-18,482,0.7737864934037354,0.6909861711729385,0.08280032223079681
2024-04-19,485,0.8160671585859619,0.7496382485075455,0.06642891007841635
2024-04-22,484,0.7903798842188089,0.7722608682020827,0.018119016016726115
2024-04-23,487,0.8380119909251524,0.8122523253357653,0.02575966558938712
2024-04-24,482,0.7519352047161705,0.730210478143658,0.021724726572512426
2024-04-25,475,0.6959091551190094,0.6857799349609551,0.010129220158054224
2024-04-26,474,0.9052067420178784,0.8703714063769847,0.03483533564089373
2024-04-29,477,0.9817188324484111,0.9469123035676961,0.034806528880714956
2024-04-30,479,0.9888503018681933,0.9654522369688383,0.023398064899355035
2024-05-01,477,0.9960134494136054,0.9999518712823233,-0.003938421868717987
2024-05-02,476,0.7512800029245253,0.7354048711710701,0.01587513175345525
2024-05-03,482,0.6298043390273276,0.6077010076023788,0.022103331424948837
2024-05-06,472,0.6791089773378,0.6678707770438428,0.01123820029395707
2024-05-07,466,0.6784298512456097,0.6596548136279933,0.018775037617616393
2024-05-08,463,0.6015104240117966,0.5717198014567255,0.029790622555071034
2024-05-09,465,0.5494520657339105,0.5096592220719927,0.039792843661917786
2024-05-10,467,0.6627847484972463,0.6599002008965815,0.002884547600664866
2024-05-13,454,0.6210762450077182,0.621763096714086,-0.0006868517063679703
2024-05-14,458,0.5645885534700159,0.5433948625950376,0.02119369087497834
2024-05-15,463,0.5713525722979463,0.5306320293305867,0.0407205429673596
2024-05-16,475,0.5495088592697571,0.52147799960508,0.028030859664677023
2024-05-17,481,0.6680840740889777,0.6326065510589446,0.03547752303003317
2024-05-20,473,0.8627547486045944,0.8161257169179257,0.04662903168666886
2024-05-21,470,0.7998175049383985,0.7476523830058299,0.05216512193256856
2024-05-22,472,0.8655512913100214,0.8126467302827884,0.052904561027233066
2024-05-23,480,0.7649685355427388,0.7226701203105602,0.042298415232178616
2024-05-24,483,0.7801516041967307,0.7792302796129814,0.000921324583749285
2024-05-28,464,0.7688654816280986,0.7453158897863513,0.02354959184174737
2024-05-29,452,0.8938226570590178,0.8693962817179983,0.02442637534101933
2024-05-30,450,0.7740570799876465,0.7724133991892318,0.0016436807984146079
2024-05-31,465,0.6777081048374941,0.6688697372052446,0.008838367632249556
2024-06-03,478,0.5737658130757338,0.5726425632629887,0.0011232498127452294
2024-06-04,466,0.5476414736440047,0.5397208571303704,0.007920616513634345
2024-06-05,459,0.5528808496450216,0.5418682482378082,0.011012601407213407
2024-06-06,461,0.6079150691766443,0.5909612533343194,0.016953815842325012
2024-06-07,474,0.7489300761674746,0.7440962457247813,0.004833830442693322
2024-06-10,482,0.6875883513905795,0.6835781568903593,0.004010194500220205
2024-06-11,454,0.6553664635942845,0.6413662621988856,0.014000201395398917
2024-06-12,451,0.6470108960374946,0.639860076961524,0.00715081907597059
2024-06-13,444,0.6134444612369587,0.6214466523391217,-0.008002191102162916
2024-06-14,472,0.6292744071171896,0.638721890190895,-0.009447483073705345
2024-06-17,477,0.5261615004767374,0.5268206960767461,-0.0006591956000086815
2024-06-18,482,0.6799454786926037,0.6708556573361607,0.009089821356443088
2024-06-20,484,0.5310413380603459,0.5190403691016835,0.01200096895866244
2024-06-21,486,0.5565250224272046,0.5490938071683361,0.007431215258868469
2024-06-24,488,0.6412557457343832,0.6226594213684535,0.018596324365929583
2024-06-25,465,0.6261666998946471,0.6176472336443138,0.008519466250333247
2024-06-26,458,0.6352818892403681,0.6170966507987289,0.018185238441639252
2024-06-27,458,0.6204066956528902,0.6031175615542326,0.017289134098657535
2024-06-28,479,0.5504560270550741,0.565731375892994,-0.015275348837919837
2024-07-01,479,0.5137735390998477,0.5005158007817242,0.013257738318123456
2024-07-02,475,0.47172453609033416,0.46602864830872454,0.005695887781609657
2024-07-03,472,0.5168246323120586,0.50841932024661,0.00840531206544862
2024-07-05,475,0.5896806230738888,0.6109496911410044,-0.021269068067115617
2024-07-08,477,0.8041748778124002,0.8190898397694137,-0.014914961957013619
2024-07-09,480,1.0915568863038665,1.0723061447155813,0.019250741588285394
2024-07-10,478,0.9625734835899463,0.9474632225978256,0.015110260992120811
2024-07-11,482,1.0218161553479839,1.0116226142001865,0.010193541147797209
2024-07-12,483,1.0135503075163852,1.033971648233247,-0.02042134071686181
2024-07-15,490,0.8729376110136646,0.8748705895408591,-0.001932978527194449
2024-07-16,484,0.9670495239023017,0.9156290473791134,0.051420476523188215
2024-07-17,481,0.6484897702775375,0.6476585017983808,0.0008312684791565925
2024-07-18,481,0.6888434185937541,0.6816750964271276,0.007168322166626519
2024-07-19,486,0.6993516946284725,0.6883379789718561,0.011013715656616407
2024-07-22,489,1.1248140146812302,1.149004364462097,-0.024190349780866937
2024-07-23,486,1.1360367163583822,1.139508342204506,-0.003471625846123901
2024-07-24,486,0.9688736706179598,1.0038700505292908,-0.03499637991133114
2024-07-25,486,0.9730532189527804,0.9772523009023696,-0.0041990819495892635
2024-07-26,481,0.7166638076356181,0.7056279890530952,0.01103581858252291
2024-07-29,473,0.9258811594817044,0.9123939083455463,0.0134872511361581
2024-07-30,470,1.4477976410748936,1.4680388714607164,-0.02024123038582281
2024-07-31,474,2.1518601370372963,2.2673139940075813,-0.1154538569702848
2024-08-01,480,1.2384171507496498,1.2633983395920103,-0.024981188842360533
2024-08-02,479,0.9555724978686293,1.0931643662155353,-0.13759186834690584
2024-08-05,483,1.0098709190275914,0.9424452495647215,0.06742566946286987
2024-08-06,478,0.8229995766052178,0.7271098951858395,0.09588968141937848
2024-08-07,471,0.8393478887078963,0.7174503431806922,0.12189754552720398
2024-08-08,470,0.6606663833326837,0.6086350716437813,0.05203131168890239
2024-08-09,471,0.6450037855249929,0.5530545477563895,0.09194923776860345
2024-08-12,464,0.9651242099112235,0.9316711129546299,0.03345309695659351
2024-08-13,450,0.7250804594276278,0.6436793163765162,0.08140114305111149
2024-08-14,449,0.8269503350695616,0.7415452557467542,0.08540507932280744
2024-08-15,463,0.5605484959192631,0.4760903779934344,0.0844581179258287
2024-08-16,472,0.6053506851864493,0.4871303186094711,0.11822036657697815
2024-08-19,477,0.5677456550722011,0.4761881681682892,0.09155748690391187
2024-08-20,477,0.6915389459248138,0.5727250542890434,0.11881389163577037
2024-08-21,479,0.6088419707795807,0.5300560177022141,0.0787859530773666
2024-08-22,477,0.6082377740840277,0.5496480977508406,0.05858967633318706
2024-08-23,481,0.5781269654361816,0.5426060179444673,0.03552094749171432
2024-08-26,483,0.6255366111404712,0.5741142888650709,0.0514223222754004
2024-08-27,465,0.6243707971135768,0.6125136114564199,0.011857185657156781
2024-08-28,448,0.7174137789450413,0.6937715464794484,0.023642232465592827
2024-08-29,442,0.7655523696961625,0.7429302327533104,0.02262213694285206
2024-08-30,458,1.0220998319761836,0.974722355208858,0.04737747676732568
2024-09-03,462,0.8265378608092648,0.7350961987023049,0.09144166210695996
2024-09-04,463,0.6257977617591248,0.6002445710673376,0.02555319069178703
2024-09-05,464,0.6504825208674263,0.6417996597390099,0.008682861128416314
2024-09-06,474,0.7969264507347055,0.7702812662884955,0.026645184446210092
2024-09-09,477,0.7370816195256662,0.7126328694187198,0.024448750106946405
2024-09-10,460,0.8147886323031573,0.8487613591635237,-0.03397272686036641
2024-09-11,448,0.837755644362747,0.8407063249582812,-0.002950680595534231
2024-09-12,445,0.7682772543475678,0.7565361503157217,0.01174110403184613
2024-09-13,466,0.5982483101273475,0.5916256757894781,0.006622634337869324
2024-09-16,479,0.8235653312449402,0.8041294568078988,0.01943587443704137
2024-09-17,482,0.6314354205125172,0.618108139394707,0.013327281117810182
2024-09-18,481,0.6351195654793702,0.6269180761308787,0.008201489348491391
2024-09-19,483,0.5965110282022287,0.5873003226707671,0.009210705531461616
2024-09-20,487,0.587845462387017,0.589421414164628,-0.0015759517776111295
2024-09-23,486,0.7374622894770559,0.7267884546006449,0.010673834876411136
2024-09-24,481,0.5906628629873504,0.582251311293108,0.008411551694242276
2024-09-25,462,0.602176843019071,0.6007148659751392,0.0014619770439319635
2024-09-26,456,0.6299579614223133,0.6229144582789968,0.007043503143316358
2024-09-27,459,0.5996326955297462,0.5842074522882832,0.015425243241463056
2024-09-30,477,0.7550267451440653,0.737646747215069,0.01737999792899633
2024-10-01,478,0.6837849776236936,0.6792746201666656,0.004510357457027986
2024-10-02,477,0.6864436960172499,0.6756596449150197,0.01078405110223016
2024-10-03,477,0.5947498241945045,0.6293166089569759,-0.034566784762471346
2024-10-04,484,0.6052379590679493,0.609452316963273,-0.0042143578953236765
2024-10-07,479,0.5799601724095407,0.600646131674894,-0.020685959265353427
2024-10-08,478,0.5932233931931036,0.6622970695853829,-0.06907367639227932
2024-10-09,481,0.5574169369917049,0.5733192667628038,-0.01590232977109882
2024-10-10,484,0.7232790241370692,0.7442225800973709,-0.020943555960301542
2024-10-11,486,0.7215709132774542,0.7473547418770451,-0.025783828599591066
2024-10-14,485,0.6737070721667924,0.6710790481654939,0.0026280240012985386
2024-10-15,485,0.5902350807510973,0.5968215519987855,-0.0065864712476882345
2024-10-16,483,0.5916273798507119,0.5678495859667099,0.023777793884001946
2024-10-17,482,0.6447442075086467,0.6197315538437359,0.02501265366491079
2024-10-18,486,0.7327421760653883,0.6944053879057873,0.03833678815960098
2024-10-21,489,0.7733395699868515,0.733251436224928,0.040088133761923474
2024-10-22,488,0.7357450722794934,0.7032665267591658,0.032478545520327674
2024-10-23,489,0.6993826559069856,0.6936330353013822,0.00574962060560329
2024-10-24,489,0.7214745392864054,0.7058267324298686,0.015647806856536765
2024-10-25,491,0.7141538909624189,0.7142365540713498,-8.266310893077785e-05
2024-10-28,484,1.0613555216698376,0.9983935741188025,0.06296194755103514
2024-10-29,476,1.0277326870820147,0.9906075929930875,0.03712509408892735
2024-10-30,468,0.8810039001613332,0.8475770988900729,0.03342680127126039
2024-10-31,473,0.748041237033878,0.7531215944893704,-0.0050803574554924265
2024-11-01,479,1.6680596662983187,1.6764423932801233,-0.008382726981804586
2024-11-04,484,1.770427383978387,1.8062795879477753,-0.035852203969388145
2024-11-05,473,1.6321058914411148,1.772839471701743,-0.14073358026062835
2024-11-06,475,1.0461747554236012,1.0010664573769719,0.04510829804662935
2024-11-07,473,0.9657455101900392,0.9528487927564542,0.012896717433585062
2024-11-08,477,0.7842846387033143,0.7578136356819702,0.02647100302134417
2024-11-11,467,0.8020938261937115,0.8276298997856653,-0.025536073591953708
2024-11-12,450,0.8859249296035079,0.8872227407443641,-0.0012978111408563607
2024-11-13,447,0.869156285736915,0.8687492800793082,0.0004070056576066963
2024-11-14,454,0.859639188493804,0.8523860231870284,0.007253165306775688
2024-11-15,472,0.7254993521256554,0.6739906496985851,0.051508702427070376
2024-11-18,477,0.7727216773884903,0.6998427999236433,0.07287887746484709
2024-11-19,472,0.8609695704064996,0.7564606238901599,0.10450894651633982
2024-11-20,473,1.0418639802905547,0.9303614484701676,0.11150253182038727
2024-11-21,477,0.7386158382715545,0.6791834863940522,0.05943235187750237
2024-11-22,480,0.6602548018624638,0.5882994152926384,0.0719553865698253
2024-11-25,465,0.5542994695356169,0.5036916929268509,0.05060777660876605
2024-11-26,450,0.6141658363380108,0.5471300262758604,0.0670358100621505
2024-11-27,450,0.6685800796229104,0.6192971971321247,0.049282882490785614
2024-11-29,463,0.8135788381636112,0.8021853582218932,0.011393479941718031
2024-12-02,474,0.7474966727160979,0.7234615486512822,0.024035124064815647
2024-12-03,463,0.7590930093040639,0.746351218588947,0.012741790715116892
2024-12-04,458,0.7609841247726589,0.7612582703603615,-0.0002741455877026676
2024-12-05,461,0.782090569926293,0.7317568836838388,0.0503336862424542
2024-12-06,474,0.7278532519322916,0.6746543174447042,0.05319893448758749
2024-12-09,485,0.7185964617811386,0.7342619747694176,-0.015665512988278948
2024-12-10,468,0.6823676200860441,0.6722236294097692,0.010143990676274852
2024-12-11,457,0.7684014715322642,0.7613796658552646,0.007021805676999668
2024-12-12,450,0.7550621147621035,0.7417641837002128,0.013297931061890781
2024-12-13,468,1.3861285550923998,1.4057590731133949,-0.019630518020995205
2024-12-16,481,1.4259651258035895,1.471669490590531,-0.045704364786941634
2024-12-17,479,0.855922202511391,0.8879992401227128,-0.03207703761132183
2024-12-18,481,0.6082908633192967,0.9162665643928568,-0.30797570107356015
2024-12-19,482,0.692704135679132,0.6781830917382446,0.014521043940887277
2024-12-20,487,0.44615504072191675,0.46359931014773037,-0.0174442694258136
2024-12-23,482,0.3673379616084652,0.3982093829468458,-0.030871421338380705
2024-12-24,478,0.5827370287956645,0.6878999239016933,-0.10516289510602872
2024-12-26,463,0.6161746736625535,0.6236246776886205,-0.007450004026066912
2024-12-27,459,0.5718532693865758,0.5145047014125286,0.05734856797404721
2024-12-30,456,0.5403046783083658,0.6524460439839419,-0.1121413656755761
2024-12-31,472,0.7783218186435507,0.7995188001394935,-0.021196981495942843
2025-01-02,480,0.6676112847908389,0.6751797914637586,-0.007568506672919801
2025-01-03,486,0.6014653281783636,0.6240061916402736,-0.02254086346191
2025-01-06,479,0.8491136589348292,0.8897151549920899,-0.04060149605726066
2025-01-07,481,0.7314248911724971,0.7533641516040057,-0.021939260431508612
2025-01-08,480,0.7097546903211875,0.7143794520244051,-0.00462476170321757
2025-01-10,485,1.0005976766676898,0.8872794635164625,0.11331821315122738
2025-01-13,484,1.0161692200530976,0.8933108179974152,0.12285840205568248
2025-01-14,481,0.8863753450841638,0.9243203462856278,-0.03794500120146399
2025-01-15,482,0.9191028353713011,0.9513940294357063,-0.032291194064405115
2025-01-16,481,0.8451295458607423,0.855142286250395,-0.010012740389652677
2025-01-17,485,0.8598778432771101,0.8606072639282022,-0.0007294206510920896
2025-01-21,486,0.6237565084948496,0.6294479154561834,-0.005691406961333756
2025-01-22,488,1.1840890515421552,1.1804031490126012,0.0036859025295539784
2025-01-23,489,1.0349797434812256,1.0522568489213797,-0.017277105440154174
2025-01-24,490,0.9609713673687519,0.9701212763065289,-0.009149908937777016
2025-01-27,489,0.8738473326351347,0.8758734250409014,-0.0020260924057666275
2025-01-28,481,0.7266687644249957,0.7210237160121662,0.0056450484128294995
2025-01-29,472,0.7967601787676367,0.7793356560691092,0.01742452269852757
2025-01-30,473,0.836703950680777,0.7944880510709799,0.04221589960979712
2025-01-31,479,0.7907796896222015,0.7679160230747265,0.02286366654747494
2025-02-03,490,0.9182977156327381,0.9185821866693924,-0.0002844710366543232
2025-02-04,479,0.8553613121773816,0.8348534425935693,0.02050786958381232
2025-02-05,473,0.8574040233276635,0.8121146172902352,0.0452894060374284
2025-02-06,471,0.792712544650595,0.7709236393883833,0.021788905262211854
2025-02-07,478,0.7677286621665654,0.7577084607775306,0.01002020138903483
2025-02-10,484,0.8769258653241956,0.8583998437108459,0.018526021613349614
2025-02-11,458,0.9546953558911774,0.9390707874059573,0.015624568485220095
2025-02-12,449,1.0086592521827582,1.007243739669495,0.001415512513263225
2025-02-13,448,0.8547176523704608,0.8098437211097839,0.044873931260677034
2025-02-14,471,0.8373731302897196,0.8042175755033686,0.033155554786351016
2025-02-18,475,1.1388460036444932,1.1499490976808266,-0.011103094036333463
2025-02-19,469,1.17868646623462,1.211167065396024,-0.032480599161404056
2025-02-20,469,1.13090240540014,1.1369439762695908,-0.0060415708694507774
2025-02-21,474,0.6728475707060158,0.6826111971369895,-0.0097636264309737
2025-02-24,479,0.7933806878937038,0.8012939618247973,-0.007913273931093671
2025-02-25,466,0.7629159358445904,0.7478298977981792,0.015086038046411116
2025-02-26,453,1.0605234570468347,1.0635559513304782,-0.0030324942836434865
2025-02-27,452,0.8956713699092059,0.9158077613583723,-0.020136391449166395
2025-02-28,462,0.927952574602039,0.8284377839396002,0.09951479066243879
2025-03-03,474,1.1019627519588695,1.0558950845085353,0.046067667450334276
2025-03-04,462,1.020397919703199,1.0023904683897253,0.018007451313473553
2025-03-05,450,1.5827526439796789,1.6344058790677594,-0.05165323508808057
2025-03-06,452,1.0361553864980517,1.2210379206481403,-0.1848825341500887
2025-03-07,462,1.2436530483899961,1.2998776470566666,-0.05622459866667062
2025-03-10,477,1.2175759146901417,1.3471021835491874,-0.1295262688590458
2025-03-11,451,0.7260257783974304,0.7094814716386283,0.016544306758802096
2025-03-12,449,0.8050039700367332,0.6959367412814688,0.1090672287552644
2025-03-13,447,0.8782925985064427,0.7461880966813114,0.1321045018251314
2025-03-14,475,0.6625967625976825,0.5592792254205009,0.1033175371771816
2025-03-17,478,0.5812142453801236,0.5449700908618647,0.03624415451825878
2025-03-18,481,0.6427573990053366,0.6097292225296943,0.033028176475642344
2025-03-19,481,0.640674180779969,0.5797770015144273,0.06089717926554158
2025-03-20,485,0.722824643733806,0.6742864599620199,0.048538183771786085
2025-03-21,489,0.6255219640369643,0.5803126254463998,0.04520933859056444
2025-03-24,490,0.7668822802068453,0.7444474535244824,0.022434826682362997
2025-03-25,488,1.1142670652312614,1.2063055453605904,-0.09203848012932904
2025-03-26,466,0.8647144321233707,0.9046075100416965,-0.03989307791832576
2025-03-27,460,0.6627644742804945,0.6532879176188562,0.009476556661638368
2025-03-28,464,0.6833261649741535,0.6027383245769256,0.08058784039722809
2025-03-31,482,1.6393356638893393,1.8469029060716047,-0.2075672421822651
2025-04-01,483,3.8004863109408795,4.048252792774868,-0.24776648183398775
2025-04-02,481,4.454380226878833,4.625336042605763,-0.1709558157269307
2025-04-03,485,2.894833857029032,3.1965019122406737,-0.30166805521164153
2025-04-04,490,2.09551102444053,2.743893550515853,-0.6483825260753227
2025-04-07,485,1.1473290449882159,1.2175874513596465,-0.07025840637143074
2025-04-08,483,1.9414735048496858,2.1275250656423,-0.18605156079261445
2025-04-09,483,1.0313155262482994,1.088565111829329,-0.05724958558102951
2025-04-10,488,0.9486659848874125,1.1014739307838493,-0.15280794589643693
2025-04-11,489,0.8024290451046728,0.6492075910414387,0.15322145406323417
2025-04-14,483,0.8878577697112003,0.7882327007300002,0.0996250689812003
2025-04-15,483,1.1424192245448688,0.8379832061194266,0.3044360184254422
2025-04-16,482,0.9252495717938187,0.8802306965267713,0.04501887526704742
2025-04-17,486,0.8836517508132172,0.8302793618551995,0.05337238895801779
2025-04-21,490,1.7898896959120107,2.190181971600135,-0.40029227568812403
2025-04-22,491,1.3398511967087787,1.3074146653922363,0.03243653131654227
2025-04-23,493,1.0338408147662328,0.9817967522548078,0.052044062511424974
2025-04-24,492,0.8476793665927175,0.6979746435933869,0.1497047229993306
2025-04-25,484,0.8750584382308219,0.74011126746986,0.1349471707609619
2025-04-28,480,0.9268309324665558,0.7995612442389893,0.12726968822756646
2025-04-29,476,1.0077675257750254,0.957216520891726,0.050551004883299375
2025-04-30,480,0.9777496119475727,0.868111656238868,0.10963795570870477
2025-05-01,482,0.8842428717872854,0.7399761791539075,0.14426669263337794
2025-05-02,485,0.8568297837271971,0.731070036402416,0.12575974732478112
2025-05-05,490,0.8343601071693089,0.7022233767046157,0.1321367304646933
2025-05-06,482,0.9028317504503451,0.7694964049115163,0.13333534553882886
2025-05-07,475,1.5809245725362175,1.579908529909818,0.0010160426263995039
2025-05-08,473,1.576888766890662,1.4610312258675888,0.1158575410230731
2025-05-09,476,1.5675024318128339,1.4293727538919474,0.13812967792088643
2025-05-12,472,0.7288626497031875,0.7174032052853874,0.011459444417800141
2025-05-13,456,0.7031574734087944,0.6533672312262946,0.04979024218249987
2025-05-14,450,0.8532963768594775,0.7908847476770853,0.062411629182392306
2025-05-15,459,0.6007378600278556,0.5686585835335849,0.032079276494270594
2025-05-16,472,0.9172598744889046,0.8434410500040402,0.07381882448486433
2025-05-19,480,0.9377375127671573,0.9040883289641284,0.03364918380302894
2025-05-20,469,0.9751671106185187,0.8046385721552212,0.17052853846329755
2025-05-21,468,0.6646570060571974,0.6724781577061589,-0.007821151648961586
2025-05-22,470,0.6001694137660122,0.6249564715683272,-0.024787057802314952
2025-05-23,480,0.6538785934652191,0.7353395249025397,-0.08146093143732061
2025-05-27,468,0.6482663306487031,0.7120838164876105,-0.06381748583890755
2025-05-28,454,0.6419219579820796,0.6682636014117066,-0.02634164342962699
2025-05-29,456,0.6606023249795618,0.7118456006627113,-0.05124327568314939
2025-05-30,467,0.692285688621327,0.768744203418328,-0.07645851479700112
2025-06-02,481,0.7005463573741351,0.7548951653681516,-0.05434880799401643
2025-06-03,470,0.6018385003167961,0.6825838437267503,-0.08074534340995428
2025-06-04,469,0.6209697160741733,0.6801667923183239,-0.0591970762441506
2025-06-05,463,0.8601117138177201,0.904419190135732,-0.04430747631801196
2025-06-06,474,0.7144683431244915,0.7304654641723068,-0.01599712104781536
2025-06-09,481,0.5800772220193557,0.6560516909998936,-0.0759744689805379
2025-06-10,466,0.8504772974441251,0.8029814806926834,0.0474958167514418
2025-06-11,455,0.6222042263427902,0.6775592833825701,-0.05535505703977985
2025-06-12,452,0.7801478657007704,0.7623208253583259,0.017827040342444575
2025-06-13,468,0.7066481796633031,0.7606975319794321,-0.05404935231612908
2025-06-16,479,0.6269948746034527,0.6775096516015121,-0.050514776998059334
2025-06-17,480,0.680615787270301,0.7936623708847412,-0.11304658361444032
2025-06-18,487,0.7744536240013122,0.9399719335530506,-0.16551830955173846
2025-06-20,488,0.7275417135396972,0.7586739709766999,-0.031132257437002698
2025-06-23,489,0.7710576838716285,0.793663173390077,-0.022605489518448322
2025-06-24,484,0.5915233043652252,0.6626211706242751,-0.07109786625904993
2025-06-25,466,0.645758718879827,0.7024422986898556,-0.0566835798100286
2025-06-26,461,0.8189357478295358,0.8419516914349714,-0.023015943605435622
2025-06-27,466,0.9263189427015128,0.9485754009987922,-0.0222564582972794
2025-06-30,476,0.9097367150932839,0.9425533802621807,-0.03281666516889672
2025-07-01,479,0.598594549383585,0.6599703079744389,-0.06137575859085396
2025-07-02,478,0.48320191593842804,0.54358051245186,-0.06037859651343191
2025-07-03,487,0.5622635145209766,0.571819939897254,-0.009556425376277307
2025-07-07,484,0.7467197754953829,0.7689510655586812,-0.022231290063298232
2025-07-08,485,0.6099353572595964,0.6375038847863709,-0.027568527526774477
2025-07-09,485,0.5842336834815864,0.6057153991125268,-0.021481715630940368
2025-07-10,487,0.8244714241608727,0.7566642587159977,0.067807165444875
2025-07-11,489,0.6738640680655296,0.6540312030119878,0.019832865053541794
2025-07-14,489,0.6007760850937333,0.5991720000140356,0.0016040850796976297
2025-07-15,488,0.6561034756957347,0.684531502278566,-0.028428026582831212
2025-07-16,484,0.6071892764408412,0.624771774432264,-0.017582497991422766
2025-07-17,482,0.7160837402680188,0.721251436139465,-0.00516769587144618
2025-07-18,488,0.8462804970241901,0.8774183902069583,-0.031137893182768262
2025-07-21,491,0.999192548559039,1.0111809388045292,-0.01198839024549005
2025-07-22,491,0.8922117733253981,0.9020240095092613,-0.00981223618386322
2025-07-23,492,0.7656383213985519,0.754871702269181,0.010766619129370962
2025-07-24,492,0.6950053288347166,0.6901889429198964,0.004816385914820205
2025-07-25,493,0.9273342268610333,0.8842545348377232,0.04307969202331
2025-07-28,483,1.179459861130238,1.1275904276823014,0.05186943344793669
2025-07-29,475,1.3351791618295743,1.2326633877178068,0.10251577411176735
2025-07-30,474,1.069735398600231,1.0097880191106259,0.05994737948960509
2025-07-31,480,0.8827380677316928,0.8560988455811926,0.026639222150500165
2025-08-01,488,0.8866498295178258,0.8785932826375503,0.008056546880275448
2025-08-04,488,0.8951976257969605,0.8636212563490119,0.03157636944794864
2025-08-05,483,0.9061379804247649,0.8763964519276467,0.02974152849711817
2025-08-06,477,0.8573576718626399,0.8239277069994952,0.03342996486314473
2025-08-07,477,0.8072049768380523,0.7783819745926879,0.028823002245364524
2025-08-08,479,0.9394851083578565,0.922752320061127,0.016732788296729657
2025-08-11,475,0.9201759699926553,0.8586490707400286,0.06152689925262666
2025-08-12,455,0.7209771823662079,0.6955974003385548,0.025379782027653005
2025-08-13,449,0.6990197533442982,0.6767409189297336,0.022278834414564554
2025-08-14,454,0.628781854553543,0.5812323341204488,0.04754952043309424
2025-08-15,471,0.5831443892787873,0.5439346674584887,0.03920972182029854
2025-08-18,479,0.640043148332945,0.6025485976298873,0.037494550703057676
2025-08-19,478,0.6408101151217998,0.6146714505012132,0.026138664620586637
2025-08-20,479,0.7085879380258074,0.6821097139023974,0.02647822412341005
2025-08-21,481,0.8280279369679246,0.8525249193427328,-0.024496982374808227
2025-08-22,488,0.6804174209406104,0.6656372922164532,0.014780128724157229
2025-08-25,489,0.6933772901454949,0.6827555480819749,0.010621742063519993
2025-08-26,474,0.573931551625627,0.5704932331692486,0.003438318456378496
2025-08-27,450,0.676917802294665,0.6254680596700252,0.05144974262463987
2025-08-28,446,0.7047758370305661,0.6697987428834122,0.034977094147153866
2025-08-29,456,0.629450261474368,0.6230604020004293,0.006389859473938725
2025-09-02,462,0.7331779427023615,0.7403359582481888,-0.0071580155458273
2025-09-03,465,0.7267122365662588,0.7796199038316725,-0.052907667265413676
2025-09-04,468,0.6759371560947096,0.6723771887906764,0.003559967304033153
2025-09-05,478,0.8222270929153747,0.8016987298282492,0.02052836308712541
2025-09-08,479,0.7850132467714053,0.7906159865530121,-0.0056027397816069075
2025-09-09,475,0.7529271448801951,0.8306472494942438,-0.07772010461404887
2025-09-10,459,0.6386523832358575,0.6623052071623942,-0.02365282392653666
2025-09-11,455,0.7282339083078235,0.6645305307725559,0.06370337753526764
2025-09-12,461,0.5883960365253778,0.6033712305606009,-0.014975194035223065
2025-09-15,482,0.6361475895139025,0.690333067488461,-0.054185477974558575
2025-09-16,488,0.6685133023825638,0.7035971679655193,-0.035083865582955544
2025-09-17,486,0.7552443671498614,0.8102526296489303,-0.05500826249906883
2025-09-18,489,0.6092689645721225,0.6184326892641292,-0.009163724692006691
2025-09-19,490,0.6695015667530961,0.6737496074180858,-0.004248040664989521
2025-09-22,492,0.7669307752380815,0.737619531685689,0.02931124355239255
2025-09-23,486,0.623055527846009,0.6274632547443474,-0.004407726898338347
2025-09-24,485,0.551325203761217,0.5744096705109735,-0.023084466749756585
2025-09-25,464,0.7152239701451888,0.7310965562219461,-0.015872586076757393
2025-09-26,461,0.9212388747851415,0.9352697529899693,-0.014030878204827759
2025-09-29,460,0.8852229304188444,0.8939917907798767,-0.008768860361032235
2025-09-30,475,0.7688322324580333,0.7724160124379834,-0.0035837799799500873
2025-10-01,482,0.6872075811309986,0.708543683601151,-0.021336102470152638
2025-10-02,483,0.6672916645391608,0.6579195898699499,0.00937207466921092
2025-10-03,492,0.7611214066234345,0.7450672630657829,0.016054143557651668
2025-10-06,490,0.7370383002639271,0.7084574875561706,0.028580812707756576
2025-10-07,483,1.0576034592405563,0.9479804474907562,0.1096230117498
2025-10-08,483,0.8447614678097858,0.7920430571594739,0.052718410650311874
2025-10-09,484,0.6248430666054442,0.6376097994098218,-0.012766732804377507
2025-10-10,488,0.8836200135867777,0.9547122860506925,-0.07109227246391477
2025-10-13,487,0.7607556103444731,0.7643948459124079,-0.0036392355679346574
2025-10-14,485,0.7170092722579526,0.7090176804706703,0.007991591787282341
2025-10-15,488,0.6359899980499585,0.6804709753148873,-0.04448097726492883
2025-10-16,488,0.808656094339589,0.880357688984248,-0.07170159464465922
2025-10-17,490,0.6697344659640856,0.671110744986805,-0.0013762790227192967
2025-10-20,491,0.7404640322695148,0.7269017344213828,0.013562297848131951
2025-10-21,489,0.7662887246321837,0.7718127717573808,-0.005524047125197272
2025-10-22,491,0.8656870889437729,0.8811601229796161,-0.015473034035843214
2025-10-23,491,0.8376555686462823,0.8393713714969332,-0.0017158028506509167
2025-10-24,492,1.1450690293104182,1.0946599171844609,0.05040911212595716
2025-10-27,491,1.3027311980713736,1.2085651311629861,0.09416606690838718
2025-10-28,481,1.1110719795523156,1.0747240282251305,0.03634795132718501
2025-10-29,476,0.9442113935200581,0.9234403113326073,0.02077108218745093
2025-10-30,475,0.8183348759517918,0.7841324151695996,0.034202460782192065
2025-10-31,482,0.8517196107925045,0.857978425203349,-0.006258814410844545
2025-11-03,489,0.9806050301890621,0.9802849460803227,0.000320084108739406
2025-11-04,481,0.9009902493464129,0.8819840285705041,0.01900622077590895
2025-11-05,475,0.8404182750404562,0.8279891801124154,0.012429094928040682
2025-11-06,475,0.8696286644862073,0.8426980925143266,0.026930571971880687
2025-11-07,479,0.6935727290048487,0.6727769858609879,0.020795743143860866
2025-11-10,479,0.7989641317243092,0.7862455469368218,0.012718584787487384
2025-11-11,456,0.7301380865735252,0.7136389873339493,0.0164990992395759
2025-11-12,445,1.0824483365285724,1.0615882901075002,0.020860046421072056
2025-11-13,450,0.8157567178998814,0.7733886862598998,0.0423680316399816
2025-11-14,465,0.787623755175027,0.8013633291779102,-0.013739574002883182
2025-11-17,477,0.7540333032859101,0.7331501713574893,0.020883131928420895
2025-11-18,474,0.764627177033237,0.7314551170269742,0.033172060006262785
2025-11-19,476,0.7708209178496161,0.7736108598975173,-0.002789942047901087
2025-11-20,477,1.3248575130581348,1.1977800614018042,0.12707745165633047
2025-11-21,481,0.9066909153341213,0.8099026111950786,0.09678830413904262
2025-11-24,474,0.8289255227212616,0.9036287214086656,-0.07470319868740388
2025-11-25,458,0.6415847497024693,0.5954326423518265,0.0461521073506428
2025-11-26,457,0.6932202572530173,0.6502806747375736,0.04293958251544369
2025-11-28,463,0.8276877004025518,0.8302826451382314,-0.0025949447356795547
2025-12-01,478,0.7976106281385569,0.8081458876824175,-0.01053525954386053
2025-12-02,463,0.84314468881639,0.8607386034644721,-0.017593914648081976
2025-12-03,465,0.7764554046208743,0.7677378873431558,0.008717517277718394
2025-12-04,468,0.8011300377495998,0.7817890847041846,0.01934095304541508
2025-12-05,482,0.8044662103031276,0.8043985069158186,6.770338730910058e-05
2025-12-08,485,0.8980588857899866,0.9038423236809402,-0.005783437890953615
2025-12-09,479,0.8860552683525562,0.9078462198086159,-0.021790951456059762
2025-12-10,462,0.8580845134949382,0.8562818069414012,0.001802706553537028
2025-12-11,457,0.7734861188456489,0.7656491700145126,0.007836948831136135
2025-12-12,461,0.6890143666224526,0.6818577516514835,0.007156614970969129
2025-12-15,480,0.6241202025605497,0.6065746799491784,0.01754552261137133
2025-12-16,482,0.5787403932371521,0.5838100033190871,-0.005069610081935051
2025-12-17,484,0.7557503307045089,0.7822091876134716,-0.026458856908962658
2025-12-18,486,0.629668191454332,0.6433226126830648,-0.013654421228732878
2025-12-19,490,0.47989755588445226,0.6023507458117706,-0.12245318992731834
2025-12-22,485,0.39928529982266486,0.3993697225604076,-8.442273774271444e-05
2025-12-23,482,0.38147117184937274,0.3736172109631882,0.007853960886184595
2025-12-24,481,0.4209975464013794,0.38248480278729563,0.03851274361408371
2025-12-26,471,0.5307441183881478,0.4613899684190686,0.06935414996907924
2025-12-29,458,0.5829033219028212,0.5679359759691097,0.014967345933711558
2025-12-30,457,0.7884529044622944,0.7788709046395352,0.009581999822759205
2025-12-31,471,1.3046201549575747,1.2569938320745968,0.047626322882977794
2026-01-02,488,0.961078873170444,0.9487484067809896,0.012330466389454542
2026-01-05,491,0.7623737383402341,0.7628913361912464,-0.000517597851012266
2026-01-06,488,0.7503824451592572,0.7462265642960959,0.004155880863161262
2026-01-07,485,0.9043186961225945,0.902600407817425,0.0017182883051694725
2026-01-08,484,0.8935233634878273,0.8978639632702531,-0.004340599782425745
2026-01-09,489,0.8578031974928408,0.8606287452615325,-0.0028255477686917395
2026-01-12,489,0.8269328454604243,0.8352160305436505,-0.008283185083226074
2026-01-13,483,0.752929599574243,0.7627237844105887,-0.00979418483634576
2026-01-14,480,0.8428680792635534,0.7992557001183186,0.043612379145234956
2026-01-15,482,0.7915723272663319,0.7797518241365318,0.01182050312980004
2026-01-16,487,0.7703570226843984,0.7713143757418264,-0.0009573530574279001
2026-01-20,488,0.7323011404603277,0.7604960329927593,-0.02819489253243147
2026-01-21,490,0.6482119280586511,0.6536206403214778,-0.005408712262826767
2026-01-22,492,0.7698518173797165,0.7851815159449222,-0.015329698565205701
2026-01-23,493,0.8750137176247954,0.8658217238098364,0.009191993814959111
2026-01-26,490,1.045524872463291,1.0363539498967225,0.009170922566568459
2026-01-27,481,0.9269844760433371,0.9125748539799401,0.014409622063397033
2026-01-28,479,0.9837219041918114,0.9813184260285733,0.0024034781632380894
2026-01-29,480,1.2599300596095124,1.2499999261505352,0.00993013345897725
2026-01-30,486,1.566453369789638,1.5694652306435701,-0.0030118608539323457
2026-02-02,489,1.675117470046079,1.6763980909535054,-0.0012806209074264505
2026-02-03,484,1.2822041846410976,1.267210142563003,0.01499404207809475
2026-02-04,481,1.1019292752395418,1.0703238348934465,0.0316054403460954
2026-02-05,478,1.2388695314192077,1.290951518171888,-0.05208198675268051
2026-02-06,480,1.1401425574853605,1.139015909691915,0.0011266477934450984
2026-02-09,483,1.4024596316002795,1.4439464583556363,-0.041486826755356566
2026-02-10,464,1.2876215560311985,1.3036289432938108,-0.0160073872626122
2026-02-11,452,1.0044430892474328,0.9885599603475018,0.015883128899931084
2026-02-12,449,0.9162676094858679,0.9800290452346854,-0.06376143574881744
2026-02-13,467,0.8416304212080262,0.7980864898467213,0.04354393136130492
2026-02-17,477,0.8307881368154368,0.7826371832836927,0.048150953531744214
2026-02-18,475,0.9662017597587644,0.9843132086335793,-0.018111448874814858
2026-02-19,476,0.8506825222069354,0.8382179427002995,0.012464579506636033
2026-02-20,477,0.8225876566218632,0.7931375128108553,0.029450143811007835
2026-02-23,483,0.9598728759431381,0.9405553784890274,0.019317497454110696
2026-02-24,469,0.9304597390340734,0.8845173393742765,0.04594239965979686
2026-02-25,458,1.0202932239844795,0.9847714088966715,0.03552181508780812
2026-02-26,456,1.0428815011559927,1.0418784473273042,0.0010030538286885929
2026-02-27,467,0.9193616022401705,0.9131221245561482,0.006239477684022297
2026-03-02,477,1.1337941411628374,1.1556967082506495,-0.021902567087812005
2026-03-03,460,1.1142943004503048,1.1015737410611823,0.012720559389122471
2026-03-04,456,0.9777784454562106,1.0295208879766056,-0.05174244252039505
2026-03-05,450,0.8931082080302898,0.8423151218858005,0.05079308614448935
2026-03-06,463,0.9530516568909877,0.9710021424952114,-0.017950485604223763
2026-03-09,473,1.2008075880048212,1.3041319574910881,-0.1033243694862668
2026-03-10,465,1.0366675483644783,1.1159782053137415,-0.07931065694926304
2026-03-11,458,0.7562180514436616,0.8065718093795496,-0.05035375793588814
2026-03-12,451,0.7376903561176894,0.7018262289981773,0.0358641271195121
2026-03-13,472,0.716719979165355,0.706112829134236,0.010607150031118987
2026-03-16,483,0.8278034691014969,0.8272967848656689,0.000506684235827915
2026-03-17,488,1.1139879412863334,1.1236875756639166,-0.009699634377583286
2026-03-18,487,0.7181251299767758,0.7571082479447893,-0.038983117968013514
2026-03-19,488,0.816376934714209,0.8444842402768578,-0.02810730556264873
2026-03-20,489,0.9721166677648521,0.9359099234608653,0.03620674430398692
2026-03-23,490,0.7711122673588948,0.8301532869269255,-0.05904101956803066
2026-03-24,488,0.9187084968998415,1.0261830101172098,-0.10747451321736852
2026-03-25,489,1.175855830841361,1.2164477002842324,-0.04059186944287183
2026-03-26,467,0.6021398835775468,0.6622720258810911,-0.060132142303544335
2026-03-27,466,1.02068110559432,0.9141576420891335,0.10652346350518649
2026-03-30,458,1.1766233156382382,1.091759896758782,0.08486341887945613
2026-03-31,477,0.7410929426907865,0.7604630875853375,-0.01937014489455095
2026-04-01,480,0.6902333827070788,0.7123188061565254,-0.022085423449446608
2026-04-02,490,1.0344555458698212,1.0942156571468586,-0.05976011127703753
2026-04-06,488,1.2174635157829161,1.2509030303084065,-0.03343951452549036
2026-04-07,485,1.2711498188412387,1.3436622312941326,-0.07251241245289387
2026-04-08,484,0.7378248029533344,0.7532195225516414,-0.015394719598306891
2026-04-09,488,0.8168308987717607,0.7966130388981377,0.020217859873623026
2026-04-10,489,1.1286661922632244,1.0688230437675363,0.05984314849568823
2026-04-13,488,0.830671973509009,0.8011174002460019,0.02955457326300716
2026-04-14,486,0.851252668474104,0.806912140719053,0.04434052775505096
2026-04-15,487,0.8689575102545797,0.829909571773108,0.03904793848147171
2026-04-16,488,0.830656136981074,0.813079494670406,0.017576642310667974
2026-04-17,488,0.9116497983321713,0.9186815183984395,-0.007031720066268121
2026-04-20,491,1.0754571683910192,1.0891072567626643,-0.013650088371644846
2026-04-21,491,1.0509364700572872,1.0417785440409106,0.00915792601637646
2026-04-22,494,0.925126087579019,0.9104190648225741,0.014707022756445054
2026-04-23,494,0.8445895195159164,0.8267013679478338,0.01788815156808262
2026-04-24,493,1.0047245020671316,1.0326353335688974,-0.027910831501765813
2026-04-27,487,1.0239990517927622,1.0157085245844784,0.008290527208283731
2026-04-28,482,1.0028751655178607,1.0036489835719458,-0.0007738180540847993
2026-04-29,477,0.9383011967432986,0.9210634243907234,0.017237772352575096
2026-04-30,480,0.9491464034399926,0.9537058997557284,-0.00455949631573592
2026-05-01,485,1.129449106403948,1.114678743572073,0.01477036283187479
2026-05-04,490,1.1923114468317275,1.1582830502754227,0.034028396556304775
2026-05-05,480,1.3122294006679018,1.306799638021314,0.005429762646587769
2026-05-06,475,1.143293519358392,1.1883235826374121,-0.04503006327901992
2026-05-07,473,1.0015442652340076,0.9915802580398657,0.009964007194142017
2026-05-08,480,1.0283920455904982,0.9804815102238057,0.04791053536669253
2026-05-11,479,0.826880027430317,0.832272988296933,-0.005392960866615981
2026-05-12,457,0.9025357797531984,0.9332296434138991,-0.03069386366070076
2026-05-13,452,0.9918232349476612,0.9867121661245137,0.005111068823147512
2026-05-14,455,1.0400643578511202,1.0569629886189003,-0.016898630767780032
2026-05-15,475,0.8387582219824502,0.8268681302965574,0.011890091685892888
2026-05-18,481,0.8466817019214673,0.8035533084280385,0.04312839349342872
2026-05-19,465,1.1175668256515836,1.046798865022903,0.07076796062868056
2026-05-20,467,0.9973273642350414,0.976803988617083,0.020523375617958577
2026-05-21,469,0.9652524228549739,0.9442529955787555,0.020999427276218476
2026-05-22,486,1.054545764110036,1.0318617164098811,0.022684047700154888
2026-05-26,473,1.2269317484032018,1.22411034139507,0.0028214070081316023
2026-05-27,456,1.503293202303246,1.514810825404797,-0.011517623101551133
2026-05-28,456,1.192748548271286,1.2041719290647284,-0.011423380793442383
2026-05-29,468,1.0535014938152867,1.0353934091675603,0.01810808464772636
2026-06-01,482,1.0543356264249206,1.0385918296004566,0.015743796824464144
2026-06-02,466,1.1155600064110536,1.0841617210793326,0.031398285331720795
2026-06-03,465,0.909060677518424,0.9079626104145435,0.001098067103880477
2026-06-04,466,0.9839564970920621,0.9956623556309319,-0.011705858538869754
2026-06-05,478,0.8423805522819333,0.834333690568981,0.008046861712952404
2026-06-08,481,0.9186249943768915,0.9037088720507203,0.014916122326171274
2026-06-09,475,0.8275305855775605,0.8130283906677992,0.01450219490976125
2026-06-10,453,1.3820854028093783,1.3533234345608762,0.028761968248502336
2026-06-11,449,0.8975241065052771,0.8830731251386494,0.014450981366627579
2026-06-12,458,1.0564603644109951,1.0698503026314328,-0.013389938220437755
2026-06-15,483,0.9229276101131133,0.9368097300121719,-0.01388211989905875
2026-06-16,485,1.1225652962553254,1.099972895889737,0.022592400365588242
2026-06-17,485,0.8018796693260197,0.8003474700629034,0.0015321992631163977
2026-06-18,486,0.9598303888307603,0.9636733484806974,-0.0038429596499370625
2026-06-22,487,1.1375866898585485,1.115152388099406,0.0224343017591423
2026-06-23,485,1.1921647226859884,1.1590666291974896,0.03309809348849907
2026-06-24,485,0.9976253373010942,0.9811831960501944,0.016442141250899697
2026-06-25,467,0.983327551447989,0.9722020992504108,0.01112545219757827
2026-06-26,464,1.0123895076474383,0.9913296673087094,0.021059840338728843
2026-06-29,460,1.1895604006008542,1.188257635829703,0.001302764771151008
2026-06-30,475,1.2176415465293078,1.213404656115162,0.0042368904141460145
2026-07-01,480,1.0186298019587843,1.0140144125953823,0.004615389363402103
2026-07-02,485,0.9181051151017565,0.8825521632333463,0.035552951868410204
2026-07-06,488,0.8058518602949205,0.7731284679729463,0.0327233923219742
2026-07-07,483,0.7774212834013495,0.7578071447754492,0.01961413862590023
2026-07-08,484,0.7261079017876506,0.7008897111763281,0.02521819061132239
2026-07-09,488,0.7386687988580312,0.729641672641739,0.009027126216292118
2026-07-10,491,0.8259600165001734,0.8395199294364764,-0.013559912936302983
2026-07-13,492,0.8973023653254995,0.8957183355604988,0.0015840297650007863
2026-07-14,488,0.9417484406461714,0.9584599747703757,-0.016711534124204345
2026-07-15,488,0.834512648767787,0.8516651934232096,-0.017152544655422583
2026-07-16,486,0.9482465313141145,0.9228928143549547,0.025353716959159785
2026-07-17,488,0.8873276530426053,0.88651462205583,0.0008130309867753304
2026-07-20,491,1.0614670404356668,1.061186943498387,0.00028009693727968813
2026-07-21,488,0.9914732764821242,0.9855194441010113,0.005953832381112813
2026-07-22,489,1.1363461804591704,1.0992710278369664,0.03707515262220413
2026-07-23,489,1.8702302834326376,1.7959720252506375,0.07425825818200003
2026-07-24,493,1.61331275872086,1.6186004977631625,-0.00528773904230235
2026-07-27,492,1.021297647961599,1.0128797835318128,0.008417864429785952
2026-07-28,484,1.1766536204897675,1.144872613830508,0.03178100665925962
2026-07-29,477,1.3859560749133735,1.3189401646117738,0.06701591030159953
2026-07-30,477,1.3012926763217458,1.2026846235759239,0.09860805274582181
2026-07-31,485,1.224579640000751,1.1604730236462746,0.0641066163544764
2026-08-03,492,0.986715678304338,0.9511792162771469,0.03553646202719104
2026-08-04,485,0.9008770805820546,0.8654754210226234,0.035401659559431205
2026-08-05,480,0.9493113780834785,0.9299374372702117,0.019373940813266814
2026-08-06,478,0.8522951250306485,0.8217469397841825,0.03054818524646598
2026-08-07,480,0.8273607690363554,0.8024738737775929,0.024886895258762552
2026-08-10,480,0.8321756598249848,0.7766843154891687,0.055491344335816074
2026-08-11,458,0.8097834748751573,0.7681148835726286,0.041668591302528694
2026-08-12,455,0.7320382917997108,0.7178615550562971,0.014176736743413645
2026-08-13,455,0.7814953656768616,0.7906495746906167,-0.00915420901375502
2026-08-14,469,1.1056845284736454,1.0781130909866876,0.02757143748695771
2026-08-17,473,1.2350020690233938,1.1952422139942354,0.039759855029158346
2026-08-18,471,1.1585185799306246,1.1292519564141081,0.029266623516516467
2026-08-19,475,0.7839810601419146,0.7853222466254528,-0.0013411864835382672
