origin_trading_day,rows,baseline_loss,candidate_loss,loss_delta_baseline_minus_candidate
2020-05-05,445,1.8641592727805376,1.92571414637115,-0.06155487359061224
2020-05-06,442,1.897166115199098,1.9432933672836488,-0.04612725208455101
2020-05-07,438,1.8380617618455408,1.9002213204893512,-0.062159558643810245
2020-05-08,437,2.059658312933624,1.7481342493199283,0.31152406361369595
2020-05-11,438,1.750760209528732,1.7603985178892818,-0.009638308360549824
2020-05-12,431,1.8352368310010123,2.4326825151338425,-0.5974456841328298
2020-05-13,431,2.6298900259754325,3.8937974446084462,-1.2639074186330133
2020-05-14,440,2.2976173710902517,2.4849245639725135,-0.187307192882262
2020-05-15,443,2.269787328184175,2.2736189974219996,-0.0038316692378245155
2020-05-18,440,2.012436249574672,2.239377592105838,-0.2269413425311659
2020-05-19,446,2.626965217619407,2.6007619282406784,0.026203289378729032
2020-05-20,438,2.105513377435927,3.0152367936194744,-0.9097234161835471
2020-05-21,430,2.0875927220677313,2.2333455831035542,-0.1457528610358227
2020-05-22,433,2.1734795337558683,2.3776209386391702,-0.20414140488330196
2020-05-26,434,1.9379498965938782,2.0121690060923156,-0.07421910949843766
2020-05-27,434,1.9584828800665726,2.697135862266903,-0.7386529822003305
2020-05-28,435,2.192576055031129,2.975432542452806,-0.7828564874216765
2020-05-29,449,3.0438681108892425,3.9941780471738904,-0.9503099362846481
2020-06-01,452,3.290235046908518,4.178790625231322,-0.8885555783228045
2020-06-02,448,2.3927927253007906,2.845946474991727,-0.45315374969093647
2020-06-03,451,1.727920039925502,1.9917921328615644,-0.2638720929360627
2020-06-04,449,2.0987471778762106,1.5385151918514168,0.5602319860247937
2020-06-05,428,2.2825312227568917,1.5999854405565586,0.6825457822003332
2020-06-08,423,2.404289152779356,1.523663038929036,0.8806261138503204
2020-06-09,429,1.8252399062443183,1.2323481338874773,0.592891772356841
2020-06-10,430,1.7144665454968142,1.693478250239552,0.02098829525726195
2020-06-11,444,1.8276867141061128,1.5845858775849402,0.2431008365211728
2020-06-12,461,1.638409627630528,1.6327320417829465,0.005677585847581398
2020-06-15,467,1.5094562423386046,1.677906907086475,-0.16845066474787035
2020-06-16,469,1.4960510452232227,1.4867678168175977,0.009283228405625014
2020-06-17,468,1.6257737666901937,2.4928937991511164,-0.8671200324609226
2020-06-18,467,1.5287424106718694,1.2761633285310539,0.2525790821408156
2020-06-19,470,1.6432442732104817,1.4014506987483728,0.24179357446210897
2020-06-22,452,1.3996828016358684,1.312170794262658,0.08751200737321073
2020-06-23,444,1.2284147377884522,1.1935434864617591,0.034871251326693345
2020-06-24,441,1.2952634642800978,1.500500718680592,-0.2052372544004944
2020-06-25,438,1.2785766015300153,1.3627863197298835,-0.08420971819986815
2020-06-26,438,1.7367743746111393,2.1397739479837963,-0.40299957337265707
2020-06-29,455,1.377026572717761,1.4337271198408204,-0.056700547123059504
2020-06-30,463,1.3456478337815843,1.2768352512857173,0.06881258249586661
2020-07-01,458,1.4240361708666065,1.3940827907919917,0.029953380074614736
2020-07-02,462,1.2804843149911906,1.26093951385749,0.019544801133700888
2020-07-06,465,1.213800475437877,1.2447613978111154,-0.030960922373238428
2020-07-07,462,1.1627959331230577,1.2500155536287387,-0.08721962050568087
2020-07-08,461,1.4353078609220118,1.3125420814359217,0.12276577948609044
2020-07-09,466,1.7982547340570207,1.5489256725099712,0.24932906154704954
2020-07-10,464,1.5300616941246792,1.5891285634393475,-0.05906686931466806
2020-07-13,464,1.4544318513867862,1.5545597941040492,-0.10012794271726304
2020-07-14,467,1.231851836439098,1.4980241140819472,-0.2661722776428495
2020-07-15,467,1.205948931504699,1.5148510682281604,-0.30890213672346106
2020-07-16,467,1.1845892574606591,1.4279724787479358,-0.2433832212872767
2020-07-17,469,1.1293135253309345,1.1680336718756177,-0.03872014654468328
2020-07-20,468,1.1846104145016705,1.4104380072008815,-0.22582759269921093
2020-07-21,467,1.114111855640734,1.035058451101365,0.07905340453936877
2020-07-22,469,1.1321469786821345,1.144615770401734,-0.012468791719599321
2020-07-23,464,1.1930625473912113,1.170104145786547,0.022958401604664218
2020-07-24,453,1.2690257486211791,1.2944850310245126,-0.02545928240333332
2020-07-27,452,1.2254710118230416,1.2304335587804676,-0.004962546957425736
2020-07-28,454,1.333460621878257,1.3608931583674784,-0.02743253648922176
2020-07-29,454,1.2316210747490874,1.2382245244888235,-0.006603449739735741
2020-07-30,455,1.2743168096183273,1.3023272101402725,-0.028010400521945204
2020-07-31,459,1.3513206937641822,1.4130152471106994,-0.06169455334651691
2020-08-03,458,1.5998845268150612,1.727510570739384,-0.12762604392432275
2020-08-04,456,1.58347329094313,1.6264414458511065,-0.04296815490797665
2020-08-05,453,1.3425730153815119,1.3557609704329558,-0.01318795505144382
2020-08-06,436,1.1831161106771024,1.0753900663439644,0.10772604433313812
2020-08-07,437,1.058020169498083,0.963739303221155,0.0942808662769281
2020-08-10,436,1.0178896611823969,0.9484842265190395,0.06940543466335726
2020-08-11,430,1.117428325475173,1.2025530298164235,-0.08512470434125075
2020-08-12,426,1.0214524775922913,1.018606215528998,0.0028462620632932027
2020-08-13,445,1.0453031375635518,1.0426155164036288,0.0026876211599231536
2020-08-14,448,1.115809156283577,1.0639808206651324,0.05182833561844456
2020-08-17,446,0.9605944698510867,0.9807658571649247,-0.020171387313837972
2020-08-18,453,0.9310393867492026,0.9338889590476291,-0.002849572298426536
2020-08-19,458,1.0249916302274726,1.077185610824351,-0.05219398059687827
2020-08-20,455,1.0424291884504797,1.095586378703767,-0.05315719025328709
2020-08-21,449,1.2290539697654896,1.480287519182208,-0.25123354941671844
2020-08-24,438,1.011541545759026,1.0185826504894766,-0.007041104730450524
2020-08-25,432,1.056899618551689,1.1188385294577374,-0.061938910906048195
2020-08-26,428,1.1683087767226463,1.2846958494498242,-0.11638707272717777
2020-08-27,423,0.8914996754331818,0.8629880861146836,0.028511589318498218
2020-08-28,434,1.028050421096543,0.9621405784717031,0.06590984262484001
2020-08-31,444,1.3810305857613394,1.304716556621807,0.07631402913953238
2020-09-01,444,1.2064069675733413,1.1211836677442588,0.08522329982908236
2020-09-02,444,1.7594085918992453,1.3481557632458128,0.41125282865343277
2020-09-03,455,1.1714906852400886,1.0370432218286822,0.1344474634114063
2020-09-04,428,1.0418571882368615,1.0929942241300465,-0.051137035893185044
2020-09-08,428,1.1851948804447172,1.458751459328121,-0.27355657888340373
2020-09-09,432,1.0639174175975805,1.1616359369143503,-0.09771851931676973
2020-09-10,436,1.1033490718863153,1.3698983582374995,-0.26654928635118436
2020-09-11,436,0.9676304410867312,1.224022829890953,-0.2563923888042216
2020-09-14,461,1.2294999894531247,1.097906166194777,0.13159382325834748
2020-09-15,467,1.163703046973025,1.0827868307858186,0.08091621618720621
2020-09-16,469,1.7519053638283877,1.5574989684755387,0.1944063953528489
2020-09-17,468,1.612044312918403,1.432069377118113,0.17997493580029006
2020-09-18,468,1.21929596653759,1.1242852688049283,0.0950106977326616
2020-09-21,470,0.9511902832325911,1.0253940653077633,-0.07420378207517213
2020-09-22,451,0.8502568691301375,0.9153105498663882,-0.06505368073625065
2020-09-23,444,1.1825039095434564,1.3914694502074518,-0.20896554066399553
2020-09-24,441,1.3426776517431973,1.3113054466547052,0.031372205088492276
2020-09-25,442,1.0579329969820643,1.0420148888958223,0.0159181080862422
2020-09-28,437,1.0410130846263215,1.5741559297221726,-0.5331428450958512
2020-09-29,455,1.0444228535329603,1.2376048688814365,-0.19318201534847607
2020-09-30,463,1.2080119443866346,1.4233396723509095,-0.215327727964275
2020-10-01,455,1.5336713075533979,1.7212409645548643,-0.1875696570014664
2020-10-02,456,1.416253481157834,1.6680784120020098,-0.25182493084417573
2020-10-05,461,1.151113660353522,1.6017420430311127,-0.45062838267759076
2020-10-06,463,1.2267780689278702,1.3852233783522152,-0.15844530942434507
2020-10-07,460,0.9433515328699207,1.2857448687307964,-0.34239333586087567
2020-10-08,469,0.9370740476871848,1.0824914713302871,-0.1454174236431024
2020-10-09,469,0.9102916819482954,1.0568194818701568,-0.14652779992186152
2020-10-12,469,1.0791408023159028,0.9706350202394562,0.10850578207644664
2020-10-13,467,0.9281111588233808,0.9979369226199578,-0.06982576379657705
2020-10-14,469,0.9514025262035046,0.9398389686653636,0.011563557538141018
2020-10-15,470,1.0442689544721477,1.0647730145397334,-0.020504060067585587
2020-10-16,471,1.0117000615444325,1.0453522780277897,-0.03365221648335725
2020-10-19,470,0.976707776326813,1.0823956844488536,-0.10568790812204044
2020-10-20,469,1.1483232367983873,1.095764687889674,0.05255854890871307
2020-10-21,471,1.6922959330634806,2.1467315662524413,-0.454435633188961
2020-10-22,466,1.644005686734642,1.9122571083149866,-0.26825142158034465
2020-10-23,456,1.8410334398807586,1.9945940378965243,-0.1535605980157657
2020-10-26,456,1.1778159874476806,1.102131547993743,0.0756844394539374
2020-10-27,457,1.2996930243488294,1.3187782539321666,-0.01908522958333715
2020-10-28,456,1.9831772741143334,2.5740578986688147,-0.5908806245544815
2020-10-29,454,2.2152309088424107,2.5780847857030817,-0.3628538768606713
2020-10-30,458,2.433188530425527,3.076527694667784,-0.6433391642422572
2020-11-02,450,3.325311249506948,3.7626124794227587,-0.4373012299158107
2020-11-03,445,2.7184745285368193,3.159376642487557,-0.4409021139507377
2020-11-04,446,2.5655757191527506,2.9045628392332508,-0.33898712008050075
2020-11-05,439,1.604303668434465,1.9277851340505465,-0.32348146561608154
2020-11-06,434,2.362637194735067,2.56528826832777,-0.20265107359270262
2020-11-09,441,1.3523624707909003,1.7692123383731693,-0.4168498675822689
2020-11-10,439,1.1633525694971176,1.412933383564454,-0.24958081406733637
2020-11-11,432,1.0912436114545088,1.2614573380938707,-0.17021372663936193
2020-11-12,440,1.3946742409636326,1.928877977983348,-0.5342037370197155
2020-11-13,449,1.1071309452186318,1.398088027591779,-0.2909570823731476
2020-11-16,446,1.189103609063834,1.238821665921493,-0.04971805685765898
2020-11-17,450,1.3395015568337931,1.3410028709961583,-0.001501314162365336
2020-11-18,453,1.2961026550093255,1.3039539412089494,-0.007851286199623869
2020-11-19,450,1.1679359150117743,1.3125172774598308,-0.14458136244805642
2020-11-20,438,1.104742439416095,1.0796427373200308,0.02509970209606408
2020-11-23,432,1.043786647818035,0.9671096000067929,0.07667704781124225
2020-11-24,432,1.0258214234693483,0.9567794028226086,0.06904202064673969
2020-11-25,419,1.0310912063685893,0.9699093007253885,0.06118190564320097
2020-11-27,428,1.156554531767957,1.0819909997257635,0.07456353204219349
2020-11-30,443,1.2131735872008758,1.169282421110153,0.043891166090722966
2020-12-01,449,1.1410502616865548,1.077094906966451,0.06395535472010384
2020-12-02,447,1.0155977400115959,0.9894842335546274,0.026113506456968538
2020-12-03,455,0.9926828721607558,0.992257826808104,0.0004250453526516336
2020-12-04,454,0.9677635354260972,0.8814147166396356,0.08634881878646161
2020-12-07,432,0.9599078882923769,0.9239464723795398,0.035961415912837254
2020-12-08,430,0.9048393713608028,0.8919111493625549,0.012928221998247948
2020-12-09,435,0.9661058477776202,1.018493761615746,-0.052387913838125695
2020-12-10,438,1.0259977006792842,1.0631017375097385,-0.037104036830454046
2020-12-11,436,1.0963842957579382,1.0641673947097525,0.03221690104818576
2020-12-14,456,0.999231123611051,1.081450061599089,-0.08221893798803794
2020-12-15,458,1.0905587952725873,1.0595259144360731,0.03103288083651415
2020-12-16,459,0.9561255589359609,0.9769853494679256,-0.020859790531964784
2020-12-17,458,0.8941757411500562,0.8835115656451218,0.010664175504934368
2020-12-18,465,0.859084326650414,1.1457104644344727,-0.2866261377840587
2020-12-21,467,0.808535760146029,0.8217383284914263,-0.013202568345397117
2020-12-22,454,0.862770025237696,0.8462233407400499,0.01654668449764611
2020-12-23,444,0.8816814896735018,0.9303348900933812,-0.04865340041987945
2020-12-24,446,0.8827263631249206,0.8361955608042511,0.046530802320669536
2020-12-28,444,0.9292177538517685,0.9352919539823423,-0.006074200130573762
2020-12-29,443,1.425890542686537,1.5611108418655584,-0.13522029917902148
2020-12-30,449,1.557268096790163,1.7638108853458183,-0.20654278855565503
2020-12-31,456,1.4937715580776016,1.6726007988032308,-0.17882924072562897
2021-01-04,461,1.697018740236015,2.0845054465952537,-0.38748670635923843
2021-01-05,463,1.696499319737982,1.8910951510264915,-0.19459583128850919
2021-01-06,462,1.1047043762704607,1.2697783254446018,-0.1650739491741412
2021-01-07,469,1.1298469562643025,1.268057113519506,-0.1382101572552034
2021-01-08,471,1.1177756682396358,1.106152486661838,0.011623181577797839
2021-01-11,466,1.1058127577448809,1.2640382512984714,-0.15822549355359056
2021-01-12,466,1.1034408395491941,1.2552439065148526,-0.1518030669656583
2021-01-13,461,1.0580024033005069,1.0640637285846648,-0.006061325284157907
2021-01-14,465,1.0795050960708137,1.0819147283466901,-0.0024096322758765847
2021-01-15,467,1.0871030850073433,1.1116799628580591,-0.02457687785071579
2021-01-19,471,1.2358925254752036,1.2125113445933622,0.023381180881841473
2021-01-20,471,1.812986824174688,1.7179113748926182,0.09507544928206978
2021-01-21,472,1.214170091405715,1.20728959887583,0.006880492529884981
2021-01-22,460,1.4655814603407036,1.4319675989111307,0.033613861429572775
2021-01-25,459,1.1623788598659173,1.143492203920333,0.01888665594558429
2021-01-26,458,1.0463746391181452,1.0775275793072996,-0.031152940189154404
2021-01-27,458,1.4080692978831315,1.7754087067600486,-0.367339408876917
2021-01-28,454,1.2431143192982486,1.2076518475158353,0.0354624717824132
2021-01-29,463,1.7686067824893628,2.3719002660265485,-0.6032934835371859
2021-02-01,459,1.7519486079301443,1.5981994921831701,0.1537491157469744
2021-02-02,455,1.372265282455898,1.2533185490232372,0.11894673343266082
2021-02-03,452,1.309523944832197,1.4279378689061375,-0.11841392407394087
2021-02-04,442,1.1943345149054798,1.1992611944300722,-0.004926679524592522
2021-02-05,438,1.1818886112417843,1.3435126722455841,-0.16162406100379964
2021-02-08,435,1.0842315005371672,1.2895097672830553,-0.2052782667458882
2021-02-09,435,1.0959277429162844,1.1278505247875679,-0.03192278187128358
2021-02-10,430,0.9801427119099668,0.9870015779151751,-0.006858866005208275
2021-02-11,439,1.056577849065462,1.0830323682999763,-0.02645451923451455
2021-02-12,444,1.2747739335835022,1.304048716687586,-0.02927478310408372
2021-02-16,447,1.2011600980945978,1.2477123427546966,-0.04655224466009875
2021-02-17,450,1.4154096978428214,1.5656538774601196,-0.15024417961729816
2021-02-18,442,1.4215285187513094,1.431572309408899,-0.01004379065758965
2021-02-19,436,1.23772641712951,1.1991266373174823,0.03859977981202762
2021-02-22,436,0.9554831659494242,1.0028122981551744,-0.047329132205750225
2021-02-23,438,0.9239128679747499,0.9405174969310823,-0.0166046289563324
2021-02-24,435,1.1261177038542802,1.1221011679508914,0.004016535903388931
2021-02-25,439,1.1207932534130698,1.0937472366884329,0.02704601672463688
2021-02-26,447,1.3387905769118846,1.5805119136714303,-0.24172133675954569
2021-03-01,448,1.6054863429489967,1.6694612486486675,-0.06397490569967064
2021-03-02,433,1.1023495570219684,1.124259078999882,-0.02190952197791378
2021-03-03,438,1.2150230437582263,1.517921496071213,-0.3028984523129867
2021-03-04,437,1.5281653513477822,1.8776262773804546,-0.3494609260326724
2021-03-05,422,1.2174265021018917,1.4902519090386188,-0.27282540693672713
2021-03-08,416,1.4923938630447233,1.6878956819025832,-0.19550181885785983
2021-03-09,424,1.091270138555928,1.1594535453040784,-0.06818340674815038
2021-03-10,423,1.0380229958150984,1.0787128410020577,-0.040689845186959346
2021-03-11,432,1.017216286889837,1.0721077216569341,-0.05489143476709725
2021-03-12,453,0.9716087414952135,0.9391522313671723,0.03245651012804114
2021-03-15,460,1.0008849053300621,0.9131546053613131,0.08773029996874901
2021-03-16,469,1.063770282512035,1.0077774642714767,0.055992818240558295
2021-03-17,468,1.2154984453963047,1.1763254842544726,0.03917296114183201
2021-03-18,468,0.8872752454430093,0.8931031114279475,-0.005827865984938342
2021-03-19,471,1.1209134754476975,1.1580293160304025,-0.037115840582705256
2021-03-22,472,1.1041601909528207,1.0942171404900032,0.009943050462817618
2021-03-23,454,1.1356748451360201,1.236801760821101,-0.10112691568508093
2021-03-24,446,1.0504242208159904,1.1730108032007385,-0.12258658238474794
2021-03-25,447,1.0724360898067684,1.017770057044763,0.05466603276200539
2021-03-26,443,0.9189971724125607,1.0289607824659126,-0.10996361005335192
2021-03-29,439,1.0609046414856529,1.1515969301564144,-0.09069228867076157
2021-03-30,457,0.9448331929145959,0.9500036738020216,-0.005170480887425694
2021-03-31,457,0.9427015949720138,1.208049013602296,-0.2653474186302822
2021-04-01,457,0.8747926496777827,0.8718594810070089,0.00293316867077376
2021-04-05,462,0.7990970161040872,0.8581634085771706,-0.05906639247308343
2021-04-06,466,0.806644587125709,0.8040433602073542,0.002601226918354789
2021-04-07,462,0.7907406886622028,0.8168729328382348,-0.02613224417603207
2021-04-08,469,0.8706059468910549,0.932100445866933,-0.06149449897587818
2021-04-09,472,0.8699106296568443,0.925109346476007,-0.0551987168191626
2021-04-12,473,0.8238816031409917,0.8730091578500158,-0.049127554709024024
2021-04-13,467,0.8993098062345501,0.9168485462725428,-0.017538740037992512
2021-04-14,471,0.9219732397549325,0.9952810602055256,-0.07330782045059309
2021-04-15,471,0.870247786844928,0.8668665238223036,0.0033812630226245062
2021-04-16,468,0.8173088696073072,0.828325889889806,-0.011017020282498846
2021-04-19,468,0.8269320811564853,0.8752535298947637,-0.048321448738278476
2021-04-20,473,1.0730210181228619,1.1216816370690559,-0.04866061894619393
2021-04-21,473,0.9757472374374608,1.001588029505672,-0.02584079206821118
2021-04-22,469,1.0561451064775749,1.0904787698039244,-0.0343336633263495
2021-04-23,461,0.9011360089047978,0.9113532724744998,-0.010217263569702054
2021-04-26,460,1.019275500588745,1.047983989242334,-0.028708488653588878
2021-04-27,461,1.1279576834999427,1.142870889059127,-0.014913205559184248
2021-04-28,461,1.1460016798094341,1.2549733793537279,-0.10897169954429384
2021-04-29,459,1.1459437265320924,1.2418315403870221,-0.09588781385492967
2021-04-30,460,1.2599824930921055,1.3588865233293663,-0.09890403023726099
2021-05-03,456,1.1695783843310756,1.2592533580350769,-0.0896749737040012
2021-05-04,453,0.9344777061878468,1.0186956007624428,-0.08421789457459608
2021-05-05,449,1.0992916609135055,0.9932159960246713,0.10607566488883427
2021-05-06,440,0.9272274645880888,0.8758366431846001,0.05139082140348872
2021-05-07,440,0.827180524565666,0.7766492484886727,0.050531276076993384
2021-05-10,444,0.8360761987045072,0.8174983977679878,0.01857780093651947
2021-05-11,439,0.797541456386461,0.8238566690716478,-0.026315212685186863
2021-05-12,437,0.8296441061465581,1.3023683247567774,-0.47272421861021924
2021-05-13,446,0.9075780234592089,0.8889977324946239,0.01858029096458502
2021-05-14,450,0.8136990477394972,0.8144498136577236,-0.0007507659182265611
2021-05-17,445,0.8896934632420371,0.9618026507395108,-0.07210918749747365
2021-05-18,448,0.8853873082022431,0.9017574954419736,-0.016370187239730518
2021-05-19,452,0.8576270015764812,0.9430033905184346,-0.08537638894195347
2021-05-20,442,0.8258009287203395,0.9092774363824551,-0.08347650766211548
2021-05-21,430,0.80497342559526,0.8500506149553552,-0.04507718936009517
2021-05-24,430,0.841980540296274,0.9090539443420287,-0.06707340404575465
2021-05-25,429,0.9016875612667365,0.9814360144415201,-0.07974845317478353
2021-05-26,417,0.8681455573353771,0.9026614318970018,-0.034515874561624554
2021-05-27,436,0.8416382291029896,0.8897263170427278,-0.0480880879397381
2021-05-28,448,0.906070428814761,0.9289888650599226,-0.022918436245161572
2021-06-01,449,0.8495805508824678,0.9084534939492331,-0.058872943066765486
2021-06-02,448,0.8296147781916652,0.8319806711944467,-0.0023658930027816334
2021-06-03,453,0.9384613456429493,1.0078562589359004,-0.06939491329295112
2021-06-04,451,0.8375894875803357,0.8450631260172783,-0.007473638436942612
2021-06-07,433,0.8435755172494055,0.867057459213554,-0.023481941964148458
2021-06-08,430,0.8017927036224813,0.8010117644320668,0.0007809391904146031
2021-06-09,434,0.7614498139424197,0.7616695440971125,-0.0002197301546928703
2021-06-10,441,0.9583095231046637,0.9055421608477908,0.05276736225687286
2021-06-11,441,1.340149041167632,1.2094690562043444,0.13067998496328773
2021-06-14,462,0.8550406019422527,0.82236897097006,0.03267163097219277
2021-06-15,470,0.9221735945072118,0.8952054783925796,0.026968116114632287
2021-06-16,471,0.8461565385236276,0.846527427794855,-0.0003708892712274215
2021-06-17,467,0.754823237580442,0.9751882680897815,-0.22036503050933953
2021-06-18,466,1.0866782916759448,1.1832576192244648,-0.09657932754852025
2021-06-21,468,0.7993244394572813,0.9329478299531457,-0.13362339049586433
2021-06-22,450,0.7951752362985476,0.8446768713835063,-0.04950163508495878
2021-06-23,443,0.7470185132716197,0.7324632199713718,0.01455529330024807
2021-06-24,442,0.6653770363267156,0.6979462931680049,-0.03256925684128938
2021-06-25,440,0.655238521584457,0.7002654376713447,-0.04502691608688785
2021-06-28,437,0.6632312211776481,0.8288740469054648,-0.16564282572781674
2021-06-29,454,0.7411212020902888,0.7464960138956264,-0.0053748118053376795
2021-06-30,456,0.850672750959971,0.8533009203685112,-0.0026281694085402503
2021-07-01,460,0.7100975403850773,0.7228191689405975,-0.012721628555520123
2021-07-02,466,0.6641354038860532,0.6753991031136124,-0.011263699227559187
2021-07-06,470,0.6160605030001004,0.6522061976885383,-0.03614569468843781
2021-07-07,464,0.6378105946908871,0.6355170378079967,0.002293556882890342
2021-07-08,468,0.7135361700459643,0.7077747883287129,0.005761381717251255
2021-07-09,471,0.9521563437347318,0.8288620136655884,0.12329433006914335
2021-07-12,470,1.3598062579553567,1.3714663900438884,-0.01166013208853153
2021-07-13,465,0.8559780808605817,0.8246545723096284,0.03132350855095339
2021-07-14,471,0.6828356851327742,0.7027787180537095,-0.019943032920935293
2021-07-15,470,0.766312358937429,0.8115398648597674,-0.045227505922338394
2021-07-16,469,0.850734715189753,1.1576984322117982,-0.3069637170220451
2021-07-19,467,1.2690741084162713,1.6293072550967203,-0.36023314668044887
2021-07-20,471,0.7912438445756076,1.0161726129113733,-0.22492876833576564
2021-07-21,471,0.7431484023202561,0.8061313592290961,-0.06298295690883997
2021-07-22,465,0.8699507215651114,0.9560812827398206,-0.08613056117470917
2021-07-23,454,0.7896150276343608,0.8336238487740399,-0.04400882113967924
2021-07-26,456,0.8361484359468617,0.9105274242579815,-0.07437898831111973
2021-07-27,457,1.002015602373291,1.0704546371285202,-0.06843903475522926
2021-07-28,457,1.0307168335588701,1.0732364651088122,-0.04251963154994201
2021-07-29,461,0.92468694855175,0.967822250651414,-0.04313530209966389
2021-07-30,468,0.8617246920361543,0.9164185581494864,-0.05469386611333201
2021-08-02,459,0.8752696391827295,1.080667662754781,-0.20539802357205153
2021-08-03,458,0.8850583567818988,0.919020207432725,-0.033961850650826186
2021-08-04,454,1.1343818766617408,1.2350335283083396,-0.10065165164659862
2021-08-05,438,0.8784204922857058,0.8801364867702512,-0.0017159944845452776
2021-08-06,435,0.7205421629650129,0.7266155155124608,-0.006073352547447736
2021-08-09,443,0.7194017419074945,0.7291668338692138,-0.00976509196171918
2021-08-10,434,0.7766316200291884,0.7935126261249001,-0.01688100609571175
2021-08-11,433,0.9394468409555596,0.9430563957572793,-0.0036095548017195905
2021-08-12,444,1.11583493644344,1.1491421962640171,-0.03330725982057739
2021-08-13,448,0.8920432364184426,0.8958908020558856,-0.0038475656374429056
2021-08-16,446,0.64241020521583,0.6090844428224121,0.03332576239341788
2021-08-17,454,0.6996045713456562,0.7006705850675815,-0.001066013721925264
2021-08-18,456,0.785413007309341,0.7613967491507083,0.024016258158632744
2021-08-19,462,0.8423594929450255,0.9146910832096055,-0.07233159026457987
2021-08-20,462,1.0128776894594367,0.9290384531946916,0.08383923626474508
2021-08-23,456,0.6932369967897184,0.7709568547605798,-0.07771985797086145
2021-08-24,435,0.58716617397271,0.6052151277321323,-0.01804895375942238
2021-08-25,436,0.6690756593109681,0.668463298125705,0.0006123611852631482
2021-08-26,425,0.7153479634613037,0.692699487681622,0.02264847577968168
2021-08-27,425,0.7128994578075435,0.7239029212312019,-0.011003463423658415
2021-08-30,429,0.7004393672576662,0.6865323427084349,0.01390702454923124
2021-08-31,447,0.7240336987193134,0.7036313837463661,0.020402314972947342
2021-09-01,434,0.7196028753105524,0.6962417276040325,0.023361147706519907
2021-09-02,447,0.9930945018827356,0.9908659625471345,0.002228539335601043
2021-09-03,449,0.9122673878382617,0.9492174768949037,-0.036950089056641995
2021-09-07,429,0.8699216278104126,0.8406867486500972,0.029234879160315357
2021-09-08,426,0.8555120843794568,0.801664023728707,0.053848060650749666
2021-09-09,438,0.7504876325826607,0.7394366295038991,0.011051003078761706
2021-09-10,439,0.7865596565428976,0.8948723841843861,-0.10831272764148828
2021-09-13,440,1.0198544134770433,1.0527442898746169,-0.03288987639757364
2021-09-14,463,0.9247951552324603,1.0278519173300984,-0.10305676209763831
2021-09-15,470,0.9129500351516567,0.8364715719633543,0.07647846318830244
2021-09-16,468,0.7228873409996851,0.7214990958379732,0.0013882451617117165
2021-09-17,467,0.7351295097918579,0.7489914702829037,-0.013861960491045799
2021-09-20,467,1.1871497542686313,1.1346169917438356,0.05253276252479589
2021-09-21,469,1.2590626927077022,1.2777141795111249,-0.018651486803422514
2021-09-22,449,1.0589893430392907,1.077015798339547,-0.01802645530025644
2021-09-23,443,1.314409646224681,1.4007352595835054,-0.08632561335882415
2021-09-24,444,1.1884224949031197,1.2193008539290737,-0.030878359025954028
2021-09-27,440,1.3280094871907746,1.413909804035838,-0.08590031684506344
2021-09-28,437,0.7577842414038501,0.7508247063503607,0.006959535053489499
2021-09-29,457,0.7545157673413924,0.7469433436783905,0.007572423663001688
2021-09-30,458,0.8277689948665857,0.7576584642566189,0.07011053060996686
2021-10-01,458,0.7548921901419721,0.7910973999082298,-0.03620520976625763
2021-10-04,464,0.7620012721138792,0.7666722338904371,-0.004670961776557947
2021-10-05,468,0.7371051445286152,0.7298486909276534,0.007256453600961707
2021-10-06,466,0.7434158708589104,0.7461242834848021,-0.0027084126258918127
2021-10-07,469,0.6974027647454017,0.693137718331354,0.004265046414047786
2021-10-08,470,0.7413362611604152,0.7662425180775428,-0.024906256917127653
2021-10-11,470,0.9296924373790175,0.9306903240529782,-0.0009978866739607222
2021-10-12,469,1.0455860446585519,1.0533569959829094,-0.007770951324357688
2021-10-13,471,1.099077979430827,1.0864425307708712,0.012635448659955683
2021-10-14,474,0.815779468281722,0.8543754738034091,-0.03859600552168717
2021-10-15,474,0.8463879102223104,0.8738226026524796,-0.02743469243016924
2021-10-18,473,0.8528546972605064,0.8827209232970636,-0.029866226036557152
2021-10-19,473,0.7800425292624061,0.8033446404760924,-0.0233021112136862
2021-10-20,473,0.9343473782356695,0.902932690602984,0.03141468763268533
2021-10-21,470,0.892298715030012,0.8822052942654965,0.010093420764515448
2021-10-22,458,1.0070898221520217,1.0017178796236408,0.00537194252838104
2021-10-25,456,0.9343076085407713,0.9269289658194466,0.007378642721324776
2021-10-26,455,1.039888293095793,1.046927801609043,-0.007039508513250283
2021-10-27,456,1.144010908357992,1.133468281115026,0.010542627242965926
2021-10-28,455,1.1156467034952808,1.1073079980773604,0.008338705417920544
2021-10-29,464,1.3051109840910426,1.3968027020542453,-0.09169171796320258
2021-11-01,465,1.025136252296618,1.0450485945847534,-0.019912342288135175
2021-11-02,458,1.0128982460734168,1.009059655286201,0.00383859078721561
2021-11-03,439,0.8498928107378392,0.8618669290544867,-0.011974118316647422
2021-11-04,448,0.7757496413217068,0.7848638378780584,-0.00911419655635164
2021-11-05,436,0.8118248418391364,0.8050133967663751,0.006811445072761306
2021-11-08,432,0.7523400544791278,0.7545113671900091,-0.0021713127108813532
2021-11-09,435,0.746542381627447,0.789172132595889,-0.04262975096844189
2021-11-10,448,0.7673301979743586,0.8288544907919133,-0.06152429281755472
2021-11-11,433,0.8131378742110938,0.8100122892769182,0.0031255849341757904
2021-11-12,446,0.9563608615270125,0.8780174001991726,0.07834346132783998
2021-11-15,445,0.9110301370015379,0.8166477891549987,0.09438234784653927
2021-11-16,447,0.861164874139561,0.7844950678459107,0.07666980629365028
2021-11-17,446,0.7934523759809511,0.76225719788276,0.031195178098191154
2021-11-18,457,1.1983620175457446,1.1032880389788005,0.09507397856694422
2021-11-19,450,0.9205259560064427,0.9345816234680846,-0.014055667461641816
2021-11-22,437,1.5881842635166308,1.0864105889769573,0.5017736745396735
2021-11-23,436,2.180602404610439,1.2793573147140376,0.9012450898964012
2021-11-24,425,1.3394867656256635,1.224554214502246,0.1149325511234175
2021-11-26,426,0.9540867146200583,0.9489861487216503,0.005100565898408056
2021-11-29,432,0.957971209707187,1.023163468161791,-0.06519225845460401
2021-11-30,448,1.2096396497218262,1.298278975885394,-0.08863932616356786
2021-12-01,450,1.6381019561377157,1.1874463718309047,0.45065558430681096
2021-12-02,452,0.8811347500137228,0.8848325379304139,-0.003697787916691153
2021-12-03,453,1.0666907246704371,1.096764718557492,-0.030073993887054902
2021-12-06,453,0.7956509354412262,0.7992692550131918,-0.0036183195719655626
2021-12-07,436,0.9355456983879692,0.9793953938032754,-0.04384969541530624
2021-12-08,434,0.9701146253599608,0.9858173524752084,-0.0157027271152476
2021-12-09,443,1.050628365282236,1.0597177820364716,-0.009089416754235746
2021-12-10,440,1.0660450913492094,1.0302057958436055,0.03583929550560395
2021-12-13,440,1.0863575357283646,1.0009638962110894,0.08539363951727508
2021-12-14,457,0.7271574621406308,0.7583671718205282,-0.03120970967989736
2021-12-15,458,0.8190643212523582,0.818073536413563,0.0009907848387951757
2021-12-16,464,0.9081282229083696,0.9049910431046431,0.0031371798037265024
2021-12-17,467,0.9934247656897929,1.0210120822205584,-0.02758731653076553
2021-12-20,471,1.3869288033678648,1.527686987118854,-0.14075818375098914
2021-12-21,474,0.8523339529698872,0.754841604480394,0.09749234848949342
2021-12-22,463,0.6205160478606915,0.5241384739399466,0.09637757392074485
2021-12-23,453,0.5958624251339916,0.5886049949918778,0.007257430142113799
2021-12-27,452,0.615288864829108,0.5967495233788527,0.018539341450255317
2021-12-28,449,0.8797255619058285,0.8929293090765266,-0.01320374717069807
2021-12-29,448,1.290763725814747,1.3162528146874697,-0.025489088872722727
2021-12-30,456,1.455552528522296,1.4882235952277303,-0.0326710667054341
2021-12-31,460,1.8838715223516254,1.9462346600965184,-0.062363137744893056
2022-01-03,464,1.494340321229254,1.3410796953240223,0.15326062590523168
2022-01-04,467,1.1194637817629045,1.0089831913385678,0.11048059042433672
2022-01-05,468,0.8521668207364426,1.1102389392754006,-0.25807211853895823
2022-01-06,470,0.9099809155921507,1.0934837808964764,-0.1835028653043256
2022-01-07,474,0.9191331714293695,0.9035073980595812,0.01562577336978805
2022-01-10,471,1.0475270524202305,0.9940793387802617,0.05344771363996898
2022-01-11,469,1.4423058749170057,1.343832180554674,0.09847369436233176
2022-01-12,463,1.8584424841241516,1.6331163683393493,0.22532611578480236
2022-01-13,469,2.155371048598203,1.3399402456317249,0.8154308029664781
2022-01-14,472,1.7970019533942383,1.1754399589095483,0.6215619944846901
2022-01-18,474,1.6190580354614412,1.056073435772346,0.5629845996890951
2022-01-19,474,1.5337891816498506,1.1743506914468234,0.3594384902030273
2022-01-20,480,1.4711203421254289,1.4685339464911031,0.002586395634325784
2022-01-21,470,0.968021994243117,1.132205595650344,-0.1641836014072273
2022-01-24,463,0.8831109871583265,0.9294653150228671,-0.04635432786454066
2022-01-25,463,1.173004418924389,1.1404675211089077,0.032536897815481414
2022-01-26,463,1.5209703507760322,1.504584452482128,0.01638589829390421
2022-01-27,458,1.2537218723280288,1.0368682153816338,0.2168536569463949
2022-01-28,463,0.9868054758217023,0.9713912272719459,0.015414248549756397
2022-01-31,465,1.0618179534931673,1.1635190324748257,-0.10170107898165845
2022-02-01,464,1.0655887012960157,1.0771632903395205,-0.011574589043504979
2022-02-02,459,0.9863569025528011,0.9973520191041334,-0.01099511655133234
2022-02-03,452,1.0916414422893328,1.0775613656728538,0.014080076616478856
2022-02-04,449,0.9401308562121563,0.968508541489208,-0.02837768527705162
2022-02-07,446,0.9427157595956973,0.8121604009809261,0.1305553586147712
2022-02-08,441,0.9440171510251055,0.913966573358719,0.030050577666386556
2022-02-09,445,1.1720356742982976,1.3862572521446548,-0.21422157784635731
2022-02-10,441,1.2025537752045061,1.42578289314055,-0.22322911793604397
2022-02-11,441,0.9960404751289225,1.3113772464234776,-0.31533677129455523
2022-02-14,445,0.9796909807359186,1.4764372245140327,-0.49674624377811394
2022-02-15,451,1.849499804557429,2.183307817814329,-0.33380801325689985
2022-02-16,442,1.576800134260255,1.9051493411798652,-0.3283492069196105
2022-02-17,445,0.9197686913045472,1.0763836836625889,-0.1566149923580416
2022-02-18,439,1.151176944417907,1.1891929604701084,-0.0380160160522013
2022-02-22,436,1.5362489762096971,1.5998343421023493,-0.06358536589265223
2022-02-23,433,1.6500437564368742,1.3899234316955167,0.26012032474135766
2022-02-24,435,1.370634736159475,1.3220419254731532,0.04859281068632193
2022-02-25,441,1.7916818858045882,1.7435237902218823,0.04815809558270572
2022-02-28,451,2.440974038537382,2.5627184885870116,-0.12174445004962953
2022-03-01,453,1.7316265910543596,1.6997824497918759,0.031844141262483604
2022-03-02,440,1.336693336700692,1.1257923112709833,0.21090102542970846
2022-03-03,436,1.3202029517680285,1.5259448236108757,-0.20574187184284715
2022-03-04,442,1.3509314492264757,1.2406113735210105,0.11032007570546523
2022-03-07,423,1.214855534816921,1.3082053081447487,-0.09334977332782764
2022-03-08,420,1.0942635989282774,1.3245153157373106,-0.23025171680903317
2022-03-09,432,0.9263112188123029,0.9463453224290964,-0.020034103616793492
2022-03-10,440,1.137369109169301,1.2544443371433605,-0.11707522797405953
2022-03-11,440,1.8127471030209834,1.7774542349551896,0.0352928680657939
2022-03-14,460,1.8267488640476637,1.8321494002088279,-0.005400536161164011
2022-03-15,468,1.5239178835510787,1.3802249495222483,0.14369293402883035
2022-03-16,471,0.9247531868300187,0.9145943485494955,0.010158838280523153
2022-03-17,470,0.8625200301641542,0.832262766144578,0.030257264019576187
2022-03-18,471,0.9887890268646634,1.0066685334056777,-0.017879506541014233
2022-03-21,474,0.7713604373447676,0.7438183350942077,0.02754210225055986
2022-03-22,474,0.8522733266419674,0.8498351822717773,0.0024381443701900645
2022-03-23,457,0.9791680974267579,0.9501179940969497,0.029050103329808164
2022-03-24,454,0.8570683761906932,0.8885643941767515,-0.03149601798605821
2022-03-25,452,0.9971408298961496,1.0399081387696005,-0.04276730887345101
2022-03-28,449,0.8572278733729953,0.8568545531675732,0.00037332020542216177
2022-03-29,444,1.2625588737153257,1.4755458456069661,-0.21298697189164015
2022-03-30,463,1.3206188443566171,1.5426351726097274,-0.2220163282531101
2022-03-31,463,1.1275515018349378,1.267181296065788,-0.13962979423084995
2022-04-01,460,1.1380548150186056,1.2716630841968444,-0.13360826917823873
2022-04-04,463,1.345503159355407,1.5897246853971125,-0.24422152604170572
2022-04-05,466,1.1201382658850905,1.0551793599208934,0.06495890596419678
2022-04-06,461,0.8211008175669416,0.8176203142027939,0.0034805033641476654
2022-04-07,470,1.0213888885792983,0.970675245985572,0.05071364259372654
2022-04-08,476,1.0244791961534667,0.9499955296536203,0.07448366649984632
2022-04-11,473,0.8823060366385279,1.148835717129394,-0.2665296804908661
2022-04-12,474,1.0328693073663402,1.0278091500364848,0.005060157329855461
2022-04-13,476,1.024830109397629,1.0547261275722613,-0.029896018174632086
2022-04-14,476,1.1909326929261936,1.1150845413785877,0.07584815154760569
2022-04-18,474,1.1580288044563063,1.0952775549270581,0.06275124952924829
2022-04-19,475,2.147427506028249,2.248839592157326,-0.1014120861290769
2022-04-20,476,2.329599273305838,2.2377051291265433,0.09189414417929423
2022-04-21,474,1.4277646775023103,1.242060896924245,0.18570378057806514
2022-04-22,464,1.466193372990079,1.3319987144018572,0.1341946585882215
2022-04-25,465,1.5247284587282646,1.6619848700689532,-0.13725641134068856
2022-04-26,467,1.1557605565880815,1.1334663261096014,0.022294230478479928
2022-04-27,466,1.351596010554807,1.28400265894324,0.06759335161156704
2022-04-28,467,1.5015623457138374,2.0895689013769125,-0.5880065556630751
2022-04-29,471,1.3599479348255767,1.5663906184110026,-0.20644268358542608
2022-05-02,464,2.0494752216100207,2.743640918251144,-0.6941656966411232
2022-05-03,462,2.081957096445928,2.7372975889284765,-0.6553404924825479
2022-05-04,459,3.3960624420110697,2.6293366528449136,0.7667257891661559
2022-05-05,448,2.002520953305992,1.627154916771655,0.3753660365343367
2022-05-06,440,1.07834225455994,0.9530077900113401,0.12533446454859987
2022-05-09,445,0.894176753500056,1.486966887744898,-0.5927901342448422
2022-05-10,440,1.074084209913569,1.1530849904919487,-0.07900078057837973
2022-05-11,437,1.0881577105559284,1.747088243368068,-0.6589305328121396
2022-05-12,441,1.1350422215848281,1.293492854640314,-0.15845063305548565
2022-05-13,454,1.3214816024642755,1.2470544371869556,0.0744271652773199
2022-05-16,451,1.1280023984554173,1.1080789348797864,0.0199234635756309
2022-05-17,451,1.6141636089358,1.4370459442219126,0.17711766471388746
2022-05-18,457,0.9919205542526494,2.7338039769549876,-1.741883422702338
2022-05-19,460,1.2228192616480167,2.131261109137281,-0.9084418474892639
2022-05-20,447,1.8518449656839424,2.080565717354151,-0.22872075167020864
2022-05-23,436,1.153427960967641,1.4344647165269029,-0.2810367555592617
2022-05-24,438,1.2760903567746877,1.5719564263369534,-0.2958660695622656
2022-05-25,424,1.4762072668183508,1.3798134503340072,0.09639381648434363
2022-05-26,431,0.8661655759053767,0.8909578512332459,-0.024792275327869224
2022-05-27,443,0.9396942162220147,0.8395982937158207,0.10009592250619388
2022-05-31,454,0.8547773361994078,0.8415805292639698,0.013196806935438078
2022-06-01,454,0.8112964607562134,0.7880584150261717,0.023238045730041835
2022-06-02,453,1.4177696957526882,1.693048352297768,-0.2752786565450798
2022-06-03,455,1.8148873132246688,2.216425686752408,-0.4015383735277393
2022-06-06,455,3.5002094818469924,3.995858973055334,-0.4956494912083417
2022-06-07,436,4.197394516897952,4.737022168939086,-0.5396276520411348
2022-06-08,436,3.1179587124046373,3.177150871494332,-0.05919215908969454
2022-06-09,446,3.714174148722048,3.841646938297803,-0.1274727895757549
2022-06-10,444,2.5334282244306756,3.116567620283033,-0.5831393958523572
2022-06-13,444,1.1450986616987306,1.4762717059561463,-0.33117304425741556
2022-06-14,467,1.1911291357779237,1.360465158448904,-0.16933602267098044
2022-06-15,467,1.4536206803126137,1.4776918408362358,-0.024071160523622123
2022-06-16,470,2.1880811262096573,3.696612913737556,-1.508531787527899
2022-06-17,472,1.7533563086612902,2.2304828587186845,-0.4771265500573946
2022-06-21,475,0.9306746087464228,1.0665757716495374,-0.13590116290311455
2022-06-22,459,0.8374053769357142,1.1054993949979046,-0.2680940180621905
2022-06-23,449,0.8440494765595714,0.9974252943716976,-0.15337581781212617
2022-06-24,449,1.1590699636158872,1.2681097615786172,-0.10903979796273008
2022-06-27,446,1.0615811204753114,1.1343731433098811,-0.07279202283456974
2022-06-28,443,1.0848834465857489,1.1461868332328293,-0.061303386647080696
2022-06-29,454,0.8491897737727161,0.8214680929884831,0.027721680784232917
2022-06-30,463,0.8886027152690819,0.9181102048918687,-0.029507489622786855
2022-07-01,466,0.8350145858601021,0.871682409642578,-0.03666782378247584
2022-07-05,470,0.7521552260803036,0.8559206717588157,-0.10376544567851209
2022-07-06,472,0.8594696661853778,0.8335165953622908,0.02595307082308693
2022-07-07,473,1.250509112428667,1.5250031322359576,-0.27449401980729055
2022-07-08,478,0.8576527348696275,1.0679055669015804,-0.21025283203195289
2022-07-11,477,0.9179651074889905,0.8715640457443461,0.046401061744644326
2022-07-12,474,1.0499106619095864,0.9420557558236533,0.10785490608593294
2022-07-13,473,1.4883188601888606,1.2981472827057483,0.1901715774831125
2022-07-14,473,1.980604433016077,1.6999163519297262,0.2806880810863507
2022-07-15,473,1.1629967210307135,1.2658797292796242,-0.10288300824891078
2022-07-18,475,1.2539899838257862,1.0872483750064588,0.16674160881932737
2022-07-19,476,0.8992069226742315,0.8902854561859302,0.008921466488301421
2022-07-20,477,0.9686537465729439,0.9258437117650673,0.0428100348078764
2022-07-21,474,1.145129031645442,1.0700268975238079,0.07510213412163408
2022-07-22,461,1.4904968768593005,1.3360666425116252,0.15443023434767542
2022-07-25,460,1.362747966505892,1.5773875626444416,-0.2146395961385496
2022-07-26,463,1.5168012596612381,1.7038014030546,-0.18700014339336185
2022-07-27,462,1.3230330074436762,1.2295718732484533,0.09346113419522296
2022-07-28,465,1.1257315432907151,1.11163601459748,0.014095528693235299
2022-07-29,474,1.054610673610431,1.0546821623030858,-7.148869265489231e-05
2022-08-01,470,1.0153537698918003,0.9893137146329365,0.026040055258863704
2022-08-02,464,0.9107718690624023,0.9272509463408537,-0.016479077278451507
2022-08-03,462,0.9825238901011348,0.9385818515501412,0.0439420385509936
2022-08-04,452,1.1225928641138483,1.086477588599097,0.03611527551475132
2022-08-05,442,1.2198251675903697,1.1100039846780319,0.10982118291233776
2022-08-08,445,1.1039547996813772,0.9711591571365396,0.13279564254483783
2022-08-09,441,1.3124848539186755,1.1411715329498864,0.1713133209687892
2022-08-10,436,0.7899125160654693,1.0890453421917852,-0.29913282612631586
2022-08-11,438,0.7792548068169367,0.7384452618847149,0.040809544932221865
2022-08-12,450,0.9550306838974794,0.8434825091586764,0.11154817473880296
2022-08-15,448,1.4558082714591731,1.6969722947717774,-0.2411640233126044
2022-08-16,455,1.6501615712924185,1.8458949173856123,-0.19573334609319412
2022-08-17,460,1.2787348746547926,1.2299249487210662,0.048809925933726434
2022-08-18,469,0.9432982313790683,1.0137287219599223,-0.07043049058085389
2022-08-19,468,1.4203126463685407,1.0349092531589548,0.38540339320958605
2022-08-22,468,1.0735218797603399,0.8706556461207186,0.2028662336396215
2022-08-23,456,1.1136769189921671,0.9834877088333284,0.13018921015883866
2022-08-24,443,1.4458824501683514,1.5138077393636684,-0.06792528919531703
2022-08-25,434,1.9690475133549692,2.006266379575596,-0.03721886622062653
2022-08-26,434,1.199748065896823,1.136053115469584,0.06369495042723902
2022-08-29,430,1.164257098801497,1.2166788177093708,-0.052421718907873865
2022-08-30,440,0.7923264562167487,0.8284087642887343,-0.03608230807198574
2022-08-31,439,0.9097450369373878,0.8792501660817065,0.030494870855681224
2022-09-01,449,1.010158550691708,0.7895757580741755,0.2205827926175326
2022-09-02,454,1.469218620362086,1.3139246130539968,0.15529400730808918
2022-09-06,456,0.7715163159940084,0.7744697598124513,-0.0029534438184427663
2022-09-07,438,0.9326995811461396,0.8793959410946229,0.05330364005151667
2022-09-08,444,1.1812446324006134,1.326628873002833,-0.1453842406022198
2022-09-09,446,1.777813768708427,1.6644587197647231,0.11335504894370393
2022-09-12,443,1.81124868372616,1.7211819666820054,0.09006671704415453
2022-09-13,446,1.2152433403986214,1.097581644349007,0.11766169604961425
2022-09-14,465,1.5936162875106503,1.414268904384324,0.17934738312632625
2022-09-15,474,1.8445594215711678,1.7059155981219856,0.13864382344918216
2022-09-16,472,1.9937913451018205,2.4170487692740243,-0.4232574241722036
2022-09-19,474,2.869772158233193,3.413804393452079,-0.5440322352188863
2022-09-20,476,2.34986772984529,1.7518545095021825,0.5980132203431081
2022-09-21,479,1.2057071548263498,1.0177385472377938,0.18796860758855607
2022-09-22,458,1.3477526106954838,1.9449235886476794,-0.5971709779521958
2022-09-23,453,1.266977654824,1.5863018861799232,-0.31932423135592336
2022-09-26,451,1.0737864513502864,1.1328346401496279,-0.05904818879934147
2022-09-27,449,1.7927730141740372,1.2313618307795702,0.561411183394467
2022-09-28,448,1.1861948880070055,1.47994293685198,-0.29374804884497463
2022-09-29,458,1.3757124609091926,1.1442353945267922,0.2314770663824004
2022-09-30,463,1.166151017707764,1.1472183637503428,0.018932653957421237
2022-10-03,466,1.0897928182424643,1.2120031257387927,-0.12221030749632823
2022-10-04,468,1.9658268039514255,1.288658552750144,0.6771682512012815
2022-10-05,468,2.013300113259051,1.899639426532942,0.11366068672610931
2022-10-06,476,1.1955365493510874,1.299467945873249,-0.10393139652216161
2022-10-07,477,1.1492288933064632,1.195162455013808,-0.04593356170734487
2022-10-10,476,0.8414874543445172,1.021637140404533,-0.18014968606001577
2022-10-11,475,1.0290217581557974,0.8520172572564716,0.1770045008993259
2022-10-12,477,1.028912856442683,0.9196542890155417,0.10925856742714143
2022-10-13,476,0.954015065906705,0.9456374547129413,0.008377611193763797
2022-10-14,478,1.403953769052332,1.803968108748036,-0.4000143396957039
2022-10-17,479,1.1463163241466552,1.3301308366586548,-0.18381451251199965
2022-10-18,480,1.1664924299522277,1.2230732115788379,-0.056580781626610135
2022-10-19,478,1.4257436862249024,1.3430167476540327,0.0827269385708698
2022-10-20,482,1.8637163054237404,1.6468045618622766,0.21691174356146367
2022-10-21,475,1.9161023363557488,2.522835671195863,-0.6067333348401144
2022-10-24,465,1.4837359697279273,1.570799819563921,-0.08706384983599372
2022-10-25,464,1.2891724266549662,1.3898975780485885,-0.10072515139362237
2022-10-26,466,1.2370373588627779,1.3356072346161711,-0.09856987575339339
2022-10-27,462,1.3859680826286838,1.4783586068258547,-0.09239052419717074
2022-10-28,462,1.4786260713518484,1.4886757034350522,-0.010049632083204025
2022-10-31,469,1.3599894632236729,1.408523932417423,-0.048534469193750346
2022-11-01,468,1.3060138502009995,1.3556817016412162,-0.049667851440216654
2022-11-02,450,1.194462690274808,1.2253170235280975,-0.030854333253289346
2022-11-03,445,2.3657827945797876,2.426377087072002,-0.06059429249221429
2022-11-04,453,2.401980282907691,2.3947162885875826,0.007263994320109003
2022-11-07,441,1.787588362323801,1.7927529538618847,-0.005164591538083648
2022-11-08,437,1.9328867688510556,1.9426615423023514,-0.009774773451295935
2022-11-09,445,1.9760612600931593,2.3059837654056756,-0.3299225053125164
2022-11-10,442,0.9103640852410153,0.9192227376945318,-0.008858652453516361
2022-11-11,438,1.0156944306444327,0.9461224361930157,0.06957199445141678
2022-11-14,447,1.0036153383228923,0.9861508223692783,0.017464515953614087
2022-11-15,447,1.059518037981036,1.0238882829103364,0.035629755070699765
2022-11-16,451,0.9965328258836388,0.9063638894989903,0.09016893638464842
2022-11-17,460,1.0542444214969542,1.0409431808177765,0.013301240679177586
2022-11-18,463,0.8025270646791668,0.7181088516448833,0.08441821303428347
2022-11-21,459,0.8131888544060514,0.7296247956603098,0.08356405874574159
2022-11-22,443,0.9345359483786031,0.8410132143132116,0.09352273406539147
2022-11-23,433,0.8892004057327517,0.7919489556051826,0.09725145012756893
2022-11-25,435,0.9024868510015104,0.8030986376130362,0.0993882133884742
2022-11-28,434,0.9215689247324805,0.9019036665356249,0.0196652581968556
2022-11-29,438,0.9708361898417547,0.9231358804742872,0.04770030936746739
2022-11-30,457,1.192742678899098,1.0015907658356797,0.1911519130634181
2022-12-01,457,1.111493649607456,1.100540588621151,0.010953060986304794
2022-12-02,458,1.1476806267618473,1.1480133319306114,-0.0003327051687638269
2022-12-05,459,0.8795552302045845,0.787347477146203,0.0922077530583815
2022-12-06,458,1.0435739656945269,1.0069742370413195,0.036599728653207535
2022-12-07,443,0.9885490254835092,0.9000024214210622,0.08854660406244691
2022-12-08,447,0.9284996247788627,0.8933256560620644,0.03517396871679837
2022-12-09,443,0.9362461726430122,0.9794119545997639,-0.0431657819567517
2022-12-12,439,1.3051498276530258,1.1619635208168888,0.14318630683613712
2022-12-13,443,1.415876859636516,1.2008833629153153,0.21499349672120108
2022-12-14,457,1.0547600838523483,0.9338775735358715,0.12088251031647679
2022-12-15,469,0.8753459404037951,0.8735157832164049,0.0018301571873902977
2022-12-16,474,0.8139031111029945,0.8571621287786819,-0.043259017675687385
2022-12-19,476,0.8791270570460682,0.8988217649813357,-0.01969470793526763
2022-12-20,478,0.8041964200446629,0.864263077631296,-0.06006665758663313
2022-12-21,463,0.7481473825871041,0.6720005340156897,0.07614684857141446
2022-12-22,449,0.7312068726309398,0.7421800567975126,-0.010973184166572787
2022-12-23,450,0.8078302831156771,0.7682036949246006,0.03962658819107653
2022-12-27,450,0.9842479631974687,1.1121491610865646,-0.12790119788909587
2022-12-28,442,1.0745264480555374,1.0068536970820914,0.06767275097344591
2022-12-29,459,1.1501634450595364,1.696225472256549,-0.5460620271970127
2022-12-30,466,1.2590335777384762,1.2122910377218743,0.04674254001660191
2023-01-03,467,1.414784070986811,1.821782164719402,-0.40699809373259094
2023-01-04,469,1.264611180288102,1.4604165536029965,-0.19580537331489467
2023-01-05,472,1.7735552845073375,2.020843657742336,-0.24728837323499847
2023-01-06,471,1.280239001021345,1.6530638259807102,-0.37282482495936525
2023-01-09,477,1.132217822500323,1.2917368844791195,-0.1595190619787965
2023-01-10,477,0.9753241827486419,1.0706132583628627,-0.0952890756142207
2023-01-11,470,1.0230825546688498,0.932305838417259,0.0907767162515909
2023-01-12,472,0.9047079545967113,0.9534728061482264,-0.04876485155151512
2023-01-13,476,0.9658834956337234,0.9558092213817413,0.010074274251982112
2023-01-17,473,0.8317745330166724,0.8101004473615334,0.02167408565513894
2023-01-18,472,0.957110683010122,1.153146051385449,-0.19603536837532695
2023-01-19,478,1.3771772353260583,1.5995125384865916,-0.22233530316053315
2023-01-20,482,1.0960363443682133,1.3474448411619857,-0.2514084967937723
2023-01-23,475,0.8508261513755141,0.8407305927029305,0.010095558672583639
2023-01-24,472,0.9694391471984579,1.0970769071704602,-0.12763775997200233
2023-01-25,472,1.2374905972218648,1.3297895301892602,-0.09229893296739533
2023-01-26,470,1.6132230758177104,1.8023640296533923,-0.18914095383568175
2023-01-27,466,1.1922784184707305,1.1699475958169905,0.022330822653739753
2023-01-30,467,1.1581914868635486,1.2357228997583185,-0.07753141289477014
2023-01-31,471,1.0211833000995665,1.1236941371803457,-0.10251083708077925
2023-02-01,466,0.9231130862740178,0.8811854737503761,0.041927612523641744
2023-02-02,456,1.177552058065766,1.1827958441197965,-0.005243786054030417
2023-02-03,455,1.000055985403276,1.0104741722024464,-0.010418186799170235
2023-02-06,456,0.8714509734576011,0.8588403158865924,0.012610657571008734
2023-02-07,448,0.8621353781880062,0.8240059106965827,0.03812946749142359
2023-02-08,447,0.9139472243400104,0.9663052455562856,-0.0523580212162752
2023-02-09,447,0.8469500064425427,0.8391318251495494,0.007818181292993253
2023-02-10,443,0.857419892643278,0.8543494121476025,0.0030704804956755635
2023-02-13,445,1.0344507840732278,0.9518871321856637,0.08256365188756425
2023-02-14,452,1.0454851837466643,0.9905506866137157,0.054934497132948644
2023-02-15,445,1.0892512155908887,0.9821608444094977,0.10709037118139095
2023-02-16,452,1.0964085338760488,0.9861019920280472,0.1103065418480017
2023-02-17,447,1.0403397548341828,0.9195981459395107,0.1207416088946722
2023-02-21,435,0.8839598954175857,0.8693651449537568,0.014594750463828783
2023-02-22,435,0.9471797719444721,0.9758527741616189,-0.02867300221714677
2023-02-23,437,0.8223905820421973,0.8486474155998137,-0.02625683355761643
2023-02-24,437,0.9375387515736657,0.8885282631943727,0.04901048837929302
2023-02-27,447,0.8136692145531198,0.7540003354525004,0.0596688791006194
2023-02-28,456,0.8070506748137594,0.81766344298146,-0.01061276816770059
2023-03-01,454,0.800777401778737,0.8377137257190854,-0.03693632394034844
2023-03-02,442,0.9693414020912355,0.8613988928302274,0.10794250926100815
2023-03-03,445,1.8089158933966258,1.711559986944542,0.09735590645208386
2023-03-06,448,2.0428848196743954,1.7703824259023526,0.2725023937720428
2023-03-07,427,1.4203215440606867,1.2340094007855513,0.18631214327513554
2023-03-08,431,1.9559034225267853,1.8521749019425247,0.10372852058426063
2023-03-09,439,1.305886112633753,1.293403451426549,0.012482661207204124
2023-03-10,438,1.3580657244499617,1.3833482694249264,-0.025282544974964734
2023-03-13,438,0.9026717183403434,0.8766371875716102,0.026034530768733175
2023-03-14,462,0.800967856222138,0.8132133589092169,-0.012245502687079045
2023-03-15,461,0.841663281196837,0.9714339856492401,-0.12977070445240307
2023-03-16,473,0.9145040491102814,1.0737983598686949,-0.1592943107584135
2023-03-17,477,0.7620813230102931,0.9452131317431575,-0.18313180873286453
2023-03-20,479,0.7089926877288936,0.6933739755236278,0.015618712205265766
2023-03-21,481,0.7498118240377865,0.7232344834467396,0.02657734059104687
2023-03-22,484,0.956193524075695,0.921048125436578,0.035145398639117136
2023-03-23,465,1.1345412918055051,0.9539672597764656,0.18057403202903952
2023-03-24,458,1.3138308440855342,1.3276097191554272,-0.013778875069893124
2023-03-27,457,1.1713450660849267,1.1611880536522838,0.010157012432642906
2023-03-28,455,0.9798822816137918,1.111231081691538,-0.13134880007774638
2023-03-29,447,0.9075437720181397,0.9870659981713062,-0.07952222615316648
2023-03-30,458,0.9211982381680561,0.9220411507834303,-0.0008429126153741645
2023-03-31,464,0.8650730016347626,0.8269382977426141,0.038134703892148535
2023-04-03,465,0.8040967046605366,0.824172170006526,-0.020075465345989366
2023-04-04,468,0.7489276663640975,0.783457623681359,-0.03452995731726151
2023-04-05,468,0.7620881649276859,0.8309952396797552,-0.06890707475206932
2023-04-06,477,0.7982124356688699,0.8832900197832428,-0.08507758411437297
2023-04-10,478,0.7639774705302838,0.7997745223735824,-0.03579705184329868
2023-04-11,478,0.7575106566419512,0.7741121968393613,-0.016601540197410152
2023-04-12,479,0.8064404255051023,0.8494959090407366,-0.043055483535634195
2023-04-13,479,0.8302482919946779,0.8082596850555037,0.02198860693917416
2023-04-14,480,0.8174554463276225,0.8070232720904146,0.010432174237207902
2023-04-17,480,0.7900779164829649,0.7603127350422287,0.029765181440736137
2023-04-18,475,1.0476743033283507,0.9794460260875956,0.06822827724075527
2023-04-19,474,1.119281517170284,1.0826299318878907,0.03665158528239316
2023-04-20,477,0.9350341726540121,0.921071207788593,0.013962964865419184
2023-04-21,466,0.8880771547862742,0.8982277016264332,-0.010150546840158899
2023-04-24,466,0.8892465157347913,0.887818148109851,0.0014283676249401034
2023-04-25,469,1.0107430741325207,1.0054092670997588,0.005333807032761988
2023-04-26,468,1.140055249108977,1.1316593469395977,0.008395902169379545
2023-04-27,464,1.1625091490088748,1.171570972549229,-0.009061823540354131
2023-04-28,470,1.0687949871968079,1.0413065696946184,0.027488417502189368
2023-05-01,468,1.101902102712999,1.0720297594356505,0.02987234327734853
2023-05-02,463,1.057298323228151,1.1324520572302885,-0.07515373400213764
2023-05-03,461,1.092726150233778,1.193769531390764,-0.10104338115698618
2023-05-04,455,0.9990400807273052,1.0738042944876196,-0.07476421376031443
2023-05-05,447,0.9253562817940781,0.959968886276695,-0.034612604482616854
2023-05-08,447,0.8559201239115946,1.0542395115139802,-0.19831938760238563
2023-05-09,448,0.9682124049047535,0.9260249421474158,0.04218746275733767
2023-05-10,445,0.9156527369283997,0.9472425490568585,-0.03158981212845872
2023-05-11,446,1.060267454602708,1.136680557689415,-0.0764131030867069
2023-05-12,454,1.0302548213068892,1.2272309787529143,-0.19697615744602526
2023-05-15,452,0.9022176674178779,0.9610668554401257,-0.058849188022247756
2023-05-16,452,0.9676849105566738,0.9537212049714646,0.013963705585209233
2023-05-17,456,0.8686164247493274,0.806399956381194,0.062216468368133396
2023-05-18,460,1.0579026329965977,0.939657696561233,0.11824493643536467
2023-05-19,455,1.183569267987945,1.1607981218762855,0.022771146111659216
2023-05-22,450,1.265115191027265,1.213082207125958,0.052032983901307124
2023-05-23,437,1.1267110974067707,1.1017726909975174,0.02493840640925326
2023-05-24,424,1.2321034818647951,1.2529250333660111,-0.02082155150121596
2023-05-25,430,1.1574423170978096,1.1789290062977245,-0.02148668919991467
2023-05-26,439,0.8945502043319095,1.1092539776887562,-0.2147037733568467
2023-05-30,444,1.056705846352451,1.2613882915566381,-0.204682445204187
2023-05-31,458,1.537654020782779,1.8297264827218562,-0.2920724619390774
2023-06-01,458,1.2839807143165807,1.5740003734271728,-0.29001965911059235
2023-06-02,459,0.7985042638979116,0.9425682675995952,-0.14406400370168357
2023-06-05,461,0.9564793342338597,1.0497477868347402,-0.09326845260088065
2023-06-06,459,0.978733816182662,1.0823907239877006,-0.10365690780503856
2023-06-07,440,0.9900729019823232,1.0617771403855862,-0.07170423840326297
2023-06-08,442,1.04897929195991,1.132292981231236,-0.08331368927132601
2023-06-09,440,1.083839306213673,1.2124427809807767,-0.12860347476710346
2023-06-12,437,0.8200679378062736,0.8708222497973652,-0.050754311991091615
2023-06-13,441,0.7522426830892242,0.7415534610621728,0.010689222027051361
2023-06-14,461,0.7413666899528516,0.7281361717465697,0.013230518206281763
2023-06-15,472,0.910219202991718,0.8243430984484537,0.08587610454326432
2023-06-16,476,0.7968550695398061,0.7083109946332843,0.08854407490652189
2023-06-20,479,0.740378411581609,0.7704392595719776,-0.030060847990368615
2023-06-21,482,0.7652120231834372,0.8426001756410663,-0.07738815245762912
2023-06-22,465,0.8487778802474512,1.0309487986436,-0.18217091839614885
2023-06-23,459,1.124174003219618,1.319619639462386,-0.195445636242768
2023-06-26,455,1.0604287200214886,1.475094462509263,-0.4146657424877745
2023-06-27,452,0.7372744332989886,0.8407617081001655,-0.10348727480117692
2023-06-28,443,0.6731463936052856,0.6754617008753546,-0.0023153072700690352
2023-06-29,455,0.6707112467662343,0.6432922244440138,0.027419022322220484
2023-06-30,461,0.6610158592936838,0.6435674397241136,0.01744841956957013
2023-07-03,465,0.70609477323486,0.7323555469898911,-0.02626077375503107
2023-07-05,466,0.866218301226808,0.9572513025799292,-0.09103300135312116
2023-07-06,470,1.287903166493743,1.452897149607991,-0.16499398311424784
2023-07-07,475,1.0239108840724687,1.1055479708717315,-0.08163708679926268
2023-07-10,478,0.9054112981302593,0.9862810600976455,-0.08086976196738618
2023-07-11,479,0.8728747130343676,0.9121489331022771,-0.03927422006790956
2023-07-12,479,0.849035849900532,0.9019040451046083,-0.05286819520407635
2023-07-13,476,0.8250385674440321,0.8383075541821219,-0.013268986738089818
2023-07-14,480,0.8886378489680794,0.94412777481633,-0.05548992584825057
2023-07-17,478,0.9883230996928727,1.0222461850846343,-0.03392308539176162
2023-07-18,476,0.9056069971007968,0.9260102953963819,-0.020403298295584935
2023-07-19,475,0.88024470060859,0.8880870947089465,-0.007842394100356526
2023-07-20,480,0.9168176192034155,0.9042827404385252,0.012534878764890407
2023-07-21,470,0.9955155645589552,1.0005254593896804,-0.005009894830725323
2023-07-24,464,0.9895262705072767,1.0118739925673295,-0.02234772206005274
2023-07-25,465,0.9930411452637246,0.9874344386741533,0.005606706589571244
2023-07-26,467,1.020735785224876,0.9850715613442877,0.035664223880588306
2023-07-27,465,0.9668065328251023,0.9847472790883385,-0.017940746263236104
2023-07-28,467,1.1169647075517646,1.1217318303142825,-0.004767122762517849
2023-07-31,469,1.134521411703824,1.1202482303530914,0.014273181350732718
2023-08-01,466,1.177019900390069,1.2005467888617727,-0.023526888471703724
2023-08-02,459,1.0466818122515247,1.0257540280861233,0.020927784165401423
2023-08-03,452,0.9858412559980814,1.0252333977170074,-0.039392141718925924
2023-08-04,453,0.8921168761959148,0.9018064781729274,-0.009689601977012479
2023-08-07,449,0.8627239502697965,0.8304991784141342,0.03222477185566227
2023-08-08,446,0.8757210193816054,0.8118158931520171,0.06390512622958831
2023-08-09,445,0.8793384428962412,0.7858980289141358,0.09344041398210527
2023-08-10,442,0.984033173994235,0.8580662023875504,0.12596697160668469
2023-08-11,442,0.9483544814101222,0.7894957090731956,0.1588587723369266
2023-08-14,449,0.9810063850364172,0.800432481858568,0.1805739031778492
2023-08-15,451,0.836193312948974,0.7960328307169303,0.04016048223204375
2023-08-16,457,0.706555082334303,0.7118775028221141,-0.005322420487811251
2023-08-17,467,0.6417826921140074,0.6621358681322038,-0.020353176018196403
2023-08-18,467,0.6514687992565869,0.6403857171913997,0.011083082065187117
2023-08-21,467,0.6563117010147446,0.6571939789191776,-0.0008822779044331488
2023-08-22,469,0.8410273519431849,0.7662601783446357,0.0747671735985491
2023-08-23,458,0.7163861599208685,0.7284082495053781,-0.012022089584509486
2023-08-24,435,0.967661993610835,0.913850712535861,0.053811281074973946
2023-08-25,435,1.0040116514044402,0.9291776355950486,0.07483401580939167
2023-08-28,430,0.8726163106941917,0.8730636661197826,-0.00044735542559095026
2023-08-29,427,0.8674604700325617,0.8371529242233265,0.030307545809235094
2023-08-30,424,0.9291026687878927,0.9444489652208559,-0.015346296432963025
2023-08-31,449,0.8722439993963309,0.8766670131043132,-0.004423013707982239
2023-09-01,456,0.8953135995136755,0.8563830646297051,0.038930534883970434
2023-09-05,457,0.8125310671795082,0.8198805139686638,-0.007349446789155571
2023-09-06,460,0.8415579321177981,0.8402548343141343,0.0013030978036638365
2023-09-07,449,0.8178101057257472,1.042985930254841,-0.22517582452909368
2023-09-08,446,0.7698017082149694,0.7833090162296605,-0.013507308014691044
2023-09-11,442,0.7599297724257472,0.7585273637809379,0.0014024086448093161
2023-09-12,448,0.6647801029014946,0.6838258072503445,-0.019045704348849956
2023-09-13,448,0.6653658768216724,0.6731630225681344,-0.007797145746462008
2023-09-14,472,1.1527764218991414,1.1114822781146767,0.04129414378446461
2023-09-15,474,1.0251464478138603,0.9610858760734909,0.06406057174036936
2023-09-18,475,0.9350453037030432,0.8812388016639018,0.053806502039141405
2023-09-19,474,1.187483758628149,1.1498926151882327,0.03759114343991629
2023-09-20,476,1.1197123818549595,1.0331086024126337,0.08660377944232593
2023-09-21,458,0.8341707640687828,0.8764575280910168,-0.042286764022234094
2023-09-22,455,0.7684453516811967,0.7576344077992072,0.010810943881989476
2023-09-25,455,1.0247105223047759,1.0398522126886576,-0.015141690383881705
2023-09-26,455,0.8616536134472593,1.138278137341429,-0.2766245238941696
2023-09-27,454,0.8363430932355403,0.9964747225543933,-0.16013162931885294
2023-09-28,462,0.9326001323073071,1.0516196245688956,-0.11901949226158862
2023-09-29,461,0.8511037896896176,0.9038156794132244,-0.05271188972360672
2023-10-02,464,0.8468820019738905,0.878425388880512,-0.03154338690662152
2023-10-03,465,1.033786767733608,0.8838936520557658,0.14989311567784228
2023-10-04,462,1.103134279462317,0.9945965930104147,0.10853768645190216
2023-10-05,471,1.0246510094393129,0.9751499312239668,0.04950107821534609
2023-10-06,477,0.8737422003553381,0.8922646763576364,-0.018522476002298303
2023-10-09,475,0.7535896279447754,0.749517178140741,0.004072449804034275
2023-10-10,476,0.7685843562049174,0.763414049704064,0.005170306500853417
2023-10-11,481,0.9794695580849001,0.9598026860753496,0.019666872009550456
2023-10-12,480,1.0268908454885604,1.0420212095304813,-0.015130364041921033
2023-10-13,479,0.994264251937511,0.9308932157812891,0.06337103615622186
2023-10-16,480,1.3811081553739135,1.3332677396182968,0.04784041575561666
2023-10-17,478,1.3429377377442873,1.21552371006192,0.12741402768236726
2023-10-18,477,1.2293208574789831,1.126713805910123,0.10260705156886041
2023-10-19,480,1.1099634381667924,1.03100679236925,0.07895664579754226
2023-10-20,482,1.126348721434955,1.0977861927837727,0.02856252865118237
2023-10-23,476,1.0644305937240093,1.101033574185484,-0.036602980461474595
2023-10-24,465,1.0072549127117576,0.9846584008373139,0.022596511874443663
2023-10-25,466,1.1367177489234135,1.1057603183008133,0.030957430622600313
2023-10-26,464,1.45623962088917,1.3394763015641291,0.11676331932504065
2023-10-27,461,2.351644091390813,1.7941367028977828,0.5575073884930302
2023-10-30,463,1.8066142878099627,1.7431041326302243,0.06351015517973854
2023-10-31,472,1.567580769480894,1.73389546590321,-0.16631469642231592
2023-11-01,467,1.4354290359103723,1.561423192205631,-0.1259941562952586
2023-11-02,458,1.0253924057919055,1.0822618759783331,-0.056869470186427795
2023-11-03,454,1.0168501015661273,1.028667946015356,-0.011817844449228706
2023-11-06,453,0.9446547338565091,0.9690518271154024,-0.02439709325889331
2023-11-07,440,1.1139560021948611,1.151638730153138,-0.03768272795827683
2023-11-08,438,1.1742883767713113,1.2177018025212576,-0.04341342574994642
2023-11-09,432,1.3755240464831047,1.5467844004305173,-0.17126035394741265
2023-11-10,435,1.1630780960153584,1.3754492541084429,-0.21237115809308438
2023-11-13,433,1.3708176351826602,1.4429758390338212,-0.07215820385116116
2023-11-14,445,0.7304757704584472,0.8444471919414707,-0.11397142148302347
2023-11-15,443,0.7000681183665,0.717210552618104,-0.017142434251603948
2023-11-16,457,0.6921374230162238,0.8238272115390909,-0.131689788522867
2023-11-17,459,0.6572140899604515,0.6694676721896172,-0.012253582229165678
2023-11-20,466,0.6401050194835087,0.6570125203242186,-0.016907500840709952
2023-11-21,459,0.7502267215400529,0.7794024333823151,-0.029175711842262236
2023-11-22,434,0.8085073235929661,0.7943556953248643,0.01415162826810192
2023-11-24,436,1.0515041610927283,1.0634199254485808,-0.011915764355852372
2023-11-27,438,1.1620731030655091,1.2045578350120387,-0.04248473194652963
2023-11-28,431,1.0279251556906006,1.2501835952738778,-0.22225843958327715
2023-11-29,439,0.9551463834256222,1.047863974376056,-0.0927175909504338
2023-11-30,455,0.9738881827126069,0.9917991001868406,-0.017910917474233606
2023-12-01,456,0.7852213325712418,0.7597083834503028,0.02551294912093903
2023-12-04,456,0.7695848057385736,0.7863764942896823,-0.01679168855110867
2023-12-05,458,0.945720215317891,0.9334035865585565,0.012316628759334437
2023-12-06,458,1.3032866615348866,1.4021066914999134,-0.09882002996502671
2023-12-07,450,1.7649645782139654,1.8999544557165529,-0.13498987750258742
2023-12-08,445,1.4643068084342585,1.6371857600138378,-0.1728789515795794
2023-12-11,441,1.2233927679712262,1.2941775357638088,-0.07078476779258282
2023-12-12,444,1.476844573355939,1.5869905785709122,-0.11014600521497304
2023-12-13,442,0.9441070515099724,0.9446519345059156,-0.0005448829959430923
2023-12-14,467,0.7155578205620015,0.6899993263319545,0.02555849423004692
2023-12-15,475,0.6850406519862544,0.6649927260983745,0.020047925887880003
2023-12-18,479,0.7096231909522828,0.6874632817744901,0.022159909177792713
2023-12-19,476,0.6512778684236044,0.6063562001152942,0.044921668308310146
2023-12-20,462,0.8079051400449802,0.762724786812657,0.04518035323232321
2023-12-21,450,0.5995765226749218,0.573151431605621,0.0264250910693008
2023-12-22,448,0.7044844645441113,0.6723431793685049,0.03214128517560642
2023-12-26,448,0.9168056094416898,0.9107319598153881,0.0060736496263015674
2023-12-27,446,0.971693444769323,0.9498483445506213,0.021845100218701646
2023-12-28,465,0.9747578687308994,0.9408311927550597,0.03392667597583981
2023-12-29,475,0.7993725378456223,0.778149750476037,0.021222787369585234
2024-01-02,471,0.7278305307184457,0.7210566799686011,0.006773850749844569
2024-01-03,472,0.8443451872725629,0.8440836208193964,0.0002615664531665805
2024-01-04,476,0.8535144542334823,0.8575729839223987,-0.004058529688916497
2024-01-05,472,0.8880437279474805,0.8929482075188137,-0.004904479571333118
2024-01-08,473,0.9241648191461465,0.9059407763096223,0.01822404283652417
2024-01-09,478,0.8923830157916869,0.8581018855153631,0.034281130276323735
2024-01-10,472,0.8829367270378821,0.8698090215023935,0.013127705535488627
2024-01-11,471,0.8509939427141031,0.845134844027629,0.005859098686474096
2024-01-12,475,0.9244201286431336,0.9392446362993826,-0.014824507656249005
2024-01-16,474,0.9125847741384209,1.009963546785944,-0.09737877264752312
2024-01-17,474,1.0488237176973356,1.0254480182935017,0.023375699403833813
2024-01-18,480,1.0363649990022654,1.1564485737667078,-0.1200835747644427
2024-01-19,485,0.868271846848561,0.9105906645575095,-0.042318817708948464
2024-01-22,485,0.8137327021082619,0.8704463447992788,-0.05671364269101704
2024-01-23,480,0.8517474441327091,0.9030001527679005,-0.05125270863519132
2024-01-24,472,0.796790068430686,0.8166346623654852,-0.019844593934799183
2024-01-25,469,0.9198325345111326,0.9327522758199664,-0.012919741308833875
2024-01-26,464,0.9902043573322231,1.0036798561860605,-0.013475498853837396
2024-01-29,462,1.0422036944033117,1.0354204068010389,0.006783287602272727
2024-01-30,467,0.9949342196436094,0.9924427859828878,0.0024914336607215646
2024-01-31,472,1.1430105666696042,1.160736694400077,-0.017726127730472722
2024-02-01,464,1.1560126239186586,1.1494399850669355,0.00657263885172327
2024-02-02,464,1.0466409546862623,1.047669474149523,-0.001028519463260717
2024-02-05,465,1.1007279300097015,1.1325277682841823,-0.031799838274480734
2024-02-06,463,0.873004829340527,0.8765081251559192,-0.0035032958153920395
2024-02-07,457,0.9603001190569754,0.9893480858406812,-0.029047966783705848
2024-02-08,450,0.9682309555796486,1.135394142837445,-0.1671631872577964
2024-02-09,442,0.9340058791243603,0.9764173087880281,-0.042411429663667906
2024-02-12,436,0.8478020537250549,0.8356920914833716,0.012109962241683368
2024-02-13,436,0.959345898745199,1.0790293229320358,-0.11968342418683675
2024-02-14,434,0.9103327579888858,0.9224606102985247,-0.012127852309638861
2024-02-15,446,0.7627956276999235,0.7593348513860478,0.0034607763138756824
2024-02-16,454,0.8028001124565929,0.8216977238490761,-0.01889761139248327
2024-02-20,460,0.9474185882589582,0.9496045999180924,-0.002186011659134283
2024-02-21,454,1.0569084814943055,1.0588458219760255,-0.0019373404817200207
2024-02-22,443,0.9248068968403053,0.9239251180412782,0.0008817787990270146
2024-02-23,441,1.029508347893147,1.0331368739737117,-0.0036285260805646717
2024-02-26,442,1.124159246334489,1.1598701752857206,-0.03571092895123156
2024-02-27,436,0.9975767433021333,0.9938793644683739,0.0036973788337593748
2024-02-28,441,1.0246902766287227,1.0359812156178496,-0.011290938989126932
2024-02-29,440,1.0061895518276363,1.0493843565680172,-0.0431948047403809
2024-03-01,442,0.8238575288781156,0.8452635121612784,-0.021405983283162924
2024-03-04,445,0.8206153525063103,0.8249923656930033,-0.004377013186692895
2024-03-05,445,0.8396506670891097,0.9011309540372942,-0.061480286948184436
2024-03-06,446,0.8379554064645642,0.8667594584924557,-0.028804052027891585
2024-03-07,436,0.8641314573823268,0.8361814464220525,0.027950010960274333
2024-03-08,440,0.8527661895739755,0.825981616634389,0.02678457293958661
2024-03-11,436,0.8595767364483138,0.8410421693011163,0.018534567147197614
2024-03-12,443,0.823340592881884,0.8103551404270073,0.012985452454876686
2024-03-13,441,0.7147723377517855,0.7080552735002545,0.006717064251531049
2024-03-14,473,0.9266659658426855,0.9591428215226591,-0.032476855679973576
2024-03-15,473,0.8099768196469577,0.8505147010297601,-0.04053788138280247
2024-03-18,478,0.7660839050681452,0.7677734166844202,-0.0016895116162749968
2024-03-19,479,0.7412948314694111,0.7308415133721361,0.010453318097274941
2024-03-20,460,0.7082739734913975,0.6995520899014751,0.008721883589922513
2024-03-21,454,0.6505057980526582,0.6304496573729977,0.020056140679660522
2024-03-22,454,0.6598276398908729,0.6260980650259769,0.033729574864895986
2024-03-25,452,0.6789255991193794,0.6617413522126188,0.01718424690676067
2024-03-26,449,0.759890423797594,0.753332145157072,0.00655827864052179
2024-03-27,468,0.9239670048750146,0.9036177727109236,0.02034923216409103
2024-03-28,474,0.9164004306890832,0.9190950286633386,-0.0026945979742553903
2024-04-01,473,0.7272366492449084,0.7228043187515043,0.004432330493403978
2024-04-02,468,0.6835507745744543,0.6856659764976158,-0.0021152019231614264
2024-04-03,470,0.7576736884969935,0.7328884245305127,0.024785263966480727
2024-04-04,473,0.7400935015043353,0.7437693175038965,-0.0036758159995611346
2024-04-05,468,0.979698642325576,1.0050032621106877,-0.025304619785111674
2024-04-08,470,1.2571455594225855,1.1978747319575778,0.05927082746500777
2024-04-09,477,1.5436005914659163,1.4931942923925068,0.05040629907340958
2024-04-10,478,1.1411531931230576,1.049361739112686,0.09179145401037159
2024-04-11,476,1.2735113685892279,1.285076378304337,-0.011565009715109346
2024-04-12,479,1.0734104980344943,1.0939482608757796,-0.020537762841285303
2024-04-15,480,0.9035926669268793,0.9227350473533755,-0.019142380426496252
2024-04-16,476,1.0193412579284158,0.976607878649442,0.04273337927897373
2024-04-17,475,0.9782028765257338,0.9014427924716577,0.07676008405407614
2024-04-18,479,0.954593764748317,0.8694685637858519,0.08512520096246518
2024-04-19,482,1.1152902895718035,1.0265827941948853,0.08870749537691851
2024-04-22,477,1.1171500189195904,1.0923412651549949,0.02480875376459564
2024-04-23,472,1.045209886384461,1.0334885113043961,0.011721375080064931
2024-04-24,471,1.0489023386414937,1.0473922994193428,0.00151003922215095
2024-04-25,470,1.0743270197872097,1.0714761177812095,0.002850902006000139
2024-04-26,464,1.067284670838363,1.0699987157356816,-0.002714044897318495
2024-04-29,466,1.0602634471207237,1.081873477040385,-0.02161002991966141
2024-04-30,471,1.1622416981706196,1.2272895947331328,-0.06504789656251324
2024-05-01,472,1.0421064408122453,1.0855458864146323,-0.0434394456023869
2024-05-02,461,1.0092421742659656,1.0165856431963296,-0.007343468930364096
2024-05-03,457,0.9418446708150386,0.9942670604159141,-0.05242238960087536
2024-05-06,457,0.7910447455279608,0.816273771774286,-0.02522902624632533
2024-05-07,450,0.778036155366708,0.7915274011679022,-0.01349124580119403
2024-05-08,442,0.9582991268357361,0.9973354155197856,-0.03903628868404935
2024-05-09,439,0.7692831923281034,0.7812762654472167,-0.0119930731191133
2024-05-10,442,0.7555061914532175,0.8007372812241301,-0.04523108977091254
2024-05-13,442,0.8037753867898828,0.8547511177917461,-0.05097573100186321
2024-05-14,449,0.73050819897686,0.7460582230997376,-0.015550024122877525
2024-05-15,456,0.8039244466483277,0.7669507296379082,0.03697371701041939
2024-05-16,461,0.9370689095722885,0.8563213173346997,0.08074759223758878
2024-05-17,461,0.9886843570932315,0.9586453840354556,0.03003897305777581
2024-05-20,465,1.076141834445073,1.0002408356024095,0.07590099884266362
2024-05-21,466,1.2618941874346519,1.1978376510473472,0.06405653638730475
2024-05-22,463,1.1290202042505868,1.0603087340764987,0.06871147017408821
2024-05-23,456,0.8648625039915405,0.8875299227757476,-0.02266741878420707
2024-05-24,448,0.9211334836612991,0.911583731989009,0.009549751672290207
2024-05-28,441,0.9692293208737415,0.964554212879786,0.0046751079939555025
2024-05-29,441,0.9269172447397563,0.8873970375032587,0.039520207236497705
2024-05-30,443,0.8365977628053927,0.8238714713693094,0.012726291436083122
2024-05-31,443,0.8327537922999458,0.8373416237691402,-0.004587831469194374
2024-06-03,448,0.744913904746188,0.7478788390474662,-0.0029649343012781806
2024-06-04,454,0.7983148593012209,0.7906321219115272,0.007682737389693634
2024-06-05,452,0.7910947171145584,0.7857058690469985,0.005388848067559881
2024-06-06,453,0.888445654903445,0.893006867205819,-0.00456121230237402
2024-06-07,442,0.902457237456496,0.9069688008144321,-0.004511563357936168
2024-06-10,443,0.864064951380957,0.8670703334800223,-0.003005382099065363
2024-06-11,437,0.9029703729605044,0.9004138519749152,0.002556520985589233
2024-06-12,440,0.7412264408293138,0.7517640056464012,-0.010537564817087511
2024-06-13,438,0.7046699621271765,0.720457632950345,-0.0157876708231687
2024-06-14,464,0.8213494265450771,0.8500018008341584,-0.028652374289081354
2024-06-17,473,0.7133595982636787,0.7145268937239395,-0.0011672954602607562
2024-06-18,480,0.7496838808787611,0.7430664764059987,0.006617404472762465
2024-06-20,480,0.6756420949928165,0.660183438519791,0.015458656473025351
2024-06-21,461,0.7504295180258616,0.7477408846125378,0.0026886334133236663
2024-06-24,456,0.9348995623020407,0.9210776702698202,0.013821892032220406
2024-06-25,454,0.8041139999688093,0.7943154918383643,0.009798508130445102
2024-06-26,454,0.7385066685499855,0.7294532831323991,0.009053385417586409
2024-06-27,447,0.7188359892848301,0.7115919156480967,0.0072440736367334144
2024-06-28,464,0.6891166958464303,0.7007932519367573,-0.011676556090327106
2024-07-01,468,0.6773019695313989,0.6638875767280374,0.013414392803361297
2024-07-02,464,0.6830618432471297,0.6768890054749066,0.006172837772222981
2024-07-03,462,0.8591961778374432,0.8537892181907616,0.005406959646681546
2024-07-05,469,1.0838194541210784,1.0815689971397546,0.0022504569813237064
2024-07-08,467,1.1248967422561806,1.163749237674219,-0.03885249541803861
2024-07-09,472,1.7332502777805074,1.7299750983550422,0.003275179425465133
2024-07-10,477,1.615750350805457,1.6395989939893454,-0.023848643183888393
2024-07-11,480,1.064712618928853,1.066413212611552,-0.0017005936826989094
2024-07-12,476,0.9771948443150166,0.9855671224502012,-0.008372278135184614
2024-07-15,480,0.8795559416421248,0.8767412754325193,0.002814666209605407
2024-07-16,479,0.921713532629734,0.884998806485541,0.03671472614419308
2024-07-17,479,1.01836727493125,1.0692254016209106,-0.050858126689660534
2024-07-18,479,1.1236527356286314,1.1385083252741157,-0.014855589645484411
2024-07-19,481,1.1825597863050836,1.1848850554651098,-0.0023252691600262184
2024-07-22,484,1.183378975371162,1.186637520559368,-0.0032585451882058973
2024-07-23,484,1.4436181873530358,1.4811555905487326,-0.03753740319569688
2024-07-24,476,1.3171895537666238,1.3620980272469385,-0.04490847348031438
2024-07-25,468,1.21837294092306,1.211601340727823,0.0067716001952369455
2024-07-26,468,1.5791829647024704,1.6665511914575128,-0.08736822675504223
2024-07-29,464,1.9179473795559583,1.9195115449357607,-0.001564165379802593
2024-07-30,462,1.683973011396174,1.6675042938080795,0.016468717588094515
2024-07-31,466,2.1471579669345053,2.135477544781769,0.01168042215273648
2024-08-01,474,1.13309222638422,1.1746397633478414,-0.041547536963621415
2024-08-02,470,0.9782762962519218,1.0596877617162308,-0.08141146546430893
2024-08-05,463,1.1138346888014448,1.118425832695712,-0.004591143894267261
2024-08-06,464,1.0259853637766625,0.8854520152615712,0.1405333485150913
2024-08-07,462,1.1898322274193167,1.024673988170321,0.16515823924899556
2024-08-08,444,1.0150308283019243,0.9984923857641117,0.01653844253781259
2024-08-09,436,0.9680436709982625,0.9420060816494166,0.026037589348846004
2024-08-12,440,1.2251188419002343,1.2794949528827726,-0.054376110982538195
2024-08-13,437,0.8339523162494766,0.8164254964766969,0.017526819772779718
2024-08-14,437,0.9639245889440492,0.8606346194931976,0.10328996945085162
2024-08-15,453,0.6719193334091478,0.6307947871397307,0.041124546269417084
2024-08-16,464,0.7972531238568819,0.6778805877207653,0.11937253613611655
2024-08-19,467,0.7143146950761439,0.6457003217904038,0.06861437328574017
2024-08-20,467,0.7719691627635956,0.6864790426455964,0.0854901201179992
2024-08-21,473,0.7297592972371534,0.6944202185354713,0.035339078701682076
2024-08-22,473,0.7941729868643057,0.7759111320701383,0.01826185479416742
2024-08-23,455,0.7514874993174571,0.7372947323267722,0.01419276699068483
2024-08-26,442,0.9036711654524296,0.89868004153816,0.004991123914269745
2024-08-27,438,0.9522814765601123,0.919099354666069,0.03318212189404327
2024-08-28,432,0.9161785524683446,0.8851099325750831,0.031068619893261484
2024-08-29,421,1.1775458792048017,1.1890858688335315,-0.011539989628729869
2024-08-30,436,1.1697455641154666,1.0717478445748045,0.09799771954066208
2024-09-03,448,0.8769378803694735,0.8508636290819535,0.02607425128752
2024-09-04,453,0.8680416541687864,0.8415586931822837,0.0264829609865028
2024-09-05,455,0.8306450590369204,0.8129468630956853,0.017698195941235107
2024-09-06,446,1.143673770183263,1.0954122558396664,0.048261514343596636
2024-09-09,438,1.084320031926137,1.0084268075331404,0.07589322439299667
2024-09-10,436,1.1403757639152554,1.1888066328439406,-0.048430868928685075
2024-09-11,438,1.0093292870496884,1.0048211868501542,0.004508100199534241
2024-09-12,440,1.1828886366361002,1.1897081081586798,-0.006819471522579458
2024-09-13,458,0.9253144218474741,0.917871593927966,0.0074428279195080695
2024-09-16,471,0.839580385381768,0.8207416684722906,0.018838716909477474
2024-09-17,478,0.8083770730224433,0.7847831182498701,0.023593954772573148
2024-09-18,479,0.8167271001597342,0.7933290002033934,0.023398099956340727
2024-09-19,478,0.8693470992137965,0.8515761241838469,0.017770975029949673
2024-09-20,477,0.8446331355828443,0.8184929980366793,0.02614013754616509
2024-09-23,460,0.7412581162484425,0.7044366287637744,0.03682148748466806
2024-09-24,451,0.6801821909554652,0.6478152176526549,0.032366973302810194
2024-09-25,449,0.7208820073238257,0.6799466896996827,0.040935317624142965
2024-09-26,451,0.8586884778295223,0.8241755209475794,0.034512956881942856
2024-09-27,448,0.8543296378741603,0.8233971824309626,0.03093245544319765
2024-09-30,464,0.9918667757708214,0.9487626995305267,0.04310407624029467
2024-10-01,472,0.876418060889745,0.8549754016336436,0.02144265925610149
2024-10-02,472,0.832044045601826,0.8128543516769889,0.019189693924837072
2024-10-03,465,0.7929593476331801,0.7901634687182979,0.0027958789148822263
2024-10-04,472,0.7563895918406142,0.7887317355141259,-0.03234214367351174
2024-10-07,476,0.9198781258247063,0.9963543223540029,-0.07647619652929674
2024-10-08,472,0.8255041430752915,0.8439802329705284,-0.0184760898952368
2024-10-09,474,0.8959766887634242,0.892538631065069,0.00343805769835516
2024-10-10,482,0.9914198901362582,0.9787147811881967,0.01270510894806168
2024-10-11,479,0.9040633004303685,0.8960257578696157,0.008037542560752826
2024-10-14,476,0.806558465428068,0.7881343004133412,0.018424165014726702
2024-10-15,480,0.7730509035421419,0.7595962903467782,0.013454613195363646
2024-10-16,479,0.8209280381232444,0.7967446112356164,0.024183426887628076
2024-10-17,480,0.9152979927268832,0.8914540274566962,0.023843965270187027
2024-10-18,483,1.046715381886758,1.0145207326888666,0.032194649197891514
2024-10-21,485,0.87840109654937,0.8578289315094842,0.02057216503988574
2024-10-22,487,0.9296659451077041,0.9212234372193902,0.008442507888313924
2024-10-23,488,1.0508359886129814,1.0260635365954522,0.024772452017529097
2024-10-24,480,1.1659801893425785,1.1803465706497362,-0.014366381307157875
2024-10-25,475,1.1047754255150883,1.138657608479312,-0.033882182964223725
2024-10-28,467,1.1606587825784267,1.142873064176567,0.017785718401859597
2024-10-29,464,1.076971688658697,1.079657709197486,-0.0026860205387887266
2024-10-30,463,1.6132427831373792,1.5966230120090876,0.016619771128291574
2024-10-31,467,1.752267440427929,1.6704266342172365,0.08184080621069252
2024-11-01,461,1.9653313049131784,2.1089931107421958,-0.14366180582901714
2024-11-04,470,2.3567287147100977,2.503616280747256,-0.14688756603715836
2024-11-05,467,1.9064089269640911,2.098084106249814,-0.1916751792857227
2024-11-06,459,1.1727060605614337,1.18635286242331,-0.013646801861876104
2024-11-07,453,1.0681449841986308,1.110572293542656,-0.042427309344025256
2024-11-08,444,1.1564406473879192,1.2375880385705063,-0.08114739118258699
2024-11-11,431,1.010226561680522,1.120996325761295,-0.11076976408077284
2024-11-12,434,1.0079211634383924,1.0412504580446438,-0.03332929460625139
2024-11-13,439,0.9908770794338313,1.0095657689557378,-0.018688689521906443
2024-11-14,441,0.9648427757433669,0.9305749546954075,0.0342678210479594
2024-11-15,456,1.1116808158900755,0.96006124502355,0.15161957086652567
2024-11-18,465,1.1492986211446203,1.0180923186750572,0.1312063024695631
2024-11-19,464,1.1193377616541702,0.9009655260211225,0.21837223563304783
2024-11-20,464,1.0293646353503199,0.8955206246574351,0.13384401069288485
2024-11-21,453,0.806550110596873,0.7259365065210475,0.08061360407582548
2024-11-22,442,0.74015023323629,0.6792059363309836,0.060944296905306374
2024-11-25,441,0.703072682119937,0.7103448361047762,-0.007272153984839197
2024-11-26,439,0.8494573029351452,0.8505366303497283,-0.0010793274145831102
2024-11-27,436,0.9056479299392918,0.9267604748140046,-0.021112544874712848
2024-11-29,439,1.0719085856199102,1.0784463655128718,-0.006537779892961539
2024-12-02,447,0.9597411234054459,0.9469157564156806,0.01282536698976537
2024-12-03,447,0.9628820816739457,0.9203306267327331,0.042551454941212465
2024-12-04,450,0.9285322803499085,0.9026125552741093,0.025919725075799288
2024-12-05,458,0.9569972647387114,0.8836457777806305,0.07335148695808096
2024-12-06,452,0.9885131355141021,0.8862472636287034,0.1022658718853989
2024-12-09,449,1.0794607866910917,1.1398211952072106,-0.06036040851611884
2024-12-10,447,1.0196766594732876,0.9798302011572563,0.039846458316031064
2024-12-11,446,1.5922656233489079,1.5683290527026084,0.02393657064629947
2024-12-12,445,1.6074799207531025,1.634769085005259,-0.027289164252156245
2024-12-13,458,1.1212157466650166,1.1488674678546962,-0.027651721189679644
2024-12-16,470,1.0090979270686937,1.0705535485620201,-0.06145562149332645
2024-12-17,477,0.7643744062662856,0.7922534040790716,-0.027878997812785973
2024-12-18,477,0.7880260379955113,0.8747729367053749,-0.08674689870986367
2024-12-19,471,0.6370564243944886,0.5609532925371494,0.07610313185733926
2024-12-20,476,0.5819883381529574,0.5830595140823258,-0.0010711759293684589
2024-12-23,459,0.5800314262829619,0.6015806903695999,-0.02154926408663801
2024-12-24,448,0.7591685841298591,0.8609018790170114,-0.10173329488715235
2024-12-26,445,0.7178668912094386,0.7523455256791683,-0.03447863446972986
2024-12-27,449,0.8056898122741445,0.8042516145808474,0.0014381976932970832
2024-12-30,450,0.8155599676067603,0.8615469595407061,-0.04598699193394581
2024-12-31,468,0.8232671328270881,0.8091957657371488,0.014071367089939316
2025-01-02,469,0.9506716479827146,0.9847488697457337,-0.03407722176301912
2025-01-03,475,0.9574579222988597,1.0966888267725905,-0.13923090447373082
2025-01-06,476,0.9018697227112983,0.925756952228379,-0.023887229517080638
2025-01-07,474,0.9451998334269286,0.9245126051986766,0.020687228228251947
2025-01-08,473,1.0154490604786437,0.9656751755322825,0.04977388494636115
2025-01-10,478,1.4035058844182136,1.199568853546677,0.2039370308715365
2025-01-13,475,1.542827392371737,1.4796137563744929,0.06321363599724411
2025-01-14,474,1.2686542389174482,1.320356837518866,-0.051702598601417925
2025-01-15,478,1.1211216664165853,1.2134558791367158,-0.09233421272013048
2025-01-16,477,0.9887743113932409,1.0337901226569965,-0.04501581126375561
2025-01-17,481,1.1832218233944778,1.211044936383857,-0.02782311298937906
2025-01-21,485,1.1003052170579477,1.1048202228005752,-0.004515005742627464
2025-01-22,486,1.1119212386981276,1.1258916148741758,-0.013970376176048054
2025-01-23,485,1.1168530733555453,1.1227066525746907,-0.005853579219145334
2025-01-24,480,1.0515647687528504,1.0572148634360026,-0.0056500946831521785
2025-01-27,470,1.115798092763887,1.1391257496744447,-0.02332765691055778
2025-01-28,469,1.033357116573248,1.0268123091645316,0.006544807408716685
2025-01-29,469,1.0593523114401335,1.0567192850824931,0.002633026357640505
2025-01-30,471,1.1225292024024753,1.117588771928716,0.00494043047375953
2025-01-31,467,1.1038270385506808,1.0961812505342359,0.007645788016444862
2025-02-03,470,1.1231399037885663,1.1349296973037395,-0.011789793515173144
2025-02-04,469,1.0600338618589966,1.0716046990080519,-0.011570837149055253
2025-02-05,466,1.1221087072517155,1.0799645736390515,0.04214413361266397
2025-02-06,464,1.0892521693140598,1.097082688940468,-0.007830519626408107
2025-02-07,448,1.170790787672678,1.1705347013904834,0.0002560862821946828
2025-02-10,442,1.1714766062017135,1.1974943481897422,-0.026017741988028455
2025-02-11,441,1.2097495969557943,1.257487626220863,-0.04773802926506861
2025-02-12,441,1.1812432741837313,1.1782383901692854,0.0030048840144458505
2025-02-13,433,1.2157454179327307,1.2709345660187659,-0.05518914808603514
2025-02-14,452,1.3116981797406126,1.3222901536716376,-0.010591973931024784
2025-02-18,461,1.5413673132920271,1.5475758982148564,-0.006208584922829229
2025-02-19,459,1.2210101321170084,1.2603681766477626,-0.03935804453075408
2025-02-20,460,1.288134161795435,1.3373197007059414,-0.049185538910506234
2025-02-21,452,1.0171093480344322,1.0587952025515253,-0.041685854517093175
2025-02-24,443,1.1648842120321563,1.1984433963291843,-0.03355918429702809
2025-02-25,443,1.1482256822060126,1.1622714567150594,-0.01404577450904671
2025-02-26,440,1.0645206869756736,1.0970357364297862,-0.03251504945411283
2025-02-27,438,1.1886705257806343,1.2521406602824852,-0.06347013450185095
2025-02-28,439,1.4872986185190862,1.3916995052890704,0.09559911323001598
2025-03-03,437,1.811176408430354,1.7556569339007466,0.05551947452960751
2025-03-04,438,1.345083971733278,1.42580599889689,-0.08072202716361188
2025-03-05,439,1.4509462281610195,1.4722990978045198,-0.021352869643500617
2025-03-06,440,1.4855756026589935,1.6102592977523722,-0.12468369509337877
2025-03-07,427,1.2413095522513806,1.2816232866220967,-0.040313734370716135
2025-03-10,438,1.1850744078432167,1.1629846321184798,0.022089775724736995
2025-03-11,435,0.8887220563908135,0.8620353092311365,0.026686747159677084
2025-03-12,440,0.9385843649768131,0.8041319889999629,0.13445237597685036
2025-03-13,439,1.100327759570508,0.98760353182046,0.11272422775004814
2025-03-14,465,0.7249006993912996,0.684766339139514,0.04013436025178565
2025-03-17,472,0.8029943682559447,0.7696648644837885,0.03332950377215626
2025-03-18,477,1.0213144084395602,0.9739401496522347,0.04737425878732544
2025-03-19,479,0.7063339089967857,0.6936973605964177,0.012636548400367988
2025-03-20,484,0.7565622094116208,0.738841258411694,0.017720950999926762
2025-03-21,483,0.8341001433274852,0.9054573106816394,-0.07135716735415426
2025-03-24,463,1.1596230290744074,1.2511139146032133,-0.09149088552880603
2025-03-25,459,1.170155511616458,1.2343602248407672,-0.06420471322430957
2025-03-26,457,0.7756916168124919,0.7900636429270038,-0.014372026114511865
2025-03-27,453,2.09274260047999,2.3573350484142095,-0.2645924479342192
2025-03-28,453,3.3209401558194664,3.6638147458925276,-0.34287459007306165
2025-03-31,472,3.809618472053335,3.8508979852785314,-0.041279513225196414
2025-04-01,478,4.680571711933914,4.862208036955579,-0.18163632502166474
2025-04-02,479,2.0689980138777244,2.102306018780322,-0.033308004902597665
2025-04-03,475,1.6878720161059848,1.952756332417064,-0.2648843163110791
2025-04-04,478,1.5197853675998856,2.5442646695646034,-1.0244793019647178
2025-04-07,481,1.7485552113457599,1.6674133319218445,0.08114187942391549
2025-04-08,478,2.2418900386613596,2.1497402465176627,0.09214979214369645
2025-04-09,477,1.207811797757144,2.0099964087412934,-0.8021846109841492
2025-04-10,479,1.0300456026097864,1.0703221638931215,-0.04027656128333505
2025-04-11,478,1.0580696748219287,1.0619692762029105,-0.0038996013809817075
2025-04-14,476,0.9536406260178876,0.9445496686231463,0.009090957394741144
2025-04-15,477,0.9480565727601766,0.9545355789792404,-0.006479006219063637
2025-04-16,479,1.5225435535776666,1.5562485275949285,-0.03370497401726181
2025-04-17,484,1.4366571937169845,1.531292489829394,-0.09463529611240921
2025-04-21,487,1.9774106156961062,2.1335852153782713,-0.156174599682165
2025-04-22,489,1.4871110277684128,1.7885544273331573,-0.30144339956474464
2025-04-23,482,1.196297841616516,1.223682541369447,-0.027384699752931094
2025-04-24,477,1.0281070452775838,1.0336062738620255,-0.005499228584441741
2025-04-25,474,1.1488512090160496,1.2279295685995537,-0.07907835958350386
2025-04-28,469,1.1272722529885288,1.1277693641002018,-0.000497111111673026
2025-04-29,467,1.0427767105300116,1.0635000728508466,-0.02072336232083504
2025-04-30,475,1.0963482662139274,1.1027749587008133,-0.006426692486885882
2025-05-01,479,1.1099867859071992,1.172287627546553,-0.06230084163935373
2025-05-02,473,0.9974090005523903,1.0842623029531968,-0.08685330240080644
2025-05-05,470,1.617714380505596,1.50820688509239,0.10950749541320604
2025-05-06,470,2.1141437381443193,2.05355181442203,0.060591923722289436
2025-05-07,464,1.9334750951206163,1.841012286760029,0.0924628083605875
2025-05-08,452,1.4736122108916578,1.3063976829445816,0.16721452794707625
2025-05-09,444,1.5496250183263398,1.5313698355502816,0.018255182776058032
2025-05-12,439,0.9618955163590162,0.8955559010345775,0.06633961532443862
2025-05-13,438,0.9582269937520715,0.8312024295475517,0.12702456420451969
2025-05-14,440,1.0349001216087408,1.0293916505088883,0.005508471099852491
2025-05-15,447,0.9613877813928048,0.9260295695295988,0.03535821186320617
2025-05-16,451,1.148061322933388,1.0741390394707162,0.07392228346267181
2025-05-19,458,0.9483395695871745,0.8890025445579001,0.05933702502927442
2025-05-20,458,0.998731709083713,0.8473981134785561,0.15133359560515697
2025-05-21,459,0.9373486834821975,0.8562472735146451,0.0811014099675523
2025-05-22,446,0.9765323562194501,0.9380204893433441,0.03851186687610595
2025-05-23,443,0.9807387818133848,1.0227092906691153,-0.041970508855730414
2025-05-27,447,0.9387666675327316,0.8730253604511963,0.06574130708153544
2025-05-28,443,0.9567795449355104,0.8715350488988423,0.08524449603666812
2025-05-29,444,0.965772424747603,0.9287426574469394,0.037029767300663645
2025-05-30,449,1.025696851900186,1.0910237450518236,-0.06532689315163792
2025-06-02,458,1.0719379411094279,1.1401075877500069,-0.06816964664057915
2025-06-03,451,1.0504983210690142,1.0929370786137709,-0.04243875754475664
2025-06-04,456,1.0008364326049646,0.9990491866022544,0.0017872460027101634
2025-06-05,458,1.0120871049635634,1.0001538607339266,0.01193324422963677
2025-06-06,447,1.02370668392583,0.9396153812134583,0.0840913027123718
2025-06-09,442,0.9872216184428261,0.9257626208403615,0.0614589976024646
2025-06-10,447,1.0757391044347329,1.0031672228530375,0.07257188158169535
2025-06-11,441,1.0250897165414368,0.9542335118242319,0.07085620471720487
2025-06-12,440,1.0066997602024024,0.9319475700807174,0.07475219012168498
2025-06-13,461,1.0234552700811756,1.0384305822992392,-0.01497531221806372
2025-06-16,473,0.935411969016371,0.922257845724357,0.013154123292014078
2025-06-17,476,1.0286033934680896,1.072893036964664,-0.0442896434965746
2025-06-18,482,1.0451319274899062,1.3162959287191913,-0.27116400122928513
2025-06-20,478,1.0949780811478547,1.1066130551774405,-0.011634974029585896
2025-06-23,462,1.035653402605322,1.0065217923192482,0.02913161028607378
2025-06-24,456,1.006742983726483,1.0028023181056174,0.003940665620865589
2025-06-25,456,1.2662866743387147,1.3381169005558202,-0.07183022621710565
2025-06-26,449,1.214763514659647,1.20827046451568,0.00649305014396673
2025-06-27,451,1.0007392771480104,0.9869483210147565,0.013790956133253925
2025-06-30,468,1.0541990591785773,1.0228024953830128,0.03139656379556444
2025-07-01,475,0.9672479387384004,0.9268615078857142,0.04038643085268617
2025-07-02,469,0.8865593237500906,0.8331554841988794,0.053403839551211175
2025-07-03,477,0.8998376284375288,0.8003167538135737,0.09952087462395509
2025-07-07,481,0.8726537071292048,0.8059865417799118,0.06666716534929303
2025-07-08,478,0.9034138745036362,0.8477468169478726,0.05566705755576354
2025-07-09,479,0.8741208506530107,0.8107646467608546,0.06335620389215615
2025-07-10,486,0.8683897286550585,0.824202297624335,0.044187431030723444
2025-07-11,481,0.8595534724865872,0.8535866629789192,0.005966809507668097
2025-07-14,478,0.8013745783733565,0.7847954285417983,0.01657914983155814
2025-07-15,481,1.0399118485069045,1.134186575581633,-0.09427472707472853
2025-07-16,480,1.0874954706027016,1.1443323518474633,-0.056836881244761675
2025-07-17,480,1.0238782580656645,1.0489644965627314,-0.025086238497066853
2025-07-18,484,1.1330557342829521,1.169115380142458,-0.03605964585950578
2025-07-21,488,1.1265439687448526,1.1480454372940774,-0.021501468549224828
2025-07-22,490,1.0726699208830888,1.0676576432664597,0.0050122776166290255
2025-07-23,489,1.1438855296054347,1.1261156452175345,0.017769884387900114
2025-07-24,480,1.2635474808561813,1.2287749180990537,0.034772562757127444
2025-07-25,474,1.469417823208545,1.4161986557094943,0.053219167499050576
2025-07-28,471,1.420107295792501,1.3841734053445744,0.03593389044792652
2025-07-29,468,1.372367056035168,1.3148249762380957,0.05754207979707221
2025-07-30,469,1.3303522356950634,1.3008493396625453,0.02950289603251814
2025-07-31,476,1.1540630703677772,1.1617937484162382,-0.007730678048461071
2025-08-01,476,1.2218912326756364,1.2090817991953382,0.012809433480297902
2025-08-04,472,1.1350994872038795,1.1266632265878644,0.00843626061601501
2025-08-05,473,1.1081642318883103,1.1298673958167322,-0.021703163928422142
2025-08-06,467,1.2667404738909533,1.304711959579181,-0.037971485688227724
2025-08-07,459,1.0998194266169958,1.0934752397116585,0.006344186905337258
2025-08-08,445,0.9606011488605709,0.9393426253334284,0.021258523527142522
2025-08-11,439,0.9968292408823044,0.9550571586815518,0.04177208220075259
2025-08-12,436,0.9279991600722975,0.9017593089405178,0.026239851131779703
2025-08-13,437,0.8063131014501957,0.8222883320477871,-0.015975230597591362
2025-08-14,443,0.7180176192593851,0.7133238805916878,0.004693738667697352
2025-08-15,459,0.8153363165457974,0.719452386297563,0.09588393024823429
2025-08-18,467,0.7877381518694827,0.7524763128177595,0.035261839051723254
2025-08-19,470,0.8569596200112206,0.8579099815322462,-0.0009503615210254725
2025-08-20,476,0.9692392486280909,0.9914244189436393,-0.022185170315548595
2025-08-21,477,1.10793915553463,1.1974620139191956,-0.08952285838456556
2025-08-22,466,0.8628250605598324,0.8616728158926829,0.0011522446671496484
2025-08-25,447,0.8597517170359126,0.8322495274087632,0.02750218962714938
2025-08-26,442,0.802379317448998,0.7758947483576015,0.02648456909139637
2025-08-27,434,0.8037375999982246,0.7792602624314277,0.024477337566796913
2025-08-28,420,0.8358501507796468,0.8197729547020404,0.016077196077606284
2025-08-29,433,0.8835349858187438,0.896057814728919,-0.012522828910175208
2025-09-02,452,0.9023650721175615,0.9530839375646905,-0.050718865447128905
2025-09-03,452,1.021042900053246,1.0927004789955008,-0.07165757894225505
2025-09-04,456,0.9934928652189904,1.057921339188099,-0.06442847396910877
2025-09-05,465,0.9942117275171031,1.0338855407987744,-0.03967381328167137
2025-09-08,446,1.054515927915792,1.0467592525253702,0.0077566753904219615
2025-09-09,443,0.9498065538408116,0.9978279905480972,-0.04802143670728553
2025-09-10,448,0.7812250015501672,0.8973624000643948,-0.11613739851422762
2025-09-11,449,0.9063392882708035,0.8900565959337225,0.016282692337081028
2025-09-12,456,0.9113820851604222,1.0147803636056734,-0.1033982784452513
2025-09-15,475,0.887538401878459,0.9272693629666015,-0.0397309610881424
2025-09-16,483,0.8844375340669745,0.9988973967309518,-0.11445986266397741
2025-09-17,485,0.8873099578762811,0.9620148405793884,-0.0747048827031072
2025-09-18,485,0.8938621306481364,0.8622670382994171,0.03159509234871931
2025-09-19,481,0.8691973708547241,0.9288555339043006,-0.05965816304957658
2025-09-22,484,0.8575904185734019,0.8551021867857205,0.002488231787681408
2025-09-23,460,0.8022480804041142,0.8096295538143534,-0.0073814734102392214
2025-09-24,452,0.9930217831296609,1.0139345100351573,-0.020912726905496407
2025-09-25,452,1.1412290963741534,1.166991317218523,-0.025762220844369563
2025-09-26,449,1.0965889406034612,1.1117119482358193,-0.015123007632358037
2025-09-29,449,1.0989632488093106,1.1045658627223378,-0.005602613913027272
2025-09-30,471,0.9286334261213142,0.9166381106403024,0.011995315481011645
2025-10-01,480,0.9303773591916566,0.9401408913413434,-0.009763532149686723
2025-10-02,479,0.9175199238683208,0.8944767468935315,0.02304317697478933
2025-10-03,479,1.2476243169516392,1.1871758848589125,0.06044843209272678
2025-10-06,481,0.9907635059265487,0.9293605600002453,0.06140294592630345
2025-10-07,480,0.8241003816658161,0.8109336781534591,0.013166703512356982
2025-10-08,475,0.891244904351959,0.8681560920027579,0.023088812349201123
2025-10-09,478,0.9978959741977749,0.9863941128433203,0.011501861354454473
2025-10-10,482,0.9769324619555075,0.9529236789397392,0.02400878301576839
2025-10-13,480,0.9157772041272457,0.938590061295774,-0.022812857168528402
2025-10-14,482,0.9182931479710831,1.0139586839112902,-0.09566553594020699
2025-10-15,484,0.8929617804870804,0.9435446794472299,-0.05058289896014946
2025-10-16,484,1.014252050456911,1.0721009738769935,-0.057848923420082625
2025-10-17,486,1.0177325043410919,1.0392050458583446,-0.021472541517252725
2025-10-20,487,1.0007021245248366,0.9864764734215462,0.014225651103290566
2025-10-21,487,1.051635587057052,1.0420665785600092,0.009569008497042845
2025-10-22,488,1.5091794385710118,1.4637451270102335,0.04543431156077811
2025-10-23,487,1.396721226042416,1.3827045044619117,0.01401672158050437
2025-10-24,479,1.3384595463940718,1.3091533534085038,0.02930619298556803
2025-10-27,473,1.464969255957798,1.382971501980411,0.08199775397738708
2025-10-28,471,1.3697152497651521,1.3358956708116247,0.03381957895352735
2025-10-29,469,1.1733101135444957,1.176677946369525,-0.003367832825029159
2025-10-30,471,1.1302589997012544,1.150171663301724,-0.01991266360046968
2025-10-31,471,1.1505537648593627,1.182465093512086,-0.031911328652723364
2025-11-03,468,1.1552456710964538,1.1612462866135478,-0.006000615517094174
2025-11-04,471,1.1902913025905164,1.1515010487577073,0.038790253832808964
2025-11-05,468,1.045281660603892,1.0341910165761081,0.01109064402778381
2025-11-06,458,0.9786353278915976,0.9605881622535163,0.01804716563808136
2025-11-07,446,0.8300841687322446,0.8581786631362187,-0.028094494403974175
2025-11-10,438,1.0717638227343986,1.0874316243010296,-0.01566780156663096
2025-11-11,433,1.1052421565967705,1.1270799048618247,-0.021837748265054233
2025-11-12,432,1.1663878593270178,1.176002801055695,-0.009614941728677375
2025-11-13,436,1.1306001902823255,1.14259051124639,-0.011990320964064544
2025-11-14,451,0.9025424429188592,0.9209185511181126,-0.018376108199253328
2025-11-17,463,0.9165887568614411,0.9130835159205493,0.003505240940891886
2025-11-18,463,1.1902809767556715,1.226192236566228,-0.03591125981055676
2025-11-19,467,1.2701662252847559,1.267659615833314,0.0025066094514418556
2025-11-20,460,1.6963871269079847,1.310691019061902,0.38569610784608266
2025-11-21,447,1.049218284360304,1.055326784851863,-0.0061085004915590645
2025-11-24,448,0.983616456294772,0.9848768939223546,-0.0012604376275825618
2025-11-25,446,1.050069504260533,1.0175120573875636,0.03255744687296942
2025-11-26,444,1.025378587362011,1.0487479982296652,-0.023369410867654518
2025-11-28,437,1.1288075980015777,1.1606455337291706,-0.03183793572759294
2025-12-01,453,1.1134552245334157,1.121289220269148,-0.007833995735732197
2025-12-02,455,1.1018095707981574,1.1077919477684288,-0.005982376970271437
2025-12-03,456,1.133469835645643,1.1482767565430718,-0.014806920897429049
2025-12-04,460,1.1417313877151944,1.1682549972189324,-0.02652360950373785
2025-12-05,471,0.9750105309728468,0.9771631598176731,-0.0021526288448263094
2025-12-08,453,1.0743030538638632,1.1258958672683113,-0.05159281340444816
2025-12-09,449,0.9978638994876968,1.0130062449736368,-0.015142345485939943
2025-12-10,450,1.0686888361876603,1.0713290818775245,-0.0026402456898641474
2025-12-11,448,0.9540834997179377,0.938748842388856,0.015334657329081737
2025-12-12,452,0.8070758208216057,0.8152629874770554,-0.008187166655449765
2025-12-15,472,0.801365282364308,0.8012403205463158,0.0001249618179922652
2025-12-16,477,0.7940673628786594,0.7822125458107452,0.011854817067914292
2025-12-17,481,0.8511684869408306,0.8692600006488386,-0.018091513708007906
2025-12-18,477,0.723902195180162,0.774187163036272,-0.05028496785611011
2025-12-19,477,0.610589162722064,0.7169490288107613,-0.10635986608869727
2025-12-22,478,0.5902737225967863,0.5501250510527125,0.04014867154407377
2025-12-23,462,0.6137764030795423,0.5265862133095233,0.08719018977001894
2025-12-24,445,0.712517918485409,0.6859272009719626,0.026590717513446452
2025-12-26,450,0.8215011355824844,0.818805404926702,0.002695730655782352
2025-12-29,451,1.0636372976494954,1.0525725721178238,0.011064725531671645
2025-12-30,452,1.0530264456357132,1.051900694329766,0.00112575130594725
2025-12-31,470,1.2621475781731408,1.295201824558181,-0.0330542463850401
2026-01-02,481,1.245300720033921,1.3159712483696693,-0.07067052833574826
2026-01-05,480,1.0271759572908625,1.0381200298058832,-0.010944072515020635
2026-01-06,483,1.0095054387599158,1.0014448337839603,0.008060604975955524
2026-01-07,482,1.3476789177455328,1.3319515093231287,0.015727408422404197
2026-01-08,478,1.2241641571852282,1.2419947952967383,-0.0178306381115102
2026-01-09,478,1.1258796192307028,1.1314216141382034,-0.005541994907500728
2026-01-12,477,1.1376361455665296,1.121391566731635,0.016244578834894642
2026-01-13,476,1.0406117266483734,1.0564268439368836,-0.01581511728851024
2026-01-14,476,0.9317341847730707,0.9302479453701571,0.001486239402913549
2026-01-15,476,0.9460836874737775,0.923144763950677,0.022938923523100434
2026-01-16,483,0.8909667951286391,0.8846742093747291,0.006292585753909967
2026-01-20,488,1.0145159971735163,1.0749730060964076,-0.06045700892289142
2026-01-21,487,1.015203729369988,1.0105523231405182,0.004651406229469817
2026-01-22,486,1.1304571886570283,1.1241471643792116,0.006310024277816616
2026-01-23,481,1.1354328873854431,1.1328783497714225,0.002554537614020547
2026-01-26,476,1.2620650535634779,1.263127158605062,-0.0010621050415841524
2026-01-27,474,1.6571441605212054,1.6601394006596903,-0.0029952401384851462
2026-01-28,474,2.049802474218286,2.0736215932660627,-0.023819119047776373
2026-01-29,475,2.015866483480323,1.9870567927483092,0.028809690732013254
2026-01-30,477,2.0465139408383575,1.9978766649500084,0.04863727588834915
2026-02-02,476,1.8642687295498772,1.815331186177992,0.04893754337188511
2026-02-03,473,1.5645558253902314,1.4565603560596,0.10799546933063117
2026-02-04,471,1.586075703191143,1.523361448288212,0.0627142549029308
2026-02-05,470,1.6382670007790268,1.599005279112637,0.039261721666389776
2026-02-06,453,1.5473596191954213,1.5590655292683853,-0.011705910072963975
2026-02-09,442,1.4617078077339638,1.4738784080957898,-0.012170600361826104
2026-02-10,441,1.190517596084569,1.1952905528551447,-0.004772956770575504
2026-02-11,440,1.083398364888555,1.1046850336725866,-0.021286668784031636
2026-02-12,435,1.2033105936630175,1.1877884754839874,0.015522118179030072
2026-02-13,451,1.0670619091079045,1.0898679061905636,-0.022805997082659245
2026-02-17,464,1.0714122780361726,1.0813791765079384,-0.009966898471765762
2026-02-18,463,1.0613071885768564,1.0654174893932487,-0.00411030081639235
2026-02-19,467,0.9227161113423789,0.9144080145084222,0.008308096833956611
2026-02-20,456,1.0899261802445463,1.0660541686659697,0.023872011578576532
2026-02-23,446,1.2273781463907756,1.16866354769916,0.05871459869161575
2026-02-24,447,1.2984523642272465,1.2785450131846838,0.019907351042562808
2026-02-25,446,1.2333265289455697,1.2187147975509487,0.014611731394620865
2026-02-26,440,1.3559417733723311,1.379494452746456,-0.02355267937412507
2026-02-27,438,1.5970730930991166,1.6383817486888932,-0.04130865558977678
2026-03-02,444,1.3184163010489993,1.3854913022600948,-0.06707500121109534
2026-03-03,434,1.166181511119392,1.2191355036633382,-0.05295399254394609
2026-03-04,434,1.303954884968702,1.3588903735919324,-0.05493548862323056
2026-03-05,440,1.509239801354929,1.5602093472754477,-0.05096954592051869
2026-03-06,439,1.2646128893071187,1.3946683798188275,-0.13005549051170884
2026-03-09,436,1.082403130853886,1.2451297185904346,-0.1627265877365487
2026-03-10,441,0.9464140523354228,0.9962903796712064,-0.04987632733578364
2026-03-11,448,1.006228504770824,1.1532708571924737,-0.14704235242164967
2026-03-12,446,0.9821402737656472,1.066043648603467,-0.08390337483781986
2026-03-13,464,1.0409303019143357,1.0646295887523358,-0.02369928683800018
2026-03-16,477,1.0079455757576417,1.0291884502723563,-0.021242874514714623
2026-03-17,483,1.1344577848595352,1.1471347856613585,-0.012677000801823575
2026-03-18,481,1.0379810700147742,1.042456805264657,-0.004475735249882643
2026-03-19,484,0.99694744806643,0.9871684197347859,0.00977902833164423
2026-03-20,483,1.091716214217359,1.1504043918141489,-0.05868817759679001
2026-03-23,483,1.141997441501682,1.1507262484330245,-0.00872880693134259
2026-03-24,463,0.83954702643894,0.8824846698218538,-0.042937643382913775
2026-03-25,460,0.8626139589858126,0.8562663781880114,0.006347580797801138
2026-03-26,451,0.9837746677487929,0.9675869262785137,0.01618774147027912
2026-03-27,452,1.2608273490530335,1.0930315327639206,0.16779581628911283
2026-03-30,451,1.3979292944596495,1.2312634948943,0.16666579956534952
2026-03-31,474,1.4577708973457453,1.3480074744136035,0.10976342293214186
2026-04-01,474,1.3732736001971848,1.2962343910662386,0.07703920913094625
2026-04-02,478,1.4012355625635353,1.4029155581883204,-0.001679995624785238
2026-04-06,481,1.430739188980662,1.4245332833156832,0.006205905664979011
2026-04-07,482,1.6495601833502502,1.6737331350859967,-0.02417295173574669
2026-04-08,477,1.0743549649328574,1.031812296767714,0.04254266816514345
2026-04-09,481,1.1856504958733725,1.115466491486127,0.07018400438724538
2026-04-10,483,1.5120810007884322,1.4178322106686276,0.09424879011980468
2026-04-13,480,1.2414183791503446,1.139671765644114,0.10174661350623039
2026-04-14,481,1.175755074440146,1.115207641463595,0.060547432976551074
2026-04-15,482,1.1447167702784284,1.1141292492245862,0.030587521053842208
2026-04-16,483,1.2084217282111533,1.1977434094455253,0.010678318765628261
2026-04-17,486,1.275300502614833,1.3204785399353043,-0.04517803732047121
2026-04-20,489,1.259494801107104,1.3382522494878533,-0.07875744838074904
2026-04-21,489,1.1926632239186672,1.212040806639247,-0.01937758272057991
2026-04-22,491,1.3769996580220738,1.4331925517670847,-0.05619289374501084
2026-04-23,485,1.238126189935429,1.2442517529566834,-0.006125563021254143
2026-04-24,480,1.1885718352297572,1.1932560709606053,-0.004684235730848188
2026-04-27,474,1.3188821806898912,1.3208022266639017,-0.0019200459740107043
2026-04-28,471,1.4100480039719754,1.417543877831692,-0.007495873859716538
2026-04-29,472,1.5972256040144,1.561638476299869,0.035587127714531014
2026-04-30,477,1.3980622028452767,1.3996261012369062,-0.0015638983916293758
2026-05-01,469,1.6097008644388138,1.6248173238699928,-0.015116459431179258
2026-05-04,470,1.6821961316415404,1.6951708587753918,-0.012974727133851274
2026-05-05,470,1.3975415535495834,1.404723697208849,-0.007182143659265479
2026-05-06,464,1.412611725588121,1.5608728598105353,-0.1482611342224141
2026-05-07,459,1.3615338346550192,1.3867168349683985,-0.02518300031337938
2026-05-08,447,1.204271688640943,1.2351059259920836,-0.030834237351140475
2026-05-11,441,1.1650128115651837,1.1802620995996238,-0.015249288034440171
2026-05-12,441,1.1155618421170022,1.1390251241536768,-0.02346328203667477
2026-05-13,442,1.0791842750059724,1.0596099618132138,0.019574313192758732
2026-05-14,443,1.059340027859627,1.0391668131518024,0.020173214707824728
2026-05-15,449,1.2588514828745478,1.1844397876716828,0.07441169520286497
2026-05-18,457,1.355014243032124,1.298802566754472,0.056211676277651876
2026-05-19,457,1.6461702415646495,1.5845472137600323,0.0616230278046171
2026-05-20,460,1.4577091562456357,1.4254494235271193,0.0322597327185162
2026-05-21,449,1.6360058603819494,1.5948801039278009,0.041125756454148336
2026-05-22,448,1.8096200404495602,1.7846154820087727,0.02500455844078748
2026-05-26,449,1.5964792474787401,1.5808422537953404,0.015636993683399922
2026-05-27,448,1.4770194986632832,1.4785043416622978,-0.0014848429990148482
2026-05-28,444,1.2593597326483832,1.2440374829802436,0.015322249668139568
2026-05-29,442,1.1423217296214798,1.170347668398908,-0.028025938777428004
2026-06-01,457,1.17151480820329,1.230085362657744,-0.05857055445445378
2026-06-02,454,1.3334462944990633,1.3299308264342626,0.003515468064800604
2026-06-03,452,1.4414068961661581,1.455916262824806,-0.014509366658648064
2026-06-04,456,1.2309123665345825,1.2368550961121467,-0.005942729577564051
2026-06-05,463,1.1398385291018982,1.11550255275174,0.024335976350158474
2026-06-08,440,1.3199942769669804,1.2494061000250425,0.07058817694193788
2026-06-09,439,1.1561090540719368,1.1113441409428155,0.04476491312912111
2026-06-10,443,1.5094571891669821,1.4913547624752415,0.018102426691740715
2026-06-11,442,1.3367767164323754,1.353490599402881,-0.016713882970505755
2026-06-12,449,1.4071666241027865,1.4409103706294553,-0.033743746526668714
2026-06-15,475,1.0630198817507694,1.0926176077891738,-0.029597726038404375
2026-06-16,479,1.1255424472436653,1.1310102746213797,-0.005467827377714537
2026-06-17,478,1.4607988007341517,1.468175339600022,-0.007376538865870257
2026-06-18,477,1.5068013387581451,1.4702494597733333,0.036551878984811666
2026-06-22,479,1.639520379275126,1.5982521029184111,0.04126827635671511
2026-06-23,460,1.42326592637675,1.3682467317520703,0.055019194624679656
2026-06-24,455,1.340710499613895,1.301805959119532,0.03890454049436302
2026-06-25,452,1.8114878280752338,1.7322229564377953,0.07926487163743848
2026-06-26,450,1.3680002759118257,1.3257270555279537,0.042273220383872025
2026-06-29,450,1.453986132802048,1.4055370532960816,0.048449079505966344
2026-06-30,470,1.3770422136209597,1.390517900330381,-0.013475686709421468
2026-07-01,474,1.0054676371612217,1.0012456065765913,0.004222030584630329
2026-07-02,473,0.9816686795733817,0.9639389730497645,0.017729706523617123
2026-07-06,479,1.0493940391838958,1.0353667832108278,0.014027255973068153
2026-07-07,482,1.0493094783767791,1.041045589187639,0.008263889189140283
2026-07-08,479,1.037757566665481,1.0267583111179361,0.010999255547544811
2026-07-09,483,1.2032555569408518,1.189529509282501,0.01372604765835084
2026-07-10,487,1.143478479233879,1.139334792023502,0.004143687210377197
2026-07-13,483,0.9587466509572906,0.9743238728766086,-0.015577221919318086
2026-07-14,481,0.9579464298702935,0.9978884012238436,-0.03994197135354999
2026-07-15,484,0.9892328056561475,0.9995718136539787,-0.010339007997831358
2026-07-16,482,1.3052861528449509,1.3479528942802181,-0.04266674143526721
2026-07-17,481,1.0693921377785545,1.0601438751895937,0.00924826258896086
2026-07-20,485,1.1277765653510188,1.0808175162137599,0.04695904913725899
2026-07-21,485,1.7124059272892433,1.6405849015602478,0.0718210257289955
2026-07-22,486,1.9904970593765892,1.9500416309937674,0.040455428382821644
2026-07-23,486,1.640355584567998,1.570722077699623,0.06963350686837493
2026-07-24,481,1.3803116916925102,1.3522716461080293,0.02804004558448084
2026-07-27,474,1.3213738890806128,1.2743468565979512,0.047027032482661886
2026-07-28,474,1.5836254100835274,1.5155776905521146,0.0680477195314131
2026-07-29,473,1.8242413052878184,1.7255811797602938,0.09866012552752457
2026-07-30,474,1.421530745444571,1.385905365139129,0.03562538030544198
2026-07-31,475,1.491230464930428,1.4608340625110912,0.030396402419336728
2026-08-03,476,1.3060644183613168,1.2898861991223285,0.01617821923898817
2026-08-04,475,1.1171630939346981,1.1185619307278398,-0.0013988367931417728
2026-08-05,470,1.12511440901703,1.1077746629380112,0.017339746079018645
2026-08-06,464,1.1509230400226804,1.0685978077762774,0.08232523224640313
2026-08-07,448,1.0891125125944743,1.036623427058696,0.052489085535778364
2026-08-10,445,1.059847575560806,1.0359007501422939,0.023946825418512233
2026-08-11,441,0.9542563681554234,0.9198054625762987,0.034450905579124655
2026-08-12,437,1.2685696515167255,1.2471315530778517,0.021438098438873888
2026-08-13,438,1.2614954116031727,1.2669683364793185,-0.005472924876145709
2026-08-14,454,1.3322537243337034,1.3175932701759212,0.014660454157782256
2026-08-17,457,1.51416109961672,1.5159782132935218,-0.0018171136768019307
