origin_trading_day,rows,baseline_loss,candidate_loss,loss_delta_baseline_minus_candidate
2020-05-05,445,1.6425907492603364,1.8641592727805376,-0.22156852352020118
2020-05-06,442,1.6950658295407022,1.897166115199098,-0.20210028565839566
2020-05-07,438,1.6328141371895484,1.8380617618455408,-0.20524762465599256
2020-05-08,437,1.8958410595938067,2.059658312933624,-0.1638172533398178
2020-05-11,438,1.5104797725330366,1.750760209528732,-0.2402804369956956
2020-05-12,431,1.585827273719716,1.8352368310010123,-0.24940955728129638
2020-05-13,431,2.3821513475951073,2.6298900259754325,-0.2477386783803256
2020-05-14,440,2.047151100990936,2.2976173710902517,-0.2504662700993156
2020-05-15,443,2.0193985670193495,2.269787328184175,-0.2503887611648253
2020-05-18,440,1.7629874130072396,2.012436249574672,-0.24944883656743227
2020-05-19,446,2.3781623594544667,2.626965217619407,-0.24880285816494074
2020-05-20,438,1.8538117906346123,2.105513377435927,-0.25170158680131477
2020-05-21,430,1.8294727232651053,2.0875927220677313,-0.25811999880262615
2020-05-22,433,1.9123461736296337,2.1734795337558683,-0.26113336012623445
2020-05-26,434,1.6767024809417597,1.9379498965938782,-0.2612474156521184
2020-05-27,434,1.695101881907386,1.9584828800665726,-0.2633809981591865
2020-05-28,435,1.9380046098225345,2.192576055031129,-0.25457144520859454
2020-05-29,449,2.80746918743083,3.0438681108892425,-0.23639892345841174
2020-06-01,452,3.0625587977020627,3.290235046908518,-0.2276762492064552
2020-06-02,448,2.147464676265451,2.3927927253007906,-0.24532804903533958
2020-06-03,451,1.4851603809681533,1.727920039925502,-0.2427596589573486
2020-06-04,449,1.9476232881238413,2.0987471778762106,-0.15112388975236915
2020-06-05,428,2.157325722733189,2.2825312227568917,-0.12520550002370298
2020-06-08,423,2.307808106344461,2.404289152779356,-0.09648104643489516
2020-06-09,429,1.638677045142067,1.8252399062443183,-0.18656286110225156
2020-06-10,430,1.5146955754918658,1.7144665454968142,-0.1997709700049481
2020-06-11,444,1.585630374558577,1.8276867141061128,-0.24205633954753583
2020-06-12,461,1.4187445953004905,1.638409627630528,-0.21966503233003754
2020-06-15,467,1.3131263289291026,1.5094562423386046,-0.19632991340950195
2020-06-16,469,1.3199409762745702,1.4960510452232227,-0.17611006894865236
2020-06-17,468,1.494617045626978,1.6257737666901937,-0.1311567210632155
2020-06-18,467,1.388526616514047,1.5287424106718694,-0.14021579415782234
2020-06-19,470,1.5299187385009865,1.6432442732104817,-0.11332553470949523
2020-06-22,452,1.2559778068126497,1.3996828016358684,-0.14370499482321863
2020-06-23,444,1.0804057653753076,1.2284147377884522,-0.1480089724131448
2020-06-24,441,1.1291458885375005,1.2952634642800978,-0.16611757574259714
2020-06-25,438,1.121737835677058,1.2785766015300153,-0.15683876585295728
2020-06-26,438,1.5764845979925803,1.7367743746111393,-0.16028977661855898
2020-06-29,455,1.2292174417093866,1.377026572717761,-0.14780913100837423
2020-06-30,463,1.2059106149314167,1.3456478337815843,-0.1397372188501673
2020-07-01,458,1.3056114965220191,1.4240361708666065,-0.11842467434458728
2020-07-02,462,1.1483289457222492,1.2804843149911906,-0.13215536926894136
2020-07-06,465,1.0951859805403088,1.213800475437877,-0.11861449489756794
2020-07-07,462,1.0241720168535526,1.1627959331230577,-0.1386239162695052
2020-07-08,461,1.2971770077069866,1.4353078609220118,-0.1381308532150254
2020-07-09,466,1.6722825776064532,1.7982547340570207,-0.12597215645056764
2020-07-10,464,1.4003347305000577,1.5300616941246792,-0.1297269636246217
2020-07-13,464,1.3203481595212703,1.4544318513867862,-0.1340836918655159
2020-07-14,467,1.09755575696587,1.231851836439098,-0.13429607947322797
2020-07-15,467,1.083048970165877,1.205948931504699,-0.12289996133882221
2020-07-16,467,1.0597910181237584,1.1845892574606591,-0.12479823933690072
2020-07-17,469,1.0200504669932664,1.1293135253309345,-0.10926305833766796
2020-07-20,468,1.070569440625725,1.1846104145016705,-0.11404097387594571
2020-07-21,467,1.01130219573473,1.114111855640734,-0.10280965990600385
2020-07-22,469,1.0192434598095153,1.1321469786821345,-0.11290351887261932
2020-07-23,464,1.087883841733196,1.1930625473912113,-0.10517870565801532
2020-07-24,453,1.1619453164464417,1.2690257486211791,-0.1070804321747375
2020-07-27,452,1.1170762520967947,1.2254710118230416,-0.10839475972624678
2020-07-28,454,1.2236031401924141,1.333460621878257,-0.10985748168584285
2020-07-29,454,1.128430526870967,1.2316210747490874,-0.10319054787812068
2020-07-30,455,1.1684121571796309,1.2743168096183273,-0.10590465243869665
2020-07-31,459,1.2448355541251788,1.3513206937641822,-0.1064851396390035
2020-08-03,458,1.5063970144993146,1.5998845268150612,-0.09348751231574685
2020-08-04,456,1.4955065010275255,1.58347329094313,-0.08796678991560432
2020-08-05,453,1.2396550779156914,1.3425730153815119,-0.10291793746582045
2020-08-06,436,1.0727511581575755,1.1831161106771024,-0.11036495251952701
2020-08-07,437,0.9469216863104848,1.058020169498083,-0.1110984831875982
2020-08-10,436,0.9143007643393369,1.0178896611823969,-0.10358889684305994
2020-08-11,430,1.023434662338383,1.117428325475173,-0.09399366313678992
2020-08-12,426,0.9339393980756315,1.0214524775922913,-0.08751307951665972
2020-08-13,445,0.9577345751158205,1.0453031375635518,-0.08756856244773133
2020-08-14,448,1.0370916426375016,1.115809156283577,-0.07871751364607528
2020-08-17,446,0.8644863607050616,0.9605944698510867,-0.0961081091460251
2020-08-18,453,0.8310873789369914,0.9310393867492026,-0.09995200781221134
2020-08-19,458,0.9271892213027317,1.0249916302274726,-0.09780240892474092
2020-08-20,455,0.9359311484662005,1.0424291884504797,-0.10649803998427919
2020-08-21,449,1.1234363452186238,1.2290539697654896,-0.10561762454686584
2020-08-24,438,0.9145714679817639,1.011541545759026,-0.09697007777726217
2020-08-25,432,0.9609058525267715,1.056899618551689,-0.09599376602491759
2020-08-26,428,1.0674027314420096,1.1683087767226463,-0.10090604528063672
2020-08-27,423,0.8040490033904722,0.8914996754331818,-0.08745067204270951
2020-08-28,434,0.959292947487443,1.028050421096543,-0.06875747360910006
2020-08-31,444,1.3531179241865399,1.3810305857613394,-0.027912661574799498
2020-09-01,444,1.1605358986003964,1.2064069675733413,-0.045871068972944753
2020-09-02,444,1.7990268186045266,1.7594085918992453,0.039618226705281284
2020-09-03,455,1.118092904263703,1.1714906852400886,-0.05339778097638576
2020-09-04,428,0.9635639013247114,1.0418571882368615,-0.07829328691215014
2020-09-08,428,1.0924496712505665,1.1851948804447172,-0.09274520919415073
2020-09-09,432,0.9748124860697788,1.0639174175975805,-0.08910493152780179
2020-09-10,436,1.016393806855934,1.1033490718863153,-0.08695526503038109
2020-09-11,436,0.888973647290583,0.9676304410867312,-0.07865679379614819
2020-09-14,461,1.1942192668319618,1.2294999894531247,-0.03528072262116296
2020-09-15,467,1.126523945797888,1.163703046973025,-0.037179101175137036
2020-09-16,469,1.7766854941745178,1.7519053638283877,0.024780130346130056
2020-09-17,468,1.6157612700597306,1.612044312918403,0.0037169571413274457
2020-09-18,468,1.1837901677376026,1.21929596653759,-0.03550579879998739
2020-09-21,470,0.8611893414836516,0.9511902832325911,-0.09000094174893951
2020-09-22,451,0.7654909019920972,0.8502568691301375,-0.08476596713804022
2020-09-23,444,1.093463579580533,1.1825039095434564,-0.0890403299629234
2020-09-24,441,1.2621743404928292,1.3426776517431973,-0.08050331125036828
2020-09-25,442,0.9713391287250491,1.0579329969820643,-0.0865938682570153
2020-09-28,437,0.9541155451268892,1.0410130846263215,-0.08689753949943224
2020-09-29,455,0.96063348398463,1.0444228535329603,-0.08378936954833041
2020-09-30,463,1.1272390323289216,1.2080119443866346,-0.08077291205771278
2020-10-01,455,1.4625999048111529,1.5336713075533979,-0.071071402742245
2020-10-02,456,1.340375329113542,1.416253481157834,-0.07587815204429185
2020-10-05,461,1.066238857465796,1.151113660353522,-0.08487480288772603
2020-10-06,463,1.145273226780823,1.2267780689278702,-0.08150484214704708
2020-10-07,460,0.8624328330683794,0.9433515328699207,-0.08091869980154134
2020-10-08,469,0.865834271430932,0.9370740476871848,-0.07123977625625279
2020-10-09,469,0.844683482020344,0.9102916819482954,-0.06560819992795132
2020-10-12,469,1.0437106455178533,1.0791408023159028,-0.03543015679804958
2020-10-13,467,0.8708885421075426,0.9281111588233808,-0.05722261671583823
2020-10-14,469,0.8988580217300624,0.9514025262035046,-0.05254450447344227
2020-10-15,470,0.9920039948775184,1.0442689544721477,-0.05226495959462927
2020-10-16,471,0.9502548872637125,1.0117000615444325,-0.0614451742807198
2020-10-19,470,0.9224888327348657,0.976707776326813,-0.05421894359194732
2020-10-20,469,1.1230905071673347,1.1483232367983873,-0.02523272963105244
2020-10-21,471,1.7409281126421239,1.6922959330634806,0.04863217957864339
2020-10-22,466,1.6976950616840647,1.644005686734642,0.0536893749494227
2020-10-23,456,1.92847985804113,1.8410334398807586,0.08744641816037152
2020-10-26,456,1.1546710054896703,1.1778159874476806,-0.023144981958010215
2020-10-27,457,1.2459858351761968,1.2996930243488294,-0.05370718917263262
2020-10-28,456,1.9249028366434386,1.9831772741143334,-0.058274437470894794
2020-10-29,454,2.160956564399311,2.2152309088424107,-0.05427434444309955
2020-10-30,458,2.3891504881428975,2.433188530425527,-0.04403804228262943
2020-11-02,450,3.3001741752212013,3.325311249506948,-0.025137074285746804
2020-11-03,445,2.6849177015982475,2.7184745285368193,-0.033556826938571455
2020-11-04,446,2.5324513488219833,2.5655757191527506,-0.03312437033076669
2020-11-05,439,1.5496356178994322,1.604303668434465,-0.054668050535032736
2020-11-06,434,2.3279459820289277,2.362637194735067,-0.034691212706139236
2020-11-09,441,1.26523593428027,1.3523624707909003,-0.08712653651063065
2020-11-10,439,1.0680762445481284,1.1633525694971176,-0.09527632494898919
2020-11-11,432,1.0028395719988599,1.0912436114545088,-0.08840403945564901
2020-11-12,440,1.3075487161679478,1.3946742409636326,-0.08712552479568499
2020-11-13,449,1.0233665262341312,1.1071309452186318,-0.08376441898450059
2020-11-16,446,1.118290125943447,1.189103609063834,-0.07081348312038709
2020-11-17,450,1.252261650224086,1.3395015568337931,-0.08723990660970693
2020-11-18,453,1.2016184911433,1.2961026550093255,-0.09448416386602543
2020-11-19,450,1.0669743221379433,1.1679359150117743,-0.10096159287383118
2020-11-20,438,1.002281879844701,1.104742439416095,-0.10246055957139388
2020-11-23,432,0.943860047889479,1.043786647818035,-0.09992659992855628
2020-11-24,432,0.938945060197703,1.0258214234693483,-0.08687636327164541
2020-11-25,419,0.9334172280729858,1.0310912063685893,-0.09767397829560356
2020-11-27,428,1.0594754966381261,1.156554531767957,-0.09707903512983104
2020-11-30,443,1.112844134521641,1.2131735872008758,-0.10032945267923475
2020-12-01,449,1.0436002129317594,1.1410502616865548,-0.0974500487547954
2020-12-02,447,0.9162927912514356,1.0155977400115959,-0.09930494876016037
2020-12-03,455,0.9025843705617521,0.9926828721607558,-0.09009850159900365
2020-12-04,454,0.8912355580833748,0.9677635354260972,-0.07652797734272236
2020-12-07,432,0.8843046394381667,0.9599078882923769,-0.07560324885421013
2020-12-08,430,0.8170117710715432,0.9048393713608028,-0.0878276002892597
2020-12-09,435,0.8768296649364004,0.9661058477776202,-0.08927618284121984
2020-12-10,438,0.9341662301827766,1.0259977006792842,-0.09183147049650785
2020-12-11,436,1.0078220122417527,1.0963842957579382,-0.08856228351618561
2020-12-14,456,0.9060448838413924,0.999231123611051,-0.09318623976965869
2020-12-15,458,1.0169207176028423,1.0905587952725873,-0.07363807766974488
2020-12-16,459,0.8674362060998052,0.9561255589359609,-0.08868935283615564
2020-12-17,458,0.8075843164926302,0.8941757411500562,-0.08659142465742604
2020-12-18,465,0.7688828303969837,0.859084326650414,-0.09020149625343035
2020-12-21,467,0.7153669013983771,0.808535760146029,-0.09316885874765193
2020-12-22,454,0.7670578985535589,0.862770025237696,-0.09571212668413713
2020-12-23,444,0.7844516879039889,0.8816814896735018,-0.09722980176951292
2020-12-24,446,0.8027057229586773,0.8827263631249206,-0.08002064016624333
2020-12-28,444,0.8451255197798034,0.9292177538517685,-0.08409223407196517
2020-12-29,443,1.3488160623896361,1.425890542686537,-0.07707448029690094
2020-12-30,449,1.4852303993554503,1.557268096790163,-0.07203769743471282
2020-12-31,456,1.421723863360318,1.4937715580776016,-0.07204769471728373
2021-01-04,461,1.6255535650698976,1.697018740236015,-0.07146517516611783
2021-01-05,463,1.6260861118834724,1.696499319737982,-0.07041320785450986
2021-01-06,462,1.017590397164145,1.1047043762704607,-0.08711397910631587
2021-01-07,469,1.0488669914930122,1.1298469562643025,-0.08097996477129056
2021-01-08,471,1.0455318012726145,1.1177756682396358,-0.07224386696702134
2021-01-11,466,1.02595092310711,1.1058127577448809,-0.07986183463777093
2021-01-12,466,1.024268080388882,1.1034408395491941,-0.07917275916031213
2021-01-13,461,0.9773930110153778,1.0580024033005069,-0.0806093922851292
2021-01-14,465,1.0090638758693584,1.0795050960708137,-0.07044122020145525
2021-01-15,467,1.0112017419130643,1.0871030850073433,-0.07590134309427903
2021-01-19,471,1.1805516109035252,1.2358925254752036,-0.055340914571678314
2021-01-20,471,1.8186391698456363,1.812986824174688,0.005652345670948462
2021-01-21,472,1.1695575437294707,1.214170091405715,-0.04461254767624439
2021-01-22,460,1.4450175022004819,1.4655814603407036,-0.020563958140221758
2021-01-25,459,1.1164867045927154,1.1623788598659173,-0.045892155273201986
2021-01-26,458,0.9727054169871162,1.0463746391181452,-0.07366922213102897
2021-01-27,458,1.3285974166369985,1.4080692978831315,-0.07947188124613296
2021-01-28,454,1.1533622450816983,1.2431143192982486,-0.08975207421655011
2021-01-29,463,1.689245876175985,1.7686067824893628,-0.07936090631337782
2021-02-01,459,1.67925822817793,1.7519486079301443,-0.0726903797522145
2021-02-02,455,1.2868597860934765,1.372265282455898,-0.08540549636242176
2021-02-03,452,1.218826399113848,1.309523944832197,-0.0906975457183487
2021-02-04,442,1.105735569525686,1.1943345149054798,-0.08859894537979378
2021-02-05,438,1.0974501854852612,1.1818886112417843,-0.08443842575652334
2021-02-08,435,1.00753835108208,1.0842315005371672,-0.07669314945508723
2021-02-09,435,1.0205493482809895,1.0959277429162844,-0.07537839463529489
2021-02-10,430,0.920359810312066,0.9801427119099668,-0.05978290159790069
2021-02-11,439,0.9950942610013359,1.056577849065462,-0.06148358806412597
2021-02-12,444,1.243289007831993,1.2747739335835022,-0.03148492575150926
2021-02-16,447,1.1624959342224102,1.2011600980945978,-0.03866416387218741
2021-02-17,450,1.3738660067208297,1.4154096978428214,-0.04154369112199188
2021-02-18,442,1.4061927043137898,1.4215285187513094,-0.015335814437519496
2021-02-19,436,1.223913732681686,1.23772641712951,-0.013812684447823697
2021-02-22,436,0.894344284100315,0.9554831659494242,-0.061138881849109136
2021-02-23,438,0.864385607424684,0.9239128679747499,-0.05952726055006603
2021-02-24,435,1.1016152852528902,1.1261177038542802,-0.024502418601390092
2021-02-25,439,1.0840205077670584,1.1207932534130698,-0.036772745646011434
2021-02-26,447,1.2897297753188286,1.3387905769118846,-0.0490608015930562
2021-03-01,448,1.6298135803333818,1.6054863429489967,0.024327237384384914
2021-03-02,433,1.0423589315235624,1.1023495570219684,-0.059990625498406044
2021-03-03,438,1.1473347294120786,1.2150230437582263,-0.06768831434614762
2021-03-04,437,1.4584330029056822,1.5281653513477822,-0.06973234844210009
2021-03-05,422,1.1380034454793102,1.2174265021018917,-0.07942305662258135
2021-03-08,416,1.4205974100347554,1.4923938630447233,-0.07179645300996808
2021-03-09,424,1.0067134324194953,1.091270138555928,-0.08455670613643279
2021-03-10,423,0.9550273769899783,1.0380229958150984,-0.08299561882512009
2021-03-11,432,0.9500709041850377,1.017216286889837,-0.06714538270479913
2021-03-12,453,0.9078294008703626,0.9716087414952135,-0.06377934062485091
2021-03-15,460,0.9476160852244434,1.0008849053300621,-0.0532688201056187
2021-03-16,469,1.0203359498345324,1.063770282512035,-0.04343433267750255
2021-03-17,468,1.1796356467687499,1.2154984453963047,-0.035862798627555016
2021-03-18,468,0.8270799653706522,0.8872752454430093,-0.06019528007235697
2021-03-19,471,1.05135431774473,1.1209134754476975,-0.06955915770296739
2021-03-22,472,1.0389662932028136,1.1041601909528207,-0.0651938977500071
2021-03-23,454,1.0606306172530926,1.1356748451360201,-0.07504422788292743
2021-03-24,446,0.9687672864096151,1.0504242208159904,-0.08165693440637539
2021-03-25,447,0.9894287181355683,1.0724360898067684,-0.08300737167120009
2021-03-26,443,0.8289298763536075,0.9189971724125607,-0.09006729605895325
2021-03-29,439,0.971201132973438,1.0609046414856529,-0.08970350851221486
2021-03-30,457,0.8537921177180879,0.9448331929145959,-0.09104107519650796
2021-03-31,457,0.850334797830638,0.9427015949720138,-0.09236679714137577
2021-04-01,457,0.7823680231286665,0.8747926496777827,-0.09242462654911619
2021-04-05,462,0.7087246498993921,0.7990970161040872,-0.09037236620469513
2021-04-06,466,0.720250915225355,0.806644587125709,-0.08639367190035396
2021-04-07,462,0.7006669102498502,0.7907406886622028,-0.09007377841235267
2021-04-08,469,0.783193959098669,0.8706059468910549,-0.08741198779238578
2021-04-09,472,0.7837775553705627,0.8699106296568443,-0.08613307428628152
2021-04-12,473,0.7409797014691147,0.8238816031409917,-0.08290190167187696
2021-04-13,467,0.8280702917920558,0.8993098062345501,-0.07123951444249435
2021-04-14,471,0.8438690832626169,0.9219732397549325,-0.0781041564923156
2021-04-15,471,0.8041843883112697,0.870247786844928,-0.06606339853365834
2021-04-16,468,0.7399106063072313,0.8173088696073072,-0.07739826330007595
2021-04-19,468,0.7439780246892365,0.8269320811564853,-0.08295405646724882
2021-04-20,473,0.9953427702611253,1.0730210181228619,-0.07767824786173659
2021-04-21,473,0.9088916559951713,0.9757472374374608,-0.06685558144228959
2021-04-22,469,0.9797387465703827,1.0561451064775749,-0.07640635990719219
2021-04-23,461,0.833193497250131,0.9011360089047978,-0.06794251165466678
2021-04-26,460,0.954646388485586,1.019275500588745,-0.06462911210315904
2021-04-27,461,1.0741096109537651,1.1279576834999427,-0.05384807254617766
2021-04-28,461,1.093381400780794,1.1460016798094341,-0.052620279028639985
2021-04-29,459,1.0982556320028631,1.1459437265320924,-0.04768809452922943
2021-04-30,460,1.2012812318143744,1.2599824930921055,-0.05870126127773106
2021-05-03,456,1.1216839048833962,1.1695783843310756,-0.04789447944767938
2021-05-04,453,0.8781543980027529,0.9344777061878468,-0.0563233081850939
2021-05-05,449,1.0707834832486791,1.0992916609135055,-0.028508177664826478
2021-05-06,440,0.8815398881721289,0.9272274645880888,-0.04568757641595987
2021-05-07,440,0.7723913221709993,0.827180524565666,-0.05478920239466679
2021-05-10,444,0.7768284246929349,0.8360761987045072,-0.05924777401157241
2021-05-11,439,0.734493987764626,0.797541456386461,-0.06304746862183494
2021-05-12,437,0.7493253490167928,0.8296441061465581,-0.0803187571297654
2021-05-13,446,0.8357359307214718,0.9075780234592089,-0.07184209273773703
2021-05-14,450,0.7503046417964907,0.8136990477394972,-0.06339440594300647
2021-05-17,445,0.8240479054038253,0.8896934632420371,-0.06564555783821187
2021-05-18,448,0.815075310666988,0.8853873082022431,-0.0703119975352551
2021-05-19,452,0.7756908852948564,0.8576270015764812,-0.08193611628162473
2021-05-20,442,0.7473862868820713,0.8258009287203395,-0.07841464183826823
2021-05-21,430,0.7271694016888933,0.80497342559526,-0.07780402390636666
2021-05-24,430,0.770037847258908,0.841980540296274,-0.07194269303736608
2021-05-25,429,0.8307510546140289,0.9016875612667365,-0.0709365066527077
2021-05-26,417,0.8013876617549194,0.8681455573353771,-0.06675789558045785
2021-05-27,436,0.7719704048434833,0.8416382291029896,-0.0696678242595062
2021-05-28,448,0.8425073396458729,0.906070428814761,-0.063563089168888
2021-06-01,449,0.7816731011134059,0.8495805508824678,-0.06790744976906177
2021-06-02,448,0.7689073351490479,0.8296147781916652,-0.060707443042617215
2021-06-03,453,0.8809541105989178,0.9384613456429493,-0.05750723504403153
2021-06-04,451,0.7820268125248099,0.8375894875803357,-0.055562675055525784
2021-06-07,433,0.7934614418425946,0.8435755172494055,-0.050114075406810975
2021-06-08,430,0.754522616608278,0.8017927036224813,-0.04727008701420328
2021-06-09,434,0.7136248138202032,0.7614498139424197,-0.04782500012221649
2021-06-10,441,0.9332588326268084,0.9583095231046637,-0.02505069047785523
2021-06-11,441,1.373383332408284,1.340149041167632,0.033234291240652046
2021-06-14,462,0.8194800447241564,0.8550406019422527,-0.03556055721809633
2021-06-15,470,0.8889425913297833,0.9221735945072118,-0.033231003177428615
2021-06-16,471,0.8017216806834042,0.8461565385236276,-0.044434857840223344
2021-06-17,467,0.6923186418456281,0.754823237580442,-0.06250459573481391
2021-06-18,466,1.0250411681025562,1.0866782916759448,-0.06163712357338843
2021-06-21,468,0.7365107718727949,0.7993244394572813,-0.06281366758448642
2021-06-22,450,0.735906700612386,0.7951752362985476,-0.05926853568616147
2021-06-23,443,0.6850760316577073,0.7470185132716197,-0.06194248161391251
2021-06-24,442,0.5982303162823155,0.6653770363267156,-0.06714672004440003
2021-06-25,440,0.5925155121912914,0.655238521584457,-0.06272300939316545
2021-06-28,437,0.6062513183204712,0.6632312211776481,-0.056979902857176946
2021-06-29,454,0.6869454003057444,0.7411212020902888,-0.05417580178454434
2021-06-30,456,0.8093823920984776,0.850672750959971,-0.04129035886149346
2021-07-01,460,0.6568432789776468,0.7100975403850773,-0.05325426140743056
2021-07-02,466,0.6088686785935178,0.6641354038860532,-0.055266725292535505
2021-07-06,470,0.5579398251181168,0.6160605030001004,-0.058120677881983544
2021-07-07,464,0.5858401069807416,0.6378105946908871,-0.051970487710145466
2021-07-08,468,0.6581975389140381,0.7135361700459643,-0.055338631131926136
2021-07-09,471,0.9253017940652141,0.9521563437347318,-0.026854549669517686
2021-07-12,470,1.40054140624589,1.3598062579553567,0.04073514829053321
2021-07-13,465,0.8214703796150132,0.8559780808605817,-0.03450770124556839
2021-07-14,471,0.6274987855081648,0.6828356851327742,-0.05533689962460938
2021-07-15,470,0.7166957648980754,0.766312358937429,-0.04961659403935364
2021-07-16,469,0.7934373891382304,0.850734715189753,-0.05729732605152263
2021-07-19,467,1.2146862640152807,1.2690741084162713,-0.054387844400990544
2021-07-20,471,0.7256258970795347,0.7912438445756076,-0.06561794749607296
2021-07-21,471,0.6858383116814479,0.7431484023202561,-0.05731009063880812
2021-07-22,465,0.8122835836827067,0.8699507215651114,-0.05766713788240476
2021-07-23,454,0.74038708048014,0.7896150276343608,-0.0492279471542207
2021-07-26,456,0.7937075282696663,0.8361484359468617,-0.04244090767719547
2021-07-27,457,0.9606673020856511,1.002015602373291,-0.04134830028763984
2021-07-28,457,0.9996432816085387,1.0307168335588701,-0.03107355195033144
2021-07-29,461,0.8902276484892255,0.92468694855175,-0.03445930006252452
2021-07-30,468,0.8182063533302578,0.8617246920361543,-0.0435183387058965
2021-08-02,459,0.8308382775325435,0.8752696391827295,-0.044431361650186046
2021-08-03,458,0.8444405624071484,0.8850583567818988,-0.04061779437475037
2021-08-04,454,1.0963941536806727,1.1343818766617408,-0.03798772298106834
2021-08-05,438,0.8869816061093192,0.8784204922857058,0.008561113823613346
2021-08-06,435,0.7322619241519255,0.7205421629650129,0.01171976118691247
2021-08-09,443,0.7330933110221963,0.7194017419074945,0.013691569114701738
2021-08-10,434,0.7718182198395145,0.7766316200291884,-0.004813400189673916
2021-08-11,433,0.8931108609697059,0.9394468409555596,-0.04633597998585381
2021-08-12,444,1.0455019609182314,1.11583493644344,-0.07033297552520834
2021-08-13,448,0.8561216200611247,0.8920432364184426,-0.03592161635731811
2021-08-16,446,0.6349933769645899,0.64241020521583,-0.007416828251240045
2021-08-17,454,0.711479500968202,0.6996045713456562,0.011874929622545775
2021-08-18,456,0.8205945331475166,0.785413007309341,0.03518152583817557
2021-08-19,462,0.8664828826072047,0.8423594929450255,0.024123389662179143
2021-08-20,462,1.0319880697772503,1.0128776894594367,0.019110380317813546
2021-08-23,456,0.7169473452141937,0.6932369967897184,0.023710348424475298
2021-08-24,435,0.6077213825623566,0.58716617397271,0.020555208589646712
2021-08-25,436,0.6731975338677535,0.6690756593109681,0.004121874556785189
2021-08-26,425,0.7397612592042979,0.7153479634613037,0.024413295742994164
2021-08-27,425,0.7125013924741552,0.7128994578075435,-0.000398065333388269
2021-08-30,429,0.690182099981903,0.7004393672576662,-0.010257267275763026
2021-08-31,447,0.7096188151274148,0.7240336987193134,-0.014414883591898709
2021-09-01,434,0.7017609750118237,0.7196028753105524,-0.017841900298728768
2021-09-02,447,0.932598419662704,0.9930945018827356,-0.06049608222003161
2021-09-03,449,0.8628924318430751,0.9122673878382617,-0.04937495599518671
2021-09-07,429,0.8324121435548513,0.8699216278104126,-0.037509484255561255
2021-09-08,426,0.8376289866202599,0.8555120843794568,-0.017883097759196987
2021-09-09,438,0.7421458302893441,0.7504876325826607,-0.008341802293316653
2021-09-10,439,0.7737896523413332,0.7865596565428976,-0.012770004201564506
2021-09-13,440,0.9518688578164344,1.0198544134770433,-0.0679855556606089
2021-09-14,463,0.876277713044679,0.9247951552324603,-0.04851744218778109
2021-09-15,470,0.8702382731025481,0.9129500351516567,-0.04271176204910872
2021-09-16,468,0.7169007595349725,0.7228873409996851,-0.005986581464712541
2021-09-17,467,0.7444904045439651,0.7351295097918579,0.00936089475210724
2021-09-20,467,1.1967249828785644,1.1871497542686313,0.009575228609932972
2021-09-21,469,1.2395967147556037,1.2590626927077022,-0.019465977952098538
2021-09-22,449,1.032695769470166,1.0589893430392907,-0.026293573569124873
2021-09-23,443,1.225051545037511,1.314409646224681,-0.08935810118717019
2021-09-24,444,1.1253875084147573,1.1884224949031197,-0.06303498648836242
2021-09-27,440,1.2342541243970517,1.3280094871907746,-0.09375536279372278
2021-09-28,437,0.7511868235572007,0.7577842414038501,-0.00659741784664955
2021-09-29,457,0.749077496959733,0.7545157673413924,-0.005438270381659277
2021-09-30,458,0.8606100824420398,0.8277689948665857,0.03284108757545412
2021-10-01,458,0.7677790568501883,0.7548921901419721,0.012886866708216189
2021-10-04,464,0.7786640989476175,0.7620012721138792,0.01666282683373814
2021-10-05,468,0.741375993032478,0.7371051445286152,0.0042708485038628384
2021-10-06,466,0.7525786757499244,0.7434158708589104,0.009162804891014134
2021-10-07,469,0.7191201546221188,0.6974027647454017,0.021717389876717057
2021-10-08,470,0.7711917057070594,0.7413362611604152,0.029855444546644256
2021-10-11,470,0.9576624336281823,0.9296924373790175,0.027969996249164814
2021-10-12,469,1.0741330189430904,1.0455860446585519,0.028546974284538573
2021-10-13,471,1.1311983905460536,1.099077979430827,0.032120411115226725
2021-10-14,474,0.8411216187813383,0.815779468281722,0.025342150499616314
2021-10-15,474,0.8686490418081715,0.8463879102223104,0.022261131585861023
2021-10-18,473,0.8792297560482794,0.8528546972605064,0.026375058787772954
2021-10-19,473,0.796338358973461,0.7800425292624061,0.01629582971105475
2021-10-20,473,0.9044765048303255,0.9343473782356695,-0.02987087340534384
2021-10-21,470,0.8843862518267147,0.892298715030012,-0.007912463203297282
2021-10-22,458,0.9851055484696475,1.0070898221520217,-0.021984273682374295
2021-10-25,456,0.9260613572227774,0.9343076085407713,-0.008246251317993981
2021-10-26,455,1.0347346838625524,1.039888293095793,-0.005153609233240491
2021-10-27,456,1.1652582476816242,1.144010908357992,0.021247339323632274
2021-10-28,455,1.1182038300112591,1.1156467034952808,0.0025571265159781437
2021-10-29,464,1.3102051627040283,1.3051109840910426,0.005094178612985714
2021-11-01,465,1.0370979761382484,1.025136252296618,0.011961723841630342
2021-11-02,458,1.0221580598647801,1.0128982460734168,0.009259813791363352
2021-11-03,439,0.8438684333448112,0.8498928107378392,-0.006024377393028044
2021-11-04,448,0.7789276949825057,0.7757496413217068,0.003178053660798982
2021-11-05,436,0.8066556781336848,0.8118248418391364,-0.00516916370545149
2021-11-08,432,0.7511725539548997,0.7523400544791278,-0.0011675005242280751
2021-11-09,435,0.7500247194519405,0.746542381627447,0.0034823378244934183
2021-11-10,448,0.7750933848899834,0.7673301979743586,0.007763186915624859
2021-11-11,433,0.8063668788985374,0.8131378742110938,-0.00677099531255659
2021-11-12,446,0.9239873033866455,0.9563608615270125,-0.03237355814036717
2021-11-15,445,0.8757090646017356,0.9110301370015379,-0.035321072399802346
2021-11-16,447,0.8313093417106433,0.861164874139561,-0.029855532428917683
2021-11-17,446,0.7814741845617632,0.7934523759809511,-0.011978191419187895
2021-11-18,457,1.1201925542269062,1.1983620175457446,-0.07816946331883842
2021-11-19,450,0.8847793113960579,0.9205259560064427,-0.035746644610384744
2021-11-22,437,1.4519669022066122,1.5881842635166308,-0.1362173613100186
2021-11-23,436,1.986784379893216,2.180602404610439,-0.19381802471722281
2021-11-24,425,1.2386500017602113,1.3394867656256635,-0.10083676386545194
2021-11-26,426,0.9215697594677955,0.9540867146200583,-0.03251695515226286
2021-11-29,432,0.9290350149901528,0.957971209707187,-0.02893619471703417
2021-11-30,448,1.2419995989439705,1.2096396497218262,0.032359949222144094
2021-12-01,450,1.672892927143609,1.6381019561377157,0.0347909710058933
2021-12-02,452,0.9120777445255956,0.8811347500137228,0.030942994511872875
2021-12-03,453,1.108158833227449,1.0666907246704371,0.041468108557011864
2021-12-06,453,0.8183889848660282,0.7956509354412262,0.02273804942480201
2021-12-07,436,0.9093774548177505,0.9355456983879692,-0.02616824357021874
2021-12-08,434,0.9567350619045142,0.9701146253599608,-0.013379563455446697
2021-12-09,443,1.0373895346316635,1.050628365282236,-0.013238830650572249
2021-12-10,440,1.029279735351482,1.0660450913492094,-0.036765355997727255
2021-12-13,440,1.0349227647983994,1.0863575357283646,-0.05143477092996519
2021-12-14,457,0.7465091452761016,0.7271574621406308,0.019351683135470834
2021-12-15,458,0.8274726022807037,0.8190643212523582,0.008408281028345626
2021-12-16,464,0.9290989354036698,0.9081282229083696,0.020970712495300206
2021-12-17,467,1.0458769763811206,0.9934247656897929,0.05245221069132789
2021-12-20,471,1.4370526559405694,1.3869288033678648,0.05012385257270452
2021-12-21,474,0.9091284412927194,0.8523339529698872,0.05679448832283218
2021-12-22,463,0.672456612580772,0.6205160478606915,0.05194056472008056
2021-12-23,453,0.635553223721203,0.5958624251339916,0.03969079858721155
2021-12-27,452,0.6337055333760377,0.615288864829108,0.018416668546929717
2021-12-28,449,0.8900396905968616,0.8797255619058285,0.01031412869103307
2021-12-29,448,1.2286031421753256,1.290763725814747,-0.06216058363942134
2021-12-30,456,1.3947911997201796,1.455552528522296,-0.06076132880211668
2021-12-31,460,1.7926968543932629,1.8838715223516254,-0.09117466795836245
2022-01-03,464,1.4141691032636738,1.494340321229254,-0.08017121796558013
2022-01-04,467,1.0725000362035855,1.1194637817629045,-0.046963745559319
2022-01-05,468,0.8625308990930545,0.8521668207364426,0.010364078356611912
2022-01-06,470,0.8965421641109025,0.9099809155921507,-0.013438751481248217
2022-01-07,474,0.906780066299885,0.9191331714293695,-0.012353105129484373
2022-01-10,471,1.0049188569349465,1.0475270524202305,-0.04260819548528403
2022-01-11,469,1.3296053758750086,1.4423058749170057,-0.11270049904199725
2022-01-12,463,1.681188166311542,1.8584424841241516,-0.17725431781260942
2022-01-13,469,1.9551504103938602,2.155371048598203,-0.20022063820434263
2022-01-14,472,1.6359775025402667,1.7970019533942383,-0.16102445085397157
2022-01-18,474,1.4844338393905545,1.6190580354614412,-0.1346241960708866
2022-01-19,474,1.4152710703749856,1.5337891816498506,-0.11851811127486513
2022-01-20,480,1.3719584409892704,1.4711203421254289,-0.09916190113615855
2022-01-21,470,0.9649056418515197,0.968021994243117,-0.0031163523915972227
2022-01-24,463,0.9035214152556785,0.8831109871583265,0.02041042809735211
2022-01-25,463,1.215500712399324,1.173004418924389,0.04249629347493498
2022-01-26,463,1.564351579022991,1.5209703507760322,0.04338122824695866
2022-01-27,458,1.2957283586594306,1.2537218723280288,0.04200648633140189
2022-01-28,463,1.0130640806030566,0.9868054758217023,0.02625860478135444
2022-01-31,465,1.0527558508087267,1.0618179534931673,-0.009062102684440628
2022-02-01,464,1.059529856184808,1.0655887012960157,-0.006058845111207488
2022-02-02,459,1.0015460914345835,0.9863569025528011,0.01518918888178246
2022-02-03,452,1.1007689799247844,1.0916414422893328,0.009127537635451693
2022-02-04,449,0.9320347660199089,0.9401308562121563,-0.008096090192247286
2022-02-07,446,0.9199517698798146,0.9427157595956973,-0.022763989715882615
2022-02-08,441,0.9334912572602218,0.9440171510251055,-0.010525893764883774
2022-02-09,445,1.1241744046698712,1.1720356742982976,-0.0478612696284264
2022-02-10,441,1.149120228541511,1.2025537752045061,-0.05343354666299529
2022-02-11,441,0.9738743762042947,0.9960404751289225,-0.022166098924627814
2022-02-14,445,0.9513897895630098,0.9796909807359186,-0.0283011911729089
2022-02-15,451,1.7002907586579756,1.849499804557429,-0.14920904589945316
2022-02-16,442,1.4664088667190376,1.576800134260255,-0.11039126754121727
2022-02-17,445,0.9326951449991367,0.9197686913045472,0.012926453694589567
2022-02-18,439,1.1567019117403956,1.151176944417907,0.005524967322488765
2022-02-22,436,1.5029556177375873,1.5362489762096971,-0.033293358472109826
2022-02-23,433,1.6820140677389992,1.6500437564368742,0.03197031130212494
2022-02-24,435,1.3869664729309321,1.370634736159475,0.016331736771456957
2022-02-25,441,1.7191698634555894,1.7916818858045882,-0.07251202234899873
2022-02-28,451,2.2692200762054897,2.440974038537382,-0.17175396233189255
2022-03-01,453,1.6270932450441167,1.7316265910543596,-0.10453334601024288
2022-03-02,440,1.2639453365246163,1.336693336700692,-0.07274800017607548
2022-03-03,436,1.2538277732140555,1.3202029517680285,-0.06637517855397321
2022-03-04,442,1.2804439829742558,1.3509314492264757,-0.07048746625221997
2022-03-07,423,1.1948063145349503,1.214855534816921,-0.020049220281970464
2022-03-08,420,1.1278912652497624,1.0942635989282774,0.03362766632148487
2022-03-09,432,0.9661033836994319,0.9263112188123029,0.03979216488712902
2022-03-10,440,1.194020450812601,1.137369109169301,0.05665134164330009
2022-03-11,440,1.8624030625146364,1.8127471030209834,0.04965595949365286
2022-03-14,460,1.8831385721280756,1.8267488640476637,0.05638970808041183
2022-03-15,468,1.585513889506088,1.5239178835510787,0.06159600595500958
2022-03-16,471,0.9585205637501727,0.9247531868300187,0.03376737692015401
2022-03-17,470,0.9007132636564891,0.8625200301641542,0.03819323349233489
2022-03-18,471,1.0093634672103675,0.9887890268646634,0.020574440345704232
2022-03-21,474,0.8187137881786422,0.7713604373447676,0.04735335083387457
2022-03-22,474,0.9074613038350506,0.8522733266419674,0.055187977193083194
2022-03-23,457,1.0386917496905603,0.9791680974267579,0.05952365226380232
2022-03-24,454,0.877293687091359,0.8570683761906932,0.02022531090066575
2022-03-25,452,1.0068353871205662,0.9971408298961496,0.009694557224416686
2022-03-28,449,0.8728793287766913,0.8572278733729953,0.015651455403695946
2022-03-29,444,1.1985294173278507,1.2625588737153257,-0.06402945638747534
2022-03-30,463,1.2584513015237575,1.3206188443566171,-0.06216754283285958
2022-03-31,463,1.1134826244571532,1.1275515018349378,-0.014068877377784603
2022-04-01,460,1.1172827286899962,1.1380548150186056,-0.020772086328609576
2022-04-04,463,1.2921302235426912,1.345503159355407,-0.05337293581271578
2022-04-05,466,1.0950536215929987,1.1201382658850905,-0.025084644292091614
2022-04-06,461,0.8440301086558673,0.8211008175669416,0.022929291088925635
2022-04-07,470,1.0102291477972056,1.0213888885792983,-0.011159740782092762
2022-04-08,476,1.0055054814888336,1.0244791961534667,-0.01897371466463311
2022-04-11,473,0.926277681628905,0.8823060366385279,0.04397164499037715
2022-04-12,474,1.086253978248139,1.0328693073663402,0.053384670881798796
2022-04-13,476,1.02636025309993,1.024830109397629,0.0015301437023008367
2022-04-14,476,1.1434305052471254,1.1909326929261936,-0.04750218767906818
2022-04-18,474,1.1198209599363933,1.1580288044563063,-0.03820784451991284
2022-04-19,475,1.9690040341633401,2.147427506028249,-0.17842347186490884
2022-04-20,476,2.1291017845804445,2.329599273305838,-0.2004974887253929
2022-04-21,474,1.3596964141968444,1.4277646775023103,-0.06806826330546568
2022-04-22,464,1.3814755820827174,1.466193372990079,-0.08471779090736135
2022-04-25,465,1.4336299434593358,1.5247284587282646,-0.09109851526892893
2022-04-26,467,1.148354067079436,1.1557605565880815,-0.0074064895086452245
2022-04-27,466,1.3807462612825079,1.351596010554807,0.029150250727700895
2022-04-28,467,1.4278007938625705,1.5015623457138374,-0.07376155185126691
2022-04-29,471,1.3329838733616846,1.3599479348255767,-0.026964061463892165
2022-05-02,464,1.9069202045926004,2.0494752216100207,-0.1425550170174205
2022-05-03,462,1.927507707787967,2.081957096445928,-0.1544493886579615
2022-05-04,459,3.050081059111448,3.3960624420110697,-0.34598138289962155
2022-05-05,448,1.8454278644983866,2.002520953305992,-0.1570930888076051
2022-05-06,440,1.0510424124493605,1.07834225455994,-0.027299842110579457
2022-05-09,445,0.9282386314699874,0.894176753500056,0.034061877969931556
2022-05-10,440,1.1409913433461958,1.074084209913569,0.06690713343262662
2022-05-11,437,1.1115516970260595,1.0881577105559284,0.02339398647013112
2022-05-12,441,1.143671906315083,1.1350422215848281,0.008629684730254916
2022-05-13,454,1.271550292284346,1.3214816024642755,-0.04993131017992955
2022-05-16,451,1.1223629286701493,1.1280023984554173,-0.0056394697852679065
2022-05-17,451,1.5252435226367766,1.6141636089358,-0.08892008629902332
2022-05-18,457,1.036018002204379,0.9919205542526494,0.04409744795172951
2022-05-19,460,1.2960966013768853,1.2228192616480167,0.0732773397288685
2022-05-20,447,1.9312710423905264,1.8518449656839424,0.0794260767065838
2022-05-23,436,1.237429925634913,1.153427960967641,0.08400196466727201
2022-05-24,438,1.3478579560713515,1.2760903567746877,0.07176759929666367
2022-05-25,424,1.5494357950102347,1.4762072668183508,0.07322852819188408
2022-05-26,431,0.9055190051515162,0.8661655759053767,0.03935342924613951
2022-05-27,443,0.9385883469874956,0.9396942162220147,-0.0011058692345189925
2022-05-31,454,0.8918820480145486,0.8547773361994078,0.0371047118151408
2022-06-01,454,0.8449017143778688,0.8112964607562134,0.03360525362165531
2022-06-02,453,1.3405716753084327,1.4177696957526882,-0.07719802044425526
2022-06-03,455,1.6832455495930003,1.8148873132246688,-0.13164176363166863
2022-06-06,455,3.1308004230454483,3.5002094818469924,-0.3694090588015443
2022-06-07,436,3.770093635971002,4.197394516897952,-0.4273008809269494
2022-06-08,436,2.8060157244136295,3.1179587124046373,-0.3119429879910078
2022-06-09,446,3.349721280399951,3.714174148722048,-0.36445286832209717
2022-06-10,444,2.3201721499028425,2.5334282244306756,-0.21325607452783352
2022-06-13,444,1.1284600428515,1.1450986616987306,-0.016638618847230925
2022-06-14,467,1.1735777452328378,1.1911291357779237,-0.01755139054508576
2022-06-15,467,1.412433144708272,1.4536206803126137,-0.04118753560434161
2022-06-16,470,2.235121105459047,2.1880811262096573,0.047039979249390594
2022-06-17,472,1.8215701889766849,1.7533563086612902,0.06821388031539473
2022-06-21,475,0.9876439203045974,0.9306746087464228,0.056969311558174494
2022-06-22,459,0.8917459556517604,0.8374053769357142,0.054340578716046375
2022-06-23,449,0.8691564632908018,0.8440494765595714,0.025106986731230404
2022-06-24,449,1.1314314121373459,1.1590699636158872,-0.027638551478541138
2022-06-27,446,1.038889273364335,1.0615811204753114,-0.022691847110976496
2022-06-28,443,1.0807512924684444,1.0848834465857489,-0.004132154117304444
2022-06-29,454,0.9081414159434721,0.8491897737727161,0.058951642170756026
2022-06-30,463,0.9481905269908598,0.8886027152690819,0.05958781172177793
2022-07-01,466,0.8579804489694685,0.8350145858601021,0.022965863109366273
2022-07-05,470,0.7728313282512528,0.7521552260803036,0.02067610217094918
2022-07-06,472,0.8672864446332186,0.8594696661853778,0.007816778447840726
2022-07-07,473,1.1960467648637239,1.250509112428667,-0.05446234756494332
2022-07-08,478,0.8652874577872967,0.8576527348696275,0.007634722917669196
2022-07-11,477,0.9340332188398256,0.9179651074889905,0.016068111350835128
2022-07-12,474,1.1257803872823136,1.0499106619095864,0.07586972537272717
2022-07-13,473,1.5601104094048857,1.4883188601888606,0.07179154921602479
2022-07-14,473,2.0437493520895256,1.980604433016077,0.06314491907344849
2022-07-15,473,1.2360205161271147,1.1629967210307135,0.07302379509640113
2022-07-18,475,1.333485413120403,1.2539899838257862,0.07949542929461684
2022-07-19,476,0.9240839725941031,0.8992069226742315,0.024877049919871615
2022-07-20,477,1.011967379710223,0.9686537465729439,0.043313633137279386
2022-07-21,474,1.1882638009416095,1.145129031645442,0.04313476929616762
2022-07-22,461,1.5485615115639166,1.4904968768593005,0.05806463470461603
2022-07-25,460,1.4222197900695472,1.362747966505892,0.05947182356365527
2022-07-26,463,1.575926517103447,1.5168012596612381,0.0591252574422091
2022-07-27,462,1.3764902830949663,1.3230330074436762,0.05345727565129015
2022-07-28,465,1.1595284065207867,1.1257315432907151,0.03379686323007149
2022-07-29,474,1.079096504377679,1.054610673610431,0.02448583076724796
2022-08-01,470,1.0471698313812443,1.0153537698918003,0.03181606148944424
2022-08-02,464,0.9454519503224221,0.9107718690624023,0.03468008126001991
2022-08-03,462,1.0350546852419025,0.9825238901011348,0.05253079514076765
2022-08-04,452,1.1736939660413406,1.1225928641138483,0.05110110192749237
2022-08-05,442,1.2918805542241483,1.2198251675903697,0.0720553866337787
2022-08-08,445,1.180809438241838,1.1039547996813772,0.07685463856046074
2022-08-09,441,1.3938687607916254,1.3124848539186755,0.08138390687294972
2022-08-10,436,0.8366431464434186,0.7899125160654693,0.046730630377949334
2022-08-11,438,0.830132011170247,0.7792548068169367,0.05087720435331041
2022-08-12,450,0.9369774831195197,0.9550306838974794,-0.018053200777959737
2022-08-15,448,1.3823163902740134,1.4558082714591731,-0.07349188118515963
2022-08-16,455,1.5575028752287765,1.6501615712924185,-0.09265869606364172
2022-08-17,460,1.2306863318459875,1.2787348746547926,-0.04804854280880516
2022-08-18,469,0.9255843763561358,0.9432982313790683,-0.017713855022932715
2022-08-19,468,1.3451572370017617,1.4203126463685407,-0.07515540936677911
2022-08-22,468,1.0438471980787514,1.0735218797603399,-0.029674681681588617
2022-08-23,456,1.0672361562774635,1.1136769189921671,-0.04644076271470358
2022-08-24,443,1.355749646662443,1.4458824501683514,-0.09013280350590855
2022-08-25,434,1.812911661114863,1.9690475133549692,-0.1561358522401063
2022-08-26,434,1.1396165560790121,1.199748065896823,-0.060131509817810916
2022-08-29,430,1.1112701983957407,1.164257098801497,-0.05298690040575642
2022-08-30,440,0.8138413527682046,0.7923264562167487,0.021514896551456
2022-08-31,439,0.9554616813807746,0.9097450369373878,0.04571664444338678
2022-09-01,449,1.0799058825069794,1.010158550691708,0.06974733181527147
2022-09-02,454,1.539877365277518,1.469218620362086,0.07065874491543177
2022-09-06,456,0.818139379172693,0.7715163159940084,0.046623063178684594
2022-09-07,438,0.9323510223126893,0.9326995811461396,-0.0003485588334503142
2022-09-08,444,1.1378112630396737,1.1812446324006134,-0.0434333693609397
2022-09-09,446,1.6444809459358318,1.777813768708427,-0.13333282277259542
2022-09-12,443,1.6716173406642125,1.81124868372616,-0.13963134306194758
2022-09-13,446,1.1561778504339524,1.2152433403986214,-0.05906548996466885
2022-09-14,465,1.4835782184964044,1.5936162875106503,-0.11003806901424604
2022-09-15,474,1.6904349442013427,1.8445594215711678,-0.1541244773698249
2022-09-16,472,1.817633997700307,1.9937913451018205,-0.17615734740151334
2022-09-19,474,2.5751336498491733,2.869772158233193,-0.29463850838401967
2022-09-20,476,2.1157901969102215,2.34986772984529,-0.2340775329350686
2022-09-21,479,1.1448992858349043,1.2057071548263498,-0.06080786899144562
2022-09-22,458,1.276897529964006,1.3477526106954838,-0.07085508073147768
2022-09-23,453,1.2122765483184077,1.266977654824,-0.054701106505592165
2022-09-26,451,1.0981409341782593,1.0737864513502864,0.024354482827972767
2022-09-27,449,1.8398636899392937,1.7927730141740372,0.04709067576525638
2022-09-28,448,1.2219030589168063,1.1861948880070055,0.03570817090980075
2022-09-29,458,1.4200037274642374,1.3757124609091926,0.04429126655504475
2022-09-30,463,1.195942112920422,1.166151017707764,0.029791095212657825
2022-10-03,466,1.0578359181049752,1.0897928182424643,-0.03195690013748919
2022-10-04,468,1.797520885820269,1.9658268039514255,-0.1683059181311568
2022-10-05,468,1.844446717654514,2.013300113259051,-0.16885339560453727
2022-10-06,476,1.141462328038893,1.1955365493510874,-0.0540742213121944
2022-10-07,477,1.1052428456939491,1.1492288933064632,-0.04398604761251399
2022-10-10,476,0.8741676371562168,0.8414874543445172,0.0326801828116997
2022-10-11,475,1.0886936641797365,1.0290217581557974,0.05967190602393917
2022-10-12,477,1.0763241860000548,1.028912856442683,0.04741132955737164
2022-10-13,476,0.9472932052182561,0.954015065906705,-0.0067218606884489164
2022-10-14,478,1.459578677701238,1.403953769052332,0.05562490864890593
2022-10-17,479,1.1898025210888479,1.1463163241466552,0.04348619694219264
2022-10-18,480,1.219729039907468,1.1664924299522277,0.05323660995524062
2022-10-19,478,1.484366875232186,1.4257436862249024,0.058623189007283354
2022-10-20,482,1.9120545063259644,1.8637163054237404,0.04833820090222415
2022-10-21,475,1.9625314809625023,1.9161023363557488,0.046429144606753486
2022-10-24,465,1.5310715915468867,1.4837359697279273,0.047335621818959506
2022-10-25,464,1.3157052255609716,1.2891724266549662,0.02653279890600547
2022-10-26,466,1.2181560179569735,1.2370373588627779,-0.0188813409058042
2022-10-27,462,1.3489548436047012,1.3859680826286838,-0.03701323902398268
2022-10-28,462,1.4224580682632313,1.4786260713518484,-0.05616800308861721
2022-10-31,469,1.3317429992810945,1.3599894632236729,-0.028246463942578227
2022-11-01,468,1.2867477318612064,1.3060138502009995,-0.019266118339792852
2022-11-02,450,1.1913562091931758,1.194462690274808,-0.0031064810816322356
2022-11-03,445,2.399428948921309,2.3657827945797876,0.03364615434152117
2022-11-04,453,2.3190085264867557,2.401980282907691,-0.0829717564209358
2022-11-07,441,1.7271050296112513,1.787588362323801,-0.06048333271254985
2022-11-08,437,1.861879110160045,1.9328867688510556,-0.07100765869101078
2022-11-09,445,1.8939671919108574,1.9760612600931593,-0.08209406818230172
2022-11-10,442,0.9066499997155226,0.9103640852410153,-0.00371408552549276
2022-11-11,438,1.028534978364791,1.0156944306444327,0.012840547720358596
2022-11-14,447,0.9913699113820348,1.0036153383228923,-0.012245426940857503
2022-11-15,447,1.0420410969056284,1.059518037981036,-0.017476941075407704
2022-11-16,451,0.9356951311447239,0.9965328258836388,-0.06083769473891477
2022-11-17,460,0.9833422981006438,1.0542444214969542,-0.0709021233963103
2022-11-18,463,0.7611052571672731,0.8025270646791668,-0.041421807511893685
2022-11-21,459,0.7602978295678104,0.8131888544060514,-0.05289102483824086
2022-11-22,443,0.863185485628805,0.9345359483786031,-0.07135046274979806
2022-11-23,433,0.8220664258241547,0.8892004057327517,-0.06713397990859703
2022-11-25,435,0.8476114668711204,0.9024868510015104,-0.05487538413039001
2022-11-28,434,0.8747152734186108,0.9215689247324805,-0.046853651313869704
2022-11-29,438,0.9594203892143965,0.9708361898417547,-0.011415800627358086
2022-11-30,457,1.26856114904548,1.192742678899098,0.07581847014638222
2022-12-01,457,1.1635142302810026,1.111493649607456,0.05202058067354687
2022-12-02,458,1.2203207724159004,1.1476806267618473,0.0726401456540529
2022-12-05,459,0.8460678912266809,0.8795552302045845,-0.033487338977903645
2022-12-06,458,0.9837592697031585,1.0435739656945269,-0.059814695991368357
2022-12-07,443,0.9307732065619814,0.9885490254835092,-0.05777581892152776
2022-12-08,447,0.942443171229681,0.9284996247788627,0.013943546450818235
2022-12-09,443,0.9552919162723366,0.9362461726430122,0.019045743629324163
2022-12-12,439,1.4122715091018747,1.3051498276530258,0.10712168144884887
2022-12-13,443,1.536669853578491,1.415876859636516,0.12079299394197471
2022-12-14,457,1.1188889858069184,1.0547600838523483,0.06412890195457023
2022-12-15,469,0.8930076997014554,0.8753459404037951,0.017661759297660312
2022-12-16,474,0.7795748274465922,0.8139031111029945,-0.03432828365640218
2022-12-19,476,0.8276255266370083,0.8791270570460682,-0.0515015304090599
2022-12-20,478,0.7820057460667527,0.8041964200446629,-0.02219067397791019
2022-12-21,463,0.7126123608348072,0.7481473825871041,-0.03553502175229689
2022-12-22,449,0.6735027357220185,0.7312068726309398,-0.05770413690892129
2022-12-23,450,0.7795936831133403,0.8078302831156771,-0.028236600002336756
2022-12-27,450,0.9364989009260967,0.9842479631974687,-0.04774906227137198
2022-12-28,442,1.026350997605027,1.0745264480555374,-0.048175450450510436
2022-12-29,459,1.0994238973634949,1.1501634450595364,-0.050739547696041554
2022-12-30,466,1.203412600537404,1.2590335777384762,-0.05562097720107212
2023-01-03,467,1.3499182251535455,1.414784070986811,-0.06486584583326546
2023-01-04,469,1.1973499277799844,1.264611180288102,-0.0672612525081175
2023-01-05,472,1.6942122492255614,1.7735552845073375,-0.079343035281776
2023-01-06,471,1.2185676053002334,1.280239001021345,-0.06167139572111143
2023-01-09,477,1.0690479348100679,1.132217822500323,-0.063169887690255
2023-01-10,477,0.9489019275845574,0.9753241827486419,-0.026422255164084536
2023-01-11,470,1.0511799866264595,1.0230825546688498,0.028097431957609685
2023-01-12,472,0.8999640411546036,0.9047079545967113,-0.004743913442107675
2023-01-13,476,0.9446206053307086,0.9658834956337234,-0.021262890303014825
2023-01-17,473,0.8022787294243079,0.8317745330166724,-0.02949580359236444
2023-01-18,472,0.9008952500554466,0.957110683010122,-0.05621543295467551
2023-01-19,478,1.3030086921685013,1.3771772353260583,-0.07416854315755717
2023-01-20,482,1.0430445489027655,1.0960363443682133,-0.052991795465447945
2023-01-23,475,0.8309932210721431,0.8508261513755141,-0.019832930303370928
2023-01-24,472,0.913942614844986,0.9694391471984579,-0.055496532353471933
2023-01-25,472,1.1775479787629417,1.2374905972218648,-0.05994261845892316
2023-01-26,470,1.560277077948378,1.6132230758177104,-0.052945997869332184
2023-01-27,466,1.1503938163873875,1.1922784184707305,-0.041884602083342805
2023-01-30,467,1.108816147112707,1.1581914868635486,-0.04937533975084151
2023-01-31,471,0.982548512034385,1.0211833000995665,-0.03863478806518158
2023-02-01,466,0.9268993617440348,0.9231130862740178,0.0037862754700170244
2023-02-02,456,1.2413099362980193,1.177552058065766,0.06375787823225322
2023-02-03,455,1.028946438703455,1.000055985403276,0.02889045330017893
2023-02-06,456,0.841758563236822,0.8714509734576011,-0.029692410220779123
2023-02-07,448,0.8511406894755952,0.8621353781880062,-0.010994688712410968
2023-02-08,447,0.8666460048729239,0.9139472243400104,-0.04730121946708658
2023-02-09,447,0.8060164219630493,0.8469500064425427,-0.04093358447949344
2023-02-10,443,0.8237157804175985,0.857419892643278,-0.03370411222567941
2023-02-13,445,1.1017976402171106,1.0344507840732278,0.06734685614388285
2023-02-14,452,1.1129806543516456,1.0454851837466643,0.0674954706049814
2023-02-15,445,1.171961437789643,1.0892512155908887,0.08271022219875437
2023-02-16,452,1.1718736096297064,1.0964085338760488,0.07546507575365763
2023-02-17,447,1.1028463935152222,1.0403397548341828,0.06250663868103942
2023-02-21,435,0.8893115621066892,0.8839598954175857,0.005351666689103428
2023-02-22,435,0.9596103151013011,0.9471797719444721,0.012430543156828969
2023-02-23,437,0.819249187392924,0.8223905820421973,-0.003141394649273389
2023-02-24,437,0.8908753404256536,0.9375387515736657,-0.046663411148012056
2023-02-27,447,0.7708204910227722,0.8136692145531198,-0.04284872353034774
2023-02-28,456,0.7947144828981201,0.8070506748137594,-0.0123361919156394
2023-03-01,454,0.7746768220483398,0.800777401778737,-0.026100579730397255
2023-03-02,442,1.0159735385818682,0.9693414020912355,0.04663213649063263
2023-03-03,445,1.9427805704093646,1.8089158933966258,0.13386467701273871
2023-03-06,448,2.1649109289924566,2.0428848196743954,0.12202610931806146
2023-03-07,427,1.4889860586826238,1.4203215440606867,0.06866451462193689
2023-03-08,431,2.051618385719629,1.9559034225267853,0.09571496319284409
2023-03-09,439,1.3371822568851472,1.305886112633753,0.03129614425139394
2023-03-10,438,1.3832057352212606,1.3580657244499617,0.025140010771298862
2023-03-13,438,0.878917598300702,0.9026717183403434,-0.023754120039641398
2023-03-14,462,0.7650187638349382,0.800967856222138,-0.03594909238719972
2023-03-15,461,0.8192169561530027,0.841663281196837,-0.02244632504383427
2023-03-16,473,0.9355831640927754,0.9145040491102814,0.021079114982494
2023-03-17,477,0.7249346169108173,0.7620813230102931,-0.03714670609947565
2023-03-20,479,0.6853786780544456,0.7089926877288936,-0.023614009674447867
2023-03-21,481,0.758764046576826,0.7498118240377865,0.008952222539039538
2023-03-22,484,0.8972881233177771,0.956193524075695,-0.05890540075791803
2023-03-23,465,1.0708811853406481,1.1345412918055051,-0.06366010646485705
2023-03-24,458,1.2443246437888866,1.3138308440855342,-0.06950620029664768
2023-03-27,457,1.1033747988990483,1.1713450660849267,-0.06797026718587852
2023-03-28,455,0.9240079127526788,0.9798822816137918,-0.05587436886111301
2023-03-29,447,0.8850251138817357,0.9075437720181397,-0.02251865813640414
2023-03-30,458,0.9112710165856314,0.9211982381680561,-0.009927221582424754
2023-03-31,464,0.8714363504473561,0.8650730016347626,0.006363348812593473
2023-04-03,465,0.7918614997104453,0.8040967046605366,-0.012235204950091422
2023-04-04,468,0.7215195956285642,0.7489276663640975,-0.027408070735533332
2023-04-05,468,0.7085064470511673,0.7620881649276859,-0.0535817178765187
2023-04-06,477,0.7583089109120953,0.7982124356688699,-0.03990352475677458
2023-04-10,478,0.7262058767664151,0.7639774705302838,-0.0377715937638686
2023-04-11,478,0.7268328529264868,0.7575106566419512,-0.03067780371546434
2023-04-12,479,0.7683871088649042,0.8064404255051023,-0.03805331664019817
2023-04-13,479,0.822563634812304,0.8302482919946779,-0.0076846571823738045
2023-04-14,480,0.804260860478983,0.8174554463276225,-0.013194585848639468
2023-04-17,480,0.7868733833477638,0.7900779164829649,-0.003204533135201082
2023-04-18,475,1.1002888997720408,1.0476743033283507,0.05261459644369008
2023-04-19,474,1.1949883229707177,1.119281517170284,0.07570680580043401
2023-04-20,477,0.9505331834185781,0.9350341726540121,0.015499010764565889
2023-04-21,466,0.8763152720183123,0.8880771547862742,-0.011761882767962075
2023-04-24,466,0.8839553664602414,0.8892465157347913,-0.005291149274549874
2023-04-25,469,0.9995286173049389,1.0107430741325207,-0.011214456827581737
2023-04-26,468,1.124380222368204,1.140055249108977,-0.015675026740773017
2023-04-27,464,1.1972516899556596,1.1625091490088748,0.0347425409467847
2023-04-28,470,1.0846451860509634,1.0687949871968079,0.01585019885415561
2023-05-01,468,1.1174072583666828,1.101902102712999,0.015505155653683765
2023-05-02,463,1.0444512468488696,1.057298323228151,-0.01284707637928147
2023-05-03,461,1.0703566781757858,1.092726150233778,-0.0223694720579919
2023-05-04,455,0.9689198287889245,0.9990400807273052,-0.030120251938380686
2023-05-05,447,0.9373494889588437,0.9253562817940781,0.011993207164765565
2023-05-08,447,0.8455265973845932,0.8559201239115946,-0.010393526527001363
2023-05-09,448,0.9950806337235886,0.9682124049047535,0.02686822881883502
2023-05-10,445,0.908403668655982,0.9156527369283997,-0.00724906827241768
2023-05-11,446,1.0314362067927347,1.060267454602708,-0.028831247809973252
2023-05-12,454,1.0046471691637442,1.0302548213068892,-0.02560765214314489
2023-05-15,452,0.880182681754,0.9022176674178779,-0.022034985663877824
2023-05-16,452,0.9433593881851049,0.9676849105566738,-0.02432552237156889
2023-05-17,456,0.8911297856484724,0.8686164247493274,0.02251336089914509
2023-05-18,460,1.1040707350654,1.0579026329965977,0.0461681020688024
2023-05-19,455,1.2030280538568345,1.183569267987945,0.019458785868889508
2023-05-22,450,1.2970751715393662,1.265115191027265,0.03195998051210129
2023-05-23,437,1.150195645124418,1.1267110974067707,0.02348454771764743
2023-05-24,424,1.2093353981993527,1.2321034818647951,-0.0227680836654424
2023-05-25,430,1.0966810157855535,1.1574423170978096,-0.060761301312256294
2023-05-26,439,0.8496951364187261,0.8945502043319095,-0.04485506791318335
2023-05-30,444,1.0084868420825535,1.056705846352451,-0.04821900426989737
2023-05-31,458,1.4796259101363347,1.537654020782779,-0.05802811064644414
2023-06-01,458,1.2324456943327733,1.2839807143165807,-0.05153501998380724
2023-06-02,459,0.7640255710303828,0.7985042638979116,-0.0344786928675288
2023-06-05,461,0.9072698600475518,0.9564793342338597,-0.04920947418630785
2023-06-06,459,0.9240068425599574,0.978733816182662,-0.054726973622704574
2023-06-07,440,0.9488546554991316,0.9900729019823232,-0.041218246483191556
2023-06-08,442,0.9948156437206954,1.04897929195991,-0.05416364823921434
2023-06-09,440,1.0303502983819803,1.083839306213673,-0.053489007831692956
2023-06-12,437,0.7858734065636798,0.8200679378062736,-0.0341945312425939
2023-06-13,441,0.7433943349961859,0.7522426830892242,-0.008848348093038324
2023-06-14,461,0.7378071548128782,0.7413666899528516,-0.0035595351399734234
2023-06-15,472,0.9642567447933635,0.910219202991718,0.054037541801645626
2023-06-16,476,0.8332204848843718,0.7968550695398061,0.036365415344565645
2023-06-20,479,0.7179564876206204,0.740378411581609,-0.022421923960988556
2023-06-21,482,0.742814743486113,0.7652120231834372,-0.0223972796973241
2023-06-22,465,0.8114581458185562,0.8487778802474512,-0.037319734428894795
2023-06-23,459,1.0680582437964594,1.124174003219618,-0.0561157594231586
2023-06-26,455,1.0033019746910476,1.0604287200214886,-0.057126745330440896
2023-06-27,452,0.6925350151033135,0.7372744332989886,-0.044739418195675125
2023-06-28,443,0.6438907231068755,0.6731463936052856,-0.029255670498410092
2023-06-29,455,0.6522686889038587,0.6707112467662343,-0.018442557862375537
2023-06-30,461,0.6426803552761942,0.6610158592936838,-0.018335504017489603
2023-07-03,465,0.6706335817140111,0.70609477323486,-0.03546119152084897
2023-07-05,466,0.8235207326968499,0.866218301226808,-0.04269756852995816
2023-07-06,470,1.2350129134805412,1.287903166493743,-0.05289025301320196
2023-07-07,475,0.9800892507239102,1.0239108840724687,-0.04382163334855848
2023-07-10,478,0.8655561275756399,0.9054112981302593,-0.03985517055461946
2023-07-11,479,0.8422503846274413,0.8728747130343676,-0.030624328406926252
2023-07-12,479,0.816654458444874,0.849035849900532,-0.032381391455657965
2023-07-13,476,0.8114781197544944,0.8250385674440321,-0.013560447689537757
2023-07-14,480,0.8609068259172342,0.8886378489680794,-0.027731023050845335
2023-07-17,478,0.9647053971256964,0.9883230996928727,-0.023617702567176362
2023-07-18,476,0.8882252884560599,0.9056069971007968,-0.017381708644737072
2023-07-19,475,0.871012030519999,0.88024470060859,-0.009232670088591067
2023-07-20,480,0.9130793843382139,0.9168176192034155,-0.0037382348652016954
2023-07-21,470,0.984558557323869,0.9955155645589552,-0.010957007235086028
2023-07-24,464,0.9751221828435849,0.9895262705072767,-0.014404087663691813
2023-07-25,465,0.9855764961481159,0.9930411452637246,-0.007464649115608603
2023-07-26,467,1.040344878889498,1.020735785224876,0.019609093664621928
2023-07-27,465,0.9734420604145739,0.9668065328251023,0.006635527589471573
2023-07-28,467,1.1484422746846528,1.1169647075517646,0.03147756713288814
2023-07-31,469,1.1577364372287098,1.134521411703824,0.023215025524885833
2023-08-01,466,1.204179562154843,1.177019900390069,0.027159661764774103
2023-08-02,459,1.0625993444768467,1.0466818122515247,0.015917532225321898
2023-08-03,452,0.9956341980513073,0.9858412559980814,0.009792942053225968
2023-08-04,453,0.8923832024086981,0.8921168761959148,0.0002663262127830312
2023-08-07,449,0.881397541758634,0.8627239502697965,0.018673591488837515
2023-08-08,446,0.9147158860072748,0.8757210193816054,0.03899486662566942
2023-08-09,445,0.9268050899486902,0.8793384428962412,0.04746664705244898
2023-08-10,442,1.0562816260777905,0.984033173994235,0.07224845208355539
2023-08-11,442,1.0112079546526245,0.9483544814101222,0.06285347324250222
2023-08-14,449,1.044917729044052,0.9810063850364172,0.06391134400763462
2023-08-15,451,0.8684487178704551,0.836193312948974,0.03225540492148109
2023-08-16,457,0.6952177435862065,0.706555082334303,-0.011337338748096403
2023-08-17,467,0.6301190331763534,0.6417826921140074,-0.011663658937654068
2023-08-18,467,0.6319340753717049,0.6514687992565869,-0.019534723884882012
2023-08-21,467,0.6254076603556524,0.6563117010147446,-0.030904040659092167
2023-08-22,469,0.790907624316731,0.8410273519431849,-0.05011972762645375
2023-08-23,458,0.6721766278042546,0.7163861599208685,-0.044209532116613895
2023-08-24,435,0.9175549539594251,0.967661993610835,-0.05010703965140987
2023-08-25,435,0.963690544646753,1.0040116514044402,-0.040321106757687214
2023-08-28,430,0.8545680088732607,0.8726163106941917,-0.01804830182093101
2023-08-29,427,0.8810976177177421,0.8674604700325617,0.013637147685180434
2023-08-30,424,0.9595969478157673,0.9291026687878927,0.03049427902787454
2023-08-31,449,0.8989833005271318,0.8722439993963309,0.026739301130800797
2023-09-01,456,0.9253972366708166,0.8953135995136755,0.030083637157141192
2023-09-05,457,0.8200073601604452,0.8125310671795082,0.007476292980937075
2023-09-06,460,0.8535135963742038,0.8415579321177981,0.011955664256405693
2023-09-07,449,0.796357917578213,0.8178101057257472,-0.02145218814753427
2023-09-08,446,0.7684412302172324,0.7698017082149694,-0.0013604779977369622
2023-09-11,442,0.7664161683574859,0.7599297724257472,0.006486395931738721
2023-09-12,448,0.6716817942893555,0.6647801029014946,0.006901691387860928
2023-09-13,448,0.6722700392994029,0.6653658768216724,0.006904162477730564
2023-09-14,472,1.2405055533713447,1.1527764218991414,0.08772913147220339
2023-09-15,474,1.0952064351800759,1.0251464478138603,0.07005998736621563
2023-09-18,475,0.9977467609861617,0.9350453037030432,0.06270145728311842
2023-09-19,474,1.2759849174112363,1.187483758628149,0.08850115878308729
2023-09-20,476,1.1869589420874407,1.1197123818549595,0.0672465602324811
2023-09-21,458,0.8406464894902674,0.8341707640687828,0.006475725421484708
2023-09-22,455,0.7676692933529948,0.7684453516811967,-0.0007760583282018713
2023-09-25,455,1.056725968528417,1.0247105223047759,0.03201544622364107
2023-09-26,455,0.8946472368885025,0.8616536134472593,0.03299362344124318
2023-09-27,454,0.8585822992385715,0.8363430932355403,0.022239206003031205
2023-09-28,462,0.981786857975491,0.9326001323073071,0.04918672566818405
2023-09-29,461,0.8703434476353787,0.8511037896896176,0.01923965794576098
2023-10-02,464,0.8303473072953829,0.8468820019738905,-0.016534694678507548
2023-10-03,465,0.9877813226413238,1.033786767733608,-0.04600544509228406
2023-10-04,462,1.0637586549845337,1.103134279462317,-0.039375624477783096
2023-10-05,471,1.0006468083361697,1.0246510094393129,-0.02400420110314312
2023-10-06,477,0.8694288645795678,0.8737422003553381,-0.004313335775770226
2023-10-09,475,0.7321762851422088,0.7535896279447754,-0.02141334280256653
2023-10-10,476,0.7590526015992907,0.7685843562049174,-0.009531754605626643
2023-10-11,481,1.0177436403051636,0.9794695580849001,0.038274082220263614
2023-10-12,480,1.0623615153633243,1.0268908454885604,0.03547066987476417
2023-10-13,479,1.0489135803715437,0.994264251937511,0.054649328434032744
2023-10-16,480,1.4782350404311335,1.3811081553739135,0.09712688505721986
2023-10-17,478,1.4331334414553303,1.3429377377442873,0.09019570371104295
2023-10-18,477,1.314290358935673,1.2293208574789831,0.0849695014566897
2023-10-19,480,1.1675638429785447,1.1099634381667924,0.05760040481175228
2023-10-20,482,1.1767236093970277,1.126348721434955,0.050374887962072755
2023-10-23,476,1.083389348703358,1.0644305937240093,0.018958754979348447
2023-10-24,465,1.0211718219237533,1.0072549127117576,0.013916909211995772
2023-10-25,466,1.1155626586491585,1.1367177489234135,-0.02115509027425511
2023-10-26,464,1.4052976620637831,1.45623962088917,-0.05094195882538681
2023-10-27,461,2.2818839112700835,2.351644091390813,-0.06976018012072978
2023-10-30,463,1.746480203986515,1.8066142878099627,-0.06013408382344771
2023-10-31,472,1.5171739231271861,1.567580769480894,-0.050406846353707915
2023-11-01,467,1.392881965699278,1.4354290359103723,-0.042547070211094516
2023-11-02,458,1.0236691430581646,1.0253924057919055,-0.0017232627337407504
2023-11-03,454,1.0307424013665094,1.0168501015661273,0.013892299800382136
2023-11-06,453,0.9446919573067271,0.9446547338565091,3.722345021787269e-05
2023-11-07,440,1.0664823604345874,1.1139560021948611,-0.04747364176027371
2023-11-08,438,1.1199974236776546,1.1742883767713113,-0.0542909530936567
2023-11-09,432,1.3157478472149038,1.3755240464831047,-0.05977619926820083
2023-11-10,435,1.1056936740252945,1.1630780960153584,-0.057384421990063904
2023-11-13,433,1.310915619435436,1.3708176351826602,-0.059902015747224056
2023-11-14,445,0.698695597279948,0.7304757704584472,-0.03178017317849923
2023-11-15,443,0.6653649134447001,0.7000681183665,-0.03470320492179987
2023-11-16,457,0.6414994091950564,0.6921374230162238,-0.0506380138211674
2023-11-17,459,0.6169053488393389,0.6572140899604515,-0.04030874112111261
2023-11-20,466,0.6140582466476374,0.6401050194835087,-0.026046772835871347
2023-11-21,459,0.7146197163962664,0.7502267215400529,-0.03560700514378646
2023-11-22,434,0.7728424915878529,0.8085073235929661,-0.03566483200511317
2023-11-24,436,1.0036386369258539,1.0515041610927283,-0.04786552416687447
2023-11-27,438,1.1217494308163942,1.1620731030655091,-0.04032367224911485
2023-11-28,431,0.9968762598300839,1.0279251556906006,-0.031048895860516762
2023-11-29,439,0.9283497382818545,0.9551463834256222,-0.026796645143767776
2023-11-30,455,0.9474002543319774,0.9738881827126069,-0.02648792838062955
2023-12-01,456,0.7719013547485702,0.7852213325712418,-0.01331997782267166
2023-12-04,456,0.7399777193516652,0.7695848057385736,-0.029607086386908274
2023-12-05,458,0.9041847931299388,0.945720215317891,-0.041535422187952205
2023-12-06,458,1.2411334297500434,1.3032866615348866,-0.06215323178484339
2023-12-07,450,1.7023096099945012,1.7649645782139654,-0.06265496821946424
2023-12-08,445,1.4100155422028207,1.4643068084342585,-0.05429126623143766
2023-12-11,441,1.1733233326527883,1.2233927679712262,-0.05006943531843788
2023-12-12,444,1.423215830641285,1.476844573355939,-0.05362874271465396
2023-12-13,442,0.9415241699983875,0.9441070515099724,-0.0025828815115849393
2023-12-14,467,0.7044115719914962,0.7155578205620015,-0.011146248570505259
2023-12-15,475,0.6499594613053795,0.6850406519862544,-0.03508119068087501
2023-12-18,479,0.6653889348471391,0.7096231909522828,-0.04423425610514368
2023-12-19,476,0.6174566421504295,0.6512778684236044,-0.03382122627317492
2023-12-20,462,0.7515025281882661,0.8079051400449802,-0.05640261185671398
2023-12-21,450,0.5570997141328359,0.5995765226749218,-0.0424768085420859
2023-12-22,448,0.687830544695128,0.7044844645441113,-0.01665391984898321
2023-12-26,448,0.9589064672819309,0.9168056094416898,0.042100857840241035
2023-12-27,446,1.020873144283189,0.971693444769323,0.049179699513866276
2023-12-28,465,1.0189597165833961,0.9747578687308994,0.04420184785249662
2023-12-29,475,0.802599011551092,0.7993725378456223,0.003226473705469851
2024-01-02,471,0.7263980921197065,0.7278305307184457,-0.001432438598739217
2024-01-03,472,0.8136018879466798,0.8443451872725629,-0.030743299325883253
2024-01-04,476,0.8312675322146948,0.8535144542334823,-0.022246922018787252
2024-01-05,472,0.8753617078231453,0.8880437279474805,-0.01268202012433534
2024-01-08,473,0.9517190136299643,0.9241648191461465,0.02755419448381778
2024-01-09,478,0.9291024511631735,0.8923830157916869,0.036719435371486586
2024-01-10,472,0.907574623019594,0.8829367270378821,0.024637895981711958
2024-01-11,471,0.8465909899455497,0.8509939427141031,-0.004402952768553339
2024-01-12,475,0.9075758609523568,0.9244201286431336,-0.01684426769077693
2024-01-16,474,0.88401651041992,0.9125847741384209,-0.028568263718500953
2024-01-17,474,1.0213786498664106,1.0488237176973356,-0.027445067830924933
2024-01-18,480,0.9972754248858355,1.0363649990022654,-0.039089574116429736
2024-01-19,485,0.8399106890247083,0.868271846848561,-0.028361157823852644
2024-01-22,485,0.7820815867986741,0.8137327021082619,-0.03165111530958784
2024-01-23,480,0.8223682080817384,0.8517474441327091,-0.02937923605097075
2024-01-24,472,0.7807243514777176,0.796790068430686,-0.01606571695296852
2024-01-25,469,0.9025837999478274,0.9198325345111326,-0.017248734563305185
2024-01-26,464,0.9715225999928343,0.9902043573322231,-0.018681757339388767
2024-01-29,462,1.0670392038810592,1.0422036944033117,0.02483550947774737
2024-01-30,467,0.9997078864089224,0.9949342196436094,0.004773666765312867
2024-01-31,472,1.1188575160983567,1.1430105666696042,-0.02415305057124751
2024-02-01,464,1.1454831915901365,1.1560126239186586,-0.01052943232852198
2024-02-02,464,1.0314256011233771,1.0466409546862623,-0.015215353562885062
2024-02-05,465,1.0581221316605194,1.1007279300097015,-0.04260579834918218
2024-02-06,463,0.8708768877541031,0.873004829340527,-0.0021279415864239367
2024-02-07,457,0.9479670799874269,0.9603001190569754,-0.012333039069548616
2024-02-08,450,0.9349485441898702,0.9682309555796486,-0.033282411389778506
2024-02-09,442,0.9304586067826223,0.9340058791243603,-0.0035472723417378934
2024-02-12,436,0.8494453418538425,0.8478020537250549,0.0016432881287875491
2024-02-13,436,0.9504631564111131,0.959345898745199,-0.008882742334085916
2024-02-14,434,0.8987095767485381,0.9103327579888858,-0.011623181240347643
2024-02-15,446,0.7552154212073561,0.7627956276999235,-0.007580206492567503
2024-02-16,454,0.7958049098703969,0.8028001124565929,-0.006995202586196033
2024-02-20,460,0.9364589941737561,0.9474185882589582,-0.010959594085202012
2024-02-21,454,1.0527100559301863,1.0569084814943055,-0.004198425564119415
2024-02-22,443,0.9198198604662342,0.9248068968403053,-0.004987036374071038
2024-02-23,441,1.0231933073728288,1.029508347893147,-0.006315040520318337
2024-02-26,442,1.1171036473811216,1.124159246334489,-0.007055598953367344
2024-02-27,436,0.9947660897157921,0.9975767433021333,-0.0028106535863412514
2024-02-28,441,1.0170439983065278,1.0246902766287227,-0.00764627832219484
2024-02-29,440,0.9994295281309116,1.0061895518276363,-0.00676002369672469
2024-03-01,442,0.8156983314063373,0.8238575288781156,-0.00815919747177818
2024-03-04,445,0.8157898123829143,0.8206153525063103,-0.004825540123395995
2024-03-05,445,0.8268303159384979,0.8396506670891097,-0.012820351150611805
2024-03-06,446,0.8263340436053807,0.8379554064645642,-0.011621362859183648
2024-03-07,436,0.8699070475629939,0.8641314573823268,0.005775590180666959
2024-03-08,440,0.8577191010733808,0.8527661895739755,0.004952911499405147
2024-03-11,436,0.8638167997439261,0.8595767364483138,0.004240063295612237
2024-03-12,443,0.8243392970042506,0.823340592881884,0.0009987041223665867
2024-03-13,441,0.7043140830012644,0.7147723377517855,-0.010458254750521069
2024-03-14,473,0.9109983565317782,0.9266659658426855,-0.01566760931090718
2024-03-15,473,0.7931119099702754,0.8099768196469577,-0.016864909676682326
2024-03-18,478,0.7513836938213374,0.7660839050681452,-0.014700211246807753
2024-03-19,479,0.7303090757355754,0.7412948314694111,-0.010985755733835726
2024-03-20,460,0.6918914766262365,0.7082739734913975,-0.016382496865161095
2024-03-21,454,0.6369753980109231,0.6505057980526582,-0.013530400041735072
2024-03-22,454,0.6481770984151166,0.6598276398908729,-0.011650541475756232
2024-03-25,452,0.6751354439416314,0.6789255991193794,-0.003790155177748029
2024-03-26,449,0.7556078035566781,0.759890423797594,-0.0042826202409157145
2024-03-27,468,0.9441000602828238,0.9239670048750146,0.02013305540780923
2024-03-28,474,0.9317640731716982,0.9164004306890832,0.015363642482614969
2024-04-01,473,0.7283174911918471,0.7272366492449084,0.0010808419469388077
2024-04-02,468,0.6744966019018348,0.6835507745744543,-0.009054172672619636
2024-04-03,470,0.768818571717934,0.7576736884969935,0.011144883220940507
2024-04-04,473,0.7371687695656157,0.7400935015043353,-0.002924731938719566
2024-04-05,468,1.0022184573703243,0.979698642325576,0.022519815044748207
2024-04-08,470,1.2902286375947603,1.2571455594225855,0.03308307817217477
2024-04-09,477,1.5712649543874986,1.5436005914659163,0.02766436292158209
2024-04-10,478,1.1707901970877799,1.1411531931230576,0.02963700396472245
2024-04-11,476,1.302612481449648,1.2735113685892279,0.029101112860420157
2024-04-12,479,1.090122102018987,1.0734104980344943,0.01671160398449283
2024-04-15,480,0.9060512056992821,0.9035926669268793,0.0024585387724028315
2024-04-16,476,1.0176913243441066,1.0193412579284158,-0.0016499335843090733
2024-04-17,475,0.9682064408622891,0.9782028765257338,-0.009996435663444568
2024-04-18,479,0.9460525997010937,0.954593764748317,-0.008541165047223374
2024-04-19,482,1.1110504451925627,1.1152902895718035,-0.0042398443792410045
2024-04-22,477,1.109523192526634,1.1171500189195904,-0.007626826392956522
2024-04-23,472,1.0520110246152663,1.045209886384461,0.006801138230805288
2024-04-24,471,1.055439625300565,1.0489023386414937,0.006537286659071125
2024-04-25,470,1.0750676856469463,1.0743270197872097,0.0007406658597365304
2024-04-26,464,1.0644938123084657,1.067284670838363,-0.002790858529897352
2024-04-29,466,1.054014379954385,1.0602634471207237,-0.006249067166338465
2024-04-30,471,1.151762472152649,1.1622416981706196,-0.010479226017970751
2024-05-01,472,1.0287425121142764,1.0421064408122453,-0.013363928697968964
2024-05-02,461,0.996292784060195,1.0092421742659656,-0.012949390205770593
2024-05-03,457,0.9297957379770133,0.9418446708150386,-0.012048932838025399
2024-05-06,457,0.7794538840846993,0.7910447455279608,-0.01159086144326142
2024-05-07,450,0.7641411390554855,0.778036155366708,-0.013895016311222646
2024-05-08,442,0.9434028832240711,0.9582991268357361,-0.014896243611665028
2024-05-09,439,0.7564858186921554,0.7692831923281034,-0.012797373635948042
2024-05-10,442,0.7406969751498271,0.7555061914532175,-0.014809216303390407
2024-05-13,442,0.7913488943791953,0.8037753867898828,-0.012426492410687575
2024-05-14,449,0.7209434284948637,0.73050819897686,-0.009564770481996235
2024-05-15,456,0.8067179970717853,0.8039244466483277,0.002793550423457639
2024-05-16,461,0.9512657949608585,0.9370689095722885,0.01419688538856992
2024-05-17,461,0.9998575080815926,0.9886843570932315,0.011173150988361122
2024-05-20,465,1.0938331477736223,1.076141834445073,0.0176913133285492
2024-05-21,466,1.282705199936406,1.2618941874346519,0.02081101250175403
2024-05-22,463,1.1430823483554113,1.1290202042505868,0.014062144104824476
2024-05-23,456,0.8583107599864682,0.8648625039915405,-0.006551744005072324
2024-05-24,448,0.9258973367574759,0.9211334836612991,0.004763853096176704
2024-05-28,441,0.9766932523122465,0.9692293208737415,0.007463931438505012
2024-05-29,441,0.9200492877208424,0.9269172447397563,-0.006867957018913976
2024-05-30,443,0.8302252970518732,0.8365977628053927,-0.006372465753519276
2024-05-31,443,0.8392746174631067,0.8327537922999458,0.00652082516316091
2024-06-03,448,0.7420576799156644,0.744913904746188,-0.0028562248305236135
2024-06-04,454,0.7978111096356283,0.7983148593012209,-0.0005037496655925995
2024-06-05,452,0.79019873769664,0.7910947171145584,-0.0008959794179183691
2024-06-06,453,0.8917830725217715,0.888445654903445,0.0033374176183265333
2024-06-07,442,0.9096873829456684,0.902457237456496,0.007230145489172456
2024-06-10,443,0.8677097178468186,0.864064951380957,0.0036447664658617656
2024-06-11,437,0.9024302715090865,0.9029703729605044,-0.0005401014514179761
2024-06-12,440,0.7390731278330872,0.7412264408293138,-0.002153312996226619
2024-06-13,438,0.6960285541079512,0.7046699621271765,-0.008641408019225263
2024-06-14,464,0.8102354978825717,0.8213494265450771,-0.011113928662505547
2024-06-17,473,0.7072401838642721,0.7133595982636787,-0.0061194143994065696
2024-06-18,480,0.7507245206079975,0.7496838808787611,0.0010406397292364279
2024-06-20,480,0.674514907446784,0.6756420949928165,-0.0011271875460324664
2024-06-21,461,0.7503990987328605,0.7504295180258616,-3.0419293000972742e-05
2024-06-24,456,0.9449948008850719,0.9348995623020407,0.01009523858303119
2024-06-25,454,0.805833915939989,0.8041139999688093,0.00171991597117968
2024-06-26,454,0.7332174409610522,0.7385066685499855,-0.005289227588933282
2024-06-27,447,0.7158290373277836,0.7188359892848301,-0.0030069519570464017
2024-06-28,464,0.6863599796136719,0.6891166958464303,-0.00275671623275837
2024-07-01,468,0.6679748409255044,0.6773019695313989,-0.009327128605894432
2024-07-02,464,0.6705554332776491,0.6830618432471297,-0.012506409969480478
2024-07-03,462,0.8497003662230286,0.8591961778374432,-0.009495811614414476
2024-07-05,469,1.0779953516556038,1.0838194541210784,-0.00582410246547466
2024-07-08,467,1.1233878468533423,1.1248967422561806,-0.0015088954028381898
2024-07-09,472,1.7444220386664564,1.7332502777805074,0.01117176088594892
2024-07-10,477,1.6290320141169827,1.615750350805457,0.013281663311525848
2024-07-11,480,1.0642047746035044,1.064712618928853,-0.0005078443253486541
2024-07-12,476,0.9803204146715502,0.9771948443150166,0.003125570356533646
2024-07-15,480,0.8778338986916533,0.8795559416421248,-0.0017220429504715591
2024-07-16,479,0.9323042245497075,0.921713532629734,0.010590691919973479
2024-07-17,479,1.0340459151167969,1.01836727493125,0.015678640185546783
2024-07-18,479,1.1344775302227594,1.1236527356286314,0.010824794594127994
2024-07-19,481,1.1838115219854106,1.1825597863050836,0.0012517356803271984
2024-07-22,484,1.1898088079945652,1.183378975371162,0.006429832623403163
2024-07-23,484,1.4527597704947801,1.4436181873530358,0.009141583141744243
2024-07-24,476,1.312377313653536,1.3171895537666238,-0.0048122401130880135
2024-07-25,468,1.2226982926930223,1.21837294092306,0.004325351769962431
2024-07-26,468,1.5974880596617933,1.5791829647024704,0.01830509495932287
2024-07-29,464,1.9406515839103757,1.9179473795559583,0.022704204354417595
2024-07-30,462,1.7056043672088086,1.683973011396174,0.021631355812634423
2024-07-31,466,2.1701160306273732,2.1471579669345053,0.022958063692868354
2024-08-01,474,1.1500061225256195,1.13309222638422,0.016913896141399515
2024-08-02,470,0.9800627371941265,0.9782762962519218,0.0017864409422045915
2024-08-05,463,1.104114704079605,1.1138346888014448,-0.009719984721839712
2024-08-06,464,1.0103364457598365,1.0259853637766625,-0.015648918016825993
2024-08-07,462,1.1759799239653108,1.1898322274193167,-0.0138523034540059
2024-08-08,444,0.9983817223218854,1.0150308283019243,-0.016649105980038964
2024-08-09,436,0.9482440862471553,0.9680436709982625,-0.019799584751107265
2024-08-12,440,1.20900944090625,1.2251188419002343,-0.016109400993984332
2024-08-13,437,0.8104632574874465,0.8339523162494766,-0.023489058762030102
2024-08-14,437,0.9396681982603683,0.9639245889440492,-0.024256390683680948
2024-08-15,453,0.6532340383600231,0.6719193334091478,-0.01868529504912461
2024-08-16,464,0.774741043437938,0.7972531238568819,-0.022512080418943755
2024-08-19,467,0.6964484386079233,0.7143146950761439,-0.017866256468220612
2024-08-20,467,0.7517905220682305,0.7719691627635956,-0.020178640695365124
2024-08-21,473,0.7181102254423442,0.7297592972371534,-0.011649071794809226
2024-08-22,473,0.7748721418516205,0.7941729868643057,-0.01930084501268532
2024-08-23,455,0.7364700715460386,0.7514874993174571,-0.015017427771418493
2024-08-26,442,0.9104490768210178,0.9036711654524296,0.006777911368588175
2024-08-27,438,0.963167634212959,0.9522814765601123,0.010886157652846866
2024-08-28,432,0.925881275486513,0.9161785524683446,0.009702723018168373
2024-08-29,421,1.2044963616169568,1.1775458792048017,0.02695048241215526
2024-08-30,436,1.1942739123565818,1.1697455641154666,0.02452834824111528
2024-09-03,448,0.8823660931974034,0.8769378803694735,0.005428212827929881
2024-09-04,453,0.8665995650670296,0.8680416541687864,-0.0014420891017568555
2024-09-05,455,0.8226561594460341,0.8306450590369204,-0.007988899590886242
2024-09-06,446,1.1306365636097262,1.143673770183263,-0.01303720657353689
2024-09-09,438,1.0701907598502356,1.084320031926137,-0.014129272075901395
2024-09-10,436,1.1278650220987883,1.1403757639152554,-0.012510741816467377
2024-09-11,438,0.9946872277009292,1.0093292870496884,-0.014642059348759064
2024-09-12,440,1.1740588063711126,1.1828886366361002,-0.008829830264987647
2024-09-13,458,0.913468942175373,0.9253144218474741,-0.011845479672101072
2024-09-16,471,0.826192366751473,0.839580385381768,-0.013388018630295144
2024-09-17,478,0.79308315176424,0.8083770730224433,-0.015293921258203256
2024-09-18,479,0.8053040726872783,0.8167271001597342,-0.011423027472455839
2024-09-19,478,0.8634714458593169,0.8693470992137965,-0.005875653354479669
2024-09-20,477,0.8320405621487881,0.8446331355828443,-0.01259257343405622
2024-09-23,460,0.7262619833293795,0.7412581162484425,-0.014996132919063087
2024-09-24,451,0.6711796952384741,0.6801821909554652,-0.009002495716991124
2024-09-25,449,0.7072325143385876,0.7208820073238257,-0.013649492985238102
2024-09-26,451,0.8665800919057666,0.8586884778295223,0.007891614076244297
2024-09-27,448,0.8554261247523716,0.8543296378741603,0.0010964868782113088
2024-09-30,464,1.0023149945471632,0.9918667757708214,0.010448218776341858
2024-10-01,472,0.8757251248044687,0.876418060889745,-0.0006929360852763148
2024-10-02,472,0.8253621015473075,0.832044045601826,-0.006681944054518458
2024-10-03,465,0.7824072341847567,0.7929593476331801,-0.01055211344842351
2024-10-04,472,0.7435176276149718,0.7563895918406142,-0.01287196422564238
2024-10-07,476,0.9007158120774741,0.9198781258247063,-0.019162313747232186
2024-10-08,472,0.8106630942198849,0.8255041430752915,-0.014841048855406595
2024-10-09,474,0.885157131910348,0.8959766887634242,-0.010819556853076253
2024-10-10,482,0.9805902053609893,0.9914198901362582,-0.010829684775268885
2024-10-11,479,0.895441127910225,0.9040633004303685,-0.008622172520143571
2024-10-14,476,0.8049761274387154,0.806558465428068,-0.0015823379893525938
2024-10-15,480,0.7695912121711398,0.7730509035421419,-0.0034596913710020416
2024-10-16,479,0.828028631300929,0.8209280381232444,0.0071005931776845005
2024-10-17,480,0.9225361857666833,0.9152979927268832,0.007238193039800041
2024-10-18,483,1.0595629266662163,1.046715381886758,0.01284754477945831
2024-10-21,485,0.8760942032743892,0.87840109654937,-0.002306893274980848
2024-10-22,487,0.9312959499525965,0.9296659451077041,0.0016300048448923165
2024-10-23,488,1.052217865926801,1.0508359886129814,0.0013818773138197873
2024-10-24,480,1.1776891624071828,1.1659801893425785,0.011708973064604257
2024-10-25,475,1.1106256771207366,1.1047754255150883,0.0058502516056480975
2024-10-28,467,1.1711720424504712,1.1606587825784267,0.010513259872044382
2024-10-29,464,1.0752050277398912,1.076971688658697,-0.001766660918805914
2024-10-30,463,1.6196184400396774,1.6132427831373792,0.006375656902298138
2024-10-31,467,1.762176810347195,1.752267440427929,0.00990936991926615
2024-11-01,461,1.979741125666724,1.9653313049131784,0.014409820753545848
2024-11-04,470,2.377537173293518,2.3567287147100977,0.020808458583420127
2024-11-05,467,1.9212226860487482,1.9064089269640911,0.01481375908465698
2024-11-06,459,1.1743112177849826,1.1727060605614337,0.0016051572235489563
2024-11-07,453,1.0700133481394627,1.0681449841986308,0.0018683639408319222
2024-11-08,444,1.1648724959042356,1.1564406473879192,0.00843184851631621
2024-11-11,431,1.0221735340006648,1.010226561680522,0.011946972320142768
2024-11-12,434,1.0139439645747939,1.0079211634383924,0.006022801136401356
2024-11-13,439,0.996071502589127,0.9908770794338313,0.005194423155295709
2024-11-14,441,0.9591413288066977,0.9648427757433669,-0.005701446936669157
2024-11-15,456,1.094927283995493,1.1116808158900755,-0.01675353189458235
2024-11-18,465,1.1339454331526615,1.1492986211446203,-0.015353187991958867
2024-11-19,464,1.1056912132582097,1.1193377616541702,-0.013646548395960481
2024-11-20,464,1.0157503361538005,1.0293646353503199,-0.013614299196519445
2024-11-21,453,0.7882693013368673,0.806550110596873,-0.018280809260005623
2024-11-22,442,0.7250964623918698,0.74015023323629,-0.015053770844420127
2024-11-25,441,0.6998604014113969,0.703072682119937,-0.003212280708540122
2024-11-26,439,0.8493006570012053,0.8494573029351452,-0.0001566459339398501
2024-11-27,436,0.9088242710177873,0.9056479299392918,0.003176341078495612
2024-11-29,439,1.0833093057644583,1.0719085856199102,0.011400720144548054
2024-12-02,447,0.9705041384159186,0.9597411234054459,0.010763015010472738
2024-12-03,447,0.976972531029659,0.9628820816739457,0.014090449355713328
2024-12-04,450,0.9419436082886407,0.9285322803499085,0.013411327938732115
2024-12-05,458,0.9700259776843598,0.9569972647387114,0.013028712945648509
2024-12-06,452,1.004031299734802,0.9885131355141021,0.015518164220699847
2024-12-09,449,1.0918254823799463,1.0794607866910917,0.012364695688854625
2024-12-10,447,1.0336408710898435,1.0196766594732876,0.01396421161655614
2024-12-11,446,1.6282211302211267,1.5922656233489079,0.03595550687221875
2024-12-12,445,1.6411501410633786,1.6074799207531025,0.03367022031027617
2024-12-13,458,1.1466648257232026,1.1212157466650166,0.025449079058185824
2024-12-16,470,1.030096325790574,1.0090979270686937,0.020998398721880234
2024-12-17,477,0.7704873477902034,0.7643744062662856,0.006112941523917833
2024-12-18,477,0.7652906206136871,0.7880260379955113,-0.022735417381824264
2024-12-19,471,0.6102633693322095,0.6370564243944886,-0.02679305506227921
2024-12-20,476,0.5779816778496183,0.5819883381529574,-0.004006660303339153
2024-12-23,459,0.5769027410503784,0.5800314262829619,-0.0031286852325835214
2024-12-24,448,0.7743409229802671,0.7591685841298591,0.01517233885040804
2024-12-26,445,0.7209199227418657,0.7178668912094386,0.0030530315324271765
2024-12-27,449,0.801960567186518,0.8056898122741445,-0.003729245087626492
2024-12-30,450,0.8105598548902356,0.8155599676067603,-0.005000112716524686
2024-12-31,468,0.8148310379118842,0.8232671328270881,-0.008436094915203944
2025-01-02,469,0.9525912746975687,0.9506716479827146,0.0019196267148539213
2025-01-03,475,0.9640925399317928,0.9574579222988597,0.006634617632933187
2025-01-06,476,0.9023728136177422,0.9018697227112983,0.0005030909064439576
2025-01-07,474,0.9340795336740426,0.9451998334269286,-0.01112029975288592
2025-01-08,473,1.004317518431337,1.0154490604786437,-0.011131542047306498
2025-01-10,478,1.4008466090506022,1.4035058844182136,-0.002659275367611384
2025-01-13,475,1.5415108435924767,1.542827392371737,-0.0013165487792601853
2025-01-14,474,1.260832016621572,1.2686542389174482,-0.007822222295875975
2025-01-15,478,1.1095678867751109,1.1211216664165853,-0.011553779641474424
2025-01-16,477,0.9763920919852097,0.9887743113932409,-0.01238221940803124
2025-01-17,481,1.177784116634075,1.1832218233944778,-0.005437706760402775
2025-01-21,485,1.0999063412536938,1.1003052170579477,-0.00039887580425398
2025-01-22,486,1.1092044059671402,1.1119212386981276,-0.002716832730987452
2025-01-23,485,1.1146628777996583,1.1168530733555453,-0.0021901955558868494
2025-01-24,480,1.051580135487765,1.0515647687528504,1.5366734914481113e-05
2025-01-27,470,1.1199087497280684,1.115798092763887,0.004110656964181516
2025-01-28,469,1.032583242269256,1.033357116573248,-0.0007738743039922174
2025-01-29,469,1.0552487305058895,1.0593523114401335,-0.004103580934244001
2025-01-30,471,1.1231197435053308,1.1225292024024753,0.0005905411028554793
2025-01-31,467,1.1041280743894992,1.1038270385506808,0.0003010358388185144
2025-02-03,470,1.1193471230818286,1.1231399037885663,-0.0037927807067376267
2025-02-04,469,1.0574966024939023,1.0600338618589966,-0.0025372593650942197
2025-02-05,466,1.1312403187096187,1.1221087072517155,0.00913161145790328
2025-02-06,464,1.0943111163970556,1.0892521693140598,0.005058947082996045
2025-02-07,448,1.1702353841878523,1.170790787672678,-0.0005554034848258693
2025-02-10,442,1.1676860348232656,1.1714766062017135,-0.0037905713784479505
2025-02-11,441,1.2054218091122293,1.2097495969557943,-0.004327787843564974
2025-02-12,441,1.1761420918687335,1.1812432741837313,-0.0051011823149979905
2025-02-13,433,1.2270480009303029,1.2157454179327307,0.011302582997572098
2025-02-14,452,1.326418268524845,1.3116981797406126,0.014720088784232133
2025-02-18,461,1.5617001526785386,1.5413673132920271,0.020332839386511477
2025-02-19,459,1.2383359406208039,1.2210101321170084,0.017325808503795385
2025-02-20,460,1.3080085607333092,1.288134161795435,0.019874398937873954
2025-02-21,452,1.0189518887039795,1.0171093480344322,0.0018425406695473923
2025-02-24,443,1.1770981299257492,1.1648842120321563,0.01221391789359296
2025-02-25,443,1.1700295118142825,1.1482256822060126,0.021803829608269692
2025-02-26,440,1.0795968903505047,1.0645206869756736,0.015076203374831175
2025-02-27,438,1.2046279244733449,1.1886705257806343,0.015957398692710824
2025-02-28,439,1.5039438422549436,1.4872986185190862,0.01664522373585743
2025-03-03,437,1.8267546579273857,1.811176408430354,0.015578249497031538
2025-03-04,438,1.3592314622693151,1.345083971733278,0.014147490536036963
2025-03-05,439,1.4744214344637259,1.4509462281610195,0.023475206302706577
2025-03-06,440,1.5058476250350212,1.4855756026589935,0.020272022376027758
2025-03-07,427,1.2580245976830853,1.2413095522513806,0.016715045431704646
2025-03-10,438,1.1866236637342809,1.1850744078432167,0.0015492558910640086
2025-03-11,435,0.8726820720971605,0.8887220563908135,-0.01603998429365291
2025-03-12,440,0.9167796044563613,0.9385843649768131,-0.021804760520451827
2025-03-13,439,1.0807962018302637,1.100327759570508,-0.019531557740244374
2025-03-14,465,0.7072146585138961,0.7249006993912996,-0.017686040877403608
2025-03-17,472,0.7874487460063562,0.8029943682559447,-0.015545622249588541
2025-03-18,477,1.009292078335346,1.0213144084395602,-0.012022330104214126
2025-03-19,479,0.6920109704579847,0.7063339089967857,-0.014322938538801044
2025-03-20,484,0.7492931105836697,0.7565622094116208,-0.007269098827951033
2025-03-21,483,0.8432451627091461,0.8341001433274852,0.009145019381660908
2025-03-24,463,1.181572694542305,1.1596230290744074,0.021949665467897672
2025-03-25,459,1.1907497492316474,1.170155511616458,0.020594237615189605
2025-03-26,457,0.7710115206379321,0.7756916168124919,-0.0046800961745597485
2025-03-27,453,2.115791331948616,2.09274260047999,0.023048731468625665
2025-03-28,453,3.355683031040363,3.3209401558194664,0.034742875220896814
2025-03-31,472,3.844945160496995,3.809618472053335,0.03532668844365989
2025-04-01,478,4.712572499606402,4.680571711933914,0.03200078767248807
2025-04-02,479,2.0940304359480506,2.0689980138777244,0.025032422070326427
2025-04-03,475,1.7028049373794392,1.6878720161059848,0.01493292127345413
2025-04-04,478,1.508596838419358,1.5197853675998856,-0.011188529180527476
2025-04-07,481,1.7357170835711,1.7485552113457599,-0.012838127774659895
2025-04-08,478,2.242712702629899,2.2418900386613596,0.000822663968539664
2025-04-09,477,1.232644571501691,1.207811797757144,0.024832773744546694
2025-04-10,479,0.9978807190020673,1.0300456026097864,-0.03216488360771922
2025-04-11,478,1.0646768525822743,1.0580696748219287,0.0066071777603455605
2025-04-14,476,0.9420577827624554,0.9536406260178876,-0.011582843255432055
2025-04-15,477,0.9204156139561416,0.9480565727601766,-0.027640958804035175
2025-04-16,479,1.489140285615916,1.5225435535776666,-0.03340326796175075
2025-04-17,484,1.4067342163284804,1.4366571937169845,-0.029922977388504128
2025-04-21,487,1.9558302551379496,1.9774106156961062,-0.02158036055815636
2025-04-22,489,1.4560599950234772,1.4871110277684128,-0.031051032744935553
2025-04-23,482,1.1618913120144154,1.196297841616516,-0.03440652960210064
2025-04-24,477,1.0050457677959237,1.0281070452775838,-0.023061277481660227
2025-04-25,474,1.113007504250383,1.1488512090160496,-0.035843704765666694
2025-04-28,469,1.0993562117265654,1.1272722529885288,-0.0279160412619633
2025-04-29,467,1.0215946801993891,1.0427767105300116,-0.021182030330622322
2025-04-30,475,1.0711006776873142,1.0963482662139274,-0.025247588526613202
2025-05-01,479,1.079386352163098,1.1099867859071992,-0.03060043374410117
2025-05-02,473,0.9766418548844941,0.9974090005523903,-0.02076714566789633
2025-05-05,470,1.5957775518679422,1.617714380505596,-0.02193682863765366
2025-05-06,470,2.104227423737528,2.1141437381443193,-0.009916314406791745
2025-05-07,464,1.9214715786291894,1.9334750951206163,-0.012003516491427045
2025-05-08,452,1.445416878732581,1.4736122108916578,-0.02819533215907693
2025-05-09,444,1.5149709710950618,1.5496250183263398,-0.034654047231277935
2025-05-12,439,0.9290906129447047,0.9618955163590162,-0.032804903414311325
2025-05-13,438,0.9325751278123315,0.9582269937520715,-0.025651865939740004
2025-05-14,440,1.03326143613885,1.0349001216087408,-0.001638685469890856
2025-05-15,447,0.9635592934486749,0.9613877813928048,0.0021715120558698773
2025-05-16,451,1.195337860444951,1.148061322933388,0.04727653751156321
2025-05-19,458,0.9327498152400215,0.9483395695871745,-0.015589754347152904
2025-05-20,458,1.003938138973117,0.998731709083713,0.005206429889403931
2025-05-21,459,0.8755094881126853,0.9373486834821975,-0.06183919536951223
2025-05-22,446,0.9150340193519347,0.9765323562194501,-0.06149833686751537
2025-05-23,443,0.9095294862733562,0.9807387818133848,-0.07120929554002872
2025-05-27,447,0.8878055265568351,0.9387666675327316,-0.05096114097589658
2025-05-28,443,0.8908962755236663,0.9567795449355104,-0.0658832694118441
2025-05-29,444,0.9147178468576974,0.965772424747603,-0.05105457788990551
2025-05-30,449,0.9581661615093462,1.025696851900186,-0.06753069039083962
2025-06-02,458,1.009465287299652,1.0719379411094279,-0.062472653809776055
2025-06-03,451,0.9913231015950297,1.0504983210690142,-0.05917521947398454
2025-06-04,456,0.9403903499366263,1.0008364326049646,-0.06044608266833818
2025-06-05,458,0.9417881328669656,1.0120871049635634,-0.07029897209659772
2025-06-06,447,1.008282219488595,1.02370668392583,-0.015424464437235271
2025-06-09,442,0.9411896303944199,0.9872216184428261,-0.046031988048406226
2025-06-10,447,1.0737469021034376,1.0757391044347329,-0.0019922023312953165
2025-06-11,441,1.0104979363362243,1.0250897165414368,-0.014591780205212394
2025-06-12,440,0.9954915875528361,1.0066997602024024,-0.011208172649566231
2025-06-13,461,0.9679720532746124,1.0234552700811756,-0.0554832168065631
2025-06-16,473,0.8758296465003252,0.935411969016371,-0.05958232251604577
2025-06-17,476,0.9680918174667791,1.0286033934680896,-0.06051157600131045
2025-06-18,482,0.9704032662853711,1.0451319274899062,-0.07472866120453522
2025-06-20,478,1.0187025956034845,1.0949780811478547,-0.07627548554437008
2025-06-23,462,0.95781296579635,1.035653402605322,-0.07784043680897193
2025-06-24,456,0.9262509162138589,1.006742983726483,-0.080492067512624
2025-06-25,456,1.180307754862158,1.2662866743387147,-0.08597891947655648
2025-06-26,449,1.1304047735293619,1.214763514659647,-0.08435874113028491
2025-06-27,451,0.9247908783612562,1.0007392771480104,-0.07594839878675419
2025-06-30,468,0.9953651093581695,1.0541990591785773,-0.05883394982040778
2025-07-01,475,0.9140368947414849,0.9672479387384004,-0.053211043996915536
2025-07-02,469,0.8272587848769007,0.8865593237500906,-0.05930053887318986
2025-07-03,477,0.867868574505464,0.8998376284375288,-0.03196905393206486
2025-07-07,481,0.8249141528203987,0.8726537071292048,-0.04773955430880608
2025-07-08,478,0.8961536895956266,0.9034138745036362,-0.0072601849080096625
2025-07-09,479,0.8692832551856428,0.8741208506530107,-0.004837595467367871
2025-07-10,486,0.8600790594322871,0.8683897286550585,-0.008310669222771289
2025-07-11,481,0.8426814503115639,0.8595534724865872,-0.016872022175023246
2025-07-14,478,0.795177709364284,0.8013745783733565,-0.006196869009072379
2025-07-15,481,0.9926212643764074,1.0399118485069045,-0.047290584130497026
2025-07-16,480,1.0385282517686072,1.0874954706027016,-0.0489672188340945
2025-07-17,480,0.9908053360878889,1.0238782580656645,-0.03307292197777551
2025-07-18,484,1.0957954075860905,1.1330557342829521,-0.037260326696861565
2025-07-21,488,1.0899722347912846,1.1265439687448526,-0.036571733953568046
2025-07-22,490,1.0598708234739904,1.0726699208830888,-0.012799097409098367
2025-07-23,489,1.1626711951402307,1.1438855296054347,0.018785665534796096
2025-07-24,480,1.299005876948675,1.2635474808561813,0.03545839609249359
2025-07-25,474,1.5451688378708746,1.469417823208545,0.07575101466232981
2025-07-28,471,1.46492947926302,1.420107295792501,0.04482218347051927
2025-07-29,468,1.4111179975409256,1.372367056035168,0.038750941505757495
2025-07-30,469,1.3644013190690851,1.3303522356950634,0.0340490833740215
2025-07-31,476,1.1637446517540735,1.1540630703677772,0.009681581386296328
2025-08-01,476,1.2027306797046111,1.2218912326756364,-0.0191605529710251
2025-08-04,472,1.1417396104277908,1.1350994872038795,0.006640123223911372
2025-08-05,473,1.0834601752519495,1.1081642318883103,-0.024704056636360657
2025-08-06,467,1.2214759708424394,1.2667404738909533,-0.04526450304851393
2025-08-07,459,1.058076797772439,1.0998194266169958,-0.04174262884455668
2025-08-08,445,0.9184746901064825,0.9606011488605709,-0.04212645875408837
2025-08-11,439,0.9531901490994327,0.9968292408823044,-0.0436390917828719
2025-08-12,436,0.9020740489449248,0.9279991600722975,-0.02592511112737268
2025-08-13,437,0.8038276478829746,0.8063131014501957,-0.002485453567221077
2025-08-14,443,0.7047643905968002,0.7180176192593851,-0.013253228662585041
2025-08-15,459,0.764643640824873,0.8153363165457974,-0.05069267572092435
2025-08-18,467,0.7517536063473989,0.7877381518694827,-0.03598454552208392
2025-08-19,470,0.8234327942273268,0.8569596200112206,-0.033526825783893884
2025-08-20,476,0.9326334864536711,0.9692392486280909,-0.03660576217441962
2025-08-21,477,1.0725305806402496,1.10793915553463,-0.03540857489438038
2025-08-22,466,0.8534986025157963,0.8628250605598324,-0.00932645804403616
2025-08-25,447,0.8515385059420608,0.8597517170359126,-0.008213211093851798
2025-08-26,442,0.8020919916486668,0.802379317448998,-0.00028732580033111454
2025-08-27,434,0.7946711902953308,0.8037375999982246,-0.009066409702893722
2025-08-28,420,0.8285454655781563,0.8358501507796468,-0.00730468520149035
2025-08-29,433,0.8744632560514672,0.8835349858187438,-0.009071729767276547
2025-09-02,452,0.8850132487284598,0.9023650721175615,-0.01735182338910174
2025-09-03,452,1.0018998761197706,1.021042900053246,-0.01914302393347516
2025-09-04,456,0.9607106894343672,0.9934928652189904,-0.032782175784623196
2025-09-05,465,0.9808633919598699,0.9942117275171031,-0.013348335557233026
2025-09-08,446,1.0498337204263952,1.054515927915792,-0.004682207489396817
2025-09-09,443,0.9367566143197715,0.9498065538408116,-0.01304993952104007
2025-09-10,448,0.755116253558673,0.7812250015501672,-0.026108747991494208
2025-09-11,449,0.8996203939640702,0.9063392882708035,-0.006718894306733236
2025-09-12,456,0.8954665310848322,0.9113820851604222,-0.01591555407558998
2025-09-15,475,0.8648242685935612,0.887538401878459,-0.022714133284897815
2025-09-16,483,0.8564946673960014,0.8844375340669745,-0.027942866670972958
2025-09-17,485,0.8689383988704482,0.8873099578762811,-0.018371559005832854
2025-09-18,485,0.9075656148987172,0.8938621306481364,0.013703484250580909
2025-09-19,481,0.8582658359257511,0.8691973708547241,-0.010931534928973023
2025-09-22,484,0.8402067669814348,0.8575904185734019,-0.01738365159196709
2025-09-23,460,0.7748623019395181,0.8022480804041142,-0.02738577846459609
2025-09-24,452,0.9674164551942532,0.9930217831296609,-0.02560532793540769
2025-09-25,452,1.1038500064960366,1.1412290963741534,-0.0373790898781168
2025-09-26,449,1.0680558925240957,1.0965889406034612,-0.028533048079365513
2025-09-29,449,1.0774706875403746,1.0989632488093106,-0.021492561268936124
2025-09-30,471,0.9169285318936651,0.9286334261213142,-0.011704894227649074
2025-10-01,480,0.9162235011276956,0.9303773591916566,-0.014153858063961177
2025-10-02,479,0.9223561731415636,0.9175199238683208,0.004836249273242715
2025-10-03,479,1.3300953240327476,1.2476243169516392,0.08247100708110817
2025-10-06,481,1.0340064387907355,0.9907635059265487,0.04324293286418696
2025-10-07,480,0.8290820195875291,0.8241003816658161,0.004981637921713066
2025-10-08,475,0.9045787052099729,0.891244904351959,0.01333380085801387
2025-10-09,478,1.0164382990267484,0.9978959741977749,0.01854232482897362
2025-10-10,482,0.9394556156033377,0.9769324619555075,-0.03747684635216985
2025-10-13,480,0.8761538888740782,0.9157772041272457,-0.03962331525316757
2025-10-14,482,0.8838759010905272,0.9182931479710831,-0.034417246880555974
2025-10-15,484,0.8754495663246821,0.8929617804870804,-0.017512214162398346
2025-10-16,484,0.9697499618955806,1.014252050456911,-0.0445020885613304
2025-10-17,486,0.9757090412387212,1.0177325043410919,-0.04202346310237074
2025-10-20,487,0.9659253409074104,1.0007021245248366,-0.03477678361742634
2025-10-21,487,1.0516077983408385,1.051635587057052,-2.7788716213556363e-05
2025-10-22,488,1.538452133947819,1.5091794385710118,0.029272695376807198
2025-10-23,487,1.4390920073631008,1.396721226042416,0.04237078132068478
2025-10-24,479,1.3786250331136751,1.3384595463940718,0.04016548671960314
2025-10-27,473,1.5236974942919839,1.464969255957798,0.05872823833418596
2025-10-28,471,1.4259177522041364,1.3697152497651521,0.056202502438984184
2025-10-29,469,1.1878075515372795,1.1733101135444957,0.014497437992783857
2025-10-30,471,1.1520049096728835,1.1302589997012544,0.021745909971628966
2025-10-31,471,1.1585604320271587,1.1505537648593627,0.00800666716779634
2025-11-03,468,1.1462767070445228,1.1552456710964538,-0.008968964051930811
2025-11-04,471,1.156773344121929,1.1902913025905164,-0.033517958468587475
2025-11-05,468,1.0120943520185837,1.045281660603892,-0.03318730858530826
2025-11-06,458,0.9527646813224905,0.9786353278915976,-0.025870646569107206
2025-11-07,446,0.8233776648057181,0.8300841687322446,-0.00670650392652652
2025-11-10,438,1.1150854476833922,1.0717638227343986,0.043321624948993775
2025-11-11,433,1.1594582487807796,1.1052421565967705,0.054216092184009225
2025-11-12,432,1.2412665678177288,1.1663878593270178,0.07487870849071107
2025-11-13,436,1.1952992541612724,1.1306001902823255,0.0646990638789469
2025-11-14,451,0.9109007933579486,0.9025424429188592,0.008358350439089425
2025-11-17,463,0.887622033040723,0.9165887568614411,-0.028966723820718222
2025-11-18,463,1.1475525241681346,1.1902809767556715,-0.042728452587536804
2025-11-19,467,1.2142052392300486,1.2701662252847559,-0.05596098605470732
2025-11-20,460,1.6279063730559815,1.6963871269079847,-0.06848075385200326
2025-11-21,447,0.993628555981605,1.049218284360304,-0.05558972837869893
2025-11-24,448,0.9344320668548631,0.983616456294772,-0.049184389439908896
2025-11-25,446,1.0200735070838642,1.050069504260533,-0.02999599717666882
2025-11-26,444,1.0067021857377885,1.025378587362011,-0.018676401624222242
2025-11-28,437,1.1202970854333265,1.1288075980015777,-0.008510512568251114
2025-12-01,453,1.1076572292883269,1.1134552245334157,-0.005797995245088891
2025-12-02,455,1.0958446666076684,1.1018095707981574,-0.005964904190489107
2025-12-03,456,1.1179483567431574,1.133469835645643,-0.015521478902485474
2025-12-04,460,1.109909985213468,1.1417313877151944,-0.03182140250172656
2025-12-05,471,0.9539606548118524,0.9750105309728468,-0.021049876160994466
2025-12-08,453,1.0437167396719584,1.0743030538638632,-0.03058631419190472
2025-12-09,449,0.9762354289295732,0.9978638994876968,-0.021628470558123645
2025-12-10,450,1.084508348453361,1.0686888361876603,0.015819512265700796
2025-12-11,448,0.976261029071502,0.9540834997179377,0.022177529353564374
2025-12-12,452,0.7969433054319363,0.8070758208216057,-0.010132515389669406
2025-12-15,472,0.7759171074784236,0.801365282364308,-0.025448174885884415
2025-12-16,477,0.757510810703335,0.7940673628786594,-0.03655655217532431
2025-12-17,481,0.8059550575236379,0.8511684869408306,-0.04521342941719267
2025-12-18,477,0.6722741781555971,0.723902195180162,-0.05162801702456493
2025-12-19,477,0.5658256435928983,0.610589162722064,-0.0447635191291657
2025-12-22,478,0.565361178778727,0.5902737225967863,-0.024912543818059168
2025-12-23,462,0.6044881925931892,0.6137764030795423,-0.009288210486353027
2025-12-24,445,0.7006452498317496,0.712517918485409,-0.01187266865365955
2025-12-26,450,0.79700445102524,0.8215011355824844,-0.024496684557244266
2025-12-29,451,1.0286114255573935,1.0636372976494954,-0.035025872092101874
2025-12-30,452,1.03676176310221,1.0530264456357132,-0.01626468253350321
2025-12-31,470,1.2253667866065692,1.2621475781731408,-0.03678079156657152
2026-01-02,481,1.2121660334658975,1.245300720033921,-0.0331346865680236
2026-01-05,480,0.9960703336268811,1.0271759572908625,-0.031105623663981397
2026-01-06,483,0.9992594179698439,1.0095054387599158,-0.010246020790071971
2026-01-07,482,1.3238905451873624,1.3476789177455328,-0.02378837255817056
2026-01-08,478,1.203396121660913,1.2241641571852282,-0.0207680355243152
2026-01-09,478,1.116832595283057,1.1258796192307028,-0.009047023947645635
2026-01-12,477,1.1641118335712561,1.1376361455665296,0.02647568800472634
2026-01-13,476,1.0322502233448858,1.0406117266483734,-0.00836150330348757
2026-01-14,476,0.918870954756845,0.9317341847730707,-0.012863230016225696
2026-01-15,476,0.9499605446350146,0.9460836874737775,0.003876857161237066
2026-01-16,483,0.8857736013929038,0.8909667951286391,-0.005193193735735147
2026-01-20,488,0.980688537448114,1.0145159971735163,-0.033827459725402194
2026-01-21,487,1.019618653296416,1.015203729369988,0.0044149239264279164
2026-01-22,486,1.1445096580412781,1.1304571886570283,0.014052469384249958
2026-01-23,481,1.1468303696984488,1.1354328873854431,0.011397482313005832
2026-01-26,476,1.2743744365414054,1.2620650535634779,0.012309382977927635
2026-01-27,474,1.6870021152961159,1.6571441605212054,0.029857954774910486
2026-01-28,474,2.075603480911176,2.049802474218286,0.025801006692889556
2026-01-29,475,2.0612131355399295,2.015866483480323,0.04534665205960684
2026-01-30,477,2.0509749914016657,2.0465139408383575,0.004461050563308172
2026-02-02,476,1.8623007127820537,1.8642687295498772,-0.0019680167678234337
2026-02-03,473,1.5369932124016048,1.5645558253902314,-0.027562612988626688
2026-02-04,471,1.5720851041652766,1.586075703191143,-0.013990599025866269
2026-02-05,470,1.6367560757615298,1.6382670007790268,-0.0015109250174968859
2026-02-06,453,1.5590306178731996,1.5473596191954213,0.011670998677778101
2026-02-09,442,1.4779123122376472,1.4617078077339638,0.016204504503683492
2026-02-10,441,1.1900650393169745,1.190517596084569,-0.00045255676759483845
2026-02-11,440,1.0839304757368942,1.083398364888555,0.0005321108483391793
2026-02-12,435,1.1639575489566791,1.2033105936630175,-0.03935304470633828
2026-02-13,451,1.0679256261668246,1.0670619091079045,0.0008637170589200917
2026-02-17,464,1.0515048253884054,1.0714122780361726,-0.019907452647767117
2026-02-18,463,1.0543420400182324,1.0613071885768564,-0.006965148558623933
2026-02-19,467,0.8879527060307338,0.9227161113423789,-0.03476340531164497
2026-02-20,456,1.0720138315710015,1.0899261802445463,-0.017912348673544673
2026-02-23,446,1.1904308863766104,1.2273781463907756,-0.0369472600141653
2026-02-24,447,1.3064894342846491,1.2984523642272465,0.008037070057402741
2026-02-25,446,1.2323072608550523,1.2333265289455697,-0.0010192680905174855
2026-02-26,440,1.3958900159301155,1.3559417733723311,0.03994824255778454
2026-02-27,438,1.6750239957830146,1.5970730930991166,0.07795090268389822
2026-03-02,444,1.3766364367634967,1.3184163010489993,0.058220135714497245
2026-03-03,434,1.2139320400102498,1.166181511119392,0.04775052889085779
2026-03-04,434,1.3754074475355575,1.303954884968702,0.07145256256685555
2026-03-05,440,1.5964795212062657,1.509239801354929,0.08723971985133655
2026-03-06,439,1.3227281333944712,1.2646128893071187,0.0581152440873526
2026-03-09,436,1.120897589337304,1.082403130853886,0.03849445848341813
2026-03-10,441,0.9453892852301021,0.9464140523354228,-0.0010247671053206795
2026-03-11,448,1.0292755145783,1.006228504770824,0.023047009807476062
2026-03-12,446,0.9660521424302568,0.9821402737656472,-0.016088131335390367
2026-03-13,464,1.0568725397739802,1.0409303019143357,0.015942237859644708
2026-03-16,477,1.0158886688360758,1.0079455757576417,0.007943093078434132
2026-03-17,483,1.1622998196781429,1.1344577848595352,0.02784203481860796
2026-03-18,481,1.0248765453275657,1.0379810700147742,-0.013104524687208742
2026-03-19,484,1.0000660834366448,0.99694744806643,0.0031186353702147267
2026-03-20,483,1.0965507568657502,1.091716214217359,0.004834542648391193
2026-03-23,483,1.1785664021426752,1.141997441501682,0.03656896064099324
2026-03-24,463,0.819223685067544,0.83954702643894,-0.020323341371395957
2026-03-25,460,0.8418884143552905,0.8626139589858126,-0.02072554463052206
2026-03-26,451,0.9419124939263587,0.9837746677487929,-0.041862173822434234
2026-03-27,452,1.1961477190675025,1.2608273490530335,-0.06467962998553083
2026-03-30,451,1.3413305850011865,1.3979292944596495,-0.05659870945846305
2026-03-31,474,1.3999445688944065,1.4577708973457453,-0.05782632845133866
2026-04-01,474,1.3192560757246463,1.3732736001971848,-0.054017524472538624
2026-04-02,478,1.3659836491182158,1.4012355625635353,-0.03525191344531945
2026-04-06,481,1.3815700971932503,1.430739188980662,-0.04916909178741185
2026-04-07,482,1.6019453223908637,1.6495601833502502,-0.04761486095938643
2026-04-08,477,1.040246347572542,1.0743549649328574,-0.03410861736031517
2026-04-09,481,1.1469172133164378,1.1856504958733725,-0.03873328255693465
2026-04-10,483,1.4531281611314109,1.5120810007884322,-0.058952839657021264
2026-04-13,480,1.1847504030067157,1.2414183791503446,-0.0566679761436289
2026-04-14,481,1.1362386493771892,1.175755074440146,-0.03951642506295674
2026-04-15,482,1.108309128813424,1.1447167702784284,-0.03640764146500454
2026-04-16,483,1.1885060836954036,1.2084217282111533,-0.019915644515749904
2026-04-17,486,1.2865814072285837,1.275300502614833,0.011280904613750753
2026-04-20,489,1.2800735391246008,1.259494801107104,0.020578738017496604
2026-04-21,489,1.2022017524599566,1.1926632239186672,0.009538528541289507
2026-04-22,491,1.404049278703402,1.3769996580220738,0.027049620681328043
2026-04-23,485,1.2233068386068786,1.238126189935429,-0.014819351328550598
2026-04-24,480,1.1700712095247083,1.1885718352297572,-0.01850062570504869
2026-04-27,474,1.3199243689213929,1.3188821806898912,0.0010421882315016743
2026-04-28,471,1.392921499517533,1.4100480039719754,-0.017126504454442578
2026-04-29,472,1.5593586316114936,1.5972256040144,-0.037866972402906485
2026-04-30,477,1.3891780329225272,1.3980622028452767,-0.008884169922749745
2026-05-01,469,1.605806977225711,1.6097008644388138,-0.003893887213102763
2026-05-04,470,1.675661613541228,1.6821961316415404,-0.00653451810031242
2026-05-05,470,1.3908447134516078,1.3975415535495834,-0.006696840097975761
2026-05-06,464,1.4357788497496216,1.412611725588121,0.023167124161500467
2026-05-07,459,1.3685046594545816,1.3615338346550192,0.006970824799562208
2026-05-08,447,1.2293119516064723,1.204271688640943,0.02504026296552946
2026-05-11,441,1.166891368676474,1.1650128115651837,0.0018785571112904984
2026-05-12,441,1.1275996046168442,1.1155618421170022,0.012037762499841922
2026-05-13,442,1.0509459399777423,1.0791842750059724,-0.02823833502823026
2026-05-14,443,1.0310979328823615,1.059340027859627,-0.028242094977265552
2026-05-15,449,1.2045970763087437,1.2588514828745478,-0.05425440656580419
2026-05-18,457,1.313380504119999,1.355014243032124,-0.041633738912124775
2026-05-19,457,1.611893528198567,1.6461702415646495,-0.0342767133660826
2026-05-20,460,1.4268879878551524,1.4577091562456357,-0.030821168390483197
2026-05-21,449,1.6153031034713932,1.6360058603819494,-0.02070275691055609
2026-05-22,448,1.8079037646676357,1.8096200404495602,-0.0017162757819242562
2026-05-26,449,1.5827495371129394,1.5964792474787401,-0.013729710365800715
2026-05-27,448,1.4708000506446812,1.4770194986632832,-0.006219448018601926
2026-05-28,444,1.23416470409878,1.2593597326483832,-0.025195028549603225
2026-05-29,442,1.1380495517963507,1.1423217296214798,-0.004272177825129168
2026-06-01,457,1.173321079336426,1.17151480820329,0.001806271133135858
2026-06-02,454,1.3343753916532402,1.3334462944990633,0.0009290971541769389
2026-06-03,452,1.4631846414088763,1.4414068961661581,0.02177774524271831
2026-06-04,456,1.2335018056771643,1.2309123665345825,0.002589439142581656
2026-06-05,463,1.0961540559141314,1.1398385291018982,-0.04368447318776691
2026-06-08,440,1.2719512196200875,1.3199942769669804,-0.04804305734689301
2026-06-09,439,1.1175708404441296,1.1561090540719368,-0.03853821362780708
2026-06-10,443,1.5024756500429945,1.5094571891669821,-0.006981539123987464
2026-06-11,442,1.3365190238363003,1.3367767164323754,-0.00025769259607515783
2026-06-12,449,1.4316786326336413,1.4071666241027865,0.024512008530854692
2026-06-15,475,1.086971115785694,1.0630198817507694,0.02395123403492455
2026-06-16,479,1.1343082707882592,1.1255424472436653,0.00876582354459407
2026-06-17,478,1.4393274676811958,1.4607988007341517,-0.021471333052955847
2026-06-18,477,1.4856458875931857,1.5068013387581451,-0.02115545116495936
2026-06-22,479,1.6193998353385122,1.639520379275126,-0.020120543936613965
2026-06-23,460,1.3915439554311315,1.42326592637675,-0.03172197094561844
2026-06-24,455,1.310966199087945,1.340710499613895,-0.02974430052594974
2026-06-25,452,1.8013491078309918,1.8114878280752338,-0.010138720244242123
2026-06-26,450,1.34536724138952,1.3680002759118257,-0.022633034522305823
2026-06-29,450,1.4370850375373334,1.453986132802048,-0.016901095264714776
2026-06-30,470,1.3747430710891673,1.3770422136209597,-0.0022991425317922774
2026-07-01,474,0.9812500956678787,1.0054676371612217,-0.024217541493343087
2026-07-02,473,0.9626397345050891,0.9816686795733817,-0.019028945068292502
2026-07-06,479,1.035066449325902,1.0493940391838958,-0.014327589857993917
2026-07-07,482,1.0379840724109943,1.0493094783767791,-0.011325405965784727
2026-07-08,479,1.0034707309081263,1.037757566665481,-0.034286835757354556
2026-07-09,483,1.179061642434444,1.2032555569408518,-0.024193914506408017
2026-07-10,487,1.1395414278408962,1.143478479233879,-0.0039370513929829175
2026-07-13,483,0.9529140448492198,0.9587466509572906,-0.00583260610807079
2026-07-14,481,0.9382374802031217,0.9579464298702935,-0.01970894966717185
2026-07-15,484,0.9734265802318176,0.9892328056561475,-0.015806225424329814
2026-07-16,482,1.3306754700806498,1.3052861528449509,0.025389317235698813
2026-07-17,481,1.0471338708157347,1.0693921377785545,-0.022258266962819965
2026-07-20,485,1.0855462721080613,1.1277765653510188,-0.04223029324295738
2026-07-21,485,1.6860804086207504,1.7124059272892433,-0.026325518668493145
2026-07-22,486,1.9945883672387141,1.9904970593765892,0.004091307862125148
2026-07-23,486,1.616884082014822,1.640355584567998,-0.02347150255317594
2026-07-24,481,1.3624342864905195,1.3803116916925102,-0.017877405201990784
2026-07-27,474,1.2901623772835376,1.3213738890806128,-0.031211511797075448
2026-07-28,474,1.5591378904391393,1.5836254100835274,-0.024487519644388295
2026-07-29,473,1.7983671702362307,1.8242413052878184,-0.025874135051587494
2026-07-30,474,1.3794563864389016,1.421530745444571,-0.04207435900566943
2026-07-31,475,1.4382555169494726,1.491230464930428,-0.05297494798095522
2026-08-03,476,1.2640671879876013,1.3060644183613168,-0.04199723037371529
2026-08-04,475,1.0895973533086871,1.1171630939346981,-0.02756574062601116
2026-08-05,470,1.09140402653237,1.12511440901703,-0.03371038248465987
2026-08-06,464,1.0941952164175448,1.1509230400226804,-0.05672782360513558
2026-08-07,448,1.0417182839506296,1.0891125125944743,-0.047394228643844794
2026-08-10,445,1.0307055755900671,1.059847575560806,-0.02914199997073885
2026-08-11,441,0.9369891887693955,0.9542563681554234,-0.017267179386027877
2026-08-12,437,1.2478885433640212,1.2685696515167255,-0.020681108152704276
2026-08-13,438,1.2735266142964996,1.2614954116031727,0.012031202693326935
2026-08-14,454,1.3408466435813986,1.3322537243337034,0.008592919247695197
2026-08-17,457,1.511071304359356,1.51416109961672,-0.0030897952573640283
