origin_trading_day,rows,baseline_loss,candidate_loss,loss_delta_baseline_minus_candidate
2020-05-05,445,1.2605706118216813,1.92571414637115,-0.6651435345494688
2020-05-06,442,1.3969763820642374,1.9432933672836488,-0.5463169852194116
2020-05-07,438,1.2891386422284763,1.9002213204893512,-0.6110826782608748
2020-05-08,437,1.8565092749390248,1.7481342493199283,0.10837502561909655
2020-05-11,438,1.0133399752013472,1.7603985178892818,-0.7470585426879344
2020-05-12,431,1.1951550660714383,2.4326825151338425,-1.2375274490624042
2020-05-13,431,2.8337908798472924,3.8937974446084462,-1.0600065647611534
2020-05-14,440,2.1829445756034223,2.4849245639725135,-0.3019799883690911
2020-05-15,443,2.1469811678800648,2.2736189974219996,-0.12663782954193506
2020-05-18,440,1.5839599084483147,2.239377592105838,-0.6554176836575231
2020-05-19,446,2.798088324368591,2.6007619282406784,0.19732639612791286
2020-05-20,438,1.798339314090783,3.0152367936194744,-1.216897479528691
2020-05-21,430,1.7143726002294282,2.2333455831035542,-0.518972982874126
2020-05-22,433,1.9439328957882578,2.3776209386391702,-0.43368804285091245
2020-05-26,434,1.3277779224650657,2.0121690060923156,-0.68439108362725
2020-05-27,434,1.4297552340344457,2.697135862266903,-1.2673806282324576
2020-05-28,435,1.9667105215184457,2.975432542452806,-1.0087220209343595
2020-05-29,449,3.5056478151655766,3.9941780471738904,-0.48853023200831336
2020-06-01,452,3.8800095932471175,4.178790625231322,-0.29878103198420464
2020-06-02,448,2.342225967709834,2.845946474991727,-0.5037205072818928
2020-06-03,451,0.9454248676134759,1.9917921328615644,-1.0463672652480884
2020-06-04,449,2.016790382100804,1.5385151918514168,0.4782751902493876
2020-06-05,428,2.434342134053075,1.5999854405565586,0.8343566934965163
2020-06-08,423,2.716681346751002,1.523663038929036,1.1930183078219663
2020-06-09,429,1.39564107417751,1.2323481338874773,0.16329294029003258
2020-06-10,430,1.1286428042546073,1.693478250239552,-0.564835445984945
2020-06-11,444,1.3488273234082013,1.5845858775849402,-0.23575855417673858
2020-06-12,461,0.9731835686711053,1.6327320417829465,-0.6595484731118413
2020-06-15,467,0.8889914909450364,1.677906907086475,-0.7889154161414386
2020-06-16,469,0.9828792208610193,1.4867678168175977,-0.5038885959565783
2020-06-17,468,1.4418811437137768,2.4928937991511164,-1.0510126554373396
2020-06-18,467,1.2456309440547497,1.2761633285310539,-0.03053238447630428
2020-06-19,470,1.507334474044812,1.4014506987483728,0.10588377529643918
2020-06-22,452,1.0194588848742947,1.312170794262658,-0.2927119093883631
2020-06-23,444,0.7989528005380374,1.1935434864617591,-0.39459068592372165
2020-06-24,441,0.8760542816158728,1.500500718680592,-0.6244464370647193
2020-06-25,438,0.8891455567144512,1.3627863197298835,-0.47364076301543223
2020-06-26,438,1.5933866434938295,2.1397739479837963,-0.5463873044899669
2020-06-29,455,1.0211655307573704,1.4337271198408204,-0.41256158908345003
2020-06-30,463,0.9962095114158762,1.2768352512857173,-0.28062573986984124
2020-07-01,458,1.2003559256688143,1.3940827907919917,-0.19372686512317747
2020-07-02,462,0.9438527020541274,1.26093951385749,-0.31708681180336235
2020-07-06,465,0.9300199624015365,1.2447613978111154,-0.3147414354095787
2020-07-07,462,0.8496738829816106,1.2500155536287387,-0.400341670647128
2020-07-08,461,1.3059730088442416,1.3125420814359217,-0.006569072591679879
2020-07-09,466,1.9009572177439316,1.5489256725099712,0.35203154523396024
2020-07-10,464,1.4148370142558775,1.5891285634393475,-0.17429154918346984
2020-07-13,464,1.2570279774924114,1.5545597941040492,-0.29753181661163774
2020-07-14,467,1.0021125325463038,1.4980241140819472,-0.4959115815356435
2020-07-15,467,0.9542509182157548,1.5148510682281604,-0.5606001500124054
2020-07-16,467,0.9161532449630442,1.4279724787479358,-0.5118192337848916
2020-07-17,469,0.8772452279235865,1.1680336718756177,-0.29078844395203124
2020-07-20,468,0.965480842427989,1.4104380072008815,-0.44495716477289243
2020-07-21,467,0.9088822099517048,1.035058451101365,-0.12617624114966036
2020-07-22,469,0.9044881745465013,1.144615770401734,-0.24012759585523255
2020-07-23,464,0.9727463726051098,1.170104145786547,-0.19735777318143732
2020-07-24,453,1.0615898849215182,1.2944850310245126,-0.2328951461029943
2020-07-27,452,1.0114994617697584,1.2304335587804676,-0.21893409701070896
2020-07-28,454,1.1212410208274355,1.3608931583674784,-0.23965213754004316
2020-07-29,454,1.0154352923057823,1.2382245244888235,-0.22278923218304097
2020-07-30,455,1.0814943295141197,1.3023272101402725,-0.2208328806261529
2020-07-31,459,1.2530004006658149,1.4130152471106994,-0.1600148464448843
2020-08-03,458,1.665638247545217,1.727510570739384,-0.06187232319416711
2020-08-04,456,1.6642314743291253,1.6264414458511065,0.037790028478018656
2020-08-05,453,1.316904833856258,1.3557609704329558,-0.038856136576697724
2020-08-06,436,1.063375206877667,1.0753900663439644,-0.012014859466297425
2020-08-07,437,0.8785315320668686,0.963739303221155,-0.08520777115428624
2020-08-10,436,0.7805994434039747,0.9484842265190395,-0.1678847831150649
2020-08-11,430,0.9280943525717785,1.2025530298164235,-0.27445867724464507
2020-08-12,426,0.8481695951017112,1.018606215528998,-0.17043662042728683
2020-08-13,445,0.8691010627264819,1.0426155164036288,-0.17351445367714674
2020-08-14,448,0.9749515232938691,1.0639808206651324,-0.08902929737126329
2020-08-17,446,0.764069084627052,0.9807658571649247,-0.21669677253787256
2020-08-18,453,0.7256161799175378,0.9338889590476291,-0.20827277913009143
2020-08-19,458,0.812479650855306,1.077185610824351,-0.2647059599690449
2020-08-20,455,0.8850677988138307,1.095586378703767,-0.21051857988993625
2020-08-21,449,1.1537023154960113,1.480287519182208,-0.326585203686197
2020-08-24,438,0.8125222607188669,1.0185826504894766,-0.20606038977060964
2020-08-25,432,0.8626900193232241,1.1188385294577374,-0.2561485101345131
2020-08-26,428,1.0397818329956368,1.2846958494498242,-0.24491401645418726
2020-08-27,423,0.7130298547121462,0.8629880861146836,-0.1499582314025374
2020-08-28,434,0.9079633264408671,0.9621405784717031,-0.05417725203083602
2020-08-31,444,1.370607447424941,1.304716556621807,0.06589089080313394
2020-09-01,444,1.1565901462830288,1.1211836677442588,0.03540647853877
2020-09-02,444,1.9022596709699535,1.3481557632458128,0.554103907724141
2020-09-03,455,1.1171134789768458,1.0370432218286822,0.08007025714816343
2020-09-04,428,0.9123042464143598,1.0929942241300465,-0.1806899777156868
2020-09-08,428,1.0555967799861454,1.458751459328121,-0.4031546793419754
2020-09-09,432,0.9525690993081528,1.1616359369143503,-0.20906683760619751
2020-09-10,436,1.0232120935152205,1.3698983582374995,-0.3466862647222789
2020-09-11,436,0.8706540735325778,1.224022829890953,-0.353368756358375
2020-09-14,461,1.2291931648609247,1.097906166194777,0.13128699866614746
2020-09-15,467,1.143138661750836,1.0827868307858186,0.06035183096501735
2020-09-16,469,1.9249795266956804,1.5574989684755387,0.3674805582201414
2020-09-17,468,1.7219456117741327,1.432069377118113,0.28987623465601975
2020-09-18,468,1.1965481431648706,1.1242852688049283,0.07226287435994211
2020-09-21,470,0.8201548311660829,1.0253940653077633,-0.2052392341416804
2020-09-22,451,0.7071871276004671,0.9153105498663882,-0.20812342226592104
2020-09-23,444,1.0943180756411397,1.3914694502074518,-0.2971513745663122
2020-09-24,441,1.2836029596689515,1.3113054466547052,-0.02770248698575376
2020-09-25,442,0.9736828915539295,1.0420148888958223,-0.06833199734189274
2020-09-28,437,0.946045256940956,1.5741559297221726,-0.6281106727812166
2020-09-29,455,0.9734172437151345,1.2376048688814365,-0.26418762516630195
2020-09-30,463,1.160688464615249,1.4233396723509095,-0.26265120773566064
2020-10-01,455,1.5483245731341821,1.7212409645548643,-0.17291639142068208
2020-10-02,456,1.3698406440409205,1.6680784120020098,-0.29823776796108914
2020-10-05,461,1.0628960315901503,1.6017420430311127,-0.5388460114409623
2020-10-06,463,1.1398180033186556,1.3852233783522152,-0.2454053750335599
2020-10-07,460,0.828930913995926,1.2857448687307964,-0.4568139547348704
2020-10-08,469,0.8355682272049278,1.0824914713302871,-0.24692324412535935
2020-10-09,469,0.8188931304281879,1.0568194818701568,-0.23792635144196903
2020-10-12,469,1.0582436269142779,0.9706350202394562,0.08760860667482158
2020-10-13,467,0.8600200456880734,0.9979369226199578,-0.1379168769318844
2020-10-14,469,0.898360781564974,0.9398389686653636,-0.041478187100389544
2020-10-15,470,1.0206421180428529,1.0647730145397334,-0.04413089649688043
2020-10-16,471,0.982083153644184,1.0453522780277897,-0.06326912438360567
2020-10-19,470,0.9257188755106787,1.0823956844488536,-0.15667680893817487
2020-10-20,469,1.137629673924933,1.095764687889674,0.041864986035258865
2020-10-21,471,1.82118366645715,2.1467315662524413,-0.3255478997952917
2020-10-22,466,1.76282469478888,1.9122571083149866,-0.14943241352610667
2020-10-23,456,2.0341100981610363,1.9945940378965243,0.03951606026451219
2020-10-26,456,1.1858999999897217,1.102131547993743,0.08376845199597874
2020-10-27,457,1.29284743907568,1.3187782539321666,-0.025930814856486857
2020-10-28,456,1.9770765292312924,2.5740578986688147,-0.5969813694375228
2020-10-29,454,2.231125927916245,2.5780847857030817,-0.3469588577868367
2020-10-30,458,2.433084796819357,3.076527694667784,-0.6434428978484266
2020-11-02,450,3.457110448599637,3.7626124794227587,-0.3055020308231218
2020-11-03,445,2.840847501073677,3.159376642487557,-0.3185291414138802
2020-11-04,446,2.7200727161313845,2.9045628392332508,-0.1844901231018666
2020-11-05,439,1.6636983072138167,1.9277851340505465,-0.2640868268367296
2020-11-06,434,2.527789216683286,2.56528826832777,-0.03749905164448414
2020-11-09,441,1.2847541067089077,1.7692123383731693,-0.48445823166426166
2020-11-10,439,1.029540995391823,1.412933383564454,-0.3833923881726309
2020-11-11,432,0.9833476099024451,1.2614573380938707,-0.27810972819142565
2020-11-12,440,1.3891795690958926,1.928877977983348,-0.5396984088874556
2020-11-13,449,0.9935490628981167,1.398088027591779,-0.4045389646936626
2020-11-16,446,1.113395837832456,1.238821665921493,-0.1254258280890371
2020-11-17,450,1.302840402259236,1.3410028709961583,-0.03816246873692246
2020-11-18,453,1.2353251344418152,1.3039539412089494,-0.06862880676713419
2020-11-19,450,1.0514155593742986,1.3125172774598308,-0.26110171808553234
2020-11-20,438,0.9427028373502204,1.0796427373200308,-0.13693989996981037
2020-11-23,432,0.8511912382871801,0.9671096000067929,-0.11591836171961276
2020-11-24,432,0.8286255350231654,0.9567794028226086,-0.1281538677994433
2020-11-25,419,0.8310075795824776,0.9699093007253885,-0.13890172114291086
2020-11-27,428,1.034448858339554,1.0819909997257635,-0.04754214138620976
2020-11-30,443,1.1426220705904,1.169282421110153,-0.02666035051975275
2020-12-01,449,1.036213914520025,1.077094906966451,-0.04088099244642601
2020-12-02,447,0.876109140879774,0.9894842335546274,-0.11337509267485335
2020-12-03,455,0.8660243365110321,0.992257826808104,-0.12623349029707204
2020-12-04,454,0.835448746997482,0.8814147166396356,-0.04596596964215367
2020-12-07,432,0.834738292178393,0.9239464723795398,-0.08920818020114671
2020-12-08,430,0.7436370501577778,0.8919111493625549,-0.1482740992047772
2020-12-09,435,0.7947354658060118,1.018493761615746,-0.223758295809734
2020-12-10,438,0.8634891829897516,1.0631017375097385,-0.1996125545199868
2020-12-11,436,0.9539406866041004,1.0641673947097525,-0.11022670810565215
2020-12-14,456,0.8322822788858576,1.081450061599089,-0.24916778271323145
2020-12-15,458,0.985821456917536,1.0595259144360731,-0.0737044575185371
2020-12-16,459,0.7958819801418109,0.9769853494679256,-0.1811033693261148
2020-12-17,458,0.7345979577368769,0.8835115656451218,-0.14891360790824504
2020-12-18,465,0.6910209911816747,1.1457104644344727,-0.454689473252798
2020-12-21,467,0.6117157270079293,0.8217383284914263,-0.21002260148349694
2020-12-22,454,0.7191419384739893,0.8462233407400499,-0.12708140226606046
2020-12-23,444,0.7103830504634031,0.9303348900933812,-0.21995183962997805
2020-12-24,446,0.7355100763219976,0.8361955608042511,-0.10068548448225352
2020-12-28,444,0.7950027098113347,0.9352919539823423,-0.14028924417100772
2020-12-29,443,1.413350797718838,1.5611108418655584,-0.14776004414672045
2020-12-30,449,1.548349037831583,1.7638108853458183,-0.21546184751423514
2020-12-31,456,1.4566789890038596,1.6726007988032308,-0.21592180979937117
2021-01-04,461,1.7004691698013474,2.0845054465952537,-0.3840362767939063
2021-01-05,463,1.7170367867440375,1.8910951510264915,-0.174058364282454
2021-01-06,462,0.9737539760871468,1.2697783254446018,-0.29602434935745514
2021-01-07,469,1.0435578469086075,1.268057113519506,-0.22449926661089864
2021-01-08,471,1.031845558820292,1.106152486661838,-0.07430692784154609
2021-01-11,466,1.003406415941352,1.2640382512984714,-0.26063183535711937
2021-01-12,466,0.9924292027040177,1.2552439065148526,-0.26281470381083477
2021-01-13,461,0.9238521464553613,1.0640637285846648,-0.14021158212930354
2021-01-14,465,0.9711711954722585,1.0819147283466901,-0.11074353287443167
2021-01-15,467,0.9628715685936982,1.1116799628580591,-0.1488083942643609
2021-01-19,471,1.16712853792611,1.2125113445933622,-0.045382806667252126
2021-01-20,471,1.927143380249154,1.7179113748926182,0.20923200535653566
2021-01-21,472,1.1614270459917837,1.20728959887583,-0.04586255288404649
2021-01-22,460,1.48903186324267,1.4319675989111307,0.057064264331539216
2021-01-25,459,1.0973216412326783,1.143492203920333,-0.04617056268765479
2021-01-26,458,0.9000380984623874,1.0775275793072996,-0.17748948084491223
2021-01-27,458,1.3463994580627727,1.7754087067600486,-0.42900924869727597
2021-01-28,454,1.1521380060481627,1.2076518475158353,-0.05551384146767234
2021-01-29,463,1.8196408567926092,2.3719002660265485,-0.5522594092339393
2021-02-01,459,1.8226697900392683,1.5981994921831701,0.2244702978560982
2021-02-02,455,1.347775709239531,1.2533185490232372,0.0944571602162936
2021-02-03,452,1.2516102283419948,1.4279378689061375,-0.17632764056414282
2021-02-04,442,1.0823572459764232,1.1992611944300722,-0.11690394845364906
2021-02-05,438,1.0865190399920943,1.3435126722455841,-0.25699363225348976
2021-02-08,435,0.991720431778557,1.2895097672830553,-0.2977893355044984
2021-02-09,435,1.027100889906198,1.1278505247875679,-0.10074963488136998
2021-02-10,430,0.9144548005433158,0.9870015779151751,-0.07254677737185934
2021-02-11,439,1.022617727743348,1.0830323682999763,-0.0604146405566284
2021-02-12,444,1.314102316034861,1.304048716687586,0.010053599347274976
2021-02-16,447,1.2199857501196396,1.2477123427546966,-0.027726592635056852
2021-02-17,450,1.4667897554529936,1.5656538774601196,-0.09886412200712612
2021-02-18,442,1.4997289789577488,1.431572309408899,0.06815666954884993
2021-02-19,436,1.2800318199032459,1.1991266373174823,0.08090518258576371
2021-02-22,436,0.8844378936945331,1.0028122981551744,-0.11837440446064129
2021-02-23,438,0.8577023871017957,0.9405174969310823,-0.08281510982928669
2021-02-24,435,1.1125201417102082,1.1221011679508914,-0.009581026240683207
2021-02-25,439,1.11304259677734,1.0937472366884329,0.0192953600889072
2021-02-26,447,1.3629718193893203,1.5805119136714303,-0.21754009428211
2021-03-01,448,1.7502779303984854,1.6694612486486675,0.08081668174981803
2021-03-02,433,1.092942718624838,1.124259078999882,-0.031316360375044316
2021-03-03,438,1.1945727456268949,1.517921496071213,-0.32334875044431804
2021-03-04,437,1.5041707680201644,1.8776262773804546,-0.37345550936029015
2021-03-05,422,1.1631169570426152,1.4902519090386188,-0.3271349519960035
2021-03-08,416,1.450676989238932,1.6878956819025832,-0.2372186926636512
2021-03-09,424,0.9758941424482502,1.1594535453040784,-0.18355940285582822
2021-03-10,423,0.9318749556012444,1.0787128410020577,-0.14683788540081322
2021-03-11,432,0.9652536257886614,1.0721077216569341,-0.10685409586827277
2021-03-12,453,0.9042976463603646,0.9391522313671723,-0.03485458500680769
2021-03-15,460,0.9408732573165005,0.9131546053613131,0.027718651955187447
2021-03-16,469,1.0181579659729332,1.0077774642714767,0.010380501701456643
2021-03-17,468,1.2145306993685512,1.1763254842544726,0.038205215114078504
2021-03-18,468,0.7972425322977817,0.8931031114279475,-0.09586057913016584
2021-03-19,471,1.036500759369193,1.1580293160304025,-0.1215285566612095
2021-03-22,472,1.0375042554135803,1.0942171404900032,-0.056712885076422886
2021-03-23,454,1.0679358358895457,1.236801760821101,-0.16886592493155542
2021-03-24,446,0.9627897493054728,1.1730108032007385,-0.21022105389526557
2021-03-25,447,0.973206324476342,1.017770057044763,-0.044563732568420986
2021-03-26,443,0.7925838632145285,1.0289607824659126,-0.23637691925138424
2021-03-29,439,0.9648615011731867,1.1515969301564144,-0.1867354289832277
2021-03-30,457,0.81375030731814,0.9500036738020216,-0.13625336648388164
2021-03-31,457,0.8066995098242657,1.208049013602296,-0.4013495037780302
2021-04-01,457,0.721538612074099,0.8718594810070089,-0.15032086893290997
2021-04-05,462,0.637228933547478,0.8581634085771706,-0.22093447502969268
2021-04-06,466,0.6477305740792265,0.8040433602073542,-0.15631278612812766
2021-04-07,462,0.6337734062548593,0.8168729328382348,-0.18309952658337547
2021-04-08,469,0.7282939063521678,0.932100445866933,-0.20380653951476516
2021-04-09,472,0.734106927943584,0.925109346476007,-0.1910024185324229
2021-04-12,473,0.6952962858975447,0.8730091578500158,-0.1777128719524711
2021-04-13,467,0.8140253859938038,0.9168485462725428,-0.10282316027873876
2021-04-14,471,0.8042055002849987,0.9952810602055256,-0.19107555992052697
2021-04-15,471,0.7749545855981662,0.8668665238223036,-0.0919119382241373
2021-04-16,468,0.6911615400495277,0.828325889889806,-0.1371643498402783
2021-04-19,468,0.6991772148927435,0.8752535298947637,-0.17607631500202026
2021-04-20,473,1.0027571835673699,1.1216816370690559,-0.11892445350168591
2021-04-21,473,0.8857612772213804,1.001588029505672,-0.11582675228429157
2021-04-22,469,0.9846491218042714,1.0904787698039244,-0.105829647999653
2021-04-23,461,0.831403322894404,0.9113532724744998,-0.07994994958009582
2021-04-26,460,0.9788186983824155,1.047983989242334,-0.06916529085991828
2021-04-27,461,1.1129245420731717,1.142870889059127,-0.02994634698595515
2021-04-28,461,1.1369776454531537,1.2549733793537279,-0.11799573390057398
2021-04-29,459,1.1524859536750884,1.2418315403870221,-0.08934558671193371
2021-04-30,460,1.2366195819372896,1.3588865233293663,-0.12226694139207675
2021-05-03,456,1.1617165803973133,1.2592533580350769,-0.09753677763776339
2021-05-04,453,0.8929614775150587,1.0186956007624428,-0.12573412324738412
2021-05-05,449,1.106270247451675,0.9932159960246713,0.11305425142700377
2021-05-06,440,0.9007025979677036,0.8758366431846001,0.024865954783103484
2021-05-07,440,0.7769322180774236,0.7766492484886727,0.00028296958875103257
2021-05-10,444,0.7715565540972024,0.8174983977679878,-0.045941843670785486
2021-05-11,439,0.7362094250530322,0.8238566690716478,-0.08764724401861561
2021-05-12,437,0.7454526169092621,1.3023683247567774,-0.5569157078475152
2021-05-13,446,0.8234982044200156,0.8889977324946239,-0.06549952807460832
2021-05-14,450,0.721045859345784,0.8144498136577236,-0.09340395431193967
2021-05-17,445,0.8042205366258945,0.9618026507395108,-0.15758211411361625
2021-05-18,448,0.7853394503706894,0.9017574954419736,-0.11641804507128424
2021-05-19,452,0.752475111120553,0.9430033905184346,-0.19052827939788164
2021-05-20,442,0.7293203782280889,0.9092774363824551,-0.17995705815436608
2021-05-21,430,0.7068699730127141,0.8500506149553552,-0.1431806419426411
2021-05-24,430,0.7628729278761213,0.9090539443420287,-0.14618101646590737
2021-05-25,429,0.8402160093850616,0.9814360144415201,-0.1412200050564585
2021-05-26,417,0.8158267296148565,0.9026614318970018,-0.08683470228214525
2021-05-27,436,0.7687223443081522,0.8897263170427278,-0.12100397273457555
2021-05-28,448,0.8462951776278438,0.9289888650599226,-0.08269368743207872
2021-06-01,449,0.7688913389705762,0.9084534939492331,-0.1395621549786571
2021-06-02,448,0.7531842546380169,0.8319806711944467,-0.0787964165564299
2021-06-03,453,0.8525529699879707,1.0078562589359004,-0.15530328894792972
2021-06-04,451,0.7638205680931612,0.8450631260172783,-0.08124255792411703
2021-06-07,433,0.7736002402229684,0.867057459213554,-0.09345721899058562
2021-06-08,430,0.7335886740607952,0.8010117644320668,-0.0674230903712716
2021-06-09,434,0.6985134887595545,0.7616695440971125,-0.06315605533755794
2021-06-10,441,0.9118724206840104,0.9055421608477908,0.006330259836219597
2021-06-11,441,1.351868561992906,1.2094690562043444,0.14239950578856164
2021-06-14,462,0.8043037527571639,0.82236897097006,-0.01806521821289611
2021-06-15,470,0.8594420426833275,0.8952054783925796,-0.03576343570925211
2021-06-16,471,0.7770756277155038,0.846527427794855,-0.06945180007935128
2021-06-17,467,0.6957854663362968,0.9751882680897815,-0.27940280175348486
2021-06-18,466,1.0391382466990475,1.1832576192244648,-0.14411937252541754
2021-06-21,468,0.7379841179040455,0.9329478299531457,-0.19496371204910015
2021-06-22,450,0.7377964328127646,0.8446768713835063,-0.10688043857074173
2021-06-23,443,0.6881720965592036,0.7324632199713718,-0.04429112341216806
2021-06-24,442,0.6051318759427822,0.6979462931680049,-0.09281441722522275
2021-06-25,440,0.593441401124294,0.7002654376713447,-0.10682403654705079
2021-06-28,437,0.6038231105822719,0.8288740469054648,-0.225050936323193
2021-06-29,454,0.6880881846603333,0.7464960138956264,-0.05840782923529306
2021-06-30,456,0.805295718287935,0.8533009203685112,-0.04800520208057633
2021-07-01,460,0.6613080618747339,0.7228191689405975,-0.061511107065863574
2021-07-02,466,0.6229554329892323,0.6753991031136124,-0.052443670124380254
2021-07-06,470,0.5775635892252794,0.6522061976885383,-0.07464260846325893
2021-07-07,464,0.6078457774170288,0.6355170378079967,-0.027671260390967862
2021-07-08,468,0.6869289913696223,0.7077747883287129,-0.020845796959090633
2021-07-09,471,0.9423128484000043,0.8288620136655884,0.11345083473441599
2021-07-12,470,1.4102164674019673,1.3714663900438884,0.03875007735807898
2021-07-13,465,0.8303339262337752,0.8246545723096284,0.005679353924146909
2021-07-14,471,0.6254891554705857,0.7027787180537095,-0.07728956258312386
2021-07-15,470,0.696799025552121,0.8115398648597674,-0.11474083930764638
2021-07-16,469,0.7675277672107401,1.1576984322117982,-0.39017066500105807
2021-07-19,467,1.2124966267340747,1.6293072550967203,-0.41681062836264554
2021-07-20,471,0.7251752265366118,1.0161726129113733,-0.2909973863747614
2021-07-21,471,0.6856305291258816,0.8061313592290961,-0.12050083010321455
2021-07-22,465,0.8251446182300032,0.9560812827398206,-0.13093666450981745
2021-07-23,454,0.7454446881862705,0.8336238487740399,-0.0881791605877694
2021-07-26,456,0.7921302745668526,0.9105274242579815,-0.1183971496911288
2021-07-27,457,0.9480031269945871,1.0704546371285202,-0.12245151013393307
2021-07-28,457,0.9783835293890353,1.0732364651088122,-0.09485293571977685
2021-07-29,461,0.8731662959102439,0.967822250651414,-0.09465595474117006
2021-07-30,468,0.8292837781222816,0.9164185581494864,-0.08713478002720484
2021-08-02,459,0.8341033481800091,1.080667662754781,-0.24656431457477196
2021-08-03,458,0.8668159383492483,0.919020207432725,-0.052204269083476605
2021-08-04,454,1.1457409480173333,1.2350335283083396,-0.08929258029100619
2021-08-05,438,0.9115881051104869,0.8801364867702512,0.03145161834023577
2021-08-06,435,0.7661478690679709,0.7266155155124608,0.03953235355551018
2021-08-09,443,0.7622080943031441,0.7291668338692138,0.0330412604339303
2021-08-10,434,0.791234398162541,0.7935126261249001,-0.0022782279623591224
2021-08-11,433,0.9121089077319735,0.9430563957572793,-0.030947488025305885
2021-08-12,444,1.058201507041164,1.1491421962640171,-0.09094068922285344
2021-08-13,448,0.8734717489045866,0.8958908020558856,-0.02241905315129911
2021-08-16,446,0.6548681765215547,0.6090844428224121,0.045783733699142536
2021-08-17,454,0.7176865025057537,0.7006705850675815,0.017015917438172257
2021-08-18,456,0.8149839749129191,0.7613967491507083,0.05358722576221083
2021-08-19,462,0.8609294957297363,0.9146910832096055,-0.053761587479869144
2021-08-20,462,1.010431376214473,0.9290384531946916,0.08139292301978127
2021-08-23,456,0.7248481561478012,0.7709568547605798,-0.04610869861277864
2021-08-24,435,0.6338772673165962,0.6052151277321323,0.028662139584463887
2021-08-25,436,0.6926631364557219,0.668463298125705,0.02419983833001676
2021-08-26,425,0.7456104951736986,0.692699487681622,0.052911007492076584
2021-08-27,425,0.7311760081301448,0.7239029212312019,0.007273086898942961
2021-08-30,429,0.7199790436161145,0.6865323427084349,0.03344670090767967
2021-08-31,447,0.7330126091592578,0.7036313837463661,0.029381225412891572
2021-09-01,434,0.7292635254603618,0.6962417276040325,0.0330217978563293
2021-09-02,447,0.9258105322191622,0.9908659625471345,-0.06505543032797234
2021-09-03,449,0.8760074289539413,0.9492174768949037,-0.07321004794096235
2021-09-07,429,0.8501025587355904,0.8406867486500972,0.009415810085493106
2021-09-08,426,0.853564125015084,0.801664023728707,0.051900101286377044
2021-09-09,438,0.7712823733818482,0.7394366295038991,0.031845743877949216
2021-09-10,439,0.8032874627765073,0.8948723841843861,-0.09158492140787859
2021-09-13,440,0.9565415935127832,1.0527442898746169,-0.0962026963618337
2021-09-14,463,0.8844483269406018,1.0278519173300984,-0.14340359038949668
2021-09-15,470,0.8766030189313934,0.8364715719633543,0.04013144696803906
2021-09-16,468,0.7467981003837635,0.7214990958379732,0.025299004545790264
2021-09-17,467,0.7685448857375183,0.7489914702829037,0.019553415454614635
2021-09-20,467,1.1738950118411902,1.1346169917438356,0.039278020097354614
2021-09-21,469,1.2223513939231552,1.2777141795111249,-0.055362785587969844
2021-09-22,449,1.049084685406457,1.077015798339547,-0.02793111293309003
2021-09-23,443,1.208003992617697,1.4007352595835054,-0.1927312669658083
2021-09-24,444,1.1268662830100278,1.2193008539290737,-0.09243457091904596
2021-09-27,440,1.2277374198831994,1.413909804035838,-0.18617238415263856
2021-09-28,437,0.7885443566362663,0.7508247063503607,0.03771965028590561
2021-09-29,457,0.7820106523192805,0.7469433436783905,0.03506730864088993
2021-09-30,458,0.8762734670172209,0.7576584642566189,0.11861500276060201
2021-10-01,458,0.7961356480760791,0.7910973999082298,0.0050382481678492
2021-10-04,464,0.7915082892622348,0.7666722338904371,0.02483605537179768
2021-10-05,468,0.7644334714728536,0.7298486909276534,0.034584780545200186
2021-10-06,466,0.7628300818851377,0.7461242834848021,0.016705798400335554
2021-10-07,469,0.7289581835142739,0.693137718331354,0.03582046518291989
2021-10-08,470,0.762270140067978,0.7662425180775428,-0.00397237800956482
2021-10-11,470,0.9130846338232135,0.9306903240529782,-0.01760569022976482
2021-10-12,469,1.0150613276457174,1.0533569959829094,-0.03829566833719196
2021-10-13,471,1.0774077034113563,1.0864425307708712,-0.00903482735951486
2021-10-14,474,0.8220691838323225,0.8543754738034091,-0.03230628997108664
2021-10-15,474,0.8561568491895648,0.8738226026524796,-0.01766575346291487
2021-10-18,473,0.8713243259344362,0.8827209232970636,-0.01139659736262733
2021-10-19,473,0.803631884548981,0.8033446404760924,0.00028724407288869755
2021-10-20,473,0.8934207288555771,0.902932690602984,-0.009511961747406912
2021-10-21,470,0.8853055983216379,0.8822052942654965,0.003100304056141347
2021-10-22,458,0.9698620908777642,1.0017178796236408,-0.031855788745876495
2021-10-25,456,0.9237932526260639,0.9269289658194466,-0.0031357131933827612
2021-10-26,455,1.016494662702261,1.046927801609043,-0.030433138906782068
2021-10-27,456,1.124398985296437,1.133468281115026,-0.009069295818589115
2021-10-28,455,1.0857082940418057,1.1073079980773604,-0.021599704035554643
2021-10-29,464,1.2712662500437761,1.3968027020542453,-0.12553645201046904
2021-11-01,465,1.0155871961300662,1.0450485945847534,-0.029461398454687072
2021-11-02,458,1.0059742586655098,1.009059655286201,-0.0030853966206913393
2021-11-03,439,0.8520699146491458,0.8618669290544867,-0.009797014405340808
2021-11-04,448,0.8097554476379946,0.7848638378780584,0.024891609759936293
2021-11-05,436,0.8227750407576666,0.8050133967663751,0.017761643991291546
2021-11-08,432,0.7847571436365377,0.7545113671900091,0.030245776446528545
2021-11-09,435,0.7735386183913576,0.789172132595889,-0.015633514204531407
2021-11-10,448,0.7765613429868105,0.8288544907919133,-0.05229314780510293
2021-11-11,433,0.7997340283753965,0.8100122892769182,-0.0102782609015216
2021-11-12,446,0.9162018712035987,0.8780174001991726,0.038184471004426165
2021-11-15,445,0.87193603485351,0.8166477891549987,0.055288245698511256
2021-11-16,447,0.8573699917061258,0.7844950678459107,0.07287492386021512
2021-11-17,446,0.8059423704070017,0.76225719788276,0.04368517252424175
2021-11-18,457,1.1174900893223154,1.1032880389788005,0.014202050343515038
2021-11-19,450,0.9016301035884545,0.9345816234680846,-0.03295151987962999
2021-11-22,437,1.4214845773311242,1.0864105889769573,0.335073988354167
2021-11-23,436,1.9290516431772533,1.2793573147140376,0.6496943284632155
2021-11-24,425,1.223845273113178,1.224554214502246,-0.0007089413890681265
2021-11-26,426,0.9373249427154559,0.9489861487216503,-0.011661206006194552
2021-11-29,432,0.9650602346540916,1.023163468161791,-0.05810323350769932
2021-11-30,448,1.2410367843894132,1.298278975885394,-0.05724219149598107
2021-12-01,450,1.629048964996292,1.1874463718309047,0.4416025931653874
2021-12-02,452,0.9226959569979938,0.8848325379304139,0.03786341906757985
2021-12-03,453,1.0951038377887157,1.096764718557492,-0.0016608807687763943
2021-12-06,453,0.8142597315959107,0.7992692550131918,0.01499047658271893
2021-12-07,436,0.9361928716988815,0.9793953938032754,-0.04320252210439392
2021-12-08,434,0.9738043686538744,0.9858173524752084,-0.012012983821334113
2021-12-09,443,1.0602988207100776,1.0597177820364716,0.0005810386736058831
2021-12-10,440,1.0561008020744571,1.0302057958436055,0.025895006230851718
2021-12-13,440,1.0639700572976198,1.0009638962110894,0.0630061610865304
2021-12-14,457,0.7560466408543085,0.7583671718205282,-0.0023205309662196727
2021-12-15,458,0.8438522666189291,0.818073536413563,0.025778730205366165
2021-12-16,464,0.9194724753175205,0.9049910431046431,0.014481432212877416
2021-12-17,467,1.040428206088357,1.0210120822205584,0.019416123867798455
2021-12-20,471,1.4131995028118023,1.527686987118854,-0.11448748430705169
2021-12-21,474,0.9014859402163085,0.754841604480394,0.14664433573591465
2021-12-22,463,0.6724633267024346,0.5241384739399466,0.148324852762488
2021-12-23,453,0.6421899365075158,0.5886049949918778,0.05358494151563804
2021-12-27,452,0.6686102102390917,0.5967495233788527,0.07186068686023907
2021-12-28,449,0.9171875599476428,0.8929293090765266,0.024258250871116244
2021-12-29,448,1.291507629325773,1.3162528146874697,-0.024745185361696762
2021-12-30,456,1.4375033451764023,1.4882235952277303,-0.05072025005132791
2021-12-31,460,1.8360034307300543,1.9462346600965184,-0.1102312293664641
2022-01-03,464,1.464136919011651,1.3410796953240223,0.12305722368762886
2022-01-04,467,1.1073094114075197,1.0089831913385678,0.09832622006895197
2022-01-05,468,0.8657292216444171,1.1102389392754006,-0.2445097176309837
2022-01-06,470,0.9330438581962563,1.0934837808964764,-0.1604399227002199
2022-01-07,474,0.9301661275704644,0.9035073980595812,0.02665872951088298
2022-01-10,471,1.0489716700737632,0.9940793387802617,0.0548923312935017
2022-01-11,469,1.399550225251549,1.343832180554674,0.0557180446968749
2022-01-12,463,1.7704943875808277,1.6331163683393493,0.13737801924147844
2022-01-13,469,2.02248696791301,1.3399402456317249,0.682546722281285
2022-01-14,472,1.6813055831633086,1.1754399589095483,0.50586562425376
2022-01-18,474,1.5400150872206504,1.056073435772346,0.48394165144830437
2022-01-19,474,1.4701720282384312,1.1743506914468234,0.2958213367916078
2022-01-20,480,1.4254753841393522,1.4685339464911031,-0.043058562351751074
2022-01-21,470,0.9751592007314298,1.132205595650344,-0.15704639491891434
2022-01-24,463,0.8999177379600759,0.9294653150228671,-0.029547577062791135
2022-01-25,463,1.2143949370568174,1.1404675211089077,0.07392741594790968
2022-01-26,463,1.5640590859980856,1.504584452482128,0.0594746335159578
2022-01-27,458,1.288826305375913,1.0368682153816338,0.25195808999427927
2022-01-28,463,1.0029775685520863,0.9713912272719459,0.03158634128014034
2022-01-31,465,1.0612008708363674,1.1635190324748257,-0.1023181616384584
2022-02-01,464,1.0734102706313113,1.0771632903395205,-0.0037530197082092454
2022-02-02,459,0.9934501875057438,0.9973520191041334,-0.003901831598389654
2022-02-03,452,1.0911998979708588,1.0775613656728538,0.013638532298005006
2022-02-04,449,0.9453472495655747,0.968508541489208,-0.02316129192363313
2022-02-07,446,0.9244514244095715,0.8121604009809261,0.11229102342864543
2022-02-08,441,0.9315274003927162,0.913966573358719,0.01756082703399723
2022-02-09,445,1.1629431242687949,1.3862572521446548,-0.22331412787586002
2022-02-10,441,1.198508140093062,1.42578289314055,-0.2272747530474883
2022-02-11,441,0.9919365598882739,1.3113772464234776,-0.31944068653520385
2022-02-14,445,0.9785881886282803,1.4764372245140327,-0.4978490358857523
2022-02-15,451,1.8181316799320133,2.183307817814329,-0.36517613788231557
2022-02-16,442,1.4896011687154327,1.9051493411798652,-0.4155481724644325
2022-02-17,445,0.9129111593334069,1.0763836836625889,-0.16347252432918186
2022-02-18,439,1.1394996748047745,1.1891929604701084,-0.04969328566533376
2022-02-22,436,1.4918090839579956,1.5998343421023493,-0.10802525814435371
2022-02-23,433,1.6753478335350978,1.3899234316955167,0.285424401839581
2022-02-24,435,1.3773041453067945,1.3220419254731532,0.05526221983364121
2022-02-25,441,1.7782128326975797,1.7435237902218823,0.0346890424756972
2022-02-28,451,2.443978299138041,2.5627184885870116,-0.11874018944897068
2022-03-01,453,1.7543431585793627,1.6997824497918759,0.05456070878748674
2022-03-02,440,1.3370836965770394,1.1257923112709833,0.21129138530605585
2022-03-03,436,1.301558052588498,1.5259448236108757,-0.2243867710223777
2022-03-04,442,1.3277314099009119,1.2406113735210105,0.0871200363799014
2022-03-07,423,1.2254414118012307,1.3082053081447487,-0.08276389634351777
2022-03-08,420,1.1263406504597948,1.3245153157373106,-0.1981746652775159
2022-03-09,432,0.9522810342743558,0.9463453224290964,0.005935711845259385
2022-03-10,440,1.1944497276540567,1.2544443371433605,-0.05999460948930386
2022-03-11,440,1.9445974878236856,1.7774542349551896,0.16714325286849616
2022-03-14,460,1.9818002379540733,1.8321494002088279,0.14965083774524549
2022-03-15,468,1.6458086584021379,1.3802249495222483,0.2655837088798896
2022-03-16,471,0.9264797168155138,0.9145943485494955,0.011885368266018239
2022-03-17,470,0.8740349845651317,0.832262766144578,0.041772218420553696
2022-03-18,471,0.9955946610735499,1.0066685334056777,-0.01107387233212773
2022-03-21,474,0.7790026233209794,0.7438183350942077,0.0351842882267716
2022-03-22,474,0.8800913475413231,0.8498351822717773,0.030256165269545762
2022-03-23,457,1.0171507867364011,0.9501179940969497,0.06703279263945135
2022-03-24,454,0.8482108845623392,0.8885643941767515,-0.04035350961441233
2022-03-25,452,0.9987080136182568,1.0399081387696005,-0.0412001251513438
2022-03-28,449,0.8484643474203524,0.8568545531675732,-0.008390205747220877
2022-03-29,444,1.2477354056670737,1.4755458456069661,-0.2278104399398923
2022-03-30,463,1.3198163738280648,1.5426351726097274,-0.2228187987816622
2022-03-31,463,1.135088483155048,1.267181296065788,-0.1320928129107398
2022-04-01,460,1.1526136005108685,1.2716630841968444,-0.119049483685976
2022-04-04,463,1.3992110481724855,1.5897246853971125,-0.19051363722462702
2022-04-05,466,1.1540412114391243,1.0551793599208934,0.09886185151823086
2022-04-06,461,0.8259041822323635,0.8176203142027939,0.008283868029569484
2022-04-07,470,1.0449809396162715,0.970675245985572,0.07430569363069965
2022-04-08,476,1.0263266382632372,0.9499955296536203,0.07633110860961682
2022-04-11,473,0.9014188468434967,1.148835717129394,-0.24741687028589723
2022-04-12,474,1.0762811878493352,1.0278091500364848,0.048472037812850484
2022-04-13,476,1.068296422540657,1.0547261275722613,0.0135702949683958
2022-04-14,476,1.1910532792618114,1.1150845413785877,0.07596873788322342
2022-04-18,474,1.1290619377375566,1.0952775549270581,0.033784382810498496
2022-04-19,475,2.158868860596086,2.248839592157326,-0.0899707315612395
2022-04-20,476,2.305014010164767,2.2377051291265433,0.06730888103822381
2022-04-21,474,1.3860593687162042,1.242060896924245,0.1439984717919591
2022-04-22,464,1.4254865642438417,1.3319987144018572,0.09348784984198427
2022-04-25,465,1.4794612764099488,1.6619848700689532,-0.1825235936590045
2022-04-26,467,1.1471795467665558,1.1334663261096014,0.013713220656954319
2022-04-27,466,1.3975018291854,1.28400265894324,0.11349917024215993
2022-04-28,467,1.5093613491744318,2.0895689013769125,-0.5802075522024808
2022-04-29,471,1.38515786275431,1.5663906184110026,-0.18123275565669275
2022-05-02,464,2.119076356076708,2.743640918251144,-0.6245645621744361
2022-05-03,462,2.121580260973507,2.7372975889284765,-0.6157173279549694
2022-05-04,459,3.4571370101685606,2.6293366528449136,0.8278003573236468
2022-05-05,448,2.0414021838875436,1.627154916771655,0.41424726711588866
2022-05-06,440,1.0494853956453796,0.9530077900113401,0.09647760563403972
2022-05-09,445,0.8839656023944285,1.486966887744898,-0.6030012853504697
2022-05-10,440,1.1305476950034852,1.1530849904919487,-0.022537295488463647
2022-05-11,437,1.1037472349468163,1.747088243368068,-0.6433410084212517
2022-05-12,441,1.1332353615428032,1.293492854640314,-0.1602574930975106
2022-05-13,454,1.2912439200968073,1.2470544371869556,0.0441894829098516
2022-05-16,451,1.0949743423249116,1.1080789348797864,-0.013104592554874547
2022-05-17,451,1.6361792301307916,1.4370459442219126,0.19913328590887908
2022-05-18,457,1.0044943097930912,2.7338039769549876,-1.7293096671618964
2022-05-19,460,1.3132454557894389,2.131261109137281,-0.8180156533478417
2022-05-20,447,2.043785072337206,2.080565717354151,-0.03678064501694525
2022-05-23,436,1.250081316866954,1.4344647165269029,-0.18438339965994865
2022-05-24,438,1.380942935420251,1.5719564263369534,-0.1910134909167024
2022-05-25,424,1.6241798078190492,1.3798134503340072,0.24436635748504204
2022-05-26,431,0.8328078833368786,0.8909578512332459,-0.05814996789636734
2022-05-27,443,0.8833063227458056,0.8395982937158207,0.04370802902998482
2022-05-31,454,0.8275216459506444,0.8415805292639698,-0.014058883313325363
2022-06-01,454,0.7613127115696681,0.7880584150261717,-0.026745703456503577
2022-06-02,453,1.3892089534902372,1.693048352297768,-0.30383939880753064
2022-06-03,455,1.8042556349813768,2.216425686752408,-0.41217005177103144
2022-06-06,455,3.5364841810701853,3.995858973055334,-0.45937479198514863
2022-06-07,436,4.221694010128622,4.737022168939086,-0.5153281588104642
2022-06-08,436,3.1045406553836057,3.177150871494332,-0.07261021611072607
2022-06-09,446,3.7303437291847357,3.841646938297803,-0.1113032091130671
2022-06-10,444,2.4976390537362696,3.116567620283033,-0.6189285665467633
2022-06-13,444,1.0932025106408045,1.4762717059561463,-0.3830691953153418
2022-06-14,467,1.1545070068103236,1.360465158448904,-0.2059581516385806
2022-06-15,467,1.4296382069101248,1.4776918408362358,-0.04805363392611099
2022-06-16,470,2.4166747895079093,3.696612913737556,-1.2799381242296466
2022-06-17,472,1.9246220013933675,2.2304828587186845,-0.3058608573253174
2022-06-21,475,0.9546124645931975,1.0665757716495374,-0.11196330705633985
2022-06-22,459,0.8326446297750799,1.1054993949979046,-0.2728547652228248
2022-06-23,449,0.8429888220548322,0.9974252943716976,-0.15443647231686544
2022-06-24,449,1.1921107197335843,1.2681097615786172,-0.07599904184503282
2022-06-27,446,1.0074787001537684,1.1343731433098811,-0.12689444315611287
2022-06-28,443,1.0468963313229092,1.1461868332328293,-0.09929050190992027
2022-06-29,454,0.8398452465386639,0.8214680929884831,0.01837715355018068
2022-06-30,463,0.8969749305299205,0.9181102048918687,-0.02113527436194812
2022-07-01,466,0.7632059512153777,0.871682409642578,-0.10847645842720033
2022-07-05,470,0.6976385515581673,0.8559206717588157,-0.15828212020064836
2022-07-06,472,0.8194238906966772,0.8335165953622908,-0.01409270466561374
2022-07-07,473,1.229492075792046,1.5250031322359576,-0.2955110564439116
2022-07-08,478,0.8176976452311856,1.0679055669015804,-0.2502079216703948
2022-07-11,477,0.8852059147536514,0.8715640457443461,0.013641869009305266
2022-07-12,474,1.113333357157932,0.9420557558236533,0.1712776013342786
2022-07-13,473,1.6467261299986198,1.2981472827057483,0.34857884729287153
2022-07-14,473,2.230162075390232,1.6999163519297262,0.5302457234605058
2022-07-15,473,1.253917568267043,1.2658797292796242,-0.01196216101258151
2022-07-18,475,1.3635596156252148,1.0872483750064588,0.27631124061875617
2022-07-19,476,0.8825053682288005,0.8902854561859302,-0.007780087957129602
2022-07-20,477,0.9896415809514552,0.9258437117650673,0.0637978691863878
2022-07-21,474,1.1972453659932507,1.0700268975238079,0.12721846846944282
2022-07-22,461,1.5974737323573283,1.3360666425116252,0.26140708984570293
2022-07-25,460,1.4379007483185822,1.5773875626444416,-0.13948681432585955
2022-07-26,463,1.6480811450206065,1.7038014030546,-0.0557202580339934
2022-07-27,462,1.4032919781671405,1.2295718732484533,0.1737201049186873
2022-07-28,465,1.141544507974209,1.11163601459748,0.029908493376729007
2022-07-29,474,1.0411271953179047,1.0546821623030858,-0.01355496698518116
2022-08-01,470,1.018690266341949,0.9893137146329365,0.029376551709012554
2022-08-02,464,0.9094158730372136,0.9272509463408537,-0.01783507330364017
2022-08-03,462,1.003366658723196,0.9385818515501412,0.06478480717305472
2022-08-04,452,1.1519209388992415,1.086477588599097,0.06544335030014471
2022-08-05,442,1.2876045659743927,1.1100039846780319,0.1776005812963609
2022-08-08,445,1.1638703549818972,0.9711591571365396,0.1927111978453577
2022-08-09,441,1.4202670610847061,1.1411715329498864,0.27909552813481986
2022-08-10,436,0.7983189314849894,1.0890453421917852,-0.2907264107067957
2022-08-11,438,0.7781720905000328,0.7384452618847149,0.03972682861531785
2022-08-12,450,0.9636799862138858,0.8434825091586764,0.12019747705520956
2022-08-15,448,1.4908295206884106,1.6969722947717774,-0.20614277408336704
2022-08-16,455,1.682140339630837,1.8458949173856123,-0.1637545777547754
2022-08-17,460,1.2842930566102913,1.2299249487210662,0.054368107889225054
2022-08-18,469,0.9357422884010825,1.0137287219599223,-0.07798643355883972
2022-08-19,468,1.3932161366083955,1.0349092531589548,0.3583068834494406
2022-08-22,468,1.0531491922074778,0.8706556461207186,0.18249354608675925
2022-08-23,456,1.0720328681166713,0.9834877088333284,0.08854515928334292
2022-08-24,443,1.4016013181838498,1.5138077393636684,-0.1122064211798187
2022-08-25,434,1.9411527035675424,2.006266379575596,-0.06511367600805346
2022-08-26,434,1.1609552675372865,1.136053115469584,0.024902152067702642
2022-08-29,430,1.1140638755173307,1.2166788177093708,-0.10261494219204037
2022-08-30,440,0.7691092118169647,0.8284087642887343,-0.05929955247176966
2022-08-31,439,0.9301079982611933,0.8792501660817065,0.05085783217948679
2022-09-01,449,1.081699559278809,0.7895757580741755,0.2921238012046335
2022-09-02,454,1.6061072393256495,1.3139246130539968,0.29218262627165265
2022-09-06,456,0.7890938471186472,0.7744697598124513,0.014624087306195953
2022-09-07,438,0.9145094274134503,0.8793959410946229,0.035113486318827436
2022-09-08,444,1.1627053682568873,1.326628873002833,-0.16392350474594605
2022-09-09,446,1.7411717420978856,1.6644587197647231,0.07671302233316245
2022-09-12,443,1.7799946617450848,1.7211819666820054,0.058812695063079165
2022-09-13,446,1.201972263120256,1.097581644349007,0.1043906187712492
2022-09-14,465,1.5655084066853984,1.414268904384324,0.1512395023010742
2022-09-15,474,1.8239813866202852,1.7059155981219856,0.11806578849829964
2022-09-16,472,1.933997169698608,2.4170487692740243,-0.483051599575416
2022-09-19,474,2.769539554213376,3.413804393452079,-0.6442648392387034
2022-09-20,476,2.2348582491413724,1.7518545095021825,0.48300373963919047
2022-09-21,479,1.1538962695226287,1.0177385472377938,0.13615772228483464
2022-09-22,458,1.2870222443543617,1.9449235886476794,-0.6579013442933177
2022-09-23,453,1.240114057267309,1.5863018861799232,-0.3461878289126144
2022-09-26,451,1.0910129978014,1.1328346401496279,-0.041821642348227904
2022-09-27,449,1.8373817418817848,1.2313618307795702,0.6060199111022145
2022-09-28,448,1.2137990093291615,1.47994293685198,-0.26614392752281846
2022-09-29,458,1.4187840290457847,1.1442353945267922,0.2745486345189926
2022-09-30,463,1.1825603918989018,1.1472183637503428,0.035342028148558816
2022-10-03,466,1.0753399552922949,1.2120031257387927,-0.1366631704464976
2022-10-04,468,1.9408568570306266,1.288658552750144,0.6521983042804826
2022-10-05,468,1.97095958288329,1.899639426532942,0.07132015635034784
2022-10-06,476,1.2038901541182145,1.299467945873249,-0.0955777917550345
2022-10-07,477,1.1492924096449926,1.195162455013808,-0.04587004536881566
2022-10-10,476,0.8621392746125489,1.021637140404533,-0.1594978657919841
2022-10-11,475,1.0952439643381227,0.8520172572564716,0.24322670708165098
2022-10-12,477,1.0935983361365624,0.9196542890155417,0.17394404712102102
2022-10-13,476,0.9482308066475634,0.9456374547129413,0.002593351934622181
2022-10-14,478,1.484584827397353,1.803968108748036,-0.319383281350683
2022-10-17,479,1.1895910557912575,1.3301308366586548,-0.14053978086739732
2022-10-18,480,1.2206589108955177,1.2230732115788379,-0.0024143006833201516
2022-10-19,478,1.5022945826566412,1.3430167476540327,0.15927783500260823
2022-10-20,482,1.963751258047916,1.6468045618622766,0.3169466961856391
2022-10-21,475,2.0266273988308767,2.522835671195863,-0.4962082723649865
2022-10-24,465,1.564468893725545,1.570799819563921,-0.006330925838375972
2022-10-25,464,1.337143325212505,1.3898975780485885,-0.05275425283608338
2022-10-26,466,1.2522033580091678,1.3356072346161711,-0.08340387660700327
2022-10-27,462,1.4063342134557675,1.4783586068258547,-0.07202439337008718
2022-10-28,462,1.4952561619677593,1.4886757034350522,0.0065804585327070555
2022-10-31,469,1.3834976856806998,1.408523932417423,-0.025026246736723382
2022-11-01,468,1.3270924913777722,1.3556817016412162,-0.028589210263444097
2022-11-02,450,1.2102766428198417,1.2253170235280975,-0.015040380708255544
2022-11-03,445,2.5278723254763364,2.426377087072002,0.10149523840433469
2022-11-04,453,2.4512291735752907,2.3947162885875826,0.056512884987708345
2022-11-07,441,1.8036832570553063,1.7927529538618847,0.010930303193421746
2022-11-08,437,1.942048526282926,1.9426615423023514,-0.0006130160194257222
2022-11-09,445,1.9827212021348233,2.3059837654056756,-0.3232625632708523
2022-11-10,442,0.8636595306964557,0.9192227376945318,-0.05556320699807593
2022-11-11,438,0.9979469206178931,0.9461224361930157,0.051824484424877394
2022-11-14,447,0.9500219883643265,0.9861508223692783,-0.03612883400495169
2022-11-15,447,1.0042897749615185,1.0238882829103364,-0.0195985079488178
2022-11-16,451,0.8770484240641757,0.9063638894989903,-0.029315465434814506
2022-11-17,460,0.9484077347188224,1.0409431808177765,-0.09253544609895396
2022-11-18,463,0.6813304302506692,0.7181088516448833,-0.03677842139421404
2022-11-21,459,0.6823214175650115,0.7296247956603098,-0.04730337809529831
2022-11-22,443,0.807307518835452,0.8410132143132116,-0.03370569547775959
2022-11-23,433,0.7534129119147095,0.7919489556051826,-0.038536043690473164
2022-11-25,435,0.7923766680204356,0.8030986376130362,-0.010721969592600631
2022-11-28,434,0.8211032901907579,0.9019036665356249,-0.08080037634486695
2022-11-29,438,0.9142578434022292,0.9231358804742872,-0.008878037072058078
2022-11-30,457,1.281345326077803,1.0015907658356797,0.2797545602421232
2022-12-01,457,1.1571927127104347,1.100540588621151,0.05665212408928367
2022-12-02,458,1.2193999417974841,1.1480133319306114,0.07138660986687308
2022-12-05,459,0.7775754140289245,0.787347477146203,-0.00977206311727854
2022-12-06,458,0.9505215863733899,1.0069742370413195,-0.05645265066792949
2022-12-07,443,0.8839345999639673,0.9000024214210622,-0.01606782145709502
2022-12-08,447,0.8935941328572223,0.8933256560620644,0.00026847679515799546
2022-12-09,443,0.9134220873754074,0.9794119545997639,-0.06598986722435651
2022-12-12,439,1.4387413371954354,1.1619635208168888,0.2767778163785467
2022-12-13,443,1.6054462553190085,1.2008833629153153,0.40456289240369336
2022-12-14,457,1.1187535328539175,0.9338775735358715,0.18487595931804604
2022-12-15,469,0.8593817687013919,0.8735157832164049,-0.01413401451501289
2022-12-16,474,0.7187076578372421,0.8571621287786819,-0.13845447094143967
2022-12-19,476,0.7748864758325968,0.8988217649813357,-0.12393528914873901
2022-12-20,478,0.7170053263458066,0.864263077631296,-0.14725775128548946
2022-12-21,463,0.6342172760884894,0.6720005340156897,-0.03778325792720019
2022-12-22,449,0.595322726064798,0.7421800567975126,-0.14685733073271454
2022-12-23,450,0.7179060861113981,0.7682036949246006,-0.0502976088132024
2022-12-27,450,0.9190246318253159,1.1121491610865646,-0.19312452926124854
2022-12-28,442,1.0200642701825149,1.0068536970820914,0.013210573100423393
2022-12-29,459,1.0890720886162593,1.696225472256549,-0.6071533836402898
2022-12-30,466,1.2122946891070514,1.2122910377218743,3.651385177063906e-06
2023-01-03,467,1.3630974946087449,1.821782164719402,-0.45868467011065694
2023-01-04,469,1.193962706337228,1.4604165536029965,-0.26645384726576865
2023-01-05,472,1.772285708867502,2.020843657742336,-0.24855794887483404
2023-01-06,471,1.2259166946611573,1.6530638259807102,-0.42714713131955273
2023-01-09,477,1.0658545384583231,1.2917368844791195,-0.22588234602079643
2023-01-10,477,0.923781056023283,1.0706132583628627,-0.1468322023395797
2023-01-11,470,1.0388501285227707,0.932305838417259,0.10654429010551165
2023-01-12,472,0.8635022435906858,0.9534728061482264,-0.08997056255754053
2023-01-13,476,0.9153445794151507,0.9558092213817413,-0.04046464196659062
2023-01-17,473,0.7633575865173784,0.8101004473615334,-0.04674286084415502
2023-01-18,472,0.8839319164274169,1.153146051385449,-0.26921413495803215
2023-01-19,478,1.3168475892220386,1.5995125384865916,-0.28266494926455293
2023-01-20,482,1.0425935225850684,1.3474448411619857,-0.3048513185769171
2023-01-23,475,0.8133538574834958,0.8407305927029305,-0.027376735219434813
2023-01-24,472,0.9078370638373026,1.0970769071704602,-0.18923984333315774
2023-01-25,472,1.1951625048864594,1.3297895301892602,-0.1346270253028008
2023-01-26,470,1.6155631961019574,1.8023640296533923,-0.1868008335514347
2023-01-27,466,1.1586715919450024,1.1699475958169905,-0.011276003871988228
2023-01-30,467,1.1091473327275576,1.2357228997583185,-0.12657556703076098
2023-01-31,471,0.9716790519039621,1.1236941371803457,-0.15201508527638358
2023-02-01,466,0.9137500649618692,0.8811854737503761,0.03256459121149307
2023-02-02,456,1.280570525504463,1.1827958441197965,0.09777468138466645
2023-02-03,455,1.0375594700720778,1.0104741722024464,0.02708529786963154
2023-02-06,456,0.8168417536316535,0.8588403158865924,-0.04199856225493895
2023-02-07,448,0.84433602449414,0.8240059106965827,0.020330113797557395
2023-02-08,447,0.8507464178895296,0.9663052455562856,-0.11555882766675599
2023-02-09,447,0.7907262597483001,0.8391318251495494,-0.048405565401249316
2023-02-10,443,0.8062076031752636,0.8543494121476025,-0.0481418089723387
2023-02-13,445,1.1098944378687796,0.9518871321856637,0.15800730568311608
2023-02-14,452,1.121002711507165,0.9905506866137157,0.13045202489344937
2023-02-15,445,1.1802125039154168,0.9821608444094977,0.198051659505919
2023-02-16,452,1.1862725923818966,0.9861019920280472,0.20017060035384943
2023-02-17,447,1.107145787049586,0.9195981459395107,0.18754764111007532
2023-02-21,435,0.8758123293589596,0.8693651449537568,0.006447184405202737
2023-02-22,435,0.9468640725214125,0.9758527741616189,-0.028988701640206317
2023-02-23,437,0.8086146982274235,0.8486474155998137,-0.04003271737239022
2023-02-24,437,0.8806399867804124,0.8885282631943727,-0.007888276413960376
2023-02-27,447,0.7589374032807207,0.7540003354525004,0.0049370678282202075
2023-02-28,456,0.7844273328896615,0.81766344298146,-0.03323611009179854
2023-03-01,454,0.7632490735639665,0.8377137257190854,-0.07446465215511881
2023-03-02,442,0.9925051582967461,0.8613988928302274,0.1311062654665187
2023-03-03,445,1.9314309336743714,1.711559986944542,0.21987094672982938
2023-03-06,448,2.1339829053803907,1.7703824259023526,0.363600479478038
2023-03-07,427,1.4681229445083301,1.2340094007855513,0.23411354372277868
2023-03-08,431,2.0268894404653914,1.8521749019425247,0.17471453852286664
2023-03-09,439,1.3298098616526324,1.293403451426549,0.036406410226083395
2023-03-10,438,1.3727221647675603,1.3833482694249264,-0.010626104657366355
2023-03-13,438,0.8877566619740993,0.8766371875716102,0.011119474402489086
2023-03-14,462,0.7745630814817763,0.8132133589092169,-0.03865027742744067
2023-03-15,461,0.8225361903302709,0.9714339856492401,-0.14889779531896918
2023-03-16,473,0.9436932990346936,1.0737983598686949,-0.13010506083400125
2023-03-17,477,0.722783311638402,0.9452131317431575,-0.22242982010475548
2023-03-20,479,0.682484676549856,0.6933739755236278,-0.010889298973771753
2023-03-21,481,0.7646834593281179,0.7232344834467396,0.04144897588137828
2023-03-22,484,0.9015512319184327,0.921048125436578,-0.01949689351814531
2023-03-23,465,1.078839902673373,0.9539672597764656,0.12487264289690753
2023-03-24,458,1.2489127432705875,1.3276097191554272,-0.07869697588483979
2023-03-27,457,1.0876563534856247,1.1611880536522838,-0.0735317001666591
2023-03-28,455,0.9284999029443993,1.111231081691538,-0.18273117874713884
2023-03-29,447,0.8929980679286347,0.9870659981713062,-0.09406793024267163
2023-03-30,458,0.9111297635829827,0.9220411507834303,-0.01091138720044756
2023-03-31,464,0.8660585467924329,0.8269382977426141,0.03912024904981877
2023-04-03,465,0.7921189934299361,0.824172170006526,-0.03205317657658996
2023-04-04,468,0.7156108108838489,0.783457623681359,-0.06784681279751002
2023-04-05,468,0.7035533959172641,0.8309952396797552,-0.12744184376249115
2023-04-06,477,0.7495833057043049,0.8832900197832428,-0.13370671407893797
2023-04-10,478,0.723224715889766,0.7997745223735824,-0.07654980648381646
2023-04-11,478,0.7214075579852003,0.7741121968393613,-0.05270463885416097
2023-04-12,479,0.7708273208860266,0.8494959090407366,-0.07866858815470996
2023-04-13,479,0.818868209072703,0.8082596850555037,0.010608524017199366
2023-04-14,480,0.807805049265189,0.8070232720904146,0.0007817771747744256
2023-04-17,480,0.7820120198398456,0.7603127350422287,0.021699284797616895
2023-04-18,475,1.1105695276686274,0.9794460260875956,0.13112350158103186
2023-04-19,474,1.208754941236529,1.0826299318878907,0.1261250093486385
2023-04-20,477,0.9629052306731952,0.921071207788593,0.041834022884602286
2023-04-21,466,0.8871042474931844,0.8982277016264332,-0.011123454133248856
2023-04-24,466,0.9026435106444247,0.887818148109851,0.014825362534573481
2023-04-25,469,1.0043445758969605,1.0054092670997588,-0.0010646912027982257
2023-04-26,468,1.1285742511401569,1.1316593469395977,-0.0030850957994406677
2023-04-27,464,1.2113706904009909,1.171570972549229,0.039799717851761965
2023-04-28,470,1.0976972572701613,1.0413065696946184,0.056390687575542886
2023-05-01,468,1.1257091608131764,1.0720297594356505,0.053679401377525866
2023-05-02,463,1.0466293719278854,1.1324520572302885,-0.0858226853024031
2023-05-03,461,1.0691969011253137,1.193769531390764,-0.12457263026545044
2023-05-04,455,0.9709103860939919,1.0738042944876196,-0.10289390839362768
2023-05-05,447,0.9459932693105525,0.959968886276695,-0.0139756169661425
2023-05-08,447,0.8453110830632583,1.0542395115139802,-0.20892842845072196
2023-05-09,448,0.9939396677020925,0.9260249421474158,0.06791472555467669
2023-05-10,445,0.9163367755429939,0.9472425490568585,-0.030905773513864504
2023-05-11,446,1.0327730224292033,1.136680557689415,-0.10390753526021157
2023-05-12,454,1.0086095194419098,1.2272309787529143,-0.21862145931100466
2023-05-15,452,0.8864231831634841,0.9610668554401257,-0.07464367227664148
2023-05-16,452,0.9560213390050479,0.9537212049714646,0.0023001340335834083
2023-05-17,456,0.8861995593850766,0.806399956381194,0.07979960300388253
2023-05-18,460,1.0957346425476582,0.939657696561233,0.1560769459864251
2023-05-19,455,1.1937605005244007,1.1607981218762855,0.032962378648115034
2023-05-22,450,1.2847183893399092,1.213082207125958,0.07163618221395128
2023-05-23,437,1.1512684938192435,1.1017726909975174,0.04949580282172594
2023-05-24,424,1.2027647079128403,1.2529250333660111,-0.050160325453170874
2023-05-25,430,1.0988786570952473,1.1789290062977245,-0.08005034920247708
2023-05-26,439,0.8586802406196811,1.1092539776887562,-0.25057373706907515
2023-05-30,444,0.9993364607868581,1.2613882915566381,-0.2620518307697797
2023-05-31,458,1.475254575425064,1.8297264827218562,-0.3544719072967922
2023-06-01,458,1.2350405151210948,1.5740003734271728,-0.33895985830607805
2023-06-02,459,0.7766449306118823,0.9425682675995952,-0.16592333698771292
2023-06-05,461,0.9130348842543937,1.0497477868347402,-0.1367129025803465
2023-06-06,459,0.9337813815854962,1.0823907239877006,-0.14860934240220433
2023-06-07,440,0.9530476614675133,1.0617771403855862,-0.108729478918073
2023-06-08,442,0.9885797417234672,1.132292981231236,-0.1437132395077686
2023-06-09,440,1.0429278647400564,1.2124427809807767,-0.16951491624072026
2023-06-12,437,0.8060406860346424,0.8708222497973652,-0.06478156376272283
2023-06-13,441,0.757191975557323,0.7415534610621728,0.01563851449515005
2023-06-14,461,0.7566209650749506,0.7281361717465697,0.028484793328380654
2023-06-15,472,0.9846823235320551,0.8243430984484537,0.16033922508360132
2023-06-16,476,0.8535649091279003,0.7083109946332843,0.14525391449461597
2023-06-20,479,0.7284095237191209,0.7704392595719776,-0.04202973585285668
2023-06-21,482,0.7587753628673461,0.8426001756410663,-0.08382481277372011
2023-06-22,465,0.8204529104066954,1.0309487986436,-0.2104958882369045
2023-06-23,459,1.060648056268791,1.319619639462386,-0.2589715831935948
2023-06-26,455,1.0066286704800844,1.475094462509263,-0.46846579202917854
2023-06-27,452,0.7109002947192918,0.8407617081001655,-0.12986141338087373
2023-06-28,443,0.6751062211452249,0.6754617008753546,-0.0003554797301297682
2023-06-29,455,0.6845481614359822,0.6432922244440138,0.0412559369919684
2023-06-30,461,0.6764938808842811,0.6435674397241136,0.0329264411601674
2023-07-03,465,0.7037858339988364,0.7323555469898911,-0.02856971299105465
2023-07-05,466,0.8466298337299522,0.9572513025799292,-0.11062146884997706
2023-07-06,470,1.2254365710472654,1.452897149607991,-0.22746057856072563
2023-07-07,475,0.9759570283003229,1.1055479708717315,-0.12959094257140852
2023-07-10,478,0.8697138826229975,0.9862810600976455,-0.11656717747464791
2023-07-11,479,0.8598402750386709,0.9121489331022771,-0.05230865806360626
2023-07-12,479,0.8413085743521845,0.9019040451046083,-0.06059547075242381
2023-07-13,476,0.8374647282265116,0.8383075541821219,-0.0008428259556103051
2023-07-14,480,0.8802224158346426,0.94412777481633,-0.06390535898168755
2023-07-17,478,0.9912536141049804,1.0222461850846343,-0.030992570979654015
2023-07-18,476,0.9037343598496996,0.9260102953963819,-0.02227593554668222
2023-07-19,475,0.8870501314932965,0.8880870947089465,-0.0010369632156500834
2023-07-20,480,0.9120299641893576,0.9042827404385252,0.007747223750832337
2023-07-21,470,0.980487512003267,1.0005254593896804,-0.0200379473864134
2023-07-24,464,0.9703168336339497,1.0118739925673295,-0.041557158933379676
2023-07-25,465,0.9836610678062278,0.9874344386741533,-0.003773370867925489
2023-07-26,467,1.0542599119049232,0.9850715613442877,0.06918835056063553
2023-07-27,465,0.9916058974579599,0.9847472790883385,0.006858618369621399
2023-07-28,467,1.1439208988572223,1.1217318303142825,0.022189068542939814
2023-07-31,469,1.1455267978558012,1.1202482303530914,0.025278567502709934
2023-08-01,466,1.1921975243204603,1.2005467888617727,-0.00834926454131213
2023-08-02,459,1.0552205710933278,1.0257540280861233,0.0294665430072044
2023-08-03,452,0.9985640100531481,1.0252333977170074,-0.02666938766385922
2023-08-04,453,0.9023498274526248,0.9018064781729274,0.0005433492796973167
2023-08-07,449,0.8887945054180796,0.8304991784141342,0.05829532700394537
2023-08-08,446,0.9161123358700302,0.8118158931520171,0.10429644271801308
2023-08-09,445,0.932997616200898,0.7858980289141358,0.1470995872867621
2023-08-10,442,1.0566175727222316,0.8580662023875504,0.19855137033468126
2023-08-11,442,1.0178525952313038,0.7894957090731956,0.22835688615810837
2023-08-14,449,1.0374377757735829,0.800432481858568,0.23700529391501482
2023-08-15,451,0.8762163835787259,0.7960328307169303,0.08018355286179565
2023-08-16,457,0.7202476331104607,0.7118775028221141,0.008370130288346486
2023-08-17,467,0.6629035655451738,0.6621358681322038,0.0007676974129699731
2023-08-18,467,0.6619540893680426,0.6403857171913997,0.021568372176642862
2023-08-21,467,0.658273786952089,0.6571939789191776,0.0010798080329113612
2023-08-22,469,0.8154128401557551,0.7662601783446357,0.0491526618111193
2023-08-23,458,0.7063012219927631,0.7284082495053781,-0.02210702751261495
2023-08-24,435,0.9304421504536186,0.913850712535861,0.016591437917757478
2023-08-25,435,0.9662544648785243,0.9291776355950486,0.03707682928347573
2023-08-28,430,0.8620934245991096,0.8730636661197826,-0.01097024152067304
2023-08-29,427,0.8841052399640811,0.8371529242233265,0.04695231574075457
2023-08-30,424,0.9617078584717038,0.9444489652208559,0.017258893250848013
2023-08-31,449,0.9076522514131679,0.8766670131043132,0.030985238308854614
2023-09-01,456,0.9281399644998708,0.8563830646297051,0.07175689987016566
2023-09-05,457,0.852715368164099,0.8198805139686638,0.03283485419543524
2023-09-06,460,0.8828331006633975,0.8402548343141343,0.042578266349263184
2023-09-07,449,0.8354851048467489,1.042985930254841,-0.20750082540809206
2023-09-08,446,0.8171215565354507,0.7833090162296605,0.033812540305790215
2023-09-11,442,0.8061004894142476,0.7585273637809379,0.04757312563330975
2023-09-12,448,0.715532970819748,0.6838258072503445,0.03170716356940343
2023-09-13,448,0.7205259317866634,0.6731630225681344,0.04736290921852895
2023-09-14,472,1.2201683104908045,1.1114822781146767,0.10868603237612753
2023-09-15,474,1.0880641401867737,0.9610858760734909,0.12697826411328259
2023-09-18,475,0.9982652779402005,0.8812388016639018,0.11702647627629867
2023-09-19,474,1.2475454742419894,1.1498926151882327,0.09765285905375673
2023-09-20,476,1.1714494178893133,1.0331086024126337,0.13834081547667976
2023-09-21,458,0.8597577350704863,0.8764575280910168,-0.016699793020530665
2023-09-22,455,0.7989676036709439,0.7576344077992072,0.04133319587173668
2023-09-25,455,1.0583549576638425,1.0398522126886576,0.018502744975184934
2023-09-26,455,0.9134687718892077,1.138278137341429,-0.22480936545222127
2023-09-27,454,0.8698553427822397,0.9964747225543933,-0.12661937977215354
2023-09-28,462,0.9780074470482294,1.0516196245688956,-0.0736121775206663
2023-09-29,461,0.8889220393964745,0.9038156794132244,-0.014893640016749962
2023-10-02,464,0.8424192119516496,0.878425388880512,-0.03600617692886233
2023-10-03,465,0.9791490222666674,0.8838936520557658,0.09525537021090186
2023-10-04,462,1.0540108822631722,0.9945965930104147,0.05941428925275754
2023-10-05,471,0.9933680838100255,0.9751499312239668,0.018218152586058786
2023-10-06,477,0.8851781093632903,0.8922646763576364,-0.007086566994346125
2023-10-09,475,0.7691743427817795,0.749517178140741,0.01965716464103853
2023-10-10,476,0.7840540620222207,0.763414049704064,0.02064001231815669
2023-10-11,481,1.0137976412024676,0.9598026860753496,0.05399495512711797
2023-10-12,480,1.0625519925781772,1.0420212095304813,0.020530783047695917
2023-10-13,479,1.056613462089535,0.9308932157812891,0.125720246308246
2023-10-16,480,1.440734293976668,1.3332677396182968,0.1074665543583713
2023-10-17,478,1.3938194837357163,1.21552371006192,0.17829577367379626
2023-10-18,477,1.2918532929504736,1.126713805910123,0.16513948704035084
2023-10-19,480,1.1712765003099286,1.03100679236925,0.14026970794067836
2023-10-20,482,1.1663672014086865,1.0977861927837727,0.06858100862491379
2023-10-23,476,1.0942828211820006,1.101033574185484,-0.006750753003483505
2023-10-24,465,1.0292039884183175,0.9846584008373139,0.04454558758100357
2023-10-25,466,1.1120801233863453,1.1057603183008133,0.006319805085531913
2023-10-26,464,1.369473315468212,1.3394763015641291,0.029997013904082617
2023-10-27,461,2.1756657132076502,1.7941367028977828,0.3815290103098672
2023-10-30,463,1.6935690764171565,1.7431041326302243,-0.04953505621306792
2023-10-31,472,1.4761055517388995,1.73389546590321,-0.2577899141643106
2023-11-01,467,1.3630776459825555,1.561423192205631,-0.1983455462230754
2023-11-02,458,1.0115291536676612,1.0822618759783331,-0.07073272231067207
2023-11-03,454,1.024754808620453,1.028667946015356,-0.003913137394903014
2023-11-06,453,0.9416167668746269,0.9690518271154024,-0.0274350602407756
2023-11-07,440,1.0530484367988218,1.151638730153138,-0.0985902933543162
2023-11-08,438,1.109945147414637,1.2177018025212576,-0.10775665510662073
2023-11-09,432,1.3093719153293497,1.5467844004305173,-0.23741248510116744
2023-11-10,435,1.1158234159920815,1.3754492541084429,-0.2596258381163616
2023-11-13,433,1.3159125535919838,1.4429758390338212,-0.12706328544183743
2023-11-14,445,0.7165507358428791,0.8444471919414707,-0.12789645609859168
2023-11-15,443,0.6848101624571015,0.717210552618104,-0.032400390161002414
2023-11-16,457,0.6621522140565627,0.8238272115390909,-0.1616749974825282
2023-11-17,459,0.63623904513494,0.6694676721896172,-0.03322862705467718
2023-11-20,466,0.6341794744852126,0.6570125203242186,-0.02283304583900601
2023-11-21,459,0.7284979517487739,0.7794024333823151,-0.050904481633541186
2023-11-22,434,0.7859312502613753,0.7943556953248643,-0.008424445063488875
2023-11-24,436,1.018799529738367,1.0634199254485808,-0.044620395710213624
2023-11-27,438,1.1322419274658782,1.2045578350120387,-0.07231590754616059
2023-11-28,431,1.00721564368469,1.2501835952738778,-0.24296795158918788
2023-11-29,439,0.9469724746223392,1.047863974376056,-0.1008914997537169
2023-11-30,455,0.9697966107603101,0.9917991001868406,-0.02200248942653046
2023-12-01,456,0.7849423410390635,0.7597083834503028,0.025233957588760653
2023-12-04,456,0.7459559387852169,0.7863764942896823,-0.04042055550446532
2023-12-05,458,0.8988287054752127,0.9334035865585565,-0.03457488108334388
2023-12-06,458,1.236860286342805,1.4021066914999134,-0.16524640515710823
2023-12-07,450,1.685729896924286,1.8999544557165529,-0.2142245587922669
2023-12-08,445,1.402209131376135,1.6371857600138378,-0.23497662863770297
2023-12-11,441,1.1816958498462884,1.2941775357638088,-0.11248168591752045
2023-12-12,444,1.4146004743103315,1.5869905785709122,-0.17239010426058052
2023-12-13,442,0.9494051167325023,0.9446519345059156,0.00475318222658678
2023-12-14,467,0.719021736654281,0.6899993263319545,0.029022410322326518
2023-12-15,475,0.6587587604402775,0.6649927260983745,-0.00623396565809705
2023-12-18,479,0.6721236413774095,0.6874632817744901,-0.015339640397080611
2023-12-19,476,0.6286320518904399,0.6063562001152942,0.022275851775145628
2023-12-20,462,0.765570233110212,0.762724786812657,0.002845446297555084
2023-12-21,450,0.5820174412909785,0.573151431605621,0.008866009685357586
2023-12-22,448,0.7023700901407368,0.6723431793685049,0.030026910772231984
2023-12-26,448,0.9715352228649999,0.9107319598153881,0.06080326304961186
2023-12-27,446,1.0252145693700865,0.9498483445506213,0.07536622481946517
2023-12-28,465,1.0331839279575759,0.9408311927550597,0.09235273520251627
2023-12-29,475,0.8251375574428667,0.778149750476037,0.04698780696682962
2024-01-02,471,0.7506288437118758,0.7210566799686011,0.029572163743274635
2024-01-03,472,0.8242349008369304,0.8440836208193964,-0.01984871998246595
2024-01-04,476,0.8367121675602274,0.8575729839223987,-0.020860816362171256
2024-01-05,472,0.8790230632614002,0.8929482075188137,-0.013925144257413313
2024-01-08,473,0.9655213946020021,0.9059407763096223,0.059580618292379865
2024-01-09,478,0.9536102825349223,0.8581018855153631,0.09550839701955906
2024-01-10,472,0.9287676563083731,0.8698090215023935,0.05895863480597964
2024-01-11,471,0.8512013210578717,0.845134844027629,0.006066477030242698
2024-01-12,475,0.9108951677929155,0.9392446362993826,-0.028349468506467176
2024-01-16,474,0.888520373946809,1.009963546785944,-0.12144317283913503
2024-01-17,474,1.0055255947378667,1.0254480182935017,-0.019922423555634994
2024-01-18,480,0.9946130018322046,1.1564485737667078,-0.16183557193450343
2024-01-19,485,0.8505747831033353,0.9105906645575095,-0.06001588145417418
2024-01-22,485,0.7977491893898868,0.8704463447992788,-0.07269715540939206
2024-01-23,480,0.8228410721048368,0.9030001527679005,-0.08015908066306365
2024-01-24,472,0.8077525532457526,0.8166346623654852,-0.008882109119732754
2024-01-25,469,0.9114692851072446,0.9327522758199664,-0.021282990712721866
2024-01-26,464,0.9701357954563455,1.0036798561860605,-0.033544060729714956
2024-01-29,462,1.06806591179157,1.0354204068010389,0.03264550499053107
2024-01-30,467,1.014969288913399,0.9924427859828878,0.02252650293051101
2024-01-31,472,1.1090108840720794,1.160736694400077,-0.05172581032799775
2024-02-01,464,1.1445578362787656,1.1494399850669355,-0.00488214878816972
2024-02-02,464,1.0325709906394753,1.047669474149523,-0.015098483510047774
2024-02-05,465,1.0500110995183385,1.1325277682841823,-0.0825166687658438
2024-02-06,463,0.8773797220353526,0.8765081251559192,0.0008715968794334743
2024-02-07,457,0.9376389509910668,0.9893480858406812,-0.05170913484961456
2024-02-08,450,0.9399465302316172,1.135394142837445,-0.19544761260582785
2024-02-09,442,0.921642342881131,0.9764173087880281,-0.05477496590689707
2024-02-12,436,0.848450148006474,0.8356920914833716,0.012758056523102338
2024-02-13,436,0.9581785263530872,1.0790293229320358,-0.12085079657894865
2024-02-14,434,0.8927892165365736,0.9224606102985247,-0.029671393761951135
2024-02-15,446,0.7707158103843401,0.7593348513860478,0.01138095899829228
2024-02-16,454,0.7983797696942682,0.8216977238490761,-0.023317954154808022
2024-02-20,460,0.9198822050019684,0.9496045999180924,-0.02972239491612401
2024-02-21,454,1.024475674241885,1.0588458219760255,-0.03437014773414065
2024-02-22,443,0.9202676615631376,0.9239251180412782,-0.003657456478140774
2024-02-23,441,1.008454543395222,1.0331368739737117,-0.024682330578489835
2024-02-26,442,1.117733406859216,1.1598701752857206,-0.04213676842650455
2024-02-27,436,1.0063691280956815,0.9938793644683739,0.012489763627307488
2024-02-28,441,1.0299182401891793,1.0359812156178496,-0.006062975428670461
2024-02-29,440,1.006088995947137,1.0493843565680172,-0.04329536062088014
2024-03-01,442,0.8441630286952218,0.8452635121612784,-0.001100483466056752
2024-03-04,445,0.8431277723488838,0.8249923656930033,0.018135406655880607
2024-03-05,445,0.8384407974056444,0.9011309540372942,-0.06269015663164965
2024-03-06,446,0.8493945096256745,0.8667594584924557,-0.0173649488667813
2024-03-07,436,0.8946212341753399,0.8361814464220525,0.058439787753287356
2024-03-08,440,0.8703449819110111,0.825981616634389,0.04436336527662205
2024-03-11,436,0.875342776084912,0.8410421693011163,0.03430060678379572
2024-03-12,443,0.8399905781392139,0.8103551404270073,0.02963543771220648
2024-03-13,441,0.7240481415355966,0.7080552735002545,0.01599286803534218
2024-03-14,473,0.9050497656964339,0.9591428215226591,-0.054093055826225096
2024-03-15,473,0.7968959153110307,0.8505147010297601,-0.05361878571872945
2024-03-18,478,0.7683383472838657,0.7677734166844202,0.0005649305994454986
2024-03-19,479,0.7505009214047706,0.7308415133721361,0.019659408032634447
2024-03-20,460,0.7203598814673626,0.6995520899014751,0.020807791565887464
2024-03-21,454,0.6758841489189162,0.6304496573729977,0.04543449154591856
2024-03-22,454,0.686130323522101,0.6260980650259769,0.060032258496124036
2024-03-25,452,0.7081040918743339,0.6617413522126188,0.04636273966171516
2024-03-26,449,0.7741552463698551,0.753332145157072,0.020823101212783034
2024-03-27,468,0.9411671183254815,0.9036177727109236,0.03754934561455806
2024-03-28,474,0.9298921269865718,0.9190950286633386,0.010797098323233268
2024-04-01,473,0.7472230991191697,0.7228043187515043,0.024418780367665295
2024-04-02,468,0.6974624707190674,0.6856659764976158,0.01179649422145156
2024-04-03,470,0.7872285279274902,0.7328884245305127,0.05434010339697738
2024-04-04,473,0.7509548015339944,0.7437693175038965,0.007185484030098031
2024-04-05,468,0.999410917976904,1.0050032621106877,-0.005592344133783844
2024-04-08,470,1.2660294795982576,1.1978747319575778,0.06815474764067986
2024-04-09,477,1.5122608903867916,1.4931942923925068,0.01906659799428487
2024-04-10,478,1.1559730918253137,1.049361739112686,0.10661135271262774
2024-04-11,476,1.2936089038510297,1.285076378304337,0.008532525546692447
2024-04-12,479,1.1181677628089028,1.0939482608757796,0.02421950193312311
2024-04-15,480,0.9447381579322175,0.9227350473533755,0.022003110578841988
2024-04-16,476,1.0515992955392384,0.976607878649442,0.07499141688979641
2024-04-17,475,0.9912182787459342,0.9014427924716577,0.08977548627427653
2024-04-18,479,0.9533432705266972,0.8694685637858519,0.08387470674084532
2024-04-19,482,1.10260403738203,1.0265827941948853,0.07602124318714493
2024-04-22,477,1.1169282678794583,1.0923412651549949,0.02458700272446355
2024-04-23,472,1.046543943013158,1.0334885113043961,0.01305543170876185
2024-04-24,471,1.0488599054862657,1.0473922994193428,0.0014676060669230541
2024-04-25,470,1.06280605144334,1.0714761177812095,-0.008670066337869601
2024-04-26,464,1.052380350299711,1.0699987157356816,-0.017618365435970392
2024-04-29,466,1.0432947400301604,1.081873477040385,-0.03857873701022461
2024-04-30,471,1.1466293399537748,1.2272895947331328,-0.08066025477935829
2024-05-01,472,1.033505735578367,1.0855458864146323,-0.05204015083626526
2024-05-02,461,0.9922840696356001,1.0165856431963296,-0.024301573560729674
2024-05-03,457,0.932763671042777,0.9942670604159141,-0.061503389373136985
2024-05-06,457,0.803678443279518,0.816273771774286,-0.01259532849476802
2024-05-07,450,0.7856905270479215,0.7915274011679022,-0.005836874119980543
2024-05-08,442,0.9482533690570053,0.9973354155197856,-0.04908204646278024
2024-05-09,439,0.7735317875886341,0.7812762654472167,-0.0077444778585827245
2024-05-10,442,0.761478249655357,0.8007372812241301,-0.039259031568773126
2024-05-13,442,0.8016417292825361,0.8547511177917461,-0.053109388509210015
2024-05-14,449,0.7339663143788481,0.7460582230997376,-0.012091908720889442
2024-05-15,456,0.8125634213879114,0.7669507296379082,0.04561269175000305
2024-05-16,461,0.946171929386572,0.8563213173346997,0.08985061205187227
2024-05-17,461,0.9874738937279505,0.9586453840354556,0.028828509692494796
2024-05-20,465,1.0904361632286006,1.0002408356024095,0.09019532762619115
2024-05-21,466,1.251684904465215,1.1978376510473472,0.05384725341786784
2024-05-22,463,1.1395012755771365,1.0603087340764987,0.07919254150063794
2024-05-23,456,0.8901690837944927,0.8875299227757476,0.002639161018745118
2024-05-24,448,0.9648954970342739,0.911583731989009,0.05331176504526508
2024-05-28,441,1.0115887570767212,0.964554212879786,0.047034544196935424
2024-05-29,441,0.9444216341056784,0.8873970375032587,0.057024596602419673
2024-05-30,443,0.8622259545607333,0.8238714713693094,0.038354483191423816
2024-05-31,443,0.8468433298823075,0.8373416237691402,0.00950170611316721
2024-06-03,448,0.7522798758666654,0.7478788390474662,0.0044010368191993434
2024-06-04,454,0.8005092013516182,0.7906321219115272,0.009877079440090981
2024-06-05,452,0.7966904260289706,0.7857058690469985,0.010984556981971958
2024-06-06,453,0.8953718270303913,0.893006867205819,0.0023649598245723434
2024-06-07,442,0.9093509749243351,0.9069688008144321,0.0023821741099029907
2024-06-10,443,0.8678876333970621,0.8670703334800223,0.0008172999170397109
2024-06-11,437,0.909011066695303,0.9004138519749152,0.008597214720387743
2024-06-12,440,0.7642557986285283,0.7517640056464012,0.012491792982126996
2024-06-13,438,0.7207625259233433,0.720457632950345,0.0003048929729982134
2024-06-14,464,0.8122329365226381,0.8500018008341584,-0.03776886431152047
2024-06-17,473,0.7232951128503866,0.7145268937239395,0.008768219126447098
2024-06-18,480,0.7763281038715408,0.7430664764059987,0.03326162746554219
2024-06-20,480,0.7025236036178998,0.660183438519791,0.04234016509810877
2024-06-21,461,0.7736501755279879,0.7477408846125378,0.025909290915450106
2024-06-24,456,0.9450974643401364,0.9210776702698202,0.024019794070316052
2024-06-25,454,0.823246267785437,0.7943154918383643,0.02893077594707284
2024-06-26,454,0.7489312549061724,0.7294532831323991,0.019477971773773355
2024-06-27,447,0.739641393871279,0.7115919156480967,0.02804947822318245
2024-06-28,464,0.7072892841214453,0.7007932519367573,0.006496032184688022
2024-07-01,468,0.6908473412594809,0.6638875767280374,0.026959764531443383
2024-07-02,464,0.6994369876337235,0.6768890054749066,0.02254798215881682
2024-07-03,462,0.8631801880811718,0.8537892181907616,0.009390969890410317
2024-07-05,469,1.0667949656382885,1.0815689971397546,-0.01477403150146633
2024-07-08,467,1.1029880795736131,1.163749237674219,-0.06076115810060596
2024-07-09,472,1.6809899396837227,1.7299750983550422,-0.0489851586713198
2024-07-10,477,1.587613669880163,1.6395989939893454,-0.051985324109182426
2024-07-11,480,1.065115536835132,1.066413212611552,-0.0012976757764201095
2024-07-12,476,1.0014339032862258,0.9855671224502012,0.01586678083602472
2024-07-15,480,0.895104418223137,0.8767412754325193,0.01836314279061757
2024-07-16,479,0.9459862269185422,0.884998806485541,0.06098742043300133
2024-07-17,479,1.0302368764883045,1.0692254016209106,-0.03898852513260608
2024-07-18,479,1.135575148274626,1.1385083252741157,-0.002933176999489771
2024-07-19,481,1.187763046736107,1.1848850554651098,0.0028779912709973213
2024-07-22,484,1.1999637682650612,1.186637520559368,0.013326247705693314
2024-07-23,484,1.4702328949643373,1.4811555905487326,-0.010922695584395313
2024-07-24,476,1.2976137033149646,1.3620980272469385,-0.0644843239319737
2024-07-25,468,1.210813440521453,1.211601340727823,-0.0007879002063697706
2024-07-26,468,1.5769618235712664,1.6665511914575128,-0.0895893678862463
2024-07-29,464,1.9001830185310202,1.9195115449357607,-0.019328526404740486
2024-07-30,462,1.6572453743766595,1.6675042938080795,-0.010258919431419907
2024-07-31,466,2.144547714472876,2.135477544781769,0.009070169691107353
2024-08-01,474,1.1266437357338255,1.1746397633478414,-0.0479960276140159
2024-08-02,470,0.9565934803385768,1.0596877617162308,-0.1030942813776539
2024-08-05,463,1.066712024095556,1.118425832695712,-0.05171380860015599
2024-08-06,464,0.9927190482012079,0.8854520152615712,0.10726703293963676
2024-08-07,462,1.1685024827936272,1.024673988170321,0.14382849462330602
2024-08-08,444,1.0042615534876276,0.9984923857641117,0.0057691677235158275
2024-08-09,436,0.958749369692925,0.9420060816494166,0.016743288043508473
2024-08-12,440,1.2081701823206752,1.2794949528827726,-0.07132477056209727
2024-08-13,437,0.8052680891909814,0.8164254964766969,-0.011157407285715541
2024-08-14,437,0.938889612315633,0.8606346194931976,0.07825499282243534
2024-08-15,453,0.6565067247884061,0.6307947871397307,0.02571193764867543
2024-08-16,464,0.7781006039376195,0.6778805877207653,0.10022001621685431
2024-08-19,467,0.7105766715724395,0.6457003217904038,0.06487634978203582
2024-08-20,467,0.7609112091588704,0.6864790426455964,0.07443216651327403
2024-08-21,473,0.7398466657129147,0.6944202185354713,0.04542644717744338
2024-08-22,473,0.7847219295914245,0.7759111320701383,0.008810797521286206
2024-08-23,455,0.7475346536380884,0.7372947323267722,0.010239921311316031
2024-08-26,442,0.9402080577172465,0.89868004153816,0.04152801617908655
2024-08-27,438,0.9941184054796489,0.919099354666069,0.07501905081358
2024-08-28,432,0.9572544672782577,0.8851099325750831,0.07214453470317456
2024-08-29,421,1.2453093817742247,1.1890858688335315,0.05622351294069325
2024-08-30,436,1.2372191759618676,1.0717478445748045,0.16547133138706294
2024-09-03,448,0.882947206076232,0.8508636290819535,0.03208357699427848
2024-09-04,453,0.8565263040134377,0.8415586931822837,0.014967610831154
2024-09-05,455,0.8157798567352741,0.8129468630956853,0.0028329936395889168
2024-09-06,446,1.1386442977001616,1.0954122558396664,0.043232041860495
2024-09-09,438,1.0869415128298323,1.0084268075331404,0.078514705296692
2024-09-10,436,1.143002279469104,1.1888066328439406,-0.0458043533748368
2024-09-11,438,0.9952904688135633,1.0048211868501542,-0.009530718036590884
2024-09-12,440,1.1553543201396372,1.1897081081586798,-0.034353788019042424
2024-09-13,458,0.9004675522231259,0.917871593927966,-0.01740404170484017
2024-09-16,471,0.8186336384284647,0.8207416684722906,-0.0021080300438258985
2024-09-17,478,0.7910526557708165,0.7847831182498701,0.0062695375209464764
2024-09-18,479,0.8105014688114462,0.7933290002033934,0.01717246860805293
2024-09-19,478,0.8620402433491462,0.8515761241838469,0.010464119165299327
2024-09-20,477,0.8274345193520931,0.8184929980366793,0.008941521315413847
2024-09-23,460,0.724892327650199,0.7044366287637744,0.02045569888642446
2024-09-24,451,0.6791046829441841,0.6478152176526549,0.03128946529152908
2024-09-25,449,0.7082952668720903,0.6799466896996827,0.02834857717240757
2024-09-26,451,0.8602613543820543,0.8241755209475794,0.03608583343447492
2024-09-27,448,0.8461110384967657,0.8233971824309626,0.02271385606580315
2024-09-30,464,0.9754908224393,0.9487626995305267,0.026728122908773206
2024-10-01,472,0.8595480616348937,0.8549754016336436,0.004572660001250163
2024-10-02,472,0.8096516455458821,0.8128543516769889,-0.003202706131106742
2024-10-03,465,0.7755655744495222,0.7901634687182979,-0.014597894268775667
2024-10-04,472,0.7425596580348813,0.7887317355141259,-0.046172077479244594
2024-10-07,476,0.8900796893168462,0.9963543223540029,-0.10627463303715673
2024-10-08,472,0.8013643467652002,0.8439802329705284,-0.04261588620532816
2024-10-09,474,0.8780997479990653,0.892538631065069,-0.014438883066003683
2024-10-10,482,0.9633094787333597,0.9787147811881967,-0.01540530245483684
2024-10-11,479,0.8882102413063201,0.8960257578696157,-0.007815516563295702
2024-10-14,476,0.8181287304815075,0.7881343004133412,0.029994430068166218
2024-10-15,480,0.7719841104388585,0.7595962903467782,0.012387820092080302
2024-10-16,479,0.8333285069724513,0.7967446112356164,0.03658389573683484
2024-10-17,480,0.9155040671134828,0.8914540274566962,0.024050039656786582
2024-10-18,483,1.0420287233880412,1.0145207326888666,0.027507990699174836
2024-10-21,485,0.8713639629141455,0.8578289315094842,0.013535031404661264
2024-10-22,487,0.9157431835729529,0.9212234372193902,-0.005480253646437306
2024-10-23,488,1.0317046870200732,1.0260635365954522,0.005641150424620894
2024-10-24,480,1.167673072789307,1.1803465706497362,-0.012673497860429457
2024-10-25,475,1.1152254745234342,1.138657608479312,-0.02343213395587778
2024-10-28,467,1.1753922111503694,1.142873064176567,0.03251914697380217
2024-10-29,464,1.0927228408890608,1.079657709197486,0.01306513169157497
2024-10-30,463,1.564862307159519,1.5966230120090876,-0.031760704849568826
2024-10-31,467,1.6899574409799183,1.6704266342172365,0.019530806762681555
2024-11-01,461,1.8867986216744874,2.1089931107421958,-0.22219448906770814
2024-11-04,470,2.255487364012001,2.503616280747256,-0.24812891673525506
2024-11-05,467,1.8238415567336748,2.098084106249814,-0.2742425495161391
2024-11-06,459,1.162406029721106,1.18635286242331,-0.023946832702203703
2024-11-07,453,1.0754972685774375,1.110572293542656,-0.03507502496521834
2024-11-08,444,1.1842505603377498,1.2375880385705063,-0.05333747823275653
2024-11-11,431,1.0276072464517643,1.120996325761295,-0.09338907930953068
2024-11-12,434,1.0250890209928283,1.0412504580446438,-0.016161437051815435
2024-11-13,439,1.0080801659711423,1.0095657689557378,-0.0014856029845953089
2024-11-14,441,0.9667852810326053,0.9305749546954075,0.03621032633719778
2024-11-15,456,1.092645132516419,0.96006124502355,0.13258388749286903
2024-11-18,465,1.1329322322742357,1.0180923186750572,0.11483991359917849
2024-11-19,464,1.1009493870357732,0.9009655260211225,0.19998386101465077
2024-11-20,464,1.0223790442008096,0.8955206246574351,0.12685841954337443
2024-11-21,453,0.7952817245328389,0.7259365065210475,0.06934521801179132
2024-11-22,442,0.7352956393681903,0.6792059363309836,0.05608970303720676
2024-11-25,441,0.7028150958138029,0.7103448361047762,-0.007529740290973393
2024-11-26,439,0.8507320440251361,0.8505366303497283,0.00019541367540794623
2024-11-27,436,0.9044733071612087,0.9267604748140046,-0.022287167652795817
2024-11-29,439,1.077033698815265,1.0784463655128718,-0.001412666697606944
2024-12-02,447,0.9678516434837943,0.9469157564156806,0.02093588706811371
2024-12-03,447,0.9849651544083012,0.9203306267327331,0.06463452767556799
2024-12-04,450,0.9569596252800465,0.9026125552741093,0.05434707000593735
2024-12-05,458,0.9816426819074442,0.8836457777806305,0.09799690412681375
2024-12-06,452,1.0227682371807592,0.8862472636287034,0.13652097355205578
2024-12-09,449,1.0972578196612008,1.1398211952072106,-0.042563375546009766
2024-12-10,447,1.0365088654414323,0.9798302011572563,0.0566786642841759
2024-12-11,446,1.6032384625206408,1.5683290527026084,0.03490940981803258
2024-12-12,445,1.6195744590667327,1.634769085005259,-0.015194625938526083
2024-12-13,458,1.1440326806680077,1.1488674678546962,-0.004834787186688623
2024-12-16,470,1.0263470887687127,1.0705535485620201,-0.04420645979330732
2024-12-17,477,0.7755199145190573,0.7922534040790716,-0.016733489560014365
2024-12-18,477,0.7697679190495218,0.8747729367053749,-0.10500501765585325
2024-12-19,471,0.6190693851843041,0.5609532925371494,0.05811609264715472
2024-12-20,476,0.580275851955454,0.5830595140823258,-0.0027836621268719276
2024-12-23,459,0.5843068098661518,0.6015806903695999,-0.017273880503447994
2024-12-24,448,0.7781340228842896,0.8609018790170114,-0.08276785613272188
2024-12-26,445,0.7161985304493177,0.7523455256791683,-0.03614699522985065
2024-12-27,449,0.7988658577287974,0.8042516145808474,-0.005385756852049996
2024-12-30,450,0.8080158642205466,0.8615469595407061,-0.0535310953201595
2024-12-31,468,0.8096887832668308,0.8091957657371488,0.0004930175296820774
2025-01-02,469,0.948144841588205,0.9847488697457337,-0.03660402815752885
2025-01-03,475,0.9667001730005618,1.0966888267725905,-0.12998865377202878
2025-01-06,476,0.9120213682408959,0.925756952228379,-0.013735583987483086
2025-01-07,474,0.93304938549483,0.9245126051986766,0.008536780296153323
2025-01-08,473,0.9928657438928122,0.9656751755322825,0.02719056836052972
2025-01-10,478,1.3706425849635795,1.199568853546677,0.17107373141690257
2025-01-13,475,1.5202670593256689,1.4796137563744929,0.04065330295117601
2025-01-14,474,1.2533344006082376,1.320356837518866,-0.06702243691062831
2025-01-15,478,1.105326261169215,1.2134558791367158,-0.10812961796750097
2025-01-16,477,0.9719479134593468,1.0337901226569965,-0.0618422091976497
2025-01-17,481,1.2010891377968114,1.211044936383857,-0.009955798587045426
2025-01-21,485,1.1294450352835674,1.1048202228005752,0.024624812482992305
2025-01-22,486,1.1564570543376522,1.1258916148741758,0.030565439463476337
2025-01-23,485,1.14035259924761,1.1227066525746907,0.017645946672919393
2025-01-24,480,1.0777648811151994,1.0572148634360026,0.02055001767919655
2025-01-27,470,1.1226344226748477,1.1391257496744447,-0.016491326999597315
2025-01-28,469,1.0255540398914853,1.0268123091645316,-0.001258269273046175
2025-01-29,469,1.0593745041911888,1.0567192850824931,0.0026552191086957055
2025-01-30,471,1.120636546000906,1.117588771928716,0.0030477740721899316
2025-01-31,467,1.0989208299191877,1.0961812505342359,0.002739579384951706
2025-02-03,470,1.121178438078008,1.1349296973037395,-0.013751259225731054
2025-02-04,469,1.0538271260486345,1.0716046990080519,-0.017777572959417374
2025-02-05,466,1.1357861049895104,1.0799645736390515,0.05582153135045889
2025-02-06,464,1.1089848830535523,1.097082688940468,0.011902194113084448
2025-02-07,448,1.1757257496981433,1.1705347013904834,0.00519104830765974
2025-02-10,442,1.1789835738936199,1.1974943481897422,-0.018510774296122044
2025-02-11,441,1.2098709022236873,1.257487626220863,-0.047616723997175474
2025-02-12,441,1.17122505015327,1.1782383901692854,-0.00701334001601569
2025-02-13,433,1.2511735773419628,1.2709345660187659,-0.019760988676802847
2025-02-14,452,1.3716249718598539,1.3222901536716376,0.049334818188216244
2025-02-18,461,1.611946442405215,1.5475758982148564,0.06437054419035838
2025-02-19,459,1.272046566646822,1.2603681766477626,0.011678389999059294
2025-02-20,460,1.368689646906412,1.3373197007059414,0.031369946200470566
2025-02-21,452,1.0580146274078397,1.0587952025515253,-0.0007805751436856228
2025-02-24,443,1.219975640140137,1.1984433963291843,0.0215322438109528
2025-02-25,443,1.187081419319531,1.1622714567150594,0.02480996260447151
2025-02-26,440,1.123273446296662,1.0970357364297862,0.026237709866875757
2025-02-27,438,1.2409956676898397,1.2521406602824852,-0.0111449925926455
2025-02-28,439,1.509786570991186,1.3916995052890704,0.11808706570211551
2025-03-03,437,1.8162640463035846,1.7556569339007466,0.06060711240283813
2025-03-04,438,1.3674529522075145,1.42580599889689,-0.05835304668937543
2025-03-05,439,1.4636754953220905,1.4722990978045198,-0.008623602482429386
2025-03-06,440,1.50474273919517,1.6102592977523722,-0.10551655855720227
2025-03-07,427,1.263838074847482,1.2816232866220967,-0.0177852117746147
2025-03-10,438,1.2058336335368434,1.1629846321184798,0.04284900141836345
2025-03-11,435,0.8748613583550157,0.8620353092311365,0.01282604912387927
2025-03-12,440,0.9088140818296294,0.8041319889999629,0.10468209282966662
2025-03-13,439,1.0613440475566567,0.98760353182046,0.07374051573619667
2025-03-14,465,0.6877165861049365,0.684766339139514,0.0029502469654224647
2025-03-17,472,0.7700267971452833,0.7696648644837885,0.00036193266149487117
2025-03-18,477,0.9975809916142969,0.9739401496522347,0.023640841962062127
2025-03-19,479,0.6853957215097394,0.6936973605964177,-0.008301639086678263
2025-03-20,484,0.7579542138667854,0.738841258411694,0.019112955455091337
2025-03-21,483,0.8697964929292944,0.9054573106816394,-0.03566081775234507
2025-03-24,463,1.2535120734483056,1.2511139146032133,0.002398158845092301
2025-03-25,459,1.2464721800195224,1.2343602248407672,0.012111955178754926
2025-03-26,457,0.7659869242324417,0.7900636429270038,-0.024076718694561985
2025-03-27,453,2.160417496836199,2.3573350484142095,-0.19691755157801039
2025-03-28,453,3.4466867362532643,3.6638147458925276,-0.21712800963926343
2025-03-31,472,3.904552228010313,3.8508979852785314,0.0536542427317818
2025-04-01,478,4.815245798742258,4.862208036955579,-0.046962238213320455
2025-04-02,479,2.0682574256131336,2.102306018780322,-0.03404859316718847
2025-04-03,475,1.6911261565986182,1.952756332417064,-0.2616301758184458
2025-04-04,478,1.567339933771431,2.5442646695646034,-0.9769247357931721
2025-04-07,481,1.801363408307873,1.6674133319218445,0.13395007638602846
2025-04-08,478,2.372843793925464,2.1497402465176627,0.22310354740780086
2025-04-09,477,1.2699178433851532,2.0099964087412934,-0.74007856535614
2025-04-10,479,0.9235917781319577,1.0703221638931215,-0.14673038576116393
2025-04-11,478,1.033365546562216,1.0619692762029105,-0.028603729640694398
2025-04-14,476,0.8650386508866101,0.9445496686231463,-0.07951101773653618
2025-04-15,477,0.8398996605953701,0.9545355789792404,-0.11463591838387019
2025-04-16,479,1.561907131554368,1.5562485275949285,0.005658603959439421
2025-04-17,484,1.4631123490556368,1.531292489829394,-0.06818014077375711
2025-04-21,487,2.1570715725435674,2.1335852153782713,0.023486357165296613
2025-04-22,489,1.525520586830552,1.7885544273331573,-0.2630338405026056
2025-04-23,482,1.1351157027134797,1.223682541369447,-0.08856683865596732
2025-04-24,477,0.9249329501121707,1.0336062738620255,-0.10867332374985494
2025-04-25,474,1.0759993463085722,1.2279295685995537,-0.15193022229098133
2025-04-28,469,1.0467204528047418,1.1277693641002018,-0.08104891129545998
2025-04-29,467,0.95774797015703,1.0635000728508466,-0.10575210269381657
2025-04-30,475,1.0153771394092619,1.1027749587008133,-0.0873978192915514
2025-05-01,479,1.03998056624754,1.172287627546553,-0.13230706129901304
2025-05-02,473,0.8885679325150716,1.0842623029531968,-0.19569437043812515
2025-05-05,470,1.6657087787206872,1.50820688509239,0.15750189362829736
2025-05-06,470,2.268971392811981,2.05355181442203,0.21541957838995063
2025-05-07,464,2.0521425082289584,1.841012286760029,0.21113022146892954
2025-05-08,452,1.4922041241985304,1.3063976829445816,0.18580644125394882
2025-05-09,444,1.5679490132311291,1.5313698355502816,0.03657917768084765
2025-05-12,439,0.8207886912691756,0.8955559010345775,-0.07476720976540197
2025-05-13,438,0.8418434343557366,0.8312024295475517,0.010641004808184702
2025-05-14,440,0.9867612474983428,1.0293916505088883,-0.04263040301054553
2025-05-15,447,0.8808597367844996,0.9260295695295988,-0.04516983274509924
2025-05-16,451,1.177064062079519,1.0741390394707162,0.102925022608803
2025-05-19,458,0.8376112863717864,0.8890025445579001,-0.05139125818611374
2025-05-20,458,0.925895576760353,0.8473981134785561,0.07849746328179698
2025-05-21,459,0.7616331874431328,0.8562472735146451,-0.09461408607151235
2025-05-22,446,0.8089167182300588,0.9380204893433441,-0.1291037711132854
2025-05-23,443,0.7985279785646723,1.0227092906691153,-0.22418131210444298
2025-05-27,447,0.7727293817579809,0.8730253604511963,-0.10029597869321535
2025-05-28,443,0.7855214906134148,0.8715350488988423,-0.08601355828542748
2025-05-29,444,0.8112262964493355,0.9287426574469394,-0.11751636099760385
2025-05-30,449,0.876339666656336,1.0910237450518236,-0.21468407839548764
2025-06-02,458,0.9564541948585918,1.1401075877500069,-0.18365339289141522
2025-06-03,451,0.9472286327003973,1.0929370786137709,-0.1457084459133737
2025-06-04,456,0.8722848454226729,0.9990491866022544,-0.12676434117958146
2025-06-05,458,0.8720488763745595,1.0001538607339266,-0.12810498435936707
2025-06-06,447,0.9507548089154793,0.9396153812134583,0.01113942770202094
2025-06-09,442,0.8510759095750722,0.9257626208403615,-0.07468671126528934
2025-06-10,447,1.0241231314605044,1.0031672228530375,0.020955908607466774
2025-06-11,441,0.9460907887310497,0.9542335118242319,-0.008142723093182265
2025-06-12,440,0.929010304690302,0.9319475700807174,-0.002937265390415374
2025-06-13,461,0.9020955880846214,1.0384305822992392,-0.13633499421461792
2025-06-16,473,0.7789795059073987,0.922257845724357,-0.1432783398169582
2025-06-17,476,0.8933956407794065,1.072893036964664,-0.17949739618525762
2025-06-18,482,0.8998732764907555,1.3162959287191913,-0.4164226522284359
2025-06-20,478,0.9688188585754228,1.1066130551774405,-0.1377941966020177
2025-06-23,462,0.8849197345439154,1.0065217923192482,-0.1216020577753329
2025-06-24,456,0.8746798792515669,1.0028023181056174,-0.12812243885405059
2025-06-25,456,1.1819101300036936,1.3381169005558202,-0.15620677055212695
2025-06-26,449,1.1149139983171221,1.20827046451568,-0.09335646619855796
2025-06-27,451,0.8476177358559317,0.9869483210147565,-0.1393305851588248
2025-06-30,468,0.9546712973579783,1.0228024953830128,-0.06813119802503462
2025-07-01,475,0.8261343063087481,0.9268615078857142,-0.10072720157696621
2025-07-02,469,0.7330922375265434,0.8331554841988794,-0.10006324667233603
2025-07-03,477,0.791492553790834,0.8003167538135737,-0.008824200022739643
2025-07-07,481,0.7679303870029823,0.8059865417799118,-0.03805615477692939
2025-07-08,478,0.86632040667712,0.8477468169478726,0.018573589729247247
2025-07-09,479,0.8388292629156182,0.8107646467608546,0.028064616154763605
2025-07-10,486,0.8270207295730692,0.824202297624335,0.002818431948734117
2025-07-11,481,0.8337295476415261,0.8535866629789192,-0.019857115337393115
2025-07-14,478,0.8028639621828364,0.7847954285417983,0.01806853364103809
2025-07-15,481,1.0110078408781324,1.134186575581633,-0.1231787347035006
2025-07-16,480,1.0479849839665614,1.1443323518474633,-0.0963473678809021
2025-07-17,480,1.0061550044360135,1.0489644965627314,-0.042809492126717794
2025-07-18,484,1.1137017016710957,1.169115380142458,-0.055413678471362214
2025-07-21,488,1.0931790603295333,1.1480454372940774,-0.05486637696454422
2025-07-22,490,1.045452792706678,1.0676576432664597,-0.022204850559782045
2025-07-23,489,1.1620826176555343,1.1261156452175345,0.03596697243799983
2025-07-24,480,1.2912676808263874,1.2287749180990537,0.062492762727333666
2025-07-25,474,1.549406864222715,1.4161986557094943,0.13320820851322057
2025-07-28,471,1.4527055868007015,1.3841734053445744,0.06853218145612723
2025-07-29,468,1.3966582597719774,1.3148249762380957,0.0818332835338817
2025-07-30,469,1.3636474429567806,1.3008493396625453,0.06279810329423514
2025-07-31,476,1.1683539279355641,1.1617937484162382,0.006560179519325826
2025-08-01,476,1.1937819945633832,1.2090817991953382,-0.015299804631955174
2025-08-04,472,1.1398005984452395,1.1266632265878644,0.013137371857375003
2025-08-05,473,1.0687668687960319,1.1298673958167322,-0.061100527020700554
2025-08-06,467,1.234599476451146,1.304711959579181,-0.07011248312803499
2025-08-07,459,1.0599873365077364,1.0934752397116585,-0.033487903203922205
2025-08-08,445,0.9480955988151866,0.9393426253334284,0.00875297348175813
2025-08-11,439,0.9798343311257384,0.9550571586815518,0.024777172444186504
2025-08-12,436,0.928609591448971,0.9017593089405178,0.026850282508453206
2025-08-13,437,0.8132743838087646,0.8222883320477871,-0.0090139482390225
2025-08-14,443,0.7176277941306758,0.7133238805916878,0.004303913538988
2025-08-15,459,0.7726628944477536,0.719452386297563,0.05321050815019043
2025-08-18,467,0.7644133970144962,0.7524763128177595,0.011937084196736685
2025-08-19,470,0.8288084735024623,0.8579099815322462,-0.029101508029783823
2025-08-20,476,0.9256417609864636,0.9914244189436393,-0.06578265795717583
2025-08-21,477,1.0481811058243096,1.1974620139191956,-0.14928090809488623
2025-08-22,466,0.8650804821299168,0.8616728158926829,0.0034076662372339254
2025-08-25,447,0.8752728630108698,0.8322495274087632,0.04302333560210661
2025-08-26,442,0.8251733601648273,0.7758947483576015,0.04927861180722573
2025-08-27,434,0.8115575349775538,0.7792602624314277,0.0322972725461262
2025-08-28,420,0.854262014589907,0.8197729547020404,0.03448905988786653
2025-08-29,433,0.8850750369071576,0.896057814728919,-0.01098277782176141
2025-09-02,452,0.89227420037549,0.9530839375646905,-0.06080973718920034
2025-09-03,452,1.0096290826642926,1.0927004789955008,-0.08307139633120832
2025-09-04,456,0.9773069143494301,1.057921339188099,-0.08061442483866914
2025-09-05,465,0.9861411108795278,1.0338855407987744,-0.04774442991924657
2025-09-08,446,1.0472319600415205,1.0467592525253702,0.0004727075161502532
2025-09-09,443,0.9369263666343174,0.9978279905480972,-0.060901623913779755
2025-09-10,448,0.758454746401154,0.8973624000643948,-0.13890765366324084
2025-09-11,449,0.8932497009628454,0.8900565959337225,0.003193105029122903
2025-09-12,456,0.8869061532097597,1.0147803636056734,-0.1278742103959137
2025-09-15,475,0.8570185728652577,0.9272693629666015,-0.07025079010134379
2025-09-16,483,0.8508701062742658,0.9988973967309518,-0.14802729045668603
2025-09-17,485,0.8657568854268547,0.9620148405793884,-0.09625795515253353
2025-09-18,485,0.9141372016145188,0.8622670382994171,0.051870163315101775
2025-09-19,481,0.8563859902734058,0.9288555339043006,-0.07246954363089499
2025-09-22,484,0.8494366453961566,0.8551021867857205,-0.005665541389563892
2025-09-23,460,0.7805307921226528,0.8096295538143534,-0.02909876169170066
2025-09-24,452,0.9783299704906953,1.0139345100351573,-0.03560453954446216
2025-09-25,452,1.104816371957605,1.166991317218523,-0.06217494526091798
2025-09-26,449,1.0758952515922375,1.1117119482358193,-0.03581669664358177
2025-09-29,449,1.07373058671592,1.1045658627223378,-0.03083527600641803
2025-09-30,471,0.9238333007022337,0.9166381106403024,0.007195190061931197
2025-10-01,480,0.9083945696333355,0.9401408913413434,-0.03174632170800787
2025-10-02,479,0.919978521157678,0.8944767468935315,0.02550177426414639
2025-10-03,479,1.3096117372705067,1.1871758848589125,0.12243585241159435
2025-10-06,481,1.0277834514237973,0.9293605600002453,0.09842289142355211
2025-10-07,480,0.8278212110939963,0.8109336781534591,0.01688753294053733
2025-10-08,475,0.9148032934269477,0.8681560920027579,0.04664720142418973
2025-10-09,478,1.0224008567581897,0.9863941128433203,0.036006743914869195
2025-10-10,482,0.9487920507038119,0.9529236789397392,-0.004131628235927238
2025-10-13,480,0.8861240197199883,0.938590061295774,-0.05246604157578581
2025-10-14,482,0.8967131199748628,1.0139586839112902,-0.11724556393642724
2025-10-15,484,0.8879035689151638,0.9435446794472299,-0.05564111053206604
2025-10-16,484,0.9613075176854109,1.0721009738769935,-0.11079345619158262
2025-10-17,486,0.9633970624755535,1.0392050458583446,-0.0758079833827911
2025-10-20,487,0.9512928307976674,0.9864764734215462,-0.03518364262387882
2025-10-21,487,1.039823727247101,1.0420665785600092,-0.0022428513129082775
2025-10-22,488,1.5148635927195324,1.4637451270102335,0.05111846570929884
2025-10-23,487,1.43803702444927,1.3827045044619117,0.05533251998735822
2025-10-24,479,1.3805337511747091,1.3091533534085038,0.07138039776620535
2025-10-27,473,1.5327730993455058,1.382971501980411,0.14980159736509485
2025-10-28,471,1.4621297325135307,1.3358956708116247,0.12623406170190593
2025-10-29,469,1.1998799495547932,1.176677946369525,0.023202003185268272
2025-10-30,471,1.1760455153628806,1.150171663301724,0.02587385206115653
2025-10-31,471,1.171163172356241,1.182465093512086,-0.01130192115584484
2025-11-03,468,1.1541100412791914,1.1612462866135478,-0.007136245334356535
2025-11-04,471,1.1638950927116836,1.1515010487577073,0.012394043953976055
2025-11-05,468,1.0162063722609225,1.0341910165761081,-0.017984644315185688
2025-11-06,458,0.9752219869855305,0.9605881622535163,0.014633824732014269
2025-11-07,446,0.8434767583331558,0.8581786631362187,-0.014701904803062863
2025-11-10,438,1.1350359170393127,1.0874316243010296,0.04760429273828334
2025-11-11,433,1.1649433618183789,1.1270799048618247,0.037863456956554
2025-11-12,432,1.2332028164747424,1.176002801055695,0.05720001541904717
2025-11-13,436,1.1971411244637926,1.14259051124639,0.054550613217402476
2025-11-14,451,0.9240496806774673,0.9209185511181126,0.0031311295593547746
2025-11-17,463,0.8944474918498422,0.9130835159205493,-0.018636024070707163
2025-11-18,463,1.1397057217332205,1.226192236566228,-0.08648651483300766
2025-11-19,467,1.2305677737372567,1.267659615833314,-0.03709184209605719
2025-11-20,460,1.6288330176013937,1.310691019061902,0.3181419985394918
2025-11-21,447,0.9996106468952995,1.055326784851863,-0.055716137956563536
2025-11-24,448,0.9320270468835334,0.9848768939223546,-0.052849847038821125
2025-11-25,446,1.0141213797316944,1.0175120573875636,-0.0033906776558693045
2025-11-26,444,0.9900212047345319,1.0487479982296652,-0.05872679349513335
2025-11-28,437,1.1119490280795796,1.1606455337291706,-0.04869650564959098
2025-12-01,453,1.1039799736122689,1.121289220269148,-0.017309246656879086
2025-12-02,455,1.1022593528206457,1.1077919477684288,-0.005532594947783328
2025-12-03,456,1.1183516534931963,1.1482767565430718,-0.02992510304987569
2025-12-04,460,1.1121153342535828,1.1682549972189324,-0.05613966296534955
2025-12-05,471,0.9576716198895728,0.9771631598176731,-0.01949153992810033
2025-12-08,453,1.0463250934622566,1.1258958672683113,-0.07957077380605475
2025-12-09,449,0.9804776029112562,1.0130062449736368,-0.032528642062380625
2025-12-10,450,1.1297328847927293,1.0713290818775245,0.058403802915204646
2025-12-11,448,1.0141967375698224,0.938748842388856,0.07544789518096635
2025-12-12,452,0.802831736476416,0.8152629874770554,-0.012431251000639347
2025-12-15,472,0.7780425064836872,0.8012403205463158,-0.023197814062628552
2025-12-16,477,0.7695215891144572,0.7822125458107452,-0.012690956696287847
2025-12-17,481,0.8078486977221364,0.8692600006488386,-0.06141130292670212
2025-12-18,477,0.678930041354201,0.774187163036272,-0.09525712168207102
2025-12-19,477,0.5665378778008481,0.7169490288107613,-0.15041115100991326
2025-12-22,478,0.5700556524679365,0.5501250510527125,0.019930601415224146
2025-12-23,462,0.6149777732859681,0.5265862133095233,0.08839155997644485
2025-12-24,445,0.705877029878668,0.6859272009719626,0.01994982890670532
2025-12-26,450,0.7989601273766366,0.818805404926702,-0.01984527755006541
2025-12-29,451,1.0520458173065699,1.0525725721178238,-0.0005267548112537552
2025-12-30,452,1.0507544106617004,1.051900694329766,-0.0011462836680655745
2025-12-31,470,1.2365608503570293,1.295201824558181,-0.058640974201151316
2026-01-02,481,1.2229465498930314,1.3159712483696693,-0.09302469847663784
2026-01-05,480,1.023344614338174,1.0381200298058832,-0.014775415467709396
2026-01-06,483,1.0088646136139894,1.0014448337839603,0.007419779830029178
2026-01-07,482,1.3273428775106524,1.3319515093231287,-0.0046086318124762705
2026-01-08,478,1.218621163858937,1.2419947952967383,-0.023373631437801235
2026-01-09,478,1.1158062608661716,1.1314216141382034,-0.015615353272031804
2026-01-12,477,1.1646199685634713,1.121391566731635,0.04322840183183605
2026-01-13,476,1.0408249696161271,1.0564268439368836,-0.015601874320756492
2026-01-14,476,0.9263223531219766,0.9302479453701571,-0.003925592248180502
2026-01-15,476,0.9526631835391383,0.923144763950677,0.029518419588461277
2026-01-16,483,0.8900880240476656,0.8846742093747291,0.005413814672936548
2026-01-20,488,0.9846926371209292,1.0749730060964076,-0.0902803689754783
2026-01-21,487,1.0226689784062117,1.0105523231405182,0.012116655265693463
2026-01-22,486,1.154078815811723,1.1241471643792116,0.02993165143251124
2026-01-23,481,1.154427552618778,1.1328783497714225,0.021549202847355578
2026-01-26,476,1.2971726322223769,1.263127158605062,0.03404547361731491
2026-01-27,474,1.703508151777565,1.6601394006596903,0.043368751117874506
2026-01-28,474,2.086418500445476,2.0736215932660627,0.012796907179413137
2026-01-29,475,2.096335632620302,1.9870567927483092,0.1092788398719929
2026-01-30,477,2.0470046482869755,1.9978766649500084,0.04912798333696717
2026-02-02,476,1.8568629258927356,1.815331186177992,0.04153173971474342
2026-02-03,473,1.541027555800386,1.4565603560596,0.08446719974078587
2026-02-04,471,1.588883981239614,1.523361448288212,0.0655225329514019
2026-02-05,470,1.656990477123336,1.599005279112637,0.05798519801069885
2026-02-06,453,1.5613844471068485,1.5590655292683853,0.002318917838463192
2026-02-09,442,1.4784161195640992,1.4738784080957898,0.004537711468309252
2026-02-10,441,1.1949241312077346,1.1952905528551447,-0.000366421647410053
2026-02-11,440,1.0852698483907188,1.1046850336725866,-0.019415185281867735
2026-02-12,435,1.1730641424940498,1.1877884754839874,-0.01472433298993762
2026-02-13,451,1.0866567035343289,1.0898679061905636,-0.0032112026562348905
2026-02-17,464,1.0575536348520231,1.0813791765079384,-0.02382554165591515
2026-02-18,463,1.0629211847244018,1.0654174893932487,-0.0024963046688468203
2026-02-19,467,0.8851710339277447,0.9144080145084222,-0.02923698058067761
2026-02-20,456,1.0659379811498653,1.0660541686659697,-0.00011618751610449995
2026-02-23,446,1.195796263746453,1.16866354769916,0.02713271604729288
2026-02-24,447,1.334622515278424,1.2785450131846838,0.05607750209374011
2026-02-25,446,1.2480962589879612,1.2187147975509487,0.029381461437012295
2026-02-26,440,1.403293384280715,1.379494452746456,0.02379893153425871
2026-02-27,438,1.7338633035879227,1.6383817486888932,0.0954815548990292
2026-03-02,444,1.394804624594092,1.3854913022600948,0.009313322333997323
2026-03-03,434,1.2208315113588881,1.2191355036633382,0.0016960076955500958
2026-03-04,434,1.3930257851983003,1.3588903735919324,0.03413541160636773
2026-03-05,440,1.6480983644972025,1.5602093472754477,0.08788901722175482
2026-03-06,439,1.3707874341694053,1.3946683798188275,-0.023880945649422464
2026-03-09,436,1.1492990589558085,1.2451297185904346,-0.09583065963462609
2026-03-10,441,0.9369622445622027,0.9962903796712064,-0.05932813510900368
2026-03-11,448,1.0317132998543794,1.1532708571924737,-0.12155755733809426
2026-03-12,446,0.9694399755493731,1.066043648603467,-0.09660367305409392
2026-03-13,464,1.0340607554100938,1.0646295887523358,-0.030568833342241915
2026-03-16,477,0.9883057121547035,1.0291884502723563,-0.040882738117652764
2026-03-17,483,1.1659891523542079,1.1471347856613585,0.018854366692849192
2026-03-18,481,1.0312980170931039,1.042456805264657,-0.01115878817155307
2026-03-19,484,1.0236165469619087,0.9871684197347859,0.03644812722712281
2026-03-20,483,1.1197023281532563,1.1504043918141489,-0.030702063660892547
2026-03-23,483,1.2176818446953863,1.1507262484330245,0.06695559626236174
2026-03-24,463,0.8199386951998787,0.8824846698218538,-0.06254597462197513
2026-03-25,460,0.8271079791804711,0.8562663781880114,-0.02915839900754048
2026-03-26,451,0.9388459420154001,0.9675869262785137,-0.028740984263113757
2026-03-27,452,1.2051698978204153,1.0930315327639206,0.11213836505649483
2026-03-30,451,1.3937104124162487,1.2312634948943,0.16244691752194876
2026-03-31,474,1.458463504782994,1.3480074744136035,0.11045603036939075
2026-04-01,474,1.37453045836499,1.2962343910662386,0.07829606729875141
2026-04-02,478,1.44415095083379,1.4029155581883204,0.04123539264546946
2026-04-06,481,1.4381443400141085,1.4245332833156832,0.013611056698425321
2026-04-07,482,1.6554093980821751,1.6737331350859967,-0.018323737003821648
2026-04-08,477,1.0161560737294606,1.031812296767714,-0.015656223038253335
2026-04-09,481,1.1384570808456471,1.115466491486127,0.022990589359520266
2026-04-10,483,1.4902008259410093,1.4178322106686276,0.07236861527238159
2026-04-13,480,1.1854049878115493,1.139671765644114,0.04573322216743533
2026-04-14,481,1.1437831486721466,1.115207641463595,0.02857550720855164
2026-04-15,482,1.0976259821649115,1.1141292492245862,-0.016503267059674722
2026-04-16,483,1.1727489626504835,1.1977434094455253,-0.024994446795041692
2026-04-17,486,1.293632511889962,1.3204785399353043,-0.02684602804534193
2026-04-20,489,1.304560125303935,1.3382522494878533,-0.03369212418391828
2026-04-21,489,1.2183355607338007,1.212040806639247,0.006294754094553724
2026-04-22,491,1.4518497436450424,1.4331925517670847,0.018657191877957776
2026-04-23,485,1.2279267838108197,1.2442517529566834,-0.016324969145863667
2026-04-24,480,1.1875154933515302,1.1932560709606053,-0.005740577609075
2026-04-27,474,1.3561877545766312,1.3208022266639017,0.03538552791272932
2026-04-28,471,1.4470200040721795,1.417543877831692,0.029476126240487625
2026-04-29,472,1.6396755528252247,1.561638476299869,0.07803707652535587
2026-04-30,477,1.4203405714930735,1.3996261012369062,0.020714470256167513
2026-05-01,469,1.6642030208432343,1.6248173238699928,0.03938569697324143
2026-05-04,470,1.7541278493674166,1.6951708587753918,0.05895699059202498
2026-05-05,470,1.4099215482610048,1.404723697208849,0.005197851052155689
2026-05-06,464,1.4712180509749029,1.5608728598105353,-0.08965480883563227
2026-05-07,459,1.4165719867925517,1.3867168349683985,0.02985515182415313
2026-05-08,447,1.25121903279627,1.2351059259920836,0.016113106804186705
2026-05-11,441,1.195591853541245,1.1802620995996238,0.015329753941621272
2026-05-12,441,1.1499537417826537,1.1390251241536768,0.010928617628976869
2026-05-13,442,1.0706355164939845,1.0596099618132138,0.011025554680770664
2026-05-14,443,1.048000660694129,1.0391668131518024,0.00883384754232674
2026-05-15,449,1.222535568104404,1.1844397876716828,0.038095780432721035
2026-05-18,457,1.350172641665612,1.298802566754472,0.05137007491113987
2026-05-19,457,1.660742025325033,1.5845472137600323,0.07619481156500041
2026-05-20,460,1.4543325900496493,1.4254494235271193,0.028883166522529778
2026-05-21,449,1.6465184427497115,1.5948801039278009,0.051638338821910386
2026-05-22,448,1.8504228943262728,1.7846154820087727,0.06580741231750024
2026-05-26,449,1.6266893999322274,1.5808422537953404,0.04584714613688704
2026-05-27,448,1.5118576724519353,1.4785043416622978,0.03335333078963738
2026-05-28,444,1.258381397940659,1.2440374829802436,0.014343914960415453
2026-05-29,442,1.1624082977684924,1.170347668398908,-0.007939370630415431
2026-06-01,457,1.225810726617642,1.230085362657744,-0.004274636040101997
2026-06-02,454,1.416850780919899,1.3299308264342626,0.08691995448563633
2026-06-03,452,1.5822941007943636,1.455916262824806,0.12637783796955737
2026-06-04,456,1.3023463267476731,1.2368550961121467,0.06549123063552659
2026-06-05,463,1.1229838674668076,1.11550255275174,0.007481314715067677
2026-06-08,440,1.310969609375951,1.2494061000250425,0.06156350935090855
2026-06-09,439,1.1193815940382827,1.1113441409428155,0.008037453095467115
2026-06-10,443,1.546422518131041,1.4913547624752415,0.05506775565579942
2026-06-11,442,1.3621619444026252,1.353490599402881,0.00867134499974404
2026-06-12,449,1.4952110960392229,1.4409103706294553,0.05430072540976742
2026-06-15,475,1.089105605300943,1.0926176077891738,-0.003512002488230715
2026-06-16,479,1.152880011157102,1.1310102746213797,0.021869736535722325
2026-06-17,478,1.5111491485621402,1.468175339600022,0.04297380896211831
2026-06-18,477,1.5639749286970843,1.4702494597733333,0.0937254689237508
2026-06-22,479,1.7206722501227962,1.5982521029184111,0.1224201472043852
2026-06-23,460,1.4434272063417872,1.3682467317520703,0.07518047458971713
2026-06-24,455,1.323059594748893,1.301805959119532,0.021253635629360976
2026-06-25,452,1.9232502338237698,1.7322229564377953,0.1910272773859745
2026-06-26,450,1.344287593139182,1.3257270555279537,0.018560537611228372
2026-06-29,450,1.5352284133964937,1.4055370532960816,0.12969136010041216
2026-06-30,470,1.4701601538598987,1.390517900330381,0.07964225352951783
2026-07-01,474,0.9766930870571066,1.0012456065765913,-0.0245525195194849
2026-07-02,473,0.9396017423721603,0.9639389730497645,-0.02433723067760423
2026-07-06,479,1.0255080445686955,1.0353667832108278,-0.009858738642132322
2026-07-07,482,1.022142115213016,1.041045589187639,-0.018903473974622997
2026-07-08,479,0.963586485134121,1.0267583111179361,-0.06317182598381516
2026-07-09,483,1.2344791905053252,1.189529509282501,0.04494968122282414
2026-07-10,487,1.1929725379843326,1.139334792023502,0.05363774596083056
2026-07-13,483,0.9498119731179446,0.9743238728766086,-0.02451189975866407
2026-07-14,481,0.9122231430196789,0.9978884012238436,-0.08566525820416455
2026-07-15,484,0.9392983618659797,0.9995718136539787,-0.060273451787999116
2026-07-16,482,1.3661077442896634,1.3479528942802181,0.01815485000944516
2026-07-17,481,1.0134222309707743,1.0601438751895937,-0.04672164421881931
2026-07-20,485,1.0630970679555116,1.0808175162137599,-0.017720448258248013
2026-07-21,485,1.8516031617556923,1.6405849015602478,0.21101826019544437
2026-07-22,486,2.2353605617146326,1.9500416309937674,0.2853189307208653
2026-07-23,486,1.7332609368292782,1.570722077699623,0.16253885912965496
2026-07-24,481,1.408562130051212,1.3522716461080293,0.05629048394318256
2026-07-27,474,1.2933778743186715,1.2743468565979512,0.019031017720720238
2026-07-28,474,1.6540302051845872,1.5155776905521146,0.1384525146324728
2026-07-29,473,1.912771905646231,1.7255811797602938,0.1871907258859373
2026-07-30,474,1.4004920176485967,1.385905365139129,0.014586652509467689
2026-07-31,475,1.493815583063793,1.4608340625110912,0.032981520552701774
2026-08-03,476,1.2573523593869549,1.2898861991223285,-0.03253383973537368
2026-08-04,475,1.0488521478393882,1.1185619307278398,-0.06970978288845177
2026-08-05,470,1.0424901759152996,1.1077746629380112,-0.06528448702271163
2026-08-06,464,1.0801131740894587,1.0685978077762774,0.011515366313181317
2026-08-07,448,1.0150940367704355,1.036623427058696,-0.021529390288260387
2026-08-10,445,1.0383024158589786,1.0359007501422939,0.0024016657166847505
2026-08-11,441,0.9135617587170684,0.9198054625762987,-0.006243703859230434
2026-08-12,437,1.2652333203724497,1.2471315530778517,0.01810176729459816
2026-08-13,438,1.2877976711982255,1.2669683364793185,0.02082933471890725
2026-08-14,454,1.3536066816465773,1.3175932701759212,0.03601341147065617
2026-08-17,457,1.6313074934992058,1.5159782132935218,0.11532928020568396
