origin_trading_day,rows,baseline_loss,candidate_loss,loss_delta_baseline_minus_candidate
2020-05-05,445,1.6425907492603364,1.92571414637115,-0.2831233971108134
2020-05-06,442,1.6950658295407022,1.9432933672836488,-0.2482275377429467
2020-05-07,438,1.6328141371895484,1.9002213204893512,-0.2674071832998028
2020-05-08,437,1.8958410595938067,1.7481342493199283,0.14770681027387808
2020-05-11,438,1.5104797725330366,1.7603985178892818,-0.24991874535624542
2020-05-12,431,1.585827273719716,2.4326825151338425,-0.8468552414141263
2020-05-13,431,2.3821513475951073,3.8937974446084462,-1.5116460970133387
2020-05-14,440,2.047151100990936,2.4849245639725135,-0.4377734629815776
2020-05-15,443,2.0193985670193495,2.2736189974219996,-0.2542204304026498
2020-05-18,440,1.7629874130072396,2.239377592105838,-0.47639017909859815
2020-05-19,446,2.3781623594544667,2.6007619282406784,-0.2225995687862117
2020-05-20,438,1.8538117906346123,3.0152367936194744,-1.1614250029848618
2020-05-21,430,1.8294727232651053,2.2333455831035542,-0.4038728598384488
2020-05-22,433,1.9123461736296337,2.3776209386391702,-0.46527476500953646
2020-05-26,434,1.6767024809417597,2.0121690060923156,-0.335466525150556
2020-05-27,434,1.695101881907386,2.697135862266903,-1.002033980359517
2020-05-28,435,1.9380046098225345,2.975432542452806,-1.0374279326302709
2020-05-29,449,2.80746918743083,3.9941780471738904,-1.1867088597430597
2020-06-01,452,3.0625587977020627,4.178790625231322,-1.1162318275292598
2020-06-02,448,2.147464676265451,2.845946474991727,-0.6984817987262761
2020-06-03,451,1.4851603809681533,1.9917921328615644,-0.5066317518934113
2020-06-04,449,1.9476232881238413,1.5385151918514168,0.40910809627242456
2020-06-05,428,2.157325722733189,1.5999854405565586,0.5573402821766303
2020-06-08,423,2.307808106344461,1.523663038929036,0.7841450674154253
2020-06-09,429,1.638677045142067,1.2323481338874773,0.4063289112545894
2020-06-10,430,1.5146955754918658,1.693478250239552,-0.17878267474768614
2020-06-11,444,1.585630374558577,1.5845858775849402,0.0010444969736369222
2020-06-12,461,1.4187445953004905,1.6327320417829465,-0.21398744648245616
2020-06-15,467,1.3131263289291026,1.677906907086475,-0.3647805781573723
2020-06-16,469,1.3199409762745702,1.4867678168175977,-0.16682684054302732
2020-06-17,468,1.494617045626978,2.4928937991511164,-0.9982767535241381
2020-06-18,467,1.388526616514047,1.2761633285310539,0.11236328798299322
2020-06-19,470,1.5299187385009865,1.4014506987483728,0.12846803975261376
2020-06-22,452,1.2559778068126497,1.312170794262658,-0.05619298745000789
2020-06-23,444,1.0804057653753076,1.1935434864617591,-0.11313772108645145
2020-06-24,441,1.1291458885375005,1.500500718680592,-0.37135483014309156
2020-06-25,438,1.121737835677058,1.3627863197298835,-0.24104848405282542
2020-06-26,438,1.5764845979925803,2.1397739479837963,-0.563289349991216
2020-06-29,455,1.2292174417093866,1.4337271198408204,-0.20450967813143375
2020-06-30,463,1.2059106149314167,1.2768352512857173,-0.07092463635430069
2020-07-01,458,1.3056114965220191,1.3940827907919917,-0.08847129426997254
2020-07-02,462,1.1483289457222492,1.26093951385749,-0.11261056813524048
2020-07-06,465,1.0951859805403088,1.2447613978111154,-0.14957541727080637
2020-07-07,462,1.0241720168535526,1.2500155536287387,-0.2258435367751861
2020-07-08,461,1.2971770077069866,1.3125420814359217,-0.015365073728934964
2020-07-09,466,1.6722825776064532,1.5489256725099712,0.1233569050964819
2020-07-10,464,1.4003347305000577,1.5891285634393475,-0.18879383293928975
2020-07-13,464,1.3203481595212703,1.5545597941040492,-0.23421163458277897
2020-07-14,467,1.09755575696587,1.4980241140819472,-0.4004683571160774
2020-07-15,467,1.083048970165877,1.5148510682281604,-0.4318020980622832
2020-07-16,467,1.0597910181237584,1.4279724787479358,-0.36818146062417745
2020-07-17,469,1.0200504669932664,1.1680336718756177,-0.14798320488235125
2020-07-20,468,1.070569440625725,1.4104380072008815,-0.3398685665751566
2020-07-21,467,1.01130219573473,1.035058451101365,-0.023756255366635098
2020-07-22,469,1.0192434598095153,1.144615770401734,-0.12537231059221865
2020-07-23,464,1.087883841733196,1.170104145786547,-0.08222030405335111
2020-07-24,453,1.1619453164464417,1.2944850310245126,-0.13253971457807082
2020-07-27,452,1.1170762520967947,1.2304335587804676,-0.11335730668367251
2020-07-28,454,1.2236031401924141,1.3608931583674784,-0.13729001817506462
2020-07-29,454,1.128430526870967,1.2382245244888235,-0.10979399761785642
2020-07-30,455,1.1684121571796309,1.3023272101402725,-0.13391505296064185
2020-07-31,459,1.2448355541251788,1.4130152471106994,-0.1681796929855204
2020-08-03,458,1.5063970144993146,1.727510570739384,-0.22111355624006962
2020-08-04,456,1.4955065010275255,1.6264414458511065,-0.13093494482358098
2020-08-05,453,1.2396550779156914,1.3557609704329558,-0.11610589251726426
2020-08-06,436,1.0727511581575755,1.0753900663439644,-0.002638908186388882
2020-08-07,437,0.9469216863104848,0.963739303221155,-0.01681761691067011
2020-08-10,436,0.9143007643393369,0.9484842265190395,-0.03418346217970268
2020-08-11,430,1.023434662338383,1.2025530298164235,-0.1791183674780407
2020-08-12,426,0.9339393980756315,1.018606215528998,-0.08466681745336652
2020-08-13,445,0.9577345751158205,1.0426155164036288,-0.08488094128780817
2020-08-14,448,1.0370916426375016,1.0639808206651324,-0.026889178027630724
2020-08-17,446,0.8644863607050616,0.9807658571649247,-0.11627949645986306
2020-08-18,453,0.8310873789369914,0.9338889590476291,-0.10280158011063788
2020-08-19,458,0.9271892213027317,1.077185610824351,-0.14999638952161917
2020-08-20,455,0.9359311484662005,1.095586378703767,-0.15965523023756628
2020-08-21,449,1.1234363452186238,1.480287519182208,-0.3568511739635843
2020-08-24,438,0.9145714679817639,1.0185826504894766,-0.10401118250771269
2020-08-25,432,0.9609058525267715,1.1188385294577374,-0.15793267693096577
2020-08-26,428,1.0674027314420096,1.2846958494498242,-0.2172931180078145
2020-08-27,423,0.8040490033904722,0.8629880861146836,-0.058939082724211285
2020-08-28,434,0.959292947487443,0.9621405784717031,-0.0028476309842600427
2020-08-31,444,1.3531179241865399,1.304716556621807,0.04840136756473288
2020-09-01,444,1.1605358986003964,1.1211836677442588,0.0393522308561376
2020-09-02,444,1.7990268186045266,1.3481557632458128,0.450871055358714
2020-09-03,455,1.118092904263703,1.0370432218286822,0.08104968243502052
2020-09-04,428,0.9635639013247114,1.0929942241300465,-0.1294303228053352
2020-09-08,428,1.0924496712505665,1.458751459328121,-0.36630178807755454
2020-09-09,432,0.9748124860697788,1.1616359369143503,-0.18682345084457153
2020-09-10,436,1.016393806855934,1.3698983582374995,-0.35350455138156545
2020-09-11,436,0.888973647290583,1.224022829890953,-0.33504918260036975
2020-09-14,461,1.1942192668319618,1.097906166194777,0.09631310063718451
2020-09-15,467,1.126523945797888,1.0827868307858186,0.043737115012069165
2020-09-16,469,1.7766854941745178,1.5574989684755387,0.21918652569897892
2020-09-17,468,1.6157612700597306,1.432069377118113,0.1836918929416175
2020-09-18,468,1.1837901677376026,1.1242852688049283,0.05950489893267422
2020-09-21,470,0.8611893414836516,1.0253940653077633,-0.16420472382411164
2020-09-22,451,0.7654909019920972,0.9153105498663882,-0.14981964787429086
2020-09-23,444,1.093463579580533,1.3914694502074518,-0.29800587062691897
2020-09-24,441,1.2621743404928292,1.3113054466547052,-0.04913110616187598
2020-09-25,442,0.9713391287250491,1.0420148888958223,-0.0706757601707731
2020-09-28,437,0.9541155451268892,1.5741559297221726,-0.6200403845952834
2020-09-29,455,0.96063348398463,1.2376048688814365,-0.2769713848968065
2020-09-30,463,1.1272390323289216,1.4233396723509095,-0.29610064002198777
2020-10-01,455,1.4625999048111529,1.7212409645548643,-0.25864105974371143
2020-10-02,456,1.340375329113542,1.6680784120020098,-0.32770308288846756
2020-10-05,461,1.066238857465796,1.6017420430311127,-0.5355031855653168
2020-10-06,463,1.145273226780823,1.3852233783522152,-0.23995015157139216
2020-10-07,460,0.8624328330683794,1.2857448687307964,-0.423312035662417
2020-10-08,469,0.865834271430932,1.0824914713302871,-0.2166571998993552
2020-10-09,469,0.844683482020344,1.0568194818701568,-0.21213599984981282
2020-10-12,469,1.0437106455178533,0.9706350202394562,0.07307562527839705
2020-10-13,467,0.8708885421075426,0.9979369226199578,-0.1270483805124153
2020-10-14,469,0.8988580217300624,0.9398389686653636,-0.04098094693530126
2020-10-15,470,0.9920039948775184,1.0647730145397334,-0.07276901966221486
2020-10-16,471,0.9502548872637125,1.0453522780277897,-0.09509739076407704
2020-10-19,470,0.9224888327348657,1.0823956844488536,-0.15990685171398777
2020-10-20,469,1.1230905071673347,1.095764687889674,0.02732581927766063
2020-10-21,471,1.7409281126421239,2.1467315662524413,-0.40580345361031767
2020-10-22,466,1.6976950616840647,1.9122571083149866,-0.21456204663092196
2020-10-23,456,1.92847985804113,1.9945940378965243,-0.06611417985539415
2020-10-26,456,1.1546710054896703,1.102131547993743,0.052539457495927186
2020-10-27,457,1.2459858351761968,1.3187782539321666,-0.07279241875596977
2020-10-28,456,1.9249028366434386,2.5740578986688147,-0.6491550620253763
2020-10-29,454,2.160956564399311,2.5780847857030817,-0.41712822130377086
2020-10-30,458,2.3891504881428975,3.076527694667784,-0.6873772065248867
2020-11-02,450,3.3001741752212013,3.7626124794227587,-0.4624383042015575
2020-11-03,445,2.6849177015982475,3.159376642487557,-0.4744589408893092
2020-11-04,446,2.5324513488219833,2.9045628392332508,-0.37211149041126745
2020-11-05,439,1.5496356178994322,1.9277851340505465,-0.3781495161511143
2020-11-06,434,2.3279459820289277,2.56528826832777,-0.23734228629884188
2020-11-09,441,1.26523593428027,1.7692123383731693,-0.5039764040928995
2020-11-10,439,1.0680762445481284,1.412933383564454,-0.3448571390163256
2020-11-11,432,1.0028395719988599,1.2614573380938707,-0.25861776609501097
2020-11-12,440,1.3075487161679478,1.928877977983348,-0.6213292618154004
2020-11-13,449,1.0233665262341312,1.398088027591779,-0.3747215013576482
2020-11-16,446,1.118290125943447,1.238821665921493,-0.12053153997804607
2020-11-17,450,1.252261650224086,1.3410028709961583,-0.08874122077207228
2020-11-18,453,1.2016184911433,1.3039539412089494,-0.10233545006564929
2020-11-19,450,1.0669743221379433,1.3125172774598308,-0.24554295532188758
2020-11-20,438,1.002281879844701,1.0796427373200308,-0.07736085747532981
2020-11-23,432,0.943860047889479,0.9671096000067929,-0.023249552117314016
2020-11-24,432,0.938945060197703,0.9567794028226086,-0.017834342624905724
2020-11-25,419,0.9334172280729858,0.9699093007253885,-0.0364920726524026
2020-11-27,428,1.0594754966381261,1.0819909997257635,-0.022515503087637556
2020-11-30,443,1.112844134521641,1.169282421110153,-0.05643828658851178
2020-12-01,449,1.0436002129317594,1.077094906966451,-0.033494694034691554
2020-12-02,447,0.9162927912514356,0.9894842335546274,-0.07319144230319184
2020-12-03,455,0.9025843705617521,0.992257826808104,-0.08967345624635202
2020-12-04,454,0.8912355580833748,0.8814147166396356,0.00982084144373925
2020-12-07,432,0.8843046394381667,0.9239464723795398,-0.03964183294137286
2020-12-08,430,0.8170117710715432,0.8919111493625549,-0.07489937829101176
2020-12-09,435,0.8768296649364004,1.018493761615746,-0.1416640966793455
2020-12-10,438,0.9341662301827766,1.0631017375097385,-0.12893550732696188
2020-12-11,436,1.0078220122417527,1.0641673947097525,-0.05634538246799984
2020-12-14,456,0.9060448838413924,1.081450061599089,-0.17540517775769662
2020-12-15,458,1.0169207176028423,1.0595259144360731,-0.042605196833230725
2020-12-16,459,0.8674362060998052,0.9769853494679256,-0.10954914336812041
2020-12-17,458,0.8075843164926302,0.8835115656451218,-0.07592724915249167
2020-12-18,465,0.7688828303969837,1.1457104644344727,-0.3768276340374891
2020-12-21,467,0.7153669013983771,0.8217383284914263,-0.10637142709304903
2020-12-22,454,0.7670578985535589,0.8462233407400499,-0.07916544218649102
2020-12-23,444,0.7844516879039889,0.9303348900933812,-0.14588320218939235
2020-12-24,446,0.8027057229586773,0.8361955608042511,-0.03348983784557379
2020-12-28,444,0.8451255197798034,0.9352919539823423,-0.09016643420253892
2020-12-29,443,1.3488160623896361,1.5611108418655584,-0.21229477947592243
2020-12-30,449,1.4852303993554503,1.7638108853458183,-0.27858048599036783
2020-12-31,456,1.421723863360318,1.6726007988032308,-0.25087693544291273
2021-01-04,461,1.6255535650698976,2.0845054465952537,-0.4589518815253562
2021-01-05,463,1.6260861118834724,1.8910951510264915,-0.2650090391430191
2021-01-06,462,1.017590397164145,1.2697783254446018,-0.25218792828045705
2021-01-07,469,1.0488669914930122,1.268057113519506,-0.21919012202649393
2021-01-08,471,1.0455318012726145,1.106152486661838,-0.0606206853892235
2021-01-11,466,1.02595092310711,1.2640382512984714,-0.2380873281913615
2021-01-12,466,1.024268080388882,1.2552439065148526,-0.23097582612597045
2021-01-13,461,0.9773930110153778,1.0640637285846648,-0.08667071756928711
2021-01-14,465,1.0090638758693584,1.0819147283466901,-0.07285085247733185
2021-01-15,467,1.0112017419130643,1.1116799628580591,-0.10047822094499481
2021-01-19,471,1.1805516109035252,1.2125113445933622,-0.031959733689836844
2021-01-20,471,1.8186391698456363,1.7179113748926182,0.10072779495301824
2021-01-21,472,1.1695575437294707,1.20728959887583,-0.03773205514635941
2021-01-22,460,1.4450175022004819,1.4319675989111307,0.013049903289351017
2021-01-25,459,1.1164867045927154,1.143492203920333,-0.0270054993276177
2021-01-26,458,0.9727054169871162,1.0775275793072996,-0.10482216232018338
2021-01-27,458,1.3285974166369985,1.7754087067600486,-0.44681129012305
2021-01-28,454,1.1533622450816983,1.2076518475158353,-0.05428960243413692
2021-01-29,463,1.689245876175985,2.3719002660265485,-0.6826543898505637
2021-02-01,459,1.67925822817793,1.5981994921831701,0.0810587359947599
2021-02-02,455,1.2868597860934765,1.2533185490232372,0.03354123707023906
2021-02-03,452,1.218826399113848,1.4279378689061375,-0.20911146979228956
2021-02-04,442,1.105735569525686,1.1992611944300722,-0.0935256249043863
2021-02-05,438,1.0974501854852612,1.3435126722455841,-0.24606248676032297
2021-02-08,435,1.00753835108208,1.2895097672830553,-0.28197141620097543
2021-02-09,435,1.0205493482809895,1.1278505247875679,-0.10730117650657847
2021-02-10,430,0.920359810312066,0.9870015779151751,-0.06664176760310896
2021-02-11,439,0.9950942610013359,1.0830323682999763,-0.08793810729864052
2021-02-12,444,1.243289007831993,1.304048716687586,-0.06075970885559299
2021-02-16,447,1.1624959342224102,1.2477123427546966,-0.08521640853228615
2021-02-17,450,1.3738660067208297,1.5656538774601196,-0.19178787073929002
2021-02-18,442,1.4061927043137898,1.431572309408899,-0.025379605095109146
2021-02-19,436,1.223913732681686,1.1991266373174823,0.02478709536420393
2021-02-22,436,0.894344284100315,1.0028122981551744,-0.10846801405485937
2021-02-23,438,0.864385607424684,0.9405174969310823,-0.07613188950639843
2021-02-24,435,1.1016152852528902,1.1221011679508914,-0.020485882698001164
2021-02-25,439,1.0840205077670584,1.0937472366884329,-0.009726728921374557
2021-02-26,447,1.2897297753188286,1.5805119136714303,-0.29078213835260186
2021-03-01,448,1.6298135803333818,1.6694612486486675,-0.039647668315285725
2021-03-02,433,1.0423589315235624,1.124259078999882,-0.08190014747631981
2021-03-03,438,1.1473347294120786,1.517921496071213,-0.37058676665913426
2021-03-04,437,1.4584330029056822,1.8776262773804546,-0.4191932744747725
2021-03-05,422,1.1380034454793102,1.4902519090386188,-0.3522484635593085
2021-03-08,416,1.4205974100347554,1.6878956819025832,-0.2672982718678279
2021-03-09,424,1.0067134324194953,1.1594535453040784,-0.15274011288458317
2021-03-10,423,0.9550273769899783,1.0787128410020577,-0.12368546401207943
2021-03-11,432,0.9500709041850377,1.0721077216569341,-0.12203681747189637
2021-03-12,453,0.9078294008703626,0.9391522313671723,-0.03132283049680978
2021-03-15,460,0.9476160852244434,0.9131546053613131,0.0344614798631303
2021-03-16,469,1.0203359498345324,1.0077774642714767,0.012558485563055733
2021-03-17,468,1.1796356467687499,1.1763254842544726,0.003310162514276999
2021-03-18,468,0.8270799653706522,0.8931031114279475,-0.06602314605729531
2021-03-19,471,1.05135431774473,1.1580293160304025,-0.10667499828567265
2021-03-22,472,1.0389662932028136,1.0942171404900032,-0.055250847287189486
2021-03-23,454,1.0606306172530926,1.236801760821101,-0.17617114356800834
2021-03-24,446,0.9687672864096151,1.1730108032007385,-0.20424351679112332
2021-03-25,447,0.9894287181355683,1.017770057044763,-0.0283413389091947
2021-03-26,443,0.8289298763536075,1.0289607824659126,-0.20003090611230517
2021-03-29,439,0.971201132973438,1.1515969301564144,-0.1803957971829764
2021-03-30,457,0.8537921177180879,0.9500036738020216,-0.09621155608393367
2021-03-31,457,0.850334797830638,1.208049013602296,-0.35771421577165796
2021-04-01,457,0.7823680231286665,0.8718594810070089,-0.08949145787834242
2021-04-05,462,0.7087246498993921,0.8581634085771706,-0.14943875867777856
2021-04-06,466,0.720250915225355,0.8040433602073542,-0.08379244498199917
2021-04-07,462,0.7006669102498502,0.8168729328382348,-0.11620602258838475
2021-04-08,469,0.783193959098669,0.932100445866933,-0.14890648676826396
2021-04-09,472,0.7837775553705627,0.925109346476007,-0.1413317911054441
2021-04-12,473,0.7409797014691147,0.8730091578500158,-0.132029456380901
2021-04-13,467,0.8280702917920558,0.9168485462725428,-0.08877825448048686
2021-04-14,471,0.8438690832626169,0.9952810602055256,-0.1514119769429087
2021-04-15,471,0.8041843883112697,0.8668665238223036,-0.06268213551103383
2021-04-16,468,0.7399106063072313,0.828325889889806,-0.08841528358257479
2021-04-19,468,0.7439780246892365,0.8752535298947637,-0.13127550520552728
2021-04-20,473,0.9953427702611253,1.1216816370690559,-0.12633886680793052
2021-04-21,473,0.9088916559951713,1.001588029505672,-0.09269637351050077
2021-04-22,469,0.9797387465703827,1.0904787698039244,-0.11074002323354169
2021-04-23,461,0.833193497250131,0.9113532724744998,-0.07815977522436883
2021-04-26,460,0.954646388485586,1.047983989242334,-0.09333760075674792
2021-04-27,461,1.0741096109537651,1.142870889059127,-0.06876127810536191
2021-04-28,461,1.093381400780794,1.2549733793537279,-0.1615919785729338
2021-04-29,459,1.0982556320028631,1.2418315403870221,-0.14357590838415912
2021-04-30,460,1.2012812318143744,1.3588865233293663,-0.15760529151499206
2021-05-03,456,1.1216839048833962,1.2592533580350769,-0.1375694531516806
2021-05-04,453,0.8781543980027529,1.0186956007624428,-0.14054120275968998
2021-05-05,449,1.0707834832486791,0.9932159960246713,0.0775674872240078
2021-05-06,440,0.8815398881721289,0.8758366431846001,0.005703244987528849
2021-05-07,440,0.7723913221709993,0.7766492484886727,-0.00425792631767341
2021-05-10,444,0.7768284246929349,0.8174983977679878,-0.040669973075052934
2021-05-11,439,0.734493987764626,0.8238566690716478,-0.08936268130702182
2021-05-12,437,0.7493253490167928,1.3023683247567774,-0.5530429757399846
2021-05-13,446,0.8357359307214718,0.8889977324946239,-0.05326180177315201
2021-05-14,450,0.7503046417964907,0.8144498136577236,-0.06414517186123302
2021-05-17,445,0.8240479054038253,0.9618026507395108,-0.13775474533568552
2021-05-18,448,0.815075310666988,0.9017574954419736,-0.08668218477498561
2021-05-19,452,0.7756908852948564,0.9430033905184346,-0.16731250522357818
2021-05-20,442,0.7473862868820713,0.9092774363824551,-0.1618911495003837
2021-05-21,430,0.7271694016888933,0.8500506149553552,-0.12288121326646183
2021-05-24,430,0.770037847258908,0.9090539443420287,-0.13901609708312074
2021-05-25,429,0.8307510546140289,0.9814360144415201,-0.15068495982749125
2021-05-26,417,0.8013876617549194,0.9026614318970018,-0.1012737701420824
2021-05-27,436,0.7719704048434833,0.8897263170427278,-0.11775591219924429
2021-05-28,448,0.8425073396458729,0.9289888650599226,-0.08648152541404959
2021-06-01,449,0.7816731011134059,0.9084534939492331,-0.12678039283582726
2021-06-02,448,0.7689073351490479,0.8319806711944467,-0.06307333604539885
2021-06-03,453,0.8809541105989178,1.0078562589359004,-0.12690214833698263
2021-06-04,451,0.7820268125248099,0.8450631260172783,-0.0630363134924684
2021-06-07,433,0.7934614418425946,0.867057459213554,-0.07359601737095943
2021-06-08,430,0.754522616608278,0.8010117644320668,-0.04648914782378868
2021-06-09,434,0.7136248138202032,0.7616695440971125,-0.04804473027690936
2021-06-10,441,0.9332588326268084,0.9055421608477908,0.027716671779017626
2021-06-11,441,1.373383332408284,1.2094690562043444,0.16391427620393978
2021-06-14,462,0.8194800447241564,0.82236897097006,-0.0028889262459035614
2021-06-15,470,0.8889425913297833,0.8952054783925796,-0.006262887062796326
2021-06-16,471,0.8017216806834042,0.846527427794855,-0.044805747111450765
2021-06-17,467,0.6923186418456281,0.9751882680897815,-0.2828696262441534
2021-06-18,466,1.0250411681025562,1.1832576192244648,-0.15821645112190869
2021-06-21,468,0.7365107718727949,0.9329478299531457,-0.19643705808035078
2021-06-22,450,0.735906700612386,0.8446768713835063,-0.10877017077112025
2021-06-23,443,0.6850760316577073,0.7324632199713718,-0.04738718831366445
2021-06-24,442,0.5982303162823155,0.6979462931680049,-0.09971597688568942
2021-06-25,440,0.5925155121912914,0.7002654376713447,-0.1077499254800533
2021-06-28,437,0.6062513183204712,0.8288740469054648,-0.22262272858499368
2021-06-29,454,0.6869454003057444,0.7464960138956264,-0.05955061358988202
2021-06-30,456,0.8093823920984776,0.8533009203685112,-0.04391852827003371
2021-07-01,460,0.6568432789776468,0.7228191689405975,-0.06597588996295067
2021-07-02,466,0.6088686785935178,0.6753991031136124,-0.0665304245200947
2021-07-06,470,0.5579398251181168,0.6522061976885383,-0.09426637257042136
2021-07-07,464,0.5858401069807416,0.6355170378079967,-0.04967693082725512
2021-07-08,468,0.6581975389140381,0.7077747883287129,-0.049577249414674875
2021-07-09,471,0.9253017940652141,0.8288620136655884,0.09643978039962567
2021-07-12,470,1.40054140624589,1.3714663900438884,0.029075016202001678
2021-07-13,465,0.8214703796150132,0.8246545723096284,-0.003184192694615002
2021-07-14,471,0.6274987855081648,0.7027787180537095,-0.07527993254554467
2021-07-15,470,0.7166957648980754,0.8115398648597674,-0.09484409996169202
2021-07-16,469,0.7934373891382304,1.1576984322117982,-0.36426104307356777
2021-07-19,467,1.2146862640152807,1.6293072550967203,-0.41462099108143946
2021-07-20,471,0.7256258970795347,1.0161726129113733,-0.2905467158318386
2021-07-21,471,0.6858383116814479,0.8061313592290961,-0.1202930475476481
2021-07-22,465,0.8122835836827067,0.9560812827398206,-0.14379769905711393
2021-07-23,454,0.74038708048014,0.8336238487740399,-0.09323676829389994
2021-07-26,456,0.7937075282696663,0.9105274242579815,-0.11681989598831521
2021-07-27,457,0.9606673020856511,1.0704546371285202,-0.1097873350428691
2021-07-28,457,0.9996432816085387,1.0732364651088122,-0.07359318350027345
2021-07-29,461,0.8902276484892255,0.967822250651414,-0.0775946021621884
2021-07-30,468,0.8182063533302578,0.9164185581494864,-0.0982122048192285
2021-08-02,459,0.8308382775325435,1.080667662754781,-0.2498293852222376
2021-08-03,458,0.8444405624071484,0.919020207432725,-0.07457964502557655
2021-08-04,454,1.0963941536806727,1.2350335283083396,-0.13863937462766696
2021-08-05,438,0.8869816061093192,0.8801364867702512,0.00684511933906807
2021-08-06,435,0.7322619241519255,0.7266155155124608,0.005646408639464735
2021-08-09,443,0.7330933110221963,0.7291668338692138,0.00392647715298256
2021-08-10,434,0.7718182198395145,0.7935126261249001,-0.02169440628538567
2021-08-11,433,0.8931108609697059,0.9430563957572793,-0.0499455347875734
2021-08-12,444,1.0455019609182314,1.1491421962640171,-0.10364023534578573
2021-08-13,448,0.8561216200611247,0.8958908020558856,-0.03976918199476102
2021-08-16,446,0.6349933769645899,0.6090844428224121,0.025908934142177844
2021-08-17,454,0.711479500968202,0.7006705850675815,0.010808915900620511
2021-08-18,456,0.8205945331475166,0.7613967491507083,0.05919778399680832
2021-08-19,462,0.8664828826072047,0.9146910832096055,-0.04820820060240074
2021-08-20,462,1.0319880697772503,0.9290384531946916,0.10294961658255862
2021-08-23,456,0.7169473452141937,0.7709568547605798,-0.054009509546386156
2021-08-24,435,0.6077213825623566,0.6052151277321323,0.0025062548302243336
2021-08-25,436,0.6731975338677535,0.668463298125705,0.0047342357420483375
2021-08-26,425,0.7397612592042979,0.692699487681622,0.04706177152267585
2021-08-27,425,0.7125013924741552,0.7239029212312019,-0.011401528757046683
2021-08-30,429,0.690182099981903,0.6865323427084349,0.0036497572734682147
2021-08-31,447,0.7096188151274148,0.7036313837463661,0.005987431381048631
2021-09-01,434,0.7017609750118237,0.6962417276040325,0.005519247407791139
2021-09-02,447,0.932598419662704,0.9908659625471345,-0.05826754288443057
2021-09-03,449,0.8628924318430751,0.9492174768949037,-0.0863250450518287
2021-09-07,429,0.8324121435548513,0.8406867486500972,-0.008274605095245902
2021-09-08,426,0.8376289866202599,0.801664023728707,0.035964962891552675
2021-09-09,438,0.7421458302893441,0.7394366295038991,0.002709200785445054
2021-09-10,439,0.7737896523413332,0.8948723841843861,-0.1210827318430528
2021-09-13,440,0.9518688578164344,1.0527442898746169,-0.10087543205818256
2021-09-14,463,0.876277713044679,1.0278519173300984,-0.15157420428541937
2021-09-15,470,0.8702382731025481,0.8364715719633543,0.03376670113919373
2021-09-16,468,0.7169007595349725,0.7214990958379732,-0.0045983363030008256
2021-09-17,467,0.7444904045439651,0.7489914702829037,-0.004501065738938561
2021-09-20,467,1.1967249828785644,1.1346169917438356,0.06210799113472886
2021-09-21,469,1.2395967147556037,1.2777141795111249,-0.038117464755521045
2021-09-22,449,1.032695769470166,1.077015798339547,-0.04432002886938132
2021-09-23,443,1.225051545037511,1.4007352595835054,-0.17568371454599435
2021-09-24,444,1.1253875084147573,1.2193008539290737,-0.09391334551431645
2021-09-27,440,1.2342541243970517,1.413909804035838,-0.17965567963878623
2021-09-28,437,0.7511868235572007,0.7508247063503607,0.00036211720683994916
2021-09-29,457,0.749077496959733,0.7469433436783905,0.0021341532813424114
2021-09-30,458,0.8606100824420398,0.7576584642566189,0.10295161818542098
2021-10-01,458,0.7677790568501883,0.7910973999082298,-0.023318343058041435
2021-10-04,464,0.7786640989476175,0.7666722338904371,0.011991865057180192
2021-10-05,468,0.741375993032478,0.7298486909276534,0.011527302104824546
2021-10-06,466,0.7525786757499244,0.7461242834848021,0.006454392265122321
2021-10-07,469,0.7191201546221188,0.693137718331354,0.02598243629076484
2021-10-08,470,0.7711917057070594,0.7662425180775428,0.004949187629516603
2021-10-11,470,0.9576624336281823,0.9306903240529782,0.02697210957520409
2021-10-12,469,1.0741330189430904,1.0533569959829094,0.020776022960180884
2021-10-13,471,1.1311983905460536,1.0864425307708712,0.044755859775182406
2021-10-14,474,0.8411216187813383,0.8543754738034091,-0.013253855022070857
2021-10-15,474,0.8686490418081715,0.8738226026524796,-0.005173560844308215
2021-10-18,473,0.8792297560482794,0.8827209232970636,-0.0034911672487841984
2021-10-19,473,0.796338358973461,0.8033446404760924,-0.007006281502631449
2021-10-20,473,0.9044765048303255,0.902932690602984,0.0015438142273414936
2021-10-21,470,0.8843862518267147,0.8822052942654965,0.0021809575612181664
2021-10-22,458,0.9851055484696475,1.0017178796236408,-0.016612331153993253
2021-10-25,456,0.9260613572227774,0.9269289658194466,-0.0008676085966692048
2021-10-26,455,1.0347346838625524,1.046927801609043,-0.012193117746490775
2021-10-27,456,1.1652582476816242,1.133468281115026,0.0317899665665982
2021-10-28,455,1.1182038300112591,1.1073079980773604,0.010895831933898687
2021-10-29,464,1.3102051627040283,1.3968027020542453,-0.08659753935021687
2021-11-01,465,1.0370979761382484,1.0450485945847534,-0.007950618446504833
2021-11-02,458,1.0221580598647801,1.009059655286201,0.013098404578578964
2021-11-03,439,0.8438684333448112,0.8618669290544867,-0.017998495709675467
2021-11-04,448,0.7789276949825057,0.7848638378780584,-0.005936142895552657
2021-11-05,436,0.8066556781336848,0.8050133967663751,0.0016422813673098156
2021-11-08,432,0.7511725539548997,0.7545113671900091,-0.0033388132351094284
2021-11-09,435,0.7500247194519405,0.789172132595889,-0.03914741314394848
2021-11-10,448,0.7750933848899834,0.8288544907919133,-0.053761105901929854
2021-11-11,433,0.8063668788985374,0.8100122892769182,-0.003645410378380799
2021-11-12,446,0.9239873033866455,0.8780174001991726,0.0459699031874728
2021-11-15,445,0.8757090646017356,0.8166477891549987,0.05906127544673693
2021-11-16,447,0.8313093417106433,0.7844950678459107,0.04681427386473259
2021-11-17,446,0.7814741845617632,0.76225719788276,0.019216986679003262
2021-11-18,457,1.1201925542269062,1.1032880389788005,0.016904515248105795
2021-11-19,450,0.8847793113960579,0.9345816234680846,-0.04980231207202656
2021-11-22,437,1.4519669022066122,1.0864105889769573,0.3655563132296549
2021-11-23,436,1.986784379893216,1.2793573147140376,0.7074270651791785
2021-11-24,425,1.2386500017602113,1.224554214502246,0.01409578725796557
2021-11-26,426,0.9215697594677955,0.9489861487216503,-0.027416389253854805
2021-11-29,432,0.9290350149901528,1.023163468161791,-0.09412845317163818
2021-11-30,448,1.2419995989439705,1.298278975885394,-0.05627937694142377
2021-12-01,450,1.672892927143609,1.1874463718309047,0.48544655531270425
2021-12-02,452,0.9120777445255956,0.8848325379304139,0.02724520659518172
2021-12-03,453,1.108158833227449,1.096764718557492,0.01139411466995696
2021-12-06,453,0.8183889848660282,0.7992692550131918,0.019119729852836446
2021-12-07,436,0.9093774548177505,0.9793953938032754,-0.07001793898552498
2021-12-08,434,0.9567350619045142,0.9858173524752084,-0.029082290570694294
2021-12-09,443,1.0373895346316635,1.0597177820364716,-0.022328247404807995
2021-12-10,440,1.029279735351482,1.0302057958436055,-0.0009260604921233123
2021-12-13,440,1.0349227647983994,1.0009638962110894,0.03395886858730988
2021-12-14,457,0.7465091452761016,0.7583671718205282,-0.011858026544426524
2021-12-15,458,0.8274726022807037,0.818073536413563,0.009399065867140802
2021-12-16,464,0.9290989354036698,0.9049910431046431,0.02410789229902671
2021-12-17,467,1.0458769763811206,1.0210120822205584,0.024864894160562364
2021-12-20,471,1.4370526559405694,1.527686987118854,-0.09063433117828462
2021-12-21,474,0.9091284412927194,0.754841604480394,0.1542868368123256
2021-12-22,463,0.672456612580772,0.5241384739399466,0.1483181386408254
2021-12-23,453,0.635553223721203,0.5886049949918778,0.046948228729325345
2021-12-27,452,0.6337055333760377,0.5967495233788527,0.036956009997185034
2021-12-28,449,0.8900396905968616,0.8929293090765266,-0.0028896184796650005
2021-12-29,448,1.2286031421753256,1.3162528146874697,-0.08764967251214406
2021-12-30,456,1.3947911997201796,1.4882235952277303,-0.09343239550755078
2021-12-31,460,1.7926968543932629,1.9462346600965184,-0.1535378057032555
2022-01-03,464,1.4141691032636738,1.3410796953240223,0.07308940793965153
2022-01-04,467,1.0725000362035855,1.0089831913385678,0.06351684486501773
2022-01-05,468,0.8625308990930545,1.1102389392754006,-0.24770804018234627
2022-01-06,470,0.8965421641109025,1.0934837808964764,-0.19694161678557381
2022-01-07,474,0.906780066299885,0.9035073980595812,0.003272668240303678
2022-01-10,471,1.0049188569349465,0.9940793387802617,0.010839518154684953
2022-01-11,469,1.3296053758750086,1.343832180554674,-0.01422680467966549
2022-01-12,463,1.681188166311542,1.6331163683393493,0.04807179797219292
2022-01-13,469,1.9551504103938602,1.3399402456317249,0.6152101647621353
2022-01-14,472,1.6359775025402667,1.1754399589095483,0.46053754363071847
2022-01-18,474,1.4844338393905545,1.056073435772346,0.42836040361820854
2022-01-19,474,1.4152710703749856,1.1743506914468234,0.24092037892816218
2022-01-20,480,1.3719584409892704,1.4685339464911031,-0.09657550550183275
2022-01-21,470,0.9649056418515197,1.132205595650344,-0.16729995379882448
2022-01-24,463,0.9035214152556785,0.9294653150228671,-0.025943899767188555
2022-01-25,463,1.215500712399324,1.1404675211089077,0.0750331912904164
2022-01-26,463,1.564351579022991,1.504584452482128,0.05976712654086287
2022-01-27,458,1.2957283586594306,1.0368682153816338,0.2588601432777968
2022-01-28,463,1.0130640806030566,0.9713912272719459,0.041672853331110836
2022-01-31,465,1.0527558508087267,1.1635190324748257,-0.11076318166609908
2022-02-01,464,1.059529856184808,1.0771632903395205,-0.017633434154712465
2022-02-02,459,1.0015460914345835,0.9973520191041334,0.0041940723304501205
2022-02-03,452,1.1007689799247844,1.0775613656728538,0.02320761425193055
2022-02-04,449,0.9320347660199089,0.968508541489208,-0.036473775469298905
2022-02-07,446,0.9199517698798146,0.8121604009809261,0.10779136889888859
2022-02-08,441,0.9334912572602218,0.913966573358719,0.019524683901502783
2022-02-09,445,1.1241744046698712,1.3862572521446548,-0.2620828474747837
2022-02-10,441,1.149120228541511,1.42578289314055,-0.27666266459903927
2022-02-11,441,0.9738743762042947,1.3113772464234776,-0.337502870219183
2022-02-14,445,0.9513897895630098,1.4764372245140327,-0.5250474349510229
2022-02-15,451,1.7002907586579756,2.183307817814329,-0.483017059156353
2022-02-16,442,1.4664088667190376,1.9051493411798652,-0.43874047446082776
2022-02-17,445,0.9326951449991367,1.0763836836625889,-0.14368853866345202
2022-02-18,439,1.1567019117403956,1.1891929604701084,-0.032491048729712535
2022-02-22,436,1.5029556177375873,1.5998343421023493,-0.09687872436476207
2022-02-23,433,1.6820140677389992,1.3899234316955167,0.2920906360434826
2022-02-24,435,1.3869664729309321,1.3220419254731532,0.06492454745777888
2022-02-25,441,1.7191698634555894,1.7435237902218823,-0.024353926766293
2022-02-28,451,2.2692200762054897,2.5627184885870116,-0.2934984123815221
2022-03-01,453,1.6270932450441167,1.6997824497918759,-0.07268920474775925
2022-03-02,440,1.2639453365246163,1.1257923112709833,0.13815302525363296
2022-03-03,436,1.2538277732140555,1.5259448236108757,-0.2721170503968203
2022-03-04,442,1.2804439829742558,1.2406113735210105,0.039832609453245266
2022-03-07,423,1.1948063145349503,1.3082053081447487,-0.11339899360979809
2022-03-08,420,1.1278912652497624,1.3245153157373106,-0.1966240504875483
2022-03-09,432,0.9661033836994319,0.9463453224290964,0.01975806127033553
2022-03-10,440,1.194020450812601,1.2544443371433605,-0.06042388633075945
2022-03-11,440,1.8624030625146364,1.7774542349551896,0.08494882755944676
2022-03-14,460,1.8831385721280756,1.8321494002088279,0.05098917191924781
2022-03-15,468,1.585513889506088,1.3802249495222483,0.20528893998383996
2022-03-16,471,0.9585205637501727,0.9145943485494955,0.04392621520067717
2022-03-17,470,0.9007132636564891,0.832262766144578,0.06845049751191107
2022-03-18,471,1.0093634672103675,1.0066685334056777,0.0026949338046899974
2022-03-21,474,0.8187137881786422,0.7438183350942077,0.07489545308443442
2022-03-22,474,0.9074613038350506,0.8498351822717773,0.05762612156327326
2022-03-23,457,1.0386917496905603,0.9501179940969497,0.08857375559361047
2022-03-24,454,0.877293687091359,0.8885643941767515,-0.011270707085392462
2022-03-25,452,1.0068353871205662,1.0399081387696005,-0.033072751649034324
2022-03-28,449,0.8728793287766913,0.8568545531675732,0.016024775609118108
2022-03-29,444,1.1985294173278507,1.4755458456069661,-0.2770164282791155
2022-03-30,463,1.2584513015237575,1.5426351726097274,-0.2841838710859697
2022-03-31,463,1.1134826244571532,1.267181296065788,-0.15369867160863457
2022-04-01,460,1.1172827286899962,1.2716630841968444,-0.1543803555068483
2022-04-04,463,1.2921302235426912,1.5897246853971125,-0.2975944618544215
2022-04-05,466,1.0950536215929987,1.0551793599208934,0.039874261672105164
2022-04-06,461,0.8440301086558673,0.8176203142027939,0.0264097944530733
2022-04-07,470,1.0102291477972056,0.970675245985572,0.039553901811633776
2022-04-08,476,1.0055054814888336,0.9499955296536203,0.05550995183521321
2022-04-11,473,0.926277681628905,1.148835717129394,-0.22255803550048894
2022-04-12,474,1.086253978248139,1.0278091500364848,0.05844482821165426
2022-04-13,476,1.02636025309993,1.0547261275722613,-0.02836587447233125
2022-04-14,476,1.1434305052471254,1.1150845413785877,0.028345963868537504
2022-04-18,474,1.1198209599363933,1.0952775549270581,0.024543405009335464
2022-04-19,475,1.9690040341633401,2.248839592157326,-0.27983555799398574
2022-04-20,476,2.1291017845804445,2.2377051291265433,-0.10860334454609863
2022-04-21,474,1.3596964141968444,1.242060896924245,0.11763551727259942
2022-04-22,464,1.3814755820827174,1.3319987144018572,0.04947686768086015
2022-04-25,465,1.4336299434593358,1.6619848700689532,-0.22835492660961748
2022-04-26,467,1.148354067079436,1.1334663261096014,0.014887740969834704
2022-04-27,466,1.3807462612825079,1.28400265894324,0.09674360233926793
2022-04-28,467,1.4278007938625705,2.0895689013769125,-0.661768107514342
2022-04-29,471,1.3329838733616846,1.5663906184110026,-0.23340674504931821
2022-05-02,464,1.9069202045926004,2.743640918251144,-0.8367207136585436
2022-05-03,462,1.927507707787967,2.7372975889284765,-0.8097898811405094
2022-05-04,459,3.050081059111448,2.6293366528449136,0.42074440626653425
2022-05-05,448,1.8454278644983866,1.627154916771655,0.2182729477267316
2022-05-06,440,1.0510424124493605,0.9530077900113401,0.0980346224380204
2022-05-09,445,0.9282386314699874,1.486966887744898,-0.5587282562749107
2022-05-10,440,1.1409913433461958,1.1530849904919487,-0.0120936471457531
2022-05-11,437,1.1115516970260595,1.747088243368068,-0.6355365463420085
2022-05-12,441,1.143671906315083,1.293492854640314,-0.14982094832523074
2022-05-13,454,1.271550292284346,1.2470544371869556,0.02449585509739037
2022-05-16,451,1.1223629286701493,1.1080789348797864,0.014283993790362994
2022-05-17,451,1.5252435226367766,1.4370459442219126,0.08819757841486414
2022-05-18,457,1.036018002204379,2.7338039769549876,-1.6977859747506088
2022-05-19,460,1.2960966013768853,2.131261109137281,-0.8351645077603954
2022-05-20,447,1.9312710423905264,2.080565717354151,-0.14929467496362486
2022-05-23,436,1.237429925634913,1.4344647165269029,-0.19703479089198972
2022-05-24,438,1.3478579560713515,1.5719564263369534,-0.22409847026560192
2022-05-25,424,1.5494357950102347,1.3798134503340072,0.1696223446762277
2022-05-26,431,0.9055190051515162,0.8909578512332459,0.014561153918270281
2022-05-27,443,0.9385883469874956,0.8395982937158207,0.09899005327167489
2022-05-31,454,0.8918820480145486,0.8415805292639698,0.05030151875057887
2022-06-01,454,0.8449017143778688,0.7880584150261717,0.05684329935169715
2022-06-02,453,1.3405716753084327,1.693048352297768,-0.3524766769893351
2022-06-03,455,1.6832455495930003,2.216425686752408,-0.5331801371594079
2022-06-06,455,3.1308004230454483,3.995858973055334,-0.865058550009886
2022-06-07,436,3.770093635971002,4.737022168939086,-0.9669285329680842
2022-06-08,436,2.8060157244136295,3.177150871494332,-0.3711351470807024
2022-06-09,446,3.349721280399951,3.841646938297803,-0.49192565789785203
2022-06-10,444,2.3201721499028425,3.116567620283033,-0.7963954703801907
2022-06-13,444,1.1284600428515,1.4762717059561463,-0.3478116631046465
2022-06-14,467,1.1735777452328378,1.360465158448904,-0.18688741321606622
2022-06-15,467,1.412433144708272,1.4776918408362358,-0.06525869612796373
2022-06-16,470,2.235121105459047,3.696612913737556,-1.4614918082785084
2022-06-17,472,1.8215701889766849,2.2304828587186845,-0.4089126697419999
2022-06-21,475,0.9876439203045974,1.0665757716495374,-0.07893185134494007
2022-06-22,459,0.8917459556517604,1.1054993949979046,-0.21375343934614413
2022-06-23,449,0.8691564632908018,0.9974252943716976,-0.12826883108089576
2022-06-24,449,1.1314314121373459,1.2681097615786172,-0.13667834944127122
2022-06-27,446,1.038889273364335,1.1343731433098811,-0.09548386994554624
2022-06-28,443,1.0807512924684444,1.1461868332328293,-0.06543554076438514
2022-06-29,454,0.9081414159434721,0.8214680929884831,0.08667332295498895
2022-06-30,463,0.9481905269908598,0.9181102048918687,0.030080322098991075
2022-07-01,466,0.8579804489694685,0.871682409642578,-0.013701960673109574
2022-07-05,470,0.7728313282512528,0.8559206717588157,-0.0830893435075629
2022-07-06,472,0.8672864446332186,0.8335165953622908,0.03376984927092766
2022-07-07,473,1.1960467648637239,1.5250031322359576,-0.32895636737223394
2022-07-08,478,0.8652874577872967,1.0679055669015804,-0.20261810911428368
2022-07-11,477,0.9340332188398256,0.8715640457443461,0.062469173095479454
2022-07-12,474,1.1257803872823136,0.9420557558236533,0.1837246314586601
2022-07-13,473,1.5601104094048857,1.2981472827057483,0.2619631266991373
2022-07-14,473,2.0437493520895256,1.6999163519297262,0.3438330001597992
2022-07-15,473,1.2360205161271147,1.2658797292796242,-0.029859213152509646
2022-07-18,475,1.333485413120403,1.0872483750064588,0.2462370381139442
2022-07-19,476,0.9240839725941031,0.8902854561859302,0.03379851640817303
2022-07-20,477,1.011967379710223,0.9258437117650673,0.08612366794515579
2022-07-21,474,1.1882638009416095,1.0700268975238079,0.11823690341780169
2022-07-22,461,1.5485615115639166,1.3360666425116252,0.21249486905229142
2022-07-25,460,1.4222197900695472,1.5773875626444416,-0.15516777257489434
2022-07-26,463,1.575926517103447,1.7038014030546,-0.12787488595115276
2022-07-27,462,1.3764902830949663,1.2295718732484533,0.14691840984651314
2022-07-28,465,1.1595284065207867,1.11163601459748,0.04789239192330679
2022-07-29,474,1.079096504377679,1.0546821623030858,0.02441434207459307
2022-08-01,470,1.0471698313812443,0.9893137146329365,0.05785611674830795
2022-08-02,464,0.9454519503224221,0.9272509463408537,0.018201003981568403
2022-08-03,462,1.0350546852419025,0.9385818515501412,0.09647283369176124
2022-08-04,452,1.1736939660413406,1.086477588599097,0.0872163774422437
2022-08-05,442,1.2918805542241483,1.1100039846780319,0.18187656954611645
2022-08-08,445,1.180809438241838,0.9711591571365396,0.20965028110529857
2022-08-09,441,1.3938687607916254,1.1411715329498864,0.2526972278417389
2022-08-10,436,0.8366431464434186,1.0890453421917852,-0.25240219574836653
2022-08-11,438,0.830132011170247,0.7384452618847149,0.09168674928553226
2022-08-12,450,0.9369774831195197,0.8434825091586764,0.09349497396084323
2022-08-15,448,1.3823163902740134,1.6969722947717774,-0.314655904497764
2022-08-16,455,1.5575028752287765,1.8458949173856123,-0.2883920421568358
2022-08-17,460,1.2306863318459875,1.2299249487210662,0.0007613831249212726
2022-08-18,469,0.9255843763561358,1.0137287219599223,-0.08814434560378662
2022-08-19,468,1.3451572370017617,1.0349092531589548,0.31024798384280694
2022-08-22,468,1.0438471980787514,0.8706556461207186,0.17319155195803285
2022-08-23,456,1.0672361562774635,0.9834877088333284,0.08374844744413511
2022-08-24,443,1.355749646662443,1.5138077393636684,-0.15805809270122556
2022-08-25,434,1.812911661114863,2.006266379575596,-0.19335471846073282
2022-08-26,434,1.1396165560790121,1.136053115469584,0.0035634406094281024
2022-08-29,430,1.1112701983957407,1.2166788177093708,-0.10540861931363028
2022-08-30,440,0.8138413527682046,0.8284087642887343,-0.014567411520529738
2022-08-31,439,0.9554616813807746,0.8792501660817065,0.076211515299068
2022-09-01,449,1.0799058825069794,0.7895757580741755,0.29033012443280415
2022-09-02,454,1.539877365277518,1.3139246130539968,0.22595275222352096
2022-09-06,456,0.818139379172693,0.7744697598124513,0.04366961936024183
2022-09-07,438,0.9323510223126893,0.8793959410946229,0.05295508121806635
2022-09-08,444,1.1378112630396737,1.326628873002833,-0.18881760996315952
2022-09-09,446,1.6444809459358318,1.6644587197647231,-0.019977773828891505
2022-09-12,443,1.6716173406642125,1.7211819666820054,-0.04956462601779304
2022-09-13,446,1.1561778504339524,1.097581644349007,0.0585962060849454
2022-09-14,465,1.4835782184964044,1.414268904384324,0.06930931411208022
2022-09-15,474,1.6904349442013427,1.7059155981219856,-0.015480653920642757
2022-09-16,472,1.817633997700307,2.4170487692740243,-0.5994147715737169
2022-09-19,474,2.5751336498491733,3.413804393452079,-0.838670743602906
2022-09-20,476,2.1157901969102215,1.7518545095021825,0.36393568740803944
2022-09-21,479,1.1448992858349043,1.0177385472377938,0.12716073859711044
2022-09-22,458,1.276897529964006,1.9449235886476794,-0.6680260586836735
2022-09-23,453,1.2122765483184077,1.5863018861799232,-0.37402533786151554
2022-09-26,451,1.0981409341782593,1.1328346401496279,-0.0346937059713687
2022-09-27,449,1.8398636899392937,1.2313618307795702,0.6085018591597234
2022-09-28,448,1.2219030589168063,1.47994293685198,-0.25803987793517386
2022-09-29,458,1.4200037274642374,1.1442353945267922,0.2757683329374451
2022-09-30,463,1.195942112920422,1.1472183637503428,0.048723749170079066
2022-10-03,466,1.0578359181049752,1.2120031257387927,-0.15416720763381744
2022-10-04,468,1.797520885820269,1.288658552750144,0.5088623330701247
2022-10-05,468,1.844446717654514,1.899639426532942,-0.05519270887842799
2022-10-06,476,1.141462328038893,1.299467945873249,-0.15800561783435604
2022-10-07,477,1.1052428456939491,1.195162455013808,-0.08991960931985886
2022-10-10,476,0.8741676371562168,1.021637140404533,-0.1474695032483161
2022-10-11,475,1.0886936641797365,0.8520172572564716,0.23667640692326508
2022-10-12,477,1.0763241860000548,0.9196542890155417,0.15666989698451306
2022-10-13,476,0.9472932052182561,0.9456374547129413,0.001655750505314881
2022-10-14,478,1.459578677701238,1.803968108748036,-0.3443894310467979
2022-10-17,479,1.1898025210888479,1.3301308366586548,-0.140328315569807
2022-10-18,480,1.219729039907468,1.2230732115788379,-0.003344171671369515
2022-10-19,478,1.484366875232186,1.3430167476540327,0.14135012757815316
2022-10-20,482,1.9120545063259644,1.6468045618622766,0.2652499444636878
2022-10-21,475,1.9625314809625023,2.522835671195863,-0.5603041902333609
2022-10-24,465,1.5310715915468867,1.570799819563921,-0.03972822801703422
2022-10-25,464,1.3157052255609716,1.3898975780485885,-0.0741923524876169
2022-10-26,466,1.2181560179569735,1.3356072346161711,-0.1174512166591976
2022-10-27,462,1.3489548436047012,1.4783586068258547,-0.12940376322115343
2022-10-28,462,1.4224580682632313,1.4886757034350522,-0.06621763517182123
2022-10-31,469,1.3317429992810945,1.408523932417423,-0.07678093313632857
2022-11-01,468,1.2867477318612064,1.3556817016412162,-0.0689339697800095
2022-11-02,450,1.1913562091931758,1.2253170235280975,-0.03396081433492158
2022-11-03,445,2.399428948921309,2.426377087072002,-0.02694813815069312
2022-11-04,453,2.3190085264867557,2.3947162885875826,-0.07570776210082679
2022-11-07,441,1.7271050296112513,1.7927529538618847,-0.06564792425063351
2022-11-08,437,1.861879110160045,1.9426615423023514,-0.08078243214230671
2022-11-09,445,1.8939671919108574,2.3059837654056756,-0.41201657349481813
2022-11-10,442,0.9066499997155226,0.9192227376945318,-0.01257273797900912
2022-11-11,438,1.028534978364791,0.9461224361930157,0.08241254217177538
2022-11-14,447,0.9913699113820348,0.9861508223692783,0.005219089012756585
2022-11-15,447,1.0420410969056284,1.0238882829103364,0.01815281399529206
2022-11-16,451,0.9356951311447239,0.9063638894989903,0.029331241645733648
2022-11-17,460,0.9833422981006438,1.0409431808177765,-0.05760088271713271
2022-11-18,463,0.7611052571672731,0.7181088516448833,0.04299640552238979
2022-11-21,459,0.7602978295678104,0.7296247956603098,0.030673033907500726
2022-11-22,443,0.863185485628805,0.8410132143132116,0.022172271315593413
2022-11-23,433,0.8220664258241547,0.7919489556051826,0.030117470218971914
2022-11-25,435,0.8476114668711204,0.8030986376130362,0.04451282925808419
2022-11-28,434,0.8747152734186108,0.9019036665356249,-0.02718839311701411
2022-11-29,438,0.9594203892143965,0.9231358804742872,0.03628450874010931
2022-11-30,457,1.26856114904548,1.0015907658356797,0.2669703832098003
2022-12-01,457,1.1635142302810026,1.100540588621151,0.06297364165985167
2022-12-02,458,1.2203207724159004,1.1480133319306114,0.07230744048528907
2022-12-05,459,0.8460678912266809,0.787347477146203,0.05872041408047785
2022-12-06,458,0.9837592697031585,1.0069742370413195,-0.02321496733816083
2022-12-07,443,0.9307732065619814,0.9000024214210622,0.03077078514091914
2022-12-08,447,0.942443171229681,0.8933256560620644,0.0491175151676166
2022-12-09,443,0.9552919162723366,0.9794119545997639,-0.02412003832742754
2022-12-12,439,1.4122715091018747,1.1619635208168888,0.25030798828498596
2022-12-13,443,1.536669853578491,1.2008833629153153,0.3357864906631758
2022-12-14,457,1.1188889858069184,0.9338775735358715,0.18501141227104703
2022-12-15,469,0.8930076997014554,0.8735157832164049,0.019491916485050612
2022-12-16,474,0.7795748274465922,0.8571621287786819,-0.07758730133208956
2022-12-19,476,0.8276255266370083,0.8988217649813357,-0.07119623834432752
2022-12-20,478,0.7820057460667527,0.864263077631296,-0.08225733156454332
2022-12-21,463,0.7126123608348072,0.6720005340156897,0.04061182681911757
2022-12-22,449,0.6735027357220185,0.7421800567975126,-0.06867732107549407
2022-12-23,450,0.7795936831133403,0.7682036949246006,0.011389988188739769
2022-12-27,450,0.9364989009260967,1.1121491610865646,-0.1756502601604678
2022-12-28,442,1.026350997605027,1.0068536970820914,0.019497300522935485
2022-12-29,459,1.0994238973634949,1.696225472256549,-0.5968015748930542
2022-12-30,466,1.203412600537404,1.2122910377218743,-0.008878437184470211
2023-01-03,467,1.3499182251535455,1.821782164719402,-0.47186393956585637
2023-01-04,469,1.1973499277799844,1.4604165536029965,-0.2630666258230122
2023-01-05,472,1.6942122492255614,2.020843657742336,-0.32663140851677447
2023-01-06,471,1.2185676053002334,1.6530638259807102,-0.43449622068047666
2023-01-09,477,1.0690479348100679,1.2917368844791195,-0.2226889496690515
2023-01-10,477,0.9489019275845574,1.0706132583628627,-0.12171133077830523
2023-01-11,470,1.0511799866264595,0.932305838417259,0.11887414820920059
2023-01-12,472,0.8999640411546036,0.9534728061482264,-0.053508764993622795
2023-01-13,476,0.9446206053307086,0.9558092213817413,-0.011188616051032711
2023-01-17,473,0.8022787294243079,0.8101004473615334,-0.007821717937225501
2023-01-18,472,0.9008952500554466,1.153146051385449,-0.2522508013300025
2023-01-19,478,1.3030086921685013,1.5995125384865916,-0.2965038463180903
2023-01-20,482,1.0430445489027655,1.3474448411619857,-0.3044002922592203
2023-01-23,475,0.8309932210721431,0.8407305927029305,-0.00973737163078729
2023-01-24,472,0.913942614844986,1.0970769071704602,-0.18313429232547426
2023-01-25,472,1.1775479787629417,1.3297895301892602,-0.15224155142631848
2023-01-26,470,1.560277077948378,1.8023640296533923,-0.24208695170501393
2023-01-27,466,1.1503938163873875,1.1699475958169905,-0.019553779429603055
2023-01-30,467,1.108816147112707,1.2357228997583185,-0.12690675264561163
2023-01-31,471,0.982548512034385,1.1236941371803457,-0.14114562514596082
2023-02-01,466,0.9268993617440348,0.8811854737503761,0.04571388799365877
2023-02-02,456,1.2413099362980193,1.1827958441197965,0.0585140921782228
2023-02-03,455,1.028946438703455,1.0104741722024464,0.018472266501008697
2023-02-06,456,0.841758563236822,0.8588403158865924,-0.01708175264977039
2023-02-07,448,0.8511406894755952,0.8240059106965827,0.02713477877901262
2023-02-08,447,0.8666460048729239,0.9663052455562856,-0.09965924068336178
2023-02-09,447,0.8060164219630493,0.8391318251495494,-0.033115403186500185
2023-02-10,443,0.8237157804175985,0.8543494121476025,-0.030633631730003844
2023-02-13,445,1.1017976402171106,0.9518871321856637,0.14991050803144707
2023-02-14,452,1.1129806543516456,0.9905506866137157,0.12242996773793005
2023-02-15,445,1.171961437789643,0.9821608444094977,0.18980059338014532
2023-02-16,452,1.1718736096297064,0.9861019920280472,0.18577161760165933
2023-02-17,447,1.1028463935152222,0.9195981459395107,0.18324824757571162
2023-02-21,435,0.8893115621066892,0.8693651449537568,0.01994641715293221
2023-02-22,435,0.9596103151013011,0.9758527741616189,-0.0162424590603178
2023-02-23,437,0.819249187392924,0.8486474155998137,-0.029398228206889816
2023-02-24,437,0.8908753404256536,0.8885282631943727,0.002347077231280959
2023-02-27,447,0.7708204910227722,0.7540003354525004,0.016820155570271656
2023-02-28,456,0.7947144828981201,0.81766344298146,-0.022948960083339985
2023-03-01,454,0.7746768220483398,0.8377137257190854,-0.06303690367074569
2023-03-02,442,1.0159735385818682,0.8613988928302274,0.1545746457516408
2023-03-03,445,1.9427805704093646,1.711559986944542,0.2312205834648226
2023-03-06,448,2.1649109289924566,1.7703824259023526,0.3945285030901043
2023-03-07,427,1.4889860586826238,1.2340094007855513,0.2549766578970724
2023-03-08,431,2.051618385719629,1.8521749019425247,0.19944348377710472
2023-03-09,439,1.3371822568851472,1.293403451426549,0.043778805458598066
2023-03-10,438,1.3832057352212606,1.3833482694249264,-0.00014253420366587118
2023-03-13,438,0.878917598300702,0.8766371875716102,0.0022804107290917766
2023-03-14,462,0.7650187638349382,0.8132133589092169,-0.048194595074278763
2023-03-15,461,0.8192169561530027,0.9714339856492401,-0.15221702949623736
2023-03-16,473,0.9355831640927754,1.0737983598686949,-0.1382151957759195
2023-03-17,477,0.7249346169108173,0.9452131317431575,-0.22027851483234018
2023-03-20,479,0.6853786780544456,0.6933739755236278,-0.007995297469182101
2023-03-21,481,0.758764046576826,0.7232344834467396,0.03552956313008641
2023-03-22,484,0.8972881233177771,0.921048125436578,-0.023760002118800902
2023-03-23,465,1.0708811853406481,0.9539672597764656,0.11691392556418247
2023-03-24,458,1.2443246437888866,1.3276097191554272,-0.08328507536654081
2023-03-27,457,1.1033747988990483,1.1611880536522838,-0.05781325475323561
2023-03-28,455,0.9240079127526788,1.111231081691538,-0.18722316893885937
2023-03-29,447,0.8850251138817357,0.9870659981713062,-0.10204088428957062
2023-03-30,458,0.9112710165856314,0.9220411507834303,-0.01077013419779892
2023-03-31,464,0.8714363504473561,0.8269382977426141,0.044498052704742004
2023-04-03,465,0.7918614997104453,0.824172170006526,-0.03231067029608079
2023-04-04,468,0.7215195956285642,0.783457623681359,-0.06193802805279484
2023-04-05,468,0.7085064470511673,0.8309952396797552,-0.12248879262858801
2023-04-06,477,0.7583089109120953,0.8832900197832428,-0.12498110887114755
2023-04-10,478,0.7262058767664151,0.7997745223735824,-0.07356864560716729
2023-04-11,478,0.7268328529264868,0.7741121968393613,-0.04727934391287449
2023-04-12,479,0.7683871088649042,0.8494959090407366,-0.08110880017583236
2023-04-13,479,0.822563634812304,0.8082596850555037,0.014303949756800355
2023-04-14,480,0.804260860478983,0.8070232720904146,-0.002762411611431566
2023-04-17,480,0.7868733833477638,0.7603127350422287,0.026560648305535055
2023-04-18,475,1.1002888997720408,0.9794460260875956,0.12084287368444535
2023-04-19,474,1.1949883229707177,1.0826299318878907,0.11235839108282718
2023-04-20,477,0.9505331834185781,0.921071207788593,0.02946197562998507
2023-04-21,466,0.8763152720183123,0.8982277016264332,-0.021912429608120974
2023-04-24,466,0.8839553664602414,0.887818148109851,-0.0038627816496097714
2023-04-25,469,0.9995286173049389,1.0054092670997588,-0.00588064979481975
2023-04-26,468,1.124380222368204,1.1316593469395977,-0.007279124571393471
2023-04-27,464,1.1972516899556596,1.171570972549229,0.02568071740643057
2023-04-28,470,1.0846451860509634,1.0413065696946184,0.043338616356344985
2023-05-01,468,1.1174072583666828,1.0720297594356505,0.045377498931032295
2023-05-02,463,1.0444512468488696,1.1324520572302885,-0.08800081038141912
2023-05-03,461,1.0703566781757858,1.193769531390764,-0.12341285321497808
2023-05-04,455,0.9689198287889245,1.0738042944876196,-0.10488446569869511
2023-05-05,447,0.9373494889588437,0.959968886276695,-0.022619397317851297
2023-05-08,447,0.8455265973845932,1.0542395115139802,-0.208712914129387
2023-05-09,448,0.9950806337235886,0.9260249421474158,0.0690556915761727
2023-05-10,445,0.908403668655982,0.9472425490568585,-0.0388388804008764
2023-05-11,446,1.0314362067927347,1.136680557689415,-0.10524435089668015
2023-05-12,454,1.0046471691637442,1.2272309787529143,-0.22258380958917015
2023-05-15,452,0.880182681754,0.9610668554401257,-0.08088417368612559
2023-05-16,452,0.9433593881851049,0.9537212049714646,-0.010361816786359656
2023-05-17,456,0.8911297856484724,0.806399956381194,0.0847298292672785
2023-05-18,460,1.1040707350654,0.939657696561233,0.16441303850416705
2023-05-19,455,1.2030280538568345,1.1607981218762855,0.04222993198054873
2023-05-22,450,1.2970751715393662,1.213082207125958,0.08399296441340842
2023-05-23,437,1.150195645124418,1.1017726909975174,0.04842295412690069
2023-05-24,424,1.2093353981993527,1.2529250333660111,-0.043589635166658355
2023-05-25,430,1.0966810157855535,1.1789290062977245,-0.08224799051217097
2023-05-26,439,0.8496951364187261,1.1092539776887562,-0.25955884127003004
2023-05-30,444,1.0084868420825535,1.2613882915566381,-0.2529014494740843
2023-05-31,458,1.4796259101363347,1.8297264827218562,-0.3501005725855215
2023-06-01,458,1.2324456943327733,1.5740003734271728,-0.3415546790943996
2023-06-02,459,0.7640255710303828,0.9425682675995952,-0.17854269656921237
2023-06-05,461,0.9072698600475518,1.0497477868347402,-0.1424779267871885
2023-06-06,459,0.9240068425599574,1.0823907239877006,-0.15838388142774312
2023-06-07,440,0.9488546554991316,1.0617771403855862,-0.11292248488645452
2023-06-08,442,0.9948156437206954,1.132292981231236,-0.13747733751054034
2023-06-09,440,1.0303502983819803,1.2124427809807767,-0.18209248259879643
2023-06-12,437,0.7858734065636798,0.8708222497973652,-0.08494884323368551
2023-06-13,441,0.7433943349961859,0.7415534610621728,0.0018408739340130373
2023-06-14,461,0.7378071548128782,0.7281361717465697,0.00967098306630834
2023-06-15,472,0.9642567447933635,0.8243430984484537,0.13991364634490994
2023-06-16,476,0.8332204848843718,0.7083109946332843,0.12490949025108752
2023-06-20,479,0.7179564876206204,0.7704392595719776,-0.05248277195135718
2023-06-21,482,0.742814743486113,0.8426001756410663,-0.09978543215495322
2023-06-22,465,0.8114581458185562,1.0309487986436,-0.21949065282504365
2023-06-23,459,1.0680582437964594,1.319619639462386,-0.2515613956659266
2023-06-26,455,1.0033019746910476,1.475094462509263,-0.47179248781821537
2023-06-27,452,0.6925350151033135,0.8407617081001655,-0.14822669299685204
2023-06-28,443,0.6438907231068755,0.6754617008753546,-0.03157097776847913
2023-06-29,455,0.6522686889038587,0.6432922244440138,0.00897646445984495
2023-06-30,461,0.6426803552761942,0.6435674397241136,-0.0008870844479194745
2023-07-03,465,0.6706335817140111,0.7323555469898911,-0.06172196527588004
2023-07-05,466,0.8235207326968499,0.9572513025799292,-0.13373056988307933
2023-07-06,470,1.2350129134805412,1.452897149607991,-0.21788423612744984
2023-07-07,475,0.9800892507239102,1.1055479708717315,-0.12545872014782117
2023-07-10,478,0.8655561275756399,0.9862810600976455,-0.12072493252200564
2023-07-11,479,0.8422503846274413,0.9121489331022771,-0.06989854847483581
2023-07-12,479,0.816654458444874,0.9019040451046083,-0.08524958665973431
2023-07-13,476,0.8114781197544944,0.8383075541821219,-0.026829434427627575
2023-07-14,480,0.8609068259172342,0.94412777481633,-0.0832209488990959
2023-07-17,478,0.9647053971256964,1.0222461850846343,-0.05754078795893798
2023-07-18,476,0.8882252884560599,0.9260102953963819,-0.037785006940322004
2023-07-19,475,0.871012030519999,0.8880870947089465,-0.017075064188947595
2023-07-20,480,0.9130793843382139,0.9042827404385252,0.008796643899688712
2023-07-21,470,0.984558557323869,1.0005254593896804,-0.01596690206581135
2023-07-24,464,0.9751221828435849,1.0118739925673295,-0.036751809723744554
2023-07-25,465,0.9855764961481159,0.9874344386741533,-0.0018579425260373593
2023-07-26,467,1.040344878889498,0.9850715613442877,0.05527331754521023
2023-07-27,465,0.9734420604145739,0.9847472790883385,-0.011305218673764533
2023-07-28,467,1.1484422746846528,1.1217318303142825,0.026710444370370293
2023-07-31,469,1.1577364372287098,1.1202482303530914,0.037488206875618546
2023-08-01,466,1.204179562154843,1.2005467888617727,0.003632773293070381
2023-08-02,459,1.0625993444768467,1.0257540280861233,0.036845316390723325
2023-08-03,452,0.9956341980513073,1.0252333977170074,-0.029599199665699957
2023-08-04,453,0.8923832024086981,0.9018064781729274,-0.009423275764229447
2023-08-07,449,0.881397541758634,0.8304991784141342,0.050898363344499785
2023-08-08,446,0.9147158860072748,0.8118158931520171,0.10289999285525772
2023-08-09,445,0.9268050899486902,0.7858980289141358,0.14090706103455425
2023-08-10,442,1.0562816260777905,0.8580662023875504,0.19821542369024006
2023-08-11,442,1.0112079546526245,0.7894957090731956,0.22171224557942884
2023-08-14,449,1.044917729044052,0.800432481858568,0.24448524718548384
2023-08-15,451,0.8684487178704551,0.7960328307169303,0.07241588715352483
2023-08-16,457,0.6952177435862065,0.7118775028221141,-0.016659759235907654
2023-08-17,467,0.6301190331763534,0.6621358681322038,-0.032016834955850476
2023-08-18,467,0.6319340753717049,0.6403857171913997,-0.008451641819694896
2023-08-21,467,0.6254076603556524,0.6571939789191776,-0.03178631856352532
2023-08-22,469,0.790907624316731,0.7662601783446357,0.024647445972095366
2023-08-23,458,0.6721766278042546,0.7284082495053781,-0.05623162170112339
2023-08-24,435,0.9175549539594251,0.913850712535861,0.003704241423564067
2023-08-25,435,0.963690544646753,0.9291776355950486,0.03451290905170446
2023-08-28,430,0.8545680088732607,0.8730636661197826,-0.018495657246521958
2023-08-29,427,0.8810976177177421,0.8371529242233265,0.04394469349441553
2023-08-30,424,0.9595969478157673,0.9444489652208559,0.015147982594911515
2023-08-31,449,0.8989833005271318,0.8766670131043132,0.02231628742281856
2023-09-01,456,0.9253972366708166,0.8563830646297051,0.06901417204111163
2023-09-05,457,0.8200073601604452,0.8198805139686638,0.0001268461917815043
2023-09-06,460,0.8535135963742038,0.8402548343141343,0.01325876206006953
2023-09-07,449,0.796357917578213,1.042985930254841,-0.24662801267662796
2023-09-08,446,0.7684412302172324,0.7833090162296605,-0.014867786012428006
2023-09-11,442,0.7664161683574859,0.7585273637809379,0.007888804576548038
2023-09-12,448,0.6716817942893555,0.6838258072503445,-0.01214401296098903
2023-09-13,448,0.6722700392994029,0.6731630225681344,-0.0008929832687314433
2023-09-14,472,1.2405055533713447,1.1114822781146767,0.12902327525666799
2023-09-15,474,1.0952064351800759,0.9610858760734909,0.134120559106585
2023-09-18,475,0.9977467609861617,0.8812388016639018,0.11650795932225982
2023-09-19,474,1.2759849174112363,1.1498926151882327,0.12609230222300358
2023-09-20,476,1.1869589420874407,1.0331086024126337,0.15385033967480702
2023-09-21,458,0.8406464894902674,0.8764575280910168,-0.035811038600749384
2023-09-22,455,0.7676692933529948,0.7576344077992072,0.010034885553787605
2023-09-25,455,1.056725968528417,1.0398522126886576,0.016873755839759363
2023-09-26,455,0.8946472368885025,1.138278137341429,-0.2436309004529264
2023-09-27,454,0.8585822992385715,0.9964747225543933,-0.13789242331582174
2023-09-28,462,0.981786857975491,1.0516196245688956,-0.06983276659340457
2023-09-29,461,0.8703434476353787,0.9038156794132244,-0.033472231777845744
2023-10-02,464,0.8303473072953829,0.878425388880512,-0.04807808158512907
2023-10-03,465,0.9877813226413238,0.8838936520557658,0.10388767058555821
2023-10-04,462,1.0637586549845337,0.9945965930104147,0.06916206197411906
2023-10-05,471,1.0006468083361697,0.9751499312239668,0.02549687711220297
2023-10-06,477,0.8694288645795678,0.8922646763576364,-0.022835811778068527
2023-10-09,475,0.7321762851422088,0.749517178140741,-0.017340892998532254
2023-10-10,476,0.7590526015992907,0.763414049704064,-0.004361448104773225
2023-10-11,481,1.0177436403051636,0.9598026860753496,0.05794095422981407
2023-10-12,480,1.0623615153633243,1.0420212095304813,0.020340305832843134
2023-10-13,479,1.0489135803715437,0.9308932157812891,0.1180203645902546
2023-10-16,480,1.4782350404311335,1.3332677396182968,0.14496730081283654
2023-10-17,478,1.4331334414553303,1.21552371006192,0.2176097313934102
2023-10-18,477,1.314290358935673,1.126713805910123,0.18757655302555012
2023-10-19,480,1.1675638429785447,1.03100679236925,0.13655705060929452
2023-10-20,482,1.1767236093970277,1.0977861927837727,0.07893741661325512
2023-10-23,476,1.083389348703358,1.101033574185484,-0.017644225482126144
2023-10-24,465,1.0211718219237533,0.9846584008373139,0.036513421086439436
2023-10-25,466,1.1155626586491585,1.1057603183008133,0.009802340348345207
2023-10-26,464,1.4052976620637831,1.3394763015641291,0.06582136049965386
2023-10-27,461,2.2818839112700835,1.7941367028977828,0.4877472083723004
2023-10-30,463,1.746480203986515,1.7431041326302243,0.003376071356290833
2023-10-31,472,1.5171739231271861,1.73389546590321,-0.21672154277602382
2023-11-01,467,1.392881965699278,1.561423192205631,-0.16854122650635311
2023-11-02,458,1.0236691430581646,1.0822618759783331,-0.05859273292016855
2023-11-03,454,1.0307424013665094,1.028667946015356,0.002074455351153432
2023-11-06,453,0.9446919573067271,0.9690518271154024,-0.024359869808675442
2023-11-07,440,1.0664823604345874,1.151638730153138,-0.08515636971855053
2023-11-08,438,1.1199974236776546,1.2177018025212576,-0.09770437884360313
2023-11-09,432,1.3157478472149038,1.5467844004305173,-0.23103655321561348
2023-11-10,435,1.1056936740252945,1.3754492541084429,-0.2697555800831483
2023-11-13,433,1.310915619435436,1.4429758390338212,-0.1320602195983852
2023-11-14,445,0.698695597279948,0.8444471919414707,-0.1457515946615227
2023-11-15,443,0.6653649134447001,0.717210552618104,-0.05184563917340381
2023-11-16,457,0.6414994091950564,0.8238272115390909,-0.1823278023440344
2023-11-17,459,0.6169053488393389,0.6694676721896172,-0.05256232335027828
2023-11-20,466,0.6140582466476374,0.6570125203242186,-0.0429542736765813
2023-11-21,459,0.7146197163962664,0.7794024333823151,-0.06478271698604869
2023-11-22,434,0.7728424915878529,0.7943556953248643,-0.02151320373701125
2023-11-24,436,1.0036386369258539,1.0634199254485808,-0.05978128852272684
2023-11-27,438,1.1217494308163942,1.2045578350120387,-0.08280840419564449
2023-11-28,431,0.9968762598300839,1.2501835952738778,-0.2533073354437939
2023-11-29,439,0.9283497382818545,1.047863974376056,-0.11951423609420159
2023-11-30,455,0.9474002543319774,0.9917991001868406,-0.04439884585486316
2023-12-01,456,0.7719013547485702,0.7597083834503028,0.012192971298267368
2023-12-04,456,0.7399777193516652,0.7863764942896823,-0.046398774938016946
2023-12-05,458,0.9041847931299388,0.9334035865585565,-0.02921879342861777
2023-12-06,458,1.2411334297500434,1.4021066914999134,-0.16097326174987012
2023-12-07,450,1.7023096099945012,1.8999544557165529,-0.19764484572205165
2023-12-08,445,1.4100155422028207,1.6371857600138378,-0.22717021781101704
2023-12-11,441,1.1733233326527883,1.2941775357638088,-0.1208542031110207
2023-12-12,444,1.423215830641285,1.5869905785709122,-0.16377474792962704
2023-12-13,442,0.9415241699983875,0.9446519345059156,-0.003127764507528031
2023-12-14,467,0.7044115719914962,0.6899993263319545,0.014412245659541661
2023-12-15,475,0.6499594613053795,0.6649927260983745,-0.015033264792995002
2023-12-18,479,0.6653889348471391,0.6874632817744901,-0.022074346927350965
2023-12-19,476,0.6174566421504295,0.6063562001152942,0.011100442035135223
2023-12-20,462,0.7515025281882661,0.762724786812657,-0.011222258624390772
2023-12-21,450,0.5570997141328359,0.573151431605621,-0.0160517174727851
2023-12-22,448,0.687830544695128,0.6723431793685049,0.015487365326623209
2023-12-26,448,0.9589064672819309,0.9107319598153881,0.04817450746654261
2023-12-27,446,1.020873144283189,0.9498483445506213,0.07102479973256791
2023-12-28,465,1.0189597165833961,0.9408311927550597,0.07812852382833642
2023-12-29,475,0.802599011551092,0.778149750476037,0.024449261075055084
2024-01-02,471,0.7263980921197065,0.7210566799686011,0.0053414121511053516
2024-01-03,472,0.8136018879466798,0.8440836208193964,-0.03048173287271667
2024-01-04,476,0.8312675322146948,0.8575729839223987,-0.026305451707703747
2024-01-05,472,0.8753617078231453,0.8929482075188137,-0.017586499695668455
2024-01-08,473,0.9517190136299643,0.9059407763096223,0.04577823732034195
2024-01-09,478,0.9291024511631735,0.8581018855153631,0.07100056564781032
2024-01-10,472,0.907574623019594,0.8698090215023935,0.037765601517200584
2024-01-11,471,0.8465909899455497,0.845134844027629,0.0014561459179207583
2024-01-12,475,0.9075758609523568,0.9392446362993826,-0.03166877534702594
2024-01-16,474,0.88401651041992,1.009963546785944,-0.12594703636602408
2024-01-17,474,1.0213786498664106,1.0254480182935017,-0.004069368427091119
2024-01-18,480,0.9972754248858355,1.1564485737667078,-0.15917314888087244
2024-01-19,485,0.8399106890247083,0.9105906645575095,-0.07067997553280111
2024-01-22,485,0.7820815867986741,0.8704463447992788,-0.08836475800060488
2024-01-23,480,0.8223682080817384,0.9030001527679005,-0.08063194468616207
2024-01-24,472,0.7807243514777176,0.8166346623654852,-0.0359103108877677
2024-01-25,469,0.9025837999478274,0.9327522758199664,-0.030168475872139063
2024-01-26,464,0.9715225999928343,1.0036798561860605,-0.03215725619322616
2024-01-29,462,1.0670392038810592,1.0354204068010389,0.0316187970800201
2024-01-30,467,0.9997078864089224,0.9924427859828878,0.007265100426034432
2024-01-31,472,1.1188575160983567,1.160736694400077,-0.04187917830172023
2024-02-01,464,1.1454831915901365,1.1494399850669355,-0.003956793476798711
2024-02-02,464,1.0314256011233771,1.047669474149523,-0.01624387302614578
2024-02-05,465,1.0581221316605194,1.1325277682841823,-0.07440563662366292
2024-02-06,463,0.8708768877541031,0.8765081251559192,-0.005631237401815976
2024-02-07,457,0.9479670799874269,0.9893480858406812,-0.041381005853254466
2024-02-08,450,0.9349485441898702,1.135394142837445,-0.20044559864757486
2024-02-09,442,0.9304586067826223,0.9764173087880281,-0.04595870200540581
2024-02-12,436,0.8494453418538425,0.8356920914833716,0.013753250370470916
2024-02-13,436,0.9504631564111131,1.0790293229320358,-0.12856616652092268
2024-02-14,434,0.8987095767485381,0.9224606102985247,-0.023751033549986506
2024-02-15,446,0.7552154212073561,0.7593348513860478,-0.00411943017869182
2024-02-16,454,0.7958049098703969,0.8216977238490761,-0.025892813978679298
2024-02-20,460,0.9364589941737561,0.9496045999180924,-0.013145605744336293
2024-02-21,454,1.0527100559301863,1.0588458219760255,-0.006135766045839436
2024-02-22,443,0.9198198604662342,0.9239251180412782,-0.004105257575044023
2024-02-23,441,1.0231933073728288,1.0331368739737117,-0.00994356660088301
2024-02-26,442,1.1171036473811216,1.1598701752857206,-0.0427665279045989
2024-02-27,436,0.9947660897157921,0.9938793644683739,0.000886725247418124
2024-02-28,441,1.0170439983065278,1.0359812156178496,-0.018937217311321773
2024-02-29,440,0.9994295281309116,1.0493843565680172,-0.04995482843710559
2024-03-01,442,0.8156983314063373,0.8452635121612784,-0.029565180754941106
2024-03-04,445,0.8157898123829143,0.8249923656930033,-0.009202553310088889
2024-03-05,445,0.8268303159384979,0.9011309540372942,-0.07430063809879625
2024-03-06,446,0.8263340436053807,0.8667594584924557,-0.040425414887075226
2024-03-07,436,0.8699070475629939,0.8361814464220525,0.033725601140941294
2024-03-08,440,0.8577191010733808,0.825981616634389,0.031737484438991756
2024-03-11,436,0.8638167997439261,0.8410421693011163,0.02277463044280985
2024-03-12,443,0.8243392970042506,0.8103551404270073,0.013984156577243273
2024-03-13,441,0.7043140830012644,0.7080552735002545,-0.0037411904989900205
2024-03-14,473,0.9109983565317782,0.9591428215226591,-0.04814446499088076
2024-03-15,473,0.7931119099702754,0.8505147010297601,-0.05740279105948479
2024-03-18,478,0.7513836938213374,0.7677734166844202,-0.01638972286308275
2024-03-19,479,0.7303090757355754,0.7308415133721361,-0.0005324376365607854
2024-03-20,460,0.6918914766262365,0.6995520899014751,-0.007660613275238581
2024-03-21,454,0.6369753980109231,0.6304496573729977,0.006525740637925448
2024-03-22,454,0.6481770984151166,0.6260980650259769,0.02207903338913976
2024-03-25,452,0.6751354439416314,0.6617413522126188,0.013394091729012642
2024-03-26,449,0.7556078035566781,0.753332145157072,0.0022756583996060764
2024-03-27,468,0.9441000602828238,0.9036177727109236,0.04048228757190026
2024-03-28,474,0.9317640731716982,0.9190950286633386,0.012669044508359577
2024-04-01,473,0.7283174911918471,0.7228043187515043,0.005513172440342787
2024-04-02,468,0.6744966019018348,0.6856659764976158,-0.011169374595781063
2024-04-03,470,0.768818571717934,0.7328884245305127,0.035930147187421234
2024-04-04,473,0.7371687695656157,0.7437693175038965,-0.0066005479382807005
2024-04-05,468,1.0022184573703243,1.0050032621106877,-0.0027848047403634677
2024-04-08,470,1.2902286375947603,1.1978747319575778,0.09235390563718254
2024-04-09,477,1.5712649543874986,1.4931942923925068,0.07807066199499167
2024-04-10,478,1.1707901970877799,1.049361739112686,0.12142845797509405
2024-04-11,476,1.302612481449648,1.285076378304337,0.017536103145310813
2024-04-12,479,1.090122102018987,1.0939482608757796,-0.003826158856792473
2024-04-15,480,0.9060512056992821,0.9227350473533755,-0.01668384165409342
2024-04-16,476,1.0176913243441066,0.976607878649442,0.04108344569466465
2024-04-17,475,0.9682064408622891,0.9014427924716577,0.06676364839063158
2024-04-18,479,0.9460525997010937,0.8694685637858519,0.0765840359152418
2024-04-19,482,1.1110504451925627,1.0265827941948853,0.0844676509976775
2024-04-22,477,1.109523192526634,1.0923412651549949,0.01718192737163912
2024-04-23,472,1.0520110246152663,1.0334885113043961,0.018522513310870223
2024-04-24,471,1.055439625300565,1.0473922994193428,0.008047325881222075
2024-04-25,470,1.0750676856469463,1.0714761177812095,0.003591567865736669
2024-04-26,464,1.0644938123084657,1.0699987157356816,-0.005504903427215848
2024-04-29,466,1.054014379954385,1.081873477040385,-0.027859097085999877
2024-04-30,471,1.151762472152649,1.2272895947331328,-0.07552712258048398
2024-05-01,472,1.0287425121142764,1.0855458864146323,-0.05680337430035587
2024-05-02,461,0.996292784060195,1.0165856431963296,-0.02029285913613469
2024-05-03,457,0.9297957379770133,0.9942670604159141,-0.06447132243890076
2024-05-06,457,0.7794538840846993,0.816273771774286,-0.036819887689586744
2024-05-07,450,0.7641411390554855,0.7915274011679022,-0.027386262112416675
2024-05-08,442,0.9434028832240711,0.9973354155197856,-0.05393253229571438
2024-05-09,439,0.7564858186921554,0.7812762654472167,-0.024790446755061344
2024-05-10,442,0.7406969751498271,0.8007372812241301,-0.06004030607430295
2024-05-13,442,0.7913488943791953,0.8547511177917461,-0.06340222341255078
2024-05-14,449,0.7209434284948637,0.7460582230997376,-0.02511479460487376
2024-05-15,456,0.8067179970717853,0.7669507296379082,0.039767267433877034
2024-05-16,461,0.9512657949608585,0.8563213173346997,0.0949444776261587
2024-05-17,461,0.9998575080815926,0.9586453840354556,0.04121212404613693
2024-05-20,465,1.0938331477736223,1.0002408356024095,0.0935923121712128
2024-05-21,466,1.282705199936406,1.1978376510473472,0.0848675488890588
2024-05-22,463,1.1430823483554113,1.0603087340764987,0.08277361427891268
2024-05-23,456,0.8583107599864682,0.8875299227757476,-0.029219162789279392
2024-05-24,448,0.9258973367574759,0.911583731989009,0.014313604768466909
2024-05-28,441,0.9766932523122465,0.964554212879786,0.012139039432460513
2024-05-29,441,0.9200492877208424,0.8873970375032587,0.03265225021758373
2024-05-30,443,0.8302252970518732,0.8238714713693094,0.006353825682563846
2024-05-31,443,0.8392746174631067,0.8373416237691402,0.0019329936939665364
2024-06-03,448,0.7420576799156644,0.7478788390474662,-0.005821159131801794
2024-06-04,454,0.7978111096356283,0.7906321219115272,0.007178987724101035
2024-06-05,452,0.79019873769664,0.7857058690469985,0.004492868649641512
2024-06-06,453,0.8917830725217715,0.893006867205819,-0.001223794684047487
2024-06-07,442,0.9096873829456684,0.9069688008144321,0.0027185821312362885
2024-06-10,443,0.8677097178468186,0.8670703334800223,0.0006393843667964026
2024-06-11,437,0.9024302715090865,0.9004138519749152,0.002016419534171257
2024-06-12,440,0.7390731278330872,0.7517640056464012,-0.01269087781331413
2024-06-13,438,0.6960285541079512,0.720457632950345,-0.024429078842393964
2024-06-14,464,0.8102354978825717,0.8500018008341584,-0.0397663029515869
2024-06-17,473,0.7072401838642721,0.7145268937239395,-0.007286709859667325
2024-06-18,480,0.7507245206079975,0.7430664764059987,0.007658044201998893
2024-06-20,480,0.674514907446784,0.660183438519791,0.014331468926992883
2024-06-21,461,0.7503990987328605,0.7477408846125378,0.0026582141203226935
2024-06-24,456,0.9449948008850719,0.9210776702698202,0.023917130615251594
2024-06-25,454,0.805833915939989,0.7943154918383643,0.011518424101624783
2024-06-26,454,0.7332174409610522,0.7294532831323991,0.0037641578286531263
2024-06-27,447,0.7158290373277836,0.7115919156480967,0.004237121679687012
2024-06-28,464,0.6863599796136719,0.7007932519367573,-0.014433272323085477
2024-07-01,468,0.6679748409255044,0.6638875767280374,0.004087264197466864
2024-07-02,464,0.6705554332776491,0.6768890054749066,-0.006333572197257497
2024-07-03,462,0.8497003662230286,0.8537892181907616,-0.004088851967732929
2024-07-05,469,1.0779953516556038,1.0815689971397546,-0.0035736454841509536
2024-07-08,467,1.1233878468533423,1.163749237674219,-0.0403613908208768
2024-07-09,472,1.7444220386664564,1.7299750983550422,0.014446940311414053
2024-07-10,477,1.6290320141169827,1.6395989939893454,-0.01056697987236255
2024-07-11,480,1.0642047746035044,1.066413212611552,-0.0022084380080475636
2024-07-12,476,0.9803204146715502,0.9855671224502012,-0.005246707778650967
2024-07-15,480,0.8778338986916533,0.8767412754325193,0.0010926232591338479
2024-07-16,479,0.9323042245497075,0.884998806485541,0.047305418064166556
2024-07-17,479,1.0340459151167969,1.0692254016209106,-0.03517948650411375
2024-07-18,479,1.1344775302227594,1.1385083252741157,-0.004030795051356418
2024-07-19,481,1.1838115219854106,1.1848850554651098,-0.0010735334796990199
2024-07-22,484,1.1898088079945652,1.186637520559368,0.003171287435197266
2024-07-23,484,1.4527597704947801,1.4811555905487326,-0.028395820053952636
2024-07-24,476,1.312377313653536,1.3620980272469385,-0.04972071359340239
2024-07-25,468,1.2226982926930223,1.211601340727823,0.011096951965199376
2024-07-26,468,1.5974880596617933,1.6665511914575128,-0.06906313179571937
2024-07-29,464,1.9406515839103757,1.9195115449357607,0.021140038974615003
2024-07-30,462,1.7056043672088086,1.6675042938080795,0.038100073400728934
2024-07-31,466,2.1701160306273732,2.135477544781769,0.03463848584560483
2024-08-01,474,1.1500061225256195,1.1746397633478414,-0.024633640822221907
2024-08-02,470,0.9800627371941265,1.0596877617162308,-0.07962502452210433
2024-08-05,463,1.104114704079605,1.118425832695712,-0.014311128616106972
2024-08-06,464,1.0103364457598365,0.8854520152615712,0.12488443049826531
2024-08-07,462,1.1759799239653108,1.024673988170321,0.15130593579498963
2024-08-08,444,0.9983817223218854,0.9984923857641117,-0.00011066344222637304
2024-08-09,436,0.9482440862471553,0.9420060816494166,0.006238004597738738
2024-08-12,440,1.20900944090625,1.2794949528827726,-0.07048551197652253
2024-08-13,437,0.8104632574874465,0.8164254964766969,-0.005962238989250387
2024-08-14,437,0.9396681982603683,0.8606346194931976,0.07903357876717065
2024-08-15,453,0.6532340383600231,0.6307947871397307,0.02243925122029247
2024-08-16,464,0.774741043437938,0.6778805877207653,0.09686045571717279
2024-08-19,467,0.6964484386079233,0.6457003217904038,0.05074811681751957
2024-08-20,467,0.7517905220682305,0.6864790426455964,0.06531147942263406
2024-08-21,473,0.7181102254423442,0.6944202185354713,0.023690006906872844
2024-08-22,473,0.7748721418516205,0.7759111320701383,-0.0010389902185178976
2024-08-23,455,0.7364700715460386,0.7372947323267722,-0.0008246607807336645
2024-08-26,442,0.9104490768210178,0.89868004153816,0.01176903528285792
2024-08-27,438,0.963167634212959,0.919099354666069,0.04406827954689014
2024-08-28,432,0.925881275486513,0.8851099325750831,0.04077134291142986
2024-08-29,421,1.2044963616169568,1.1890858688335315,0.015410492783425388
2024-08-30,436,1.1942739123565818,1.0717478445748045,0.12252606778177737
2024-09-03,448,0.8823660931974034,0.8508636290819535,0.03150246411544989
2024-09-04,453,0.8665995650670296,0.8415586931822837,0.025040871884745942
2024-09-05,455,0.8226561594460341,0.8129468630956853,0.009709296350348864
2024-09-06,446,1.1306365636097262,1.0954122558396664,0.03522430777005975
2024-09-09,438,1.0701907598502356,1.0084268075331404,0.06176395231709528
2024-09-10,436,1.1278650220987883,1.1888066328439406,-0.06094161074515245
2024-09-11,438,0.9946872277009292,1.0048211868501542,-0.010133959149224825
2024-09-12,440,1.1740588063711126,1.1897081081586798,-0.015649301787567103
2024-09-13,458,0.913468942175373,0.917871593927966,-0.004402651752593003
2024-09-16,471,0.826192366751473,0.8207416684722906,0.0054506982791823295
2024-09-17,478,0.79308315176424,0.7847831182498701,0.008300033514369896
2024-09-18,479,0.8053040726872783,0.7933290002033934,0.011975072483884889
2024-09-19,478,0.8634714458593169,0.8515761241838469,0.011895321675470003
2024-09-20,477,0.8320405621487881,0.8184929980366793,0.01354756411210887
2024-09-23,460,0.7262619833293795,0.7044366287637744,0.021825354565604974
2024-09-24,451,0.6711796952384741,0.6478152176526549,0.023364477585819072
2024-09-25,449,0.7072325143385876,0.6799466896996827,0.02728582463890486
2024-09-26,451,0.8665800919057666,0.8241755209475794,0.04240457095818714
2024-09-27,448,0.8554261247523716,0.8233971824309626,0.03202894232140896
2024-09-30,464,1.0023149945471632,0.9487626995305267,0.053552295016636525
2024-10-01,472,0.8757251248044687,0.8549754016336436,0.020749723170825175
2024-10-02,472,0.8253621015473075,0.8128543516769889,0.012507749870318613
2024-10-03,465,0.7824072341847567,0.7901634687182979,-0.007756234533541282
2024-10-04,472,0.7435176276149718,0.7887317355141259,-0.04521410789915412
2024-10-07,476,0.9007158120774741,0.9963543223540029,-0.09563851027652893
2024-10-08,472,0.8106630942198849,0.8439802329705284,-0.03331713875064339
2024-10-09,474,0.885157131910348,0.892538631065069,-0.007381499154721092
2024-10-10,482,0.9805902053609893,0.9787147811881967,0.0018754241727927956
2024-10-11,479,0.895441127910225,0.8960257578696157,-0.0005846299593907458
2024-10-14,476,0.8049761274387154,0.7881343004133412,0.016841827025374106
2024-10-15,480,0.7695912121711398,0.7595962903467782,0.009994921824361604
2024-10-16,479,0.828028631300929,0.7967446112356164,0.03128402006531258
2024-10-17,480,0.9225361857666833,0.8914540274566962,0.03108215830998707
2024-10-18,483,1.0595629266662163,1.0145207326888666,0.04504219397734982
2024-10-21,485,0.8760942032743892,0.8578289315094842,0.018265271764904892
2024-10-22,487,0.9312959499525965,0.9212234372193902,0.010072512733206241
2024-10-23,488,1.052217865926801,1.0260635365954522,0.026154329331348883
2024-10-24,480,1.1776891624071828,1.1803465706497362,-0.0026574082425536187
2024-10-25,475,1.1106256771207366,1.138657608479312,-0.028031931358575627
2024-10-28,467,1.1711720424504712,1.142873064176567,0.02829897827390398
2024-10-29,464,1.0752050277398912,1.079657709197486,-0.004452681457594641
2024-10-30,463,1.6196184400396774,1.5966230120090876,0.022995428030589713
2024-10-31,467,1.762176810347195,1.6704266342172365,0.09175017612995867
2024-11-01,461,1.979741125666724,2.1089931107421958,-0.12925198507547128
2024-11-04,470,2.377537173293518,2.503616280747256,-0.12607910745373824
2024-11-05,467,1.9212226860487482,2.098084106249814,-0.1768614202010657
2024-11-06,459,1.1743112177849826,1.18635286242331,-0.012041644638327147
2024-11-07,453,1.0700133481394627,1.110572293542656,-0.04055894540319333
2024-11-08,444,1.1648724959042356,1.2375880385705063,-0.07271554266627077
2024-11-11,431,1.0221735340006648,1.120996325761295,-0.09882279176063007
2024-11-12,434,1.0139439645747939,1.0412504580446438,-0.027306493469850035
2024-11-13,439,0.996071502589127,1.0095657689557378,-0.013494266366610734
2024-11-14,441,0.9591413288066977,0.9305749546954075,0.028566374111290236
2024-11-15,456,1.094927283995493,0.96006124502355,0.13486603897194333
2024-11-18,465,1.1339454331526615,1.0180923186750572,0.11585311447760423
2024-11-19,464,1.1056912132582097,0.9009655260211225,0.20472568723708734
2024-11-20,464,1.0157503361538005,0.8955206246574351,0.1202297114963654
2024-11-21,453,0.7882693013368673,0.7259365065210475,0.06233279481581986
2024-11-22,442,0.7250964623918698,0.6792059363309836,0.04589052606088625
2024-11-25,441,0.6998604014113969,0.7103448361047762,-0.01048443469337932
2024-11-26,439,0.8493006570012053,0.8505366303497283,-0.00123597334852296
2024-11-27,436,0.9088242710177873,0.9267604748140046,-0.017936203796217236
2024-11-29,439,1.0833093057644583,1.0784463655128718,0.004862940251586514
2024-12-02,447,0.9705041384159186,0.9469157564156806,0.02358838200023811
2024-12-03,447,0.976972531029659,0.9203306267327331,0.056641904296925796
2024-12-04,450,0.9419436082886407,0.9026125552741093,0.0393310530145314
2024-12-05,458,0.9700259776843598,0.8836457777806305,0.08638019990372947
2024-12-06,452,1.004031299734802,0.8862472636287034,0.11778403610609874
2024-12-09,449,1.0918254823799463,1.1398211952072106,-0.047995712827264204
2024-12-10,447,1.0336408710898435,0.9798302011572563,0.05381066993258721
2024-12-11,446,1.6282211302211267,1.5683290527026084,0.05989207751851821
2024-12-12,445,1.6411501410633786,1.634769085005259,0.006381056058119918
2024-12-13,458,1.1466648257232026,1.1488674678546962,-0.0022026421314938214
2024-12-16,470,1.030096325790574,1.0705535485620201,-0.04045722277144622
2024-12-17,477,0.7704873477902034,0.7922534040790716,-0.02176605628886814
2024-12-18,477,0.7652906206136871,0.8747729367053749,-0.10948231609168793
2024-12-19,471,0.6102633693322095,0.5609532925371494,0.04931007679506006
2024-12-20,476,0.5779816778496183,0.5830595140823258,-0.0050778362327076115
2024-12-23,459,0.5769027410503784,0.6015806903695999,-0.024677949319221536
2024-12-24,448,0.7743409229802671,0.8609018790170114,-0.08656095603674432
2024-12-26,445,0.7209199227418657,0.7523455256791683,-0.031425602937302684
2024-12-27,449,0.801960567186518,0.8042516145808474,-0.0022910473943294086
2024-12-30,450,0.8105598548902356,0.8615469595407061,-0.050987104650470495
2024-12-31,468,0.8148310379118842,0.8091957657371488,0.005635272174735371
2025-01-02,469,0.9525912746975687,0.9847488697457337,-0.0321575950481652
2025-01-03,475,0.9640925399317928,1.0966888267725905,-0.13259628684079763
2025-01-06,476,0.9023728136177422,0.925756952228379,-0.023384138610636682
2025-01-07,474,0.9340795336740426,0.9245126051986766,0.009566928475366028
2025-01-08,473,1.004317518431337,0.9656751755322825,0.038642342899054646
2025-01-10,478,1.4008466090506022,1.199568853546677,0.20127775550392513
2025-01-13,475,1.5415108435924767,1.4796137563744929,0.061897087217983926
2025-01-14,474,1.260832016621572,1.320356837518866,-0.0595248208972939
2025-01-15,478,1.1095678867751109,1.2134558791367158,-0.10388799236160491
2025-01-16,477,0.9763920919852097,1.0337901226569965,-0.05739803067178685
2025-01-17,481,1.177784116634075,1.211044936383857,-0.03326081974978184
2025-01-21,485,1.0999063412536938,1.1048202228005752,-0.004913881546881444
2025-01-22,486,1.1092044059671402,1.1258916148741758,-0.016687208907035508
2025-01-23,485,1.1146628777996583,1.1227066525746907,-0.008043774775032184
2025-01-24,480,1.051580135487765,1.0572148634360026,-0.0056347279482376975
2025-01-27,470,1.1199087497280684,1.1391257496744447,-0.019216999946376264
2025-01-28,469,1.032583242269256,1.0268123091645316,0.005770933104724468
2025-01-29,469,1.0552487305058895,1.0567192850824931,-0.001470554576603495
2025-01-30,471,1.1231197435053308,1.117588771928716,0.005530971576615009
2025-01-31,467,1.1041280743894992,1.0961812505342359,0.007946823855263376
2025-02-03,470,1.1193471230818286,1.1349296973037395,-0.015582574221910771
2025-02-04,469,1.0574966024939023,1.0716046990080519,-0.014108096514149474
2025-02-05,466,1.1312403187096187,1.0799645736390515,0.051275745070567244
2025-02-06,464,1.0943111163970556,1.097082688940468,-0.002771572543412061
2025-02-07,448,1.1702353841878523,1.1705347013904834,-0.0002993172026311866
2025-02-10,442,1.1676860348232656,1.1974943481897422,-0.029808313366476408
2025-02-11,441,1.2054218091122293,1.257487626220863,-0.05206581710863358
2025-02-12,441,1.1761420918687335,1.1782383901692854,-0.002096298300552139
2025-02-13,433,1.2270480009303029,1.2709345660187659,-0.043886565088463045
2025-02-14,452,1.326418268524845,1.3222901536716376,0.004128114853207349
2025-02-18,461,1.5617001526785386,1.5475758982148564,0.01412425446368225
2025-02-19,459,1.2383359406208039,1.2603681766477626,-0.0220322360269587
2025-02-20,460,1.3080085607333092,1.3373197007059414,-0.02931113997263228
2025-02-21,452,1.0189518887039795,1.0587952025515253,-0.03984331384754578
2025-02-24,443,1.1770981299257492,1.1984433963291843,-0.02134526640343513
2025-02-25,443,1.1700295118142825,1.1622714567150594,0.0077580550992229795
2025-02-26,440,1.0795968903505047,1.0970357364297862,-0.01743884607928165
2025-02-27,438,1.2046279244733449,1.2521406602824852,-0.04751273580914013
2025-02-28,439,1.5039438422549436,1.3916995052890704,0.11224433696587342
2025-03-03,437,1.8267546579273857,1.7556569339007466,0.07109772402663905
2025-03-04,438,1.3592314622693151,1.42580599889689,-0.06657453662757491
2025-03-05,439,1.4744214344637259,1.4722990978045198,0.002122336659205959
2025-03-06,440,1.5058476250350212,1.6102592977523722,-0.10441167271735101
2025-03-07,427,1.2580245976830853,1.2816232866220967,-0.023598688939011493
2025-03-10,438,1.1866236637342809,1.1629846321184798,0.023639031615801002
2025-03-11,435,0.8726820720971605,0.8620353092311365,0.010646762866024173
2025-03-12,440,0.9167796044563613,0.8041319889999629,0.11264761545639854
2025-03-13,439,1.0807962018302637,0.98760353182046,0.09319267000980377
2025-03-14,465,0.7072146585138961,0.684766339139514,0.02244831937438204
2025-03-17,472,0.7874487460063562,0.7696648644837885,0.01778388152256772
2025-03-18,477,1.009292078335346,0.9739401496522347,0.03535192868311131
2025-03-19,479,0.6920109704579847,0.6936973605964177,-0.0016863901384330568
2025-03-20,484,0.7492931105836697,0.738841258411694,0.01045185217197573
2025-03-21,483,0.8432451627091461,0.9054573106816394,-0.06221214797249335
2025-03-24,463,1.181572694542305,1.2511139146032133,-0.06954122006090836
2025-03-25,459,1.1907497492316474,1.2343602248407672,-0.04361047560911997
2025-03-26,457,0.7710115206379321,0.7900636429270038,-0.01905212228907161
2025-03-27,453,2.115791331948616,2.3573350484142095,-0.24154371646559356
2025-03-28,453,3.355683031040363,3.6638147458925276,-0.3081317148521649
2025-03-31,472,3.844945160496995,3.8508979852785314,-0.005952824781536529
2025-04-01,478,4.712572499606402,4.862208036955579,-0.14963553734917667
2025-04-02,479,2.0940304359480506,2.102306018780322,-0.008275582832271236
2025-04-03,475,1.7028049373794392,1.952756332417064,-0.24995139503762498
2025-04-04,478,1.508596838419358,2.5442646695646034,-1.0356678311452454
2025-04-07,481,1.7357170835711,1.6674133319218445,0.06830375164925559
2025-04-08,478,2.242712702629899,2.1497402465176627,0.0929724561122361
2025-04-09,477,1.232644571501691,2.0099964087412934,-0.7773518372396023
2025-04-10,479,0.9978807190020673,1.0703221638931215,-0.07244144489105427
2025-04-11,478,1.0646768525822743,1.0619692762029105,0.0027075763793638526
2025-04-14,476,0.9420577827624554,0.9445496686231463,-0.0024918858606909093
2025-04-15,477,0.9204156139561416,0.9545355789792404,-0.03411996502309882
2025-04-16,479,1.489140285615916,1.5562485275949285,-0.06710824197901256
2025-04-17,484,1.4067342163284804,1.531292489829394,-0.12455827350091334
2025-04-21,487,1.9558302551379496,2.1335852153782713,-0.17775496024032134
2025-04-22,489,1.4560599950234772,1.7885544273331573,-0.3324944323096802
2025-04-23,482,1.1618913120144154,1.223682541369447,-0.061791229355031736
2025-04-24,477,1.0050457677959237,1.0336062738620255,-0.02856050606610197
2025-04-25,474,1.113007504250383,1.2279295685995537,-0.11492206434917056
2025-04-28,469,1.0993562117265654,1.1277693641002018,-0.028413152373636324
2025-04-29,467,1.0215946801993891,1.0635000728508466,-0.04190539265145737
2025-04-30,475,1.0711006776873142,1.1027749587008133,-0.03167428101349908
2025-05-01,479,1.079386352163098,1.172287627546553,-0.0929012753834549
2025-05-02,473,0.9766418548844941,1.0842623029531968,-0.10762044806870276
2025-05-05,470,1.5957775518679422,1.50820688509239,0.08757066677555239
2025-05-06,470,2.104227423737528,2.05355181442203,0.0506756093154977
2025-05-07,464,1.9214715786291894,1.841012286760029,0.08045929186916044
2025-05-08,452,1.445416878732581,1.3063976829445816,0.13901919578799934
2025-05-09,444,1.5149709710950618,1.5313698355502816,-0.016398864455219903
2025-05-12,439,0.9290906129447047,0.8955559010345775,0.0335347119101273
2025-05-13,438,0.9325751278123315,0.8312024295475517,0.10137269826477968
2025-05-14,440,1.03326143613885,1.0293916505088883,0.0038697856299616342
2025-05-15,447,0.9635592934486749,0.9260295695295988,0.037529723919076045
2025-05-16,451,1.195337860444951,1.0741390394707162,0.12119882097423501
2025-05-19,458,0.9327498152400215,0.8890025445579001,0.04374727068212152
2025-05-20,458,1.003938138973117,0.8473981134785561,0.1565400254945609
2025-05-21,459,0.8755094881126853,0.8562472735146451,0.019262214598040065
2025-05-22,446,0.9150340193519347,0.9380204893433441,-0.022986469991409415
2025-05-23,443,0.9095294862733562,1.0227092906691153,-0.11317980439575913
2025-05-27,447,0.8878055265568351,0.8730253604511963,0.01478016610563887
2025-05-28,443,0.8908962755236663,0.8715350488988423,0.019361226624824035
2025-05-29,444,0.9147178468576974,0.9287426574469394,-0.014024810589241859
2025-05-30,449,0.9581661615093462,1.0910237450518236,-0.13285758354247754
2025-06-02,458,1.009465287299652,1.1401075877500069,-0.1306423004503552
2025-06-03,451,0.9913231015950297,1.0929370786137709,-0.10161397701874118
2025-06-04,456,0.9403903499366263,0.9990491866022544,-0.058658836665628024
2025-06-05,458,0.9417881328669656,1.0001538607339266,-0.05836572786696095
2025-06-06,447,1.008282219488595,0.9396153812134583,0.06866683827513653
2025-06-09,442,0.9411896303944199,0.9257626208403615,0.015427009554058376
2025-06-10,447,1.0737469021034376,1.0031672228530375,0.07057967925040004
2025-06-11,441,1.0104979363362243,0.9542335118242319,0.056264424511992484
2025-06-12,440,0.9954915875528361,0.9319475700807174,0.06354401747211876
2025-06-13,461,0.9679720532746124,1.0384305822992392,-0.07045852902462682
2025-06-16,473,0.8758296465003252,0.922257845724357,-0.0464281992240317
2025-06-17,476,0.9680918174667791,1.072893036964664,-0.10480121949788505
2025-06-18,482,0.9704032662853711,1.3162959287191913,-0.34589266243382033
2025-06-20,478,1.0187025956034845,1.1066130551774405,-0.08791045957395599
2025-06-23,462,0.95781296579635,1.0065217923192482,-0.04870882652289814
2025-06-24,456,0.9262509162138589,1.0028023181056174,-0.0765514018917584
2025-06-25,456,1.180307754862158,1.3381169005558202,-0.1578091456936621
2025-06-26,449,1.1304047735293619,1.20827046451568,-0.07786569098631818
2025-06-27,451,0.9247908783612562,0.9869483210147565,-0.06215744265350026
2025-06-30,468,0.9953651093581695,1.0228024953830128,-0.027437386024843337
2025-07-01,475,0.9140368947414849,0.9268615078857142,-0.012824613144229354
2025-07-02,469,0.8272587848769007,0.8331554841988794,-0.005896699321978689
2025-07-03,477,0.867868574505464,0.8003167538135737,0.06755182069189024
2025-07-07,481,0.8249141528203987,0.8059865417799118,0.01892761104048695
2025-07-08,478,0.8961536895956266,0.8477468169478726,0.048406872647753875
2025-07-09,479,0.8692832551856428,0.8107646467608546,0.05851860842478828
2025-07-10,486,0.8600790594322871,0.824202297624335,0.03587676180795215
2025-07-11,481,0.8426814503115639,0.8535866629789192,-0.01090521266735515
2025-07-14,478,0.795177709364284,0.7847954285417983,0.010382280822485759
2025-07-15,481,0.9926212643764074,1.134186575581633,-0.14156531120522556
2025-07-16,480,1.0385282517686072,1.1443323518474633,-0.10580410007885617
2025-07-17,480,0.9908053360878889,1.0489644965627314,-0.05815916047484236
2025-07-18,484,1.0957954075860905,1.169115380142458,-0.07331997255636735
2025-07-21,488,1.0899722347912846,1.1480454372940774,-0.058073202502792874
2025-07-22,490,1.0598708234739904,1.0676576432664597,-0.007786819792469344
2025-07-23,489,1.1626711951402307,1.1261156452175345,0.03655554992269621
2025-07-24,480,1.299005876948675,1.2287749180990537,0.07023095884962104
2025-07-25,474,1.5451688378708746,1.4161986557094943,0.1289701821613804
2025-07-28,471,1.46492947926302,1.3841734053445744,0.08075607391844579
2025-07-29,468,1.4111179975409256,1.3148249762380957,0.0962930213028297
2025-07-30,469,1.3644013190690851,1.3008493396625453,0.06355197940653963
2025-07-31,476,1.1637446517540735,1.1617937484162382,0.0019509033378352595
2025-08-01,476,1.2027306797046111,1.2090817991953382,-0.006351119490727196
2025-08-04,472,1.1417396104277908,1.1266632265878644,0.015076383839926382
2025-08-05,473,1.0834601752519495,1.1298673958167322,-0.046407220564782796
2025-08-06,467,1.2214759708424394,1.304711959579181,-0.08323598873674166
2025-08-07,459,1.058076797772439,1.0934752397116585,-0.03539844193921942
2025-08-08,445,0.9184746901064825,0.9393426253334284,-0.020867935226945848
2025-08-11,439,0.9531901490994327,0.9550571586815518,-0.001867009582119313
2025-08-12,436,0.9020740489449248,0.9017593089405178,0.0003147400044070275
2025-08-13,437,0.8038276478829746,0.8222883320477871,-0.01846068416481244
2025-08-14,443,0.7047643905968002,0.7133238805916878,-0.00855948999488769
2025-08-15,459,0.764643640824873,0.719452386297563,0.04519125452730994
2025-08-18,467,0.7517536063473989,0.7524763128177595,-0.0007227064703606667
2025-08-19,470,0.8234327942273268,0.8579099815322462,-0.03447718730491935
2025-08-20,476,0.9326334864536711,0.9914244189436393,-0.058790932489968216
2025-08-21,477,1.0725305806402496,1.1974620139191956,-0.12493143327894593
2025-08-22,466,0.8534986025157963,0.8616728158926829,-0.008174213376886511
2025-08-25,447,0.8515385059420608,0.8322495274087632,0.01928897853329758
2025-08-26,442,0.8020919916486668,0.7758947483576015,0.026197243291065254
2025-08-27,434,0.7946711902953308,0.7792602624314277,0.01541092786390319
2025-08-28,420,0.8285454655781563,0.8197729547020404,0.008772510876115934
2025-08-29,433,0.8744632560514672,0.896057814728919,-0.021594558677451754
2025-09-02,452,0.8850132487284598,0.9530839375646905,-0.06807068883623064
2025-09-03,452,1.0018998761197706,1.0927004789955008,-0.09080060287573022
2025-09-04,456,0.9607106894343672,1.057921339188099,-0.09721064975373196
2025-09-05,465,0.9808633919598699,1.0338855407987744,-0.053022148838904395
2025-09-08,446,1.0498337204263952,1.0467592525253702,0.003074467901025145
2025-09-09,443,0.9367566143197715,0.9978279905480972,-0.0610713762283256
2025-09-10,448,0.755116253558673,0.8973624000643948,-0.14224614650572182
2025-09-11,449,0.8996203939640702,0.8900565959337225,0.009563798030347794
2025-09-12,456,0.8954665310848322,1.0147803636056734,-0.1193138325208413
2025-09-15,475,0.8648242685935612,0.9272693629666015,-0.062445094373040216
2025-09-16,483,0.8564946673960014,0.9988973967309518,-0.14240272933495035
2025-09-17,485,0.8689383988704482,0.9620148405793884,-0.09307644170894006
2025-09-18,485,0.9075656148987172,0.8622670382994171,0.04529857659930022
2025-09-19,481,0.8582658359257511,0.9288555339043006,-0.07058969797854961
2025-09-22,484,0.8402067669814348,0.8551021867857205,-0.014895419804285681
2025-09-23,460,0.7748623019395181,0.8096295538143534,-0.034767251874835314
2025-09-24,452,0.9674164551942532,1.0139345100351573,-0.0465180548409041
2025-09-25,452,1.1038500064960366,1.166991317218523,-0.06314131072248635
2025-09-26,449,1.0680558925240957,1.1117119482358193,-0.04365605571172355
2025-09-29,449,1.0774706875403746,1.1045658627223378,-0.027095175181963395
2025-09-30,471,0.9169285318936651,0.9166381106403024,0.0002904212533625708
2025-10-01,480,0.9162235011276956,0.9401408913413434,-0.023917390213647898
2025-10-02,479,0.9223561731415636,0.8944767468935315,0.02787942624803205
2025-10-03,479,1.3300953240327476,1.1871758848589125,0.14291943917383498
2025-10-06,481,1.0340064387907355,0.9293605600002453,0.10464587879049042
2025-10-07,480,0.8290820195875291,0.8109336781534591,0.01814834143407005
2025-10-08,475,0.9045787052099729,0.8681560920027579,0.036422613207214995
2025-10-09,478,1.0164382990267484,0.9863941128433203,0.030044186183428096
2025-10-10,482,0.9394556156033377,0.9529236789397392,-0.013468063336401465
2025-10-13,480,0.8761538888740782,0.938590061295774,-0.062436172421695975
2025-10-14,482,0.8838759010905272,1.0139586839112902,-0.13008278282076297
2025-10-15,484,0.8754495663246821,0.9435446794472299,-0.0680951131225478
2025-10-16,484,0.9697499618955806,1.0721009738769935,-0.10235101198141303
2025-10-17,486,0.9757090412387212,1.0392050458583446,-0.06349600461962346
2025-10-20,487,0.9659253409074104,0.9864764734215462,-0.020551132514135772
2025-10-21,487,1.0516077983408385,1.0420665785600092,0.009541219780829288
2025-10-22,488,1.538452133947819,1.4637451270102335,0.07470700693758531
2025-10-23,487,1.4390920073631008,1.3827045044619117,0.05638750290118915
2025-10-24,479,1.3786250331136751,1.3091533534085038,0.06947167970517118
2025-10-27,473,1.5236974942919839,1.382971501980411,0.14072599231157304
2025-10-28,471,1.4259177522041364,1.3358956708116247,0.09002208139251154
2025-10-29,469,1.1878075515372795,1.176677946369525,0.011129605167754698
2025-10-30,471,1.1520049096728835,1.150171663301724,0.001833246371159284
2025-10-31,471,1.1585604320271587,1.182465093512086,-0.023904661484927026
2025-11-03,468,1.1462767070445228,1.1612462866135478,-0.014969579569024984
2025-11-04,471,1.156773344121929,1.1515010487577073,0.005272295364221489
2025-11-05,468,1.0120943520185837,1.0341910165761081,-0.02209666455752445
2025-11-06,458,0.9527646813224905,0.9605881622535163,-0.00782348093102585
2025-11-07,446,0.8233776648057181,0.8581786631362187,-0.034800998330500696
2025-11-10,438,1.1150854476833922,1.0874316243010296,0.027653823382362816
2025-11-11,433,1.1594582487807796,1.1270799048618247,0.032378343918955
2025-11-12,432,1.2412665678177288,1.176002801055695,0.0652637667620337
2025-11-13,436,1.1952992541612724,1.14259051124639,0.05270874291488235
2025-11-14,451,0.9109007933579486,0.9209185511181126,-0.010017757760163901
2025-11-17,463,0.887622033040723,0.9130835159205493,-0.025461482879826337
2025-11-18,463,1.1475525241681346,1.226192236566228,-0.07863971239809357
2025-11-19,467,1.2142052392300486,1.267659615833314,-0.053454376603265456
2025-11-20,460,1.6279063730559815,1.310691019061902,0.3172153539940794
2025-11-21,447,0.993628555981605,1.055326784851863,-0.061698228870258
2025-11-24,448,0.9344320668548631,0.9848768939223546,-0.05044482706749146
2025-11-25,446,1.0200735070838642,1.0175120573875636,0.0025614496963006074
2025-11-26,444,1.0067021857377885,1.0487479982296652,-0.042045812491876756
2025-11-28,437,1.1202970854333265,1.1606455337291706,-0.04034844829584406
2025-12-01,453,1.1076572292883269,1.121289220269148,-0.01363199098082109
2025-12-02,455,1.0958446666076684,1.1077919477684288,-0.011947281160760544
2025-12-03,456,1.1179483567431574,1.1482767565430718,-0.030328399799914522
2025-12-04,460,1.109909985213468,1.1682549972189324,-0.058345012005464415
2025-12-05,471,0.9539606548118524,0.9771631598176731,-0.023202505005820776
2025-12-08,453,1.0437167396719584,1.1258958672683113,-0.08217912759635287
2025-12-09,449,0.9762354289295732,1.0130062449736368,-0.03677081604406359
2025-12-10,450,1.084508348453361,1.0713290818775245,0.01317926657583665
2025-12-11,448,0.976261029071502,0.938748842388856,0.03751218668264611
2025-12-12,452,0.7969433054319363,0.8152629874770554,-0.018319682045119173
2025-12-15,472,0.7759171074784236,0.8012403205463158,-0.02532321306789215
2025-12-16,477,0.757510810703335,0.7822125458107452,-0.024701735107410017
2025-12-17,481,0.8059550575236379,0.8692600006488386,-0.06330494312520057
2025-12-18,477,0.6722741781555971,0.774187163036272,-0.10191298488067504
2025-12-19,477,0.5658256435928983,0.7169490288107613,-0.15112338521786298
2025-12-22,478,0.565361178778727,0.5501250510527125,0.015236127726014598
2025-12-23,462,0.6044881925931892,0.5265862133095233,0.07790197928366592
2025-12-24,445,0.7006452498317496,0.6859272009719626,0.014718048859786904
2025-12-26,450,0.79700445102524,0.818805404926702,-0.021800953901461917
2025-12-29,451,1.0286114255573935,1.0525725721178238,-0.023961146560430233
2025-12-30,452,1.03676176310221,1.051900694329766,-0.01513893122755596
2025-12-31,470,1.2253667866065692,1.295201824558181,-0.06983503795161161
2026-01-02,481,1.2121660334658975,1.3159712483696693,-0.10380521490377184
2026-01-05,480,0.9960703336268811,1.0381200298058832,-0.042049696179002026
2026-01-06,483,0.9992594179698439,1.0014448337839603,-0.0021854158141164474
2026-01-07,482,1.3238905451873624,1.3319515093231287,-0.008060964135766364
2026-01-08,478,1.203396121660913,1.2419947952967383,-0.0385986736358254
2026-01-09,478,1.116832595283057,1.1314216141382034,-0.014589018855146364
2026-01-12,477,1.1641118335712561,1.121391566731635,0.04272026683962098
2026-01-13,476,1.0322502233448858,1.0564268439368836,-0.024176620591997808
2026-01-14,476,0.918870954756845,0.9302479453701571,-0.011376990613312148
2026-01-15,476,0.9499605446350146,0.923144763950677,0.026815780684337504
2026-01-16,483,0.8857736013929038,0.8846742093747291,0.0010993920181748206
2026-01-20,488,0.980688537448114,1.0749730060964076,-0.09428446864829361
2026-01-21,487,1.019618653296416,1.0105523231405182,0.009066330155897733
2026-01-22,486,1.1445096580412781,1.1241471643792116,0.020362493662066574
2026-01-23,481,1.1468303696984488,1.1328783497714225,0.013952019927026379
2026-01-26,476,1.2743744365414054,1.263127158605062,0.011247277936343482
2026-01-27,474,1.6870021152961159,1.6601394006596903,0.02686271463642534
2026-01-28,474,2.075603480911176,2.0736215932660627,0.001981887645113183
2026-01-29,475,2.0612131355399295,1.9870567927483092,0.0741563427916201
2026-01-30,477,2.0509749914016657,1.9978766649500084,0.053098326451657324
2026-02-02,476,1.8623007127820537,1.815331186177992,0.04696952660406168
2026-02-03,473,1.5369932124016048,1.4565603560596,0.08043285634200448
2026-02-04,471,1.5720851041652766,1.523361448288212,0.04872365587706452
2026-02-05,470,1.6367560757615298,1.599005279112637,0.037750796648892894
2026-02-06,453,1.5590306178731996,1.5590655292683853,-3.491139518587249e-05
2026-02-09,442,1.4779123122376472,1.4738784080957898,0.0040339041418573866
2026-02-10,441,1.1900650393169745,1.1952905528551447,-0.005225513538170342
2026-02-11,440,1.0839304757368942,1.1046850336725866,-0.020754557935692457
2026-02-12,435,1.1639575489566791,1.1877884754839874,-0.023830926527308213
2026-02-13,451,1.0679256261668246,1.0898679061905636,-0.02194228002373915
2026-02-17,464,1.0515048253884054,1.0813791765079384,-0.029874351119532877
2026-02-18,463,1.0543420400182324,1.0654174893932487,-0.011075449375016281
2026-02-19,467,0.8879527060307338,0.9144080145084222,-0.026455308477688365
2026-02-20,456,1.0720138315710015,1.0660541686659697,0.005959662905031858
2026-02-23,446,1.1904308863766104,1.16866354769916,0.021767338677450454
2026-02-24,447,1.3064894342846491,1.2785450131846838,0.027944421099965547
2026-02-25,446,1.2323072608550523,1.2187147975509487,0.013592463304103382
2026-02-26,440,1.3958900159301155,1.379494452746456,0.016395563183659468
2026-02-27,438,1.6750239957830146,1.6383817486888932,0.03664224709412143
2026-03-02,444,1.3766364367634967,1.3854913022600948,-0.008854865496598098
2026-03-03,434,1.2139320400102498,1.2191355036633382,-0.0052034636530883015
2026-03-04,434,1.3754074475355575,1.3588903735919324,0.016517073943624994
2026-03-05,440,1.5964795212062657,1.5602093472754477,0.036270173930817856
2026-03-06,439,1.3227281333944712,1.3946683798188275,-0.07194024642435623
2026-03-09,436,1.120897589337304,1.2451297185904346,-0.12423212925313055
2026-03-10,441,0.9453892852301021,0.9962903796712064,-0.050901094441104314
2026-03-11,448,1.0292755145783,1.1532708571924737,-0.12399534261417358
2026-03-12,446,0.9660521424302568,1.066043648603467,-0.09999150617321022
2026-03-13,464,1.0568725397739802,1.0646295887523358,-0.0077570489783554694
2026-03-16,477,1.0158886688360758,1.0291884502723563,-0.013299781436280491
2026-03-17,483,1.1622998196781429,1.1471347856613585,0.015165034016784384
2026-03-18,481,1.0248765453275657,1.042456805264657,-0.017580259937091385
2026-03-19,484,1.0000660834366448,0.9871684197347859,0.012897663701858957
2026-03-20,483,1.0965507568657502,1.1504043918141489,-0.053853634948398815
2026-03-23,483,1.1785664021426752,1.1507262484330245,0.027840153709650647
2026-03-24,463,0.819223685067544,0.8824846698218538,-0.06326098475430973
2026-03-25,460,0.8418884143552905,0.8562663781880114,-0.014377963832720926
2026-03-26,451,0.9419124939263587,0.9675869262785137,-0.025674432352155115
2026-03-27,452,1.1961477190675025,1.0930315327639206,0.103116186303582
2026-03-30,451,1.3413305850011865,1.2312634948943,0.11006709010688646
2026-03-31,474,1.3999445688944065,1.3480074744136035,0.0519370944808032
2026-04-01,474,1.3192560757246463,1.2962343910662386,0.02302168465840763
2026-04-02,478,1.3659836491182158,1.4029155581883204,-0.03693190907010469
2026-04-06,481,1.3815700971932503,1.4245332833156832,-0.042963186122432835
2026-04-07,482,1.6019453223908637,1.6737331350859967,-0.07178781269513311
2026-04-08,477,1.040246347572542,1.031812296767714,0.008434050804828284
2026-04-09,481,1.1469172133164378,1.115466491486127,0.031450721830310745
2026-04-10,483,1.4531281611314109,1.4178322106686276,0.035295950462783415
2026-04-13,480,1.1847504030067157,1.139671765644114,0.045078637362601495
2026-04-14,481,1.1362386493771892,1.115207641463595,0.021031007913594333
2026-04-15,482,1.108309128813424,1.1141292492245862,-0.005820120411162332
2026-04-16,483,1.1885060836954036,1.1977434094455253,-0.009237325750121641
2026-04-17,486,1.2865814072285837,1.3204785399353043,-0.033897132706720456
2026-04-20,489,1.2800735391246008,1.3382522494878533,-0.05817871036325244
2026-04-21,489,1.2022017524599566,1.212040806639247,-0.009839054179290402
2026-04-22,491,1.404049278703402,1.4331925517670847,-0.029143273063682792
2026-04-23,485,1.2233068386068786,1.2442517529566834,-0.020944914349804743
2026-04-24,480,1.1700712095247083,1.1932560709606053,-0.023184861435896875
2026-04-27,474,1.3199243689213929,1.3208022266639017,-0.0008778577425090297
2026-04-28,471,1.392921499517533,1.417543877831692,-0.024622378314159116
2026-04-29,472,1.5593586316114936,1.561638476299869,-0.0022798446883754674
2026-04-30,477,1.3891780329225272,1.3996261012369062,-0.010448068314379121
2026-05-01,469,1.605806977225711,1.6248173238699928,-0.01901034664428202
2026-05-04,470,1.675661613541228,1.6951708587753918,-0.019509245234163693
2026-05-05,470,1.3908447134516078,1.404723697208849,-0.013878983757241241
2026-05-06,464,1.4357788497496216,1.5608728598105353,-0.12509401006091367
2026-05-07,459,1.3685046594545816,1.3867168349683985,-0.01821217551381717
2026-05-08,447,1.2293119516064723,1.2351059259920836,-0.005793974385611016
2026-05-11,441,1.166891368676474,1.1802620995996238,-0.013370730923149674
2026-05-12,441,1.1275996046168442,1.1390251241536768,-0.011425519536832846
2026-05-13,442,1.0509459399777423,1.0596099618132138,-0.00866402183547153
2026-05-14,443,1.0310979328823615,1.0391668131518024,-0.008068880269440823
2026-05-15,449,1.2045970763087437,1.1844397876716828,0.020157288637060778
2026-05-18,457,1.313380504119999,1.298802566754472,0.014577937365527099
2026-05-19,457,1.611893528198567,1.5845472137600323,0.0273463144385345
2026-05-20,460,1.4268879878551524,1.4254494235271193,0.001438564328032996
2026-05-21,449,1.6153031034713932,1.5948801039278009,0.02042299954359225
2026-05-22,448,1.8079037646676357,1.7846154820087727,0.023288282658863225
2026-05-26,449,1.5827495371129394,1.5808422537953404,0.0019072833175992042
2026-05-27,448,1.4708000506446812,1.4785043416622978,-0.007704291017616774
2026-05-28,444,1.23416470409878,1.2440374829802436,-0.00987277888146366
2026-05-29,442,1.1380495517963507,1.170347668398908,-0.03229811660255717
2026-06-01,457,1.173321079336426,1.230085362657744,-0.05676428332131792
2026-06-02,454,1.3343753916532402,1.3299308264342626,0.004444565218977543
2026-06-03,452,1.4631846414088763,1.455916262824806,0.007268378584070246
2026-06-04,456,1.2335018056771643,1.2368550961121467,-0.0033532904349823957
2026-06-05,463,1.0961540559141314,1.11550255275174,-0.019348496837608434
2026-06-08,440,1.2719512196200875,1.2494061000250425,0.02254511959504486
2026-06-09,439,1.1175708404441296,1.1113441409428155,0.006226699501314038
2026-06-10,443,1.5024756500429945,1.4913547624752415,0.011120887567753255
2026-06-11,442,1.3365190238363003,1.353490599402881,-0.016971575566580913
2026-06-12,449,1.4316786326336413,1.4409103706294553,-0.00923173799581402
2026-06-15,475,1.086971115785694,1.0926176077891738,-0.005646492003479826
2026-06-16,479,1.1343082707882592,1.1310102746213797,0.0032979961668795337
2026-06-17,478,1.4393274676811958,1.468175339600022,-0.028847871918826103
2026-06-18,477,1.4856458875931857,1.4702494597733333,0.015396427819852307
2026-06-22,479,1.6193998353385122,1.5982521029184111,0.021147732420101144
2026-06-23,460,1.3915439554311315,1.3682467317520703,0.02329722367906122
2026-06-24,455,1.310966199087945,1.301805959119532,0.009160239968413282
2026-06-25,452,1.8013491078309918,1.7322229564377953,0.06912615139319635
2026-06-26,450,1.34536724138952,1.3257270555279537,0.0196401858615662
2026-06-29,450,1.4370850375373334,1.4055370532960816,0.031547984241251575
2026-06-30,470,1.3747430710891673,1.390517900330381,-0.015774829241213748
2026-07-01,474,0.9812500956678787,1.0012456065765913,-0.01999551090871276
2026-07-02,473,0.9626397345050891,0.9639389730497645,-0.0012992385446753802
2026-07-06,479,1.035066449325902,1.0353667832108278,-0.00030033388492576245
2026-07-07,482,1.0379840724109943,1.041045589187639,-0.003061516776644443
2026-07-08,479,1.0034707309081263,1.0267583111179361,-0.023287580209809745
2026-07-09,483,1.179061642434444,1.189529509282501,-0.010467866848057176
2026-07-10,487,1.1395414278408962,1.139334792023502,0.00020663581739427885
2026-07-13,483,0.9529140448492198,0.9743238728766086,-0.021409828027388875
2026-07-14,481,0.9382374802031217,0.9978884012238436,-0.05965092102072184
2026-07-15,484,0.9734265802318176,0.9995718136539787,-0.026145233422161174
2026-07-16,482,1.3306754700806498,1.3479528942802181,-0.017277424199568396
2026-07-17,481,1.0471338708157347,1.0601438751895937,-0.013010004373859109
2026-07-20,485,1.0855462721080613,1.0808175162137599,0.0047287558943016105
2026-07-21,485,1.6860804086207504,1.6405849015602478,0.04549550706050235
2026-07-22,486,1.9945883672387141,1.9500416309937674,0.04454673624494679
2026-07-23,486,1.616884082014822,1.570722077699623,0.04616200431519899
2026-07-24,481,1.3624342864905195,1.3522716461080293,0.010162640382490054
2026-07-27,474,1.2901623772835376,1.2743468565979512,0.015815520685586434
2026-07-28,474,1.5591378904391393,1.5155776905521146,0.0435601998870248
2026-07-29,473,1.7983671702362307,1.7255811797602938,0.07278599047593708
2026-07-30,474,1.3794563864389016,1.385905365139129,-0.0064489787002274535
2026-07-31,475,1.4382555169494726,1.4608340625110912,-0.02257854556161849
2026-08-03,476,1.2640671879876013,1.2898861991223285,-0.025819011134727125
2026-08-04,475,1.0895973533086871,1.1185619307278398,-0.028964577419152936
2026-08-05,470,1.09140402653237,1.1077746629380112,-0.016370636405641223
2026-08-06,464,1.0941952164175448,1.0685978077762774,0.02559740864126755
2026-08-07,448,1.0417182839506296,1.036623427058696,0.005094856891933565
2026-08-10,445,1.0307055755900671,1.0359007501422939,-0.005195174552226613
2026-08-11,441,0.9369891887693955,0.9198054625762987,0.017183726193096778
2026-08-12,437,1.2478885433640212,1.2471315530778517,0.0007569902861696113
2026-08-13,438,1.2735266142964996,1.2669683364793185,0.006558277817181226
2026-08-14,454,1.3408466435813986,1.3175932701759212,0.023253373405477454
2026-08-17,457,1.511071304359356,1.5159782132935218,-0.004906908934165959
