reaction_label_id,event_state_id,event_id,asset_id,state_time,origin_trading_day,target_trading_day,return_pct,event_type,event_subtype_filled,event_scope,source_signature,sector_filled,event_age_seconds_filled,time_to_scheduled_seconds_filled,evidence_count,distinct_cluster_count,distinct_source_count,point_in_time_evidence_fraction,semantic_observed_fact_count,semantic_official_statement_count,semantic_reported_fact_count,semantic_opinion_count,semantic_forecast_count,semantic_rumor_count,semantic_speculation_count,semantic_correction_count,semantic_retraction_count,semantic_mixed_count,semantic_unknown_count,seconds_since_first_evidence,has_known_occurrence_time,has_scheduled_time,asset_return_1d_pct,asset_return_3d_pct,asset_return_5d_pct,asset_return_10d_pct,asset_return_20d_pct,asset_vol_5d_pct,asset_vol_20d_pct,asset_range_1d_pct,asset_distance_high_20d_pct,asset_distance_low_20d_pct,asset_volume_ratio_20d,cross_section_peer_count,cross_section_median_return_1d_pct,cross_section_median_return_5d_pct,cross_section_median_return_20d_pct,cross_section_breadth_positive_1d,cross_section_breadth_positive_5d,cross_section_dispersion_1d_pct,cross_section_median_vol_20d_pct,asset_minus_cross_section_1d_pct,asset_minus_cross_section_5d_pct,asset_minus_cross_section_20d_pct,sector_peer_count,sector_context_fallback,sector_median_return_1d_pct,sector_median_return_5d_pct,sector_median_return_20d_pct,sector_median_vol_20d_pct,asset_minus_sector_1d_pct,asset_minus_sector_5d_pct,asset_minus_sector_20d_pct,event_anchor_day,pred_zero,pred_market,pred_event_only,pred_market_plus_event,pred_capacity_control,pred_contextual_event,fold_id
erl_2cbb5054443f5f25650f03523052be4a4114d936987eebdf7990334d8813e4aa,est_e88ab8c0038ac8806dd727136701cd7de9eb3b1b9f13538f31caa3096d82a105,evt_84fe2c3912b1bcc1ccb2a301e739532b8d14a7017de77d2ca05c01f7c7456fc1,287,2025-08-20T20:16:08+00:00,2025-08-20,2025-08-25,-1.4331460246900685,other_material_disclosure,8-K:item:8.01,company,sec_edgar,Health Care,0.0,0.0,10.0,1.0,1.0,0.0,0.0,10.0,0.0,0.0,0.0,0.0,0.0,0.0,0.0,0.0,0.0,0.0,0.0,0.0,0.3171144322565933,0.6003767793615999,6.805555401540708,-5.483874344299555,-11.697481567366342,1.4889875676874627,3.8067740223118753,2.927245875969648,-13.993803170059959,13.09114901234949,0.5972841276872664,9.0,0.5849230980215836,0.864312563535452,0.43622577302693255,0.7777777777777778,0.6666666666666666,1.0243792117281256,1.0859915629622914,-0.2678086657649903,5.941242838005256,-12.133707340393276,1.0,0.0,0.5849230980215836,2.5341120372355697,5.759899398473478,0.9198675727378579,-0.2678086657649903,4.271443364305139,-17.45738096583982,2025-08-20,0.0,1.0113933991700979,0.7929960859039856,2.03500033346146,0.5506371163195305,0.804040821480038,0
erl_d26664207594068a80d5c31c4f4dee74b45da1a0b70f492528d48162dc268b64,est_fb4b76c12def348c646dff31f69ae59d9fa7980766cd934e13b57d51c5c0fd54,evt_6a3157e7abfafb1fd2b7c49336f934ad80e170a0ff9c59ca00e9e74d1b89b46f,482,2025-08-21T10:59:09+00:00,2025-08-20,2025-08-25,-6.33713563355699,financial_results_disclosure,8-K:item:2.02,company,sec_edgar,Consumer Staples,0.0,0.0,7.0,1.0,1.0,0.0,0.0,7.0,0.0,0.0,0.0,0.0,0.0,0.0,0.0,0.0,0.0,0.0,0.0,0.0,1.2636970754540178,2.56999969482421,1.5645131839551407,-0.7643197667011492,7.20108629564431,0.7304773163306676,1.2012541565548946,1.6769047731506603,-2.053095398029703,7.5721041806442235,1.2111005758814075,9.0,0.5615570565390859,0.864312563535452,0.06531224314569872,0.7777777777777778,0.6666666666666666,0.9756919972801386,1.0859915629622914,0.7021400189149318,0.7002006204196887,7.135774052498611,1.0,0.0,1.3987900371904782,1.6059694672690972,5.671543975642224,0.9449494990453082,-0.13509296173646046,-0.041456283313956455,1.5295423200020863,2025-08-20,0.0,0.11965911182004764,0.2030908280857189,2.095422896955055,1.4624353820173444,1.6342668631672643,0
erl_f8392a3e807b4227a5b5939971bab1c155b89b57353f183670dc80fc110f76bc,est_bfbc148ee9076ec35e2e9b7b38057a81a3bfd287e8b88a75d03d0a0ba297283e,evt_641e77d08ab10d0aae4173b721ac4f1b41c69ec87e2b99960f590dfad2a928e5,482,2025-08-29T20:13:07+00:00,2025-08-29,2025-09-04,4.073001455469405,quarterly_report_disclosure,10-Q,company,sec_edgar,Consumer Staples,0.0,0.0,10.0,1.0,1.0,0.0,0.0,10.0,0.0,0.0,0.0,0.0,0.0,0.0,0.0,0.0,0.0,0.0,0.0,0.0,0.9052156290261459,0.9682459923240572,0.1549122410847703,-3.0199966430664027,-1.5331450295334004,0.5352743271269804,1.5964878893610335,1.2682982934245526,-7.391136147388943,1.634882852571673,0.8186381429235997,9.0,0.11625405885704598,1.7485901175128715,4.241154279245585,0.6666666666666666,0.6666666666666666,0.5088734770839566,0.9543524322169258,0.7889615701691,-1.5936778764281012,-5.774299308778986,1.0,0.0,-0.17355386580417687,-1.5878284737218196,-0.9658602463346377,1.1465284717963302,1.0787694948303228,1.7427407148065899,-0.5672847831987626,2025-08-29,0.0,-0.8704135463357965,-1.8977335396241601,-2.124892725323669,-0.7061942293279946,-0.6476034228604615,0
erl_8d453f185c8a5b33c0be2eb877ea5702951a029dd53f6d0fdde28e68764fbf71,est_4e407d406479530d61831421ac0488fde930c6f7f12709f4a448b1020a2be5ea,evt_6c02f615346a391e3cfcb7d662bf1ed9d12e5d33c3962c03e27f94606ed0fe77,482,2025-09-05T20:07:39+00:00,2025-09-05,2025-09-10,-0.09949106755122727,other_material_disclosure,8-K:item:8.01,company,sec_edgar,Consumer Staples,0.0,0.0,5.0,1.0,1.0,0.0,0.0,5.0,0.0,0.0,0.0,0.0,0.0,0.0,0.0,0.0,0.0,0.0,0.0,0.0,-0.4161281756419166,2.7184503869081666,4.578089166513855,2.6031064471110366,-2.531032332073979,0.7233005548375919,1.3897945078718583,1.920207207398,-4.020243540295477,5.3343157251722895,0.7399830350472671,9.0,-2.113304672088523,-1.4260273257431733,3.0958060435751777,0.1111111111111111,0.3333333333333333,1.334205139682494,1.1354683516318744,1.6971764964466063,6.004116492257028,-5.626838375649157,1.0,0.0,0.792965358415354,1.9598668795990148,-1.4292323457787526,0.986114058846774,-1.2090935340572706,2.6182222869148397,-1.1017999862952266,2025-09-05,0.0,-0.22079117990002178,0.3148376120703941,-0.20408086193802288,0.7761231156385278,0.7934899870762506,0
erl_cb7c51b42ef9ca9a87509bbec1967b1690b1dd37556d25abada32f00c57009ac,est_fdea74e1e21dcfe6ddf869f6441e7752ee978b06ec5388da952afb72852371fc,evt_66ffa265eeb0490897bd64a6c61ad05f8748b945be008ca6536ec95ad66dc60e,266,2025-09-08T23:55:25+00:00,2025-09-08,2025-09-11,0.20771072084735387,management_or_board_change,8-K:item:5.02,company,sec_edgar,Health Care,0.0,0.0,6.0,1.0,1.0,0.0,0.0,6.0,0.0,0.0,0.0,0.0,0.0,0.0,0.0,0.0,0.0,0.0,0.0,0.0,-0.1681263270092992,0.07303645101826017,0.5418562531968485,-0.6469900422546471,2.7692857561014694,0.29637243471502167,0.5857441620918793,1.543816271609693,-1.6725539401888478,3.6784863593653183,1.0376480884436392,9.0,0.5676051433977536,-1.6755787944240708,1.437177502470921,0.6666666666666666,0.4444444444444444,0.866185356459598,1.196738223856451,-0.7357314704070528,2.2174350476209193,1.3321082536305484,1.0,0.0,1.5717595096909953,0.8272130575806447,18.05961573168531,1.8304814768083886,-1.7398858367002945,-0.2853568043837962,-15.29032997558384,2025-09-08,0.0,-0.4664213577609746,1.0341547826077535,-0.5726958424908609,-1.0663211005171778,-1.0280973622743463,0
erl_3a44189629f764cf14c248599ad801ccce68672ae31b33a22fbec09139375872,est_bf6afeb406486c1aa231368b8e21c91b3e0bde776a25943c24184a78d12fd7d2,evt_05228b6893b7779c8f1aabc00781f1275a79bb0e2833e4246ea35fbadcaba0cc,268,2025-09-12T20:32:01+00:00,2025-09-12,2025-09-17,1.5770083347361963,charter_or_bylaw_change,8-K:item:5.03,company,sec_edgar,Financials,0.0,0.0,6.0,1.0,1.0,0.0,0.0,6.0,0.0,0.0,0.0,0.0,0.0,0.0,0.0,0.0,0.0,0.0,0.0,0.0,0.4418137564805802,3.0417986815300058,4.256402802997727,1.9397469677547852,4.3343757959173335,0.8200550709617166,1.1178304351254233,1.2544314424420346,-0.20809109291534122,6.836779127492765,0.966094209248214,9.0,0.017838659327451545,2.2452146726669175,1.9116279272866965,0.5555555555555556,0.7777777777777778,0.8513386651436105,1.1297301142289407,0.42397509715312864,2.01118813033081,2.422747868630637,1.0,0.0,-0.3349717614685943,1.627489181918751,6.015516247444408,1.1121792828278434,0.7767855179491745,2.6289136210789765,-1.6811404515270745,2025-09-12,0.0,-0.008179321686431732,1.2070053599421575,0.7803541173694197,-0.6836699076381743,-0.777328057889538,0
erl_91b0fdb66771b3137104224d22c7228192a3c3de473b29aa368060a570370629,est_8a9802128b7e73d0a129d6da44bc7b1b4898c368d23b4f6b57f7f4f2df40be1c,evt_dd7ff6d61d6b1a9a2c60377b22a360181bacf8fbe9c39b7a92b25b6d642fb3dd,58,2025-09-12T21:18:07+00:00,2025-09-12,2025-09-17,1.6211934858427757,other_material_disclosure,8-K:item:8.01,company,sec_edgar,Financials,0.0,0.0,6.0,1.0,1.0,0.0,0.0,6.0,0.0,0.0,0.0,0.0,0.0,0.0,0.0,0.0,0.0,0.0,0.0,0.0,-0.3349717614685943,0.5766572086854049,1.627489181918751,0.17825341571788833,6.015516247444408,0.9391406631410754,1.1121792828278434,0.929223415754322,-0.7456775122544168,8.100023170270187,0.7603059011603147,9.0,0.3712478287967391,2.6824134533818045,1.9116279272866965,0.6666666666666666,0.7777777777777778,0.8141865967960021,1.1297301142289407,-0.7062195902653334,-1.0549242714630536,4.103888320157711,1.0,0.0,0.4418137564805802,4.256402802997727,4.3343757959173335,1.1178304351254233,-0.7767855179491745,-2.6289136210789765,1.6811404515270745,2025-09-12,0.0,-0.26007046991210014,1.0952406210422159,-0.1936698192665316,-0.5476503677303874,-0.6639856691741634,0
erl_4682bb497f1e8b6bcf4e9df9f7cbe3b2c118ef6fb934154dbe0fa33c5345c98e,est_1b00b5d99d868a9a8ecd709bde28c047f6ad3161f379c56a0406e682818b9a2c,evt_0b5c58c889661ba685d164c4372ae9297d3d4250cdfa9b9c2ea5d5400dc58588,58,2025-09-15T20:56:10+00:00,2025-09-15,2025-09-18,3.044081658198139,management_or_board_change,8-K:item:5.02,company,sec_edgar,Financials,0.0,0.0,11.0,1.0,1.0,0.0,0.0,11.0,0.0,0.0,0.0,0.0,0.0,0.0,0.0,0.0,0.0,257883.0,0.0,0.0,0.01976734118476209,0.917612357214237,2.2846766862759216,-0.2956277511172445,7.775887585565555,0.8388642566278727,1.025310341845108,1.2453075038842576,-0.9786650978795719,8.121391670671052,0.7898770117576188,9.0,0.16939622486469297,1.3785722320469818,2.206485897990196,0.6666666666666666,0.6666666666666666,0.7028699406173848,1.121889647209951,-0.14962888367993088,0.9061044542289398,5.569401687575359,1.0,0.0,0.6483953636668982,5.459011312164153,6.337569031984791,1.0687802475187547,-0.6286280224821361,-3.174334625888231,1.438318553580764,2025-09-15,0.0,-0.08614397704585854,0.8831612117401788,1.5855391346437173,-0.5782625710787022,-0.6858212325457446,0
erl_e987cb3afe9d47e96591de4eba20d95be8a4e56481339c4d67d2c71284c5f27b,est_e64cb846f2afc0806d211032b0786e06a8d1ad5862690fcb6eaf7236d5661c4b,evt_dd7ff6d61d6b1a9a2c60377b22a360181bacf8fbe9c39b7a92b25b6d642fb3dd,58,2025-09-15T20:56:10+00:00,2025-09-15,2025-09-18,3.044081658198139,other_material_disclosure,8-K:item:8.01,company,sec_edgar,Financials,0.0,0.0,11.0,1.0,1.0,0.0,0.0,11.0,0.0,0.0,0.0,0.0,0.0,0.0,0.0,0.0,0.0,257883.0,0.0,0.0,0.01976734118476209,0.917612357214237,2.2846766862759216,-0.2956277511172445,7.775887585565555,0.8388642566278727,1.025310341845108,1.2453075038842576,-0.9786650978795719,8.121391670671052,0.7898770117576188,9.0,0.16939622486469297,1.3785722320469818,2.206485897990196,0.6666666666666666,0.6666666666666666,0.7028699406173848,1.121889647209951,-0.14962888367993088,0.9061044542289398,5.569401687575359,1.0,0.0,0.6483953636668982,5.459011312164153,6.337569031984791,1.0687802475187547,-0.6286280224821361,-3.174334625888231,1.438318553580764,2025-09-12,0.0,-0.08614397704585854,0.7929960859039856,0.9374629572455035,-0.5782625710787022,-0.6556096170999755,0
erl_b8083467d441c1659c7317b6813e4d9588d8758eb8d6e47e8ee3dba7594b911f,est_1b5c9b140254fa0d6ce99a76a7a2d56cd2c4b2eb17f7292909240156c2268cef,evt_89c27235332777f50f3597f54d94d442131212802414e30ab2a1c98955b3036a,482,2025-09-19T20:04:09+00:00,2025-09-19,2025-09-24,0.3908936956136255,other_material_disclosure,8-K:item:8.01,company,sec_edgar,Consumer Staples,0.0,0.0,5.0,1.0,1.0,0.0,0.0,5.0,0.0,0.0,0.0,0.0,0.0,0.0,0.0,0.0,0.0,0.0,0.0,0.0,-1.2258655036405663,-1.053951225284322,-1.1208774342055916,1.8107647558870843,4.46100733710062,0.6997479041209839,1.0594758506697428,1.807882410253405,-3.562339796017411,7.241672390178544,1.9507993900597913,9.0,0.23019169274132167,0.5884415220804851,3.286639410015857,0.5555555555555556,0.5555555555555556,1.5020391256819146,1.0567653530913241,-1.456057196381888,-1.7093189562860767,1.174367927084763,1.0,0.0,-0.12600405576556062,-1.7295227655010348,-1.9099104520188148,0.9880912259467106,-1.0998614478750057,0.6086453312954432,6.370917789119435,2025-09-19,0.0,-0.4143352026431937,0.3148376120703941,-0.3976248846811948,1.5694871151918914,1.7386674357084209,0
erl_f29ae45c9d427bec37a16d100ed8b60c4ae7a8449009eff6345d7398c88f5513,est_fae850d1ffb9812a7ecfbf4de8185836de2b8e98ee1fe85fc46145cdf1d50921,evt_d96b11c470b2f3f1ad18876bc5b5c2afec452549d2b33b0e51bf92acdf3769bd,482,2025-09-22T20:39:22+00:00,2025-09-22,2025-09-25,0.2236951542659682,other_material_disclosure,8-K:item:8.01,company,sec_edgar,Consumer Staples,0.0,0.0,5.0,1.0,1.0,0.0,0.0,5.0,0.0,0.0,0.0,0.0,0.0,0.0,0.0,0.0,0.0,0.0,0.0,0.0,0.47884086289620154,-1.3906176224458555,-0.8390420735824189,0.5279633574229559,6.186097026230208,0.7417656020349769,1.0120209034061465,1.2448928059676974,-3.100556871739746,7.755189339635993,0.7636406384422607,9.0,-0.6719017083315459,-0.1765703916477901,1.4234175944486394,0.2222222222222222,0.4444444444444444,1.584471927394512,1.0437329364448644,1.1507425712277475,-0.6624716819346288,4.762679431781569,1.0,0.0,-0.8305609573528439,-1.7539804445922735,-1.59408773885098,0.9733872746708326,1.3094018202490454,0.9149383710098546,7.780184765081188,2025-09-22,0.0,-0.2920927961804742,0.3148376120703941,-0.2753824782184753,0.4627803591915625,0.4998567985485323,0
erl_8906d6b2572159e652288b930cbf5d1821fb1c866578b29b55f1911609c6bef9,est_551a1cfaea04564fc7d03cc56a87df9e8f2f70a1d84df5c46f8eb289be3d3a7b,evt_6678cdf18a4ac8727895aa32bd66d69ff1d6d60647be312a5d448851c0f2645a,100,2025-09-25T12:00:43+00:00,2025-09-24,2025-09-29,-1.9349081002528745,regulation_fd_disclosure,8-K:item:7.01,company,sec_edgar,Energy,0.0,0.0,4.0,1.0,1.0,0.0,0.0,4.0,0.0,0.0,0.0,0.0,0.0,0.0,0.0,0.0,0.0,0.0,0.0,0.0,1.118024728311262,1.9012776610106918,-0.5684325585145866,0.880917326061259,1.156578583102763,1.0318335769163771,1.1550285929445017,1.407215476964193,-1.6557567802201745,4.120871004548898,0.8121425991741864,9.0,0.17698643371366618,-0.28780728872410677,2.7536099682910375,0.6666666666666666,0.4444444444444444,0.4226012630910506,0.9947818321275921,0.9410382945975959,-0.28062526979047986,-1.5970313851882745,1.0,0.0,0.5353230598405645,-0.6331887857893848,2.7536099682910375,1.233720911984784,0.5827016684706976,0.06475622727479813,-1.5970313851882745,2025-09-24,0.0,-0.2845465804557534,0.6356226250192456,0.8157801099824358,-0.15788102877250038,-0.18268658324294776,0
erl_358d73e21423b9ba8b0bad7285c69793e0761875122cc63964ca01c9c573ff96,est_15f7512d226317359286b7023ff53bfef37172088c18a971d6d5bedff859976f,evt_a8b38c6578bd798150d9c8a521d237e483354fe19f30bc668d70e631f809b71e,131,2025-09-25T20:16:57+00:00,2025-09-25,2025-09-30,-1.8742505349820693,financial_results_disclosure,8-K:item:2.02,company,sec_edgar,Consumer Staples,0.0,0.0,6.0,1.0,1.0,0.0,0.0,6.0,0.0,0.0,0.0,0.0,0.0,0.0,0.0,0.0,0.0,0.0,0.0,0.0,-0.20735048527490418,0.005299471243480625,-0.9502696388097309,-2.1787383447454567,-0.6540169606662927,0.34655116264148805,0.8728193602628438,1.8424489221776683,-3.8419982101331573,1.0508835092226887,1.4085468636701792,9.0,0.3114958477246299,0.070236316121286,2.5188437586613155,0.7777777777777778,0.5555555555555556,1.4673002308218654,1.0097994843367522,-0.5188463329995341,-1.020505954931017,-3.172860719327608,1.0,0.0,0.3114958477246299,-0.5308836201389222,7.254372489458372,0.9856404440324305,-0.5188463329995341,-0.4193860186708087,-7.908389450124664,2025-09-25,0.0,-0.8732283526588499,-2.1460701330146477,-2.880340396325293,-0.018076476942375574,-0.14649225550142286,0
erl_9da02e16a9ff86781e47f1d1c1c5f2a82538a78c309feb73738a11596b04c971,est_9c707aa54e8aceb348fe4f6ba311edde4c4bdc22f35232f0939b530b61043655,evt_bbe826ce31c16230772bf7f3fdab2991f35c3cbf953f45ea589677bae598b9b5,315,2025-09-30T20:37:10+00:00,2025-09-30,2025-10-03,-0.11584836508390373,management_or_board_change,8-K:item:5.02,company,sec_edgar,Information Technology,0.0,0.0,5.0,1.0,1.0,0.0,0.0,5.0,0.0,0.0,0.0,0.0,0.0,0.0,0.0,0.0,0.0,0.0,0.0,0.0,0.6509982083227506,2.1537213683657574,1.7123894964111264,1.7503542968220431,2.53999390518429,0.5267816661815206,0.9974795255020894,1.6410791161492102,-0.25996064272501007,5.1952834948351345,0.9720779260773964,9.0,-0.019406550354672536,0.07861188255666729,3.782695285061388,0.4444444444444444,0.5555555555555556,1.9018320205092423,1.0958216817847728,0.6704047586774231,1.633777613854459,-1.242701379877098,1.0,0.0,0.07861188255666729,0.07861188255666729,10.843637266994932,1.7764989871880763,0.5723863257660833,1.633777613854459,-8.303643361810643,2025-09-30,0.0,-0.5398945706276791,-0.6271337669876691,-1.249949043264606,-1.3285883905643714,-1.4379657273258508,0
erl_bfe078370b6e8be47b322289dbfd0c18993bb15f62a9180f47044c46781bce5b,est_f7dc5c3d05f33e7724ed497d29640fe6789cd49163c2667a90bf701aa7cbf78c,evt_b8e0fce0aab856841baee4a4312d191c2d11ba15762c59bffd76a145450aaff5,131,2025-10-08T01:16:06+00:00,2025-10-07,2025-10-10,1.6626609286858107,annual_report_disclosure,10-K,company,sec_edgar,Consumer Staples,0.0,0.0,10.0,1.0,1.0,0.0,0.0,10.0,0.0,0.0,0.0,0.0,0.0,0.0,0.0,0.0,0.0,0.0,0.0,0.0,0.4237365074777122,-0.2148883249136535,-1.1700157765753172,-3.052139522903774,-6.581568772737423,0.4403824619152441,0.9838403523339122,1.5041550010098022,-6.748217350359964,1.2742319792766077,0.9846277276133242,9.0,-0.08180741481198517,0.7265467808348136,3.303675049941357,0.4444444444444444,0.6666666666666666,0.44933405895960626,0.953037284456844,0.5055439222896974,-1.8965625574101308,-9.885243822678781,1.0,0.0,0.5258042176958355,0.17465584071398865,0.928729044617671,0.8407208377031472,-0.10206771021812333,-1.3446716172893058,-7.510297817355094,2025-10-07,0.0,-0.44223469769247276,0.9459092245053706,1.6839556846576,-1.1982720897607555,-1.0263081995134171,0
erl_ef15ea0ad0c649951e6501689d080e3cfeda13d573b0a6049b80299dc21b3ac3,est_9d9d19be3a4801fcd263e059b96ea8ff43432f22fb6075f9c5faade4954317c1,evt_793556b1974171c7bf373de779cb840008449f5bb43b1082a1a7e1312bbd5e05,268,2025-10-14T10:30:57+00:00,2025-10-13,2025-10-16,-3.061984166770626,financial_results_disclosure,8-K:item:2.02,company,sec_edgar,Financials,0.0,0.0,7.0,1.0,1.0,0.0,0.0,7.0,0.0,0.0,0.0,0.0,0.0,0.0,0.0,0.0,0.0,0.0,0.0,0.0,2.353014798625974,1.2959255524868096,-0.391355030642937,-2.4454373470810142,-0.3010659417794992,1.3935563431708473,0.9004909607493563,1.302068133958661,-3.1571360135240423,2.38024125535079,1.2100727420983888,9.0,0.5967664578542919,-1.7162864595880567,-0.2541907784517128,0.8888888888888888,0.2222222222222222,0.965055107994364,1.1366195504492473,1.7562483407716822,1.3249314289451197,-0.04687516332778641,1.0,0.0,0.43165278085541825,-3.0363143437766804,-3.4196472366443187,0.9314535762368495,1.921362017770556,2.6449593131337434,3.1185812948648195,2025-10-13,0.0,-1.3945876233550356,0.2030908280857189,0.5811761617799716,0.36024796379701285,0.3626246301375795,0
erl_0eb898c5bb45ee4165d5c82e0803d7ed4e63e94ae912323086b5f92542823c91,est_976d48b576a37e47beebb2c6c6c20a976c1cff036ed739f22ac1570c3a471fe6,evt_76f8dff5d35c9f7ed845873ef3b125246bba59df7e4844bed0a8c04c10357018,266,2025-10-14T11:22:58+00:00,2025-10-13,2025-10-16,0.6390787112149798,other_material_disclosure,8-K:item:8.01,company,sec_edgar,Health Care,0.0,0.0,8.0,1.0,1.0,0.0,0.0,8.0,0.0,0.0,0.0,0.0,0.0,0.0,0.0,0.0,0.0,0.0,0.0,0.0,0.09437535372756045,0.6378783486240325,1.456202264587203,5.109568895929706,7.6099213441221725,0.3132457752093828,0.8761611447692227,1.0581478978759349,-0.6246809832919031,10.136728713910248,0.8727627899752866,9.0,0.6047433046746153,-1.7162864595880567,-0.3010659417794992,0.8888888888888888,0.1111111111111111,1.1049403448202624,1.1366195504492473,-0.5103679509470549,3.1724887241752597,7.910987285901672,1.0,0.0,-1.6904781083634135,-3.035319063893094,9.517638800343775,2.546198942706622,1.784853462090974,4.491521328480297,-1.9077174562216026,2025-10-13,0.0,0.07132108535854892,0.7489349337065799,1.475002236468105,1.2082445561226722,1.0127029272707129,0
erl_76a33898ef5ef857c05b6bff4a3614f0785d70d704c81c56089d9f81fc279b25,est_fb07f7f5eb36726122db4571d11b140878b7c8e7548cc69fadb4a635763ff325,evt_028ac7f8b27532352acc86a6a83dd54b12452fa0a2e8df6e7e089bbcd8d6c56a,266,2025-10-14T11:22:58+00:00,2025-10-13,2025-10-16,0.6390787112149798,financial_results_disclosure,8-K:item:2.02,company,sec_edgar,Health Care,0.0,0.0,8.0,1.0,1.0,0.0,0.0,8.0,0.0,0.0,0.0,0.0,0.0,0.0,0.0,0.0,0.0,0.0,0.0,0.0,0.09437535372756045,0.6378783486240325,1.456202264587203,5.109568895929706,7.6099213441221725,0.3132457752093828,0.8761611447692227,1.0581478978759349,-0.6246809832919031,10.136728713910248,0.8727627899752866,9.0,0.6047433046746153,-1.7162864595880567,-0.3010659417794992,0.8888888888888888,0.1111111111111111,1.1049403448202624,1.1366195504492473,-0.5103679509470549,3.1724887241752597,7.910987285901672,1.0,0.0,-1.6904781083634135,-3.035319063893094,9.517638800343775,2.546198942706622,1.784853462090974,4.491521328480297,-1.9077174562216026,2025-10-13,0.0,0.07132108535854892,0.20135849444415246,1.760575619433663,1.2082445561226722,1.077785641876446,0
erl_644c49f3d86ba06f898b2a602111cb581d82632a3a6ac026df7cc8862ad7a6dd,est_3e4cf5cae0e768ec5c155ab03d5496593afb8dcb0223202bb234507037aaf26c,evt_2c69a37eda0a6bd51d8d984b83f14c4fc701b6a813235ee30db9cc9b59420a41,58,2025-10-15T10:50:29+00:00,2025-10-14,2025-10-17,2.3757209484606134,financial_results_disclosure,8-K:item:2.02,company,sec_edgar,Financials,0.0,0.0,8.0,1.0,1.0,0.0,0.0,8.0,0.0,0.0,0.0,0.0,0.0,0.0,0.0,0.0,0.0,0.0,0.0,0.0,2.517395675135825,0.6025290852464948,-0.3976948882450704,-2.907540212373416,-1.125147446784558,1.584560236612939,1.0998542277817995,3.9329231677020573,-5.276098447754407,3.214509401464305,1.3457637185174434,9.0,0.04441597703503941,-1.7241389671552088,0.8899101648701002,0.5555555555555556,0.3333333333333333,1.8022936458978265,1.160254898773243,2.4729796981007857,1.3264440789101384,-2.015057611654658,1.0,0.0,-1.912528696006499,-1.8232688175199852,-2.2995620210870205,0.990481968813264,4.429924371142324,1.4255739292749148,1.1744145743024625,2025-10-14,0.0,-1.8825410063566879,0.20135849444415246,-0.1932864722815737,-2.5245948306428523,-2.1629869346061597,0
erl_a167ffb0b6f0314679d97105fe4bce12cac953523bcd2a01ee20727d353ecd3e,est_4d1a0408d7bd1ebdcd3cec805be2c21292a2deb2914e179e96c16d9c1c60038d,evt_b879f3220df58af20a5a607f31eb74e2ab98d77df9444c87eb457a238a09bc88,58,2025-10-15T10:50:29+00:00,2025-10-14,2025-10-17,2.3757209484606134,regulation_fd_disclosure,8-K:item:7.01,company,sec_edgar,Financials,0.0,0.0,8.0,1.0,1.0,0.0,0.0,8.0,0.0,0.0,0.0,0.0,0.0,0.0,0.0,0.0,0.0,0.0,0.0,0.0,2.517395675135825,0.6025290852464948,-0.3976948882450704,-2.907540212373416,-1.125147446784558,1.584560236612939,1.0998542277817995,3.9329231677020573,-5.276098447754407,3.214509401464305,1.3457637185174434,9.0,0.04441597703503941,-1.7241389671552088,0.8899101648701002,0.5555555555555556,0.3333333333333333,1.8022936458978265,1.160254898773243,2.4729796981007857,1.3264440789101384,-2.015057611654658,1.0,0.0,-1.912528696006499,-1.8232688175199852,-2.2995620210870205,0.990481968813264,4.429924371142324,1.4255739292749148,1.1744145743024625,2025-10-14,0.0,-1.8825410063566879,1.195171088736223,0.749140887646286,-2.5245948306428523,-2.1857797415168005,0
erl_27a36dc27f480dbc305caf2b32dab792dffdb2c876dc4f3df2ba667dae58385b,est_7fb920b4d00f10ee44ea11182265fe0005fbed6f9abf0078fc4d6172aa470cbc,evt_c92dd509c6af6eed00b9d685fd0d9d511b4444f983a264c2d67bdd8c5fb39357,131,2025-10-15T20:30:30+00:00,2025-10-15,2025-10-20,-1.976984583700081,other_material_disclosure,8-K:item:8.01,company,sec_edgar,Consumer Staples,0.0,0.0,5.0,1.0,1.0,0.0,0.0,5.0,0.0,0.0,0.0,0.0,0.0,0.0,0.0,0.0,0.0,0.0,0.0,0.0,0.8959208440753708,2.6859904954189995,4.39331033862036,4.104253850991957,-0.8348689882879512,1.4147793055207292,1.148619148300195,1.9623232102962467,-0.934648315936204,5.723523283180532,0.703021017523056,9.0,0.6336489641027176,-1.0602346979134092,1.7120568624398036,0.6666666666666666,0.4444444444444444,1.4267495584300165,1.1882607465213468,0.2622718799726531,5.453545036533769,-2.546925850727755,1.0,0.0,1.6976025654008353,5.957237281358352,4.565073644842199,1.2733875572010815,-0.8016817213254646,-1.563926942737992,-5.39994263313015,2025-10-15,0.0,0.24478704214724228,0.3148376120703941,0.2614973601092412,0.7563808238768257,0.6307798494789121,0
erl_319303f6ab040f62a715dc44dd4fff0e992fbee460a89323530299735d16c235,est_adadcfe1655baef8f92bab0153c74940b16cf7e53dfea1a7e9a51c90021eb10c,evt_402669766cb3cdd25e071cb0d634299e252f1f173f703a79bb6387e0126cce2c,58,2025-10-16T21:06:20+00:00,2025-10-16,2025-10-21,2.1411614997205897,current_report_disclosure,8-K,company,sec_edgar,Financials,0.0,0.0,14.0,1.0,1.0,0.0,0.0,14.0,0.0,0.0,0.0,0.0,0.0,0.0,0.0,0.0,0.0,123351.0,0.0,0.0,-3.5195107030425943,3.23372492144971,1.3054784077719095,-0.07924111705641668,-3.241899878724386,2.9261284021152787,1.5989785260977774,5.471844561216401,-4.614225401136551,3.935709654760844,1.4494710867507605,9.0,-0.8690988400668065,-2.010454520269145,0.6214914089223367,0.1111111111111111,0.3333333333333333,1.1054958955630878,1.1767435975269904,-2.650411862975788,3.3159329280410543,-3.8633912876467225,1.0,0.0,-2.3389688375087925,-2.2878245220772198,-4.6898451381299555,1.1127655656398503,-1.1805418655338018,3.5933029298491292,1.4479452594055697,2025-10-16,0.0,-1.3571068573871283,0.9459092245053706,0.7690835249629444,-1.8677566768299645,-1.6555179908970041,0
erl_5d6ea7ef5c9a06cea3566405ca2c16293f60a6e3946d511cebf596075bd99022,est_34532b7be80779d7b2785f21b79f12b3129fe6bc57a0c630e221cd7f71c04f39,evt_2c69a37eda0a6bd51d8d984b83f14c4fc701b6a813235ee30db9cc9b59420a41,58,2025-10-16T21:06:20+00:00,2025-10-16,2025-10-21,2.1411614997205897,financial_results_disclosure,8-K:item:2.02,company,sec_edgar,Financials,0.0,0.0,14.0,1.0,1.0,0.0,0.0,14.0,0.0,0.0,0.0,0.0,0.0,0.0,0.0,0.0,0.0,123351.0,0.0,0.0,-3.5195107030425943,3.23372492144971,1.3054784077719095,-0.07924111705641668,-3.241899878724386,2.9261284021152787,1.5989785260977774,5.471844561216401,-4.614225401136551,3.935709654760844,1.4494710867507605,9.0,-0.8690988400668065,-2.010454520269145,0.6214914089223367,0.1111111111111111,0.3333333333333333,1.1054958955630878,1.1767435975269904,-2.650411862975788,3.3159329280410543,-3.8633912876467225,1.0,0.0,-2.3389688375087925,-2.2878245220772198,-4.6898451381299555,1.1127655656398503,-1.1805418655338018,3.5933029298491292,1.4479452594055697,2025-10-14,0.0,-1.3571068573871283,0.11855793414647367,-0.07563546763549245,-1.8677566768299645,-1.6533256783851307,0
erl_8e674b2ad47818ad3d84df8acf545824d88ba99545d3b6622a7dd9f6276254ca,est_7931683f3c460a8174a96a91449857a9f02bb884aa580347712298ed01f70173,evt_b879f3220df58af20a5a607f31eb74e2ab98d77df9444c87eb457a238a09bc88,58,2025-10-16T21:06:20+00:00,2025-10-16,2025-10-21,2.1411614997205897,regulation_fd_disclosure,8-K:item:7.01,company,sec_edgar,Financials,0.0,0.0,14.0,1.0,1.0,0.0,0.0,14.0,0.0,0.0,0.0,0.0,0.0,0.0,0.0,0.0,0.0,123351.0,0.0,0.0,-3.5195107030425943,3.23372492144971,1.3054784077719095,-0.07924111705641668,-3.241899878724386,2.9261284021152787,1.5989785260977774,5.471844561216401,-4.614225401136551,3.935709654760844,1.4494710867507605,9.0,-0.8690988400668065,-2.010454520269145,0.6214914089223367,0.1111111111111111,0.3333333333333333,1.1054958955630878,1.1767435975269904,-2.650411862975788,3.3159329280410543,-3.8633912876467225,1.0,0.0,-2.3389688375087925,-2.2878245220772198,-4.6898451381299555,1.1127655656398503,-1.1805418655338018,3.5933029298491292,1.4479452594055697,2025-10-14,0.0,-1.3571068573871283,1.1347560560241177,0.7690835249629444,-1.8677566768299645,-1.6555179908970041,0
erl_01df9701205f2612729ca5ce6b14b24530cc02e37368b78697f10bebd4952e7f,est_b1277f448760b3325039e66b104579e6670f619e62692e1115c80a5619c88046,evt_a3a98e02f192e16dc0a4608d776d64d965c8977556385df72e57d4651f085224,131,2025-10-20T21:00:26+00:00,2025-10-20,2025-10-23,0.6345410832441223,management_or_board_change,8-K:item:5.02,company,sec_edgar,Consumer Staples,0.0,0.0,10.0,1.0,1.0,0.0,0.0,10.0,0.0,0.0,0.0,0.0,0.0,0.0,0.0,0.0,0.0,433796.0,0.0,0.0,-0.023499378879798805,-1.976984583700081,0.05878701466544012,2.763078012020359,-0.7580120369821586,1.610406882606196,1.3277560175703187,0.8866466465317783,-2.893155046518414,3.6333855265274773,0.5574967710776368,9.0,0.7635495375512891,1.477217084536897,0.6070347487533878,0.8888888888888888,0.7777777777777778,1.202823140611811,1.2013042951458643,-0.7870489164310879,-1.418430069871457,-1.3650467857355464,1.0,0.0,-0.6312079123610426,4.8276539096947735,4.113988882988218,1.3743548966861645,0.6077085334812438,-4.768866895029333,-4.872000919970376,2025-10-20,0.0,-1.0754210591263187,0.8831612117401788,0.5962620525632571,-3.4412644436930897,-3.1469264549249294,0
erl_52867e859fee44d5c02d651b626fd4982abf5efbcfc1bba8a1fbc2579a7f0e6c,est_88ce6a86b6cd81e13a96fa8595bbf71e6ee2b18e0d85a24433ed969afd4b2cf9,evt_c92dd509c6af6eed00b9d685fd0d9d511b4444f983a264c2d67bdd8c5fb39357,131,2025-10-20T21:00:26+00:00,2025-10-20,2025-10-23,0.6345410832441223,other_material_disclosure,8-K:item:8.01,company,sec_edgar,Consumer Staples,0.0,0.0,10.0,1.0,1.0,0.0,0.0,10.0,0.0,0.0,0.0,0.0,0.0,0.0,0.0,0.0,0.0,433796.0,0.0,0.0,-0.023499378879798805,-1.976984583700081,0.05878701466544012,2.763078012020359,-0.7580120369821586,1.610406882606196,1.3277560175703187,0.8866466465317783,-2.893155046518414,3.6333855265274773,0.5574967710776368,9.0,0.7635495375512891,1.477217084536897,0.6070347487533878,0.8888888888888888,0.7777777777777778,1.202823140611811,1.2013042951458643,-0.7870489164310879,-1.418430069871457,-1.3650467857355464,1.0,0.0,-0.6312079123610426,4.8276539096947735,4.113988882988218,1.3743548966861645,0.6077085334812438,-4.768866895029333,-4.872000919970376,2025-10-15,0.0,-1.0754210591263187,0.7929960859039856,-0.05181412483495662,-3.4412644436930897,-3.138948799921481,0
erl_444f9073766e201c99abc8976b4c94f6f781d09da61c50b7db2dea7c1e3725e0,est_8a896f7e1d25bdbdd12e4f080a7230db75b4d4df7d16e86ea4a2367f9cde9755,evt_6a78f965ab759892d2a735b454375e5f19f9af9a0f45f5f431c15d20b0fdc502,266,2025-10-22T20:04:17+00:00,2025-10-22,2025-10-27,-1.3683006925690133,quarterly_report_disclosure,10-Q,company,sec_edgar,Health Care,0.0,0.0,10.0,1.0,1.0,0.0,0.0,10.0,0.0,0.0,0.0,0.0,0.0,0.0,0.0,0.0,0.0,0.0,0.0,0.0,0.5524273147903713,-0.1449119022502443,0.9258797350077508,1.7133217134118084,9.196898395758879,0.5789249382330166,0.6398319742392519,0.865553098275964,-0.7918517688010995,9.681086023969598,0.7261905307071974,9.0,0.7658658854166722,-1.0795922118579937,0.13093708892772948,0.6666666666666666,0.4444444444444444,1.150340808465318,1.3388622031017245,-0.2134385706263009,2.0054719468657445,9.065961306831149,1.0,0.0,1.6083626491442349,-1.7106856676558757,9.514055322856517,2.5849282967605425,-1.0559353343538636,2.6365654026636265,-0.31715692709763843,2025-10-22,0.0,0.2927100626990371,-1.8977335396241601,-0.9617691162888355,0.9544626202870404,0.770240871088212,0
erl_b72afb748f2180b58e4425b42190b740d06320fe5f4502d149d0d84ef99a762f,est_c7621eeb435c8165fffdee2c6a453535336bab5b53acadec6f59255ce1664997,evt_7df73712aeefeadb209aee3be670d9d566d26994d91263d0efa651fde687fc97,268,2025-10-22T20:17:53+00:00,2025-10-22,2025-10-27,3.413691831278909,other_material_disclosure,8-K:item:8.01,company,sec_edgar,Financials,0.0,0.0,6.0,1.0,1.0,0.0,0.0,6.0,0.0,0.0,0.0,0.0,0.0,0.0,0.0,0.0,0.0,0.0,0.0,0.0,-1.0030667552127337,-1.159434142807414,-3.788156955529931,-3.262840334034134,-6.161070528007051,1.3664911528666432,1.2213765866844206,2.556862870426825,-7.515494380719945,1.2287384531031398,0.9222852097817816,9.0,0.7658658854166722,0.9258797350077508,2.036652799209415,0.7777777777777778,0.5555555555555556,1.0440680175173465,1.3388622031017245,-1.768932640629406,-4.714036690537682,-8.197723327216465,1.0,0.0,-0.8152212342989018,-2.257077912639638,-1.160545996062079,1.6964528840578423,-0.1878455209138319,-1.5310790428902932,-5.000524531944972,2025-10-22,0.0,-0.7247282825182094,1.0952406210422159,-0.6583276318726409,-0.15095890387383892,-0.2623964779704101,0
erl_fc8a5cc54451e61f5e48bf3d40054b096a3329a1327e43ef3dbca3d52177f5a9,est_ce8ca8b40b5c388a8a03d34ba4bc7cfdb31910b77ee0f584c0ea94ec958d0053,evt_18755e03cd4b21d55e1c2442fe8b8a02fa3f1ccd0990c38d832c6421aa28ef35,482,2025-10-22T20:20:22+00:00,2025-10-22,2025-10-27,-2.492064760272228,management_or_board_change,8-K:item:5.02,company,sec_edgar,Consumer Staples,0.0,0.0,5.0,1.0,1.0,0.0,0.0,5.0,0.0,0.0,0.0,0.0,0.0,0.0,0.0,0.0,0.0,0.0,0.0,0.0,0.8661251726346242,-0.5476691254991839,-1.7334673124909883,4.120503207867476,4.2928023835377305,1.271367174828567,1.3950745746371436,1.9693793102269634,-2.2266858921650035,7.279459740793115,0.8045538934644104,9.0,0.556350699730146,0.9258797350077508,0.13093708892772948,0.6666666666666666,0.5555555555555556,1.1392649014847147,1.2213765866844206,0.30977447290447824,-2.659347047498739,4.161865294610001,1.0,0.0,0.7658658854166722,-1.0795922118579937,-0.062418869029756685,1.3388622031017245,0.10025928721795196,-0.6538751006329946,4.355221252567487,2025-10-22,0.0,0.3170438792182019,-0.6271337669876691,-0.393010593418725,1.434996161747173,1.5872908547798628,0
erl_d12c5b78567a0ff27b826d840ed9f2b317ab25962f343030fec97df24d8dcd14,est_1b0ead3f20a47257f4f546902e05f6d9ac3d5de02ed62330a0d319af47facf3b,evt_9c652b6858936be4e61416ad7ea205ef103dfe3cb7ef549c433baf88d89595c6,315,2025-10-29T20:07:42+00:00,2025-10-29,2025-11-03,-4.527736875412424,financial_results_disclosure,8-K:item:2.02,company,sec_edgar,Information Technology,0.0,0.0,5.0,1.0,1.0,0.0,0.0,5.0,0.0,0.0,0.0,0.0,0.0,0.0,0.0,0.0,0.0,0.0,0.0,0.0,-0.09593217190099201,3.426214729148258,4.036195230430772,5.476889842495947,4.2023368603543165,0.823570944309515,0.9551099580724718,1.761617445765154,-2.197858765090688,7.025689287147974,1.9430656887060218,9.0,-0.17652949510246208,0.1354007891154696,0.3363981539017402,0.4444444444444444,0.5555555555555556,0.7348578387238889,1.2903410218395337,0.08059732320147006,3.900794441315303,3.8659387064525763,1.0,0.0,0.26022758625696696,4.352872690517873,5.578397114514866,1.5002317998913075,-0.35615975815795897,-0.3166774600871003,-1.3760602541605493,2025-10-29,0.0,-0.11367986338506883,-1.55023368355285,-1.2527487128007788,2.206100089989393,2.3958451068890887,0
erl_dbf9036b51c4b7b7e230081664025efd7af03cd2fa4f0b5d763e89af9a2ee80c,est_1086c2bfe14b71eafad9ceb20510d1edcfb71bb986f1b5fde01765e844513bbb,evt_cea5a307ffe79f6d8bc135f86a47d5ad145bad93119bd2c135da901ee2643ae6,315,2025-10-29T20:07:42+00:00,2025-10-29,2025-11-03,-4.527736875412424,regulation_fd_disclosure,8-K:item:7.01,company,sec_edgar,Information Technology,0.0,0.0,5.0,1.0,1.0,0.0,0.0,5.0,0.0,0.0,0.0,0.0,0.0,0.0,0.0,0.0,0.0,0.0,0.0,0.0,-0.09593217190099201,3.426214729148258,4.036195230430772,5.476889842495947,4.2023368603543165,0.823570944309515,0.9551099580724718,1.761617445765154,-2.197858765090688,7.025689287147974,1.9430656887060218,9.0,-0.17652949510246208,0.1354007891154696,0.3363981539017402,0.4444444444444444,0.5555555555555556,0.7348578387238889,1.2903410218395337,0.08059732320147006,3.900794441315303,3.8659387064525763,1.0,0.0,0.26022758625696696,4.352872690517873,5.578397114514866,1.5002317998913075,-0.35615975815795897,-0.3166774600871003,-1.3760602541605493,2025-10-29,0.0,-0.11367986338506883,0.18861502820550322,0.32904022903414043,2.206100089989393,2.36383664918361,0
erl_127ff2932ce32a399342375cec4ba360b05bbe53831678727ba84a16098f0c48,est_2c8130960375d3aa2105701375ff829c0d142c09f9ad26d909cd3e7605fe2a45,evt_a94b609364a6ddaef1f4cb011920f6f1d5df62bd449c88deb1d665bb5964e385,315,2025-10-29T20:10:48+00:00,2025-10-29,2025-11-03,-4.527736875412424,quarterly_report_disclosure,10-Q,company,sec_edgar,Information Technology,0.0,0.0,7.0,1.0,1.0,0.0,0.0,7.0,0.0,0.0,0.0,0.0,0.0,0.0,0.0,0.0,0.0,0.0,0.0,0.0,-0.09593217190099201,3.426214729148258,4.036195230430772,5.476889842495947,4.2023368603543165,0.823570944309515,0.9551099580724718,1.761617445765154,-2.197858765090688,7.025689287147974,1.9430656887060218,9.0,-0.17652949510246208,0.1354007891154696,0.3363981539017402,0.4444444444444444,0.5555555555555556,0.7348578387238889,1.2903410218395337,0.08059732320147006,3.900794441315303,3.8659387064525763,1.0,0.0,0.26022758625696696,4.352872690517873,5.578397114514866,1.5002317998913075,-0.35615975815795897,-0.3166774600871003,-1.3760602541605493,2025-10-29,0.0,-0.11367986338506883,-1.836356150975666,0.19379612783460484,2.206100089989393,2.399446370480185,0
erl_46cd2095819b0e71a24b449e3a7b69bfc50a7bc9813c1c1663a4417c20f9643e,est_ad6aee92d9218be12678af9726e5ee91d8525810cafeeae0b8970675fafa3f87,evt_5c430959b9b9ee556fd2fc53065725bd47937ec42b9e3f8014d4893698b76183,287,2025-10-30T11:03:41+00:00,2025-10-29,2025-11-03,10.202450679262087,financial_results_disclosure,8-K:item:2.02,company,sec_edgar,Health Care,0.0,0.0,6.0,1.0,1.0,0.0,0.0,6.0,0.0,0.0,0.0,0.0,0.0,0.0,0.0,0.0,0.0,0.0,0.0,0.0,-0.8011152889461415,-1.4440587235907132,0.1354007891154696,-1.5776011604336948,-1.440473196609715,0.7273979958348168,1.2903410218395337,2.5395464703850497,-5.879556629201266,3.7864457020300613,1.2515704748976686,9.0,-0.09593217190099201,1.5168667750473874,0.49038839200632456,0.4444444444444444,0.5555555555555556,0.6974424184502307,1.202002969250105,-0.7051831170451495,-1.3814659859319178,-1.9308615886160396,1.0,0.0,-0.17652949510246208,-3.285993706678847,0.2956210925752156,0.6812165741342325,-0.6245857938436794,3.4213944957943165,-1.7360942891849307,2025-10-29,0.0,-0.022975499955692858,-2.1460701330146477,-2.030087543622136,1.6310575636906655,1.6885711500806435,0
erl_7463782a4505d572243659f3dd901717d7f329ea0a71ca282cae7c7bddac8d76,est_6049926b1360351f46cc3e0259fe6d9dae29cf4a8eaa6bb34950858519cda78e,evt_8ca906d50e2463bd21b6ead02878d42de22d7cb9040abe3866f35ead99bed646,39,2025-10-30T20:30:35+00:00,2025-10-30,2025-11-04,-0.5010999934219718,financial_results_disclosure,8-K:item:2.02,company,sec_edgar,Information Technology,0.0,0.0,6.0,1.0,1.0,0.0,0.0,6.0,0.0,0.0,0.0,0.0,0.0,0.0,0.0,0.0,0.0,0.0,0.0,0.0,0.6303231785351748,0.9635044683656391,4.553512572483376,9.678721860421646,5.549717552479128,0.799122305247078,1.4999021885914867,2.0854840786283058,-0.9994968284608108,11.229505695280473,1.5198813437128587,9.0,0.8504866082474916,-1.1122614917998486,1.6507191067561378,0.5555555555555556,0.4444444444444444,1.8420268860267646,1.2167564608876507,-0.22016342971231673,5.665774064283225,3.89899844572299,1.0,0.0,-2.915700929418197,0.9989265851043205,1.9428432390314443,1.1583879804030213,3.5460241079533716,3.5545859873790553,3.6068743134476833,2025-10-30,0.0,-0.2939059061997343,-2.1460701330146477,-2.3010179498661776,2.399050483369802,2.269257954599217,0
erl_5920db463e0d7529e19e8d4e700a4262fad14e09bf8a3ebd868b7a0f3f092adc,est_1cc14f2b1c2b54581fc78e898e5558489bd22fd8f752ad6a8c54dddb7a718994,evt_9c4f94dc51567c270bb17a2d33a531edd5907465cf539467544d279f620f2714,39,2025-10-31T10:01:26+00:00,2025-10-30,2025-11-04,-0.5010999934219718,annual_report_disclosure,10-K,company,sec_edgar,Information Technology,0.0,0.0,10.0,1.0,1.0,0.0,0.0,10.0,0.0,0.0,0.0,0.0,0.0,0.0,0.0,0.0,0.0,0.0,0.0,0.0,0.6303231785351748,0.9635044683656391,4.553512572483376,9.678721860421646,5.549717552479128,0.799122305247078,1.4999021885914867,2.0854840786283058,-0.9994968284608108,11.229505695280473,1.5198813437128587,9.0,0.8504866082474916,-1.1122614917998486,1.6507191067561378,0.5555555555555556,0.4444444444444444,1.8420268860267646,1.2167564608876507,-0.22016342971231673,5.665774064283225,3.89899844572299,1.0,0.0,-2.915700929418197,0.9989265851043205,1.9428432390314443,1.1583879804030213,3.5460241079533716,3.5545859873790553,3.6068743134476833,2025-10-30,0.0,-0.2939059061997343,0.9459092245053706,1.8322844761503385,2.399050483369802,2.284164712926704,0
erl_08befa6c68f752c726f7a79653d0a798fcf7ee6013ad10b5e16450c53e165434,est_378547e74c35b9ef20a0d7285bf859250d444fadaf2f63820bcae578d3b7185e,evt_6c2badf03023b1f993c3a59bbe44302f45f94106a0254354786d56ace59645be,100,2025-10-31T10:16:33+00:00,2025-10-30,2025-11-04,-0.0846826987978555,financial_results_disclosure,8-K:item:2.02,company,sec_edgar,Energy,0.0,0.0,5.0,1.0,1.0,0.0,0.0,5.0,0.0,0.0,0.0,0.0,0.0,0.0,0.0,0.0,0.0,0.0,0.0,0.0,-1.018698754918279,-1.133432844327531,-1.941743314728317,1.1930640554301153,0.0978086718714577,0.5767497730762924,0.9088051758576687,1.2962416486409472,-3.196917953530687,3.1096815782070575,1.4075583776176377,9.0,0.8504866082474916,0.9989265851043205,1.9428432390314443,0.6666666666666666,0.5555555555555556,1.785746548691035,1.3250045584660546,-1.8691853631657707,-2.9406698998326375,-1.8450345671599866,1.0,0.0,-1.511373596358434,-1.1122614917998486,3.055082665027209,1.0626414406824718,0.49267484144015494,-0.8294818229284684,-2.9572739931557512,2025-10-30,0.0,-0.15572394824425662,-1.55023368355285,-1.2947927976599667,1.1044533698715364,1.122581486749945,0
erl_d8a09ae9af77c318f9ee2ddc93ab9e1dd438a51831cf3dea6facc61210985c85,est_96c2acf8acce5098e01b1097deea0f66b766dc7f6c1ce6db979dfb197fe8bdec,evt_bb13c8617730106ee1436301d57d7d7821d748a03f04e139ae7aacfc204f1445,58,2025-10-31T20:36:23+00:00,2025-10-31,2025-11-05,-1.8709073633790596,quarterly_report_disclosure,10-Q,company,sec_edgar,Financials,0.0,0.0,10.0,1.0,1.0,0.0,0.0,10.0,0.0,0.0,0.0,0.0,0.0,0.0,0.0,0.0,0.0,0.0,0.0,0.0,0.7920082845759957,1.0970339375303118,1.6739605729955365,4.23167323576199,5.548975922510424,0.6187042351446616,1.6728540116137938,1.6276874077951287,-0.35421071750729727,10.13806327508393,1.1424189807664493,9.0,-0.28773373792827517,-0.8035708132053232,0.35157769963627405,0.3333333333333333,0.4444444444444444,1.3671792312433186,1.2348411750155994,1.0797420225042709,2.4775313862008597,5.19739822287415,1.0,0.0,0.5429138645703491,3.554783846689702,0.35157769963627405,1.3186082566110786,0.24909442000564663,-1.8808232736941655,5.19739822287415,2025-10-31,0.0,0.1089019625713647,-1.8977335396241601,-1.145577216416508,1.7589243818570635,2.0056105381950706,0
erl_5da264fd0aa161db99a3a3bde88a6c84494eef011afe616851bc409caee7cd42,est_73b934255c124b8d348e9fcd93d949f0c12c1ad6b6f7529d153f93b8cc7b5958,evt_513e1de9e753e5813d1fcb6792b3c7a832e33a22e682c2a5f4808ffa0bafb365,100,2025-11-03T13:11:08+00:00,2025-10-31,2025-11-05,-3.2082155208159824,management_or_board_change,8-K:item:5.02,company,sec_edgar,Energy,0.0,0.0,4.0,1.0,1.0,0.0,0.0,4.0,0.0,0.0,0.0,0.0,0.0,0.0,0.0,0.0,0.0,0.0,0.0,0.0,2.7357978317849696,2.3292001713878907,1.3885341321735245,3.0310944173944643,2.7157265295134625,1.3485304622740195,1.0862625795188203,2.5805173940712853,-0.9171953274629496,5.9305540111840305,1.6955265966598305,9.0,-0.28773373792827517,-0.8035708132053232,0.35157769963627405,0.3333333333333333,0.4444444444444444,1.0575055608922195,1.3186082566110786,3.0235315697132448,2.1921049453788477,2.3641488298771884,1.0,0.0,-0.28773373792827517,-0.8926239576609873,0.9712153040558835,0.9991177792108836,3.0235315697132448,2.281158089834512,1.744511225457579,2025-10-31,0.0,-1.189935005009319,0.027583118476607264,-1.2072769445924731,1.2319547204519399,1.3607168224355095,0
erl_26303fdaf50101656f583049e7a11b152017109696a1aacdafb7119c2de84ae5,est_00942cc33568201546669fdf4c61afe57b667d5fd8121bd24b3919636691a105,evt_12b9e2422836f0ead2198ea0ecc61b3914a29286c2e0f35e808a21382fe1f5ad,268,2025-11-04T21:18:08+00:00,2025-11-04,2025-11-07,1.60387759258791,quarterly_report_disclosure,10-Q,company,sec_edgar,Financials,0.0,0.0,10.0,1.0,1.0,0.0,0.0,10.0,0.0,0.0,0.0,0.0,0.0,0.0,0.0,0.0,0.0,0.0,0.0,0.0,-0.03232781688782271,-0.0614020294426032,1.273911067279787,4.093037063516403,0.50700300504265,0.6245614809729397,1.3187592097233063,2.3023428026475345,-1.1570285337945574,6.439729780687076,0.8549199040489601,9.0,0.3340341475758013,-0.03744292953088424,-0.10502603215336581,0.6666666666666666,0.4444444444444444,0.604625871487009,1.319653589806815,-0.366361964463624,1.3113539968106713,0.6120290371960158,1.0,0.0,-0.03734215319427525,1.2672630928284523,6.462517281435454,1.6613704848336506,0.005014336306452538,0.006647974451334804,-5.955514276392804,2025-11-04,0.0,-0.09962760493104193,-1.8977335396241601,-1.3541067839189145,-0.29316232183803403,-0.14505388531755073,0
erl_f1ad444a8814c2ff47a22d4079ea81b60aa1bb3a8e719973b41dc7c2fe502274,est_3533282774f21ea7a15dbebd24bbf0ed8f031cb05a25f35abe313fb5f8cd54c5,evt_e2c501768fd0ca5afea4b0fa9937f4cccd8e9ba6ec604e9e9e921156aa4bab6b,482,2025-11-14T13:00:30+00:00,2025-11-13,2025-11-18,-1.1215150337537838,management_or_board_change,8-K:item:5.02,company,sec_edgar,Consumer Staples,0.0,0.0,6.0,1.0,1.0,0.0,0.0,6.0,0.0,0.0,0.0,0.0,0.0,0.0,0.0,0.0,0.0,0.0,0.0,0.0,-0.8700710601671879,0.11716730006583465,0.8457913137002393,0.30323539901626617,-3.691180858568066,0.6972841434202184,0.7902001250474036,1.8626912863818286,-5.274825944085593,2.5092493920433334,1.310719078522134,9.0,0.4424099043427221,1.24522276511847,3.664501282333177,0.5555555555555556,0.7777777777777778,1.5822525439701238,1.1588194353035282,-1.31248096450991,-0.39943145141823067,-7.3556821409012425,1.0,0.0,1.2122556991076339,0.16241148273501427,-0.05833690177310391,0.8937495492449539,-2.082326759274822,0.683379830965225,-3.632843956794962,2025-11-13,0.0,-0.1559607464598626,1.0341547826077535,-0.2622352311897489,1.576962798759252,1.628785342848496,0
erl_02194de414f6a675414f06fc6332e739978bd244d7a3859e31e0bed1effe6892,est_6c331ed44b10de2af2418d7e3107366494da0bbb96806d687ff58c59237871ec,evt_fc8c3a3a4974b825c31bdc804df11ea5961dea9983124c540aaf75655b986e88,482,2025-11-20T11:58:46+00:00,2025-11-19,2025-11-24,3.429079542105895,financial_results_disclosure,8-K:item:2.02,company,sec_edgar,Consumer Staples,0.0,0.0,8.0,1.0,1.0,0.0,0.0,8.0,0.0,0.0,0.0,0.0,0.0,0.0,0.0,0.0,0.0,0.0,0.0,0.0,-0.7693054383986042,-1.8247489123013438,-2.7358872430979897,-0.8475417364793514,-6.094828090812721,0.6842818488797713,0.7478784601480785,2.01769085277991,-6.470204614872321,1.7495989128112566,1.4435896040960234,9.0,0.4187836924032684,-1.7954450726559879,2.3014553314609776,0.5555555555555556,0.2222222222222222,1.2043826986423305,1.1194037742152294,-1.1880891308018726,-0.9404421704420018,-8.396283422273697,1.0,0.0,-0.5005185478804575,-2.560177725827406,-5.724691695508821,0.9380139654992129,-0.26878689051814675,-0.1757095172705836,-0.3701363953038994,2025-11-19,0.0,-0.5263045020968041,0.20135849444415246,1.1629500319783102,2.156423697209816,2.1256089623465133,0
erl_1cd167c1449b83dbd589c3e3271fc180b57dc7765fc3922ced5b3993b308e68e,est_e9afbe5f1f1a1abbfceb450894e9a2778c8ffb0b3a5f98499c73d4ca5fd5646d,evt_2b05c5d900d59c18d147fa14aafae2ccf76d42343a53506cc401e214fc27f752,482,2025-11-20T11:58:46+00:00,2025-11-19,2025-11-24,3.429079542105895,listing_or_compliance_notice,8-K:item:3.01,company,sec_edgar,Consumer Staples,0.0,0.0,8.0,1.0,1.0,0.0,0.0,8.0,0.0,0.0,0.0,0.0,0.0,0.0,0.0,0.0,0.0,0.0,0.0,0.0,-0.7693054383986042,-1.8247489123013438,-2.7358872430979897,-0.8475417364793514,-6.094828090812721,0.6842818488797713,0.7478784601480785,2.01769085277991,-6.470204614872321,1.7495989128112566,1.4435896040960234,9.0,0.4187836924032684,-1.7954450726559879,2.3014553314609776,0.5555555555555556,0.2222222222222222,1.2043826986423305,1.1194037742152294,-1.1880891308018726,-0.9404421704420018,-8.396283422273697,1.0,0.0,-0.5005185478804575,-2.560177725827406,-5.724691695508821,0.9380139654992129,-0.26878689051814675,-0.1757095172705836,-0.3701363953038994,2025-11-19,0.0,-0.5263045020968041,1.0630456137286166,2.1053773919061696,2.156423697209816,2.053676196293491,0
erl_e55d1884da25534271b0878393265ef878863293959227b2d58fa1b2f5e0ecf7,est_d79273b06f870b5873c432fb5f7e54ccbf55bc7442c1dedf47e5f0966d17df34,evt_2804df65ab1f00916abc209f2c4864f0f07bcfc6f04949ab968c45633cfe12de,482,2025-11-20T11:58:46+00:00,2025-11-19,2025-11-24,3.429079542105895,regulation_fd_disclosure,8-K:item:7.01,company,sec_edgar,Consumer Staples,0.0,0.0,8.0,1.0,1.0,0.0,0.0,8.0,0.0,0.0,0.0,0.0,0.0,0.0,0.0,0.0,0.0,0.0,0.0,0.0,-0.7693054383986042,-1.8247489123013438,-2.7358872430979897,-0.8475417364793514,-6.094828090812721,0.6842818488797713,0.7478784601480785,2.01769085277991,-6.470204614872321,1.7495989128112566,1.4435896040960234,9.0,0.4187836924032684,-1.7954450726559879,2.3014553314609776,0.5555555555555556,0.2222222222222222,1.2043826986423305,1.1194037742152294,-1.1880891308018726,-0.9404421704420018,-8.396283422273697,1.0,0.0,-0.5005185478804575,-2.560177725827406,-5.724691695508821,0.9380139654992129,-0.26878689051814675,-0.1757095172705836,-0.3701363953038994,2025-11-19,0.0,-0.5263045020968041,1.195171088736223,2.1053773919061696,2.156423697209816,2.053676196293491,0
erl_9116d0a9f250241e66161fb0f8fcd81a55bfd101ff238bffb19839074856355f,est_b49617d103c99e4bdb02cfc217975ef54f8bf209251e69b518bf03f4cf63fe4a,evt_21f933c5135d5c9ed56a0458c29c64bb0ca06f3bf0b8dae581912f40c83a4136,287,2025-11-21T21:19:05+00:00,2025-11-21,2025-11-26,4.212514551791013,management_or_board_change,8-K:item:5.02,company,sec_edgar,Health Care,0.0,0.0,5.0,1.0,1.0,0.0,0.0,5.0,0.0,0.0,0.0,0.0,0.0,0.0,0.0,0.0,0.0,0.0,0.0,0.0,1.572900295695434,2.8784914264585737,3.3571239945641818,14.640236785004145,28.37845241997421,0.999937390057549,1.657335402270235,2.7035977856165525,-0.6515795324718021,30.886941538840084,0.9396299795411852,9.0,0.05127772150883558,-1.8526272675927102,-0.805489751054822,0.5555555555555556,0.2222222222222222,1.0633340563048026,1.1404757133756092,1.5216225741865985,5.209751262156892,29.18394217102903,1.0,0.0,0.4087194279460915,4.067780084028083,7.090336361743588,1.0001155011063871,1.1641808677493426,-0.7106560894639014,21.28811605823062,2025-11-21,0.0,0.4944909501256415,-0.6271337669876691,-0.2155635225112854,1.3665416924839748,1.254276755899025,0
erl_95143b70c0d1051df7811db9029be045d497f9277d8f559151efc9144b26367c,est_f0ace91dd1930b802d3d35dde736f3b44c208cb89435c6e35e12f9e155ccf70a,evt_ae184877b2695957864c86bea903338ee8983d7b2f254a17fba5911b22400c0f,58,2025-11-26T21:30:36+00:00,2025-11-26,2025-12-02,0.3774239326424844,management_or_board_change,8-K:item:5.02,company,sec_edgar,Financials,0.0,0.0,5.0,1.0,1.0,0.0,0.0,5.0,0.0,0.0,0.0,0.0,0.0,0.0,0.0,0.0,0.0,0.0,0.0,0.0,0.9718028595255834,2.7734683225135504,1.8646697657965117,-2.0698556999655726,0.7797638515294913,1.1764547096329978,1.1747903741295582,1.3210053609488899,-3.1084238268968556,4.516767023801083,0.8322986609319778,9.0,0.6597964960568303,1.982936746440922,0.697196430469349,0.8888888888888888,0.6666666666666666,0.8107482338111899,1.2381313218152388,0.3120063634687531,-0.11826698064441032,0.08256742106014237,1.0,0.0,1.531357969781344,1.4409687054687925,0.697196430469349,1.2714840627244282,-0.5595551102557605,0.42370106032771915,0.08256742106014237,2025-11-26,0.0,-0.5501676278787625,-0.9008171573132759,-1.7535027930806626,-1.3639031578266163,-1.530438974206814,1
erl_7f2b4782dd004aac9473c444029acfe55d45c451a5091540dae5d58e1b4da246,est_e31cd4ea814191cd92f1a8b0fde6a1977189a51d1074dbcd288a0d3a1a07989e,evt_993d14cef2d91ec044e53af345502adc59a3103c298b0deea229fdbb37fd893b,482,2025-12-03T21:45:34+00:00,2025-12-03,2025-12-08,-0.7429473615139237,quarterly_report_disclosure,10-Q,company,sec_edgar,Consumer Staples,0.0,0.0,10.0,1.0,1.0,0.0,0.0,10.0,0.0,0.0,0.0,0.0,0.0,0.0,0.0,0.0,0.0,0.0,0.0,0.0,1.7792010807256675,3.529093702370223,6.925237067391943,12.841507398006978,11.870546022811501,0.46040231764168815,1.7854965100761186,2.333710412972891,-0.4177872139342287,15.705913066411004,1.1535629450603413,9.0,0.024942839326547173,2.5923358645833616,1.027267888785266,0.5555555555555556,0.7777777777777778,1.4099706163316117,1.1258027909914707,1.7542582413991203,4.332901202808581,10.843278134026235,1.0,0.0,0.024942839326547173,3.123007406892775,-1.9644089398331954,0.9081243115780867,1.7542582413991203,3.802229660499168,13.834954962644696,2025-12-03,0.0,-0.3665764787744144,-1.0076683457930462,-0.6658098030685919,-0.5646475487189971,-0.008543821549237884,1
erl_177890d47ed10bd2c143ad4923fde3155447d5e0b5e3b719fa709be2500b9886,est_a16eeea583fa9fe114b4b9dfc548c90e77fe02039b7a191d88168cad31dd8e46,evt_01c77ae38ad72e52cc7f9875e95c70141f367eca4ec1d3b742d0c138a5374f4f,100,2025-12-05T21:21:15+00:00,2025-12-05,2025-12-10,0.9400024414062402,charter_or_bylaw_change,8-K:item:5.03,company,sec_edgar,Energy,0.0,0.0,5.0,1.0,1.0,0.0,0.0,5.0,0.0,0.0,0.0,0.0,0.0,0.0,0.0,0.0,0.0,0.0,0.0,0.0,-1.4842996114350138,-0.16638935108153063,-0.7477038617769605,-0.20623881553381018,-1.9223240450336854,1.11487261009415,1.09997671338579,1.866668701171875,-5.057285407531542,1.529710588064459,1.4129627428428568,9.0,-0.335336139869169,-0.025105728056806775,1.7816601882334915,0.2222222222222222,0.4444444444444444,0.347999226412657,1.131422920368101,-1.1489634715658448,-0.7225981337201537,-3.703984233267177,1.0,0.0,-0.5122063148773726,0.5348539996337998,1.7816601882334915,1.131422920368101,-0.9720932965576412,-1.2825578614107602,-3.703984233267177,2025-12-05,0.0,0.41025080063689506,-0.5099059605338846,0.20420988293698278,1.6055250407447472,1.556093090901233,1
erl_9bbb751e65f913d0b7d136c3de56e3298be8dfc905f347df064cc81a5a06452f,est_727de8fb2aff1e9e8a5dbd3787b9918e91e067aaa14fb1d956bd665ad4d6e9a6,evt_21cfdc474f5b84867e0b6f2c6fe35408eedd544147c26194d28395ad7c73385a,100,2025-12-05T21:21:15+00:00,2025-12-05,2025-12-10,0.9400024414062402,other_material_disclosure,8-K:item:8.01,company,sec_edgar,Energy,0.0,0.0,5.0,1.0,1.0,0.0,0.0,5.0,0.0,0.0,0.0,0.0,0.0,0.0,0.0,0.0,0.0,0.0,0.0,0.0,-1.4842996114350138,-0.16638935108153063,-0.7477038617769605,-0.20623881553381018,-1.9223240450336854,1.11487261009415,1.09997671338579,1.866668701171875,-5.057285407531542,1.529710588064459,1.4129627428428568,9.0,-0.335336139869169,-0.025105728056806775,1.7816601882334915,0.2222222222222222,0.4444444444444444,0.347999226412657,1.131422920368101,-1.1489634715658448,-0.7225981337201537,-3.703984233267177,1.0,0.0,-0.5122063148773726,0.5348539996337998,1.7816601882334915,1.131422920368101,-0.9720932965576412,-1.2825578614107602,-3.703984233267177,2025-12-05,0.0,0.41025080063689506,0.1331786352401785,0.8050162982082223,1.6055250407447472,1.5944370523202132,1
erl_1aa64e303bba5125624a66f5d0766bf68b364dbeeb4e4eb504e6c8097470011e,est_0a382514adb285f8fb35c52593467d838ae7708195f13c75c0a8f3d8bf6e714c,evt_1342f5b87a3c7d21e32b61c4521d727504eec86d4dfe84c38088e009ea73954e,39,2025-12-05T21:31:42+00:00,2025-12-05,2025-12-10,0.0,management_or_board_change,8-K:item:5.02,company,sec_edgar,Information Technology,0.0,0.0,5.0,1.0,1.0,0.0,0.0,5.0,0.0,0.0,0.0,0.0,0.0,0.0,0.0,0.0,0.0,0.0,0.0,0.0,-0.684009028940924,-2.5891902578345616,-0.025105728056806775,4.706102827904934,3.3398858778054707,1.0921888896174219,1.0504262982018673,1.1084105276559122,-3.4093259318001556,5.073115891569424,1.0294504082393843,9.0,-0.335336139869169,-0.7477038617769605,1.2385059787450636,0.2222222222222222,0.4444444444444444,0.5158946810727828,1.131422920368101,-0.348672889071755,0.7225981337201537,2.101379899060407,1.0,0.0,0.4824905045104577,-1.7987451327934223,-2.804265192164046,1.3450497632712455,-1.1664995334513817,1.7736394047366155,6.144151069969517,2025-12-05,0.0,-0.6084862212518953,-0.9008171573132759,-1.8118213864537955,1.1497451896901827,0.8307783776304112,1
erl_b3a8d0d41a65dad2b6235f7df2157c05dcdf2991e5bda48d7b88feaa068eb4e4,est_c3df365ebf0a7a7e4631728f521caab95cd85a841e68da9063927b22a63fc19f,evt_bbf037254f73608d587ba5c8b81fcd572f39d7517a774306e8e5859658e607b3,268,2025-12-08T11:30:37+00:00,2025-12-05,2025-12-10,-1.5648879696676388,management_or_board_change,8-K:item:5.02,company,sec_edgar,Financials,0.0,0.0,5.0,1.0,1.0,0.0,0.0,5.0,0.0,0.0,0.0,0.0,0.0,0.0,0.0,0.0,0.0,0.0,0.0,0.0,-0.335336139869169,2.3255825479263192,0.6260451184106008,5.583485283691347,0.5168767301967581,1.0420804139253295,1.3744717215127082,1.2062018180160843,-2.2373906765176477,7.591957642047276,0.8100502949664649,9.0,-0.3877383402221213,-0.7477038617769605,1.7816601882334915,0.2222222222222222,0.3333333333333333,0.5290388673223485,1.1093685581654729,0.05240220035295229,1.3737489801875613,-1.2647834580367334,1.0,0.0,-0.3877383402221213,0.5591784315529535,1.2385059787450636,1.1093685581654729,0.05240220035295229,0.0668666868576473,-0.7216292485483056,2025-12-05,0.0,-0.630083387328364,-0.9008171573132759,-1.8334185525302642,-1.149963816301455,-1.115795385229755,1
erl_1e007a60fe81dbcca5f1f364223ae1a4e75ceaa270cfc464fa883ff523bcf55b,est_6f3ece2473e3d2b2a8479be6a2cc72f8c94823188152c1756cfb9f8a9cf97e3e,evt_52926052a0d648492742e855ed2ba35c234777d33e083e4094a455f59b3ea96d,315,2025-12-08T21:00:35+00:00,2025-12-08,2025-12-11,-1.537613124087811,management_or_board_change,8-K:item:5.02,company,sec_edgar,Information Technology,0.0,0.0,5.0,1.0,1.0,0.0,0.0,5.0,0.0,0.0,0.0,0.0,0.0,0.0,0.0,0.0,0.0,0.0,0.0,0.0,1.626787253081341,2.7819014342232995,0.8793193214381212,4.003218269074393,-1.1674284902060794,1.4036056348123664,1.3987958182975069,1.6129654774473403,-4.377801555273242,5.620678771729382,0.8669644050012304,9.0,-0.480519610601049,-1.811630119337193,1.3157908889112058,0.1111111111111111,0.3333333333333333,0.4801126656265017,1.0709455976659248,2.10730686368239,2.6909494407753143,-2.483219379117285,1.0,0.0,-0.319242461710445,-1.8403360447731942,3.5087769154477755,1.0459689121496456,1.946029714791786,2.7196553662113154,-4.676205405653855,2025-12-08,0.0,-0.5932246151772511,-0.9008171573132759,-1.7965597803791513,-0.9091727233864295,-0.8018675723527586,1
erl_6e0f9aebbe5d09d901b77fa905874ed8a081c247bdcc9c539f90e321533c9be4,est_9d5d6c0bf14869af44e464d7232daccc9eb09001cc9b6bda89f907df7a6b3545,evt_203cfa612ad18f1ce6cded31a41ba4ebc46a86e3bcc5e3376370bbc1b222f994,315,2025-12-08T21:00:35+00:00,2025-12-08,2025-12-11,-1.537613124087811,shareholder_vote_result,8-K:item:5.07,company,sec_edgar,Information Technology,0.0,0.0,5.0,1.0,1.0,0.0,0.0,5.0,0.0,0.0,0.0,0.0,0.0,0.0,0.0,0.0,0.0,0.0,0.0,0.0,1.626787253081341,2.7819014342232995,0.8793193214381212,4.003218269074393,-1.1674284902060794,1.4036056348123664,1.3987958182975069,1.6129654774473403,-4.377801555273242,5.620678771729382,0.8669644050012304,9.0,-0.480519610601049,-1.811630119337193,1.3157908889112058,0.1111111111111111,0.3333333333333333,0.4801126656265017,1.0709455976659248,2.10730686368239,2.6909494407753143,-2.483219379117285,1.0,0.0,-0.319242461710445,-1.8403360447731942,3.5087769154477755,1.0459689121496456,1.946029714791786,2.7196553662113154,-4.676205405653855,2025-12-08,0.0,-0.5932246151772511,-0.5010651147196218,-0.8000179882346519,-0.9091727233864295,-0.8018675723527586,1
erl_c90cfbdb897280bca5cd63f066f0a1651487d4b189de28885564f67c9a683a7c,est_38969ed9d48fbeced5349a29d1123355f2d6a450b6e1ba7eec3b88e2194e3c4a,evt_d547e61d3ce825e57e98a849d353e348984a29443447bf76d49999a2c46a80c2,100,2025-12-09T21:18:53+00:00,2025-12-09,2025-12-12,1.0101689975821726,other_material_disclosure,8-K:item:8.01,company,sec_edgar,Energy,0.0,0.0,8.0,1.0,1.0,0.0,0.0,8.0,0.0,0.0,0.0,0.0,0.0,0.0,0.0,0.0,0.0,0.0,0.0,0.0,-0.14793975574651785,-2.4760207209271967,-1.1713773755979595,-0.841398669005633,-4.600056976604893,0.8587169970313976,1.0501479427672997,1.2660817652801881,-6.013038590856334,0.5621033526140184,0.9903246568260232,9.0,-0.2555046727945598,-2.3937881643183445,0.22464011736300638,0.4444444444444444,0.4444444444444444,1.789534844215124,1.1170232354374516,0.10756491704804194,1.222410788720385,-4.8246970939679,1.0,0.0,1.9572310548055416,2.487435270325422,0.02537538401887751,1.083314997736479,-2.1051708105520595,-3.6588126459233816,-4.625432360623771,2025-12-09,0.0,-0.43548648147921853,0.846553817087205,0.6614662659500752,0.5250438863459472,0.5577814549253556,1
erl_1915360851b6fd8ef60a4775b19490445e9113a581490aa8c19e0ed729eee19f,est_a52e88be89c42a60fa967ec2ad91e59e5a9d3b8ecd4674fe24f4ed801e4918fd,evt_0d5e3d3c40981c6e05129b87b2781eac076ba9cc44b76df8539fd8a9caf21f2e,131,2025-12-11T21:22:04+00:00,2025-12-11,2025-12-16,-2.7236304215212948,financial_results_disclosure,8-K:item:2.02,company,sec_edgar,Consumer Staples,0.0,0.0,6.0,1.0,1.0,0.0,0.0,6.0,0.0,0.0,0.0,0.0,0.0,0.0,0.0,0.0,0.0,0.0,0.0,0.0,1.1516345459790633,-0.34253188610952057,-1.2702883339907878,-2.6181962258815528,-3.2297614366794347,0.9135816426267803,1.1477201995278494,1.5206689245700185,-4.780978746606035,1.537149226885015,1.196222868087483,9.0,1.0259954210878552,0.5469605072046413,0.8316406539706556,0.6666666666666666,0.6666666666666666,0.9713253489534325,1.1350001408451855,0.1256391248912081,-1.817248841195429,-4.06140209065009,1.0,0.0,2.067499851193766,0.5921284629573087,11.678261713598559,1.8991353140315184,-0.9158653052147026,-1.8624167969480965,-14.908023150277995,2025-12-11,0.0,-0.3845835931713928,-1.9885103030661646,-1.9385065739659195,-0.8245843575598311,-1.2111701314351366,1
erl_23af58eaf1edcb71d31b6b9d737bcffeb0b7332cd6e7344fba056bb0de1c5dce,est_20ca0e15a4a622121a5815dd66bfa02c2f3618a8c522bb7e5133e6d0ff2c5255,evt_6f1f07719ef0e66a6ce9d0acf53101b1a42349829c020877dd126c155ed58916,131,2025-12-17T22:12:42+00:00,2025-12-17,2025-12-22,-1.46641442717802,quarterly_report_disclosure,10-Q,company,sec_edgar,Consumer Staples,0.0,0.0,10.0,1.0,1.0,0.0,0.0,10.0,0.0,0.0,0.0,0.0,0.0,0.0,0.0,0.0,0.0,0.0,0.0,0.0,0.26267270971855883,-2.4670081531107613,-1.3449010294539487,-6.463468514341331,-3.6231389436243044,1.2930877055033803,1.1644312035694786,1.1997955518663321,-6.873432766941335,2.202453250863634,0.8293044045722786,9.0,-0.05668035075194755,0.8690780142244225,1.6452265391555976,0.4444444444444444,0.5555555555555556,1.1414836334720162,1.24411955572342,0.3193530604705064,-2.2139790436783713,-5.2683654827799025,1.0,0.0,0.2079409954700795,2.191202818737037,14.074370606927777,1.853241490960641,0.054731714248479335,-3.5361038481909857,-17.69750955055208,2025-12-17,0.0,0.26420085731948384,-1.0076683457930462,-0.0350324669746937,0.008855423723696909,-0.057726912571862965,1
erl_8a0221cf2095bf53042fe6b0183cc567987918fe55c2e0f205ce95e7ef0fa40a,est_20a9c5c757854516966e238ba38b992a1d82fda0c3c35d9732af4215ad0b905c,evt_e084686413df673f4d415ee1ccc1341796c4e9b29631cfd589b08ed69fe4ca04,100,2025-12-19T21:25:35+00:00,2025-12-19,2025-12-24,1.861252115059231,management_or_board_change,8-K/A:item:5.02,company,sec_edgar,Energy,0.0,0.0,4.0,1.0,1.0,0.0,0.0,4.0,0.0,0.0,0.0,0.0,0.0,0.0,0.0,0.0,0.0,0.0,0.0,0.0,0.04062398104269782,0.6814310051107331,-1.493436503184975,-1.5000000000000013,-1.7031452333008068,1.3265491084502181,1.0683909312122781,1.2318051204261844,-4.0272796824585955,0.8601231890149164,2.256139526469983,9.0,0.40084350538622804,-1.6565996017624873,2.6981856712679386,0.6666666666666666,0.3333333333333333,0.8740957934921643,1.2149917761644624,-0.3602195243435302,0.16316309857751232,-4.401330904568745,1.0,0.0,0.12871248043633265,-1.792625196842812,-0.2819981294878149,1.2149917761644624,-0.08808849939363483,0.29918869365783696,-1.421147103812992,2025-12-19,0.0,-1.432218034932788,-0.3349872052395673,-1.4756069803482639,0.3061443355187794,-0.14766749758800302,1
erl_88ac625e27ef9546ed08582e610180bc2260859daed80b7f88989c22ae8bf121,est_a13e539cd92ecc1af343a723da18684bb2676cc1c26b71054c10d6f522090c28,evt_205390885ce9a21bacc7923561728e28d25c26c6cd967549b6ca23f1f2ef84f7,482,2025-12-29T21:40:38+00:00,2025-12-29,2026-01-02,0.20439292582299373,other_material_disclosure,8-K:item:8.01,company,sec_edgar,Consumer Staples,0.0,0.0,5.0,1.0,1.0,0.0,0.0,5.0,0.0,0.0,0.0,0.0,0.0,0.0,0.0,0.0,0.0,0.0,0.0,0.0,0.706999221971083,1.4697901090989562,-1.6002114561802783,-3.5732633059063046,1.8278858058262237,1.0068481159465072,1.0925785100187133,1.075268015283468,-4.189015152647002,1.9662904647916202,0.6185246208262896,9.0,-0.03371734459008957,0.6803964254806338,0.3031242019238878,0.4444444444444444,1.0,0.8017049191566357,1.131853315222972,0.7407165665611726,-2.280607881660912,1.524761603902336,1.0,0.0,-0.6308981375733214,1.4282078268411214,-5.007716662305217,1.131853315222972,1.3378973595444044,-3.0284192830213996,6.835602468131441,2025-12-29,0.0,-0.9471649695691188,0.1331786352401785,-0.5523994719977915,0.18239742035286943,-0.15467865817330018,1
erl_9014ee827952753e8f012ef03c15b7a732e7b0aacee9f31c54580281164d94b2,est_8da8eb78358b74fca70b6eb8029c210b04a6af48ccf5772caecb86de7d1b27b8,evt_71890460eb47586cc66bed2ca6f7fe86a5786cd36c3404ff7bde7680c64fae7d,39,2026-01-02T21:30:52+00:00,2026-01-02,2026-01-07,-3.9408224082186805,management_or_board_change,8-K:item:5.02,company,sec_edgar,Information Technology,0.0,0.0,5.0,1.0,1.0,0.0,0.0,5.0,0.0,0.0,0.0,0.0,0.0,0.0,0.0,0.0,0.0,0.0,0.0,0.0,-0.31265196488491354,-1.0045294790697712,-1.022602468110967,-0.3053217272832698,-4.624312656380436,0.19407533026252355,0.5894207392916259,3.261870786815452,-4.818600320063182,1.5208830765832904,0.9244915835034468,9.0,1.0117341422862358,-0.20694613452085786,2.843193919595377,0.7777777777777778,0.4444444444444444,1.363472779887123,1.1168196351215682,-1.3243861071711494,-0.815656333590109,-7.467506575975813,1.0,0.0,-2.208343902983856,-3.0900346116443878,-1.0026601709681948,1.0552865674304004,1.8956919380989423,2.067432143533421,-3.621652485412241,2026-01-02,0.0,1.251626899507852,-0.9008171573132759,0.048291734305951906,4.634912570943861,4.477367264257831,1
erl_7fbab5a6b2d28b4b2abb03a68bc974f4470bcf24845510932cea3498bbcc22da,est_3eb3238a7419a68b976cd268a9181dfbb147efda3b8e3aef54664da37ea230d3,evt_66ebb044b9d1f6432a2a73fd6d6b1ed4e864f4156793595774a3d7b5562fc5c8,58,2026-01-06T21:43:32+00:00,2026-01-06,2026-01-09,-2.4454175124522415,regulation_fd_disclosure,8-K:item:7.01,company,sec_edgar,Financials,0.0,0.0,6.0,1.0,1.0,0.0,0.0,6.0,0.0,0.0,0.0,0.0,0.0,0.0,0.0,0.0,0.0,0.0,0.0,0.0,0.6328012202740041,4.090909090909101,3.4327038450908898,3.5824127480321044,6.116773290812372,0.9118480602605951,0.913008986552907,1.1528381614185317,-0.5212845196136073,7.471371331021404,0.8999467112791628,9.0,0.23493501702058772,0.431431409381422,1.4163327460441133,0.6666666666666666,0.5555555555555556,2.2287155232350346,1.173631892542954,0.3978662032534164,3.001272435709468,4.7004405447682585,1.0,0.0,0.17063129926364606,3.3544356298262468,6.211902068257502,1.659353795372779,0.46216992101035803,0.078268215264643,-0.09512877744513037,2026-01-06,0.0,-0.9664600704080948,1.1030460350417877,0.22723042692941964,-3.0774967127828132,-3.0123851652482747,1
erl_4eb99428525fe84ca19005a6808622f8343ff4c3e09d90eb733ca7f065fba298,est_3dd75ca5af03e6241250058ab24998c7065e9a2f72255b5d9303adf8117d0777,evt_1d02f78cee2c3e5b862fe99fbabd051335e64255457f3d131f9f0db8afa5fb09,482,2026-01-08T12:59:51+00:00,2026-01-07,2026-01-12,4.657558501725556,management_or_board_change,8-K:item:5.02,company,sec_edgar,Consumer Staples,0.0,0.0,6.0,1.0,1.0,0.0,0.0,6.0,0.0,0.0,0.0,0.0,0.0,0.0,0.0,0.0,0.0,0.0,0.0,0.0,-1.416822782117455,-0.035474383442291035,0.7147990214851463,0.1065743767391103,-0.7396938675145792,1.0646054022784481,1.083107665429622,2.3332193526710596,-4.027242103397821,1.9629109986811555,1.2037744366572198,9.0,-0.7737455757884204,0.6512312197922698,2.9114227349151145,0.3333333333333333,0.6666666666666666,2.0639397337248924,1.2026499980960343,-0.6430772063290346,0.06356780169287646,-3.6511166024296937,1.0,0.0,-0.7333211871698664,1.9557548891933285,-0.5566074378823949,1.1584510562203165,-0.6835015949475887,-1.2409558677081822,-0.18308642963218436,2026-01-07,0.0,-0.6653312741284023,0.9791700536971311,-0.7850570570560794,0.26053176121063204,0.10197055809763367,1
erl_4b9aa30eae9e70830e6b6bf491ca77e0468cb86471e789bd9b78349ff465253b,est_6dea310173b6046181679169874d2acb62231b12641120cc7931caba0b4d3907,evt_81c1bda94db8b07db4178191ee9923123daa50a5cd19c214f63ba6c5eab17a8c,268,2026-01-13T11:41:09+00:00,2026-01-12,2026-01-15,-4.693513182871856,financial_results_disclosure,8-K:item:2.02,company,sec_edgar,Financials,0.0,0.0,7.0,1.0,1.0,0.0,0.0,7.0,0.0,0.0,0.0,0.0,0.0,0.0,0.0,0.0,0.0,0.0,0.0,0.0,-1.4277505915046174,-0.764549397432035,-2.858944457625523,-1.0429731906741346,2.2402121249534224,1.129953312000654,1.168825527797514,1.4761558665905254,-3.7835462611193527,3.9299176752607856,1.3809179231070356,9.0,0.33928553779511983,0.9157209509092601,2.120848899612371,0.6666666666666666,0.5555555555555556,1.4095215938907137,1.156270106550026,-1.7670361292997372,-3.774665408534783,0.11936322534105148,1.0,0.0,-1.181736554062629,-2.988224259409611,1.154687018989664,1.156270106550026,-0.24601403744198835,0.12927980178408793,1.0855251059637583,2026-01-12,0.0,0.1365183640546138,-0.020730477010873452,1.5272819496202963,0.9399359380512147,1.1564743317863189,1
erl_01082b21205976a7ede96d8d9e55451ee4533237c2a6aecdb2bc20d54d7add0e,est_e83395c301d48716a64cc873b9f8aabc8fa6af62b2146a752121621cc88ee556,evt_2ed3db0ecfb066a6f1f485ca641f588523fe5cb3c05a84145d3a2dbe86a2eeb9,58,2026-01-14T11:45:47+00:00,2026-01-13,2026-01-16,-2.8786205875864668,financial_results_disclosure,8-K:item:2.02,company,sec_edgar,Financials,0.0,0.0,8.0,1.0,1.0,0.0,0.0,8.0,0.0,0.0,0.0,0.0,0.0,0.0,0.0,0.0,0.0,0.0,0.0,0.0,-1.1777454744618887,-2.9191872209679337,-4.733622854974073,-1.4634102636379764,-1.0881365265914988,1.2159823768317635,1.1625951057940216,2.2368925563325304,-5.230231731427814,1.4320261320594607,1.2528278195437883,9.0,0.3073920434077726,4.326383564050595,3.136250006701058,0.5555555555555556,0.6666666666666666,1.8882268627962158,1.4078032344594524,-1.4851375178696613,-9.060006419024669,-4.224386533292557,1.0,0.0,-4.188109570983912,-7.08585890829495,-2.3923130038976725,1.4961695410377003,3.010364096522023,2.352236053320877,1.3041764773061737,2026-01-13,0.0,0.7511657894026322,1.266466489309457,3.1224185795970305,2.775779871381655,2.692346611464299,1
erl_800ad923b6e25f81f30b50a64188aba6ec003e62c903ae147d6ac923a92b2c22,est_5a6a4966d0334161c4570abb252b173ea2799aa56a9c196cf398c45f64b4fb4e,evt_fd243cf7152e7e2956ba7b4c7100389ab135178221294ca3797768b2a821bc9d,58,2026-01-14T11:45:47+00:00,2026-01-13,2026-01-16,-2.8786205875864668,regulation_fd_disclosure,8-K:item:7.01,company,sec_edgar,Financials,0.0,0.0,8.0,1.0,1.0,0.0,0.0,8.0,0.0,0.0,0.0,0.0,0.0,0.0,0.0,0.0,0.0,0.0,0.0,0.0,-1.1777454744618887,-2.9191872209679337,-4.733622854974073,-1.4634102636379764,-1.0881365265914988,1.2159823768317635,1.1625951057940216,2.2368925563325304,-5.230231731427814,1.4320261320594607,1.2528278195437883,9.0,0.3073920434077726,4.326383564050595,3.136250006701058,0.5555555555555556,0.6666666666666666,1.8882268627962158,1.4078032344594524,-1.4851375178696613,-9.060006419024669,-4.224386533292557,1.0,0.0,-4.188109570983912,-7.08585890829495,-2.3923130038976725,1.4961695410377003,3.010364096522023,2.352236053320877,1.3041764773061737,2026-01-13,0.0,0.7511657894026322,1.7174535975994858,3.569424700797531,2.775779871381655,2.6099123699393454,1
erl_b3e5d61e67d58a214bd2173022275f9e0703647201b5b2ce3a8523ca675aa634,est_5c869089779cef9be520ed5a3b8f112d4b799e5c96f89f3ba0352d562c959030,evt_59a30f7eb7f354e0c9a9ebde1f607b5b15dfb1edd684774214c61daac7d7bd02,482,2026-01-16T14:01:15+00:00,2026-01-15,2026-01-21,0.13423126359546345,management_or_board_change,8-K:item:5.02,company,sec_edgar,Consumer Staples,0.0,0.0,7.0,1.0,1.0,0.0,0.0,7.0,0.0,0.0,0.0,0.0,0.0,0.0,0.0,0.0,0.0,0.0,0.0,0.0,-0.6997700440507959,1.0426343263639781,5.42141794460318,6.992184750086494,3.274994662332187,1.3869483326374705,1.1673238103696655,1.7953015473462188,-1.682613783794007,8.551133410815348,1.5201539358528768,9.0,-0.5921026583203148,-0.32042042250775005,-1.9933380670800638,0.4444444444444444,0.4444444444444444,1.261847121985958,1.4073741739142873,-0.10766738573048107,5.74183836711093,5.268332729412251,1.0,0.0,0.6067445845080677,4.527428144774892,11.199570393774971,1.2229357902534717,-1.3065146285588636,0.8939897998282875,-7.9245757314427845,2026-01-15,0.0,-1.135018510855141,0.9709331926397914,0.5958699626766264,-1.8161906424991887,-1.5486798877178058,1
erl_4c4d113790bf584222e93dc6049db73098bd22459464e2a1aa80b3a170cbd7b2,est_479dee8d70a1136942ddadb61c3257354bfdd21863966cbac6d48dbc77be0681,evt_b0d6fdabc4dee589b18d6d7990585d89d719566f58b488c7707a6627604ce368,482,2026-01-16T14:03:05+00:00,2026-01-15,2026-01-21,0.13423126359546345,management_or_board_change,8-K/A:item:5.02,company,sec_edgar,Consumer Staples,0.0,0.0,5.0,1.0,1.0,0.0,0.0,5.0,0.0,0.0,0.0,0.0,0.0,0.0,0.0,0.0,0.0,0.0,0.0,0.0,-0.6997700440507959,1.0426343263639781,5.42141794460318,6.992184750086494,3.274994662332187,1.3869483326374705,1.1673238103696655,1.7953015473462188,-1.682613783794007,8.551133410815348,1.5201539358528768,9.0,-0.5921026583203148,-0.32042042250775005,-1.9933380670800638,0.4444444444444444,0.4444444444444444,1.261847121985958,1.4073741739142873,-0.10766738573048107,5.74183836711093,5.268332729412251,1.0,0.0,0.6067445845080677,4.527428144774892,11.199570393774971,1.2229357902534717,-1.3065146285588636,0.8939897998282875,-7.9245757314427845,2026-01-15,0.0,-1.135018510855141,-0.6678017689014447,-1.8236588483517342,-1.8161906424991887,-1.7838716565655166,1
erl_96c938b498796594cce5110648a257d9dc5cab0235a791e70d56f11d1da3f154,est_1ce1f8aadc788d8b6eb5f803b41faac1085f9b5f92211acd43a11ca31f9876fc,evt_194927e1a735b42036d9d46cdb8a16ebfb3214b2252300a9451d2cb1a7dc015e,266,2026-01-21T12:46:18+00:00,2026-01-20,2026-01-23,0.8844657056960692,financial_results_disclosure,8-K:item:2.02,company,sec_edgar,Health Care,0.0,0.0,7.0,1.0,1.0,0.0,0.0,7.0,0.0,0.0,0.0,0.0,0.0,0.0,0.0,0.0,0.0,0.0,0.0,0.0,-0.2057975581750915,-0.15556912978405002,4.048257411666434,6.803391572302808,4.7525367343392855,1.0937397490656238,1.0646961733345381,1.938497592865088,-0.863201985923312,8.610822127529794,1.6648023586802239,9.0,-0.8270659056053287,-3.673446895235888,-1.4750932696509067,0.3333333333333333,0.4444444444444444,1.32831750363242,1.455328225521251,0.6212683474302372,7.721704306902321,6.227630003990193,1.0,0.0,0.2783141930363664,-3.673446895235888,-1.4750932696509067,1.7808325635481246,-0.4841117512114579,7.721704306902321,6.227630003990193,2026-01-20,0.0,-1.7682688817973735,-0.020730477010873452,-0.37750529623169093,0.13669335926661286,-0.021015646206740346,1
erl_d72abffa45fae036966b6db2fafe71c4ead0992d20babef09341cee0cd7667c2,est_84f988a63d20ea25d3aa34e138b308a0247598f9a5047644d390c5494cde604f,evt_e4849cbb30e3aa2152ccdacda00299f491e70e8cc827bc96413b4193fdbea6c0,131,2026-01-21T21:16:10+00:00,2026-01-21,2026-01-26,-0.528051046818212,other_material_disclosure,8-K:item:8.01,company,sec_edgar,Consumer Staples,0.0,0.0,5.0,1.0,1.0,0.0,0.0,5.0,0.0,0.0,0.0,0.0,0.0,0.0,0.0,0.0,0.0,0.0,0.0,0.0,1.9289377758659132,2.729029041187614,4.345332773565236,10.545496832775747,14.871086575875081,0.6108065312337739,1.2170825944689976,3.0563904839156595,-0.6851005614686656,16.067548360883844,1.5434774371992575,9.0,0.38508186461043703,-0.830840806687394,0.6608002792678702,0.5555555555555556,0.4444444444444444,1.5709648482947267,1.3779731925033711,1.5438559112554762,5.17617358025263,14.210286296607212,1.0,0.0,0.5475541495172376,-0.830840806687394,4.3721580739021215,1.1677975673100247,1.3813836263486756,5.17617358025263,10.498928501972959,2026-01-21,0.0,-0.5073155308815825,0.1331786352401785,-0.11255003331025526,-2.3606503526671903,-2.15106311966066,1
erl_dbdef95835268d49abd9df3f02e4df59a9b38f2eea29a5ca24bcf623662ed04e,est_a4837edf79f6fcb252acead91db04ca4063292b81ea8745a4c05ce01dcf4b32e,evt_974b391e4e36201294a11dbec248c04d6da536049660696380c1a73583d95755,131,2026-01-21T21:16:10+00:00,2026-01-21,2026-01-26,-0.528051046818212,shareholder_vote_result,8-K:item:5.07,company,sec_edgar,Consumer Staples,0.0,0.0,5.0,1.0,1.0,0.0,0.0,5.0,0.0,0.0,0.0,0.0,0.0,0.0,0.0,0.0,0.0,0.0,0.0,0.0,1.9289377758659132,2.729029041187614,4.345332773565236,10.545496832775747,14.871086575875081,0.6108065312337739,1.2170825944689976,3.0563904839156595,-0.6851005614686656,16.067548360883844,1.5434774371992575,9.0,0.38508186461043703,-0.830840806687394,0.6608002792678702,0.5555555555555556,0.4444444444444444,1.5709648482947267,1.3779731925033711,1.5438559112554762,5.17617358025263,14.210286296607212,1.0,0.0,0.5475541495172376,-0.830840806687394,4.3721580739021215,1.1677975673100247,1.3813836263486756,5.17617358025263,10.498928501972959,2026-01-21,0.0,-0.5073155308815825,-0.5010651147196218,-0.7141089039389834,-2.3606503526671903,-2.214791792851468,1
erl_11c62e288cd0686412bd879cb7108015fac326609c416cc65c27fe63effc0e57,est_7c8395255988b2e17488259dc59b1ffa4f98fcca190843498b222068272c5796,evt_1ebe85ad63af367a6557e1297441b4e572c26b6e2337109f7684d95064b76a65,268,2026-01-22T21:15:33+00:00,2026-01-22,2026-01-27,-1.0934384846122525,other_material_disclosure,8-K:item:8.01,company,sec_edgar,Financials,0.0,0.0,6.0,1.0,1.0,0.0,0.0,6.0,0.0,0.0,0.0,0.0,0.0,0.0,0.0,0.0,0.0,0.0,0.0,0.0,0.5264191143254271,-2.829070407833101,-1.3772015141524596,-7.143945089823356,-6.023086965133606,1.4801886642295794,1.5434760580524944,1.7455515678012268,-9.968864378706455,0.8235135436132746,0.9906723084156088,9.0,0.22017843145860638,-0.057162308610025914,4.644763257377482,0.6666666666666666,0.3333333333333333,0.7920346205289991,1.2184243299272197,0.3062406828668207,-1.3200392055424337,-10.667850222511088,1.0,0.0,0.7297888810108955,-0.057162308610025914,-6.138153614196895,1.3614004534830006,-0.20336976668546836,-1.3200392055424337,0.115066649063289,2026-01-22,0.0,0.38942553823937515,1.186256635709228,1.2442132195919708,1.4177539530541854,1.4034196628940365,1
erl_1db880762c2a43f61de13ea376994f6873b20daddb49b7ab75fdccea6ffc8ee0,est_890af0ced2dbba692b4dcc41530e0592231fafbc5248da81f1caf1f137d3874d,evt_b8a3214fadf78c0baf8b4bbfdd2e7d8cc14d92485ea38dd0cd474f12d5a75e72,268,2026-01-22T21:30:18+00:00,2026-01-22,2026-01-27,-1.0934384846122525,management_or_board_change,8-K:item:5.02,company,sec_edgar,Financials,0.0,0.0,5.0,1.0,1.0,0.0,0.0,5.0,0.0,0.0,0.0,0.0,0.0,0.0,0.0,0.0,0.0,0.0,0.0,0.0,0.5264191143254271,-2.829070407833101,-1.3772015141524596,-7.143945089823356,-6.023086965133606,1.4801886642295794,1.5434760580524944,1.7455515678012268,-9.968864378706455,0.8235135436132746,0.9906723084156088,9.0,0.22017843145860638,-0.057162308610025914,4.644763257377482,0.6666666666666666,0.3333333333333333,0.7920346205289991,1.2184243299272197,0.3062406828668207,-1.3200392055424337,-10.667850222511088,1.0,0.0,0.7297888810108955,-0.057162308610025914,-6.138153614196895,1.3614004534830006,-0.20336976668546836,-1.3200392055424337,0.115066649063289,2026-01-22,0.0,0.38942553823937515,-0.9008171573132759,-0.813909626962525,1.4177539530541854,1.184103809593384,1
erl_beb8c6006d17c3903e2022dfb1d53cb3b03f42f6236f317071f63cbc86d7c2a0,est_708c0cb6f05be79b7c2f481eb29b84f0cffa1b41b8b4dfb489924d02b5466d80,evt_823c4974fb9d65d1b5869681d7e86ff0a8de75f203e3655c02c7f42d0d325155,100,2026-01-27T21:45:32+00:00,2026-01-27,2026-01-30,4.643591069515174,management_or_board_change,8-K:item:5.02,company,sec_edgar,Energy,0.0,0.0,4.0,1.0,1.0,0.0,0.0,4.0,0.0,0.0,0.0,0.0,0.0,0.0,0.0,0.0,0.0,0.0,0.0,0.0,0.9253749562733171,1.4340569645576062,2.2686024989520437,4.133304709395924,12.684974161669317,0.40299817670056254,1.7785871015285677,1.5971677954981112,-0.18893078742092673,12.63242532912281,0.8455676162872592,9.0,0.28834623195250764,0.6243149638356593,-1.461935373015466,0.5555555555555556,0.6666666666666666,1.2946903749676464,1.3862600171028665,0.6370287243208095,1.6442875351163844,14.146909534684783,1.0,0.0,1.4758273117846832,4.882718679570952,14.877005398288222,1.663883774789115,-0.5504523555113661,-2.6141161806189084,-2.192031236618906,2026-01-27,0.0,0.12677700840722997,-0.5385269524492474,-0.4093935080322306,-0.9734681666256908,-1.0131398069163382,1
erl_b6d7912e81a095fd7ef83d4949b719349a6769048da2ae05372141aae30c1df7,est_e1a5d93f8df580a620ea1fcd761e0ab42e2e69c03495aab17333e6fc25c37453,evt_0edb2889d1f857b2f3acd91df976af259823e058a30a8ec9cdf4bc76251a6e76,315,2026-01-28T21:04:38+00:00,2026-01-28,2026-02-02,-12.096424470024559,financial_results_disclosure,8-K:item:2.02,company,sec_edgar,Information Technology,0.0,0.0,3.0,1.0,1.0,0.0,0.0,3.0,0.0,0.0,0.0,0.0,0.0,0.0,0.0,0.0,0.0,0.0,0.0,0.0,0.21848981228622666,3.3651662764232926,8.448362065434933,2.3285935246352585,-1.122972932080124,1.0517164004957014,1.4747577113194796,1.1917841862388998,-1.6479491776706268,9.790738790035181,1.401609239003806,9.0,-0.3164039155612475,-0.4204805639386411,3.5901545893117115,0.4444444444444444,0.4444444444444444,0.8688521370747143,1.3656940115049268,0.5348937278474741,8.868842629373574,-4.7131275213918356,1.0,0.0,-0.7085556394896275,3.549367559684269,-6.326711976320787,1.207159662877445,0.9270454517758542,4.8989945057506645,5.203739044240663,2026-01-28,0.0,-0.894374319247181,-0.9889074509492458,-0.6497652348329449,0.08917475677029563,0.13634748669623475,1
erl_78ce2edefcbe7c0d3fb7f8bd230f1f5d770bbdd50309af8adf98039cbe6df92b,est_00ee60b1ed84149f6b7adaec73c4233cdbaaacb3328ec57277dc74d4f105b8b9,evt_46a10e1464beb1039efd20232c0f80ed5d4f981a12412636159efe4572f9c8aa,315,2026-01-28T21:07:34+00:00,2026-01-28,2026-02-02,-12.096424470024559,quarterly_report_disclosure,10-Q,company,sec_edgar,Information Technology,0.0,0.0,7.0,1.0,1.0,0.0,0.0,7.0,0.0,0.0,0.0,0.0,0.0,0.0,0.0,0.0,0.0,0.0,0.0,0.0,0.21848981228622666,3.3651662764232926,8.448362065434933,2.3285935246352585,-1.122972932080124,1.0517164004957014,1.4747577113194796,1.1917841862388998,-1.6479491776706268,9.790738790035181,1.401609239003806,9.0,-0.3164039155612475,-0.4204805639386411,3.5901545893117115,0.4444444444444444,0.4444444444444444,0.8688521370747143,1.3656940115049268,0.5348937278474741,8.868842629373574,-4.7131275213918356,1.0,0.0,-0.7085556394896275,3.549367559684269,-6.326711976320787,1.207159662877445,0.9270454517758542,4.8989945057506645,5.203739044240663,2026-01-28,0.0,-0.894374319247181,-2.2310611034219923,-0.406034991587401,0.08917475677029563,0.2516585106533199,1
erl_d914411ef97f1c5bb2714c27f1dbe0ec50aeb9c790645da95098b07123e7fef1,est_bd8e9e37043be2c6cca94c0b7c83e5a79549dc9bbed0e582803e47ef1b00f73e,evt_6d51e6f09a426bedd6c292e5b4a63681138c769caf237c37c8ea19548a9eabbf,39,2026-01-29T21:30:33+00:00,2026-01-29,2026-02-03,4.336383870205052,financial_results_disclosure,8-K:item:2.02,company,sec_edgar,Information Technology,0.0,0.0,6.0,1.0,1.0,0.0,0.0,6.0,0.0,0.0,0.0,0.0,0.0,0.0,0.0,0.0,0.0,0.0,0.0,0.0,0.7175153331668849,1.1236815614255713,3.9983863224236416,-0.6462504735354813,-5.419653039660677,1.2613102507994745,1.2281554348791108,2.0288021756003762,-7.040022248922783,6.1046753439041535,1.3797362205633072,9.0,0.7206004713770753,0.9188843329231311,4.90529448086372,0.6666666666666666,0.5555555555555556,3.569682519764636,1.6313643822916482,-0.003085138210190408,3.0795019895005105,-10.324947520524397,1.0,0.0,-9.993149179840488,-3.9100975474729127,-11.073276805157462,2.620737594431953,10.710664513007373,7.908483869896554,5.653623765496786,2026-01-29,0.0,-1.1223580009630603,-1.9885103030661646,-2.676280981757587,-0.8926641020811014,-0.9933755111404518,1
erl_58ea0883b2d8a582fc2673ef55c17ee1f287eba2aca3a384433aee3f6ee5001c,est_694bdd1ac6d4f83f2041196a3f57e71c18323cb4b78310d30b21630dfdca1d21,evt_0957d3deaf3671d592819ef340b58aa8642eae17e2c7646a430c6046da880377,39,2026-01-30T11:01:32+00:00,2026-01-29,2026-02-03,4.336383870205052,quarterly_report_disclosure,10-Q,company,sec_edgar,Information Technology,0.0,0.0,9.0,1.0,1.0,0.0,0.0,9.0,0.0,0.0,0.0,0.0,0.0,0.0,0.0,0.0,0.0,0.0,0.0,0.0,0.7175153331668849,1.1236815614255713,3.9983863224236416,-0.6462504735354813,-5.419653039660677,1.2613102507994745,1.2281554348791108,2.0288021756003762,-7.040022248922783,6.1046753439041535,1.3797362205633072,9.0,0.7206004713770753,0.9188843329231311,4.90529448086372,0.6666666666666666,0.5555555555555556,3.569682519764636,1.6313643822916482,-0.003085138210190408,3.0795019895005105,-10.324947520524397,1.0,0.0,-9.993149179840488,-3.9100975474729127,-11.073276805157462,2.620737594431953,10.710664513007373,7.908483869896554,5.653623765496786,2026-01-29,0.0,-1.1223580009630603,-2.4080750903225434,-1.6760669907426924,-0.8926641020811014,-0.9075233022674171,1
erl_1b0934c8225c68e8bb39be68b7fbc7f4008a7b2de81d34e1bafa327c5906cc8d,est_563ede98d0c181c661a62adae5bde5fe7ca0cf369d46b21ee398d9adb6e2b13d,evt_e89c2fad61c7f6034104d839d85fa6931d5a163b107c82287458df0667fe5740,100,2026-01-30T11:16:19+00:00,2026-01-29,2026-02-03,4.001396545964253,financial_results_disclosure,8-K:item:2.02,company,sec_edgar,Energy,0.0,0.0,5.0,1.0,1.0,0.0,0.0,5.0,0.0,0.0,0.0,0.0,0.0,0.0,0.0,0.0,0.0,0.0,0.0,0.0,0.7414875654288,2.202986532182827,2.718107932171354,2.3618732471302417,12.395775185768333,0.2995649660841329,1.7779294576693379,2.2664903484305525,-2.1324009642033404,13.18347268853306,1.3609634881448962,9.0,0.7175153331668849,0.9188843329231311,-3.9797340752947274,0.6666666666666666,0.5555555555555556,3.568884367872214,1.4935728023046846,0.02397223226191514,1.799223599248223,16.37550926106306,1.0,0.0,2.1296646582249723,5.140672813950675,16.13356226772169,1.6883608453064722,-1.3881770927961723,-2.422564881779321,-3.737787081953357,2026-01-29,0.0,-1.9033807015791289,-1.326251839042269,-2.5499508492424687,-4.1054162898943165,-4.166080275509808,1
erl_c16a5a62350b81c1bbba6cf11932958edaf9dc3b900dbdb13b642ed26e3615c9,est_db6857553c8b2983b8b0e31a14b126a29d3877440d7edca0a97cf9b1684f563c,evt_c007e2bc88ca35c3c3fc54f00d9d8d8cd22af746cdfc55c30593bfe5c86a31c4,482,2026-01-30T21:10:02+00:00,2026-01-30,2026-02-04,7.436629726155064,management_or_board_change,8-K/A:item:5.02,company,sec_edgar,Consumer Staples,0.0,0.0,5.0,1.0,1.0,0.0,0.0,5.0,0.0,0.0,0.0,0.0,0.0,0.0,0.0,0.0,0.0,0.0,0.0,0.0,1.4734653552330723,1.8813040040293494,1.1976522487984864,-0.05033352359883336,6.9383318135264105,0.7562290448969738,1.109934521627879,2.3585741164880605,-2.0391410137534205,8.496495800463233,0.4887427294915451,9.0,0.2260718307182774,2.861561305694438,-3.2727258855646313,0.5555555555555556,0.6666666666666666,1.258170750544854,1.6312382141913828,1.247393524514795,-1.6639090568959514,10.211057699091041,1.0,0.0,-1.326492507438115,-4.373251970505976,9.0347160885748,1.332260824917174,2.7999578626711874,5.570904219304462,-2.09638427504839,2026-01-30,0.0,-0.02288832697933637,-0.6678017689014447,-0.7115286644759296,-0.5626093797235527,-0.33510082271761854,1
erl_11932cd6455ace873f0f9ddd592ec682c55c4b373a694a5b346fbe34d1dbbd83,est_2fe0c5dfd9a784cc4d733fe88fdd185adabe0cb38954b04221ec7d2b1cf5c48b,evt_2c40174df9dc809ed2c6b32c8565baeab74520630a2f7f9d56bb6a26ce720777,100,2026-01-30T21:30:32+00:00,2026-01-30,2026-02-04,2.447711690475507,management_or_board_change,8-K:item:5.02,company,sec_edgar,Energy,0.0,0.0,9.0,1.0,1.0,0.0,0.0,9.0,0.0,0.0,0.0,0.0,0.0,0.0,0.0,0.0,0.0,36853.0,0.0,0.0,3.335470163938159,4.643591069515174,6.106041627425984,6.463643474764869,16.068492648729894,1.0810702959961758,1.8691152911054743,3.4087049108805605,-0.2256114768123596,16.95867365056818,1.7339093737543945,9.0,0.2260718307182774,2.7441936699704073,-3.2727258855646313,0.5555555555555556,0.6666666666666666,0.8450509160910373,1.4943838159777887,3.1093983332198816,3.361847957455577,19.341218534294526,1.0,0.0,0.6334064653352067,4.76401616479718,17.50041399325084,1.6622944485185716,2.7020636986029523,1.3420254626288042,-1.4319213445209478,2026-01-30,0.0,-0.7511961320113811,1.1598152986711618,0.9371519517465396,-2.107386819576817,-1.8840959508570942,1
erl_77f3273369be83ece817143421409be76a7993b4f782765b8b7fcd64594994c7,est_a2904d433435980c644fb8c2675a74d94e2b6338b3ad7bfa6fb2a271e110b627,evt_e89c2fad61c7f6034104d839d85fa6931d5a163b107c82287458df0667fe5740,100,2026-01-30T21:30:32+00:00,2026-01-30,2026-02-04,2.447711690475507,financial_results_disclosure,8-K:item:2.02,company,sec_edgar,Energy,0.0,0.0,9.0,1.0,1.0,0.0,0.0,9.0,0.0,0.0,0.0,0.0,0.0,0.0,0.0,0.0,0.0,36853.0,0.0,0.0,3.335470163938159,4.643591069515174,6.106041627425984,6.463643474764869,16.068492648729894,1.0810702959961758,1.8691152911054743,3.4087049108805605,-0.2256114768123596,16.95867365056818,1.7339093737543945,9.0,0.2260718307182774,2.7441936699704073,-3.2727258855646313,0.5555555555555556,0.6666666666666666,0.8450509160910373,1.4943838159777887,3.1093983332198816,3.361847957455577,19.341218534294526,1.0,0.0,0.6334064653352067,4.76401616479718,17.50041399325084,1.6622944485185716,2.7020636986029523,1.3420254626288042,-1.4319213445209478,2026-01-29,0.0,-0.7511961320113811,1.0904941632031113,1.314108585653663,-2.107386819576817,-2.1227772804672735,1
erl_1ef3424947bdddfad8371721ed6f82abffab66b8c7cd744434702138d97b52e5,est_a68fa08287f34ebf11fa3b3b863fc0cc90fda00febc3b0b4908b74b6d4610961,evt_9b81461395b6375713e9da5cbdd723bb50a75d6974a9061e175332e13e101034,287,2026-02-04T12:05:22+00:00,2026-02-03,2026-02-06,5.453135206194815,financial_results_disclosure,8-K:item:2.02,company,sec_edgar,Health Care,0.0,0.0,6.0,1.0,1.0,0.0,0.0,6.0,0.0,0.0,0.0,0.0,0.0,0.0,0.0,0.0,0.0,0.0,0.0,0.0,-3.8951071916299207,-2.0192544359161846,-3.4679788991254457,-3.6329951954503503,-3.653348257452782,1.8531518117871886,2.1122353803487455,5.502962801619811,-11.50755631360666,0.994384419259009,1.8047218492483479,9.0,1.0184208465939815,4.370332900167395,8.660351940208265,0.7777777777777778,0.8888888888888888,1.8566340204732799,1.518012366042275,-4.913528038223902,-7.838311799292841,-12.313700197661047,1.0,0.0,1.0184208465939815,3.858493837064625,14.091336150432499,0.9598837151664188,-4.913528038223902,-7.326472736190071,-17.74468440788528,2026-02-03,0.0,-1.2895193225025472,-1.9885103030661646,-2.843442303297074,-2.2288850659242287,-2.2258746075171323,1
erl_b2704b0931a40f2e0b217fea3b1c45de97740182fc890e01fa8789e9b1d7601f,est_e52cbcb053ab7dd1c3fe74e7f09cead5125a6bcac583b99c6097103ba11e57fe,evt_905ea1a7d715a3cfe6484171c0b3d1bfb45d426962ae2ee5db0daff6128255b4,268,2026-02-05T21:17:31+00:00,2026-02-05,2026-02-10,2.6180020058400144,other_material_disclosure,8-K:item:8.01,company,sec_edgar,Financials,0.0,0.0,6.0,1.0,1.0,0.0,0.0,6.0,0.0,0.0,0.0,0.0,0.0,0.0,0.0,0.0,0.0,0.0,0.0,0.0,-2.2409889361631685,0.6555425837752704,1.2205437211943115,2.15064343914797,-5.146942437045999,1.4563069491995742,1.5954962866253841,3.375677423614304,-6.5501628906794895,4.603552476111661,0.7541910100399469,9.0,-0.8281230926513672,3.964136034428334,12.090684002721686,0.2222222222222222,0.7777777777777778,2.785718831251028,1.4233403489746481,-1.4128658435118013,-2.7435923132340223,-17.237626439767684,1.0,0.0,-0.7945150468037454,3.504138529562173,-1.2580890916934262,1.3703601883409733,-1.4464738893594231,-2.2835948083678614,-3.8888533453525724,2026-02-05,0.0,-0.8497885819501768,1.186256635709228,0.004999099402418938,1.2615587288172136,1.2481577155119208,1
erl_533135fbe4b76c90cc787cf3994187a76f94cc687133f0bbf0c9bfde112b7140,est_128d12d1d631d10c865958e25dd7e75d17596c39f107479522be067150bfc701,evt_6936168d54d2ee0ff6e881cd6ef00b930840da6f60c433226d72284c95aeff75,266,2026-02-11T21:06:11+00:00,2026-02-11,2026-02-17,1.0254924912580066,annual_report_disclosure,10-K,company,sec_edgar,Health Care,0.0,0.0,10.0,1.0,1.0,0.0,0.0,10.0,0.0,0.0,0.0,0.0,0.0,0.0,0.0,0.0,0.0,0.0,0.0,0.0,1.0530708800342348,0.3625130619084427,2.725295072453049,5.770243860535262,12.735786328667409,0.7526039255044736,0.7549829043971745,1.6025909659429227,-0.16579371035053692,14.422803140309526,0.7100198378534629,9.0,0.6650129249217152,-0.3580564466495906,3.8442370722045816,0.5555555555555556,0.3333333333333333,1.9153837782351915,1.5855418242368795,0.3880579551125196,3.0833515191026395,8.891549256462827,1.0,0.0,-0.9551198075457346,-8.301717388348917,-5.753852412758354,3.4834679820649694,2.0081906875799693,11.027012460801966,18.489638741425765,2026-02-11,0.0,0.5023786393204476,1.090091338842397,3.1440333824236237,2.57028386555219,2.1432681798566504,1
erl_3f65ca8b49269a96ba27226f9c6c8ac94a6cef35da11e44f78213a0e578eb0c9,est_fa0aa7c3c0588f4fabb67f66f69e13ad198a8ad49f647670b52e643733166986,evt_616876d0f52bde471b481d253d240642f16b6327a6fefbfdb289628633ed6794,268,2026-02-13T21:20:00+00:00,2026-02-13,2026-02-19,1.8178814152733036,annual_report_disclosure,10-K,company,sec_edgar,Financials,0.0,0.0,10.0,1.0,1.0,0.0,0.0,10.0,0.0,0.0,0.0,0.0,0.0,0.0,0.0,0.0,0.0,0.0,0.0,0.0,-0.02974717522841175,-4.942192738047513,-6.156949900529163,-1.0919045066925315,-2.169702438327381,1.0896914801152278,1.7306571967511735,2.5681771094854344,-7.306987300704271,2.037023314025066,0.7993787044004638,9.0,0.057118771963837744,0.04487028698421103,6.452049173634711,0.5555555555555556,0.5555555555555556,1.0937360654010087,1.7230494570520034,-0.08686594719224949,-6.201820187513374,-8.621751611962091,1.0,0.0,0.057118771963837744,-7.040508806262236,-0.07606182812565088,1.4959536049870066,-0.08686594719224949,0.8835589057330724,-2.09364061020173,2026-02-13,0.0,1.455598218886837,1.1052032747740483,3.1179508896283696,2.557348063687898,2.570679380056741,2
erl_c7d67ac3625f81a54b1c6604ef96359c1132db94d2328b39da0615b011af37c9,est_871755b8d385e8965b1230fdec083e69ca27195828787f6510f595317adbae79,evt_c8a784df2479fb585052672554bfb4283b66ffe217194a6e1c6eccf069f37f51,58,2026-02-13T21:44:13+00:00,2026-02-13,2026-02-19,0.4186512348186122,other_material_disclosure,8-K:item:8.01,company,sec_edgar,Financials,0.0,0.0,5.0,1.0,1.0,0.0,0.0,5.0,0.0,0.0,0.0,0.0,0.0,0.0,0.0,0.0,0.0,0.0,0.0,0.0,0.057118771963837744,-5.1272796242685,-7.040508806262236,-1.2218073619497338,-0.07606182812565088,1.1611287927619562,1.4959536049870066,2.6260724798298334,-7.596271805804744,2.416678679753459,0.8097281244182136,9.0,-0.02974717522841175,0.04487028698421103,6.452049173634711,0.4444444444444444,0.5555555555555556,1.0928566107194906,1.7233205942973093,0.08686594719224949,-7.085379093246447,-6.528111001760362,1.0,0.0,-0.02974717522841175,-6.156949900529163,-2.169702438327381,1.7306571967511735,0.08686594719224949,-0.8835589057330724,2.09364061020173,2026-02-13,0.0,1.0469656637862996,0.13602913217022183,1.4217407675295484,2.0056787054793213,1.9139050358524188,2
erl_05f25912c491e1989f9f09b9b7bd0f185151172ff3165160aefa6418527d5e07,est_ccfa270e3417a32ec184be11c5d2fdeec957a109ef6b13e82a4346c5e4e3ed6d,evt_b53edb7510cd91a4b5c2cf72e1ece1168c50732f331d9c7ccc64fca62c5dcbfe,482,2026-02-19T11:59:55+00:00,2026-02-18,2026-02-23,-0.6397134500221391,financial_results_disclosure,8-K:item:2.02,company,sec_edgar,Consumer Staples,0.0,0.0,7.0,1.0,1.0,0.0,0.0,7.0,0.0,0.0,0.0,0.0,0.0,0.0,0.0,0.0,0.0,0.0,0.0,0.0,-1.7306971294530293,-5.252915800005731,-0.06313670369924029,-0.8534933409322654,6.663300246915771,2.614194117940687,2.0058362525009463,2.4482691572242716,-5.991535784799529,9.646691258932648,1.3804827697891269,9.0,0.6822026259063252,-0.6003058803966232,3.2999405763962875,0.7777777777777778,0.3333333333333333,1.3861804071185702,1.606854470252505,-2.4128997553593545,0.537169176697383,3.3633596705194835,1.0,0.0,-1.5779824016352806,2.5586150675765085,3.2999405763962875,1.4116608554784453,-0.15271472781774875,-2.6217517712757488,3.3633596705194835,2026-02-18,0.0,1.2931085010532315,-0.42877209752493245,1.6218023821554657,2.487601239574638,2.396252301470306,2
erl_00bd31ed260c67de7168fafbfeaec78742d58438099f8e292f4aae201de5eb2f,est_66ba9596762f8748eb579d102b5df9b5446defe3e34791d8b4624a966852c154,evt_938e9b66d64a376c1939e9f61659830250cae775f4f04d67b4ace07f5460d3da,268,2026-02-23T21:39:11+00:00,2026-02-23,2026-02-26,2.8420704382210005,regulation_fd_disclosure,8-K:item:7.01,company,sec_edgar,Financials,0.0,0.0,8.0,1.0,1.0,0.0,0.0,8.0,0.0,0.0,0.0,0.0,0.0,0.0,0.0,0.0,0.0,0.0,0.0,0.0,-4.221498361100339,-3.598026230806306,-1.6129481282853964,-7.670589620634505,-0.016790203131733517,2.0390105220731916,1.8225393186555363,5.341483246294283,-8.802077514088902,0.8708936872462214,1.2212576161278326,9.0,0.6047343656806037,0.6367683324080664,6.863156350351285,0.7777777777777778,0.5555555555555556,2.5482963492355113,1.9873350622073842,-4.826232726780943,-2.2497164606934628,-6.879946553483018,1.0,0.0,-3.750474230987322,-2.8163645361055867,-1.2567701286494093,1.675126753747521,-0.4710241301130176,1.2034164078201903,1.2399799255176758,2026-02-23,0.0,0.3054963768479105,1.0349888092225108,1.6887143515046854,1.686117144078289,1.566364988073829,2
erl_7f75faae4431e9fbf96f40d250dbed90fb93d2b3476dddc58e7998e2bedf4763,est_dcb46f2c052ffadaffb070d8442a8a68bbb65ee4fb38a3ce7c1262e674ec8a29,evt_54ee4317ef6a95679319861abda8606271ed3100e1353b936e83c19eceb6042c,39,2026-02-24T21:55:58+00:00,2026-02-24,2026-02-27,-2.924973008081655,shareholder_vote_result,8-K:item:5.07,company,sec_edgar,Information Technology,0.0,0.0,7.0,1.0,1.0,0.0,0.0,7.0,0.0,0.0,0.0,0.0,0.0,0.0,0.0,0.0,0.0,0.0,0.0,0.0,2.2390946489790453,4.436268582340253,3.1302143446955144,-0.9030589588684967,6.55025674266887,1.2522608547001683,1.9531825912561875,2.638356289733741,-3.1219924172657065,7.914990305483172,0.8539353924222056,9.0,0.17897919295504217,-1.345782844866128,2.1234169125076585,0.5555555555555556,0.4444444444444444,0.982089672959383,1.805094748816966,2.060115456024003,4.475997189561642,4.426839830161211,1.0,0.0,1.178245055508631,-1.9805436782949104,-17.283320360269393,2.799413250418067,1.0608495934704143,5.110758022990424,23.833577102938264,2026-02-24,0.0,-0.5877617577522442,0.7371094720663988,0.6195957787799137,-0.12813269731761523,-0.3548262808997502,2
erl_fd28522a3a21af958a304f513fe4c1fa96215158f6d5815247c9918e27ffd820,est_1f881de7112498909d985f2080eded57ff4b09533f4fb8e0ba25465e959f99ce,evt_dac475e921382b0ed799204012c3115d72aaaaec4515fcfaf81b2a1e44e5e7ff,58,2026-02-25T22:01:44+00:00,2026-02-25,2026-03-02,-3.637061914036399,annual_report_disclosure,10-K,company,sec_edgar,Financials,0.0,0.0,10.0,1.0,1.0,0.0,0.0,10.0,0.0,0.0,0.0,0.0,0.0,0.0,0.0,0.0,0.0,0.0,0.0,0.0,2.53917632051448,-2.581987770681915,-3.129688839093836,-6.679907571240973,-0.9200681600216254,2.0897727369208567,1.7867425016693386,2.8245291608853966,-9.108493762027415,4.487562868862005,1.0103226280646505,9.0,-0.36757538706552184,0.07346939538162012,6.179588280313664,0.3333333333333333,0.5555555555555556,1.3342333943963225,1.9476295879744077,2.906751707580002,-3.203158234475456,-7.0996564403352895,1.0,0.0,2.018163554106245,-1.7747299073749279,0.9956345971437797,1.8592281955776675,0.5210127664082354,-1.3549589317189081,-1.915702757165405,2026-02-25,0.0,-0.2527589660129855,1.1052032747740483,1.409593704728547,0.07726586077714509,0.2607916727638164,2
erl_abc9bfdbf56377c9c4c65ad9e1ef74feed6158ad8597fd45f93a9e08b12322f0,est_975e8337d620aedef64ca6cf7e4b4db14d5b58360b7176044da1c04a57907f96,evt_c688f04949b4284a4b26d4deefd5736b3a243baa2af339a04f4024fa16a28072,131,2026-03-05T21:19:07+00:00,2026-03-05,2026-03-10,1.505234020690338,financial_results_disclosure,8-K:item:2.02,company,sec_edgar,Consumer Staples,0.0,0.0,6.0,1.0,1.0,0.0,0.0,6.0,0.0,0.0,0.0,0.0,0.0,0.0,0.0,0.0,0.0,0.0,0.0,0.0,-2.4008168091673165,-2.0144212345392876,-0.422601997631189,-0.5314733414056971,0.43134173287568967,1.5853737166657083,1.3646032539807775,2.0802591458159236,-4.460147086402577,1.5975279474145454,1.303972732544161,9.0,-0.9741508373791508,-1.5771948571231653,-3.664064407348633,0.3333333333333333,0.3333333333333333,1.7477995938505453,1.8310948748700904,-1.4266659717881658,1.1545928594919763,4.0954061402243225,1.0,0.0,-3.5208513308491396,-0.8921400310939798,-3.664064407348633,2.054814694169237,1.120034521681823,0.46953803346279077,4.0954061402243225,2026-03-05,0.0,-0.49927232248169423,-1.435584410272736,-1.2189128780977363,1.80825509847149,1.9458234427994392,2
erl_4d0e8f6481492f4c310b3506c228289e070df53df6f7f96d7d63afd864a8505d,est_c42d4bfab75a0e8bb94d640cd4d0e946dd057fb2ca95358d7206bd81b6767d16,evt_760d3713d3be1343111a22f1f4c14ec51c9af6fe4c161600a84f01cd00b3bd84,131,2026-03-11T20:37:54+00:00,2026-03-11,2026-03-16,0.9584481373090759,quarterly_report_disclosure,10-Q,company,sec_edgar,Consumer Staples,0.0,0.0,8.0,1.0,1.0,0.0,0.0,8.0,0.0,0.0,0.0,0.0,0.0,0.0,0.0,0.0,0.0,0.0,0.0,0.0,-0.5143584019970726,-0.5881169482788051,-1.4412867181571865,-0.2543356459887347,2.162206729848326,1.3621360021191196,1.2471160435839408,0.957439322233743,-3.5208629575381734,3.307785620357473,0.6094583291026626,9.0,-0.15079130846188393,-0.6513757148561616,-2.4546315262957363,0.2222222222222222,0.2222222222222222,1.303949264853538,1.7869047925357948,-0.3635670935351887,-0.7899110033010248,4.616838256144062,1.0,0.0,-1.3027532345199155,-3.3800170388421646,-2.5335431426915966,1.8627721360590053,0.7883948325228429,1.9387303206849782,4.695749872539922,2026-03-11,0.0,-0.34696468828008653,-2.77478485914815,-0.9962127918047661,1.4707500578260384,1.4101238416157937,2
erl_bf47490c20cd8ceadb2c749bf834b47cd21161cf13572deb39aaeb5ca2493e80,est_0d764e00b758c239fc5e9fcb795619cb3bcd433253b5e831e4b1465a9fb7cf0c,evt_2ad432d17167423c097ab3118002b7bbf9a76c2b48a06871914f505040f9403b,482,2026-03-13T20:06:24+00:00,2026-03-13,2026-03-18,-3.5883602644575463,annual_report_disclosure,10-K,company,sec_edgar,Consumer Staples,0.0,0.0,10.0,1.0,1.0,0.0,0.0,10.0,0.0,0.0,0.0,0.0,0.0,0.0,0.0,0.0,0.0,0.0,0.0,0.0,0.9494891842544151,1.1189209285104695,2.1970868531977494,-1.1176243370714878,-5.327748263319387,0.9417404666660383,1.649923907841985,1.359469859579217,-6.06578487656797,4.5187884786502375,0.6314752647147751,9.0,-0.07615062981916054,-0.5301263123809519,-1.5653017624539411,0.4444444444444444,0.4444444444444444,1.134511285382769,1.3835501608503182,1.0256398140735756,2.7272131655787013,-3.762446500865446,1.0,0.0,0.5093076300940469,1.0349681737823468,0.9580929724450238,1.179511398603821,0.4401815541603682,1.1621186794154026,-6.285841235764411,2026-03-13,0.0,0.034898423037003294,1.1052032747740483,1.6972510937785357,1.0123497747215306,1.0998332912522957,2
erl_ff9fc9c78e9dcf798b6644a574c2b3e28a9504d5b0fa0f34b97e756c43379646,est_16ab91bbb9c5e9c1b049b8ad82e13b6d44804963aa4ea4ff906b078722c4fd58,evt_354b870307d9597f2ec45d29502e4df408c2f5c08782a0c1ca9c3ccc41b1ebdf,482,2026-03-13T20:10:19+00:00,2026-03-13,2026-03-18,-3.5883602644575463,other_material_disclosure,8-K:item:8.01,company,sec_edgar,Consumer Staples,0.0,0.0,5.0,1.0,1.0,0.0,0.0,5.0,0.0,0.0,0.0,0.0,0.0,0.0,0.0,0.0,0.0,0.0,0.0,0.0,0.9494891842544151,1.1189209285104695,2.1970868531977494,-1.1176243370714878,-5.327748263319387,0.9417404666660383,1.649923907841985,1.359469859579217,-6.06578487656797,4.5187884786502375,0.6314752647147751,9.0,-0.07615062981916054,-0.5301263123809519,-1.5653017624539411,0.4444444444444444,0.4444444444444444,1.134511285382769,1.3835501608503182,1.0256398140735756,2.7272131655787013,-3.762446500865446,1.0,0.0,0.5093076300940469,1.0349681737823468,0.9580929724450238,1.179511398603821,0.4401815541603682,1.1621186794154026,-6.285841235764411,2026-03-13,0.0,0.034898423037003294,0.13602913217022183,0.40967352678025204,1.0123497747215306,1.1142230457526527,2
erl_8375c5aee378149340bb69f62143a71f2336351579fcf1693e280dc6f1a2cced,est_c9a52caaeed14a59fff8f5414c5904fb935f8dac02312df6ef5ae21d1befab3d,evt_7dd394e1d451f46730abb6cf608010a47d73efe0ff8514105acedb67856f6967,100,2026-03-25T20:36:44+00:00,2026-03-25,2026-03-30,2.7102183684140524,charter_or_bylaw_change,8-K:item:5.03,company,sec_edgar,Energy,0.0,0.0,5.0,1.0,1.0,0.0,0.0,5.0,0.0,0.0,0.0,0.0,0.0,0.0,0.0,0.0,0.0,0.0,0.0,0.0,-0.7930748309369018,1.6953344774588874,3.29288216405752,6.965952905801331,11.361411647536723,0.9065451244320626,1.2345417119910904,1.2771194023523007,-2.2117353249160643,12.868618010861987,0.5904557965741575,9.0,0.8275251795017313,1.0722544008974877,-2.598079354560745,0.7777777777777778,0.6666666666666666,0.9600024048353298,1.1935663023319252,-1.620600010438633,2.2206277631600324,13.959491002097469,1.0,0.0,-1.2819024751382635,3.5979429536810104,9.526363330752318,1.3028830440814623,0.4888276442013617,-0.30506078962349026,1.8350483167844054,2026-03-25,0.0,0.42083716096871654,0.1622184679588418,0.5994438842307755,1.4296293020480422,1.03552437335541,2
erl_dc7da2bf04505b7db11913eb364d6e2f3bc20c55b497cad66fb2e76f764a2ba2,est_94b5a597ecb19f61ef4382eece4da37138c3be149df72431fe6cdab861f17d58,evt_73889376bf130862abf6e7bae3508502e2735a38e4a3f0ff0b48263d7c311f7a,482,2026-03-27T20:10:53+00:00,2026-03-27,2026-04-01,1.505410109292371,other_material_disclosure,8-K:item:8.01,company,sec_edgar,Consumer Staples,0.0,0.0,5.0,1.0,1.0,0.0,0.0,5.0,0.0,0.0,0.0,0.0,0.0,0.0,0.0,0.0,0.0,0.0,0.0,0.0,0.5811090871658653,0.6882395058477764,3.251556759985408,-2.8691095081663565,-3.9546679791173434,0.7361344875465726,1.287366711414476,1.9936503868585433,-4.5514567847390826,4.126421695562854,0.7914390457550923,9.0,-1.6173025219509918,0.3266250819193184,-5.739515362749136,0.4444444444444444,0.5555555555555556,2.1024263375669556,1.224205217376597,2.198411609116857,2.9249316780660894,1.784847383631793,1.0,0.0,0.4297413191019839,1.1858081164898726,-2.664252046536686,0.923935460585521,0.1513677680638814,2.065748643495535,-1.2904159325806575,2026-03-27,0.0,-0.2381969964873708,0.13602913217022183,0.13657810725587793,1.2782136700159112,1.2096079905326862,2
erl_386161d22b9fd474afd48e69ab375787d95ca44e5b09a1da846735b3eab36d04,est_bf123e688b620bfa0d9a8fc403930b02166339c77de551238a6c4f3e9b5e9f14,evt_9875c48cd491001ed7ef70f4a42790295ee7eeb96a52a05a28f8fb7d12df08b2,100,2026-04-09T11:00:12+00:00,2026-04-08,2026-04-13,-0.5754578328912241,financial_results_disclosure,8-K:item:2.02,company,sec_edgar,Energy,0.0,0.0,4.0,1.0,1.0,0.0,0.0,4.0,0.0,0.0,0.0,0.0,0.0,0.0,0.0,0.0,0.0,0.0,0.0,0.0,-4.291949084370417,-3.055737947305226,-6.7713846883172835,-6.721792324472453,3.5428666817215015,2.555995049417671,1.8900630853143834,2.369221877697273,-10.162547921344501,3.4318160265800257,1.1089799814260655,9.0,2.130175107094434,2.397814118284347,1.71035753090798,0.8888888888888888,0.7777777777777778,2.4336459369411743,1.4618838456519212,-6.422124191464851,-9.169198806601631,1.8325091508135216,1.0,0.0,-4.691600432917276,-7.921727072559204,5.461416371578953,2.0904673038678223,0.39965134854685846,1.1503423842419203,-1.9185496898574517,2026-04-08,0.0,0.08143165098680306,-1.0879068379076902,0.6398577362726326,0.3248123241250825,0.5913487809972066,2
erl_e82ca4db8151538617cc346b04c68191f59daf466c55fe751b14226c0c52ad99,est_0d25306d7fd51ecf4f7aa4497624604f0b35bd0506cd65d59ec69cfac815d82b,evt_b6907686ca4ab0c99b5db9250293995b28a2240a771a1e2172e4570b65e067b9,268,2026-04-14T10:32:42+00:00,2026-04-13,2026-04-16,-1.189103722214535,financial_results_disclosure,8-K:item:2.02,company,sec_edgar,Financials,0.0,0.0,7.0,1.0,1.0,0.0,0.0,7.0,0.0,0.0,0.0,0.0,0.0,0.0,0.0,0.0,0.0,0.0,0.0,0.0,1.2295471064092123,1.8540739138375173,6.170241907445129,10.903689979209341,10.66892110284481,1.2521565919945763,1.3950042413233896,2.639632419226386,-0.01912333794265031,11.33273919282387,0.8238761858163587,9.0,-0.2096787662175803,-1.2491158615545284,-2.2290519064690595,0.4444444444444444,0.4444444444444444,1.6919846189212597,1.5740374959886507,1.4392258726267926,7.419357768999657,12.89797300931387,1.0,0.0,1.5416778539765197,6.572107492161239,14.190918407938756,1.3007268777596455,-0.3121307475673074,-0.4018655847161101,-3.5219973050939473,2026-04-13,0.0,0.44921759998533334,-0.42877209752493245,0.7779114810875676,1.0313151194320629,0.8943762528451625,2
erl_16608729f75cf36dd0180d3dafd3971fc2f358af01841eaa59faf632505d9023,est_af9ef76941b276a4321859ca3fc5b52ceadcc84833d1b3f86fae063c5c04f2d1,evt_2a2387478ad7bfa5b05ac13448f6f9e7a5347b53bfc0cc0bef6967695c094951,266,2026-04-14T11:35:25+00:00,2026-04-13,2026-04-16,-1.4372219411838971,other_material_disclosure,8-K:item:8.01,company,sec_edgar,Health Care,0.0,0.0,8.0,1.0,1.0,0.0,0.0,8.0,0.0,0.0,0.0,0.0,0.0,0.0,0.0,0.0,0.0,0.0,0.0,0.0,-0.2096787662175803,-1.3841675489636107,-1.2491158615545284,-1.0355542798825557,-1.4739969756615623,0.8638288070455378,0.9047563981620594,1.348968996175492,-3.7417579178768423,2.4629698094247976,1.0176328973908517,9.0,0.08524351681533648,0.13135551058884865,-2.2290519064690595,0.5555555555555556,0.5555555555555556,1.7143811015695285,1.5740374959886507,-0.2949222830329168,-1.380471372143377,0.7550549308074972,1.0,0.0,-1.055912718820795,0.26858997701684206,-5.637108492051601,2.152911654270656,0.8462339526032148,-1.5177058385713704,4.163111516390039,2026-04-13,0.0,-0.17137372319209165,0.7503276028164605,0.8930735769498718,2.081593415823802,2.070701883541861,2
erl_2d1dac5383bee5ec4d5bbe4783d6378690145b6c3d24e2dcc8ad0767406aaec9,est_0894b2b35582c9fbcca95f198f431a5acaaad88502dc6842526325a71113633f,evt_66591a4e3d4f3a85484228d097ee028cc9af657d1e1d3b5dca52ff719917c305,266,2026-04-14T11:35:25+00:00,2026-04-13,2026-04-16,-1.4372219411838971,financial_results_disclosure,8-K:item:2.02,company,sec_edgar,Health Care,0.0,0.0,8.0,1.0,1.0,0.0,0.0,8.0,0.0,0.0,0.0,0.0,0.0,0.0,0.0,0.0,0.0,0.0,0.0,0.0,-0.2096787662175803,-1.3841675489636107,-1.2491158615545284,-1.0355542798825557,-1.4739969756615623,0.8638288070455378,0.9047563981620594,1.348968996175492,-3.7417579178768423,2.4629698094247976,1.0176328973908517,9.0,0.08524351681533648,0.13135551058884865,-2.2290519064690595,0.5555555555555556,0.5555555555555556,1.7143811015695285,1.5740374959886507,-0.2949222830329168,-1.380471372143377,0.7550549308074972,1.0,0.0,-1.055912718820795,0.26858997701684206,-5.637108492051601,2.152911654270656,0.8462339526032148,-1.5177058385713704,4.163111516390039,2026-04-13,0.0,-0.17137372319209165,1.0215572008010114,0.8219220745171797,2.081593415823802,2.1980517997296904,2
erl_151224a02c0cf8f15de1f764682c077881e6ba29c200bf2e0511611c52c02e31,est_ad57f164b6582c35b40bc1c0af3c347c852660f612540181dc45301b7775e85c,evt_20feb50e5ec1e012f197ae4b65222ae56c33216a51aa30a7f3255723065fc961,58,2026-04-15T10:44:44+00:00,2026-04-14,2026-04-17,1.0496745816453101,financial_results_disclosure,8-K:item:2.02,company,sec_edgar,Financials,0.0,0.0,8.0,1.0,1.0,0.0,0.0,8.0,0.0,0.0,0.0,0.0,0.0,0.0,0.0,0.0,0.0,0.0,0.0,0.0,0.0,1.2141897187719186,6.1058070194073055,12.957863627357934,13.365909301481604,1.2620401768107352,1.3088720052352478,1.443299868391153,-0.41067989911596214,15.676495467648222,1.080961176629005,9.0,-0.6168107196367734,0.7088638964166227,-1.7102204392303033,0.3333333333333333,0.5555555555555556,1.3961103296767732,1.617774182756604,0.6168107196367734,5.396943122990683,15.076129740711908,1.0,0.0,-0.8161175779035967,4.613315905271542,8.722389969127287,1.420339105692583,0.8161175779035967,1.4924911141357633,4.643519332354318,2026-04-14,0.0,0.5563990114579053,1.0215572008010114,1.5496948091671765,0.9994942299659021,1.0095372911325828,2
erl_f81ba93d3aaeadcce1d990183b806e8801f5ad385c27c2be3809e64f3c5f9009,est_2b384394f270f553841be9f8dafca25a1fc5f686a9b113d122463e643174bc11,evt_250ec921b4a060b792c5647e6b0ea411aa600b9ae63774650340d90332582882,58,2026-04-15T10:44:44+00:00,2026-04-14,2026-04-17,1.0496745816453101,regulation_fd_disclosure,8-K:item:7.01,company,sec_edgar,Financials,0.0,0.0,8.0,1.0,1.0,0.0,0.0,8.0,0.0,0.0,0.0,0.0,0.0,0.0,0.0,0.0,0.0,0.0,0.0,0.0,0.0,1.2141897187719186,6.1058070194073055,12.957863627357934,13.365909301481604,1.2620401768107352,1.3088720052352478,1.443299868391153,-0.41067989911596214,15.676495467648222,1.080961176629005,9.0,-0.6168107196367734,0.7088638964166227,-1.7102204392303033,0.3333333333333333,0.5555555555555556,1.3961103296767732,1.617774182756604,0.6168107196367734,5.396943122990683,15.076129740711908,1.0,0.0,-0.8161175779035967,4.613315905271542,8.722389969127287,1.420339105692583,0.8161175779035967,1.4924911141357633,4.643519332354318,2026-04-14,0.0,0.5563990114579053,1.0349888092225108,1.9396169861146801,0.9994942299659021,1.0789664912100083,2
erl_fddb631447c76245b2d54d0b6237cbf671fd111b331680efa6d559cafd6896d3,est_b0ff8d55a302c33079a1dd54f8afe47d45adacc91b547735dc8f836fc2e22a70,evt_b2437074804805249ac37594270298136698fb7a9c0b7eabd314166241d2b91d,131,2026-04-15T20:16:27+00:00,2026-04-15,2026-04-20,1.3292741158130283,other_material_disclosure,8-K:item:8.01,company,sec_edgar,Consumer Staples,0.0,0.0,5.0,1.0,1.0,0.0,0.0,5.0,0.0,0.0,0.0,0.0,0.0,0.0,0.0,0.0,0.0,0.0,0.0,0.0,1.02072346446771,-1.3740994827779685,-4.418261103235888,-1.172183972946872,-1.1453956645651964,1.496280287255438,1.183239919988518,1.7344521035637217,-4.930388381882988,2.4713839750260203,1.2904112904112903,9.0,-0.23190796357462906,-1.0899315580399582,0.23518439257415036,0.3333333333333333,0.3333333333333333,2.1005943447597466,1.6107112900657525,1.252631428042339,-3.3283295451959294,-1.3805800571393467,1.0,0.0,-0.23190796357462906,-1.964482129525491,-0.255836017060862,1.6107112900657525,1.252631428042339,-2.4537789737103965,-0.8895596475043344,2026-04-15,0.0,-0.500659461223309,0.13602913217022183,-0.12588435748006022,0.5252083048207642,0.44047456256836093,2
erl_9be84bffb69892b5ba23f5f7d598f26067344fb2c53140f31d55c8a48fd36352,est_5dd6c2287ed2d5772f16c297aaa294d42ea50497b987fadd87f58ccc09fe45a7,evt_13c91fd526b3c0efec18791214d574f118dcc2cd083796a55a41a8182deda908,39,2026-04-20T21:29:51+00:00,2026-04-20,2026-04-23,0.13917044490059371,management_or_board_change,8-K:item:5.02,company,sec_edgar,Information Technology,0.0,0.0,5.0,1.0,1.0,0.0,0.0,5.0,0.0,0.0,0.0,0.0,0.0,0.0,0.0,0.0,0.0,0.0,0.0,0.0,1.043546864520284,2.484703411467404,5.34335452687984,5.481728828090038,10.10523881797949,1.5585543792893766,1.3815307915674486,1.4612673183491516,-0.4484508501539919,11.21746320000263,0.8795117546620298,9.0,-0.20502132863978728,1.0552147525758615,2.623595828294567,0.4444444444444444,0.5555555555555556,1.0392084480146975,1.5403492025438332,1.2485681931600712,4.288139774303978,7.481642989684923,1.0,0.0,-1.1163937475598185,8.767597012029182,9.479669172730443,1.8643789017969365,2.1599406120801024,-3.4242424851493416,0.6255696452490476,2026-04-20,0.0,0.18719302883470082,-0.5480017366706442,0.020542291326391626,-0.2583359224077145,-0.7049071045274558,2
erl_7c37a9158871b92a9d55ae77e2d671fd8226c2f0c72415866665d5a60e575e71,est_c401c5b472a6829fa8b691baf4da9f2aa99edf29d14bdc3fb35874d2e22d72bf,evt_8a983ddfb333da58b6c74fc515d0bb66659ea7fdd0de9272787d8db202306750,266,2026-04-22T20:02:41+00:00,2026-04-22,2026-04-27,-0.336138763869398,quarterly_report_disclosure,10-Q,company,sec_edgar,Health Care,0.0,0.0,10.0,1.0,1.0,0.0,0.0,10.0,0.0,0.0,0.0,0.0,0.0,0.0,0.0,0.0,0.0,0.0,0.0,0.0,-0.026528810409554016,-3.450331721315003,-5.266682935377521,-6.299211254042902,-3.897648660016062,0.8173426158694672,1.002826209465008,1.6364426573912667,-8.539298587045185,1.0367357837493207,1.1939589923874074,9.0,0.29320185658010534,1.924347520389058,6.497330993444028,0.7777777777777778,0.8888888888888888,1.1032783521095828,1.5919887355213829,-0.31973066698965935,-7.191030455766579,-10.39497965346009,1.0,0.0,2.04424714161735,1.81761385140502,2.04424714161735,1.912722158574989,-2.0707759520269042,-7.084296786782541,-5.941895801633413,2026-04-22,0.0,-0.08006379559445483,-0.8132336071553263,-0.7549639284988944,-0.5773033185241888,-0.6795258877235801,2
erl_c7680b4757d0900473b343f1d9fc29de8bda9507e13979a2a1f1681f96770a83,est_88b35cc091d93c54a5968e207cb54e67b8940460d9b7961131b6f77b3f72a5b7,evt_caccc046684bfcbb30652771051beaee6872b265796ff44f92c4fb086f2695da,268,2026-04-23T20:15:28+00:00,2026-04-23,2026-04-28,-0.07699644919477722,other_material_disclosure,8-K:item:8.01,company,sec_edgar,Financials,0.0,0.0,6.0,1.0,1.0,0.0,0.0,6.0,0.0,0.0,0.0,0.0,0.0,0.0,0.0,0.0,0.0,0.0,0.0,0.0,-0.4248887032602733,-1.6719732345649385,0.5613776950629035,0.4382482931032827,5.507409205250702,1.1286584715049177,1.5784572097195197,1.9570648843907714,-2.669868865131819,10.62644274761535,0.7799099092546392,9.0,0.6869894423466416,-0.2923134790380755,4.053917498418813,0.6666666666666666,0.4444444444444444,1.6995100143637194,1.5935986048122133,-1.111878145606915,0.853691174100979,1.4534917068318887,1.0,0.0,-1.2236402941482094,-1.9435565940049138,7.630771734775643,1.4673448974132899,0.7987515908879361,2.5049342890678172,-2.1233625295249414,2026-04-23,0.0,0.5693184174564911,1.1726225106364594,1.5566231682198364,0.9994461102433336,1.2556413310507215,2
erl_23e8979cb6bcd820ee9deb6d17a63a7e9789a62e34fee455dab3d1925107cc2e,est_2f65a1b960a230eacc2fef466ded5e7b91b88c836ac56501ee179b31a1e2968c,evt_ba1c1919942b276fee9e590cc37bfde4d8eb052c3b6624b4919c3573fa0c3969,268,2026-04-24T20:16:13+00:00,2026-04-24,2026-04-29,0.31464941758923004,charter_or_bylaw_change,8-K:item:5.03,company,sec_edgar,Financials,0.0,0.0,6.0,1.0,1.0,0.0,0.0,6.0,0.0,0.0,0.0,0.0,0.0,0.0,0.0,0.0,0.0,0.0,0.0,0.0,-1.0940369069907585,-1.5079876104482803,-0.6477842374141396,-0.5131172307564991,5.698414218098247,1.228768522391084,1.57012027300201,1.0574734854533174,-3.7346964213697764,9.416148635065436,0.5950923395539631,9.0,-1.076194200707259,0.4328358133541821,3.2154340034687756,0.1111111111111111,0.6666666666666666,1.4160332788925412,1.6167941614579626,-0.0178427062834996,-1.0806200507683217,2.482980214629471,1.0,0.0,-0.8004611661355465,-3.4501959109926594,7.8980046144866645,1.4563488962907412,-0.293575740855212,2.80241167357852,-2.199590396388418,2026-04-24,0.0,0.2506280470453276,1.4104000709379176,0.9124936919357794,1.2867101176597182,1.2580512377781332,2
erl_d360141eb4d845739f6f34a70d464110bad5e86f7fd5708fef64b4b7b4218631,est_c4d39b6bc7ee8bfe7cd504c8aebfa6647a448ff9a2eab82e6cc8642ecd331e3b,evt_376d32585b639f064e0934a35b711fa3bd13c92c83803481d49bccfdb1106ad2,266,2026-04-27T21:33:52+00:00,2026-04-27,2026-04-30,2.001424442584243,shareholder_vote_result,8-K:item:5.07,company,sec_edgar,Health Care,0.0,0.0,5.0,1.0,1.0,0.0,0.0,5.0,0.0,0.0,0.0,0.0,0.0,0.0,0.0,0.0,0.0,0.0,0.0,0.0,-0.9494521591689509,-0.336138763869398,-2.3191321890399186,-5.303416548962947,-6.284051071792717,1.387186965116361,1.034081656333496,1.5798338583691283,-8.846733458200973,0.697112149031831,1.0348717908400127,9.0,-0.4835143395314656,-0.25797516868226733,3.82455608396568,0.3333333333333333,0.4444444444444444,1.0555913949713238,1.604471584509797,-0.46593781963748526,-2.0611570203576512,-10.108607155758397,1.0,0.0,-1.7749674251548386,-5.612566965165444,-1.13522167220651,1.990580448436828,0.8255152659858878,3.293434776125525,-5.148829399586207,2026-04-27,0.0,0.6786683840110191,-0.28040643572851126,0.7150100214813429,2.320177016155536,2.0651196934308804,2
erl_6061f79c152c6ac1f8b178d3ab68beaab751518f6b8c09f6d567e6956b3b771c,est_8e51f2731ec7b63f8b9ee36873627ee6f36ea5df6586edaae407423fedcb4592,evt_98f8a394529c550afe35fa3d2a8daf329e9f2d6c12bb042c76762a678dd1cdfe,315,2026-04-29T20:03:31+00:00,2026-04-29,2026-05-04,-2.5538322942358804,financial_results_disclosure,8-K:item:2.02,company,sec_edgar,Information Technology,0.0,0.0,3.0,1.0,1.0,0.0,0.0,3.0,0.0,0.0,0.0,0.0,0.0,0.0,0.0,0.0,0.0,0.0,0.0,0.0,-1.1159018159398681,-0.037681612724149716,-1.9541766862825938,3.219685374026593,14.666227964989487,2.094071568918309,1.8340899096626286,1.5384250366946455,-2.1305096822414438,16.56185598501969,1.1861129100135888,9.0,0.3291779771143366,-0.5011486734780912,0.22480156667703532,0.5555555555555556,0.3333333333333333,1.45097800502753,1.4828304052810508,-1.4450797930542048,-1.4530280128045026,14.441426398312451,1.0,0.0,-0.19946734305643643,-1.0982171733844526,6.454163117114731,1.4828304052810508,-0.9164344728834317,-0.8559595128981412,8.212064847874757,2026-04-29,0.0,-0.31057688067741257,-1.3388509341079564,0.24784920460841703,0.42835756813244324,0.23615611551041388,2
erl_80b8391bce690b231faf3a189f48f44e7ec102ed3dd4de695cab99703b3e2c00,est_273cd54a41a1d1f7f2110967ddfcdd680a080b8ed90326fed92ad3726f230115,evt_f4d0ffe8b26b3f12ff159fc4550e8e6442bf73767140183d5b512c0f2db3b1e0,315,2026-04-29T20:06:24+00:00,2026-04-29,2026-05-04,-2.5538322942358804,quarterly_report_disclosure,10-Q,company,sec_edgar,Information Technology,0.0,0.0,10.0,1.0,1.0,0.0,0.0,10.0,0.0,0.0,0.0,0.0,0.0,0.0,0.0,0.0,0.0,0.0,0.0,0.0,-1.1159018159398681,-0.037681612724149716,-1.9541766862825938,3.219685374026593,14.666227964989487,2.094071568918309,1.8340899096626286,1.5384250366946455,-2.1305096822414438,16.56185598501969,1.1861129100135888,9.0,0.3291779771143366,-0.5011486734780912,0.22480156667703532,0.5555555555555556,0.3333333333333333,1.45097800502753,1.4828304052810508,-1.4450797930542048,-1.4530280128045026,14.441426398312451,1.0,0.0,-0.19946734305643643,-1.0982171733844526,6.454163117114731,1.4828304052810508,-0.9164344728834317,-0.8559595128981412,8.212064847874757,2026-04-29,0.0,-0.31057688067741257,-0.8132336071553263,-0.985477013581852,0.42835756813244324,0.23203022783143962,2
erl_be611b9738e2fe4968dd9cb8374baf10e7fae873b3f4f45f1e38f54b66bd79ee,est_4e0fa3811629cd38249b8fa6e8c3fd7443433a38889aed05aac1fe18347a0efa,evt_4501baaf4f7757602da2fd44eb57281cbf270c95f830ff40887689599b3f43be,287,2026-04-30T11:03:30+00:00,2026-04-29,2026-05-04,13.7122411261829,financial_results_disclosure,8-K:item:2.02,company,sec_edgar,Health Care,0.0,0.0,6.0,1.0,1.0,0.0,0.0,6.0,0.0,0.0,0.0,0.0,0.0,0.0,0.0,0.0,0.0,0.0,0.0,0.0,-2.6075489733802915,-3.7049186825117597,-7.62577158326847,-5.946764812437433,-7.454036998676528,1.5387630130184686,1.8560503704899618,2.1745526119075236,-12.846579395916425,0.0823049933561748,1.3253926092882031,9.0,0.3291779771143366,-0.5011486734780912,3.00128400722226,0.5555555555555556,0.3333333333333333,1.1732142709903015,1.4828304052810508,-2.936726950494628,-7.124622909790379,-10.455321005898789,1.0,0.0,-0.19315474585598347,0.5528527051112508,-6.991489186385191,1.018020543679423,-2.414394227524308,-8.178624288379721,-0.46254781229133624,2026-04-29,0.0,-0.03420689075324493,-1.435584410272736,-0.753847446369287,0.6085026189591634,0.689386791405563,2
erl_01386f93aa1359c51c61bd5a89b7c06a6345f0af9f71ffca8269a919103e27fe,est_895fad574ce40ba2d3cd96042472857cf67b3136a1b9c1fcb16a439b7221fd9c,evt_41888625a1c1ec0a18d50014a90ec0dd4378254c4dcb700c5e889a23128f1daa,482,2026-04-30T11:54:16+00:00,2026-04-29,2026-05-04,1.8123642088703207,other_material_disclosure,8-K:item:8.01,company,sec_edgar,Consumer Staples,0.0,0.0,10.0,1.0,1.0,0.0,0.0,10.0,0.0,0.0,0.0,0.0,0.0,0.0,0.0,0.0,0.0,0.0,0.0,0.0,0.3291779771143366,-1.470138307441815,-1.5156187763173956,2.6049954432163958,3.00128400722226,1.2589665530020162,1.6005998146411349,1.6951787064012656,-3.3595138015083514,5.50563963980053,1.0026559579605687,9.0,-0.19315474585598347,-0.5011486734780912,0.22480156667703532,0.4444444444444444,0.3333333333333333,1.5124683738950115,1.4828304052810508,0.5223327229703201,-1.0144701028393044,2.776482440545225,1.0,0.0,0.46981719418071055,-0.5011486734780912,0.22480156667703532,1.1729980493107903,-0.14063921706637394,-1.0144701028393044,2.776482440545225,2026-04-29,0.0,-0.2998657498785885,0.8419402160510238,0.8934729259864288,-0.13576783768147996,0.2670012688288411,2
erl_552efe332ba4612a13c481b47e0a509b1fb36f88ba574aee1ddedc4a6388e90f,est_7abd5b9e1615091077c4420b3c6a5b139bd3d866887f9b8a3f952095c2985fbd,evt_3882b86a0e598db15a13a0fb4fc071148a0b6a1b978aab7d69beed82297584f8,39,2026-04-30T20:30:41+00:00,2026-04-30,2026-05-05,4.7282057430178215,financial_results_disclosure,8-K:item:2.02,company,sec_edgar,Information Technology,0.0,0.0,6.0,1.0,1.0,0.0,0.0,6.0,0.0,0.0,0.0,0.0,0.0,0.0,0.0,0.0,0.0,0.0,0.0,0.0,0.4367593060422559,1.3975639761871328,-0.7607016889079721,3.0182279389708633,6.149513328026424,0.8755623695028154,1.4802628965038436,2.896622507745234,-1.6847803972769526,10.439564295426806,2.1175887695738145,9.0,1.0996260975958405,0.4940833946739609,1.8032062075845845,0.7777777777777778,0.6666666666666666,3.4137094292914982,1.6505709010697671,-0.6628667915535846,-1.254785083581933,4.346307120441839,1.0,0.0,-3.9296972651300055,-1.9170177319791093,10.3987882529341,2.0881574011135373,4.366456571172261,1.1563160430711372,-4.249274924907676,2026-04-30,0.0,-0.41686617721709296,-1.435584410272736,-1.136506732833135,0.2696178231492763,0.5650595444684663,2
erl_08a6286511e0b10351b5a87f7da7d3c5d75791dba3fd646e3b6a734ede30072a,est_8395263e9d02605420f5bef68466f40b74e9cf2e94f7cebdd94bc4280376d23f,evt_ff09ef38bc7f3d4a19906fd1fe3fb7f91523373c07d34367bb0004c413f77a53,39,2026-05-01T10:01:00+00:00,2026-04-30,2026-05-05,4.7282057430178215,quarterly_report_disclosure,10-Q,company,sec_edgar,Information Technology,0.0,0.0,9.0,1.0,1.0,0.0,0.0,9.0,0.0,0.0,0.0,0.0,0.0,0.0,0.0,0.0,0.0,0.0,0.0,0.0,0.4367593060422559,1.3975639761871328,-0.7607016889079721,3.0182279389708633,6.149513328026424,0.8755623695028154,1.4802628965038436,2.896622507745234,-1.6847803972769526,10.439564295426806,2.1175887695738145,9.0,1.0996260975958405,0.4940833946739609,1.8032062075845845,0.7777777777777778,0.6666666666666666,3.4137094292914982,1.6505709010697671,-0.6628667915535846,-1.254785083581933,4.346307120441839,1.0,0.0,-3.9296972651300055,-1.9170177319791093,10.3987882529341,2.0881574011135373,4.366456571172261,1.1563160430711372,-4.249274924907676,2026-04-30,0.0,-0.41686617721709296,-2.4816735251097173,-1.3169274752019646,0.2696178231492763,0.487692373878308,2
erl_ac45a53098afbbe6559f8cfb5597036ccce81f699f1517ac9a0250244c93b1fa,est_58e46121dd7c468c8961ce9097db4ce0cbb48c26639204ef3694b8928f7fb734,evt_7c9df27b7286922433c9c7d1a7ac3f051cf6a3d72e65ab203053e2c15d6f5fbd,100,2026-05-01T10:16:43+00:00,2026-04-30,2026-05-05,-0.3465926115602147,financial_results_disclosure,8-K:item:2.02,company,sec_edgar,Energy,0.0,0.0,5.0,1.0,1.0,0.0,0.0,5.0,0.0,0.0,0.0,0.0,0.0,0.0,0.0,0.0,0.0,0.0,0.0,0.0,0.5670566699451429,4.616299835289639,3.0437053674334136,2.7424947273441136,-2.0768988538864885,1.272328083242796,1.6505709010697671,2.912423027218756,-5.922716771457603,8.759981762253588,1.0959606936998538,9.0,1.0996260975958405,0.014789764520228843,5.763985036991914,0.7777777777777778,0.5555555555555556,3.4183081120594454,1.4802628965038436,-0.5325694276506976,3.0289156029131847,-7.840883890878403,1.0,0.0,-0.2198204835557327,2.5244157859386496,-4.011691129004246,1.7765766815486002,0.7868771535008756,0.519289581494764,1.9347922751177578,2026-04-30,0.0,0.2637431764385136,-1.2541507238892466,0.08852275462543074,1.0191937583536252,1.235671070113195,2
erl_5fd71c90b18a005b48e54e8627412cdc86c52d132b2d5e43f18665f0b1685736,est_18804f187e522ec53c6fd73127909e045c5311e8c4599185ec8cee781106377b,evt_d791532f9253137531782e60e7e31ecdab36af90913ef317c4ce4c00c09f79e4,268,2026-05-01T20:18:43+00:00,2026-05-01,2026-05-06,0.7776723097539628,quarterly_report_disclosure,10-Q,company,sec_edgar,Financials,0.0,0.0,10.0,1.0,1.0,0.0,0.0,10.0,0.0,0.0,0.0,0.0,0.0,0.0,0.0,0.0,0.0,0.0,0.0,0.0,-0.2426363180308977,0.3274968610352369,1.3591548131560494,0.7025661851002285,6.065850219605351,0.7777792177147027,1.2176830288037577,1.3601305672214432,-2.4263019143815345,6.754351960767346,0.7615352343786849,9.0,-0.2789485779740919,2.286267932467023,2.9660744664381955,0.3333333333333333,0.7777777777777778,1.6969271403860622,1.660596593984407,0.0363122599431942,-0.9271131193109738,3.0997757531671555,1.0,0.0,-0.41151778857728694,2.286267932467023,7.816930998091798,1.152136491899318,0.16888147054638925,-0.9271131193109738,-1.7510807784864468,2026-05-01,0.0,0.507949475183493,-0.8132336071553263,-0.16695065772094653,1.6333503468111614,1.28333229627422,2
erl_630d73c7b215f7cf79b6b12b9cdb4d80a6caf9bfce27337f387af88bed100400,est_c181c2b1998582165d3804b22dec0f8893b523781aa0654f11f1b9284a1f9c5d,evt_7d03a67c6f5f138e6423d8847ba61fa55488c0762a8d78b789b832ff58aafe63,58,2026-05-01T20:39:01+00:00,2026-05-01,2026-05-06,0.6761772808130839,quarterly_report_disclosure,10-Q,company,sec_edgar,Financials,0.0,0.0,10.0,1.0,1.0,0.0,0.0,10.0,0.0,0.0,0.0,0.0,0.0,0.0,0.0,0.0,0.0,0.0,0.0,0.0,-0.41151778857728694,1.1014087214874735,2.286267932467023,-1.2428087012459454,7.816930998091798,0.5928361461073534,1.152136491899318,1.8219406275778671,-3.8989165846919915,8.101526250694002,0.7601179507097573,9.0,-0.2501224820625647,1.3591548131560494,2.9660744664381955,0.3333333333333333,0.7777777777777778,1.6889629656823577,1.660596593984407,-0.16139530651472223,0.9271131193109738,4.850856531653602,1.0,0.0,-0.2426363180308977,1.3591548131560494,6.065850219605351,1.2176830288037577,-0.16888147054638925,0.9271131193109738,1.7510807784864468,2026-05-01,0.0,0.6994772008634493,-0.8132336071553263,0.024577067959009824,1.1877028338715703,1.1886391155236693,2
erl_5ca972979d541b5533023d0fb181a012f023abd020eccb64484cbc85a5dd55db,est_1785ad1fbbb51d0eca36790dc7c17505890c11f23a54448552a8e6fab0cbf38b,evt_9a299a8f1013b1e394ac5e3acdb1fff672e697be44313f6e1c7151db81f4b4f0,58,2026-05-06T20:34:21+00:00,2026-05-06,2026-05-11,-5.69029724605894,shareholder_vote_result,8-K:item:5.07,company,sec_edgar,Financials,0.0,0.0,5.0,1.0,1.0,0.0,0.0,5.0,0.0,0.0,0.0,0.0,0.0,0.0,0.0,0.0,0.0,0.0,0.0,0.0,0.903613614246912,0.6761772808130839,1.361568440738914,0.903613614246912,3.315338031214776,1.331358549960664,1.1086878330718382,1.3619394832423048,-3.2491028920224485,3.8156059756939475,0.8362759104428213,9.0,-0.4123289390321583,-0.2923871709498371,2.215935602299801,0.3333333333333333,0.4444444444444444,1.9550741509853384,1.5828801787978661,1.3159425532790703,1.653955611688751,1.099402428914975,1.0,0.0,1.7776341656425831,1.826998834756477,2.2502167900486425,1.093595510719236,-0.8740205513956711,-0.46543039401756303,1.0651212411661337,2026-05-06,0.0,-0.2870295837607483,-0.28040643572851126,-0.2506879462904246,-0.035433425880049885,-0.06639249101644631,2
erl_48f4dbd57a4d412adc67cf66c054859456fe53206da95fc26e3699de5b38f1c1,est_8d13e371f97915d0223603e9591f254b4da2ea51d043c9ebd2d049e6a885d3b7,evt_3b71866acedda8aa5c147f313a3d5782e8884e9c4e5f957ecf5528e168f87b4b,268,2026-05-07T20:16:48+00:00,2026-05-07,2026-05-12,-0.4538427468312345,other_material_disclosure,8-K:item:8.01,company,sec_edgar,Financials,0.0,0.0,9.0,1.0,1.0,0.0,0.0,9.0,0.0,0.0,0.0,0.0,0.0,0.0,0.0,0.0,0.0,0.0,0.0,0.0,-2.7405541600770578,-0.44856327326202594,-2.2220163230017076,-1.7389115420066381,-1.3082839990547601,1.5800423478622085,1.2459976730987623,3.317325728600104,-4.36235374928623,0.6606123655866547,1.0475164152172824,9.0,-0.9393645517847826,-1.3112982821052221,0.07588866670864558,0.3333333333333333,0.3333333333333333,1.210891610777257,1.5874526684292083,-1.8011896082922751,-0.9107180408964854,-1.3841726657634057,1.0,0.0,-1.5858180938782773,-1.328094082737974,0.07588866670864558,1.1205061955922813,-1.1547360661987804,-0.8939222402637337,-1.3841726657634057,2026-05-07,0.0,1.1536739134534597,0.7962929397904407,2.0408857481461817,3.8924386459636215,3.7033786122618455,2
erl_c4d15bf817fb81853a9f8861cbec086ef0219486643500833ebfe042c49801b9,est_d6e3e4b9642eaffb0810d73a6a879b4a0bdd3bdbdb9be4e7c2482ffa0facb005,evt_a2d38cc040715a84bb868a22ab447b11055a8685fd2a262e85614f4b07e827ef,268,2026-05-07T20:16:48+00:00,2026-05-07,2026-05-12,-0.4538427468312345,security_holder_rights_change,8-K:item:3.03,company,sec_edgar,Financials,0.0,0.0,9.0,1.0,1.0,0.0,0.0,9.0,0.0,0.0,0.0,0.0,0.0,0.0,0.0,0.0,0.0,0.0,0.0,0.0,-2.7405541600770578,-0.44856327326202594,-2.2220163230017076,-1.7389115420066381,-1.3082839990547601,1.5800423478622085,1.2459976730987623,3.317325728600104,-4.36235374928623,0.6606123655866547,1.0475164152172824,9.0,-0.9393645517847826,-1.3112982821052221,0.07588866670864558,0.3333333333333333,0.3333333333333333,1.210891610777257,1.5874526684292083,-1.8011896082922751,-0.9107180408964854,-1.3841726657634057,1.0,0.0,-1.5858180938782773,-1.328094082737974,0.07588866670864558,1.1205061955922813,-1.1547360661987804,-0.8939222402637337,-1.3841726657634057,2026-05-07,0.0,1.1536739134534597,1.2447357916735045,2.455274268594679,3.8924386459636215,3.6786728255269825,2
erl_eaf72a196517e0bdc6237f6ebd42ab1472c1584bd3c80b849fffdac8b1ccbd9b,est_e9058189a3a25ef32dd6be57f9456ed8070e50781d7779b44b47e4b060311353,evt_d6a21393e8e32617ecfa0767c8c3b65c71e47e07ecfee1fd445ca42a6dd865a2,268,2026-05-07T20:16:48+00:00,2026-05-07,2026-05-12,-0.4538427468312345,charter_or_bylaw_change,8-K:item:5.03,company,sec_edgar,Financials,0.0,0.0,9.0,1.0,1.0,0.0,0.0,9.0,0.0,0.0,0.0,0.0,0.0,0.0,0.0,0.0,0.0,0.0,0.0,0.0,-2.7405541600770578,-0.44856327326202594,-2.2220163230017076,-1.7389115420066381,-1.3082839990547601,1.5800423478622085,1.2459976730987623,3.317325728600104,-4.36235374928623,0.6606123655866547,1.0475164152172824,9.0,-0.9393645517847826,-1.3112982821052221,0.07588866670864558,0.3333333333333333,0.3333333333333333,1.210891610777257,1.5874526684292083,-1.8011896082922751,-0.9107180408964854,-1.3841726657634057,1.0,0.0,-1.5858180938782773,-1.328094082737974,0.07588866670864558,1.1205061955922813,-1.1547360661987804,-0.8939222402637337,-1.3841726657634057,2026-05-07,0.0,1.1536739134534597,1.2318272868285738,2.4636238018690877,3.8924386459636215,3.6786728255269825,2
erl_a86919ca245d5e53ea278d76905125832af99871ac37b052a1024f517b31a46d,est_7af2017eff1a8452c544eaccaa4afc9466564224843fbff5412bfeaba1b154d6,evt_10468adc291b0ed9e288530301f0328d0c91e62aae95c0120d66979ebf42c87c,287,2026-05-07T20:41:48+00:00,2026-05-07,2026-05-12,1.5292907204916606,shareholder_vote_result,8-K:item:5.07,company,sec_edgar,Health Care,0.0,0.0,5.0,1.0,1.0,0.0,0.0,5.0,0.0,0.0,0.0,0.0,0.0,0.0,0.0,0.0,0.0,0.0,0.0,0.0,-1.2248585147491386,0.7262952228023201,4.318430070727897,6.245300063625825,2.069747325738236,1.5610105373565528,2.811930573442273,2.246248453321372,-2.160580484772845,14.632398299618599,1.0310291115490364,9.0,-0.9393645517847826,-1.328094082737974,-1.3082839990547601,0.3333333333333333,0.2222222222222222,1.408512043069805,1.2689053267329853,-0.28549396296435603,5.6465241534658706,3.378031324792996,1.0,0.0,-0.9393645517847826,-3.1933919520428566,-7.790809847069379,1.054572529156073,-0.28549396296435603,7.511822022770753,9.860557172807615,2026-05-07,0.0,-1.334197743199263,-0.28040643572851126,-1.2978561057289395,0.5689241242719811,0.20450555784443547,2
erl_4ae0d9a18362266436add15e9858b187be0f7c990cefa5ccef704f1e777963a4,est_d308854a5dab7acecc939446ba2a8b3c2ff513e8629773581366b0219f6ec93c,evt_099d28a177b651c43b2b2de288e23e6fc217e0d85adc10869b83de94486548d1,315,2026-05-14T20:28:48+00:00,2026-05-14,2026-05-19,1.951498643207672,management_or_board_change,8-K:item:5.02,company,sec_edgar,Information Technology,0.0,0.0,6.0,1.0,1.0,0.0,0.0,6.0,0.0,0.0,0.0,0.0,0.0,0.0,0.0,0.0,0.0,0.0,0.0,0.0,1.041435628363807,-0.7827293553200554,-2.6950582584258753,0.40462845196520547,-2.5769801642282264,0.8452072233834365,1.6870435738911715,2.676890225713656,-5.596038470864617,2.8692702771171863,0.7864573939193795,9.0,0.16491836031258256,2.884216598998246,0.5263870734619758,0.6666666666666666,0.7777777777777778,0.5302066046675868,1.3148693205939193,0.8765172680512245,-5.579274857424121,-3.103367237690202,1.0,0.0,-0.220833028705536,3.7468650578192486,13.215640989070799,1.4837218808505779,1.262268657069343,-6.4419233162451235,-15.792621153299025,2026-05-14,0.0,-0.6831949031976682,1.2114024704575244,0.2197955039443723,-0.17117200405059518,0.23467389525941207,3
erl_0ca56fdfc418998be5c89a889c6e412fe7f84ebcabd27bea86b9ede1ee34e64b,est_a1510f57845beff4c03363bab21240e5e7504aea588e0cec7e2212eb09c2d6c4,evt_8547905282f2d560fe4e57aa3a76593862246d95fad0670d13b95d7a0f76a1c1,287,2026-05-20T20:30:32+00:00,2026-05-20,2026-05-26,4.502045927057807,other_material_disclosure,8-K:item:8.01,company,sec_edgar,Health Care,0.0,0.0,10.0,1.0,1.0,0.0,0.0,10.0,0.0,0.0,0.0,0.0,0.0,0.0,0.0,0.0,0.0,0.0,0.0,0.0,-0.2486737053804311,1.388171440937347,0.30716171471203424,3.223748312420116,10.568869287740345,1.7340213237210669,2.904175926444944,3.355678605244805,-1.8316192311433332,19.79517976489864,0.8639522907498506,9.0,-0.29564898947010976,2.7889233254271284,1.4241491082618074,0.4444444444444444,0.7777777777777778,2.0196476048659964,1.2966638717379915,0.04697528408967866,-2.481761610715094,9.144720179478536,1.0,0.0,-0.29564898947010976,-0.4773851460236678,1.4241491082618074,1.172721393426176,0.04697528408967866,0.784546860735702,9.144720179478536,2026-05-20,0.0,0.7229869933129639,0.8367179572490224,1.039475304740674,0.9459787677032824,1.2074731064732092,3
erl_fe039c21594e55d250ddb56e0edc408cfd322a9d49668e87b346d63bf28452cc,est_1bf53fb0e0490dbaad0b380e23126e4a92633868b73e6b013e110ae773f20343,evt_cdeb4801fbcf9794b11807a623c4194f18f6bd21d86170ff9ee56ab9553998ea,482,2026-05-21T10:59:53+00:00,2026-05-20,2026-05-26,-9.384796206258239,financial_results_disclosure,8-K:item:2.02,company,sec_edgar,Consumer Staples,0.0,0.0,7.0,1.0,1.0,0.0,0.0,7.0,0.0,0.0,0.0,0.0,0.0,0.0,0.0,0.0,0.0,0.0,0.0,0.0,-2.496267452240386,-0.4564403641354242,-0.4715867585234901,0.5919466955889297,0.6693417484027853,1.401949250728425,1.3996612632188863,2.5372502182409047,-3.188811365652555,3.923439200798673,1.7116709015165201,9.0,-0.2486737053804311,2.7889233254271284,2.6889192302992804,0.4444444444444444,0.8888888888888888,1.9195093669362895,1.2966638717379915,-2.247593746859955,-3.2605100839506185,-2.019577481896495,1.0,0.0,-1.8559413626983878,3.961944423667707,7.005080871124969,1.2627383988843577,-0.6403260895419982,-4.433531182191198,-6.335739122722184,2026-05-20,0.0,0.5032262305476203,-0.5766306444353081,0.0793243778846695,1.3375400248139462,1.6290677084572025,3
erl_0e5dbe96df64217a4cce15ac14cf93b99d0c67f07869a2f930940faf5e0b802c,est_615efb325dbc0764887877eefa98d0a8a49e6236f9657717801a057168a6a4f9,evt_eb68a50d2e2d45fe457aaf06d08282bf1fd2813e514d1ef42e07423b07e3b542,268,2026-05-21T20:15:13+00:00,2026-05-21,2026-05-27,-1.227723175149542,shareholder_vote_result,8-K:item:5.07,company,sec_edgar,Financials,0.0,0.0,5.0,1.0,1.0,0.0,0.0,5.0,0.0,0.0,0.0,0.0,0.0,0.0,0.0,0.0,0.0,0.0,0.0,0.0,0.33776706290604697,0.7548262330808964,1.030307859077606,-1.0676818268099741,-2.7880273262983035,1.3149218700255971,1.2998456983821838,1.24423086839934,-4.20486509840593,3.177030730296715,0.988761166789408,9.0,-0.16725412698281872,2.273565263931876,1.8176909874079161,0.4444444444444444,0.8888888888888888,2.6124852633124656,1.5154780932980825,0.5050211898888657,-1.24325740485427,-4.60571831370622,1.0,0.0,0.5075193022715307,3.289876137502956,-1.8677330273239034,1.2600329618679613,-0.16975223936548378,-2.25956827842535,-0.9202942989744001,2026-05-21,0.0,0.018332027507809046,-0.5543065189976261,-0.15597758155094818,0.8582962905301832,0.8214003526443853,3
erl_8ef429de0f3e3b77dda5facd844a6d6016a2ced821680d97c9c930a921ae8977,est_198a950042fd72b3f86069c4e2c6e528976103deb93c26ef1e898504023f2834,evt_95c8623acc69b7f3483f3ece4e26dfbb9aada5d0c2279f6d285533a74bb797fe,268,2026-05-27T20:39:34+00:00,2026-05-27,2026-06-01,-0.9021692789508373,other_material_disclosure,8-K:item:8.01,company,sec_edgar,Financials,0.0,0.0,6.0,1.0,1.0,0.0,0.0,6.0,0.0,0.0,0.0,0.0,0.0,0.0,0.0,0.0,0.0,0.0,0.0,0.0,-2.4320244156551207,-1.227723175149542,1.210681915616263,-1.8367902170783879,-3.9075334566513242,1.5151649665229834,1.382358095227799,3.391470842650416,-5.380964170258573,1.9103024125896928,1.43458610354323,9.0,-0.025300480200796116,-1.1379425631737994,-1.7667399742578915,0.4444444444444444,0.4444444444444444,1.1291025768200031,1.5246339054070217,-2.4067239354543246,2.3486244787900623,-2.1407934823934327,1.0,0.0,-2.1072840473966625,0.7889501088016448,-2.9624029202644953,1.3231787099760846,-0.3247403682584582,0.4217318068146181,-0.945130536386829,2026-05-27,0.0,0.817743905827717,1.0630388864630609,1.5985184074978998,2.6653312502488173,2.703969490343846,3
erl_6e8e000da4f48c5c1c38fb1afdb67c8a49bfacc7800b96d34f1fa7f6534e3874,est_06739e83d6080db27b5712fbce6def17ab54dffb01b0c1f1897ee6a8a9e863bb,evt_8fb2cb6d9199a92a84d11cca0739762fcebd98f87cfb4d6273369d4b8c6010e8,131,2026-05-28T20:17:32+00:00,2026-05-28,2026-06-02,-4.112740371155321,financial_results_disclosure,8-K:item:2.02,company,sec_edgar,Consumer Staples,0.0,0.0,6.0,1.0,1.0,0.0,0.0,6.0,0.0,0.0,0.0,0.0,0.0,0.0,0.0,0.0,0.0,0.0,0.0,0.0,-0.8458777325393019,-3.21325549882695,-7.337920209495252,-3.666700106380827,-0.3474591969825136,0.9688812729996114,1.533895404559956,1.7815494625477994,-9.238484978838923,1.0201479514702516,1.358737711026398,9.0,0.3036954678346193,-0.8979096009817722,-3.990167488146701,0.5555555555555556,0.4444444444444444,1.701450546199048,1.6146324433584331,-1.1495732003739212,-6.44001060851348,3.6427082911641873,1.0,0.0,0.3036954678346193,-9.132597646333352,-7.116626335352705,2.051056057468816,-1.1495732003739212,1.7946774368381,6.769167138370191,2026-05-28,0.0,-0.8765554411806573,-0.28002559752477646,1.2439048831932242,-0.0627239606680261,-0.25347961957085396,3
erl_e8e8e313f2284d2f735b2e23ba9ae5cc7ae1f667d4dd43f4a52eecd0a0b5b391,est_68a8a7e7c29733344d2907b946ba46b9559fc395f556d38c4bccd029fa8a6e71,evt_597efa2e8821aea0eb60bea84ea596cc18e803cabde54f5181914abb41c7956d,100,2026-05-29T13:13:55+00:00,2026-05-28,2026-06-02,2.4695428632501404,management_or_board_change,8-K:item:5.02,company,sec_edgar,Energy,0.0,0.0,4.0,1.0,1.0,0.0,0.0,4.0,0.0,0.0,0.0,0.0,0.0,0.0,0.0,0.0,0.0,0.0,0.0,0.0,0.3453974253804226,-4.388023934531082,-4.33805622344935,-1.5967748498403878,-4.780981366686432,1.433562690377872,1.7157674658664497,1.7319555210005724,-7.965000616888762,1.949534909930395,0.8581269005778936,9.0,-0.21185103056698962,-0.8979096009817722,-0.3474591969825136,0.4444444444444444,0.4444444444444444,1.7693876223128557,1.533895404559956,0.5572484559474122,-3.4401466224675774,-4.433522169703918,1.0,0.0,-0.6355559306345127,-5.963649947676064,-4.984800896329322,1.9826180948160825,0.9809533560149353,1.6255937242267144,0.20381952964288974,2026-05-28,0.0,0.8894101009582355,0.11512638316324278,0.6523090921258239,1.0571666775915551,1.3243360000710118,3
erl_e393fd09518a9756016e7a99489b81b1afead67f4e134300b72f5835d5a54aa4,est_32c9dc5d431f82c02fc80a003f0d7e43ab40e18353229cfa1e43e7d053d2933e,evt_6bb191a8490ec3449f4ee479adaa3c2c4e2296430afa32c2dbc809dbdeb27a59,482,2026-05-29T20:17:26+00:00,2026-05-29,2026-06-03,0.9848806822016831,quarterly_report_disclosure,10-Q,company,sec_edgar,Consumer Staples,0.0,0.0,10.0,1.0,1.0,0.0,0.0,10.0,0.0,0.0,0.0,0.0,0.0,0.0,0.0,0.0,0.0,0.0,0.0,0.0,-2.649286362871328,-2.378341656474947,-4.606886852315695,-12.61513352476512,-12.264074565321682,1.0518989348862526,1.9517288081284971,3.7753803426194654,-14.360759940960822,0.9066349261859008,1.9692135071122674,9.0,-0.3114200236197351,-1.2178225879228566,-3.47923801385136,0.3333333333333333,0.4444444444444444,2.555297608238301,1.7060225441582113,-2.337866339251593,-3.389064264392838,-8.784836551470322,1.0,0.0,-3.906752854291995,-8.960916580808586,-5.737634204184083,1.706250349126683,1.2574664914206668,4.3540297284928915,-6.526440361137599,2026-05-29,0.0,1.6435099366167107,-0.5904302318422683,1.1589071929618884,4.617312652834219,4.705044202299197,3
erl_451c34952f053cf75d3e91c28523fbee3f43a28ce369cf202e99fec06b2f16b0,est_1422ab290e25630c41d02e16bce971bfd0ecaa23a97924454e897e75b4322439,evt_9935674ffbcdab8d00e196ff176dadd6dc9f2f54625372d5c8dae0188505ade3,268,2026-06-02T20:15:25+00:00,2026-06-02,2026-06-05,3.7912028130199005,other_material_disclosure,8-K:item:8.01,company,sec_edgar,Financials,0.0,0.0,12.0,1.0,1.0,0.0,0.0,12.0,0.0,0.0,0.0,0.0,0.0,0.0,0.0,0.0,0.0,516951.0,0.0,0.0,1.4768376428344165,1.4255317332714679,-1.8843316695943302,0.07647406655415523,-2.174549837194939,1.3946529357038489,1.3899133723364747,2.2594426181600484,-4.849825143822417,2.4823705839948307,0.954686290812114,9.0,0.12049315162525609,-0.05540937935304413,-0.5842986513938997,0.5555555555555556,0.4444444444444444,1.9884179216812283,1.7473938453816655,1.3563444912091605,-1.828922290241286,-1.5902511858010393,1.0,0.0,1.883131920619041,0.5363961210814061,0.5556637730565805,1.3531209712219334,-0.40629427778462457,-2.4207277906757363,-2.7302136102515195,2026-06-02,0.0,-0.7032345461823835,1.3856496071797122,0.9394580996445336,-0.6638468965381717,-0.7526306814275309,3
erl_89e7bc195d6e057bff6f13ffc94d7471ccbdcdb91ba44bc20507db215ff7e697,est_2106541e4b530165784a6058593f2ef670f19e67cc755d48e637a94bef909880,evt_95c8623acc69b7f3483f3ece4e26dfbb9aada5d0c2279f6d285533a74bb797fe,268,2026-06-02T20:15:25+00:00,2026-06-02,2026-06-05,3.7912028130199005,other_material_disclosure,8-K:item:8.01,company,sec_edgar,Financials,0.0,0.0,12.0,1.0,1.0,0.0,0.0,12.0,0.0,0.0,0.0,0.0,0.0,0.0,0.0,0.0,0.0,516951.0,0.0,0.0,1.4768376428344165,1.4255317332714679,-1.8843316695943302,0.07647406655415523,-2.174549837194939,1.3946529357038489,1.3899133723364747,2.2594426181600484,-4.849825143822417,2.4823705839948307,0.954686290812114,9.0,0.12049315162525609,-0.05540937935304413,-0.5842986513938997,0.5555555555555556,0.4444444444444444,1.9884179216812283,1.7473938453816655,1.3563444912091605,-1.828922290241286,-1.5902511858010393,1.0,0.0,1.883131920619041,0.5363961210814061,0.5556637730565805,1.3531209712219334,-0.40629427778462457,-2.4207277906757363,-2.7302136102515195,2026-05-27,0.0,-0.7032345461823835,1.3856496071797122,0.9394580996445336,-0.6638468965381717,-0.7526306814275309,3
erl_d5e2d811d9bb57168c870110e05194dc593249b3c056e9c360125a9013ba11a4,est_40d521624559272d7f1758117ad5a5db40bc7f9e5a86eeaa4ed8a46bcf17775a,evt_256e49090e243c0033f46a096bab2a89a3b54fd57efc57f9df9559b9e30e0bbf,131,2026-06-03T20:43:00+00:00,2026-06-03,2026-06-08,1.3432709190390524,quarterly_report_disclosure,10-Q,company,sec_edgar,Consumer Staples,0.0,0.0,8.0,1.0,1.0,0.0,0.0,8.0,0.0,0.0,0.0,0.0,0.0,0.0,0.0,0.0,0.0,0.0,0.0,0.0,0.7922283424881549,0.5761679901523653,-4.170608977845847,-12.107056044121656,-5.370808006353201,1.7331592640190874,1.7426345120661515,1.7882590376075371,-12.281804186972757,2.7036558136261046,0.8764994849693702,9.0,0.157030869251229,0.5245948044047433,-1.3554168307290504,0.5555555555555556,0.5555555555555556,1.827870934333123,1.76809075478203,0.6351974732369259,-4.69520378225059,-4.015391175624151,1.0,0.0,3.3875835076590866,-1.3919364882194585,-10.627719710998829,2.139756393642739,-2.5953551651709317,-2.778672489626388,5.256911704645628,2026-06-03,0.0,-1.8203658235230342,-2.1964251436257984,-1.8889190297130762,-2.272481019038861,-2.040920317510994,3
erl_3bdc6c8267a315cf388fa21132df70082c2c4c6212102d310fa0efab16d82379,est_b003109c5c87c7f94ed1e10d0086e9657c65473a0b8cd0845cbc5152f7836bf8,evt_9d118968b1617cdd6f0cc440cd54d9eb43f2e5207afc120726dfc237834437b2,482,2026-06-05T20:07:36+00:00,2026-06-05,2026-06-10,1.4384245659321726,charter_or_bylaw_change,8-K:item:5.03,company,sec_edgar,Consumer Staples,0.0,0.0,7.0,1.0,1.0,0.0,0.0,7.0,0.0,0.0,0.0,0.0,0.0,0.0,0.0,0.0,0.0,0.0,0.0,0.0,0.9682345934534986,5.14770902220123,2.7041012988492152,-2.0273604406764623,-8.694316405648006,1.6868400662210707,2.177244296389666,2.3469052658033496,-12.044988138199741,5.4555075963333755,1.4320932159664785,9.0,-0.5521680441838095,2.6581117320313874,2.278616657230126,0.3333333333333333,0.7777777777777778,1.2697107299985422,1.5144892032374402,1.520402637637308,0.04598956681782784,-10.972933062878132,1.0,0.0,-0.049362933182650615,1.6260234726739098,-3.9711086831173192,1.669759747031272,1.0175975266361492,1.0780778261753055,-4.723207722530687,2026-06-05,0.0,0.452919434503264,0.2698115205369561,-0.10611417528003986,0.0810799997643683,-0.05747329714419058,3
erl_d08cc8b0862475d98e5f2186e1c9586770f370493eed0095d9d6d8e0b96cc0c3,est_5b374625165b1145e4c5e658d51f034c13d878bdb2f80ea8ec38dd63c4323431,evt_7025a7152b028fa0959dae23e2f5c78bbe85979614230ecef7baded6b0dbd3af,482,2026-06-05T20:07:36+00:00,2026-06-05,2026-06-10,1.4384245659321726,shareholder_vote_result,8-K:item:5.07,company,sec_edgar,Consumer Staples,0.0,0.0,7.0,1.0,1.0,0.0,0.0,7.0,0.0,0.0,0.0,0.0,0.0,0.0,0.0,0.0,0.0,0.0,0.0,0.0,0.9682345934534986,5.14770902220123,2.7041012988492152,-2.0273604406764623,-8.694316405648006,1.6868400662210707,2.177244296389666,2.3469052658033496,-12.044988138199741,5.4555075963333755,1.4320932159664785,9.0,-0.5521680441838095,2.6581117320313874,2.278616657230126,0.3333333333333333,0.7777777777777778,1.2697107299985422,1.5144892032374402,1.520402637637308,0.04598956681782784,-10.972933062878132,1.0,0.0,-0.049362933182650615,1.6260234726739098,-3.9711086831173192,1.669759747031272,1.0175975266361492,1.0780778261753055,-4.723207722530687,2026-06-05,0.0,0.452919434503264,-0.16623952533025008,-0.34336394469273046,0.0810799997643683,-0.05747329714419058,3
erl_82ea21a3c5f51d9817ad4464f86f192c2cf264ed13852a5efd0cf051876a1b75,est_21126d2a63e328a3b9fcde3e46a2ba983fdd27b5f737c4d0651b1890613f7804,evt_142806f37c49450da83e4f9932a5f7f7779476e21d2b3fa13fc8074460b06a54,39,2026-06-17T22:40:43+00:00,2026-06-17,2026-06-23,-0.5575348356154919,insider_ownership_disclosure,4,company,sec_edgar,Information Technology,0.0,0.0,1.0,1.0,1.0,0.0,0.0,1.0,0.0,0.0,0.0,0.0,0.0,0.0,0.0,0.0,0.0,0.0,0.0,0.0,-1.0994446379867018,1.6556202532813202,1.498739912206748,-4.612259752522963,-1.010131117283064,1.355737947443574,1.5352225335714949,2.605177109187858,-6.758028387501714,2.9821167717334562,0.8494126706161432,9.0,-0.9354120267260568,-2.0399694495219944,-9.225721941167064,0.1111111111111111,0.2222222222222222,1.2405920699192527,1.5817035705600642,-0.16403261126064494,3.5387093617287424,8.215590823884,1.0,0.0,-3.7884324248678047,-4.643140318502271,-9.225721941167064,2.3669741518414456,2.688987786881103,6.141880230709019,8.215590823884,2026-06-17,0.0,-0.35645265471727944,-0.40022135110310125,-0.7589474353326973,1.9124835677691183,2.2378979911091887,3
erl_a18c0a0b472c6a452ca06249e0d180072010248d08c50ee689743ffdcc8be094,est_bf08c82669d8e859ffba3f47dd5bec817910a7121e379b265c6dc9e634c8504e,evt_b711a9c281bfe30a2ff1bbff552e29c55b10f27dbcb33d1b90af6a95f814e6e6,268,2026-06-24T20:06:40+00:00,2026-06-24,2026-06-29,-1.2175730724139244,other_material_disclosure,8-K:item:8.01,company,sec_edgar,Financials,0.0,0.0,6.0,1.0,1.0,0.0,0.0,6.0,0.0,0.0,0.0,0.0,0.0,0.0,0.0,0.0,0.0,0.0,0.0,0.0,-0.2065009909490323,2.530598042997667,0.6975893750098994,6.635752858961164,8.707707773038509,1.4748570238839123,1.6084688469431423,1.427503251272824,-1.3724109500779624,12.957316537363251,0.7998426088095572,9.0,-0.35169835486945633,-2.0585496134004844,-4.1717733167681015,0.3333333333333333,0.2222222222222222,1.2497793872809946,1.4827072157188512,0.14519736392042404,2.7561389884103837,12.87948108980661,1.0,0.0,-0.3108276733725934,1.5657976552766018,10.593867238452258,1.2804986876359397,0.10432668242356113,-0.8682082802667024,-1.8861594654137495,2026-06-24,0.0,0.6496111578657978,1.0630388864630609,1.4303856595359807,1.2108541407758555,1.3451356051261436,3
erl_7751aeb7920e7c58092227fd31e039d0dc4447096493b8a1a32d7da0b73a335c,est_b4c823fa38b6b99803b3543ce372993b548129bba6521615bdcadcbbf3cc8361,evt_b711a9c281bfe30a2ff1bbff552e29c55b10f27dbcb33d1b90af6a95f814e6e6,268,2026-06-24T20:07:40+00:00,2026-06-24,2026-06-29,-1.2175730724139244,other_material_disclosure,8-K:item:8.01,company,sec_edgar,Financials,0.0,0.0,12.0,1.0,1.0,0.0,0.0,12.0,0.0,0.0,0.0,0.0,0.0,0.0,0.0,0.0,0.0,60.0,0.0,0.0,-0.2065009909490323,2.530598042997667,0.6975893750098994,6.635752858961164,8.707707773038509,1.4748570238839123,1.6084688469431423,1.427503251272824,-1.3724109500779624,12.957316537363251,0.7998426088095572,9.0,-0.35169835486945633,-2.0585496134004844,-4.1717733167681015,0.3333333333333333,0.2222222222222222,1.2497793872809946,1.4827072157188512,0.14519736392042404,2.7561389884103837,12.87948108980661,1.0,0.0,-0.3108276733725934,1.5657976552766018,10.593867238452258,1.2804986876359397,0.10432668242356113,-0.8682082802667024,-1.8861594654137495,2026-06-24,0.0,0.6496111578657978,0.8367179572490224,0.9660994692935078,1.2108541407758555,1.2832993560844912,3
erl_d56ef09c65df5203835e0ce38cf4bc65d62659d0e08183f0f348eef6206c3513,est_aa8214947200acac55f1676876b046fdcac3b67f07fe0bd9bae03c705dcefa30,evt_c3fd99853b8695a9cee742f1d780a2cf29f75a8d0cf96f26bc88b14ccbc3ff68,268,2026-06-24T20:07:40+00:00,2026-06-24,2026-06-29,-1.2175730724139244,regulation_fd_disclosure,8-K:item:7.01,company,sec_edgar,Financials,0.0,0.0,12.0,1.0,1.0,0.0,0.0,12.0,0.0,0.0,0.0,0.0,0.0,0.0,0.0,0.0,0.0,60.0,0.0,0.0,-0.2065009909490323,2.530598042997667,0.6975893750098994,6.635752858961164,8.707707773038509,1.4748570238839123,1.6084688469431423,1.427503251272824,-1.3724109500779624,12.957316537363251,0.7998426088095572,9.0,-0.35169835486945633,-2.0585496134004844,-4.1717733167681015,0.3333333333333333,0.2222222222222222,1.2497793872809946,1.4827072157188512,0.14519736392042404,2.7561389884103837,12.87948108980661,1.0,0.0,-0.3108276733725934,1.5657976552766018,10.593867238452258,1.2804986876359397,0.10432668242356113,-0.8682082802667024,-1.8861594654137495,2026-06-24,0.0,0.6496111578657978,0.993802823017041,1.371825232631156,1.2108541407758555,1.271740989657196,3
erl_ee2a86a6b234dc50df361ab95ee80cc807219ae225bac666e1dbc209b3084dbb,est_fbecbe34ed1abb88708273f5fcbf6ea4524967293c23f4281e50ccb721cea188,evt_460517a006a5bc1838b79753ad90b0c7cca5f1a0e96b638b2522de678d7746eb,268,2026-06-25T11:59:33+00:00,2026-06-24,2026-06-29,-1.2175730724139244,management_or_board_change,8-K:item:5.02,company,sec_edgar,Financials,0.0,0.0,6.0,1.0,1.0,0.0,0.0,6.0,0.0,0.0,0.0,0.0,0.0,0.0,0.0,0.0,0.0,0.0,0.0,0.0,-0.2065009909490323,2.530598042997667,0.6975893750098994,6.635752858961164,8.707707773038509,1.4748570238839123,1.6084688469431423,1.427503251272824,-1.3724109500779624,12.957316537363251,0.7998426088095572,9.0,-0.35169835486945633,-2.0585496134004844,-4.1717733167681015,0.3333333333333333,0.2222222222222222,1.2497793872809946,1.4827072157188512,0.14519736392042404,2.7561389884103837,12.87948108980661,1.0,0.0,-0.3108276733725934,1.5657976552766018,10.593867238452258,1.2804986876359397,0.10432668242356113,-0.8682082802667024,-1.8861594654137495,2026-06-24,0.0,0.6496111578657978,1.2114024704575244,1.5526015650078384,1.2108541407758555,1.3642619356635173,3
erl_dcedccafbb7fa78e07bc7306b2395bd088b957ce964ebc3d1b06588fa6bdd53e,est_2ab06bea73d0e53d83244c66223a79ddaed590028ed6dfa2f4dc4be95e636b43,evt_60ff7f2ad90cb38de446b8ddaac0eba4e1902a61e9cff8ff8d5bb0c85156fb44,186,2026-07-07T20:19:57+00:00,2026-07-07,2026-07-10,-1.983201009369584,regulation_fd_disclosure,8-K:item:7.01,company,sec_edgar,Energy,0.0,0.0,6.0,1.0,1.0,0.0,0.0,6.0,0.0,0.0,0.0,0.0,0.0,0.0,0.0,0.0,0.0,0.0,0.0,0.0,3.847845137832362,3.96977084720318,4.13788400987436,2.3254143080210232,-5.489591667593707,1.5690309789860057,1.6794751749197958,2.547816040757303,-7.879848715666482,4.994446569531297,0.8013919101913057,9.0,0.5430020573365058,3.2884152941123235,1.080239267188876,0.6666666666666666,0.8888888888888888,1.4988282607998862,1.7107596659444484,3.304843080495856,0.8494687157620362,-6.569830934782583,1.0,0.0,3.515757399604702,3.2884152941123235,-7.100530257386472,1.7107596659444484,0.3320877382276599,0.8494687157620362,1.6109385897927648,2026-07-07,0.0,-0.24876634640420747,0.41988779909673746,0.4433797760257654,-1.6203173255400851,-1.628009103545109,3
erl_bd5260e71c7107757fc4274cac5af3a22883a211d522125559ab4cdb2f5a9861,est_1008c78e7414e4dc1e6d063d86896a85a243a0e3a84fa50fc5b7a1df28fee6a0,evt_9fbeca8471833c8ffc79263b287e6b226945cb702a6f58d009190ede263ebe91,131,2026-07-08T20:18:27+00:00,2026-07-08,2026-07-13,-2.801298046462619,other_material_disclosure,8-K:item:8.01,company,sec_edgar,Consumer Staples,0.0,0.0,5.0,1.0,1.0,0.0,0.0,5.0,0.0,0.0,0.0,0.0,0.0,0.0,0.0,0.0,0.0,0.0,0.0,0.0,0.5941957659960417,0.1534168355496135,1.887824808145755,-0.4751052363802577,-2.2180041156386276,1.3841989250549118,1.1966367605449244,1.9420236138616587,-4.244610077833954,3.5391904320106304,0.6472447356051473,9.0,-1.4144635458798516,2.766609733571279,3.929828801391144,0.3333333333333333,0.8888888888888888,1.4596606176443812,1.7147639408503186,2.0086593118758933,-0.8787849254255242,-6.147832917029772,1.0,0.0,1.3985991983048063,-0.1412711099165631,-5.616292459397654,1.5490566506047456,-0.8044034323087645,2.029095918062318,3.398288343759026,2026-07-08,0.0,-0.0699434404224986,0.1086178528188539,0.2652658593681135,-0.3327534228687642,-0.4805682452970989,3
erl_e69383d1350363c208b227bb6c0c317c40834db9be37897fde0ec85b322bad3b,est_c02cecdf5fd3ddc565843b39fd998ef358d85f917397e2bb74eab026d4ebe0da,evt_76309ffabac339c0625d97cccc40a1d0912d49889a96deb47709b7894dd30ed5,268,2026-07-14T10:30:38+00:00,2026-07-13,2026-07-16,2.576748019203645,financial_results_disclosure,8-K:item:2.02,company,sec_edgar,Financials,0.0,0.0,7.0,1.0,1.0,0.0,0.0,7.0,0.0,0.0,0.0,0.0,0.0,0.0,0.0,0.0,0.0,0.0,0.0,0.0,-0.5765751580729228,1.1826277054790557,-0.9445701853238897,1.665403795661602,6.711540782910386,1.3442422722586567,1.5173717844326895,1.7487239185909642,-2.5971795343414983,6.014898342756658,0.661756676188312,9.0,0.7726051287348046,1.098929541117366,0.1665199320035171,0.7777777777777778,0.5555555555555556,1.4621875078539814,1.8543413173346053,-1.3491802868077274,-2.0434997264412558,6.545020850906869,1.0,0.0,-0.28489722500743,-0.6677821630874159,7.868020602961456,1.26644607221554,-0.29167793306549283,-0.2767880222364738,-1.1564798200510706,2026-07-13,0.0,0.24226699807220636,-0.5766306444353081,-0.1816348545907444,0.4847183877674911,0.4941521507627133,3
erl_e101abfec58a6b887972cec6eb7f4d97d247c80f608e5f18f2e24f3284bdf4cb,est_e0b7a7a38fc5296d69e9bfe1a5ef1b380a84797a2b9e7d4842b49f9ccd517605,evt_26f7db6600181dde58add4439a689aaf6e50338209e489f67da34d923813c059,58,2026-07-14T10:45:08+00:00,2026-07-13,2026-07-16,3.3445406360786523,regulation_fd_disclosure,8-K:item:7.01,company,sec_edgar,Financials,0.0,0.0,8.0,1.0,1.0,0.0,0.0,8.0,0.0,0.0,0.0,0.0,0.0,0.0,0.0,0.0,0.0,0.0,0.0,0.0,-0.28489722500743,2.0583203750311974,-0.6677821630874159,2.7988923669477694,7.868020602961456,1.4112637241031092,1.26644607221554,2.0168080049402572,-2.186424118066854,7.672822669657209,0.7975898505546897,9.0,0.7726051287348046,1.098929541117366,0.1665199320035171,0.7777777777777778,0.5555555555555556,1.497651187139919,1.8543413173346053,-1.0575023537422346,-1.766711704204782,7.701500670957939,1.0,0.0,-0.5765751580729228,-0.9445701853238897,6.711540782910386,1.5173717844326895,0.29167793306549283,0.2767880222364738,1.1564798200510706,2026-07-13,0.0,0.5664895876711533,1.061452421433902,2.0818722261006197,1.1660103923906657,1.379889083882901,3
erl_fff2a6523f75c5df235a7e0b71a4812ca79b04d64f33ce2bb8d4c601229e168a,est_ce397919acddeb990edb3f8ae95a35f0a64f839e6a2b69bf54bbfc68a5b5e7f8,evt_37f24e3893c2490e0eacc545fa93f8c0f9b896aa9fef7e36453d5dc1920648d2,58,2026-07-14T10:45:08+00:00,2026-07-13,2026-07-16,3.3445406360786523,financial_results_disclosure,8-K:item:2.02,company,sec_edgar,Financials,0.0,0.0,8.0,1.0,1.0,0.0,0.0,8.0,0.0,0.0,0.0,0.0,0.0,0.0,0.0,0.0,0.0,0.0,0.0,0.0,-0.28489722500743,2.0583203750311974,-0.6677821630874159,2.7988923669477694,7.868020602961456,1.4112637241031092,1.26644607221554,2.0168080049402572,-2.186424118066854,7.672822669657209,0.7975898505546897,9.0,0.7726051287348046,1.098929541117366,0.1665199320035171,0.7777777777777778,0.5555555555555556,1.497651187139919,1.8543413173346053,-1.0575023537422346,-1.766711704204782,7.701500670957939,1.0,0.0,-0.5765751580729228,-0.9445701853238897,6.711540782910386,1.5173717844326895,0.29167793306549283,0.2767880222364738,1.1564798200510706,2026-07-13,0.0,0.5664895876711533,0.8471803676547041,1.7061917206966264,1.1660103923906657,1.3258736846755927,3
erl_6888a7efca2863dddf5abc2437660f49dcf67c8bc25126d1e6cfabd182580ec2,est_df4cac18f311406d6502a6fa225b90fb424aeabf62ce81af575115613c1e2e05,evt_38bad385e7f5635580f25e3841467164d842a255b0c055bdb16343e1ea633eee,266,2026-07-15T11:49:04+00:00,2026-07-14,2026-07-17,-0.3190911159767773,financial_results_disclosure,8-K:item:2.02,company,sec_edgar,Health Care,0.0,0.0,7.0,1.0,1.0,0.0,0.0,7.0,0.0,0.0,0.0,0.0,0.0,0.0,0.0,0.0,0.0,0.0,0.0,0.0,-1.5207289743680463,-2.026244645437225,-5.010471718366727,-1.8026395443388465,5.3888036075282475,0.7214459283918464,1.9848385554613899,1.6742230280096901,-5.7825732085491355,11.582420265281602,0.9791123954182461,9.0,-0.505164201588959,1.2696263177147005,-1.3060324064266493,0.3333333333333333,0.6666666666666666,1.4900049837915115,1.808825253077768,-1.0155647727790873,-6.280098036081427,6.694836013954896,1.0,0.0,-2.481656711470981,-6.7192216965753175,1.7246283373786309,2.1594959674692595,0.9609277371029346,1.7087499782085906,3.6641752701496166,2026-07-14,0.0,0.5030018266213945,-0.5766306444353081,0.0790999739584437,0.8261430632205032,0.9220788682606592,3
erl_c2ad6b59449471f4e4e8b556beba4f4ebf2a98c3a1a3375cfe23af26b2dc5eb4,est_3d04371ceaea356089f5653797fd19b7e25e6247dd2efb84bbf01c25728bab28,evt_cfacf22fd8eac95f6effd4bfb3ec1ef22a9ecbfeea7bfe43b7dce094a9c6b520,266,2026-07-23T20:04:19+00:00,2026-07-23,2026-07-28,2.8773179653518888,quarterly_report_disclosure,10-Q,company,sec_edgar,Health Care,0.0,0.0,10.0,1.0,1.0,0.0,0.0,10.0,0.0,0.0,0.0,0.0,0.0,0.0,0.0,0.0,0.0,0.0,0.0,0.0,1.4239267931509314,4.19981568276242,3.720441552007525,0.06560513552760217,7.580908304428169,1.272714004704107,1.9013159207432493,2.2293417221463083,-3.7709252638162716,7.6300343188150155,0.9343846072729337,9.0,-0.1347985035523136,-0.34152365171176147,6.140914805136122,0.4444444444444444,0.4444444444444444,1.2870684039865106,1.5387297028686981,1.558725296703245,4.061965203719287,1.4399934992920471,1.0,0.0,1.965588013827091,1.4283594810145628,6.140914805136122,2.32459093725803,-0.5416612206761595,2.2920820709929624,1.4399934992920471,2026-07-23,0.0,-0.7270076076194557,-0.5904302318422683,-1.211610351274278,-2.9877185810271185,-2.80258783052568,3
erl_4ed42316df637010ddb2526ec060aeb9d1932d7013f40e1493590cb82671214b,est_ad52408b28cbe325fbbce8cf72c473d186b057755db833bf387980ca08c6471b,evt_cdb5e00a7276e1ad2b0ebe2c04f9227b180a8609ab84c34e389be205a1cb4f5e,268,2026-07-23T20:15:21+00:00,2026-07-23,2026-07-28,2.117749011536585,other_material_disclosure,8-K:item:8.01,company,sec_edgar,Financials,0.0,0.0,7.0,1.0,1.0,0.0,0.0,7.0,0.0,0.0,0.0,0.0,0.0,0.0,0.0,0.0,0.0,0.0,0.0,0.0,0.48534001978064456,3.254935207669396,1.967069829538226,4.301425648574719,4.933267682485409,0.9495225171582813,1.2484577454961845,1.2860817600732213,-0.3815044912728993,7.658220787971515,1.0377648259250067,9.0,-0.1347985035523136,-0.34152365171176147,6.149314507552184,0.4444444444444444,0.4444444444444444,1.360805437739057,1.5836472930909526,0.6201385233329582,2.3085934812499875,-1.2160468250667744,1.0,0.0,-0.5517691633908139,-0.34152365171176147,6.149314507552184,1.2726162077139513,1.0371091831714585,2.3085934812499875,-1.2160468250667744,2026-07-23,0.0,-0.21413257014768125,0.26749595300918777,-0.6240986289366769,-1.0103517827965502,-0.7397947074188692,3
erl_5821f60a5b3388d7614a7d32ae5ee3dd4ca6d680cd013194385a89b9cd9deec6,est_7a87018cafe46e025f5221eb2ccdba30c6ca134b659b9fbd720eff86a97ca82b,evt_d306780cefd66d511109b1f731186761049a0d300fecc3dffaa347591e347ae0,268,2026-07-23T20:15:21+00:00,2026-07-23,2026-07-28,2.117749011536585,charter_or_bylaw_change,8-K:item:5.03,company,sec_edgar,Financials,0.0,0.0,6.0,1.0,1.0,0.0,0.0,6.0,0.0,0.0,0.0,0.0,0.0,0.0,0.0,0.0,0.0,0.0,0.0,0.0,0.48534001978064456,3.254935207669396,1.967069829538226,4.301425648574719,4.933267682485409,0.9495225171582813,1.2484577454961845,1.2860817600732213,-0.3815044912728993,7.658220787971515,1.0377648259250067,9.0,-0.1347985035523136,-0.34152365171176147,6.149314507552184,0.4444444444444444,0.4444444444444444,1.360805437739057,1.5836472930909526,0.6201385233329582,2.3085934812499875,-1.2160468250667744,1.0,0.0,-0.5517691633908139,-0.34152365171176147,6.149314507552184,1.2726162077139513,1.0371091831714585,2.3085934812499875,-1.2160468250667744,2026-07-23,0.0,-0.21413257014768125,1.2201671116683677,0.4794075000472402,-1.0103517827965502,-0.6608894316839565,3
erl_161fbf3597007f1be57c4f9694dad8b7907216569fa45f9617928441946c2c66,est_5023a40980e623893bac41dc916aadfdada3b575bb10c584733e5cfec8864699,evt_d6c95ec63008cf3dc8a2b8694af47eb7fd8e4f42a14a8638a43a979c309d5c2f,58,2026-07-24T11:07:02+00:00,2026-07-23,2026-07-28,2.1866843656671353,other_material_disclosure,8-K:item:8.01,company,sec_edgar,Financials,0.0,0.0,6.0,1.0,1.0,0.0,0.0,6.0,0.0,0.0,0.0,0.0,0.0,0.0,0.0,0.0,0.0,0.0,0.0,0.0,-0.5517691633908139,1.423370798434731,-0.34152365171176147,3.426158277294311,6.149314507552184,0.9504456431058043,1.2726162077139513,1.289166010548684,-1.3522217756458121,7.8113979852036275,0.825916193781376,9.0,0.48534001978064456,1.4283594810145628,6.140914805136122,0.5555555555555556,0.5555555555555556,1.3470590556976676,1.5836472930909526,-1.0371091831714585,-1.7698831327263242,0.008399702416062027,1.0,0.0,0.48534001978064456,1.967069829538226,4.933267682485409,1.2484577454961845,-1.0371091831714585,-2.3085934812499875,1.2160468250667744,2026-07-23,0.0,0.24327157529940086,1.0630388864630609,1.0240460769695836,0.3540912390749782,0.39673502364736757,3
erl_691fbbc3ae514125937c21f0f4ab09b0b8d430308e1d9966c83a104d3b171c52,est_0c1142c1d5ad8b870c2e4751cd127faefac239fec766fe4ddc71753c3329f9db,evt_522fd48254fbd89b833d8d54651a743a4e9a0ca2d6e57b707c5fb26149085e95,266,2026-07-28T00:15:31+00:00,2026-07-27,2026-07-30,-3.8089883127836455,regulation_fd_disclosure,8-K:item:7.01,company,sec_edgar,Health Care,0.0,0.0,6.0,1.0,1.0,0.0,0.0,6.0,0.0,0.0,0.0,0.0,0.0,0.0,0.0,0.0,0.0,0.0,0.0,0.0,0.9681163134533044,4.037087637247327,6.884496575266019,3.1733807432972716,4.4333654215688245,0.4547922939818836,1.7191019239245315,2.801271422260217,-1.2916084190143007,8.334354253145726,1.1900475567569635,9.0,0.8465277948779049,2.8301935633768815,7.34277802621055,0.7777777777777778,0.7777777777777778,1.4641886312957668,1.5417830266568826,0.12158851857539954,4.054303011889138,-2.9094126046417257,1.0,0.0,0.12541491126956128,4.414509007328582,-0.8765657271722627,1.7201509304294569,0.8427014021837431,2.4699875679374372,5.309931148741088,2026-07-27,0.0,-1.0827239393181314,0.41988779909673746,-0.3905778168881585,-2.9211997583861637,-2.6453986397982616,3
erl_303eb50fe66c620404a19f5362323549c78fb029faad1ea9209963005d304be3,est_ca4d5c61d42744c103c35a8297a03971aa8e7263337a46e13af753ee7270372a,evt_de773386b64e92d8c51516da7db93fa418c7c94175c19a29403bd4376068decb,315,2026-07-29T20:04:53+00:00,2026-07-29,2026-08-03,24.865566453325982,financial_results_disclosure,8-K:item:2.02,company,sec_edgar,Information Technology,0.0,0.0,3.0,1.0,1.0,0.0,0.0,3.0,0.0,0.0,0.0,0.0,0.0,0.0,0.0,0.0,0.0,0.0,0.0,0.0,-0.7143758777149345,2.315953904946655,0.0512405105568714,-1.2865546786316906,4.696804473555405,1.4489425893244798,1.6033692726400117,3.2032594591870183,-3.805508032484728,4.604259317097781,1.4658646727669582,9.0,-0.4498977083957634,3.7742757495155876,5.309628080461692,0.4444444444444444,0.6666666666666666,1.8935316017372419,1.6178953347688674,-0.2644781693191711,-3.7230352389587162,-0.6128236069062876,1.0,0.0,-0.5557469435084728,3.7742757495155876,16.875179555499685,1.7245605003907938,-0.15862893420646174,-3.7230352389587162,-12.17837508194428,2026-07-29,0.0,0.4763999219907309,-1.6255254694178123,0.5119115672275443,1.3554509688129814,1.5287729044287928,3
erl_e28d5c22dac82e792987d863373adc0115a2b6a6bcacf2d82d5b30c0ce2277cb,est_2c582d37fb188dfa8fbebc10ff5e37222b08bf5861aaf64d3b8ec7da6087b493,evt_9384ddaa3bd6b72d5ca97a597c6aab88fd415e04dd36db462316e75ba2b6eb11,315,2026-07-29T20:08:01+00:00,2026-07-29,2026-08-03,24.865566453325982,annual_report_disclosure,10-K,company,sec_edgar,Information Technology,0.0,0.0,10.0,1.0,1.0,0.0,0.0,10.0,0.0,0.0,0.0,0.0,0.0,0.0,0.0,0.0,0.0,0.0,0.0,0.0,-0.7143758777149345,2.315953904946655,0.0512405105568714,-1.2865546786316906,4.696804473555405,1.4489425893244798,1.6033692726400117,3.2032594591870183,-3.805508032484728,4.604259317097781,1.4658646727669582,9.0,-0.4498977083957634,3.7742757495155876,5.309628080461692,0.4444444444444444,0.6666666666666666,1.8935316017372419,1.6178953347688674,-0.2644781693191711,-3.7230352389587162,-0.6128236069062876,1.0,0.0,-0.5557469435084728,3.7742757495155876,16.875179555499685,1.7245605003907938,-0.15862893420646174,-3.7230352389587162,-12.17837508194428,2026-07-29,0.0,0.4763999219907309,0.2459412159285655,0.9584154075392817,1.3554509688129814,1.490185671381381,3
erl_57d2f64270dc02122e0f09a4c3ed17fb2c5756ecd40a654a8b7daafb3286a08e,est_79e79c656dd2c86fed1bb669646d0b587da2c924099b9b92cb7b6c878a0cb2ac,evt_db34b716050339cb1d8a9bb54380d251d0a42673a3440e7fdc2ba78ea1c18293,266,2026-07-29T21:25:05+00:00,2026-07-29,2026-08-03,-4.187848894026547,regulation_fd_disclosure,8-K:item:7.01,company,sec_edgar,Health Care,0.0,0.0,13.0,1.0,1.0,0.0,0.0,13.0,0.0,0.0,0.0,0.0,0.0,0.0,0.0,0.0,0.0,162574.0,0.0,0.0,-0.4498977083957634,0.8086579089480184,3.872782422792187,7.493318025539164,4.551717723759019,0.7562281843551943,1.6429187375427103,1.71354943467258,-3.408510485713523,8.163262388574456,0.7553546972754231,9.0,-0.5557469435084728,1.4891570716758062,5.309628080461692,0.4444444444444444,0.6666666666666666,1.899892534570536,1.6033692726400117,0.10584923511270938,2.3836253511163807,-0.7579103567026735,1.0,0.0,-0.871660769625171,4.042098466125732,0.8829164975104664,1.6463768319031142,0.42176306122940765,-0.169316043333545,3.6688012262485525,2026-07-29,0.0,0.2052845653789219,1.4733079881861249,2.1806163909105876,0.25859208827736885,0.22615561437208515,3
erl_d451e86992f458b809327224f67d11a60f11668b3a8aa3d6132e55bf3f503042,est_ca7e11bba0b604aa07627ea022323f11531acfe1313ffb388428b1bbc3db2629,evt_522fd48254fbd89b833d8d54651a743a4e9a0ca2d6e57b707c5fb26149085e95,266,2026-07-29T21:25:05+00:00,2026-07-29,2026-08-03,-4.187848894026547,regulation_fd_disclosure,8-K:item:7.01,company,sec_edgar,Health Care,0.0,0.0,13.0,1.0,1.0,0.0,0.0,13.0,0.0,0.0,0.0,0.0,0.0,0.0,0.0,0.0,0.0,162574.0,0.0,0.0,-0.4498977083957634,0.8086579089480184,3.872782422792187,7.493318025539164,4.551717723759019,0.7562281843551943,1.6429187375427103,1.71354943467258,-3.408510485713523,8.163262388574456,0.7553546972754231,9.0,-0.5557469435084728,1.4891570716758062,5.309628080461692,0.4444444444444444,0.6666666666666666,1.899892534570536,1.6033692726400117,0.10584923511270938,2.3836253511163807,-0.7579103567026735,1.0,0.0,-0.871660769625171,4.042098466125732,0.8829164975104664,1.6463768319031142,0.42176306122940765,-0.169316043333545,3.6688012262485525,2026-07-27,0.0,0.2052845653789219,1.4733079881861249,2.1806163909105876,0.25859208827736885,0.22615561437208515,3
erl_ddaacd012ba83fd577be7dabb737f843285c268a6a7e7c00eadc26d7fddc3793,est_544c7ed696d24073b49c300d0363d62b6a9c83c5b9f821aff4774e12129f7bb3,evt_b7f7dbc27c656ea9dd4d8cb2b8dfc80112e1f5b0c5b0f04453f334fbb8896a1f,39,2026-07-30T20:30:28+00:00,2026-07-30,2026-08-04,-7.2129047539986395,financial_results_disclosure,8-K:item:2.02,company,sec_edgar,Information Technology,0.0,0.0,6.0,1.0,1.0,0.0,0.0,6.0,0.0,0.0,0.0,0.0,0.0,0.0,0.0,0.0,0.0,0.0,0.0,0.0,-1.4074957069287408,-1.0329200523883086,3.6591397375085988,0.051006092892991184,13.26516310389827,1.6916073138072119,1.7744148455995037,1.5475523424573354,-3.233019244752622,13.535140626308673,1.4724900288612202,9.0,0.14035165595096544,0.2715096380688342,5.022898916816465,0.5555555555555556,0.6666666666666666,5.645731592376023,1.5895245990360884,-1.5478473628797063,3.3876300994397646,8.242264187081805,1.0,0.0,15.506733300956487,18.21898998313527,17.388364613427456,3.666787012607101,-16.91422900788523,-14.55985024562667,-4.123201509529185,2026-07-30,0.0,-0.43282539428467176,-0.28002559752477646,1.6876349300892097,0.9481030038492986,0.9736399633768518,3
erl_b5ec790c56adbd093e752bed27404d9059efbd72fcf0d31a36573acf179a53cd,est_73d8442dc3be5d9669c5a7725036510b5ebc720f2ee12dfcb9504cff65c043df,evt_ad5ba5f4bc79c3c96ae92b42e9815b88412a68fc8d05cb67d900df3161ae2f48,39,2026-07-31T10:01:02+00:00,2026-07-30,2026-08-04,-7.2129047539986395,quarterly_report_disclosure,10-Q,company,sec_edgar,Information Technology,0.0,0.0,9.0,1.0,1.0,0.0,0.0,9.0,0.0,0.0,0.0,0.0,0.0,0.0,0.0,0.0,0.0,0.0,0.0,0.0,-1.4074957069287408,-1.0329200523883086,3.6591397375085988,0.051006092892991184,13.26516310389827,1.6916073138072119,1.7744148455995037,1.5475523424573354,-3.233019244752622,13.535140626308673,1.4724900288612202,9.0,0.14035165595096544,0.2715096380688342,5.022898916816465,0.5555555555555556,0.6666666666666666,5.645731592376023,1.5895245990360884,-1.5478473628797063,3.3876300994397646,8.242264187081805,1.0,0.0,15.506733300956487,18.21898998313527,17.388364613427456,3.666787012607101,-16.91422900788523,-14.55985024562667,-4.123201509529185,2026-07-30,0.0,-0.43282539428467176,-1.6299029643740688,-0.5534313068743156,0.9481030038492986,1.0133377335138052,3
erl_03ef235bbd1ca207b27ba4229d2700ad9d98cc578fecb04fe50ef7bc2850da9e,est_454fe62eee41418c168d6b1a36c2ed3b98dab7e8f859a32335b30440a565c820,evt_a40f2accd8af5587e4ad09cf6806863a5bd0b4fea8a7c55ad6a0042a7d6cfb75,100,2026-07-31T10:16:46+00:00,2026-07-30,2026-08-04,-0.9931899986257542,financial_results_disclosure,8-K:item:2.02,company,sec_edgar,Energy,0.0,0.0,5.0,1.0,1.0,0.0,0.0,5.0,0.0,0.0,0.0,0.0,0.0,0.0,0.0,0.0,0.0,0.0,0.0,0.0,0.23454443177870488,1.2157881887335575,-1.08527961640964,4.59588650070224,16.06614444139516,1.597244785355004,1.4615910673184302,1.9811749815206072,-2.721434982230364,15.045461441435215,0.8775161736333131,9.0,-1.4074957069287408,0.7343354632890264,5.022898916816465,0.4444444444444444,0.7777777777777778,5.6823240915349436,1.6124163271551872,1.6420401387074457,-1.8196150796986665,11.043245524578694,1.0,0.0,0.14035165595096544,0.05099230758232043,15.181980207464886,1.6124163271551872,0.09419277582773944,-1.1362719239919605,0.8841642339302744,2026-07-30,0.0,0.6200437994629728,-0.5715893025139612,1.3281265222285497,1.582190605440871,1.4986130735822396,3
erl_4250cfdd1a52a62060e2f4651fe9e722e7d275cd068d184595a052313b14a894,est_bc2940636ea2a1b464b4d6f5b3b6fb2d9679d8c094fa4f4da9a51c7f0eac48bc,evt_25553e370e93ea5f21eaa11a3077bc3949bfbee85dde771de7ad4b602f2b0dfa,186,2026-07-31T10:31:39+00:00,2026-07-30,2026-08-04,-1.9175603512952888,regulation_fd_disclosure,8-K:item:7.01,company,sec_edgar,Energy,0.0,0.0,7.0,1.0,1.0,0.0,0.0,7.0,0.0,0.0,0.0,0.0,0.0,0.0,0.0,0.0,0.0,0.0,0.0,0.0,0.14035165595096544,1.4214620969895897,0.05099230758232043,7.5505340889927774,15.181980207464886,1.3458795686450031,1.6124163271551872,2.0704593073363307,-1.3201772847318494,15.410637129916015,0.8684775801581586,9.0,-1.4074957069287408,0.7343354632890264,5.022898916816465,0.4444444444444444,0.6666666666666666,5.681815578361162,1.5895245990360884,1.5478473628797063,-0.683343155706706,10.15908129064842,1.0,0.0,0.23454443177870488,-1.08527961640964,16.06614444139516,1.4615910673184302,-0.09419277582773944,1.1362719239919605,-0.8841642339302744,2026-07-30,0.0,0.8017272557880236,0.08608219218708149,0.3772943086860791,2.007711449127482,1.9255479796944628,3
erl_8110e5f52f8fe33bb2513837d098419c34426e47b24702db6eeb5d88a9288337,est_4c67a188ec4c65afc5ab2b1a029e3c313e25fb6c2a05720c714f8ed414232679,evt_fe7fff2ce612d25b56576b238b71ef05081342889a355138a6261dcfbe3abac3,186,2026-07-31T10:31:39+00:00,2026-07-30,2026-08-04,-1.9175603512952888,financial_results_disclosure,8-K:item:2.02,company,sec_edgar,Energy,0.0,0.0,7.0,1.0,1.0,0.0,0.0,7.0,0.0,0.0,0.0,0.0,0.0,0.0,0.0,0.0,0.0,0.0,0.0,0.0,0.14035165595096544,1.4214620969895897,0.05099230758232043,7.5505340889927774,15.181980207464886,1.3458795686450031,1.6124163271551872,2.0704593073363307,-1.3201772847318494,15.410637129916015,0.8684775801581586,9.0,-1.4074957069287408,0.7343354632890264,5.022898916816465,0.4444444444444444,0.6666666666666666,5.681815578361162,1.5895245990360884,1.5478473628797063,-0.683343155706706,10.15908129064842,1.0,0.0,0.23454443177870488,-1.08527961640964,16.06614444139516,1.4615910673184302,-0.09419277582773944,1.1362719239919605,-0.8841642339302744,2026-07-30,0.0,0.8017272557880236,-0.5766306444353081,0.37782540312507285,2.007711449127482,1.9019909991231847,3
erl_5d6cd6bdc818adfda3578474e20ce8f9f1c35534899dc6c2d63443ed91a7dca2,est_66b94ce22520b12fd548ebc84e10c95916bb2e39408c3545441a452663a77c09,evt_096c2225b5372d17fd8d0408fdcd6e6aeed9145ac309f7ad7fbf9028ec8ed91d,58,2026-07-31T20:44:20+00:00,2026-07-31,2026-08-05,2.098465247862036,quarterly_report_disclosure,10-Q,company,sec_edgar,Financials,0.0,0.0,10.0,1.0,1.0,0.0,0.0,10.0,0.0,0.0,0.0,0.0,0.0,0.0,0.0,0.0,0.0,0.0,0.0,0.0,0.3563927139714318,-1.0699427984246834,-0.16115789742244813,1.1098421741395859,5.482719642092659,1.2694519785347402,1.280479747812167,1.1299447204498128,-1.651057132584377,6.2607231108823935,0.8080230795241735,9.0,0.09000762870792212,-0.4020222939635776,0.09072312311408925,0.5555555555555556,0.4444444444444444,2.769262600566522,1.6543496136650226,0.2663850852635097,0.24086439654112946,5.39199651897857,1.0,0.0,0.2679214550530551,-0.4020222939635776,5.178344025176118,1.4182730411810618,0.0884712589183767,0.24086439654112946,0.30437561691654125,2026-07-31,0.0,-0.39822508482320884,-0.5904302318422683,-0.8828278284780312,0.01250247175542396,-0.3211250104790737,3
erl_28847634edb93ddcb5839d5d1b71dc5694c51116105a2d480755ddce9ba64cfc,est_322d7872f92ef9d3ae2ef6202cb4b2b493748717d54d3d938cce0bad9ce60e3b,evt_db34b716050339cb1d8a9bb54380d251d0a42673a3440e7fdc2ba78ea1c18293,266,2026-08-04T12:48:52+00:00,2026-08-03,2026-08-06,1.0101832817989598,regulation_fd_disclosure,8-K:item:7.01,company,sec_edgar,Health Care,0.0,0.0,19.0,1.0,1.0,0.0,0.0,19.0,0.0,0.0,0.0,0.0,0.0,0.0,0.0,0.0,0.0,650001.0,0.0,0.0,-0.756778777146927,-4.187848894026547,-4.3391645103360466,2.2466024328207324,-1.8971901302995753,1.4470150312684122,1.6467957507839295,2.6885720842074505,-7.453616111061345,3.6335484008914953,0.9954012104395826,9.0,-0.24447045602418171,0.18737047110388705,4.307175209741465,0.4444444444444444,0.5555555555555556,2.0477528252901083,1.5525003688987526,-0.5123083211227453,-4.526534981439934,-6.20436534004104,1.0,0.0,-2.39197636627555,-6.360595733038565,-6.558011216072767,1.9203762125790322,1.635197589128623,2.0214312227025184,4.6608210857731915,2026-07-29,0.0,1.0211601981293368,1.4733079881861249,2.996492023661003,1.8573945747558305,1.828994002232418,3
erl_48d8c6fef610f7056993323d55e69f4be5116027143af298880b517dbc570f15,est_c748ec396281b2709f5f2632420f12981c7884010ee632d96470c880a689ff39,evt_6c6bf14add11ca6aa985f5572d192cc374e973c45712a8723bf93f32bd06d5be,266,2026-08-04T12:48:52+00:00,2026-08-03,2026-08-06,1.0101832817989598,management_or_board_change,8-K:item:5.02,company,sec_edgar,Health Care,0.0,0.0,19.0,1.0,1.0,0.0,0.0,19.0,0.0,0.0,0.0,0.0,0.0,0.0,0.0,0.0,0.0,650001.0,0.0,0.0,-0.756778777146927,-4.187848894026547,-4.3391645103360466,2.2466024328207324,-1.8971901302995753,1.4470150312684122,1.6467957507839295,2.6885720842074505,-7.453616111061345,3.6335484008914953,0.9954012104395826,9.0,-0.24447045602418171,0.18737047110388705,4.307175209741465,0.4444444444444444,0.5555555555555556,2.0477528252901083,1.5525003688987526,-0.5123083211227453,-4.526534981439934,-6.20436534004104,1.0,0.0,-2.39197636627555,-6.360595733038565,-6.558011216072767,1.9203762125790322,1.635197589128623,2.0214312227025184,4.6608210857731915,2026-08-03,0.0,1.0211601981293368,1.6122144641220633,3.048140140313974,1.8573945747558305,1.8331500746402545,3
erl_f961b9ca29c663c2a95e88dd2f4738870ef99b5c642b8a6956d1929681943438,est_c5a50f8bfd345262be3ff9f480f15eb08e124b3cc6c00680f33d23e4ae667e5b,evt_522fd48254fbd89b833d8d54651a743a4e9a0ca2d6e57b707c5fb26149085e95,266,2026-08-04T12:48:52+00:00,2026-08-03,2026-08-06,1.0101832817989598,regulation_fd_disclosure,8-K:item:7.01,company,sec_edgar,Health Care,0.0,0.0,19.0,1.0,1.0,0.0,0.0,19.0,0.0,0.0,0.0,0.0,0.0,0.0,0.0,0.0,0.0,650001.0,0.0,0.0,-0.756778777146927,-4.187848894026547,-4.3391645103360466,2.2466024328207324,-1.8971901302995753,1.4470150312684122,1.6467957507839295,2.6885720842074505,-7.453616111061345,3.6335484008914953,0.9954012104395826,9.0,-0.24447045602418171,0.18737047110388705,4.307175209741465,0.4444444444444444,0.5555555555555556,2.0477528252901083,1.5525003688987526,-0.5123083211227453,-4.526534981439934,-6.20436534004104,1.0,0.0,-2.39197636627555,-6.360595733038565,-6.558011216072767,1.9203762125790322,1.635197589128623,2.0214312227025184,4.6608210857731915,2026-07-27,0.0,1.0211601981293368,1.4733079881861249,2.996492023661003,1.8573945747558305,1.828994002232418,3
erl_af4b28631e607c732455b883af100e3203330182b9f83f6e38b19de3c075fb59,est_4a33fea7275d3ddbf39a62998bb4e90c8ad847479a263417df458d39dc6485dd,evt_f4f2033c8c0e90c7f3f3da5f2dc25e10815a67c9eddadab7ec73736d7b83c39b,287,2026-08-05T11:05:09+00:00,2026-08-04,2026-08-07,6.276880813063879,financial_results_disclosure,8-K:item:2.02,company,sec_edgar,Health Care,0.0,0.0,6.0,1.0,1.0,0.0,0.0,6.0,0.0,0.0,0.0,0.0,0.0,0.0,0.0,0.0,0.0,0.0,0.0,0.0,-0.5065216981899212,-3.4018128599714537,-8.600263589304703,-5.081629281005351,-9.702483019664266,1.5525264685964646,1.7669873586714318,2.390463268236391,-10.162732564785804,0.5887417529765404,1.6794866276841474,9.0,0.672218288603954,0.05877010341521771,5.078518016255473,0.6666666666666666,0.5555555555555556,1.0433086395203803,1.478533164955567,-1.1787399867938753,-8.65903369271992,-14.78100103591974,1.0,0.0,0.2043901600514486,-4.423955994644979,-4.60634561010036,1.4850033911367524,-0.7109118582413698,-4.176307594659724,-5.096137409563906,2026-08-04,0.0,0.9938683143921547,-0.28002559752477646,3.114328638766036,2.6790604726163147,2.582985609636016,3
erl_93d794783784de9263fd278e61ff755f2f7b993bb8a9a54d8c87df441b6a8f93,est_fa3677d74bcd9b5dc7fbf37516878f6dd5dc4c5d47cacdd32f58f06f54fe1f31,evt_065310774349a9af966c4462cd5894863402b0b3a39cf1e0a78ecd7a2feda2af,268,2026-08-06T20:19:03+00:00,2026-08-06,2026-08-11,1.6110078441227582,quarterly_report_disclosure,10-Q,company,sec_edgar,Financials,0.0,0.0,10.0,1.0,1.0,0.0,0.0,10.0,0.0,0.0,0.0,0.0,0.0,0.0,0.0,0.0,0.0,0.0,0.0,0.0,-0.8183950900032433,1.0378780037710866,1.5533651402716897,1.829092314410774,6.209195008933666,0.7017292192738017,1.2815038738287112,2.2060021388857343,-1.8457333903667328,9.378353888862234,0.711937096178358,9.0,0.7600966309531554,0.45344524622705773,3.9628963571576525,0.6666666666666666,0.5555555555555556,1.0547723499802293,1.4406275778799087,-1.5784917209563987,1.099919894044632,2.246298651776013,1.0,0.0,-0.39525691699604515,2.057347265805065,6.329113924050622,1.0145667015183497,-0.42313817300719814,-0.5039821255333754,-0.11991891511695663,2026-08-06,0.0,0.5141952749063692,-0.5904302318422683,0.029592531251546816,1.2952328124448202,1.248623971707292,3
erl_5eb38c95c30cf7805a03bf98517d6b6dd799ad5cf09c6d785cc2ffd533081222,est_8c7fa5c6f86150b0d27a36e12dd02d1120a34c4d8a541e385dea54448bd4f4c7,evt_b95ac70b9cca133e93ec80643093212d0b0736b32717cc6bdd6709949a68f7d1,39,2026-08-13T22:30:20+00:00,2026-08-13,2026-08-18,1.5625987227525284,insider_ownership_disclosure,4,company,sec_edgar,Information Technology,0.0,0.0,1.0,1.0,1.0,0.0,0.0,1.0,0.0,0.0,0.0,0.0,0.0,0.0,0.0,0.0,0.0,0.0,0.0,0.0,0.9958675816790663,-0.9732044069812873,-2.2886571533149547,-8.448544980639461,-8.4018481604474,0.9584170365825357,2.091816289632417,1.2939828607304384,-11.408421140266423,1.7533365885416652,0.7420381465717197,9.0,-0.24997923471011818,1.9113100735077104,4.844575466025769,0.4444444444444444,0.8888888888888888,0.8155931957504986,1.2513573497330028,1.2458468163891845,-4.199967226822665,-13.24642362647317,1.0,0.0,0.9036842339457563,-0.5961630368660376,23.87933116973777,3.7901469546568243,0.09218334773331005,-1.6924941164489171,-32.28117933018517,2026-08-13,0.0,-0.5593731213574215,-0.40022135110310125,-0.9618679019728393,-1.4506788623630285,-1.2725070251062314,3
